{"type": "FeatureCollection", "features": [{"type": "Feature", "id": 118, "geometry": {"type": "Polygon", "coordinates": [[[-83.30447942589781, 48.08374209685542], [-83.3061960265736, 48.08463319688638], [-83.30841102703526, 48.08265479646286], [-83.3067666263879, 48.081800896433236], [-83.30447942589781, 48.08374209685542]]]}, "properties": {"OBJECTID": 118}}, {"type": "Feature", "id": 139, "geometry": {"type": "Polygon", "coordinates": [[[-83.37583273235695, 47.95567397365122], [-83.37512323212768, 47.9556835736944], [-83.37521813233658, 47.95704907389179], [-83.37592673256343, 47.95702317384629], [-83.37583273235695, 47.95567397365122]]]}, "properties": {"OBJECTID": 139}}, {"type": "Feature", "id": 155, "geometry": {"type": "Polygon", "coordinates": [[[-83.63925377868904, 47.65490491325794], [-83.63930547877492, 47.65544101333519], [-83.64068957923892, 47.655572013273314], [-83.64070577917458, 47.655032513191536], [-83.63925377868904, 47.65490491325794]]]}, "properties": {"OBJECTID": 155}}, {"type": "Feature", "id": 158, "geometry": {"type": "Polygon", "coordinates": [[[-83.46895502637372, 47.67619572645348], [-83.46821792610851, 47.6759875264655], [-83.46791432609884, 47.67667722658667], [-83.4682985262327, 47.67675122657528], [-83.46895502637372, 47.67619572645348]]]}, "properties": {"OBJECTID": 158}}, {"type": "Feature", "id": 160, "geometry": {"type": "Polygon", "coordinates": [[[-83.34596919842674, 47.76861194750066], [-83.34474979769271, 47.765981247178274], [-83.34225739697307, 47.76666844742698], [-83.34344759768918, 47.76923344774124], [-83.34596919842674, 47.76861194750066]]]}, "properties": {"OBJECTID": 160}}, {"type": "Feature", "id": 164, "geometry": {"type": "Polygon", "coordinates": [[[-82.44349250774752, 48.57063731896405], [-82.44225060725823, 48.57003111894706], [-82.44052960678371, 48.57073811915057], [-82.43944970658595, 48.57194131938982], [-82.4413667072807, 48.57241671934847], [-82.44350750775375, 48.57064691896459], [-82.44349250774752, 48.57063731896405]]]}, "properties": {"OBJECTID": 164}}, {"type": "Feature", "id": 165, "geometry": {"type": "Polygon", "coordinates": [[[-82.43056110690573, 48.596634323528576], [-82.43023470641813, 48.59375102312454], [-82.42802670554185, 48.59262842308781], [-82.42553480487449, 48.593803023404575], [-82.42813580613183, 48.59683322369834], [-82.43056130690665, 48.59664062352948], [-82.43056110690573, 48.596634323528576]]]}, "properties": {"OBJECTID": 165}}, {"type": "Feature", "id": 169, "geometry": {"type": "Polygon", "coordinates": [[[-83.4592058434995, 47.83329995052285], [-83.45909794299615, 47.8296894499906], [-83.45372844126801, 47.82978635032082], [-83.45388134178724, 47.833407850852055], [-83.4592058434995, 47.83329995052285]]]}, "properties": {"OBJECTID": 169}}, {"type": "Feature", "id": 174, "geometry": {"type": "Polygon", "coordinates": [[[-83.1786452205562, 48.35429584418532], [-83.17860052037932, 48.35307504400863], [-83.17669801975575, 48.353064044119265], [-83.17674331993902, 48.35433184430286], [-83.1786452205562, 48.35429584418532]]]}, "properties": {"OBJECTID": 174}}, {"type": "Feature", "id": 175, "geometry": {"type": "Polygon", "coordinates": [[[-83.35119900072306, 47.77327604789254], [-83.35143520074607, 47.77286044781652], [-83.35080780052297, 47.77270754783038], [-83.35056930049971, 47.77312754790716], [-83.35119900072306, 47.77327604789254]]]}, "properties": {"OBJECTID": 175}}, {"type": "Feature", "id": 504, "geometry": {"type": "Polygon", "coordinates": [[[-83.47860403170779, 47.693398728466555], [-83.48103623246038, 47.69313062828374], [-83.48072533215318, 47.69152542806141], [-83.47770943122417, 47.69188962829291], [-83.47860403170779, 47.693398728466555]]]}, "properties": {"OBJECTID": 504}}, {"type": "Feature", "id": 648, "geometry": {"type": "Polygon", "coordinates": [[[-83.41081437671879, 48.20648280870694], [-83.4107838767072, 48.2064701087069], [-83.40960127624741, 48.2059085086942], [-83.40886037627847, 48.207963009040796], [-83.40724827573288, 48.20781020911383], [-83.40677527590435, 48.21026540950358], [-83.40809547634677, 48.21035770943896], [-83.40843427634401, 48.209504409293146], [-83.40883607648357, 48.20956930927888], [-83.41004917670135, 48.20823120900987], [-83.41027287670202, 48.20768680891644], [-83.41053797674883, 48.20738810885669], [-83.4101332765721, 48.207050108830856], [-83.41028137658816, 48.20680710878633], [-83.41081437671879, 48.20648280870694]]]}, "properties": {"OBJECTID": 648}}, {"type": "Feature", "id": 693, "geometry": {"type": "Polygon", "coordinates": [[[-82.80504946931188, 48.13276233332612], [-82.80467126779095, 48.12197133174473], [-82.77780965906032, 48.12239003336498], [-82.77818226057832, 48.13318123494716], [-82.80504946931188, 48.13276233332612]]]}, "properties": {"OBJECTID": 693}}, {"type": "Feature", "id": 711, "geometry": {"type": "Polygon", "coordinates": [[[-82.37025671169718, 48.01348184056358], [-82.36889451114911, 48.01267934052112], [-82.36580691031442, 48.014074640906344], [-82.36738791095439, 48.01503664096018], [-82.37025671169718, 48.01348184056358]]]}, "properties": {"OBJECTID": 711}}, {"type": "Feature", "id": 911, "geometry": {"type": "Polygon", "coordinates": [[[-83.30665402653844, 48.083228396651286], [-83.3066423265348, 48.083229796652205], [-83.30663102653132, 48.083231096653066], [-83.30662072652845, 48.08323469665422], [-83.30661122652594, 48.08323939665547], [-83.30660312652405, 48.08324519665679], [-83.30659672652291, 48.083252096658214], [-83.30659242652241, 48.08325889665947], [-83.30658942652246, 48.08326679666083], [-83.30658892652335, 48.08327469666198], [-83.30659012652477, 48.08328259666309], [-83.30659382652696, 48.083290396664026], [-83.30659872652946, 48.083296996664714], [-83.30660572653258, 48.0833035966653], [-83.30661442653616, 48.08330909666558], [-83.30662422653991, 48.083313396665645], [-83.30663482654376, 48.08331649666548], [-83.30664622654758, 48.083317396664924], [-83.30665802655152, 48.083318296664395], [-83.30666972655517, 48.08331699666349], [-83.30668102655866, 48.08331559666268], [-83.30669132656158, 48.08331199666151], [-83.30670072656397, 48.08330729666022], [-83.30670892656593, 48.08330149665888], [-83.30671532656713, 48.083294696657504], [-83.30671962656761, 48.083287796656265], [-83.30672262656755, 48.0832798966549], [-83.3067231265667, 48.0832719966537], [-83.30672192656529, 48.08326419665263], [-83.30671822656302, 48.0832563966517], [-83.30671332656058, 48.08324969665095], [-83.3067062265574, 48.0832430966504], [-83.30669762655388, 48.08323769665014], [-83.30668782655007, 48.08323339665007], [-83.30667712654623, 48.0832301966502], [-83.30666582654239, 48.08322929665076], [-83.30665402653844, 48.083228396651286]]]}, "properties": {"OBJECTID": 911}}, {"type": "Feature", "id": 1577, "geometry": {"type": "Polygon", "coordinates": [[[-83.0564489394462, 48.79288891540206], [-83.0593631394532, 48.78589011421512], [-83.05777503804114, 48.779350813362], [-83.05120583594392, 48.77982781382121], [-83.05068283588926, 48.780691813977505], [-83.0506355360793, 48.782204114199466], [-83.0516733366129, 48.78361611434238], [-83.05185593687317, 48.78508831454487], [-83.05284603727745, 48.78566451456956], [-83.05430903800631, 48.78748271474609], [-83.05418723805954, 48.78816871485267], [-83.05250303765489, 48.78926931511218], [-83.05207733782055, 48.79151701546305], [-83.05385823848813, 48.79211511544389], [-83.05374863854048, 48.7927648155445], [-83.0564489394462, 48.79288891540206]]]}, "properties": {"OBJECTID": 1577}}, {"type": "Feature", "id": 1939, "geometry": {"type": "Polygon", "coordinates": [[[-82.41650493613396, 48.851709261596575], [-82.41650493563884, 48.848009261058536], [-82.4097049333477, 48.847709261411204], [-82.40980493356808, 48.849109261608966], [-82.40960493355537, 48.8495092616788], [-82.40910493347013, 48.850109261795126], [-82.4072049330017, 48.851309262080385], [-82.40880493359829, 48.85180926205982], [-82.41210493470412, 48.85190926188205], [-82.41650493613396, 48.851709261596575]]]}, "properties": {"OBJECTID": 1939}}, {"type": "Feature", "id": 2278, "geometry": {"type": "Polygon", "coordinates": [[[-84.91017827463524, 48.29511123067673], [-84.9086966741525, 48.295072730763145], [-84.90867057420674, 48.295522130829845], [-84.90841197416013, 48.29578543088396], [-84.90740267382964, 48.29574743094113], [-84.907266074011, 48.297363831183596], [-84.91009447480883, 48.29654923089006], [-84.91017827463524, 48.29511123067673]]]}, "properties": {"OBJECTID": 2278}}, {"type": "Feature", "id": 2441, "geometry": {"type": "Polygon", "coordinates": [[[-81.99325550305949, 48.906598594100146], [-81.9918866026068, 48.90661529418135], [-81.99204700284723, 48.908028294377964], [-81.99320790322662, 48.907979894304056], [-81.99325550305949, 48.906598594100146]]]}, "properties": {"OBJECTID": 2441}}, {"type": "Feature", "id": 2526, "geometry": {"type": "Polygon", "coordinates": [[[-81.71479063643402, 48.33264282539711], [-81.71416313592069, 48.33022662507248], [-81.70968753459854, 48.33146882550945], [-81.71102743532518, 48.333709825767926], [-81.71479063643402, 48.33264282539711]]]}, "properties": {"OBJECTID": 2526}}, {"type": "Feature", "id": 2550, "geometry": {"type": "Polygon", "coordinates": [[[-81.06263587539524, 48.770826326859414], [-81.05918087443975, 48.77238452728145], [-81.06103777567945, 48.777250327895985], [-81.06706597753877, 48.77604152738235], [-81.06263587539524, 48.770826326859414]]]}, "properties": {"OBJECTID": 2550}}, {"type": "Feature", "id": 2551, "geometry": {"type": "Polygon", "coordinates": [[[-81.80837299649815, 47.7648393347732], [-81.80794799584629, 47.760658434162316], [-81.80322479430232, 47.76070053443194], [-81.8033287948458, 47.76485673505693], [-81.80837299649815, 47.7648393347732]]]}, "properties": {"OBJECTID": 2551}}, {"type": "Feature", "id": 2884, "geometry": {"type": "Polygon", "coordinates": [[[-84.55232554823264, 48.927732943660736], [-84.55333514816272, 48.924956343203334], [-84.55236854783969, 48.924899843255616], [-84.55138924791046, 48.92761404370222], [-84.55232554823264, 48.927732943660736]]]}, "properties": {"OBJECTID": 2884}}, {"type": "Feature", "id": 2893, "geometry": {"type": "Polygon", "coordinates": [[[-84.07242640688962, 48.318206285433035], [-84.07234230680034, 48.317751185371755], [-84.06687730487026, 48.31660378553558], [-84.06625390484785, 48.31792458576602], [-84.07212650690165, 48.319008785568194], [-84.07242640688962, 48.318206285433035]]]}, "properties": {"OBJECTID": 2893}}, {"type": "Feature", "id": 3028, "geometry": {"type": "Polygon", "coordinates": [[[-82.4119305656442, 48.327733484972576], [-82.41187636562758, 48.327742984977135], [-82.41183836561612, 48.32775078498048], [-82.41176616559427, 48.3277655849868], [-82.41170976557723, 48.32777718499182], [-82.41165046555932, 48.327789284997], [-82.41159926554381, 48.32779978500149], [-82.4115264655218, 48.32781468500789], [-82.41136176547205, 48.327848485022415], [-82.4112341654335, 48.32787468503363], [-82.41105986538078, 48.32791038504895], [-82.41090376533357, 48.32794238506266], [-82.41076626529201, 48.32797058507478], [-82.41048246520042, 48.327983785093025], [-82.41000656504677, 48.32800598512375], [-82.40964656493055, 48.328022685146905], [-82.40930446482018, 48.328038685169], [-82.40895916470873, 48.32805478519126], [-82.40876266464527, 48.32806388520391], [-82.40856606458178, 48.3280730852166], [-82.40841706453371, 48.32807998522623], [-82.40795396439341, 48.328172585266636], [-82.40744176423846, 48.328276585311485], [-82.40685316406037, 48.32839618536309], [-82.40654286397724, 48.32854248540261], [-82.40625216389945, 48.32867998543969], [-82.40580706378036, 48.3288903854965], [-82.40531616364898, 48.32912248555914], [-82.40516426360833, 48.32919428557851], [-82.40486976353553, 48.329380285623], [-82.40447056343953, 48.329652385686295], [-82.40412856335718, 48.32988538574046], [-82.40390776330408, 48.330035885775466], [-82.40969826555923, 48.33274568584333], [-82.4097266655403, 48.332527285809356], [-82.40975526552502, 48.33233698577955], [-82.409818765501, 48.33199028572456], [-82.40985386548769, 48.331798585694166], [-82.4099036654689, 48.33152708565106], [-82.40995276545034, 48.33125898560854], [-82.41000526543048, 48.33097198556302], [-82.41004856541407, 48.33073558552551], [-82.41007916540255, 48.3305688854991], [-82.41009376539705, 48.330488985486426], [-82.41022736542072, 48.3303328854556], [-82.41043816545817, 48.33008678540705], [-82.41070006550467, 48.32978088534664], [-82.41083636552888, 48.329621685315196], [-82.41094746554865, 48.32949198528965], [-82.41123466559966, 48.32915658522339], [-82.41137236562409, 48.328995685191686], [-82.41151456564931, 48.32882958515889], [-82.41159996565848, 48.328683285132264], [-82.41169846566866, 48.328511985101244], [-82.41177706567682, 48.328375285076504], [-82.41185286568468, 48.32824358505263], [-82.41190396568997, 48.32815468503649], [-82.41195596569499, 48.328061485019695], [-82.41194386566794, 48.327883284994016], [-82.4119305656442, 48.327733484972576]]]}, "properties": {"OBJECTID": 3028}}, {"type": "Feature", "id": 3118, "geometry": {"type": "Polygon", "coordinates": [[[-81.96878169745212, 48.152607484193545], [-81.97016549785985, 48.15222918405871], [-81.97010329761872, 48.15048138380082], [-81.96562149615261, 48.150554284065095], [-81.9656479964082, 48.15250998435612], [-81.96878169745212, 48.152607484193545]]]}, "properties": {"OBJECTID": 3118}}, {"type": "Feature", "id": 3377, "geometry": {"type": "Polygon", "coordinates": [[[-84.82472590602659, 47.99713459258889], [-84.82566780613243, 47.995693392320064], [-84.82771060638673, 47.99274829176337], [-84.8217501043058, 47.991531191951715], [-84.82187100503204, 47.996567892681554], [-84.82186990503524, 47.99659409268543], [-84.82472590602659, 47.99713459258889]]]}, "properties": {"OBJECTID": 3377}}, {"type": "Feature", "id": 3378, "geometry": {"type": "Polygon", "coordinates": [[[-84.82330820484978, 47.99184939190249], [-84.82695850612417, 47.99259479178715], [-84.82622710540012, 47.9890107913075], [-84.828465505984, 47.98802019102481], [-84.82507580480569, 47.98736469113726], [-84.82330820484978, 47.99184939190249]]]}, "properties": {"OBJECTID": 3378}}, {"type": "Feature", "id": 3407, "geometry": {"type": "Polygon", "coordinates": [[[-85.14474623842285, 48.91160430410857], [-85.14447923843817, 48.912301904224066], [-85.14673803922113, 48.91264990412991], [-85.14849803981286, 48.91279550403879], [-85.149316140081, 48.912815803989766], [-85.14933813998307, 48.91209640388673], [-85.14851963971621, 48.912085603937165], [-85.14689493916994, 48.911951204021264], [-85.14474623842285, 48.91160430410857]]]}, "properties": {"OBJECTID": 3407}}, {"type": "Feature", "id": 3532, "geometry": {"type": "Polygon", "coordinates": [[[-82.45162836386378, 48.21292456565577], [-82.45471796460306, 48.210789165160676], [-82.45267836377943, 48.209591365099925], [-82.4497886630961, 48.21165216557241], [-82.45162836386378, 48.21292456565577]]]}, "properties": {"OBJECTID": 3532}}, {"type": "Feature", "id": 3854, "geometry": {"type": "Polygon", "coordinates": [[[-81.78282295385146, 48.292686015609675], [-81.78479845434609, 48.29144001531248], [-81.78368885363217, 48.288694514965655], [-81.78312385342788, 48.288554414976666], [-81.78253605307945, 48.28733481482793], [-81.78299435303853, 48.28581581457555], [-81.78121275243585, 48.285701914658986], [-81.7811432531781, 48.29174831556452], [-81.78282295385146, 48.292686015609675]]]}, "properties": {"OBJECTID": 3854}}, {"type": "Feature", "id": 3868, "geometry": {"type": "Polygon", "coordinates": [[[-81.44952656583938, 48.468864960557184], [-81.45101246636082, 48.469090360507536], [-81.4510914663562, 48.46884716046699], [-81.45144356647859, 48.46889076045372], [-81.45137806648762, 48.46913386049354], [-81.45462286756631, 48.469151660314516], [-81.45466266707935, 48.465200759725114], [-81.44948846536464, 48.46521416001673], [-81.44952656583938, 48.468864960557184]]]}, "properties": {"OBJECTID": 3868}}, {"type": "Feature", "id": 3890, "geometry": {"type": "Polygon", "coordinates": [[[-81.73503926326487, 48.49079764774965], [-81.73541056339442, 48.4908492477363], [-81.73585876355628, 48.490954347726515], [-81.736244663701, 48.49108684772433], [-81.73657176382868, 48.491237647728134], [-81.73673156389235, 48.491322147731644], [-81.73705926402594, 48.491517947742096], [-81.73734416414884, 48.49174104775905], [-81.73757046425412, 48.49197794778136], [-81.73774046432527, 48.49209384778889], [-81.73779956435054, 48.492138447792165], [-81.73811606448618, 48.492379347809944], [-81.73827076455167, 48.49249084781772], [-81.73840516460295, 48.492543947817985], [-81.73874046473503, 48.49270824782336], [-81.73907456486386, 48.49285004782548], [-81.73921436491923, 48.49292104782806], [-81.73945986501755, 48.49305444783399], [-81.73947736502451, 48.49306334783426], [-81.73972346512369, 48.49320124784081], [-81.73980526515585, 48.493241147842085], [-81.74049536544254, 48.49369554787038], [-81.74043846492347, 48.48978694729465], [-81.73502516313526, 48.48982164760583], [-81.73503926326487, 48.49079764774965]]]}, "properties": {"OBJECTID": 3890}}, {"type": "Feature", "id": 3892, "geometry": {"type": "Polygon", "coordinates": [[[-81.74717906474272, 48.47092684411882], [-81.74603356404934, 48.468469243819335], [-81.74612336391795, 48.46720914362743], [-81.74849796429956, 48.4640449430241], [-81.74939186448783, 48.46320244284868], [-81.74946476432216, 48.46171754262436], [-81.7501334644774, 48.4612003425099], [-81.75008506439364, 48.46066994243398], [-81.74862366390533, 48.46063444251135], [-81.74876316398819, 48.46092144254599], [-81.74793146377336, 48.461394642663215], [-81.74784236379226, 48.461773042724325], [-81.74767366379862, 48.46226004280609], [-81.74686186364669, 48.463173942987474], [-81.7455604631917, 48.46298444303292], [-81.74568886317431, 48.46251574295618], [-81.74487606289443, 48.46243104298955], [-81.74412006301272, 48.465314843459836], [-81.74187706276761, 48.46920684416361], [-81.74172996285245, 48.47025144432677], [-81.74185206301466, 48.47120424446109], [-81.74717906474272, 48.47092684411882]]]}, "properties": {"OBJECTID": 3892}}, {"type": "Feature", "id": 3898, "geometry": {"type": "Polygon", "coordinates": [[[-81.43929277068752, 47.726864549433394], [-81.43904377063839, 47.72713534948837], [-81.4405985712276, 47.72778174950138], [-81.4411812713422, 47.72714514937228], [-81.44103187128499, 47.727078249370265], [-81.44089847124009, 47.72706974937632], [-81.44072497118101, 47.72705244938326], [-81.4405381711186, 47.72704414939222], [-81.44040487107483, 47.72704464939962], [-81.44019137100257, 47.7270275494088], [-81.44001777094232, 47.727001149414285], [-81.4398575708876, 47.726983849420506], [-81.43967077082411, 47.72696654942812], [-81.43951057076931, 47.726949149434276], [-81.43935017071124, 47.726904749436365], [-81.43929277068752, 47.726864549433394]]]}, "properties": {"OBJECTID": 3898}}, {"type": "Feature", "id": 3912, "geometry": {"type": "Polygon", "coordinates": [[[-80.89235389736406, 48.60299721143416], [-80.89132729670148, 48.60044131111085], [-80.88827549568299, 48.60043841127856], [-80.8879843956517, 48.60096441137275], [-80.88554279483681, 48.60096201150691], [-80.88553849507531, 48.602878111791895], [-80.89227849733888, 48.60299711143834], [-80.89235389736406, 48.60299721143416]]]}, "properties": {"OBJECTID": 3912}}, {"type": "Feature", "id": 3926, "geometry": {"type": "Polygon", "coordinates": [[[-82.4249640724484, 47.5569703685763], [-82.42149637143187, 47.55788436891143], [-82.4212673715263, 47.559253369132485], [-82.41942447090847, 47.55911076921505], [-82.41932887102794, 47.56033076940588], [-82.42154997185115, 47.56113896940307], [-82.423065972162, 47.559657669092154], [-82.42506537295743, 47.56082546915654], [-82.4249640724484, 47.5569703685763]]]}, "properties": {"OBJECTID": 3926}}, {"type": "Feature", "id": 3928, "geometry": {"type": "Polygon", "coordinates": [[[-82.60437871514232, 48.22193875818835], [-82.5979308125342, 48.2181230579948], [-82.59750481256677, 48.21945405821693], [-82.59906651356472, 48.22320895868384], [-82.60113971409017, 48.222015858387], [-82.60437871514232, 48.22193875818835]]]}, "properties": {"OBJECTID": 3928}}, {"type": "Feature", "id": 3929, "geometry": {"type": "Polygon", "coordinates": [[[-82.58975622849624, 48.361615879710314], [-82.58424332664568, 48.361313879985175], [-82.58285842630086, 48.36215838019015], [-82.58413972715209, 48.36545588060284], [-82.58755262821505, 48.365008680339], [-82.58975622849624, 48.361615879710314]]]}, "properties": {"OBJECTID": 3929}}, {"type": "Feature", "id": 4016, "geometry": {"type": "Polygon", "coordinates": [[[-81.72159197740856, 48.63553996989988], [-81.7299512801661, 48.635415269407524], [-81.73168157958571, 48.62647096799084], [-81.72540847747491, 48.62624076831253], [-81.72474697740921, 48.627432468525754], [-81.72126697632476, 48.62797606880321], [-81.72159197740856, 48.63553996989988]]]}, "properties": {"OBJECTID": 4016}}, {"type": "Feature", "id": 4019, "geometry": {"type": "Polygon", "coordinates": [[[-81.01971223885272, 48.5951836032421], [-81.01972303796062, 48.58805850218331], [-81.01430473615271, 48.58804130248043], [-81.01421143701488, 48.59514840354122], [-81.01971223885272, 48.5951836032421]]]}, "properties": {"OBJECTID": 4019}}, {"type": "Feature", "id": 4125, "geometry": {"type": "Polygon", "coordinates": [[[-81.06461360962274, 48.24036634776073], [-81.06446240931444, 48.238270247454004], [-81.06219140856575, 48.23830744758443], [-81.06217420881714, 48.24039474789904], [-81.06461360962274, 48.24036634776073]]]}, "properties": {"OBJECTID": 4125}}, {"type": "Feature", "id": 4126, "geometry": {"type": "Polygon", "coordinates": [[[-81.75074796527649, 48.46586114316615], [-81.75029136571177, 48.47044784387189], [-81.75398626692949, 48.4704056436567], [-81.75314616604474, 48.46566104300094], [-81.75074796527649, 48.46586114316615]]]}, "properties": {"OBJECTID": 4126}}, {"type": "Feature", "id": 4129, "geometry": {"type": "Polygon", "coordinates": [[[-81.32191930896639, 48.35324335044871], [-81.32535920979944, 48.350786549890486], [-81.32586640985483, 48.34988544972773], [-81.32271860875379, 48.34942644983413], [-81.31992890818216, 48.35225025041106], [-81.32191930896639, 48.35324335044871]]]}, "properties": {"OBJECTID": 4129}}, {"type": "Feature", "id": 4157, "geometry": {"type": "Polygon", "coordinates": [[[-81.54425215994013, 48.17228991098087], [-81.54392435945635, 48.169277510547175], [-81.53889435779806, 48.169301210831264], [-81.53892595818408, 48.17231501128163], [-81.54425215994013, 48.17228991098087]]]}, "properties": {"OBJECTID": 4157}}, {"type": "Feature", "id": 4168, "geometry": {"type": "Polygon", "coordinates": [[[-81.62463264298839, 48.61814107282075], [-81.62425364188267, 48.61051427171615], [-81.61979944035755, 48.61015147191414], [-81.62191864208472, 48.6181197729709], [-81.62463264298839, 48.61814107282075]]]}, "properties": {"OBJECTID": 4168}}, {"type": "Feature", "id": 4195, "geometry": {"type": "Polygon", "coordinates": [[[-81.63430714612588, 48.61756547218916], [-81.6343387457859, 48.61483877178489], [-81.63253454518839, 48.61484967188844], [-81.63259504555876, 48.617574872287314], [-81.63430714612588, 48.61756547218916]]]}, "properties": {"OBJECTID": 4195}}, {"type": "Feature", "id": 4196, "geometry": {"type": "Polygon", "coordinates": [[[-81.43862705669376, 48.42510475465828], [-81.44316095815255, 48.42475165435227], [-81.44537525836037, 48.42058055360758], [-81.44050235654795, 48.4190204536477], [-81.43800025630632, 48.42368115448145], [-81.43862705669376, 48.42510475465828]]]}, "properties": {"OBJECTID": 4196}}, {"type": "Feature", "id": 4404, "geometry": {"type": "Polygon", "coordinates": [[[-82.88495079511235, 48.88244823853444], [-82.87868199304573, 48.88246403890781], [-82.87883429395885, 48.888802939815434], [-82.8850208959941, 48.88875533944228], [-82.88495079511235, 48.88244823853444]]]}, "properties": {"OBJECTID": 4404}}, {"type": "Feature", "id": 4414, "geometry": {"type": "Polygon", "coordinates": [[[-82.11332933582396, 48.080032265147686], [-82.1108284347901, 48.07835146503781], [-82.10708623388611, 48.08092936563605], [-82.11023023517767, 48.08297736576447], [-82.11038353518185, 48.082611465700964], [-82.11061053521921, 48.08231686564395], [-82.11094623529273, 48.08202576558136], [-82.11129883538031, 48.081801865527865], [-82.11177373549373, 48.081464365450394], [-82.11232523562936, 48.08110366536507], [-82.11260033569157, 48.080880565316086], [-82.11286013575052, 48.08067116526998], [-82.11316363580666, 48.08032626520111], [-82.11332933582396, 48.080032265147686]]]}, "properties": {"OBJECTID": 4414}}, {"type": "Feature", "id": 4416, "geometry": {"type": "Polygon", "coordinates": [[[-81.37853177966129, 48.762185107922136], [-81.36772347606214, 48.7622004085318], [-81.36785527702814, 48.76937150957992], [-81.37865688062746, 48.76937160897274], [-81.37853177966129, 48.762185107922136]]]}, "properties": {"OBJECTID": 4416}}, {"type": "Feature", "id": 4417, "geometry": {"type": "Polygon", "coordinates": [[[-82.06491913211603, 48.17649978231917], [-82.06444273167801, 48.174281882014995], [-82.06340903135052, 48.17438148208851], [-82.0638188317713, 48.17663598240192], [-82.06491913211603, 48.17649978231917]]]}, "properties": {"OBJECTID": 4417}}, {"type": "Feature", "id": 4468, "geometry": {"type": "Polygon", "coordinates": [[[-81.73674296270852, 47.680495725934044], [-81.74167646389658, 47.67696832512305], [-81.7390787627959, 47.67492002495528], [-81.73764266238113, 47.67538042510503], [-81.73654626209378, 47.67597282525611], [-81.73570586189851, 47.676632425403234], [-81.73516976179022, 47.67718682551741], [-81.73470306171718, 47.677844125643425], [-81.7351127618983, 47.67822912567931], [-81.73551546208947, 47.678715225731], [-81.73587726227989, 47.67930552580081], [-81.73611646241307, 47.67975552585608], [-81.7364118625637, 47.68019742590699], [-81.73674296270852, 47.680495725934044]]]}, "properties": {"OBJECTID": 4468}}, {"type": "Feature", "id": 4470, "geometry": {"type": "Polygon", "coordinates": [[[-81.75331015007454, 48.33981932429587], [-81.75470275032596, 48.33817282397221], [-81.75235654944981, 48.33737842398617], [-81.75024154892722, 48.338768724312445], [-81.75331015007454, 48.33981932429587]]]}, "properties": {"OBJECTID": 4470}}, {"type": "Feature", "id": 4596, "geometry": {"type": "Polygon", "coordinates": [[[-82.53380948654107, 48.93776586722606], [-82.53376658642469, 48.937009267119045], [-82.53356468631951, 48.93672566708983], [-82.53306848609134, 48.93625266705041], [-82.53260308588709, 48.93588136702395], [-82.53188928552837, 48.9349747669345], [-82.52909098508951, 48.938586767621516], [-82.53173218616176, 48.94005016767863], [-82.53380948654107, 48.93776586722606]]]}, "properties": {"OBJECTID": 4596}}, {"type": "Feature", "id": 4633, "geometry": {"type": "Polygon", "coordinates": [[[-84.53991696571448, 48.37156816463715], [-84.53900206527636, 48.370542964544896], [-84.53810946472872, 48.36867566432931], [-84.5380398645955, 48.36787666421777], [-84.53669706422238, 48.36831926436451], [-84.53568486389543, 48.36832306442735], [-84.53451976346905, 48.36796626444735], [-84.53306216299819, 48.36797176453782], [-84.53313486318733, 48.36916676470652], [-84.53183696329998, 48.37300956534322], [-84.53318696391278, 48.374279065444064], [-84.53435836434852, 48.37468846543133], [-84.53576826472856, 48.37413916526494], [-84.53661926483286, 48.37290526503382], [-84.53991696571448, 48.37156816463715]]]}, "properties": {"OBJECTID": 4633}}, {"type": "Feature", "id": 4643, "geometry": {"type": "Polygon", "coordinates": [[[-84.80557789894311, 47.99030679276652], [-84.80658289935326, 47.99094679279851], [-84.80717499962236, 47.99152499284678], [-84.80817430000617, 47.99198499285268], [-84.8088019002156, 47.99204199282248], [-84.8104896008052, 47.99238909276957], [-84.81141240102184, 47.99180379262714], [-84.81135760096483, 47.99151479258819], [-84.81127070091455, 47.99135119256958], [-84.81096730077367, 47.991033092541635], [-84.81066370064553, 47.990808792527496], [-84.80839499975488, 47.98962279249326], [-84.80808189958356, 47.9891038924365], [-84.80557789894311, 47.99030679276652]]]}, "properties": {"OBJECTID": 4643}}, {"type": "Feature", "id": 4661, "geometry": {"type": "Polygon", "coordinates": [[[-82.10350759910814, 48.598417342651814], [-82.10349859910377, 48.598406942650776], [-82.10342869906786, 48.59830864264034], [-82.10337289904005, 48.59823724263302], [-82.10333059901677, 48.598165642624956], [-82.1032753989927, 48.59812114262158], [-82.10320559895796, 48.598031842612436], [-82.10313609892451, 48.59795154260458], [-82.10308039889793, 48.597889142598596], [-82.10303859887716, 48.5978355425931], [-82.10298319885186, 48.597782142588414], [-82.10292749882527, 48.597719642582454], [-82.10287169879753, 48.59764824257513], [-82.10281589876979, 48.59757684256786], [-82.10276009874195, 48.5975053425605], [-82.10271749871625, 48.597415842549786], [-82.10266129868594, 48.59732634253982], [-82.10261859866017, 48.59723684252912], [-82.10257619863566, 48.5971562425197], [-82.10253359860987, 48.59706674250898], [-82.10249069858286, 48.596968142496934], [-82.1024480985571, 48.59687854248621], [-82.10241899853578, 48.59678894247468], [-82.10237639850999, 48.596699342463985], [-82.10234789849241, 48.59663664245639], [-82.10231919847354, 48.59656494244745], [-82.10229069845596, 48.596502242439854], [-82.10224749842648, 48.59638574242522], [-82.10221859840638, 48.59630504241498], [-82.1022032983908, 48.596224142403955], [-82.10217459837193, 48.59615244239509], [-82.1021594983576, 48.596080642385374], [-82.10211759833676, 48.59602704237991], [-82.10208869831669, 48.5959464423697], [-82.10206019829909, 48.59588364236208], [-82.1020317982815, 48.595820942354486], [-82.10198969825946, 48.59575844234767], [-82.10193429823414, 48.59570494234301], [-82.10186449819942, 48.59561564233387], [-82.10179519816721, 48.59554434232735], [-82.10173979814192, 48.595490942322726], [-82.10168449811783, 48.59544644231936], [-82.10162909809256, 48.59539304231465], [-82.10155979806032, 48.59532174230813], [-82.10147679802364, 48.59525054230238], [-82.10140769799264, 48.59518824229722], [-82.10133849796163, 48.59512584229203], [-82.10128269793384, 48.595054442284685], [-82.10121309790038, 48.59497414227689], [-82.10115709787135, 48.594893742268276], [-82.10111529785058, 48.59484014226278], [-82.1010598978253, 48.59478664225804], [-82.10101739780072, 48.59470614224868], [-82.10094749776476, 48.59460784223823], [-82.10090489773903, 48.594518242227466], [-82.10082169770106, 48.59443814222046], [-82.10078009768147, 48.59439354221627], [-82.10071049764802, 48.59431324220845], [-82.1006546976202, 48.59424174220115], [-82.10059929759497, 48.59418834219647], [-82.10054389756966, 48.59413484219179], [-82.10050199754879, 48.59408134218628], [-82.10046019752802, 48.594027742180785], [-82.10040439750027, 48.593956242173476], [-82.10034859747246, 48.593884842166204], [-82.10032029745611, 48.593831142159914], [-82.10027809743283, 48.59375954215178], [-82.10023579740951, 48.5936880421437], [-82.10019399738873, 48.59363444213821], [-82.10015189736662, 48.59357184213144], [-82.10010969734334, 48.593500242123305], [-82.10008119732575, 48.593437542115716], [-82.10005229730565, 48.593356842105486], [-82.10003719729131, 48.59328504209579], [-82.10000869727372, 48.59322234208819], [-82.09997979725364, 48.59314164207796], [-82.09995139723605, 48.59307894207037], [-82.09993599722044, 48.59299814205938], [-82.09990739720162, 48.592926442050505], [-82.09989259718972, 48.5928725420434], [-82.09989129718109, 48.59280964203422], [-82.09987629716792, 48.59274684202583], [-82.09987519716057, 48.592692842017975], [-82.09987319714818, 48.59260284200484], [-82.09985749713012, 48.59250404199117], [-82.09985609712143, 48.59244114198201], [-82.09985379710656, 48.59233314196622], [-82.09986559709994, 48.59225204195363], [-82.09986399709003, 48.592180141943174], [-82.09984889707569, 48.59210834193347], [-82.09984729706576, 48.59203634192293], [-82.0998459970571, 48.59197334191377], [-82.09983089704278, 48.59190154190407], [-82.09982949703412, 48.59183854189489], [-82.09981459702101, 48.59177574188645], [-82.09979939700662, 48.59170394187676], [-82.09979769699547, 48.591622941864976], [-82.09976779696926, 48.59149734184823], [-82.09975269695485, 48.591425441838496], [-82.09974199694254, 48.59135784182914], [-82.09968649691098, 48.59125674181745], [-82.0924459945255, 48.59132574224279], [-82.09260119551455, 48.598521343292674], [-82.10350759910814, 48.598417342651814]]]}, "properties": {"OBJECTID": 4661}}, {"type": "Feature", "id": 4662, "geometry": {"type": "Polygon", "coordinates": [[[-82.10642470122225, 48.60722874378044], [-82.10653640120965, 48.60684924371823], [-82.10653400120381, 48.60681074371267], [-82.10617510104724, 48.60652044369057], [-82.10326709977308, 48.60412604350532], [-82.09396099848186, 48.61782304605332], [-82.09724520044234, 48.624517646848986], [-82.09666520059429, 48.627150647269254], [-82.09925120144723, 48.627130247117876], [-82.09918780129038, 48.62608974696854], [-82.09919840127777, 48.62596644694981], [-82.09919710127713, 48.62596484694964], [-82.09918530124618, 48.62575764691988], [-82.09917810121094, 48.62550624688333], [-82.09919150119782, 48.62537184686282], [-82.09923500119368, 48.625229846839474], [-82.09924050119511, 48.6252269468387], [-82.0992404011942, 48.62521994683769], [-82.09925090119592, 48.62520674683516], [-82.09924960119493, 48.625202546834615], [-82.0993197012023, 48.62508134681276], [-82.09943000122419, 48.62496934678997], [-82.09943800122674, 48.62496884678943], [-82.09949320123587, 48.62489874677595], [-82.09960130126142, 48.62482064675827], [-82.09965800127101, 48.624750246744696], [-82.09977950129812, 48.62465024672301], [-82.09990430132449, 48.62453574669902], [-82.10004710135613, 48.62441624667327], [-82.10022550139443, 48.62425784663976], [-82.10023070139478, 48.62424704663785], [-82.10030730141283, 48.62419124662527], [-82.10030760141235, 48.62418714662464], [-82.10042880143784, 48.62407504660124], [-82.10055390146584, 48.62397264657899], [-82.10071850149622, 48.62378824654243], [-82.10071870149442, 48.62377394654033], [-82.10077340148925, 48.623595746511015], [-82.1007863014643, 48.62337194647738], [-82.1007903013826, 48.622736246383674], [-82.10076720123664, 48.621677046229316], [-82.10075840118071, 48.62127094617018], [-82.10074350117415, 48.62125844616915], [-82.10075340105554, 48.620324946031396], [-82.10074710105177, 48.62031184602979], [-82.1007282009321, 48.619443145903226], [-82.10074040092874, 48.619386845894205], [-82.1007344008909, 48.61911204585416], [-82.1007650008709, 48.618881245818464], [-82.10076890087193, 48.61887904581795], [-82.1007692008685, 48.61885194581392], [-82.1007743008668, 48.618826445809894], [-82.1007674008634, 48.618817645809], [-82.10077480085985, 48.618771845801845], [-82.10078350085205, 48.618689945789306], [-82.10084620083771, 48.61842124574622], [-82.10088500083026, 48.61826604572118], [-82.10088750083099, 48.61826484572082], [-82.10096940080501, 48.61785834565635], [-82.1009760008041, 48.617834545652535], [-82.10097440080227, 48.61782484565117], [-82.10099630078955, 48.61767194562745], [-82.10102620078705, 48.617576945611724], [-82.10110090078602, 48.617380045578514], [-82.10110160078625, 48.61737964557844], [-82.10111850078384, 48.61731844556845], [-82.10112630078525, 48.61730954556669], [-82.10115330078484, 48.61723804555465], [-82.1011707007764, 48.617129445537685], [-82.10117310077528, 48.61711444553534], [-82.10118060077475, 48.617091545531544], [-82.10119280077271, 48.61704484552396], [-82.10119030077057, 48.61703484552265], [-82.10119850076858, 48.616999045516884], [-82.10121840076324, 48.61690744550231], [-82.10122740075978, 48.61685834549456], [-82.10127380076129, 48.61675204547625], [-82.10127500076163, 48.616751745476186], [-82.10128370076036, 48.61672014547102], [-82.10128750076149, 48.616719145470675], [-82.10134130076166, 48.616583845447686], [-82.10140150076286, 48.61644084542318], [-82.10143540076074, 48.61633854540621], [-82.10149230075844, 48.61617664537911], [-82.10152430075716, 48.61608554536394], [-82.1015326007568, 48.61606184535997], [-82.10153010075568, 48.616059645359755], [-82.10158140075556, 48.61592864533755], [-82.10159390075718, 48.615909645334085], [-82.10159380075682, 48.61590684533367], [-82.1016862007669, 48.61575024530533], [-82.10184240078402, 48.61548554525743], [-82.10188150078852, 48.61542064524569], [-82.1019443007987, 48.61533974523017], [-82.10202440081109, 48.61523124520961], [-82.10209310082168, 48.615138345192044], [-82.10209600082251, 48.61513764519174], [-82.10209720082231, 48.61513274519098], [-82.10213860082816, 48.61507264517971], [-82.10217390083378, 48.61502644517091], [-82.10225830084725, 48.61491594514981], [-82.10232800086017, 48.61483784513433], [-82.10244440088165, 48.61470774510855], [-82.10257390090564, 48.61456314507988], [-82.10271590093188, 48.61440454504838], [-82.10275630093935, 48.61435934503943], [-82.10275840093978, 48.61435714503901], [-82.10278430094458, 48.61432814503321], [-82.10281260094888, 48.614289445025896], [-82.10281170094835, 48.61428794502573], [-82.10283020095193, 48.614268245021776], [-82.10283050095147, 48.614264045021145], [-82.10336710102895, 48.61349784487773], [-82.10337320103119, 48.61349944487757], [-82.10337330103084, 48.61349634487716], [-82.10350880105032, 48.613302344840825], [-82.10363510107382, 48.61316234481302], [-82.10370200108693, 48.613092844798956], [-82.10373550109195, 48.61304674479023], [-82.10373750109245, 48.613045644789956], [-82.10383880111175, 48.61293684476818], [-82.1039182011269, 48.612851644751096], [-82.10415560115062, 48.6124316446757], [-82.10421260115719, 48.612337244658576], [-82.10420910115599, 48.612336844658685], [-82.1042235011602, 48.612332744657245], [-82.10429580116862, 48.612214044635664], [-82.10483920124234, 48.611401744485036], [-82.10489370124877, 48.61131274446881], [-82.10491280124661, 48.61124794445817], [-82.10490900124525, 48.61124704445829], [-82.10491580124666, 48.61124074445697], [-82.10514160124922, 48.61068794436276], [-82.1051738012084, 48.610293444302876], [-82.105404401193, 48.609590944186365], [-82.10548890118707, 48.609331644143346], [-82.10559240118249, 48.60903394409364], [-82.10565140118554, 48.60890754407169], [-82.1057156011888, 48.608769944047744], [-82.10579520119288, 48.608599344018096], [-82.10588210119896, 48.60842584398757], [-82.10604610122147, 48.608182743942436], [-82.10610600122027, 48.608021743915344], [-82.10617000122228, 48.607874843890066], [-82.10628800123244, 48.60765384385077], [-82.10634030123812, 48.607564343834625], [-82.10640820122457, 48.60728844379018], [-82.10640130122155, 48.607283043789764], [-82.10642470122225, 48.60722874378044]]]}, "properties": {"OBJECTID": 4662}}, {"type": "Feature", "id": 4695, "geometry": {"type": "Polygon", "coordinates": [[[-83.4540034424538, 47.83824095156587], [-83.45157404154932, 47.83734055157439], [-83.45074104158704, 47.83971315197728], [-83.45002354140222, 47.84008185207449], [-83.45048384172347, 47.8414074522451], [-83.45352054250883, 47.83987185183752], [-83.45351714246534, 47.83954495178896], [-83.4535187424608, 47.839506251783085], [-83.45342744235458, 47.838915451700345], [-83.4540034424538, 47.83824095156587]]]}, "properties": {"OBJECTID": 4695}}, {"type": "Feature", "id": 4717, "geometry": {"type": "Polygon", "coordinates": [[[-81.70623313321903, 48.32959122542411], [-81.7068755337171, 48.331848625724334], [-81.71260173541648, 48.33032072517441], [-81.70882723396383, 48.3287009251455], [-81.70623313321903, 48.32959122542411]]]}, "properties": {"OBJECTID": 4717}}, {"type": "Feature", "id": 4728, "geometry": {"type": "Polygon", "coordinates": [[[-81.0198283325798, 48.544908195763306], [-81.01985673346788, 48.55191649680416], [-81.03064203704409, 48.55178599618853], [-81.03070943619959, 48.54487369515674], [-81.0198283325798, 48.544908195763306]]]}, "properties": {"OBJECTID": 4728}}, {"type": "Feature", "id": 4868, "geometry": {"type": "Polygon", "coordinates": [[[-80.95379996451015, 48.17224204358171], [-80.95529086499866, 48.17219314349287], [-80.95493406446032, 48.16875614299414], [-80.95255966369142, 48.168908143146886], [-80.95379996451015, 48.17224204358171]]]}, "properties": {"OBJECTID": 4868}}, {"type": "Feature", "id": 4931, "geometry": {"type": "Polygon", "coordinates": [[[-81.57441082212466, 48.585458070826], [-81.57433402123087, 48.57867516982736], [-81.56625381855396, 48.57871517028852], [-81.56625571873073, 48.58009167049198], [-81.5634649179868, 48.58151777086011], [-81.56350931851264, 48.58551187144827], [-81.57441082212466, 48.585458070826]]]}, "properties": {"OBJECTID": 4931}}, {"type": "Feature", "id": 4932, "geometry": {"type": "Polygon", "coordinates": [[[-81.60273453193366, 48.58864186969962], [-81.60430723230584, 48.58747316943816], [-81.60263363168923, 48.58699606946206], [-81.60130033090637, 48.58434016914464], [-81.59669692945312, 48.584921869490266], [-81.59672552977383, 48.587350769847745], [-81.59814993040017, 48.5885488699445], [-81.60273453193366, 48.58864186969962]]]}, "properties": {"OBJECTID": 4932}}, {"type": "Feature", "id": 4933, "geometry": {"type": "Polygon", "coordinates": [[[-80.8567332786788, 48.54854930529354], [-80.85674327823861, 48.544991304763016], [-80.85060597617817, 48.54488000508371], [-80.85059517663089, 48.548541505629686], [-80.8567332786788, 48.54854930529354]]]}, "properties": {"OBJECTID": 4933}}, {"type": "Feature", "id": 4934, "geometry": {"type": "Polygon", "coordinates": [[[-82.24880636978139, 47.996799744981665], [-82.2506663702343, 47.995555844689385], [-82.24875706943723, 47.994199944594506], [-82.24571596865998, 47.995942545028754], [-82.24880636978139, 47.996799744981665]]]}, "properties": {"OBJECTID": 4934}}, {"type": "Feature", "id": 4938, "geometry": {"type": "Polygon", "coordinates": [[[-80.93855357144616, 48.27013395915079], [-80.94096707211301, 48.26903765885389], [-80.94001137168831, 48.26816445877498], [-80.93770577105072, 48.26920685905795], [-80.93855357144616, 48.27013395915079]]]}, "properties": {"OBJECTID": 4938}}, {"type": "Feature", "id": 4941, "geometry": {"type": "Polygon", "coordinates": [[[-81.56083941481761, 47.761394147988874], [-81.56094301483516, 47.76125864796252], [-81.56103431484104, 47.76106024792732], [-81.56108541483265, 47.76085304789293], [-81.5610957148196, 47.760718047871826], [-81.56109661481118, 47.760646047860845], [-81.56107991476853, 47.76034024781529], [-81.56105051472822, 47.76008844777859], [-81.56107481470886, 47.759863347743], [-81.56117771469884, 47.7595029476825], [-81.56124211469371, 47.75928674764605], [-81.5613599147072, 47.75907924760799], [-81.5614781147241, 47.75889864757395], [-81.56151631471585, 47.75872754754584], [-81.56155251468502, 47.758376447490434], [-81.56158981466666, 47.75812434744999], [-81.56162791465727, 47.757944247420475], [-81.5617103146635, 47.75777284738985], [-81.55922661374183, 47.75690324739487], [-81.55893251378971, 47.75809234759202], [-81.55700521339386, 47.76004514799558], [-81.56083941481761, 47.761394147988874]]]}, "properties": {"OBJECTID": 4941}}, {"type": "Feature", "id": 5022, "geometry": {"type": "Polygon", "coordinates": [[[-84.80181319692129, 47.98434949212548], [-84.80190639696616, 47.98445869213575], [-84.80337829736365, 47.983905891964376], [-84.80437549765766, 47.98371229187472], [-84.80521459794095, 47.9838127918379], [-84.80589009818728, 47.984027791827856], [-84.80673459847836, 47.98417319179727], [-84.80921289932773, 47.98456319170213], [-84.81302600101915, 47.987983591968636], [-84.81625430189368, 47.986791491595625], [-84.8143276010391, 47.985063391461026], [-84.81594490149014, 47.9845612912881], [-84.81656700165865, 47.98433159121625], [-84.81816190206949, 47.98358699100915], [-84.81593820117068, 47.98223409094775], [-84.8138949007001, 47.98359699127287], [-84.81257310015371, 47.98270369122329], [-84.80928469933939, 47.9844793916854], [-84.80747349869323, 47.984007991727694], [-84.80653199837839, 47.98391699177223], [-84.80537449794235, 47.98344649177442], [-84.80438389759782, 47.98325339180702], [-84.80395739746476, 47.98328249183744], [-84.80181429692111, 47.98434539212481], [-84.80181319692129, 47.98434949212548]]]}, "properties": {"OBJECTID": 5022}}, {"type": "Feature", "id": 5042, "geometry": {"type": "Polygon", "coordinates": [[[-84.81267849376403, 47.935518984301055], [-84.81279619394031, 47.93653798444329], [-84.81417539438307, 47.936537284358536], [-84.81448289439692, 47.935913284248116], [-84.81379019416295, 47.935828084278135], [-84.81341469400108, 47.93552398425658], [-84.81267849376403, 47.935518984301055]]]}, "properties": {"OBJECTID": 5042}}, {"type": "Feature", "id": 5045, "geometry": {"type": "Polygon", "coordinates": [[[-84.83194641313048, 48.03213479726393], [-84.83029711237945, 48.03051999712945], [-84.82984561221966, 48.03041249714151], [-84.82883911180983, 48.02978159711122], [-84.82785331147075, 48.02961899714817], [-84.82591951076921, 48.02903359718158], [-84.82532151064558, 48.02953509729168], [-84.82512401070099, 48.03040419743094], [-84.82659461118976, 48.03052199735765], [-84.82641711127381, 48.031553397519325], [-84.82812531185193, 48.0317656974452], [-84.8286763122003, 48.03301779759429], [-84.82858361234143, 48.034266697782584], [-84.82938181261972, 48.03442579775669], [-84.83007591276706, 48.03387199763299], [-84.83070811296446, 48.033829997587986], [-84.83194641313048, 48.03213479726393]]]}, "properties": {"OBJECTID": 5045}}, {"type": "Feature", "id": 5046, "geometry": {"type": "Polygon", "coordinates": [[[-84.81627669519035, 47.93751308437264], [-84.8163919954173, 47.93890988457046], [-84.81817569598111, 47.938844884451385], [-84.81810049576715, 47.937448784251266], [-84.81627669519035, 47.93751308437264]]]}, "properties": {"OBJECTID": 5046}}, {"type": "Feature", "id": 5203, "geometry": {"type": "Polygon", "coordinates": [[[-85.09655142478634, 48.92523480908984], [-85.09559642452763, 48.92558430919975], [-85.09523142444833, 48.925851909260665], [-85.09770772545788, 48.92726610930348], [-85.09995922608687, 48.92657250906285], [-85.09865722539706, 48.92473960888645], [-85.09725762484918, 48.92409590888419], [-85.09641032463406, 48.924504708995656], [-85.09655142478634, 48.92523480908984]]]}, "properties": {"OBJECTID": 5203}}, {"type": "Feature", "id": 5236, "geometry": {"type": "Polygon", "coordinates": [[[-80.86982657350862, 47.64557706799581], [-80.86892347309934, 47.64463126789924], [-80.86774017263367, 47.643991067864626], [-80.86660527240264, 47.645204468112105], [-80.86841137322118, 47.64709606830535], [-80.86982657350862, 47.64557706799581]]]}, "properties": {"OBJECTID": 5236}}, {"type": "Feature", "id": 5268, "geometry": {"type": "Polygon", "coordinates": [[[-85.08356031787707, 48.90674600729996], [-85.08416651803823, 48.906503107227245], [-85.0835106177258, 48.90581880717204], [-85.0827411175212, 48.90612710726439], [-85.08356031787707, 48.90674600729996]]]}, "properties": {"OBJECTID": 5268}}, {"type": "Feature", "id": 5377, "geometry": {"type": "Polygon", "coordinates": [[[-84.80959819976299, 47.98684739201291], [-84.80857449932098, 47.9860179919544], [-84.80912649944703, 47.98564169186533], [-84.80639969841792, 47.98451879186845], [-84.80588019828402, 47.98476089193586], [-84.80565179829833, 47.98540429204412], [-84.80570279840936, 47.9860981921426], [-84.80861459954994, 47.98760239218393], [-84.80959819976299, 47.98684739201291]]]}, "properties": {"OBJECTID": 5377}}, {"type": "Feature", "id": 5404, "geometry": {"type": "Polygon", "coordinates": [[[-81.80245744244854, 48.15086239330947], [-81.80676604370319, 48.14954569286993], [-81.80357844210546, 48.14518649239609], [-81.7978066401666, 48.144893792676726], [-81.79200643853099, 48.147093193332246], [-81.79943994119014, 48.14876019316416], [-81.80245744244854, 48.15086239330947]]]}, "properties": {"OBJECTID": 5404}}, {"type": "Feature", "id": 5577, "geometry": {"type": "MultiPolygon", "coordinates": [[[[-84.4839016866049, 47.92468310279124], [-84.4837006865398, 47.92468030280305], [-84.48088298567602, 47.925001803021686], [-84.48037498551071, 47.92498830305055], [-84.47900778508627, 47.92510480315079], [-84.47945548554966, 47.92747800347299], [-84.480087385987, 47.92921660369055], [-84.48390828675458, 47.92578030295239], [-84.4839016866049, 47.92468310279124]]], [[[-84.48391808657696, 47.92443640275393], [-84.48389708609957, 47.920938002240085], [-84.48281018580929, 47.92138090237137], [-84.48040308502777, 47.92133090251031], [-84.47987958532741, 47.924811603054636], [-84.4808563856415, 47.92480900299487], [-84.48372598651581, 47.924441402766334], [-84.48391808657696, 47.92443640275393]]]]}, "properties": {"OBJECTID": 5577}}, {"type": "Feature", "id": 5677, "geometry": {"type": "Polygon", "coordinates": [[[-81.63475314303015, 48.59231196843458], [-81.6325256423093, 48.5924546685815], [-81.63150134233207, 48.59528066905683], [-81.63042464235326, 48.59822926955323], [-81.6325446431416, 48.59888926953096], [-81.6345847432342, 48.5943370687433], [-81.63475314303015, 48.59231196843458]]]}, "properties": {"OBJECTID": 5677}}, {"type": "Feature", "id": 6054, "geometry": {"type": "Polygon", "coordinates": [[[-81.19369347951793, 48.45792667318666], [-81.19379487932936, 48.45615427291696], [-81.1827583756641, 48.45617227353179], [-81.18268357586254, 48.4579536738014], [-81.19369347951793, 48.45792667318666]]]}, "properties": {"OBJECTID": 6054}}, {"type": "Feature", "id": 6063, "geometry": {"type": "Polygon", "coordinates": [[[-84.81034150156727, 47.998323193647344], [-84.81033920156692, 47.99832609364789], [-84.81001400151682, 47.99872479372623], [-84.81001180151647, 47.99872739372677], [-84.8100079015158, 47.99873179372762], [-84.80936200140236, 47.99942129386827], [-84.80935890140184, 47.99942449386891], [-84.80935580140125, 47.99942759386956], [-84.80908200134864, 47.999686793924354], [-84.80845690124775, 48.000419094069954], [-84.80825010122335, 48.00072719412775], [-84.80803500121144, 48.00114679420241], [-84.80757450120126, 48.002156194378436], [-84.81194360259241, 48.00206249409615], [-84.81552840338144, 47.999404393486714], [-84.82072860492691, 47.99848649303261], [-84.81974270424286, 47.995795392699364], [-84.8164929033905, 47.99720029310477], [-84.81179350135316, 47.99333529282794], [-84.81179750142441, 47.99384759290265], [-84.81183320148823, 47.99423159295667], [-84.81216970175564, 47.99539919310695], [-84.8121716017574, 47.995407293108], [-84.81217290175903, 47.995416093109206], [-84.81217340176039, 47.99542499311049], [-84.81217290176146, 47.99543389311182], [-84.8121728017615, 47.99543469311191], [-84.81212850180363, 47.99584779317512], [-84.81212730180435, 47.9958557931764], [-84.81212520180486, 47.9958645931778], [-84.81212220180507, 47.99587319317926], [-84.81211940180503, 47.99587949318035], [-84.81195760179926, 47.996218293239885], [-84.81195650179926, 47.996220493240266], [-84.81195190179889, 47.99622879324174], [-84.81194640179825, 47.99623689324326], [-84.81194470179797, 47.99623919324371], [-84.81034150156727, 47.998323193647344]]]}, "properties": {"OBJECTID": 6063}}, {"type": "Feature", "id": 6070, "geometry": {"type": "Polygon", "coordinates": [[[-82.4306049447012, 48.880809265002746], [-82.43180494462908, 48.87730926442444], [-82.4279049432573, 48.876709264564816], [-82.42660494329618, 48.88020926514898], [-82.4306049447012, 48.880809265002746]]]}, "properties": {"OBJECTID": 6070}}, {"type": "Feature", "id": 6071, "geometry": {"type": "Polygon", "coordinates": [[[-83.04290512450117, 48.715609204996696], [-83.04510512517056, 48.71520920480823], [-83.0429051241222, 48.71280920459], [-83.03810512273307, 48.71420920507784], [-83.03950512335592, 48.71540920516923], [-83.04180512399051, 48.71450920490217], [-83.04210512415689, 48.715009204957006], [-83.04270512436771, 48.715109204935935], [-83.0429051244741, 48.71540920496771], [-83.04290512450117, 48.715609204996696]]]}, "properties": {"OBJECTID": 6071}}, {"type": "Feature", "id": 6162, "geometry": {"type": "Polygon", "coordinates": [[[-84.91069902876995, 47.96152968208549], [-84.9107012287255, 47.961198582036914], [-84.91070252869837, 47.96099668200729], [-84.9107100285889, 47.960177481886866], [-84.91071502849876, 47.95950568178824], [-84.91071862839559, 47.95874128167604], [-84.91073062828976, 47.95793808155768], [-84.91073762819923, 47.95725828145771], [-84.91074962812806, 47.956708881376564], [-84.91074062810958, 47.95659448136034], [-84.91069802810169, 47.95663708136924], [-84.91068252810048, 47.95666428137416], [-84.91068372810449, 47.95669098137795], [-84.9106137280884, 47.95673768138916], [-84.91061762809203, 47.956755281391466], [-84.91064832810531, 47.956780181393256], [-84.910630328103, 47.95680578139806], [-84.91059652809511, 47.95682728140329], [-84.91055682808643, 47.95685698141013], [-84.91047542807478, 47.95696298143063], [-84.91048022808286, 47.95701098143739], [-84.9104611280801, 47.95703578144215], [-84.91042632807168, 47.957055781447224], [-84.91038972806079, 47.95706198145044], [-84.91034772804731, 47.957061981453016], [-84.91024022801201, 47.957056181458796], [-84.91015082798282, 47.957052281463696], [-84.9101005279679, 47.95706128146814], [-84.91004762795359, 47.95708088147424], [-84.91002092794685, 47.957094081477834], [-84.91000172794065, 47.95709378147897], [-84.90998872793809, 47.957105681481515], [-84.90995682792827, 47.95710888148393], [-84.90991632791444, 47.957102881485554], [-84.90987832790033, 47.9570884814858], [-84.90985272789024, 47.957074981485356], [-84.90982342788026, 47.95707068148655], [-84.90977012786304, 47.95706968148969], [-84.90975132785549, 47.95705868148927], [-84.90974022784744, 47.95702578148512], [-84.90973302784248, 47.95700658148276], [-84.9097203278354, 47.95698428148025], [-84.90972702783388, 47.95695768147592], [-84.90968022781219, 47.95690888147166], [-84.90963302779186, 47.95687068146904], [-84.9096166277847, 47.95685668146797], [-84.90959212777533, 47.95684558146785], [-84.90956642776553, 47.956834381467786], [-84.90952812775242, 47.95682838146928], [-84.90948692773672, 47.956810081469115], [-84.90943222771598, 47.95678698146914], [-84.90937122769195, 47.95675388146804], [-84.9093249276727, 47.95672178146621], [-84.90928432765496, 47.95668758146368], [-84.90926802764722, 47.95666898146193], [-84.90924242763727, 47.95665638146166], [-84.90919882762142, 47.95664258146236], [-84.90917232761042, 47.95662458146134], [-84.90921412762032, 47.956598681454956], [-84.90928292763633, 47.956554181444254], [-84.90930652764055, 47.95652948143914], [-84.90928862763035, 47.95649718143553], [-84.90927272762127, 47.956467981432205], [-84.90932362763036, 47.956414781421316], [-84.9093679276367, 47.95635698141013], [-84.90940582764364, 47.95631878140221], [-84.90941452764383, 47.95629988139887], [-84.90942442764016, 47.95624978139095], [-84.90943512764198, 47.95623778138852], [-84.90943792764112, 47.956224881386454], [-84.9094376276381, 47.95620358138333], [-84.9094553276377, 47.95615898137574], [-84.90946182763687, 47.95613768137222], [-84.90946242763532, 47.95612478137028], [-84.90945512763088, 47.95610938136849], [-84.90945032762633, 47.95608728136551], [-84.90947102762802, 47.956051081359], [-84.90953812764135, 47.95599128134607], [-84.90958002765122, 47.955964681339594], [-84.90958932764963, 47.95593128133412], [-84.90959342764462, 47.9558848813271], [-84.90956822763351, 47.95586308132544], [-84.90951772761564, 47.955850781326774], [-84.90945752759659, 47.95585268133073], [-84.90937642757257, 47.955867281337895], [-84.90932892756042, 47.955889981344136], [-84.90929792755178, 47.955899381347436], [-84.90925702753903, 47.95590238135039], [-84.90918902751714, 47.9559018813545], [-84.90912212749544, 47.95589998135833], [-84.90908432748473, 47.95591068136222], [-84.90903642747406, 47.95594488137021], [-84.90899362746707, 47.955994381380066], [-84.90898112746876, 47.95603598138692], [-84.90897922747084, 47.95605578138995], [-84.9089601274679, 47.956079081394556], [-84.908920127456, 47.95608598139803], [-84.90884972743372, 47.95608848140274], [-84.90879032741597, 47.956098081407795], [-84.90878132741682, 47.95612528141231], [-84.90876492741319, 47.956137181415066], [-84.90873872740522, 47.95614058141721], [-84.9087002273928, 47.95613988141944], [-84.90867432738389, 47.95613558142039], [-84.90866582738313, 47.956149881423045], [-84.9086944273952, 47.956170981424336], [-84.90873162740785, 47.95617618142283], [-84.90877152741992, 47.95617088141961], [-84.90878352742531, 47.95618248142057], [-84.90878942743046, 47.95620618142367], [-84.90886902745922, 47.95622978142224], [-84.9088731274618, 47.956238981423276], [-84.90885162745487, 47.956238581424586], [-84.90880052743873, 47.95624068142805], [-84.90874092742145, 47.95625408143369], [-84.90869522740816, 47.95626398143791], [-84.90866162739962, 47.956280881442495], [-84.90864272739601, 47.956298781446264], [-84.90865032739983, 47.956308781447234], [-84.90868542741117, 47.95630948144517], [-84.90868722741322, 47.956320181446635], [-84.90866202740622, 47.956328081449364], [-84.90860842738994, 47.95633468145364], [-84.90855292737176, 47.95633218145669], [-84.90850402735661, 47.95633588146022], [-84.90846292734422, 47.95634198146366], [-84.9083776273179, 47.95634958147003], [-84.90831572730009, 47.956364481476015], [-84.90829522729396, 47.95636788147776], [-84.90817972725611, 47.956361981484044], [-84.9081180272378, 47.956372981489416], [-84.90805642721952, 47.956384081494825], [-84.90800832720547, 47.95639388149927], [-84.90797222719708, 47.95641758150496], [-84.9079581271944, 47.95643108150777], [-84.90795182719424, 47.95644468151018], [-84.90793082718952, 47.956459481513626], [-84.90790322718193, 47.95646888151669], [-84.90786902717176, 47.956474381519605], [-84.90783932716285, 47.95647918152215], [-84.90781192715454, 47.956482481524304], [-84.9077875271487, 47.95649728152801], [-84.9077824271489, 47.9565108815303], [-84.90778752715255, 47.95652548153211], [-84.90781922716313, 47.956528281530574], [-84.90786352717679, 47.95652458152734], [-84.90790062718612, 47.956505381522234], [-84.90792562719399, 47.95650438152048], [-84.90792162719843, 47.95654618152687], [-84.90791402719869, 47.95656588153022], [-84.90788702719334, 47.95659048153551], [-84.907871427191, 47.95660998153933], [-84.90787122719553, 47.95664358154426], [-84.90786712719648, 47.956660281546945], [-84.90784052718983, 47.95667418155064], [-84.90780832718112, 47.956685781554306], [-84.90777972717271, 47.9566913815569], [-84.90775142716343, 47.95669008155844], [-84.90771702715358, 47.956698681561825], [-84.90769032714725, 47.956714881565844], [-84.907677527144, 47.956721481567605], [-84.90769292715065, 47.95673398156846], [-84.90768342714895, 47.95674378157051], [-84.90763222713309, 47.95674808157431], [-84.90760032712335, 47.956751381576716], [-84.90760422712685, 47.956768181578944], [-84.90762792713876, 47.95679988158215], [-84.90764322714553, 47.95681308158311], [-84.90765132715147, 47.95683758158618], [-84.90764942715727, 47.95688478159327], [-84.90763512715506, 47.95690208159664], [-84.90761672714994, 47.95690778159863], [-84.90759632714321, 47.956906681599705], [-84.90757402713501, 47.956898681599924], [-84.90757122713202, 47.95688338159782], [-84.90757132712764, 47.95685138159317], [-84.90755982712074, 47.956827581590375], [-84.90753562711059, 47.956810381589335], [-84.90749772709624, 47.95679448158935], [-84.90745402708015, 47.95677918158984], [-84.90741962706663, 47.95676098158922], [-84.90735802704434, 47.95674238159033], [-84.90730362702675, 47.95674138159354], [-84.90726172701319, 47.95674058159599], [-84.9072472270113, 47.95676088159987], [-84.90725122701446, 47.956774681601615], [-84.90722142700606, 47.956783281604714], [-84.90719432699699, 47.95678048160596], [-84.90716282698578, 47.95677238160671], [-84.90713552697353, 47.956746681604656], [-84.90714322697303, 47.95672478160101], [-84.90716902697835, 47.956703081596245], [-84.90720132698691, 47.95668998159229], [-84.90721762699093, 47.956681181590014], [-84.90721382698699, 47.95666128158734], [-84.90718772697495, 47.95663418158497], [-84.90715112696037, 47.95661368158421], [-84.9071324269487, 47.95657218157928], [-84.90710992694079, 47.95656718157994], [-84.90708992693307, 47.95655768157982], [-84.9070897269296, 47.95653258157613], [-84.90708922692755, 47.956518781574154], [-84.90705972691815, 47.95651908157599], [-84.90702572690702, 47.9565176815779], [-84.90699432689952, 47.95653618158255], [-84.90698192689548, 47.956535881583264], [-84.90697892689298, 47.95652448158175], [-84.90698152688888, 47.95648868157639], [-84.90699222689081, 47.95647748157407], [-84.9070174268979, 47.95647028157145], [-84.90704372690577, 47.95646618156926], [-84.90704182690392, 47.95645698156802], [-84.90701932689593, 47.95645128156858], [-84.90697242688209, 47.956460281572774], [-84.90693692687199, 47.95646958157631], [-84.90690222686305, 47.95648568158077], [-84.906872626854, 47.95648898158309], [-84.90683202684036, 47.95648438158498], [-84.9067791268219, 47.9564735815866], [-84.90662962677322, 47.9564685815951], [-84.90652882674054, 47.9564659816009], [-84.90645672671565, 47.956453181603486], [-84.90639912669629, 47.95644678160607], [-84.90631502666984, 47.95645058161182], [-84.90624102664724, 47.95645918161763], [-84.90618492663076, 47.95647038162275], [-84.90608412659796, 47.95646698162843], [-84.90604562658572, 47.95646778163091], [-84.90597222656473, 47.956486281638156], [-84.90593342655318, 47.956493181641584], [-84.90589902654331, 47.95650168164492], [-84.90585172652717, 47.956494781646796], [-84.9058294265187, 47.95648518164677], [-84.9057928265078, 47.956491381649975], [-84.90575552649922, 47.95651588165585], [-84.90571232648587, 47.95651958165903], [-84.90568172647598, 47.95651908166084], [-84.90569392647686, 47.956497181656914], [-84.90566352646654, 47.95649278165811], [-84.90560262644956, 47.95651148166459], [-84.90556872644204, 47.9565360816703], [-84.90550892642558, 47.956556281676924], [-84.90549912642511, 47.95657588168044], [-84.90552682643593, 47.95659018168081], [-84.90556642644928, 47.95659468167901], [-84.905602626461, 47.95659528167689], [-84.9056206264672, 47.95659868167626], [-84.90558702645903, 47.95661788168119], [-84.90554602644629, 47.956620981684125], [-84.90549392642949, 47.95661998168718], [-84.90542352641107, 47.95665068169604], [-84.9053726263978, 47.9566733817025], [-84.9053391263893, 47.95668958170694], [-84.905340726392, 47.956705581709194], [-84.90533552639269, 47.95672298171205], [-84.90530772638567, 47.95673698171578], [-84.9052643263729, 47.956745281719705], [-84.90519022635019, 47.95675308172541], [-84.90512852633188, 47.956764181730826], [-84.90508022631778, 47.956774381735244], [-84.90502532630173, 47.95678588174036], [-84.90499082629216, 47.956796681744045], [-84.90497422628931, 47.95681508174774], [-84.90497582629213, 47.956831881750134], [-84.90495742628723, 47.956839181752336], [-84.9049343262812, 47.956849381755276], [-84.90494002628671, 47.95687618175883], [-84.90497542630096, 47.95689738175976], [-84.90498502630615, 47.9569127817614], [-84.90498122630638, 47.9569233817632], [-84.90495052629653, 47.9569235817651], [-84.90492662628913, 47.956925381766844], [-84.90489112627908, 47.95693548177051], [-84.90486382627046, 47.95693648177235], [-84.90483562626085, 47.956932181773446], [-84.90481712625235, 47.95691348177185], [-84.90477532623851, 47.95691048177399], [-84.90467152620715, 47.956924581782424], [-84.90461282619108, 47.95694488178902], [-84.90450352616529, 47.957012981805754], [-84.9044685261573, 47.95703668181136], [-84.90442782614747, 47.95706028181734], [-84.90439692614235, 47.95709558182442], [-84.9043932261459, 47.95713048182975], [-84.90439932615048, 47.95714968183218], [-84.90440112615264, 47.95716118183372], [-84.90437162614322, 47.957161381835625], [-84.90434902613546, 47.957157881836515], [-84.90431332612606, 47.95717248184082], [-84.90429912612342, 47.95718668184378], [-84.90429192612253, 47.957197281845794], [-84.90426912611557, 47.957199881847515], [-84.90425612611303, 47.95721178185007], [-84.90424052611104, 47.957233681854284], [-84.90420382610955, 47.95730908186754], [-84.90358522591262, 47.957320681907376], [-84.90348662599354, 47.95814538203416], [-84.9034038260741, 47.958930482154265], [-84.903383326101, 47.95917568219143], [-84.90337632611019, 47.9592594822041], [-84.90331582624131, 47.960362482369334], [-84.90297972623421, 47.961100182498036], [-84.90179122590769, 47.961502482630166], [-84.90163782588787, 47.96171788267115], [-84.9016112259632, 47.962332182762744], [-84.90340582650302, 47.96206788261355], [-84.90548142711205, 47.96164988242448], [-84.90581712721352, 47.9616040823971], [-84.90757542774506, 47.961364582253786], [-84.90877212814438, 47.96147668219644], [-84.9097371284691, 47.961586882153135], [-84.91069902876995, 47.96152968208549]]]}, "properties": {"OBJECTID": 6162}}, {"type": "Feature", "id": 6175, "geometry": {"type": "Polygon", "coordinates": [[[-84.69097487085956, 48.05458920921041], [-84.69087937082455, 48.05455780921166], [-84.6907896708064, 48.054636209228654], [-84.69072957079223, 48.05467410923787], [-84.69068627078487, 48.054722309247545], [-84.69058127076406, 48.05481760926794], [-84.69047997074375, 48.054907709287356], [-84.69037167072153, 48.05499990930746], [-84.69023827068771, 48.055067009325484], [-84.68997087062145, 48.05521200936308], [-84.68969877055378, 48.055358009401154], [-84.68943827048963, 48.0555021094382], [-84.68922947043703, 48.05560910946666], [-84.68917557042457, 48.05564490947521], [-84.68901117037734, 48.055686809491384], [-84.68885607033259, 48.05572440950639], [-84.68869177028529, 48.0557656095225], [-84.6885976702582, 48.05578890953169], [-84.68852997023805, 48.0558007095376], [-84.68835947018665, 48.05582640955179], [-84.68827607016152, 48.05583890955875], [-84.68819597013693, 48.05584760956492], [-84.68803017008658, 48.0558696095783], [-84.68768996997454, 48.05585130959647], [-84.68734826986291, 48.05583900961567], [-84.68718316980741, 48.055821909623305], [-84.68669376963473, 48.05571070963706], [-84.6866141696064, 48.05569090963904], [-84.68653516957852, 48.055673009641275], [-84.68646796955609, 48.05566710964451], [-84.68643156956094, 48.05578840966448], [-84.68641886956412, 48.05584180967309], [-84.68635946957603, 48.05606920971002], [-84.6862333695816, 48.05640730976716], [-84.68613326955152, 48.05642300977561], [-84.68591706949148, 48.0564930097991], [-84.68560626940396, 48.056585009831615], [-84.68545076936044, 48.05663250984811], [-84.68527836930716, 48.056649009861104], [-84.6851822692768, 48.05665280986754], [-84.68511276925608, 48.056664809873595], [-84.6849402692033, 48.05668510988711], [-84.68477586915242, 48.05670020989945], [-84.68466736911867, 48.056708809907356], [-84.68464886911501, 48.05672530991086], [-84.68470066913359, 48.056739409909795], [-84.68477136915948, 48.056762409908806], [-84.68485356918845, 48.05678080990645], [-84.68502306924606, 48.056803409899324], [-84.68510316927542, 48.05682960989828], [-84.68518256930295, 48.056844209895544], [-84.68528826934242, 48.056884009894894], [-84.68534106935944, 48.05688420989168], [-84.68541746938256, 48.05687330988538], [-84.68550436940957, 48.056866009879], [-84.68562816944963, 48.0568676098716], [-84.68602166957609, 48.05686650984734], [-84.68611086960492, 48.05686740984197], [-84.68619736963345, 48.05687240983739], [-84.68626466965375, 48.05686220983181], [-84.68636196968784, 48.05688260982881], [-84.6864464697157, 48.05688730982434], [-84.68652326974333, 48.056908809822716], [-84.68669136980135, 48.05693750981665], [-84.6868448698575, 48.056986709814396], [-84.68699556991395, 48.057044909813676], [-84.68705966993852, 48.05707400981401], [-84.68726377001997, 48.05718920981831], [-84.68751557012202, 48.05734310982542], [-84.68773377021355, 48.057499209834845], [-84.68789097027546, 48.05758200983733], [-84.6879613703055, 48.0576360098409], [-84.68804617033237, 48.05763310983525], [-84.68814387036346, 48.0576303098289], [-84.68820487038462, 48.057641709826754], [-84.6883182704237, 48.05766030982255], [-84.6883561704326, 48.05763630981673], [-84.68843827045653, 48.05761800980899], [-84.6885050704733, 48.05758330979981], [-84.68864757051021, 48.057517809781544], [-84.68873357053651, 48.05750770977474], [-84.68880677055763, 48.05748960976762], [-84.68897767061499, 48.05750680975965], [-84.68905837064274, 48.05752000975664], [-84.68914467066908, 48.05750940974979], [-84.68919437068384, 48.057500409745394], [-84.68930157072293, 48.05753410974378], [-84.68945017077813, 48.05758770974249], [-84.68958617083055, 48.05765100974344], [-84.68975077089016, 48.0576996097404], [-84.68989307094536, 48.05776850974178], [-84.69000917099494, 48.0578583097478], [-84.69008587100551, 48.0577547097279], [-84.69017947102272, 48.05765990970829], [-84.69027547103994, 48.05755980968775], [-84.69037877106172, 48.057475909669165], [-84.69051157109395, 48.05739880964975], [-84.69064407112691, 48.057327809631246], [-84.69078097116169, 48.05726000961291], [-84.6909404712085, 48.05722640959821], [-84.69110367125536, 48.05718520958217], [-84.69118197127919, 48.05717520957596], [-84.69127077130562, 48.05715940956816], [-84.69144227135799, 48.05713830955457], [-84.69160787140787, 48.05711330954079], [-84.69177177145714, 48.05708810952701], [-84.69185167147994, 48.05706670951896], [-84.69193447150549, 48.057058409512685], [-84.69208127154474, 48.05699990949512], [-84.69200077151325, 48.0569592094941], [-84.691928771486, 48.05692940949417], [-84.69180647143918, 48.05687470949364], [-84.69171407140553, 48.05684570949509], [-84.69162787137508, 48.05682590949747], [-84.6914685713176, 48.056780509500626], [-84.69139837129282, 48.056764709502595], [-84.69131017126101, 48.05673970950435], [-84.6912643712432, 48.056717209503866], [-84.69128447124032, 48.05664860949263], [-84.69130907124189, 48.05660190948426], [-84.69132027123685, 48.056538909474405], [-84.69139517123857, 48.05637470944575], [-84.69140227123292, 48.05631650943681], [-84.69144787123325, 48.05621130941862], [-84.6914838712372, 48.056155509408256], [-84.69150577123673, 48.056100709398905], [-84.69157707124471, 48.05599090937845], [-84.69164787126442, 48.05596850937088], [-84.69171817128223, 48.05593310936137], [-84.69186177131984, 48.05587000934336], [-84.69193497133986, 48.055843809334995], [-84.69200787136086, 48.055826109327946], [-84.69218177141715, 48.055828109317574], [-84.69226987144455, 48.05582130931116], [-84.69233897146303, 48.055793609302896], [-84.69249697150678, 48.055741609285555], [-84.69281537159775, 48.05565740925371], [-84.69289207161957, 48.05563630924594], [-84.6929719716419, 48.0556115092374], [-84.69314077169794, 48.05562410922889], [-84.6932279717254, 48.055619709222924], [-84.69331457175429, 48.05562680921866], [-84.69345937179213, 48.05556290920038], [-84.69351807180668, 48.055531009192094], [-84.69359507182666, 48.055495909182255], [-84.69373547186251, 48.055427309163655], [-84.69380787188157, 48.05539650915465], [-84.69388767190479, 48.05537820914712], [-84.69401637194092, 48.05533940913353], [-84.69390677189777, 48.055281909131864], [-84.69385247187513, 48.055244009129645], [-84.69375957183176, 48.05514550912091], [-84.69372337181285, 48.05509200911533], [-84.69369787179748, 48.05503990910929], [-84.6936428717657, 48.05493650909753], [-84.69360167174456, 48.05487880909159], [-84.69356557172577, 48.05482620908612], [-84.69348657168617, 48.05472260907582], [-84.69345967167153, 48.05467840907102], [-84.69344207165749, 48.054617309063175], [-84.6934129716321, 48.054500109047794], [-84.6934105716241, 48.054446809040144], [-84.69340877161571, 48.05438960903188], [-84.69340937160021, 48.05427450901504], [-84.6934243715906, 48.05416890899863], [-84.69345357158419, 48.05405290897989], [-84.6934676715817, 48.05400150897155], [-84.69350517158648, 48.05394800896138], [-84.69361997161182, 48.05386290894192], [-84.69367377162322, 48.053819708932316], [-84.69375127164467, 48.05379420892381], [-84.69380487165827, 48.05376760891662], [-84.6939175716936, 48.0537607089087], [-84.69399627171724, 48.05374820890202], [-84.69408367174637, 48.05375560889774], [-84.69425087180348, 48.053779608891006], [-84.69431807182849, 48.05380450889054], [-84.69439347185785, 48.053841608891325], [-84.69451677190872, 48.0539238088958], [-84.69457377193122, 48.053954008896675], [-84.69461467195224, 48.05401170890263], [-84.69475347201708, 48.05415950891579], [-84.69478077203318, 48.05421300892189], [-84.6948773720771, 48.054306908929675], [-84.69483177200574, 48.05389180887176], [-84.6947390718362, 48.05286800872773], [-84.69471827179841, 48.052640408695666], [-84.69465777169123, 48.05199780860539], [-84.6938928714479, 48.05201850865535], [-84.69303117117163, 48.05202600870935], [-84.69293947114228, 48.052027508715184], [-84.69285777111602, 48.05202750872021], [-84.69268437106062, 48.052030708731294], [-84.69259527103196, 48.05203060873677], [-84.69250587100404, 48.05203710874318], [-84.69235697095627, 48.05203830875248], [-84.69233747095755, 48.05209340876174], [-84.69232667096205, 48.05215200877095], [-84.69228617096435, 48.05226400878983], [-84.6922585709629, 48.05231870879955], [-84.69221197095393, 48.052363008808896], [-84.69212487094015, 48.05246710882945], [-84.69207147092898, 48.0525113088392], [-84.69203937092578, 48.0525636088488], [-84.69195137091083, 48.05266160886857], [-84.6919002709002, 48.05270430887795], [-84.69186817089701, 48.052756608887556], [-84.69177677088129, 48.05285680890777], [-84.69173227087232, 48.052896108916286], [-84.69169807086902, 48.05295270892665], [-84.69161007085448, 48.05305370894685], [-84.69157947085124, 48.05310220895583], [-84.69153007084232, 48.05315340896632], [-84.69139717082015, 48.053304308996516], [-84.6913630708162, 48.05335560900612], [-84.69127617080191, 48.05345590902617], [-84.69123707079648, 48.05350850903627], [-84.69121987079838, 48.05356300904527], [-84.69118767080596, 48.05369430906647], [-84.6911789708159, 48.05378770908063], [-84.69116757082047, 48.053848209090205], [-84.69125367084939, 48.05385680908617], [-84.69133917087792, 48.05386460908207], [-84.6914176709047, 48.053875409078806], [-84.69158397096055, 48.05389260907112], [-84.69166907098675, 48.05388350906459], [-84.69175317101549, 48.05389600906129], [-84.69192167107225, 48.05391470905367], [-84.69199997109959, 48.0539301090511], [-84.69207567112848, 48.05396350905136], [-84.69221527118243, 48.05402950905244], [-84.69227907120768, 48.05406390905358], [-84.69234977123782, 48.05411820905717], [-84.69241807127153, 48.054203909065514], [-84.69246387129259, 48.05425020906949], [-84.69245917129888, 48.05430760907817], [-84.69243457130665, 48.05442220909641], [-84.69241177130624, 48.054473209105296], [-84.69237507130154, 48.054525309115185], [-84.69229367128978, 48.05463110913562], [-84.69223957127774, 48.05467050914469], [-84.69217467126195, 48.05470770915414], [-84.69202337122077, 48.054763009171474], [-84.69184247116303, 48.05476630918306], [-84.69178657114445, 48.0547621091859], [-84.69169477111213, 48.05474180918855], [-84.69161417108408, 48.05472640919125], [-84.69146517103177, 48.05469440919573], [-84.6912845709712, 48.0546768092042], [-84.6911047709067, 48.0546279092081], [-84.69097487085956, 48.05458920921041]]]}, "properties": {"OBJECTID": 6175}}, {"type": "Feature", "id": 6311, "geometry": {"type": "Polygon", "coordinates": [[[-81.91077102988363, 48.55640194747777], [-81.91019152964593, 48.55604694745844], [-81.90979632948151, 48.555786647442496], [-81.90955982937804, 48.55559204742725], [-81.90922792923692, 48.555350047410414], [-81.90896942912673, 48.555159747397084], [-81.90836852886389, 48.554664847358275], [-81.9080474287355, 48.5544938473513], [-81.9075786285379, 48.55416514732948], [-81.90719502839238, 48.55402184733017], [-81.90668592818577, 48.553726847315616], [-81.90641262807775, 48.553591047311144], [-81.90605802794167, 48.55344614730994], [-81.90575022803858, 48.55498514755463], [-81.90634282827253, 48.555277447563995], [-81.90767832907709, 48.55808274790198], [-81.91100212997713, 48.556533447484014], [-81.91077102988363, 48.55640194747777]]]}, "properties": {"OBJECTID": 6311}}, {"type": "Feature", "id": 6566, "geometry": {"type": "Polygon", "coordinates": [[[-80.9214271904987, 47.64540986518826], [-80.91986889010947, 47.64646226543389], [-80.92068869052521, 47.64769416557876], [-80.92223979091217, 47.6466422653336], [-80.9214271904987, 47.64540986518826]]]}, "properties": {"OBJECTID": 6566}}, {"type": "Feature", "id": 6614, "geometry": {"type": "Polygon", "coordinates": [[[-83.45055654946438, 47.900771761085664], [-83.44898244907706, 47.9017198613195], [-83.4491656491691, 47.90196996134589], [-83.44916254916942, 47.90198006134759], [-83.44680194851152, 47.9028103616102], [-83.44557324823187, 47.90372436181861], [-83.44579464833716, 47.90398116184379], [-83.44834674910338, 47.90350556162268], [-83.44917754917503, 47.901986161347615], [-83.44917924917452, 47.901977761346245], [-83.44918674917614, 47.90197156134492], [-83.44919744917914, 47.901967861343756], [-83.45209074992614, 47.90049516095414], [-83.4518105497953, 47.900188660924975], [-83.45055654946438, 47.900771761085664]]]}, "properties": {"OBJECTID": 6614}}, {"type": "Feature", "id": 6832, "geometry": {"type": "Polygon", "coordinates": [[[-82.40686582847296, 48.05111254410227], [-82.40686732847401, 48.05111704410283], [-82.40688842833228, 48.049949043927], [-82.40575572795373, 48.049890943983115], [-82.40588002813364, 48.05098484413956], [-82.40686582847296, 48.05111254410227]]]}, "properties": {"OBJECTID": 6832}}, {"type": "Feature", "id": 6835, "geometry": {"type": "Polygon", "coordinates": [[[-83.37897840527891, 47.738720341093604], [-83.37638540442956, 47.73864904123469], [-83.37622000449075, 47.739541541377996], [-83.37812990516115, 47.73994204132619], [-83.37897840527891, 47.738720341093604]]]}, "properties": {"OBJECTID": 6835}}, {"type": "Feature", "id": 6837, "geometry": {"type": "Polygon", "coordinates": [[[-82.82708128066012, 48.16469593678725], [-82.82878688084578, 48.161829536262815], [-82.8295445810696, 48.161644436191295], [-82.82928938091968, 48.1611324361302], [-82.82850688068076, 48.16126383619517], [-82.82706608065547, 48.16469833678845], [-82.82708128066012, 48.16469593678725]]]}, "properties": {"OBJECTID": 6837}}, {"type": "Feature", "id": 6843, "geometry": {"type": "Polygon", "coordinates": [[[-82.34099473018722, 48.23360577508182], [-82.34167083043299, 48.23378927507039], [-82.34184543043453, 48.23335487499579], [-82.34118263020663, 48.23327597502206], [-82.34099473018722, 48.23360577508182]]]}, "properties": {"OBJECTID": 6843}}, {"type": "Feature", "id": 6954, "geometry": {"type": "Polygon", "coordinates": [[[-83.35992600731169, 47.80242535174065], [-83.35702280637737, 47.80248165191921], [-83.35709110659447, 47.80399195214096], [-83.3566614065833, 47.80498495231455], [-83.35471280613139, 47.80638015263722], [-83.35570100652998, 47.80698495266969], [-83.35687200680157, 47.806146552475795], [-83.35738750686926, 47.805375652330355], [-83.36002090761289, 47.80452005204822], [-83.35992600731169, 47.80242535174065]]]}, "properties": {"OBJECTID": 6954}}, {"type": "Feature", "id": 6956, "geometry": {"type": "Polygon", "coordinates": [[[-83.359450904572, 47.7823812487715], [-83.35935450433837, 47.78081154854241], [-83.3570203035873, 47.780856548685826], [-83.35711670382128, 47.78242914891538], [-83.359450904572, 47.7823812487715]]]}, "properties": {"OBJECTID": 6956}}, {"type": "Feature", "id": 7127, "geometry": {"type": "Polygon", "coordinates": [[[-81.88281339477375, 47.5507813980366], [-81.87677559315871, 47.55374309882464], [-81.87867739398186, 47.55540219897234], [-81.88302069509126, 47.55284039833964], [-81.88281339477375, 47.5507813980366]]]}, "properties": {"OBJECTID": 7127}}, {"type": "Feature", "id": 7136, "geometry": {"type": "Polygon", "coordinates": [[[-81.61466275949817, 47.98155587835935], [-81.61467135948935, 47.98146137834461], [-81.61467425948143, 47.981389378333596], [-81.61467505947282, 47.98131737832264], [-81.61467335946338, 47.98124537831189], [-81.61464405944481, 47.98117357830269], [-81.61461255942561, 47.98110177829359], [-81.61457865940557, 47.98102997828464], [-81.61454225938527, 47.980962678276505], [-81.6145033593636, 47.980890878267836], [-81.61446185934163, 47.98082367826001], [-81.61441835931899, 47.980756378252266], [-81.61437235929556, 47.9806891782447], [-81.61432425927138, 47.98062197823724], [-81.61427365924705, 47.98055927823058], [-81.61422095922137, 47.980492078223406], [-81.61416575919542, 47.98042937821701], [-81.61410845916882, 47.98036667821072], [-81.61404905914152, 47.980303978204574], [-81.61398765911359, 47.98024137819856], [-81.61392415908547, 47.98018317819331], [-81.61385805905601, 47.98012057818749], [-81.6137903590265, 47.98006247818251], [-81.61372065899695, 47.98000887817831], [-81.61316275872473, 47.97929207810121], [-81.61267385849631, 47.97874587804595], [-81.61262655847685, 47.97871457804387], [-81.61258105845857, 47.97868787804239], [-81.61253755844038, 47.978656578040045], [-81.61249575842274, 47.97862527803766], [-81.6124559584058, 47.9785940780352], [-81.6124179583894, 47.97856277803254], [-81.61238235837328, 47.97852697802914], [-81.6123488583578, 47.97849117802563], [-81.61231745834301, 47.97845527802195], [-81.61228855832911, 47.97841947801813], [-81.61226165831526, 47.978379178013576], [-81.61223735830282, 47.978343278009504], [-81.6122155582907, 47.97830287800458], [-81.61219615827927, 47.97826247799957], [-81.61217895826863, 47.978222077994424], [-81.61216465825896, 47.97818167798917], [-81.61215245824994, 47.978141277983745], [-81.61214315824135, 47.978096377977444], [-81.6121363582341, 47.978055877971755], [-81.61213215822771, 47.97801547796585], [-81.61213105822016, 47.97795697795711], [-81.60871475713783, 47.97830347819949], [-81.61086985824382, 47.98151307856396], [-81.61466275949817, 47.98155587835935]]]}, "properties": {"OBJECTID": 7136}}, {"type": "Feature", "id": 7137, "geometry": {"type": "Polygon", "coordinates": [[[-81.10523723150207, 48.30837435573066], [-81.10148912947868, 48.30208005499381], [-81.08991782553056, 48.301207955500686], [-81.09551652846632, 48.30991225649698], [-81.10523723150207, 48.30837435573066]]]}, "properties": {"OBJECTID": 7137}}, {"type": "Feature", "id": 7138, "geometry": {"type": "Polygon", "coordinates": [[[-81.10804753352815, 48.31719755689785], [-81.10718683259925, 48.31200725616763], [-81.09604832902504, 48.31299775693011], [-81.10551073263184, 48.31675905697207], [-81.10804753352815, 48.31719755689785]]]}, "properties": {"OBJECTID": 7138}}, {"type": "Feature", "id": 7169, "geometry": {"type": "Polygon", "coordinates": [[[-84.83444831430673, 48.0348542975074], [-84.83319231371145, 48.033453997380064], [-84.83296841366966, 48.033674697426115], [-84.83244771353793, 48.033934797496165], [-84.83225221350044, 48.0341200975353], [-84.83197731343355, 48.03427679757512], [-84.83134271324272, 48.0343727976282], [-84.83049901296691, 48.03433889767523], [-84.83038941293881, 48.034390797689525], [-84.83038421321663, 48.036433197988366], [-84.83167261362917, 48.03642159790734], [-84.83168031356266, 48.03591779783325], [-84.83444831430673, 48.0348542975074]]]}, "properties": {"OBJECTID": 7169}}, {"type": "Feature", "id": 7261, "geometry": {"type": "Polygon", "coordinates": [[[-84.83108591150513, 48.02227489587545], [-84.82986471115875, 48.02261179599983], [-84.82888051090266, 48.023052096124786], [-84.82809261068189, 48.02328909620794], [-84.8275799105269, 48.02336039624992], [-84.82634851034084, 48.02489369654991], [-84.8280351111124, 48.0265721966915], [-84.8292015114017, 48.025946396528255], [-84.8300955117479, 48.02637719653622], [-84.83087481208162, 48.0269857965772], [-84.83177031233598, 48.02674179648644], [-84.83065161177548, 48.02527199634036], [-84.82988981147822, 48.024888696331246], [-84.82999721146868, 48.024566796277554], [-84.82995791140921, 48.024224096229894], [-84.83018801138897, 48.02353569611507], [-84.83108591150513, 48.02227489587545]]]}, "properties": {"OBJECTID": 7261}}, {"type": "Feature", "id": 7271, "geometry": {"type": "Polygon", "coordinates": [[[-81.08141820921234, 48.19174383952492], [-81.08420010988317, 48.189699539064364], [-81.0812656087992, 48.18879293908918], [-81.07934540846584, 48.19125943956587], [-81.08141820921234, 48.19174383952492]]]}, "properties": {"OBJECTID": 7271}}, {"type": "Feature", "id": 7305, "geometry": {"type": "Polygon", "coordinates": [[[-84.82227880731037, 48.01229159495728], [-84.81877800623168, 48.01263009522213], [-84.81725050573684, 48.01260099531183], [-84.81661640563222, 48.013326795457], [-84.81695490590414, 48.014520895610815], [-84.8180710064698, 48.016035795763784], [-84.82240190786419, 48.016054995500156], [-84.82332620764227, 48.01225749488781], [-84.82227880731037, 48.01229159495728]]]}, "properties": {"OBJECTID": 7305}}, {"type": "Feature", "id": 7345, "geometry": {"type": "Polygon", "coordinates": [[[-81.62991464312654, 48.605569270666145], [-81.6325446431416, 48.59888926953096], [-81.63042464235326, 48.59822926955323], [-81.63065464232822, 48.597439269423546], [-81.62673464102599, 48.59742926964341], [-81.6266946411103, 48.59818926975795], [-81.61473463718191, 48.598509270480506], [-81.61471463812634, 48.6059192715762], [-81.62991464312654, 48.605569270666145]]]}, "properties": {"OBJECTID": 7345}}, {"type": "Feature", "id": 7467, "geometry": {"type": "Polygon", "coordinates": [[[-84.93395048162607, 48.29032002850678], [-84.93410898145542, 48.28873042826689], [-84.93145608059035, 48.28865572842086], [-84.9311334804831, 48.28863192843746], [-84.93030258019829, 48.2885089284713], [-84.92980338003875, 48.28851792850357], [-84.92910868002531, 48.290026028765034], [-84.92968218023158, 48.29018032875169], [-84.92997208034825, 48.29034742875786], [-84.93395048162607, 48.29032002850678]]]}, "properties": {"OBJECTID": 7467}}, {"type": "Feature", "id": 7511, "geometry": {"type": "Polygon", "coordinates": [[[-83.0318730437021, 48.88342642995672], [-83.03034884291853, 48.88136992975042], [-83.02912354256577, 48.88174422987737], [-83.03065274335304, 48.88381543008552], [-83.0318730437021, 48.88342642995672]]]}, "properties": {"OBJECTID": 7511}}, {"type": "Feature", "id": 7514, "geometry": {"type": "Polygon", "coordinates": [[[-83.05918564268568, 48.81006321772619], [-83.05869094257504, 48.81044651781106], [-83.05874584277562, 48.811786018001655], [-83.06114154355855, 48.81174321785305], [-83.06102174334542, 48.810468617675696], [-83.05918564268568, 48.81006321772619]]]}, "properties": {"OBJECTID": 7514}}, {"type": "Feature", "id": 7517, "geometry": {"type": "Polygon", "coordinates": [[[-83.06019634283177, 48.808693117467755], [-83.06019984262834, 48.80719141725016], [-83.05843944164778, 48.80424711692856], [-83.0546603404486, 48.804577817201015], [-83.05344044007755, 48.80480201730594], [-83.05528764121124, 48.80866071775477], [-83.05626494153985, 48.80871101770398], [-83.05786654211526, 48.8090640176599], [-83.05942854259563, 48.80881531753109], [-83.06019634283177, 48.808693117467755]]]}, "properties": {"OBJECTID": 7517}}, {"type": "Feature", "id": 7527, "geometry": {"type": "Polygon", "coordinates": [[[-83.45863734717994, 47.86306485499417], [-83.45853064714323, 47.863048654998046], [-83.45843334710953, 47.86303215500131], [-83.45822344703679, 47.86299585500825], [-83.4581635470159, 47.86298465501011], [-83.45809014699005, 47.86296895501207], [-83.45792954693347, 47.86293455501639], [-83.45676064652191, 47.86268465504798], [-83.45538024603584, 47.8623893550852], [-83.45416464559878, 47.86205955510755], [-83.45392374550869, 47.86196785510807], [-83.45376344544806, 47.86190105510754], [-83.45361654539184, 47.861835055106354], [-83.4534369453222, 47.86174755510386], [-83.45330004526849, 47.861675655101244], [-83.45319914522854, 47.861620155098855], [-83.45308134518136, 47.86155105509553], [-83.45291174511344, 47.861451655090704], [-83.45289944511099, 47.86146365509318], [-83.45286444510992, 47.86154265510703], [-83.45286754512333, 47.8616383551211], [-83.45286784512419, 47.86164425512198], [-83.45289924514715, 47.86174255513477], [-83.4529285451636, 47.86179595514103], [-83.45297414519348, 47.86191195515561], [-83.45297794520523, 47.86199285516744], [-83.45297474523221, 47.86220885519985], [-83.4529849452636, 47.862424655231386], [-83.45305974530984, 47.86259395525221], [-83.45319104538248, 47.86282515527896], [-83.45330594544161, 47.862993655297295], [-83.45330324547, 47.863218655330975], [-83.45322944546382, 47.86335525535569], [-83.45314144545071, 47.86347405537857], [-83.45312364545158, 47.86352535538727], [-83.4530943454531, 47.86361005540161], [-83.4530585454533, 47.86370085541726], [-83.45304904546072, 47.86378195542989], [-83.4528679454189, 47.8639118554599], [-83.45263954534192, 47.86388975547009], [-83.4524478452674, 47.86379485546719], [-83.45225574519161, 47.863690955463014], [-83.45216924514631, 47.86355785544829], [-83.45216164512281, 47.86339605542464], [-83.45199794506078, 47.86332755542405], [-83.45183804501056, 47.86333995543532], [-83.45172084498104, 47.86340545545192], [-83.45163404497185, 47.863551255478804], [-83.45158534496903, 47.86365135549659], [-83.45154464499103, 47.863922155539335], [-83.45153354503071, 47.864255255589605], [-83.45130624499386, 47.86453905564526], [-83.45123964500989, 47.86482845569235], [-83.45115384500335, 47.8649922557218], [-83.45130664506888, 47.865114955731066], [-83.45151724516467, 47.865326455750214], [-83.45167314523933, 47.86551205576871], [-83.45177174528507, 47.86561795577868], [-83.45180604531713, 47.86577915580067], [-83.4518103453302, 47.86586905581379], [-83.45185804536665, 47.86603005583501], [-83.45193154540897, 47.86617245585186], [-83.45201594544778, 47.86626055586005], [-83.45230244555631, 47.866380455861076], [-83.45237644559998, 47.86653185587929], [-83.4520986455551, 47.866879755947494], [-83.45225324562583, 47.867038355961974], [-83.45252384572223, 47.86710455595591], [-83.45267164577209, 47.867119455949435], [-83.45309874590826, 47.867101255921575], [-83.45334304599731, 47.86717705591855], [-83.4534980460694, 47.86734475593437], [-83.45368634613348, 47.86736765592674], [-83.45388454619139, 47.86731845590771], [-83.45397424620968, 47.8672355558901], [-83.45397134620055, 47.86717265588089], [-83.45398344620092, 47.86714535587612], [-83.45414414625381, 47.867150955867515], [-83.45454664638791, 47.867178355847855], [-83.45487484651446, 47.867333255851676], [-83.45474274651295, 47.867651055906805], [-83.45488654658725, 47.86786395593002], [-83.45496274663752, 47.8680602559548], [-83.45499704666958, 47.86822145597678], [-83.45513954673993, 47.86840735599611], [-83.45527344682046, 47.86869245603069], [-83.45529484684955, 47.86886295605486], [-83.4552698468462, 47.86889955606178], [-83.4548349467227, 47.86903475610751], [-83.45464214668178, 47.86920085614361], [-83.45483554676153, 47.869331756151716], [-83.45521004688308, 47.86933265612985], [-83.45566514703178, 47.86934095610429], [-83.45561804703424, 47.8694769561273], [-83.45542364698802, 47.86960705615812], [-83.45529304695425, 47.86967285617563], [-83.45507644689917, 47.8697895562058], [-83.45715494756784, 47.86974745607715], [-83.45863734717994, 47.86306485499417]]]}, "properties": {"OBJECTID": 7527}}, {"type": "Feature", "id": 7549, "geometry": {"type": "Polygon", "coordinates": [[[-84.94987646262082, 48.82468630411395], [-84.94827096209214, 48.82463070420711], [-84.94895666249168, 48.825857504338195], [-84.94987206268307, 48.8251270041768], [-84.94987646262082, 48.82468630411395]]]}, "properties": {"OBJECTID": 7549}}, {"type": "Feature", "id": 7667, "geometry": {"type": "Polygon", "coordinates": [[[-80.8567334786789, 48.54854920529354], [-80.8620121804411, 48.54856480500571], [-80.86357048095533, 48.548521604913624], [-80.86387828060822, 48.54491450435943], [-80.8620085799834, 48.544903204460546], [-80.85674327823861, 48.544991304763016], [-80.8567334786789, 48.54854920529354]]]}, "properties": {"OBJECTID": 7667}}, {"type": "Feature", "id": 7686, "geometry": {"type": "Polygon", "coordinates": [[[-84.0043978896499, 48.35380239474374], [-84.00229808904731, 48.354386594956], [-84.00346308963593, 48.35592859511025], [-84.00502569008906, 48.355528394957325], [-84.0043978896499, 48.35380239474374]]]}, "properties": {"OBJECTID": 7686}}, {"type": "Feature", "id": 7766, "geometry": {"type": "Polygon", "coordinates": [[[-81.44376996301399, 48.46162875980384], [-81.44920146481493, 48.46162195949888], [-81.44920406435786, 48.45800245896065], [-81.44377716255836, 48.458007359265], [-81.44376996301399, 48.46162875980384]]]}, "properties": {"OBJECTID": 7766}}, {"type": "Feature", "id": 7770, "geometry": {"type": "Polygon", "coordinates": [[[-81.89469883670428, 48.6501228622028], [-81.89984493841172, 48.650136761911284], [-81.89981323777354, 48.64530596120243], [-81.89454523602365, 48.64527506149835], [-81.89469883670428, 48.6501228622028]]]}, "properties": {"OBJECTID": 7770}}, {"type": "Feature", "id": 7771, "geometry": {"type": "Polygon", "coordinates": [[[-81.0804110223439, 48.300954155986304], [-81.08363502351718, 48.301788555933825], [-81.08554442374442, 48.29850335533607], [-81.08248292267963, 48.29810965544563], [-81.0804110223439, 48.300954155986304]]]}, "properties": {"OBJECTID": 7771}}, {"type": "Feature", "id": 7774, "geometry": {"type": "Polygon", "coordinates": [[[-81.64089025144698, 48.64193677541286], [-81.64080185035156, 48.63365627419647], [-81.6342853481826, 48.633613574558616], [-81.63597804889427, 48.63477677463453], [-81.63597884889462, 48.63477737463458], [-81.63598044889531, 48.634778474634686], [-81.63598084889547, 48.63477877463466], [-81.63598104889559, 48.634778874634684], [-81.63651904912605, 48.635181974663695], [-81.63651924912618, 48.63518217466376], [-81.6365221491274, 48.635184474663944], [-81.63652334912793, 48.63518557466399], [-81.63679884925209, 48.63543927468588], [-81.63680024925269, 48.63544057468601], [-81.63680254925379, 48.63544307468623], [-81.63680294925395, 48.63544347468625], [-81.63703284936516, 48.63571437471319], [-81.637034549366, 48.63571657471345], [-81.63703594936673, 48.635718474713634], [-81.63722364946578, 48.63600417474519], [-81.63722404946607, 48.63600497474526], [-81.6372256494669, 48.63600767474556], [-81.63722584946706, 48.6360079747456], [-81.6373446495371, 48.63624577477395], [-81.63734574953776, 48.6362482747743], [-81.63734674953845, 48.636251074774655], [-81.63734704953869, 48.63625217477477], [-81.63751784967937, 48.636904274861344], [-81.63751834967978, 48.63690617486156], [-81.63751874968027, 48.636909074862], [-81.63751884968057, 48.636911074862276], [-81.63752824972302, 48.637216874906834], [-81.63752824972313, 48.63721777490699], [-81.63752814972351, 48.63722077490743], [-81.63752764972372, 48.637223674907865], [-81.63752764972376, 48.63722397490792], [-81.63746364974178, 48.637529074956525], [-81.6374629497419, 48.63753167495697], [-81.63746204974187, 48.63753417495739], [-81.63734254974169, 48.63784067500938], [-81.63734234974167, 48.637841075009405], [-81.63734124974162, 48.63784367500987], [-81.63718604972988, 48.63815267506424], [-81.63718594972984, 48.63815287506428], [-81.63718464972976, 48.63815517506469], [-81.63643154963997, 48.63940007529085], [-81.6363387496356, 48.63960547532643], [-81.63633834963552, 48.639606275326585], [-81.63618454963165, 48.63997257538928], [-81.63614524965907, 48.64028697543786], [-81.6361504497013, 48.640601875484045], [-81.63620284975819, 48.640908475526295], [-81.6362992498275, 48.64119807556352], [-81.63638424987458, 48.64134437558036], [-81.63662735000514, 48.6417317756237], [-81.63680975009198, 48.64193567564349], [-81.6368180500943, 48.641932375642526], [-81.64089025144698, 48.64193677541286]]]}, "properties": {"OBJECTID": 7774}}, {"type": "Feature", "id": 7775, "geometry": {"type": "Polygon", "coordinates": [[[-81.62881434650907, 48.63472427503175], [-81.63589284948526, 48.63958817534905], [-81.63659484957036, 48.63843817513975], [-81.6350265487495, 48.63610637488448], [-81.62978614663463, 48.633192374750784], [-81.62881434650907, 48.63472427503175]]]}, "properties": {"OBJECTID": 7775}}, {"type": "Feature", "id": 7780, "geometry": {"type": "Polygon", "coordinates": [[[-81.1086637469019, 48.42308697269976], [-81.10738494679134, 48.42560727314666], [-81.11196564821894, 48.42484717277994], [-81.11116344768297, 48.42268877250211], [-81.1086637469019, 48.42308697269976]]]}, "properties": {"OBJECTID": 7780}}, {"type": "Feature", "id": 7781, "geometry": {"type": "Polygon", "coordinates": [[[-81.01014599155907, 48.24041555075929], [-81.0102270917099, 48.24142325090632], [-81.01277249249247, 48.24091915069091], [-81.01234129226755, 48.24025345061447], [-81.01014599155907, 48.24041555075929]]]}, "properties": {"OBJECTID": 7781}}, {"type": "Feature", "id": 7782, "geometry": {"type": "Polygon", "coordinates": [[[-81.87047111229462, 48.523459344905504], [-81.87054501287408, 48.527768045538004], [-81.87129361325094, 48.52877004564354], [-81.87599281480055, 48.52872534536977], [-81.87590131408649, 48.52341814459076], [-81.87047111229462, 48.523459344905504]]]}, "properties": {"OBJECTID": 7782}}, {"type": "Feature", "id": 7793, "geometry": {"type": "Polygon", "coordinates": [[[-80.86721048216518, 48.548489804708794], [-80.86728448173747, 48.54486230416445], [-80.86387828060822, 48.54491450435943], [-80.86357048095533, 48.548521604913624], [-80.86721048216518, 48.548489804708794]]]}, "properties": {"OBJECTID": 7793}}, {"type": "Feature", "id": 7850, "geometry": {"type": "Polygon", "coordinates": [[[-80.87253277294556, 47.63323516595428], [-80.8734474730479, 47.63154516564536], [-80.87207237255453, 47.6312051656672], [-80.87115767245216, 47.63289516597611], [-80.87253277294556, 47.63323516595428]]]}, "properties": {"OBJECTID": 7850}}, {"type": "Feature", "id": 7897, "geometry": {"type": "Polygon", "coordinates": [[[-84.81798270271028, 47.988707691769996], [-84.81961310322482, 47.988639891659815], [-84.8196822031281, 47.987768091527926], [-84.81806220263415, 47.98796219165596], [-84.81804290265256, 47.988142791683565], [-84.81798270271028, 47.988707691769996]]]}, "properties": {"OBJECTID": 7897}}, {"type": "Feature", "id": 7898, "geometry": {"type": "Polygon", "coordinates": [[[-85.10677130048926, 48.73494858147302], [-85.10801190067032, 48.733421581177595], [-85.10566099979789, 48.73264518121553], [-85.10449609966345, 48.734326381528156], [-85.10677130048926, 48.73494858147302]]]}, "properties": {"OBJECTID": 7898}}, {"type": "Feature", "id": 7899, "geometry": {"type": "Polygon", "coordinates": [[[-84.00493988994685, 48.35468939484023], [-84.00616759034764, 48.354703394767924], [-84.00639279024254, 48.35339549456368], [-84.0047871897189, 48.353380694658696], [-84.00478108976225, 48.35371339470756], [-84.00466008975319, 48.35393519474724], [-84.00493988994685, 48.35468939484023]]]}, "properties": {"OBJECTID": 7899}}, {"type": "Feature", "id": 8001, "geometry": {"type": "Polygon", "coordinates": [[[-81.01974223944703, 48.59983010393042], [-81.01978513889054, 48.59529150325413], [-81.01238553642153, 48.59527000366027], [-81.01237033698945, 48.59982750433787], [-81.01974223944703, 48.59983010393042]]]}, "properties": {"OBJECTID": 8001}}, {"type": "Feature", "id": 24961, "geometry": {"type": "Polygon", "coordinates": [[[-84.10717129820662, 48.89441326648594], [-84.10716929819314, 48.894322566473114], [-84.10715939812653, 48.8938746664097], [-84.1071335979522, 48.89270176624376], [-84.10712609790153, 48.8923607661955], [-84.10650919770231, 48.89237806623589], [-84.10644139768041, 48.892379966240355], [-84.10627869762789, 48.89238446625099], [-84.10524869747461, 48.8936811664996], [-84.10580459771933, 48.89412666652907], [-84.10608329784205, 48.89434996654378], [-84.10717129820662, 48.89441326648594]]]}, "properties": {"OBJECTID": 24961}}, {"type": "Feature", "id": 24977, "geometry": {"type": "Polygon", "coordinates": [[[-84.54074710827925, 47.949747803019804], [-84.54237680858739, 47.948145102684876], [-84.54169170833455, 47.94790540269141], [-84.54156710830625, 47.94799280271184], [-84.53991590770939, 47.947507502741026], [-84.53890990756285, 47.94882090299542], [-84.53870220753262, 47.94909210304794], [-84.54074710827925, 47.949747803019804]]]}, "properties": {"OBJECTID": 24977}}, {"type": "Feature", "id": 31361, "geometry": {"type": "Polygon", "coordinates": [[[-84.80765159932025, 47.988186892328706], [-84.80694209904625, 47.987849392322886], [-84.80631339887496, 47.98807459239448], [-84.80622199885012, 47.988107392404906], [-84.80415199828613, 47.98884879264071], [-84.80412029828248, 47.98889679264966], [-84.80402299827134, 47.989044292677214], [-84.80419259838393, 47.98947049272919], [-84.8047393985684, 47.98953489270509], [-84.80617369893872, 47.9888709925197], [-84.80765159932025, 47.988186892328706]]]}, "properties": {"OBJECTID": 31361}}, {"type": "Feature", "id": 31377, "geometry": {"type": "Polygon", "coordinates": [[[-84.80694209904625, 47.987849392322886], [-84.80554159850388, 47.98717159230971], [-84.8054710984766, 47.98713749230904], [-84.8054261984664, 47.9871682923163], [-84.8041456981749, 47.98804789252382], [-84.80414649818904, 47.98814959253862], [-84.80415199828613, 47.98884879264071], [-84.80622199885012, 47.988107392404906], [-84.80631339887496, 47.98807459239448], [-84.80694209904625, 47.987849392322886]]]}, "properties": {"OBJECTID": 31377}}, {"type": "Feature", "id": 50929, "geometry": {"type": "Polygon", "coordinates": [[[-84.46194923263924, 48.314770461185766], [-84.46438983320684, 48.31315976080208], [-84.46646703357887, 48.31098306035848], [-84.46588173336667, 48.31081726037025], [-84.46561713326665, 48.31071246037127], [-84.46455393287854, 48.31039206038989], [-84.46404773269717, 48.310263860402266], [-84.46348723249926, 48.310143560419185], [-84.46266983221994, 48.31003556045364], [-84.46183843193732, 48.30993616049017], [-84.4612896317482, 48.309852060511545], [-84.45924433103569, 48.30948296058328], [-84.45561152987295, 48.30957356081916], [-84.45384832966523, 48.31220686130993], [-84.4540709299053, 48.313426461473526], [-84.45985583196928, 48.3148231613218], [-84.46194923263924, 48.314770461185766]]]}, "properties": {"OBJECTID": 50929}}, {"type": "Feature", "id": 62081, "geometry": {"type": "Polygon", "coordinates": [[[-80.85112997412932, 48.52702750239466], [-80.85114527427662, 48.52817000256408], [-80.8580588765782, 48.52814270218025], [-80.8582457761421, 48.52413960157332], [-80.85112157378767, 48.52430530198935], [-80.851251773504, 48.52167730159041], [-80.85122357349321, 48.52166600159022], [-80.85123497349693, 48.5216657015896], [-80.8490153724141, 48.51891000130059], [-80.84889247224103, 48.51784820114903], [-80.84801397196202, 48.51795950121385], [-80.84837377227174, 48.519484901421556], [-80.84553547132448, 48.519476601576166], [-80.84376697044482, 48.51714420132546], [-80.84192506995747, 48.51816270157843], [-80.84039456952475, 48.51878590175537], [-80.8397020693519, 48.519252701863024], [-80.83936696933576, 48.52002140199602], [-80.83940416946793, 48.52098410213752], [-80.83980456969996, 48.52177640223367], [-80.84516047148794, 48.5217950019424], [-80.84516367148966, 48.52180040194305], [-80.84747177278918, 48.526059602451255], [-80.85109317411127, 48.526981402389794], [-80.85112997412932, 48.52702750239466]]]}, "properties": {"OBJECTID": 62081}}, {"type": "Feature", "id": 85441, "geometry": {"type": "Polygon", "coordinates": [[[-84.36696850229973, 48.31768166742474], [-84.36640400214733, 48.31790266749142], [-84.36532650182967, 48.318129867590315], [-84.3643244015874, 48.31872776773852], [-84.36286360116047, 48.31906316787659], [-84.36312260145291, 48.32058076808145], [-84.3625010013981, 48.32164616827436], [-84.36084310096489, 48.32239996848533], [-84.36072660109379, 48.32361196866868], [-84.36394730214684, 48.3236858684825], [-84.36444530213154, 48.32240166826529], [-84.36585600253215, 48.32199306811966], [-84.36835010320041, 48.320979467819754], [-84.37024860375304, 48.320528067638044], [-84.36901150323352, 48.319662967587924], [-84.36850170302482, 48.31934536757289], [-84.36762520263188, 48.31855146751103], [-84.36696850229973, 48.31768166742474]]]}, "properties": {"OBJECTID": 85441}}, {"type": "Feature", "id": 85457, "geometry": {"type": "Polygon", "coordinates": [[[-84.3656295015874, 48.315653467211625], [-84.36448000122273, 48.31570806728984], [-84.362897200866, 48.31684146755147], [-84.36325010122624, 48.318631167790166], [-84.36386390140713, 48.31850126773375], [-84.36449110155652, 48.318110767638565], [-84.3650175016903, 48.31784386756758], [-84.36586220194174, 48.31768326749257], [-84.36684940221872, 48.317372967387136], [-84.36629550193375, 48.31660446730925], [-84.3656295015874, 48.315653467211625]]]}, "properties": {"OBJECTID": 85457}}, {"type": "Feature", "id": 87361, "geometry": {"type": "Polygon", "coordinates": [[[-84.78561600408716, 48.074881106360905], [-84.78562450406277, 48.074683306331465], [-84.79106450580485, 48.074626105988294], [-84.7965222074958, 48.07415510558354], [-84.79580480659484, 48.06926450491354], [-84.79635020665705, 48.06843820475934], [-84.79503610622972, 48.0684040048352], [-84.79278630566041, 48.06953050513819], [-84.7921056054286, 48.06943640516634], [-84.79239300520254, 48.06711150480915], [-84.78930450425527, 48.06744800504835], [-84.78732450372533, 48.068228705284234], [-84.78657170357236, 48.06888000542564], [-84.78514720324723, 48.06985130565517], [-84.78542020344915, 48.07068440576006], [-84.785730103631, 48.07128420582856], [-84.78655280401247, 48.07213690590247], [-84.78591360391856, 48.0729523060609], [-84.7839603035255, 48.074669206431835], [-84.78395140355096, 48.074876006462596], [-84.78561600408716, 48.074881106360905]]]}, "properties": {"OBJECTID": 87361}}, {"type": "Feature", "id": 88017, "geometry": {"type": "Polygon", "coordinates": [[[-81.94714762123294, 47.59539300126285], [-81.9424397196105, 47.594711901421555], [-81.93987861917688, 47.59802620206961], [-81.94244962022229, 47.599705702182256], [-81.94571162121774, 47.59912100191124], [-81.94714762123294, 47.59539300126285]]]}, "properties": {"OBJECTID": 88017}}, {"type": "Feature", "id": 88657, "geometry": {"type": "Polygon", "coordinates": [[[-84.78561600408716, 48.074881106360905], [-84.78562450406277, 48.074683306331465], [-84.79106450580485, 48.074626105988294], [-84.7965222074958, 48.07415510558354], [-84.79580480659484, 48.06926450491354], [-84.79635020665705, 48.06843820475934], [-84.79503610622972, 48.0684040048352], [-84.79278630566041, 48.06953050513819], [-84.7921056054286, 48.06943640516634], [-84.79239300520254, 48.06711150480915], [-84.78930450425527, 48.06744800504835], [-84.78732450372533, 48.068228705284234], [-84.78657170357236, 48.06888000542564], [-84.78514720324723, 48.06985130565517], [-84.78542020344915, 48.07068440576006], [-84.785730103631, 48.07128420582856], [-84.78655280401247, 48.07213690590247], [-84.78591360391856, 48.0729523060609], [-84.7839603035255, 48.074669206431835], [-84.78395140355096, 48.074876006462596], [-84.78561600408716, 48.074881106360905]]]}, "properties": {"OBJECTID": 88657}}, {"type": "Feature", "id": 96961, "geometry": {"type": "Polygon", "coordinates": [[[-80.88924689689873, 48.607558012283086], [-80.8891892963736, 48.60351901168606], [-80.88918809636237, 48.60343231167324], [-80.88849879610835, 48.6032406116827], [-80.88557459510942, 48.60305451181611], [-80.88774959639898, 48.60755651236535], [-80.88878339674406, 48.607557512308546], [-80.88924689689873, 48.607558012283086]]]}, "properties": {"OBJECTID": 96961}}, {"type": "Feature", "id": 99857, "geometry": {"type": "Polygon", "coordinates": [[[-84.8347267121738, 48.01860949511539], [-84.83992251321081, 48.013983494119046], [-84.83933011285286, 48.01275769397625], [-84.83758851228758, 48.0127158940773], [-84.83461101150775, 48.01400949444972], [-84.83146221035626, 48.012987294494025], [-84.82824310962968, 48.015238895021405], [-84.82603170891456, 48.01520599515264], [-84.82588260930781, 48.01843339563386], [-84.8347267121738, 48.01860949511539]]]}, "properties": {"OBJECTID": 99857}}, {"type": "Feature", "id": 107521, "geometry": {"type": "Polygon", "coordinates": [[[-84.55832416687174, 48.33694065848486], [-84.5593144672945, 48.337681458531385], [-84.56343816856653, 48.337238158213346], [-84.56492126873654, 48.33500215779783], [-84.56547376856442, 48.33246755739621], [-84.5642115681775, 48.33262075749609], [-84.5629016677178, 48.33235905753871], [-84.56264256756356, 48.33184965748076], [-84.56286126746932, 48.330657657294395], [-84.56351856757546, 48.32988875714244], [-84.56215236694798, 48.32854615703168], [-84.56172936682492, 48.32864515707209], [-84.56092316663285, 48.329140857193586], [-84.56035766648571, 48.329398857265794], [-84.5599737663791, 48.32952565730782], [-84.559736666364, 48.32997055738694], [-84.55917486628525, 48.330714357529416], [-84.55859086618565, 48.33135885765881], [-84.55819886610003, 48.331656357726104], [-84.55760306599156, 48.33226455785098], [-84.55747586600607, 48.332666757917146], [-84.55745746617063, 48.333899058097], [-84.55779006637003, 48.33456295817284], [-84.55811476655069, 48.3351096582322], [-84.55816936660585, 48.335380758268116], [-84.55804346661708, 48.335756058330325], [-84.55802426670546, 48.33643945843065], [-84.55832416687174, 48.33694065848486]]]}, "properties": {"OBJECTID": 107521}}, {"type": "Feature", "id": 115537, "geometry": {"type": "Polygon", "coordinates": [[[-83.36564381201099, 47.824445954695605], [-83.36110791052137, 47.824305454940585], [-83.36036051047166, 47.825796455207055], [-83.35882231023496, 47.8278257556003], [-83.35823881013444, 47.82851255573706], [-83.3587229104147, 47.829465455851], [-83.35869491066865, 47.831499656156375], [-83.35957751103297, 47.83210235619463], [-83.36069671131048, 47.83144045603022], [-83.36240391181674, 47.831072355875136], [-83.36562151232025, 47.82689385506249], [-83.36564381201099, 47.824445954695605]]]}, "properties": {"OBJECTID": 115537}}, {"type": "Feature", "id": 136033, "geometry": {"type": "Polygon", "coordinates": [[[-81.00877602800625, 48.537786995314434], [-81.00906612719594, 48.5305440942204], [-81.00392762548361, 48.530536494503025], [-81.00364772629915, 48.53779539559886], [-81.00877602800625, 48.537786995314434]]]}, "properties": {"OBJECTID": 136033}}, {"type": "Feature", "id": 136321, "geometry": {"type": "Polygon", "coordinates": [[[-81.40723162733997, 48.27412843387442], [-81.40723122689062, 48.270530933335976], [-81.40184342510717, 48.27053103363577], [-81.40184342555625, 48.274128334174215], [-81.40723162733997, 48.27412843387442]]]}, "properties": {"OBJECTID": 136321}}, {"type": "Feature", "id": 136353, "geometry": {"type": "Polygon", "coordinates": [[[-80.95625679792664, 47.61113785804501], [-80.95804479851321, 47.61111835794555], [-80.95762679824828, 47.61004055780248], [-80.95625679779712, 47.61004055787643], [-80.95625679792664, 47.61113785804501]]]}, "properties": {"OBJECTID": 136353}}, {"type": "Feature", "id": 136977, "geometry": {"type": "Polygon", "coordinates": [[[-81.44534285425406, 48.38808954876982], [-81.44538015466519, 48.391256149239624], [-81.44760905540507, 48.39126554911651], [-81.44759015499834, 48.38808584864375], [-81.44759005499772, 48.388080848643], [-81.44534285425406, 48.38808954876982]]]}, "properties": {"OBJECTID": 136977}}, {"type": "Feature", "id": 138321, "geometry": {"type": "Polygon", "coordinates": [[[-81.44374756346352, 48.465240560341954], [-81.44403356380778, 48.467211360618876], [-81.44596736450855, 48.46767956058022], [-81.4449392639733, 48.466145160409745], [-81.44688366461742, 48.46613766029978], [-81.44689286450544, 48.465228960164225], [-81.44374756346352, 48.465240560341954]]]}, "properties": {"OBJECTID": 138321}}, {"type": "Feature", "id": 159681, "geometry": {"type": "Polygon", "coordinates": [[[-82.24412178570182, 48.134575665866464], [-82.24374708527131, 48.1321594655271], [-82.24197058481911, 48.133190865782375], [-82.24165418466123, 48.132766965737126], [-82.24081268445927, 48.13335186587242], [-82.24082778454408, 48.13397946596529], [-82.24024988435497, 48.13398486599901], [-82.24028428453838, 48.135337666199035], [-82.24270308532972, 48.13531326605752], [-82.24268588523219, 48.13459116595066], [-82.24412178570182, 48.134575665866464]]]}, "properties": {"OBJECTID": 159681}}, {"type": "Feature", "id": 168641, "geometry": {"type": "Polygon", "coordinates": [[[-82.58850241382116, 48.25194386355601], [-82.59321251472711, 48.247011162552425], [-82.58700081234383, 48.24434396251603], [-82.58226511143619, 48.24933066352907], [-82.58850241382116, 48.25194386355601]]]}, "properties": {"OBJECTID": 168641}}]}