{"type": "FeatureCollection", "features": [{"type": "Feature", "id": 2, "geometry": {"type": "Polygon", "coordinates": [[[-80.90020679255093, 48.543558602159365], [-80.90127589290633, 48.543550602099344], [-80.90125469284787, 48.54313900203923], [-80.90104099276753, 48.54306570204007], [-80.90054609260206, 48.54306190206674], [-80.90038679252913, 48.54290320205189], [-80.90036979247213, 48.542491601991536], [-80.90029279244573, 48.542485901994944], [-80.90020679255093, 48.543558602159365]]]}, "properties": {"OBJECTID": 2}}, {"type": "Feature", "id": 18, "geometry": {"type": "Polygon", "coordinates": [[[-80.86589348232417, 48.55328510549527], [-80.86574668224458, 48.553039805466845], [-80.86537268212389, 48.553071905492175], [-80.86516778207402, 48.55322010552552], [-80.86529468214302, 48.553433905550364], [-80.86555678221319, 48.5532959055154], [-80.86557498221815, 48.55328700551308], [-80.86559658222453, 48.553280205510895], [-80.86561948223174, 48.55327690550913], [-80.86564528224005, 48.553274705507405], [-80.86589348232417, 48.55328510549527]]]}, "properties": {"OBJECTID": 18}}, {"type": "Feature", "id": 67, "geometry": {"type": "Polygon", "coordinates": [[[-83.39133290293076, 48.45028844563933], [-83.39200100306914, 48.4496942455127], [-83.39207620308736, 48.44964664550125], [-83.39271980324204, 48.44923284540243], [-83.39327960339031, 48.44897484533143], [-83.39358470345981, 48.44875034528046], [-83.39380940350627, 48.4485499452378], [-83.39402600352923, 48.44819454517292], [-83.39415960357302, 48.448195145165066], [-83.39485360380004, 48.44819644512393], [-83.39487850380672, 48.448185845120896], [-83.39491520381604, 48.448165945115825], [-83.3949543038246, 48.44813474510893], [-83.39499750383193, 48.44808434509896], [-83.39508780384291, 48.44794644507346], [-83.39529120386845, 48.44764194501683], [-83.39543980389115, 48.4474498449799], [-83.39563600392555, 48.44722874493593], [-83.39580730394333, 48.44694514488428], [-83.39589610391809, 48.44654174482], [-83.39587810386307, 48.44617664476772], [-83.3958705038099, 48.44580004471317], [-83.39581710373643, 48.44538384465549], [-83.39574050365079, 48.444933344594226], [-83.39567590357329, 48.444514144536825], [-83.39565750350258, 48.4440331444676], [-83.39572430343885, 48.44339744437074], [-83.39569340337441, 48.44299324431351], [-83.39571490333644, 48.442658744263326], [-83.39572190331297, 48.442467444234914], [-83.39577510329755, 48.442223344196094], [-83.39589360330174, 48.44196674415152], [-83.3960851033223, 48.441654544094504], [-83.39635000335791, 48.44127564402335], [-83.39673670342424, 48.44082904393501], [-83.39706470347497, 48.440409443854136], [-83.39727610346692, 48.43983594375776], [-83.39736620343034, 48.43934484368057], [-83.39735290336034, 48.43885704361007], [-83.39727490327019, 48.43837614354443], [-83.39707040312165, 48.43776864346781], [-83.39687050298733, 48.43725544340468], [-83.39651640278348, 48.43660044333001], [-83.39615840261197, 48.43619514329207], [-83.39562290237377, 48.43572494325523], [-83.3951915021859, 48.43537624322991], [-83.3947570020037, 48.43507714321205], [-83.39422770179965, 48.43484644320985], [-83.39366150158703, 48.43464114321353], [-83.39304480135334, 48.43440204321532], [-83.39230530108746, 48.434221743232975], [-83.39154850081214, 48.434013743247625], [-83.39083640055479, 48.43383054326319], [-83.3903050003598, 48.43367184327165], [-83.38972680015445, 48.433549943288234], [-83.389039699914, 48.43343154331184], [-83.38836039966819, 48.43325444332635], [-83.38771369943188, 48.4330688433377], [-83.38694439914815, 48.43282844334834], [-83.38634769892879, 48.43264734335743], [-83.38626369889798, 48.43262204335873], [-83.38543239861846, 48.43256394339972], [-83.38468099837469, 48.43257734344639], [-83.38381049809476, 48.432611143503124], [-83.3832013978998, 48.43264174354386], [-83.38245519765711, 48.43265044358952], [-83.38181349745128, 48.43267954363196], [-83.3816718974013, 48.43265204363637], [-83.38121349723944, 48.43256264365061], [-83.38067069702214, 48.43226564363949], [-83.38013959681228, 48.43199554363157], [-83.37976069665113, 48.431717743613504], [-83.37928059644885, 48.431380143592676], [-83.37880329626894, 48.43120214359504], [-83.37832129608991, 48.43104234360035], [-83.37789289594144, 48.43097924361665], [-83.37749019581095, 48.430987543641805], [-83.37713009569286, 48.43098484366285], [-83.37685329557553, 48.430784743650044], [-83.37654999545096, 48.43059534364043], [-83.37627069531229, 48.4302423436054], [-83.37616689521788, 48.42979244354575], [-83.37601679513087, 48.429509843513365], [-83.37589709507671, 48.42939764350407], [-83.37571419499383, 48.429225943489826], [-83.37515539478856, 48.429057543498445], [-83.37465339462302, 48.42904654352674], [-83.37409269444089, 48.42905474356125], [-83.37369259431865, 48.429118143594366], [-83.37363879430426, 48.42914174360099], [-83.37268979399138, 48.42912194365459], [-83.37239439389221, 48.42910214366925], [-83.37210829379137, 48.42904734367826], [-83.371643693635, 48.42901414370103], [-83.37128309351532, 48.42900024372045], [-83.3709452934054, 48.42900384374108], [-83.37094309340559, 48.4290106437422], [-83.3706345933032, 48.42899904375885], [-83.37053089327124, 48.42901354376713], [-83.37021219317279, 48.429056043792315], [-83.36977659304628, 48.4291741438355], [-83.36941879296491, 48.42943904389551], [-83.36915959291593, 48.42970534394991], [-83.36891519288297, 48.43005454401553], [-83.36871209287301, 48.430474844089055], [-83.36854769287672, 48.43090214416135], [-83.36839219287799, 48.43129004422736], [-83.36828109289543, 48.431690444292514], [-83.36829349293404, 48.4319477443294], [-83.36837939298822, 48.432141644352654], [-83.36848069304536, 48.432320644372794], [-83.36876389316765, 48.43254194438835], [-83.36909759330935, 48.43278474440397], [-83.3695241934982, 48.433152744432455], [-83.36992829367722, 48.433502044459466], [-83.37030529384695, 48.433848544487695], [-83.37051259394588, 48.43408044450931], [-83.3707191940414, 48.434288744527464], [-83.37112129421511, 48.434603244549535], [-83.37132519431758, 48.434870044576435], [-83.37153979443775, 48.4352423446181], [-83.37170219453272, 48.43555394465396], [-83.37187099463213, 48.435883344692094], [-83.37203419471513, 48.43610374471465], [-83.3722374948156, 48.436357144739574], [-83.37245379492654, 48.436656344770476], [-83.37277879507174, 48.43694654479358], [-83.37301429518209, 48.43719474481585], [-83.3731195952508, 48.43745004484689], [-83.372984195239, 48.43769134489026], [-83.37281239521985, 48.43796704494078], [-83.37272189524114, 48.43834564500155], [-83.37281639532156, 48.438713745049675], [-83.37295639540773, 48.439014445085355], [-83.37328389556009, 48.43935184511518], [-83.37353179567842, 48.43962904514099], [-83.3737808958004, 48.439930945170296], [-83.37407999592605, 48.440138445182846], [-83.37442949607185, 48.440373045196345], [-83.37456159614881, 48.44062444522525], [-83.37463089621166, 48.44092334526479], [-83.37478329630578, 48.44125304530393], [-83.37481709634989, 48.441498645337845], [-83.37472439636409, 48.441830045391825], [-83.37448799634114, 48.44223424546495], [-83.37411059625649, 48.44252204552946], [-83.37407299624809, 48.44255094553595], [-83.37345779610915, 48.44301354564018], [-83.37292949599734, 48.44346634573781], [-83.37221199581408, 48.44384784583629], [-83.3716861956798, 48.44412744590846], [-83.37146769561818, 48.444200545932155], [-83.37104779549963, 48.44433974597746], [-83.37044669532976, 48.44453764604221], [-83.36992719518527, 48.44472604610063], [-83.36932779501942, 48.44494984616903], [-83.36897659492898, 48.44513144621649], [-83.36852319482243, 48.44544104628872], [-83.36802639471793, 48.44587184638126], [-83.36765969465468, 48.4462933464647], [-83.3675057946603, 48.44670924653466], [-83.36752919474776, 48.44730254661999], [-83.36773479487046, 48.4477155466681], [-83.36816059505658, 48.44806444669377], [-83.3685864952418, 48.44840654671846], [-83.36874999532554, 48.44863144674157], [-83.36880739539664, 48.449020546795026], [-83.36886829547883, 48.44948374685912], [-83.36883039554247, 48.450049146944], [-83.3687781955771, 48.45043374700334], [-83.37213599667416, 48.45042854680277], [-83.38154429974774, 48.450412946240384], [-83.38158359976062, 48.450413246238085], [-83.3824091000306, 48.4504141461891], [-83.3832346003006, 48.45041494614002], [-83.38480400081393, 48.450417346046954], [-83.38480410081394, 48.45041734604693], [-83.38723880161032, 48.45042084590248], [-83.38946760233908, 48.45042284577003], [-83.39119000290228, 48.45042414566765], [-83.39119010290234, 48.45042414566765], [-83.39133290293076, 48.45028844563933]]]}, "properties": {"OBJECTID": 67}}, {"type": "Feature", "id": 261, "geometry": {"type": "Polygon", "coordinates": [[[-83.69805461378327, 47.77904942834233], [-83.69821021379688, 47.778767928291145], [-83.69836141382306, 47.778593428256166], [-83.69842301382987, 47.77849292823756], [-83.69850981384131, 47.77836492821332], [-83.69868811387732, 47.77819872817802], [-83.69874781387888, 47.77806232815411], [-83.69881021388832, 47.77797992813814], [-83.69888701390471, 47.77791512812392], [-83.69895131391945, 47.77786862811317], [-83.69900471393652, 47.77786732810987], [-83.69909991397174, 47.77790112810926], [-83.69916791399703, 47.777926528109006], [-83.69923271401305, 47.777889028099615], [-83.69922811399991, 47.77779912808645], [-83.69928001401298, 47.77777092807919], [-83.69931861402186, 47.777743028072734], [-83.69939631404084, 47.77769612806117], [-83.69943441404843, 47.777659328053396], [-83.69945501403974, 47.77754182803466], [-83.6994766140338, 47.77744232801857], [-83.69950001403306, 47.77737882800771], [-83.69957531404546, 47.77728702798958], [-83.69964841405131, 47.777150327964875], [-83.6996713140493, 47.77707782795265], [-83.69978011405598, 47.77685922791365], [-83.69985501406711, 47.77675852789422], [-83.70001221411042, 47.77670082787633], [-83.70019471415831, 47.77661552785277], [-83.70033811419607, 47.77654922783439], [-83.70049391423542, 47.776464527812536], [-83.70058491425871, 47.77641742780016], [-83.7008584143299, 47.77628492776422], [-83.70106751438632, 47.77619902773907], [-83.70118661442214, 47.77617822772889], [-83.70131851446084, 47.7761481277166], [-83.70141001448548, 47.77611002770552], [-83.70148911450846, 47.776090127697834], [-83.7015810145344, 47.77606102768811], [-83.70159201453204, 47.7760157276807], [-83.70157591451988, 47.775962127673644], [-83.70162691453034, 47.77591592766368], [-83.70170781455857, 47.77593202766135], [-83.70234921476754, 47.77594392762519], [-83.70245541480038, 47.775932427617136], [-83.70256351483849, 47.77595682761443], [-83.70267061487401, 47.77596332760904], [-83.7027349148887, 47.77591682759831], [-83.702769814887, 47.77581702758135], [-83.70280611488928, 47.77574412756834], [-83.70286901490003, 47.77567072755366], [-83.70296091492592, 47.77564152754389], [-83.70305381495454, 47.77563032753669], [-83.70312001497456, 47.775619827531244], [-83.70335441503558, 47.775506327500466], [-83.70343211505455, 47.775459427488826], [-83.703642615115, 47.775400527467596], [-83.70386741518233, 47.77535922744817], [-83.7040012152263, 47.775365027441126], [-83.70408161525322, 47.775372127437414], [-83.70425401530609, 47.77535012742394], [-83.7043731153419, 47.77532932741378], [-83.70453361539447, 47.77533452740502], [-83.70464211543391, 47.77536792740358], [-83.70471061546053, 47.775402327404684], [-83.70481681549337, 47.775390827396706], [-83.70486881550649, 47.7753626273894], [-83.70490641551272, 47.77531672738033], [-83.70491601550641, 47.775244527368976], [-83.70506621552992, 47.77505202733143], [-83.70512821553801, 47.7749605273141], [-83.70516261553497, 47.774851727295825], [-83.70529901555291, 47.77465052725776], [-83.70542771558242, 47.77455752723628], [-83.7055545156066, 47.77442852720954], [-83.70569411563375, 47.77429032718069], [-83.70584901567044, 47.774187627156195], [-83.70597771569994, 47.77409462713472], [-83.70619961575929, 47.773999427107356], [-83.70639451580881, 47.77389582708038], [-83.70656271584981, 47.773792927055084], [-83.70675991590592, 47.77373422703465], [-83.70692951595086, 47.773658227013314], [-83.70711241600009, 47.77358192699111], [-83.70720341602338, 47.773534826978675], [-83.7072548160351, 47.77349762697008], [-83.70742491608142, 47.773430626950024], [-83.70784451619822, 47.77328572690359], [-83.7079902162425, 47.773264226891754], [-83.7082031163095, 47.773250226877096], [-83.70849501639951, 47.77321632685476], [-83.70881221649404, 47.773154826826804], [-83.70908801657181, 47.773067326797424], [-83.70921891660787, 47.77301932678254], [-83.70936511665354, 47.77300682677204], [-83.70956421671492, 47.772984126756846], [-83.70971041676057, 47.77297162674635], [-83.70981751679604, 47.77297812674097], [-83.70993841683712, 47.772993326736085], [-83.71004551687261, 47.77299972673073], [-83.71011171689264, 47.77298922672523], [-83.71025791693825, 47.772976726714724], [-83.7103094169501, 47.77293952670612], [-83.71035801695389, 47.772848426689634], [-83.710355216946, 47.77279442668178], [-83.71035741691857, 47.77257842664941], [-83.71039031691154, 47.77244272662725], [-83.71063521696885, 47.772274926587734], [-83.71083241702497, 47.7722162265673], [-83.71097721706666, 47.77217682655288], [-83.71157711725874, 47.77216262651525], [-83.71180191732606, 47.77212132649576], [-83.71194671736772, 47.772081926481334], [-83.71207771740382, 47.77203382646638], [-83.71215671742682, 47.77201402645879], [-83.71227581746255, 47.771993226448636], [-83.71242101750556, 47.77196272643552], [-83.71259531756375, 47.771976626427275], [-83.71273091761299, 47.77201842642543], [-83.71297471770046, 47.77208462642094], [-83.71304181772308, 47.772092026418015], [-83.7132497178096, 47.77224012642778], [-83.71338871786817, 47.77234482643519], [-83.7134710179004, 47.772387826436734], [-83.71352851792933, 47.772467426445196], [-83.71356131795513, 47.77258362646061], [-83.71355121796003, 47.77264692647061], [-83.71345981793547, 47.77268502648174], [-83.71337981790984, 47.77268692648674], [-83.71327411787838, 47.77270742649605], [-83.71319641785935, 47.77275432650762], [-83.71314631785148, 47.77281842652018], [-83.71315381787262, 47.77296222654117], [-83.7131613178938, 47.773106026562154], [-83.71308971789198, 47.773269726590826], [-83.7129772178747, 47.77341632661934], [-83.7128381178489, 47.773563626649505], [-83.71267181781322, 47.7737025266801], [-83.71251741777785, 47.773814126705844], [-83.71236111773717, 47.77388982672641], [-83.71219161769224, 47.773965826747755], [-83.71199581764012, 47.77405142677214], [-83.71185101759845, 47.774090926786556], [-83.71172001756236, 47.77413902680149], [-83.71157571752202, 47.77418742681727], [-83.71125851742742, 47.774248926845175], [-83.71112611738737, 47.774270026856186], [-83.71103331735884, 47.774281226863366], [-83.7109685173428, 47.77431872687277], [-83.71098411735365, 47.77436332687851], [-83.71105781739479, 47.774496626894035], [-83.7110758174123, 47.774586126906335], [-83.71106861742525, 47.7747033269242], [-83.71101991742134, 47.77479442694069], [-83.71095701741059, 47.77486792695534], [-83.71087981739286, 47.77492372696821], [-83.7108559173923, 47.774978326977774], [-83.71085971740287, 47.775050226988306], [-83.71094201743506, 47.775093226989846], [-83.7111453175084, 47.77515142698651], [-83.71130671756362, 47.77517462698039], [-83.71153571764279, 47.77521412697274], [-83.71163131767928, 47.77525692697342], [-83.71174361772933, 47.77536222698251], [-83.71178591774867, 47.775406226986576], [-83.71189051781037, 47.775619727012185], [-83.71192601784396, 47.77578982703543], [-83.71192931785322, 47.775852727044615], [-83.7118788178441, 47.77590792705586], [-83.71180391783301, 47.77600872707531], [-83.71170061780815, 47.7760741270912], [-83.71154341776477, 47.77613182710907], [-83.71143761773327, 47.77615232711839], [-83.71133281770442, 47.776190827130364], [-83.71135231772585, 47.776307327146554], [-83.71143651776337, 47.77638632715338], [-83.71147831778147, 47.77642132715609], [-83.7114945177937, 47.77647492716313], [-83.71145771779008, 47.77653882717488], [-83.71125001773767, 47.77665172720398], [-83.71117241771867, 47.776698527215544], [-83.71100511768034, 47.77681942724351], [-83.7109132176544, 47.77684862725327], [-83.71064881757559, 47.776899827276594], [-83.71043741751257, 47.77694082729516], [-83.71033121747972, 47.776952327303185], [-83.71017211743117, 47.77697412731587], [-83.71006591739831, 47.77698562732384], [-83.70997311736977, 47.776996827331], [-83.70989171734017, 47.77697172733208], [-83.70982361731484, 47.77694632733235], [-83.70968791726551, 47.77690452733411], [-83.70960461723068, 47.77684352732994], [-83.70957561721548, 47.7767992273251], [-83.70954711720168, 47.77676392732148], [-83.70951621718123, 47.77668362731136], [-83.70951201716936, 47.776602827299534], [-83.70952161716305, 47.77653052728818], [-83.70953081715541, 47.776449327275586], [-83.70952511713955, 47.77634152725981], [-83.70949661712577, 47.77630622725627], [-83.70946671710796, 47.77624392724871], [-83.70943811709411, 47.77620862724517], [-83.70940771707497, 47.77613732723633], [-83.70948451709141, 47.776072527222105], [-83.70953781710847, 47.77607122721875], [-83.70958971712159, 47.77604302721149], [-83.70965311713367, 47.77597852719811], [-83.709675117129, 47.775888027183356], [-83.70960521709839, 47.77582672717829], [-83.70946811704513, 47.775757927176144], [-83.70937201700734, 47.775706227174155], [-83.70927401696417, 47.77561852716687], [-83.70920501693624, 47.77557522716448], [-83.70916311691813, 47.775540227161784], [-83.70910741689443, 47.77549652715851], [-83.70902651686616, 47.775480427160915], [-83.70892121683599, 47.775509927171534], [-83.70887301683341, 47.7756100271893], [-83.7088419168457, 47.77578172721675], [-83.70882231685704, 47.77591722723811], [-83.70877411685451, 47.77601732725589], [-83.70865551682006, 47.7760471272674], [-83.70856261679144, 47.77605832727454], [-83.70833881672684, 47.77611752729661], [-83.70824731670218, 47.77615572730773], [-83.70814391667724, 47.776221127323595], [-83.7080690166662, 47.77632192734309], [-83.70802131666495, 47.77643102736216], [-83.70802551667688, 47.776511927373974], [-83.70813521675302, 47.776824227414075], [-83.708182716787, 47.776967127432506], [-83.70819971680183, 47.7770387274422], [-83.70820351681242, 47.77711062745273], [-83.7081539168059, 47.77718372746656], [-83.70806611679183, 47.77729382748813], [-83.70802851678567, 47.77733972749724], [-83.70803311679887, 47.777429627510365], [-83.70807501681698, 47.77746462751307], [-83.70815781685054, 47.777516627515965], [-83.70868671704216, 47.77767512750831], [-83.70893091713091, 47.77775032750502], [-83.70905421717863, 47.777810427506715], [-83.70917701722499, 47.77786152750702], [-83.70924601725294, 47.7779048275094], [-83.70934311729341, 47.7779745275141], [-83.70949351735096, 47.7780430275154], [-83.70960111738775, 47.77805842751132], [-83.70974871743739, 47.77807292750471], [-83.70993671750111, 47.77809552749697], [-83.71005631753826, 47.77808372748816], [-83.71010871755269, 47.778064427482164], [-83.71014731756152, 47.778036527475706], [-83.71018451756642, 47.777981627465294], [-83.71015451754856, 47.777919427457796], [-83.7101646175436, 47.77785612744781], [-83.71020181754848, 47.777801327437444], [-83.71024041755737, 47.77777342743098], [-83.71035991759445, 47.777761527422136], [-83.71046751763123, 47.77777702741809], [-83.71053421765258, 47.77777542741389], [-83.7107075177081, 47.777771327402995], [-83.71081561774622, 47.77779582740025], [-83.71097891780673, 47.77785492739944], [-83.7110617178403, 47.77790692740228], [-83.71122311789547, 47.77793012739616], [-83.71147741797931, 47.777942127382936], [-83.71155741800489, 47.77794022737789], [-83.71174361806338, 47.77792682736487], [-83.7119040181159, 47.77793202735619], [-83.712079718178, 47.777972827351824], [-83.71221441822466, 47.7779966273474], [-83.71242821829435, 47.778000627335345], [-83.71254871833408, 47.778006727329135], [-83.71277631840934, 47.77801942731755], [-83.7129525184728, 47.77806922731455], [-83.71314331854444, 47.77814562731466], [-83.71321001856579, 47.778144127310505], [-83.71328861858744, 47.77811522730152], [-83.71345961863636, 47.77806622728411], [-83.71360391867671, 47.77801782726832], [-83.71369631870398, 47.77799762725983], [-83.71380211873547, 47.777977127250516], [-83.71400071879555, 47.77794542723406], [-83.71405351881133, 47.7779351272294], [-83.71410691882839, 47.777933927226044], [-83.71418921886062, 47.77797692722759], [-83.71423061887738, 47.77800292722901], [-83.71431061890303, 47.77800102722401], [-83.71440251892892, 47.77797192721423], [-83.71443971893382, 47.77791702720383], [-83.71440981891601, 47.77785472719629], [-83.7143674188966, 47.77781072719223], [-83.71437701889027, 47.777738527180944], [-83.71440091889087, 47.77768402717142], [-83.71459671894306, 47.77759832714705], [-83.71471671898146, 47.777595527139525], [-83.71478381900415, 47.77760292713661], [-83.71483761902255, 47.77761062713459], [-83.71495571905568, 47.77757182712179], [-83.71503531908, 47.77756102711549], [-83.71510101909868, 47.7775414271087], [-83.71517871911773, 47.77749462709713], [-83.71530831914983, 47.77741952707826], [-83.71538451916487, 47.77734572706273], [-83.715580319217, 47.77726012703836], [-83.71569611924352, 47.777176427019015], [-83.71579621925916, 47.77704802699395], [-83.71585771926598, 47.7769476269754], [-83.71590871927643, 47.77690142696544], [-83.71608021932667, 47.77686132694933], [-83.7162249193683, 47.7768219269349], [-83.716302119386, 47.776766126921956], [-83.71641651940861, 47.7766554268987], [-83.71648131942463, 47.7766179268893], [-83.7166118194594, 47.776560826873094], [-83.71669141948371, 47.77654992686675], [-83.71682371952375, 47.77652882685574], [-83.71692951955526, 47.77650832684642], [-83.71703191957751, 47.776424926827936], [-83.71709721959492, 47.7763963268198], [-83.7172291196336, 47.7763662268075], [-83.71730911965925, 47.7763643268025], [-83.71741441968943, 47.776334826791825], [-83.7175053197127, 47.776287726779465], [-83.71756781972212, 47.77620522676344], [-83.71757361970528, 47.77606112674163], [-83.71755231967852, 47.77590862672012], [-83.71756291967488, 47.77585442671145], [-83.71758441966887, 47.775754926695306], [-83.71770881968644, 47.77558102666204], [-83.71780071971233, 47.775551826652254], [-83.71791881974545, 47.77551302663946], [-83.71816791981468, 47.77542612661177], [-83.71840561988489, 47.77537552659015], [-83.71855081992788, 47.77534502657702], [-83.71864181995117, 47.775297926564605], [-83.71879851999313, 47.775231226545394], [-83.71895432003248, 47.775146526523514], [-83.71903102004887, 47.77508172650931], [-83.71909532006354, 47.77503522649858], [-83.71930682012662, 47.774994226479926], [-83.71942772016763, 47.77500932647506], [-83.71951052020121, 47.7750613264779], [-83.71984972029105, 47.77490932643516], [-83.71998982031951, 47.77478002640762], [-83.72020842036954, 47.77462182637104], [-83.72036422040892, 47.77453722634923], [-83.72075762051848, 47.77440182630577], [-83.72098102058179, 47.774333626282335], [-83.72124442065791, 47.77426432625645], [-83.72137672069796, 47.774243226245446], [-83.72152152073961, 47.77420372623098], [-83.72162722077113, 47.77418322622165], [-83.72186682084666, 47.7741686262053], [-83.7220525209038, 47.774146226191], [-83.72222632096059, 47.77415102618141], [-83.72236102100729, 47.774174826176996], [-83.72258812108113, 47.774178426164056], [-83.72282722115536, 47.77415482614642], [-83.72310712124498, 47.77414812612881], [-83.72324092128899, 47.77415392612175], [-83.72341472134585, 47.77415882611223], [-83.72351092138366, 47.77421052611419], [-83.72369032145633, 47.774323226120416], [-83.72374602148003, 47.77436692612365], [-83.72382692150829, 47.77438302612122], [-83.72390742153526, 47.77439012611753], [-83.72398742156085, 47.774388226112464], [-83.72411932159953, 47.77435802610021], [-83.72414362160147, 47.77431252609198], [-83.72408702157514, 47.77425082608613], [-83.7240180215472, 47.77420752608374], [-83.72398942153336, 47.77417222608018], [-83.72397382152248, 47.77412752607446], [-83.7239843215188, 47.77407332606574], [-83.72400912152206, 47.774036726058824], [-83.72404672152827, 47.77399082604972], [-83.72430492158979, 47.77382272600938], [-83.72439732161708, 47.773802526000885], [-83.72451592165154, 47.773772725989446], [-83.7246868217004, 47.77372372597203], [-83.7248187217391, 47.7736935259597], [-83.72493832177622, 47.77368172595085], [-83.72508592182582, 47.77369622594431], [-83.72524632187837, 47.77370142593556], [-83.72548722195785, 47.77371362592314], [-83.72566152201598, 47.773727525914886], [-83.72569052203109, 47.77377182591979], [-83.72572232205422, 47.773870025932524], [-83.72581802209069, 47.77391272593321], [-83.72592422212354, 47.77390122592523], [-83.72616142219248, 47.77384162590232], [-83.72625562222494, 47.773857325899044], [-83.72633752225586, 47.773891425899315], [-83.72645892229825, 47.77391552589569], [-83.72649702230574, 47.77387862588793], [-83.72660232233598, 47.7738491258773], [-83.72668372236556, 47.77387422587624], [-83.72682992241116, 47.77386172586571], [-83.72696512245918, 47.77389452586257], [-83.72703312248447, 47.77391992586236], [-83.72738642261396, 47.77403742585895], [-83.72752062265926, 47.77405222585319], [-83.72773772273821, 47.77411912585036], [-83.72780632276482, 47.77415342585139], [-83.72789052280234, 47.7742324258582], [-83.72807132287899, 47.77437212586829], [-83.72819842293727, 47.77450402588041], [-83.72828172297218, 47.774565125884635], [-83.72840732302645, 47.77467002589283], [-83.7285182230725, 47.774748425897954], [-83.72862822311592, 47.77480882590044], [-83.72873672315536, 47.774842225899], [-83.72885672319376, 47.774839325891456], [-83.72889862321192, 47.77487432589419], [-83.72898142324543, 47.77492632589705], [-83.72906612328428, 47.77501432590515], [-83.72912322331192, 47.7750849259123], [-83.72938732342344, 47.775285625926585], [-83.7294877234732, 47.77541822594036], [-83.72954252349429, 47.775443925941005], [-83.72963912353339, 47.77550462594427], [-83.7296962235611, 47.77557522595144], [-83.72978562361315, 47.775753125972635], [-83.7298284236339, 47.77580602597803], [-83.7298607236583, 47.775913325992114], [-83.72991922368989, 47.77601082600317], [-83.7299349237008, 47.77605552600889], [-83.72996682372393, 47.77615372602169], [-83.7301200237894, 47.776276026030814], [-83.73019162379123, 47.776112426002186], [-83.73017262377105, 47.77600482598728], [-83.73015552375622, 47.77593322597761], [-83.73015312374956, 47.77588832597108], [-83.73016412374724, 47.775843025963674], [-83.73020132375214, 47.77578822595332], [-83.7302670237708, 47.775768625946455], [-83.73042372381278, 47.77570192592727], [-83.73052752383894, 47.775645425912664], [-83.73056472384381, 47.77559052590232], [-83.73054952383426, 47.775554925897865], [-83.73047622379437, 47.77543072588374], [-83.73052582380089, 47.77535752586986], [-83.73059252382224, 47.77535592586568], [-83.73063062382973, 47.77531902585795], [-83.73061542382021, 47.77528342585349], [-83.73061252381223, 47.77522952584567], [-83.73064972381711, 47.77517462583527], [-83.7307011238289, 47.77513742582668], [-83.73076452384097, 47.775072925813305], [-83.73080032384185, 47.774991025798975], [-83.73074272381287, 47.77491142579052], [-83.7306613237833, 47.77488642579163], [-83.73055182374118, 47.77483502579042], [-83.73050902372043, 47.77478202578508], [-83.73053382372368, 47.77474542577812], [-83.73062522374828, 47.77470722576705], [-83.73085192382086, 47.77470192575285], [-83.73095812385368, 47.774690325744785], [-83.73105002387955, 47.77466112573501], [-83.7310881238871, 47.774624225727244], [-83.73107292387755, 47.774588625722856], [-83.73095052383248, 47.774546525723785], [-83.73087772379394, 47.77443132571096], [-83.73094062380468, 47.774357825696285], [-83.7310445238309, 47.77430132568167], [-83.73113642385684, 47.77427212567191], [-83.73124022388302, 47.77421572565735], [-83.73132882389967, 47.774123625638346], [-83.7313131238888, 47.774079025632616], [-83.73123132385787, 47.77404492563238], [-83.73121562384698, 47.77400032562669], [-83.73121322384038, 47.773955425620095], [-83.73126472385215, 47.773918125611516], [-83.73131662386527, 47.77388992560422], [-83.73139562388818, 47.7738700255966], [-83.73149812391048, 47.773786625578076], [-83.73150862390678, 47.773732425569364], [-83.73145242388178, 47.77367972556486], [-83.73141102386504, 47.77365372556344], [-83.7312854238107, 47.77354872555522], [-83.73124392379394, 47.77352272555382], [-83.73120212377584, 47.773487725551036], [-83.731173523762, 47.77345242554749], [-83.73118452375962, 47.773407125540075], [-83.73122072376185, 47.77333432552708], [-83.73125842376807, 47.77328842551803], [-83.73126792376176, 47.77321622550666], [-83.73125182374952, 47.773162625499616], [-83.73131562376294, 47.77310712548759], [-83.73140892379281, 47.773104825481724], [-83.73150132382001, 47.77308462547326], [-83.73153942382756, 47.77304772546549], [-83.7315495238226, 47.77298452545546], [-83.73138812376737, 47.77296142546156], [-83.73133242374367, 47.77291772545834], [-83.73135722374691, 47.772881125451434], [-83.73142152376165, 47.7728346254407], [-83.73147482377871, 47.772833325437354], [-83.73154052379738, 47.77281372543051], [-83.73165812382919, 47.77276602541645], [-83.73168242383112, 47.77272042540825], [-83.73169342382874, 47.77267512540082], [-83.73170442382643, 47.77262992539345], [-83.73170202381978, 47.77258492538688], [-83.7317254238191, 47.77252142537604], [-83.73177642382954, 47.77247522536606], [-83.73185212384325, 47.772392425349274], [-83.73192882385958, 47.77232762533505], [-83.73199412387696, 47.77229902532691], [-83.73199172387035, 47.77225412532038], [-83.7319585238433, 47.77212892530367], [-83.73196522382901, 47.77200282528448], [-83.73200242383389, 47.771947925274084], [-83.73206812385257, 47.77192832526729], [-83.73222342389057, 47.77183462524409], [-83.73222012388132, 47.77177172523491], [-83.73217442385263, 47.77166482522169], [-83.7321454238375, 47.77162052521678], [-83.73211402381571, 47.77153132520537], [-83.73209792380348, 47.771477725198324], [-83.73209462379421, 47.77141482518915], [-83.7321317237991, 47.77135992517878], [-83.7321965238151, 47.77132242516932], [-83.73225032383355, 47.7713301251673], [-83.7323036238506, 47.77132882516394], [-83.732356023865, 47.77130962515798], [-83.73239412387255, 47.77127272515023], [-83.73241842387448, 47.77122712514196], [-83.73236322385209, 47.771192425140114], [-83.73229612382941, 47.77118502514297], [-83.73226662381293, 47.77113172513679], [-83.73229002381227, 47.7710682251259], [-83.73230052380856, 47.771013925117195], [-83.73227192379471, 47.7709786251136], [-83.7322010237615, 47.77089932510599], [-83.7321292237256, 47.77080202509575], [-83.73206932369001, 47.77067752508071], [-83.73207982368632, 47.770623225071986], [-83.73215552370003, 47.77054052505518], [-83.73224702372464, 47.77050232504407], [-83.73232512374494, 47.77046442503377], [-83.73239032376229, 47.77043592502567], [-83.73240132375992, 47.77039062501828], [-83.73238612375036, 47.770355025013885], [-83.73229092371521, 47.77032132501447], [-83.7323014237115, 47.77026702500576], [-83.73236472372359, 47.770202524992385], [-83.73245662374953, 47.770173324982615], [-83.7325380237791, 47.77019842498156], [-83.73259282380016, 47.77022412498213], [-83.73272802384813, 47.770256924979], [-83.73280752387242, 47.77024602497265], [-83.73284612388125, 47.77021812496625], [-83.73287082388445, 47.770181524959284], [-83.7330471239151, 47.769979324918715], [-83.7331105239272, 47.769914824905335], [-83.7331743239406, 47.76985932489329], [-83.73327722396417, 47.769784824876105], [-83.73339432399457, 47.7697281248607], [-83.73345912401065, 47.7696905248513], [-83.7334967240168, 47.769644624842186], [-83.73358252402554, 47.76949862481537], [-83.73346112398313, 47.76947452481894], [-83.73340542395948, 47.76943082481572], [-83.73337642394428, 47.769386524810834], [-83.73333312392221, 47.76932462480417], [-83.73330182390048, 47.769235324792696], [-83.733227623858, 47.769093124775935], [-83.73316672381974, 47.768950624758226], [-83.73313302379135, 47.76881642474023], [-83.73312402376622, 47.7686457247153], [-83.73313982374428, 47.76843832468347], [-83.7331470237314, 47.76832122466557], [-83.73315192371182, 47.76815912464109], [-83.73319532370112, 47.767969124610225], [-83.73326492369759, 47.767769524576316], [-83.73332312369511, 47.767606124548536], [-83.7333841237006, 47.76749672452857], [-83.7334994237258, 47.7674039245079], [-83.73361702375757, 47.7673561244938], [-83.73382742381787, 47.76729712447257], [-83.73401172387099, 47.76724772445428], [-83.73418272391991, 47.767198724436845], [-83.73433932396179, 47.767131924417605], [-83.7344584239976, 47.767111124407485], [-83.7346983240744, 47.767105424392405], [-83.73485872412694, 47.767110624383726], [-83.7351515242195, 47.76709462436397], [-83.73545672431365, 47.76706032434082], [-83.736058524511, 47.76708192430837], [-83.73613942453925, 47.76709802430595], [-83.73622082456882, 47.7671231243049], [-83.73626462459224, 47.76719402431289], [-83.73624172459425, 47.76726652432506], [-83.73620312458543, 47.767294524331504], [-83.73608362454837, 47.767306324340325], [-83.73604502453948, 47.76733422434678], [-83.73608692455764, 47.76736922434954], [-83.73616742458454, 47.767376324345854], [-83.73626022461308, 47.767365124338674], [-83.73633972463739, 47.76735422433232], [-83.73639212465177, 47.76733492432632], [-83.73648352467637, 47.76729682431524], [-83.73657452469963, 47.76724962430283], [-83.73668022473113, 47.76722912429351], [-83.73685162478131, 47.76718902427734], [-83.73706352484562, 47.767156924260014], [-83.73724732489745, 47.767098624240475], [-83.73739062493509, 47.767032224222085], [-83.7375611249826, 47.766974124203344], [-83.73771872502721, 47.76692532418674], [-83.73799102509564, 47.76677492414812], [-83.73815492512462, 47.76659102411103], [-83.73828302515277, 47.766488924088215], [-83.73844922518835, 47.766350024057644], [-83.73853972521029, 47.766293824043956], [-83.73870732524986, 47.766181824017316], [-83.7388488252823, 47.76607952399365], [-83.73895262530846, 47.7660230239791], [-83.73907022534026, 47.765975223965015], [-83.7391764253731, 47.76596372395697], [-83.73925632539867, 47.76596182395199], [-83.73941582544855, 47.765949023940614], [-83.73950822547576, 47.765928823932136], [-83.73961342550591, 47.76589922392149], [-83.7397467255486, 47.76589612391317], [-83.74000242563633, 47.76593492390378], [-83.74015512570045, 47.766048323911676], [-83.74022322572573, 47.76607362391142], [-83.74033312576911, 47.766134023913914], [-83.74034932578134, 47.766187623920935], [-83.74029842577094, 47.766233823930826], [-83.74011222571248, 47.76624732394384], [-83.74012882572605, 47.76630992395222], [-83.74018312574576, 47.76632662395151], [-83.74026262577, 47.766315723945155], [-83.74034352579824, 47.76633172394277], [-83.74039832581933, 47.76635742394334], [-83.74052062586435, 47.76639952394234], [-83.74062772589977, 47.76640592393698], [-83.74070822592674, 47.76641302393328], [-83.74089432598514, 47.766399623920265], [-83.74105382603501, 47.76638672390889], [-83.74118622607503, 47.76636562389787], [-83.74129332611045, 47.76637202389249], [-83.74137612614403, 47.76642402389533], [-83.74139232615626, 47.76647762390237], [-83.74138232616124, 47.76654092391242], [-83.74134512615636, 47.76659582392282], [-83.74125512613577, 47.76666092393782], [-83.74120512612798, 47.766725123950344], [-83.74120842613725, 47.766788023959585], [-83.74126272615696, 47.766804723958856], [-83.74131642617535, 47.76681242395681], [-83.74142312620951, 47.7668099239501], [-83.74150072622848, 47.76676302393856], [-83.74156552624454, 47.766725523929104], [-83.74165642626775, 47.76667832391671], [-83.7417988263028, 47.76659392389563], [-83.74190262632895, 47.76653742388108], [-83.74212692639492, 47.766487123860294], [-83.74232402645096, 47.766428423839855], [-83.74249492649979, 47.76637932382242], [-83.74273202656863, 47.76631962379946], [-83.74295722663723, 47.76628722378135], [-83.74307582667164, 47.76625742376981], [-83.74336812676286, 47.76623242374879], [-83.74344572678184, 47.766185623737194], [-83.74352382680215, 47.76614772372694], [-83.74360052681853, 47.766082923712766], [-83.74372002685557, 47.766071023703915], [-83.74380092688382, 47.7660871237015], [-83.74389662692035, 47.76612982370221], [-83.7439389269397, 47.76617382370625], [-83.74399512696475, 47.766226423710776], [-83.7440379269855, 47.76627942371613], [-83.74406932700728, 47.76636862372761], [-83.74414112704316, 47.76646592373786], [-83.74423872708489, 47.7665445237438], [-83.74434682712307, 47.766569023741035], [-83.74441302714307, 47.766558423735546], [-83.74451722717056, 47.76651092372229], [-83.74463482720236, 47.76646312370819], [-83.74476482723573, 47.76639702369061], [-83.74489392726652, 47.76631292367046], [-83.74504862730313, 47.76621022364595], [-83.74512672732344, 47.766172423635716], [-83.74516342732699, 47.76610852362396], [-83.74516152732166, 47.76607252361876], [-83.74508012729208, 47.76604752361985], [-83.74491872723695, 47.76602442362595], [-83.74479732719456, 47.766000323629505], [-83.7447397271656, 47.76592072362107], [-83.74473602715497, 47.765848823610604], [-83.74475932715424, 47.76578522359971], [-83.74480982716337, 47.76573002358853], [-83.74505412721929, 47.765553223547684], [-83.74511602722735, 47.76546172353038], [-83.74516412722987, 47.765361623512604], [-83.74517222721957, 47.76526242349731], [-83.74513802718984, 47.765119223478], [-83.74507812715427, 47.76499472346297], [-83.74504762713515, 47.764923423454135], [-83.74508382713735, 47.76485062344114], [-83.745160927155, 47.764794723428224], [-83.74522622717237, 47.764766223420125], [-83.74534432720547, 47.76472742340738], [-83.7454490272343, 47.76468892339542], [-83.74562092728581, 47.76465782338061], [-83.74578032733568, 47.764644923369225], [-83.74592792738527, 47.76465942336268], [-83.74604882742626, 47.76467452335773], [-83.74621122748412, 47.764715623354235], [-83.74630592751792, 47.76474032335235], [-83.7464287275643, 47.764791423352655], [-83.74653872760771, 47.764851723355164], [-83.74663342764153, 47.76487652335324], [-83.74673722766768, 47.76482002333864], [-83.74676192767095, 47.764783423331735], [-83.74677242766725, 47.76472922332301], [-83.7467167276436, 47.76468552331981], [-83.74648212754857, 47.76453812331171], [-83.74639972751628, 47.76449512331018], [-83.74639502750308, 47.76440532329712], [-83.74640172748884, 47.76427912327788], [-83.74642362748409, 47.7641886232631], [-83.7464460274807, 47.76410712324959], [-83.7464726274158, 47.76354292316389], [-83.74598222708623, 47.76222962299711], [-83.74576622685339, 47.760978322823284], [-83.74532052656626, 47.75987992268586], [-83.74456882617848, 47.758767522564476], [-83.74361562573041, 47.75769252246063], [-83.74165002501194, 47.75705332248165], [-83.73985082438249, 47.75668462253317], [-83.73819062385095, 47.75672322263726], [-83.73541982293875, 47.75659472278212], [-83.7338092223755, 47.75626642282851], [-83.73261562188483, 47.75546022277891], [-83.7318153214427, 47.75405082261601], [-83.73189542128108, 47.752610222396335], [-83.73228632127827, 47.75161782222515], [-83.73270972128306, 47.750603222048696], [-83.73300972132262, 47.75016192196513], [-83.73285392126002, 47.75006782196029], [-83.73347072143589, 47.74988772189689], [-83.73416242143145, 47.74813562159455], [-83.73381662108443, 47.746327321345184], [-83.73272272048908, 47.74446812113247], [-83.73039821947009, 47.74240882096271], [-83.72879001886906, 47.741783420964474], [-83.72610421793956, 47.741309721052694], [-83.7219419165715, 47.741132921272566], [-83.71998771592803, 47.741041021374436], [-83.71780601519242, 47.74080592146838], [-83.7149084141712, 47.74015352154238], [-83.71358151368713, 47.739728221557336], [-83.71167731301357, 47.739280621603086], [-83.70962781239902, 47.73964852177923], [-83.7087477121633, 47.740023621887254], [-83.7073393117924, 47.74067212206736], [-83.70492491112634, 47.741551322341394], [-83.70256381044, 47.74214242256919], [-83.70007520964472, 47.74221232272676], [-83.69849460916818, 47.74247672285967], [-83.69724520895524, 47.74394592315284], [-83.69615850877642, 47.7452728234152], [-83.6952866086085, 47.74614932359759], [-83.69408730832095, 47.74691992378352], [-83.69263640796028, 47.747753723993696], [-83.69037280729465, 47.74826242420345], [-83.6886390067675, 47.74851902434424], [-83.68617230590479, 47.748016724415045], [-83.68427440520495, 47.74735252442803], [-83.6817241042722, 47.746519024454315], [-83.67937090343243, 47.74591042450252], [-83.67720860270867, 47.745720224601854], [-83.67458320182183, 47.74542712471318], [-83.67241690113225, 47.7455102248536], [-83.67072450063765, 47.74591522501404], [-83.66911770021783, 47.74668262522351], [-83.66781999986438, 47.747192025376215], [-83.66677559958914, 47.747673025509755], [-83.66565739931991, 47.748384025681936], [-83.66485109921298, 47.749568025906356], [-83.6641809990801, 47.750213526042266], [-83.66253539875298, 47.75179162637509], [-83.6607239984441, 47.753923526800335], [-83.65875889799395, 47.75535042712945], [-83.65621569748774, 47.75778492764306], [-83.65392579706104, 47.76020122813896], [-83.65240919682145, 47.76213272851686], [-83.65205049683411, 47.763123028685854], [-83.65239559705165, 47.76393842878713], [-83.65339249745419, 47.76455532882033], [-83.65488469798132, 47.764897628783295], [-83.65820189903553, 47.76475442856599], [-83.66176180018068, 47.764706728348536], [-83.66393670089545, 47.76479462823319], [-83.66759260214715, 47.76532832809683], [-83.66935150279237, 47.7659161280806], [-83.67114840354934, 47.76726902817624], [-83.67231140412993, 47.768841428342085], [-83.67295350446494, 47.76982082845027], [-83.67366750487952, 47.7712327286187], [-83.67395940505844, 47.77188282869846], [-83.6742578051649, 47.77195912869219], [-83.6744629052435, 47.77205332869407], [-83.67460270530466, 47.77217602870415], [-83.67470890537142, 47.77242552873508], [-83.67470120541697, 47.77279462879059], [-83.67475880546628, 47.77303062882243], [-83.67484740549659, 47.77304312881903], [-83.67495640553732, 47.77308562881894], [-83.67508740557344, 47.77303752880399], [-83.67516880560304, 47.77306262880295], [-83.6751706056083, 47.773098628808235], [-83.67513290560208, 47.77314452881728], [-83.67512190560443, 47.77318972882466], [-83.67518950562838, 47.77320612882311], [-83.67524190564285, 47.77318692881716], [-83.67541200568914, 47.77312002879714], [-83.6755159057154, 47.77306352878254], [-83.6755816057341, 47.77304402877578], [-83.67563500575123, 47.773042828772425], [-83.67568920577096, 47.77305952877171], [-83.67573150579031, 47.773103528775756], [-83.67572050579268, 47.7731488287832], [-83.67569570578941, 47.77318532879012], [-83.67564370577628, 47.773213528797385], [-83.6755785057589, 47.7732421288055], [-83.67558030576417, 47.77327802881075], [-83.6756355057865, 47.77331272881269], [-83.6757035058118, 47.77333812881242], [-83.67569200581283, 47.77337442881855], [-83.67562810579935, 47.77342992883058], [-83.67561800580431, 47.7734931288406], [-83.67568790583492, 47.773554428845635], [-83.67576930586449, 47.77357952884454], [-83.67582400588556, 47.77360532884515], [-83.67592060592466, 47.7736660288485], [-83.67596240594274, 47.773701028851285], [-83.67629440604561, 47.773666328826444], [-83.67647960610141, 47.77363502881085], [-83.67659960613989, 47.77363222880334], [-83.67671920617704, 47.77362042879452], [-83.67681250620689, 47.773618228788635], [-83.67689300623387, 47.773625328784945], [-83.67693430625062, 47.77365132878637], [-83.67699000627428, 47.773695028789604], [-83.67708330630417, 47.773692928783795], [-83.67716280632851, 47.77368202877747], [-83.67726670635476, 47.773625628762886], [-83.67739550638429, 47.77353262874144], [-83.67751360641745, 47.773493828728625], [-83.67769930647464, 47.77347152871436], [-83.67783170651468, 47.77345042870337], [-83.6779389065502, 47.77345692869799], [-83.67807360659687, 47.77348082869361], [-83.67823630665605, 47.77353102869146], [-83.67841520672738, 47.773634828696395], [-83.6785674067902, 47.773739228702965], [-83.67873250685597, 47.77383432870735], [-83.67887000691056, 47.77391212871087], [-83.67904790697924, 47.7739979287131], [-83.67919970704077, 47.774093428718416], [-83.6793109070881, 47.77418082872488], [-83.6794070071259, 47.77423252872688], [-83.67948940715816, 47.774275628728454], [-83.6795707071877, 47.77430072872741], [-83.67963830721172, 47.774317128725855], [-83.67987830728856, 47.77431152871081], [-83.68003740733721, 47.77428982869818], [-83.68018270738024, 47.77425942868504], [-83.68028790741042, 47.77422992867444], [-83.6805996074892, 47.77406072863075], [-83.68066540750795, 47.7740411286239], [-83.68071730752108, 47.77401292861666], [-83.68083540755424, 47.7739742286039], [-83.68091450757724, 47.773954328596275], [-83.68104740761862, 47.773942228586606], [-83.68128740769552, 47.773936628571576], [-83.6815145077694, 47.77394032855867], [-83.68170350783585, 47.773980928553605], [-83.68186720789762, 47.77404902855403], [-83.6819904079453, 47.77410912855571], [-83.68210260799529, 47.77421452856485], [-83.6821606080256, 47.77430312857461], [-83.68224800807232, 47.77444512859059], [-83.68249170815974, 47.77451132858605], [-83.68258500818965, 47.774509228580264], [-83.6826779082182, 47.77449802857308], [-83.68274310823557, 47.77446952856499], [-83.68280750825039, 47.77442302855425], [-83.68286080826746, 47.774421728550884], [-83.68291510828718, 47.774438428550184], [-83.6829836083138, 47.774472828551254], [-83.68307780834635, 47.77448862854803], [-83.68316020837862, 47.774531728549604], [-83.68312290837366, 47.77458662856], [-83.683044308352, 47.77461542856896], [-83.68296710833427, 47.774671228581816], [-83.68296940834087, 47.77471612858835], [-83.6830260083672, 47.774777828594225], [-83.68311980839842, 47.77478462858968], [-83.68322270842201, 47.77471022857254], [-83.6832889084421, 47.77469972856702], [-83.68335560846344, 47.77469812856287], [-83.68339840848415, 47.77475112856824], [-83.68342740849934, 47.774795428573135], [-83.68345730851706, 47.77485772858063], [-83.68355290855355, 47.77490042858134], [-83.68364620858344, 47.77489832857556], [-83.6837524086163, 47.774886828567524], [-83.68390050866724, 47.77491032856226], [-83.6840081087041, 47.77492582855823], [-83.68408900873234, 47.77494192855585], [-83.68422230877502, 47.77493882854747], [-83.6842743087882, 47.774910628540226], [-83.6843386088029, 47.7748641285295], [-83.68441820882722, 47.77485322852315], [-83.68444760884368, 47.77490652852934], [-83.68447750886148, 47.7749688285369], [-83.68453130887985, 47.774976528534815], [-83.68466470892258, 47.77497342852653], [-83.6847718089581, 47.774979928521134], [-83.6848265089791, 47.77500562852172], [-83.6848932090005, 47.77500412851757], [-83.68495800901655, 47.77496652850814], [-83.68508990905535, 47.774936528495886], [-83.68518600909309, 47.77498822849787], [-83.68538970916777, 47.77505542849585], [-83.68541820918155, 47.775090728499464], [-83.6854472091967, 47.77513512850435], [-83.68557140924702, 47.77521312850861], [-83.6858560093499, 47.77529652850426], [-83.68601790940647, 47.77532872849946], [-83.68616500945474, 47.77533422849157], [-83.68625880948598, 47.77534102848709], [-83.68636640952275, 47.77535652848301], [-83.68643490954939, 47.775390928484086], [-83.68647680956752, 47.77542592848685], [-83.68653470959774, 47.7755145284966], [-83.68655180961262, 47.77558612850628], [-83.68656930962878, 47.775666728517265], [-83.68657110963404, 47.77570262852252], [-83.68665250966362, 47.775727728521446], [-83.68675640968989, 47.775671328506895], [-83.68681020970828, 47.77567902850488], [-83.68686450972801, 47.77569582850414], [-83.68691820974641, 47.77570352850214], [-83.68697160976348, 47.77570232849876], [-83.68700010977732, 47.7757376285024], [-83.68700290978519, 47.77579152851025], [-83.6870585098089, 47.775835228513486], [-83.6871629098365, 47.77578782850022], [-83.6873100098848, 47.77579332849233], [-83.68741810992292, 47.775817828489636], [-83.68751090995147, 47.77580662848245], [-83.68760430998141, 47.77580442847662], [-83.68769951001657, 47.77583822847602], [-83.68778501005802, 47.77594422848678], [-83.68785261008198, 47.77596062848523], [-83.68798501012209, 47.77593952847423], [-83.68805211014472, 47.77594692847139], [-83.6881349101783, 47.77599902847426], [-83.6881887101967, 47.77600672847218], [-83.68828211022665, 47.77600452846635], [-83.68841401026538, 47.77597442845406], [-83.68847971028407, 47.77595492844727], [-83.68858591031692, 47.775943428439284], [-83.68869261035111, 47.775940928432625], [-83.68881311039085, 47.775947128426395], [-83.68896071044047, 47.775961628419836], [-83.68905491047302, 47.775977428416596], [-83.68919101052361, 47.77602822841611], [-83.68928721056149, 47.776079928418156], [-83.68936951059368, 47.77612302841968], [-83.68946611063282, 47.77618372842306], [-83.6895608106667, 47.77620852842115], [-83.6897350107248, 47.77622242841291], [-83.68982791075341, 47.77621122840574], [-83.68997461080042, 47.77620782839657], [-83.69010881084574, 47.776222628390826], [-83.69020361087962, 47.77624742838893], [-83.69063251102284, 47.77628232836876], [-83.6908087110863, 47.77633222836578], [-83.69095861114253, 47.77639172836577], [-83.69098761115771, 47.776436028370675], [-83.69103221118367, 47.77652492838134], [-83.69108741120606, 47.7765596283832], [-83.69118211123988, 47.77658442838131], [-83.69124971126391, 47.77660082837974], [-83.69129441128993, 47.776689728390394], [-83.69120471127057, 47.77676382840676], [-83.69115371126011, 47.77681002841665], [-83.69111561125257, 47.776846928424405], [-83.69113171126477, 47.77690052843144], [-83.69122781130261, 47.77695232843348], [-83.69128211132232, 47.77696902843277], [-83.6912886113408, 47.77709482845111], [-83.69130471135296, 47.77714842845815], [-83.69134791137499, 47.77721042846486], [-83.6913641113872, 47.77726402847189], [-83.69131401137942, 47.77732822848442], [-83.69126251136755, 47.77736542849302], [-83.6909462112756, 47.777444828523585], [-83.69085521125233, 47.777491928535945], [-83.6907913112389, 47.77754742854803], [-83.69077981123993, 47.7775837285541], [-83.69082121125668, 47.777609728555575], [-83.6908635112761, 47.7776537285596], [-83.69081351126826, 47.77771792857218], [-83.69076061125251, 47.77772812857679], [-83.69069441123243, 47.77773862858232], [-83.69065581122359, 47.77776652858871], [-83.69072621125555, 47.777836928595065], [-83.69079421128086, 47.7778623285948], [-83.69081081129434, 47.77792492860319], [-83.69086881132466, 47.77801352861296], [-83.69097411135485, 47.777984028602326], [-83.69102831137458, 47.7780008286016], [-83.69108441139957, 47.77805342860613], [-83.69112771142166, 47.778115428612836], [-83.69115621143547, 47.77815072861644], [-83.69129421149138, 47.77823752862118], [-83.69140231152949, 47.77826192861847], [-83.69149701156337, 47.778286728616564], [-83.69157931159558, 47.77832982861809], [-83.69158301160617, 47.77840172862863], [-83.69161531163056, 47.77850892864269], [-83.69168241165318, 47.778516328639796], [-83.69173571167032, 47.778515128636485], [-83.6917895116887, 47.77852282863447], [-83.69185711171265, 47.7785392286329], [-83.6919128117364, 47.77858292863612], [-83.69200841177289, 47.77862572863687], [-83.69205081179231, 47.77866972864091], [-83.69209261181041, 47.778704728643625], [-83.69212121182426, 47.77874002864724], [-83.69204531181047, 47.77882282866405], [-83.69194101178289, 47.77887022867726], [-83.69183711175663, 47.77892662869182], [-83.69176031174024, 47.77899142870604], [-83.69167211172488, 47.77909252872632], [-83.69159671171242, 47.779184228744455], [-83.6915747117171, 47.77927472875924], [-83.69153841171489, 47.77934762877229], [-83.69152791171852, 47.77940182878101], [-83.69150351171658, 47.779447428789226], [-83.69143961170317, 47.77950292880129], [-83.69138861169263, 47.77954912881121], [-83.69133671167957, 47.7795773288185], [-83.69128571166911, 47.7796235288284], [-83.6913427116967, 47.7796941288355], [-83.69137221171317, 47.77974742884175], [-83.69153231179845, 47.78000462887061], [-83.69160411183434, 47.78010192888085], [-83.69168781187052, 47.7801719288864], [-83.69175821190248, 47.780242328892705], [-83.69181391192615, 47.78028602889591], [-83.69187001195112, 47.78033862890042], [-83.69191141196796, 47.78036472890188], [-83.69196611198896, 47.780390428902464], [-83.69204661201594, 47.780397528898774], [-83.6921275120442, 47.78041362889637], [-83.6922075120698, 47.78041172889138], [-83.69231331210136, 47.78039122888207], [-83.6923795121214, 47.7803807288766], [-83.6924618121536, 47.78042372887809], [-83.69253131218288, 47.780476128881794], [-83.69253451219214, 47.78053902889099], [-83.6925106121915, 47.78059362890055], [-83.6925033122044, 47.78071072891845], [-83.69249231220677, 47.78075602892587], [-83.6924303121986, 47.7808474289432], [-83.69243681221707, 47.78097322896153], [-83.69239861220952, 47.78101012896932], [-83.69234901220305, 47.78108332898312], [-83.69239131222241, 47.78112732898717], [-83.69249311227615, 47.78128692900497], [-83.69254871229982, 47.78133052900821], [-83.69261861233039, 47.781391929013246], [-83.69266191235249, 47.78145392901987], [-83.69270611237718, 47.78153382902918], [-83.69274891239795, 47.78158682903457], [-83.69277971241834, 47.78166712904471], [-83.69284921244763, 47.7817194290484], [-83.69290481247128, 47.781763129051605], [-83.69293341248513, 47.78179842905521], [-83.69292241248746, 47.78184372906263], [-83.69285851247403, 47.78189922907465], [-83.69278221245898, 47.781973029090175], [-83.69274541245541, 47.78203682910189], [-83.69270911245312, 47.782109629114885], [-83.69268521245253, 47.782164229124426], [-83.69266231245454, 47.782236729136585], [-83.6926513124569, 47.78228202914399], [-83.69264261246582, 47.78237222915795], [-83.69272171248879, 47.78235232915033], [-83.69281361251474, 47.78232322914054], [-83.69286461252521, 47.78227702913067], [-83.692916112537, 47.78223982912206], [-83.69299521255999, 47.78221992911436], [-83.69304811257578, 47.78220972910975], [-83.6931276126001, 47.78219882910342], [-83.69326051264149, 47.78218672909376], [-83.69359391274828, 47.78217892907288], [-83.6937810128094, 47.782183529062436], [-83.69387441283934, 47.78218132905661], [-83.69425921295792, 47.782136229027145], [-83.69436541299075, 47.78212472901913], [-83.69441641300124, 47.78207862900922], [-83.6944513129995, 47.7819787289923], [-83.69442281298565, 47.78194342898869], [-83.69436621295934, 47.78188182898286], [-83.69435011294715, 47.78182812897579], [-83.69450311297861, 47.781689628946104], [-83.6944866129651, 47.78162702893777], [-83.6944796129453, 47.781492228918076], [-83.69456871296327, 47.781409128900414], [-83.69472411300136, 47.78131542887723], [-83.69482891303022, 47.781277028865304], [-83.69492181305883, 47.78126582885813], [-83.69505471310022, 47.781253728848455], [-83.69533611319387, 47.781274128834895], [-83.69542901322244, 47.7812629288277], [-83.69553331325001, 47.78121542881447], [-83.69568191330228, 47.781247928810515], [-83.69725821364959, 47.78000062853127], [-83.69805461378327, 47.77904942834233]]]}, "properties": {"OBJECTID": 261}}, {"type": "Feature", "id": 505, "geometry": {"type": "Polygon", "coordinates": [[[-83.19874972795017, 47.590382329305186], [-83.1988004279702, 47.59041062930651], [-83.19892002800866, 47.59040832929922], [-83.19916542806585, 47.590232629258495], [-83.19935952811227, 47.59010292922769], [-83.19978902822295, 47.58987872916898], [-83.2001415283169, 47.589719029124474], [-83.20047802839771, 47.58949652907139], [-83.20074772845588, 47.58926642902105], [-83.20097752850123, 47.58903702897316], [-83.201002928506, 47.5890095289675], [-83.20123232855006, 47.58877122891829], [-83.20137602854838, 47.58839052885257], [-83.20140572852709, 47.58814692881414], [-83.20142062849654, 47.587867728771144], [-83.20142332846551, 47.58761572873299], [-83.20149702847092, 47.58747032870679], [-83.20163942850532, 47.587377628684585], [-83.20187412856703, 47.587265128653996], [-83.20204432861377, 47.587198828634115], [-83.20208382862535, 47.58718912863035], [-83.20229342868359, 47.587113128606745], [-83.20255582875767, 47.58702702857851], [-83.20272552880311, 47.58695182855737], [-83.20289342884222, 47.58683162852945], [-83.2030977288828, 47.586629728487196], [-83.20327782892248, 47.58648232845451], [-83.20349612896979, 47.5862981284141], [-83.20368722900618, 47.586096428372564], [-83.20390372904723, 47.58586732832549], [-83.2039713290325, 47.58557812827797], [-83.20404472903667, 47.58542372825039], [-83.20414722905822, 47.58533172823058], [-83.20422392907379, 47.58525832821509], [-83.20423682907679, 47.58524902821291], [-83.20425932907146, 47.585149628196646], [-83.20419892903034, 47.584979828174525], [-83.20409952897906, 47.584828728157504], [-83.20398712892464, 47.584686928142645], [-83.20382272885703, 47.58457312813501], [-83.20375442882937, 47.5845294281324], [-83.20348262872375, 47.584390728127225], [-83.20321152862061, 47.58426992812473], [-83.20287442849747, 47.584159428127634], [-83.2024860283635, 47.58409492814048], [-83.20220802827757, 47.584127228161464], [-83.20216852826601, 47.5841370281652], [-83.2019085281596, 47.58396202815389], [-83.20181212811838, 47.58388282814758], [-83.20167622806555, 47.583813528145], [-83.2013827279678, 47.58379212815876], [-83.20115752789769, 47.583814428175195], [-83.20081392779295, 47.58386602820291], [-83.2006149277301, 47.58387882821636], [-83.20049492769041, 47.58387212822234], [-83.20040042765551, 47.5838380282227], [-83.2003560276275, 47.5837308282091], [-83.20032382760009, 47.58359652819069], [-83.20023842755555, 47.583463128175545], [-83.20016892752403, 47.58339252816893], [-83.20004712747806, 47.58334082816816], [-83.19984552740645, 47.583290728172344], [-83.19961702732503, 47.58323212817672], [-83.1992813272068, 47.583157528184984], [-83.19903842711734, 47.58307222818619], [-83.19874152700825, 47.58296992818799], [-83.19829512684079, 47.58278952818662], [-83.19835742684829, 47.58268932816795], [-83.19832822683095, 47.58262692816019], [-83.1982728268063, 47.582573928155426], [-83.19817792677009, 47.582530828154404], [-83.19805572672279, 47.582470128152394], [-83.19796122668785, 47.5824359281527], [-83.1979058266632, 47.58238302814792], [-83.19791492665358, 47.58228382813246], [-83.19795182665634, 47.58221112811933], [-83.19802482665932, 47.58204772809044], [-83.19803062663837, 47.58186772806297], [-83.19802572662196, 47.58175082804564], [-83.19795472658546, 47.58164412803365], [-83.19783142653445, 47.58155652802757], [-83.19774832649743, 47.58147712802041], [-83.19767402644963, 47.58128962799646], [-83.19764402642973, 47.58120912798609], [-83.19768092643248, 47.58113642797295], [-83.19777132645353, 47.58107172795795], [-83.19790262649121, 47.58103322794451], [-83.19798202651559, 47.58102272793836], [-83.19802042652337, 47.580986027930585], [-83.19803222652259, 47.58094972792445], [-83.19799082650474, 47.58091452792152], [-83.19784392645522, 47.58089932792775], [-83.19763122638689, 47.580903427940704], [-83.19757772636851, 47.58089542794257], [-83.19750832633713, 47.580824827936], [-83.19744612628978, 47.58061002790717], [-83.19739912625302, 47.58043992788425], [-83.19735512622633, 47.580341827872005], [-83.19735142621371, 47.58025192785867], [-83.19733512619938, 47.580180227848786], [-83.19729342618028, 47.58013602784453], [-83.19725202616243, 47.580100827841676], [-83.19723682615184, 47.58005612783575], [-83.1972482261498, 47.5800109278283], [-83.1974723262161, 47.57996162780786], [-83.19751062622387, 47.579924827800134], [-83.19752172622061, 47.57987062779128], [-83.19747962620019, 47.57981742778573], [-83.19742532617934, 47.57979152778494], [-83.19734522615246, 47.57978402778847], [-83.19730422613586, 47.57975782778685], [-83.1972617261142, 47.57969562777994], [-83.19730432609602, 47.579442827739356], [-83.19732612608817, 47.57932542772041], [-83.19737622609516, 47.57925252770649], [-83.19753272613634, 47.579177527686134], [-83.19773122619787, 47.5791557276713], [-83.19786412624059, 47.57915322766324], [-83.19802322629062, 47.57914112765219], [-83.19811432631421, 47.57909442763984], [-83.19812502630964, 47.57903122762966], [-83.19816372631865, 47.579003427623235], [-83.19827002635286, 47.579001427616774], [-83.19840592640563, 47.5790708276194], [-83.19851562645114, 47.579149727624916], [-83.19858322647632, 47.57917542762487], [-83.1986891265092, 47.579164327617065], [-83.19873962651745, 47.579100427604516], [-83.1987887265207, 47.57900042758655], [-83.19891742654954, 47.578899027563786], [-83.19903362657661, 47.57881582754449], [-83.19921702662761, 47.57874922752383], [-83.19926982664342, 47.57873922751924], [-83.19923982662354, 47.578658827508924], [-83.19910322656823, 47.57857152750365], [-83.19906192655037, 47.57853622750067], [-83.19900312651438, 47.57840242748396], [-83.19900162650936, 47.5783664274786], [-83.19903992651707, 47.578329727470816], [-83.19911852653892, 47.578301227462], [-83.19921042656506, 47.5782724274523], [-83.1993160265967, 47.57825242744315], [-83.19940672661902, 47.578196727429486], [-83.19944282661926, 47.57810602741372], [-83.19945352661469, 47.57804282740357], [-83.1994387266054, 47.578007127399026], [-83.19935672657218, 47.577954727395934], [-83.19926182653603, 47.57791152739491], [-83.1991662264973, 47.577850327391225], [-83.19912302647317, 47.57777022738159], [-83.19918302647304, 47.577616027354864], [-83.19929852649763, 47.577514827332934], [-83.19946782654182, 47.57743062731043], [-83.19962542658673, 47.577382627294035], [-83.1997701266287, 47.577343827279776], [-83.19984762664674, 47.57728832726694], [-83.19988552665323, 47.57724262725781], [-83.19988482665075, 47.57722462725518], [-83.19985602663466, 47.577171227248776], [-83.19984082662407, 47.577126527242925], [-83.19985332662583, 47.577108227239414], [-83.19991792664086, 47.577062027228706], [-83.20001022666827, 47.57704222722035], [-83.20012942670544, 47.57703092721176], [-83.20028662674913, 47.57697392719403], [-83.20028582674658, 47.57695592719135], [-83.2002710267373, 47.57692022718687], [-83.20017612670108, 47.57687712718584], [-83.20002772664654, 47.57682592718673], [-83.19990552659927, 47.57676532718465], [-83.19983532656532, 47.57667662717535], [-83.19985962656631, 47.576622227165736], [-83.19995042658866, 47.57656642715206], [-83.20000172659944, 47.57652042714216], [-83.20001352659867, 47.57648422713599], [-83.2000116265924, 47.57643932712935], [-83.20004842659507, 47.57636662711622], [-83.20012702661691, 47.576338127107384], [-83.20020712664378, 47.576345527103875], [-83.2002610266634, 47.57636252710331], [-83.20035442669459, 47.57636972709897], [-83.20044562671818, 47.57632292708661], [-83.20049682672892, 47.576277027076735], [-83.20050862672818, 47.57624072707063], [-83.20044032670053, 47.576197127067964], [-83.20039862668145, 47.57615292706372], [-83.20046202669269, 47.57607972704897], [-83.20077562677753, 47.575947627010876], [-83.20085272679435, 47.575883226996716], [-83.20089002679833, 47.57581952698496], [-83.20089952679001, 47.57572932697075], [-83.20092382679093, 47.57567482696114], [-83.20098842680603, 47.57562862695043], [-83.20113272684671, 47.57558082693486], [-83.20130582690346, 47.575586526925655], [-83.20143942694871, 47.57560192692023], [-83.20154492698035, 47.57558192691107], [-83.20161022699789, 47.57555372690305], [-83.2016095269954, 47.57553572690038], [-83.20156742697505, 47.57548252689483], [-83.20149762694234, 47.57540282688684], [-83.20148242693175, 47.57535812688099], [-83.20149462693227, 47.57533092687614], [-83.20153332694126, 47.57530322686976], [-83.20162552696863, 47.57528342686139], [-83.20170492699303, 47.57527292685524], [-83.20177062701184, 47.5752536268485], [-83.20187502703972, 47.57520662683535], [-83.20195252705774, 47.575151126822504], [-83.20205162706795, 47.57497832679068], [-83.2021633270799, 47.57478712675533], [-83.2021880270822, 47.574741726747085], [-83.20215922706609, 47.57468822674072], [-83.20211672704444, 47.57462602673378], [-83.20211482703812, 47.574581126727075], [-83.2021661270489, 47.57453512671718], [-83.20225722707251, 47.57448842670485], [-83.20230852708329, 47.57444242669495], [-83.20232062708375, 47.574415126690134], [-83.20230582707445, 47.57437942668559], [-83.20222422704255, 47.5743360266838], [-83.20210242699652, 47.574284426683064], [-83.20206032697618, 47.57423122667744], [-83.2020573269661, 47.57415922666679], [-83.20213292697787, 47.57405882664726], [-83.20221002699468, 47.57399432663304], [-83.2023535270328, 47.573928626614816], [-83.20240402704104, 47.57386462660222], [-83.20240182703351, 47.573810726594274], [-83.20238622702169, 47.57375702658705], [-83.20242312702442, 47.573684326573975], [-83.20253932705148, 47.57360102655463], [-83.2026562270811, 47.57353582653801], [-83.20270792709313, 47.573498826529416], [-83.2027200270936, 47.57347162652464], [-83.2027045270818, 47.57341792651743], [-83.20259592704004, 47.57336602651592], [-83.2024763270016, 47.573368326523216], [-83.20238302697048, 47.57336112652751], [-83.20236702695739, 47.57329842651898], [-83.20238952695209, 47.57319902650266], [-83.2024233269447, 47.57305432647892], [-83.20248562695221, 47.57295412646017], [-83.20256312697028, 47.5728987264473], [-83.20266712699687, 47.572842726432846], [-83.2026653269906, 47.57279772642618], [-83.20263642697445, 47.57274432641977], [-83.20256742694428, 47.57268262641447], [-83.20256472693546, 47.57261972640514], [-83.20264142695096, 47.572546226389576], [-83.20286542701727, 47.57249692636915], [-83.20323672713437, 47.572471826343865], [-83.20330312715568, 47.57247052633981], [-83.20332892716169, 47.57245202633552], [-83.20335442716646, 47.572424526329904], [-83.20332592715164, 47.572380126324816], [-83.20319162710388, 47.57234662632758], [-83.20309782707146, 47.57233042633058], [-83.20302992704511, 47.5722958263293], [-83.20301552703705, 47.5722690263261], [-83.20306752705034, 47.57224102631887], [-83.20320002709178, 47.57222952630942], [-83.20335872714048, 47.572208426297045], [-83.20363582722386, 47.572158126273415], [-83.20370072724013, 47.57212092626402], [-83.20371102723432, 47.572048726252504], [-83.203681827217, 47.57198632624479], [-83.20370542721548, 47.57191382623251], [-83.20375702722745, 47.571876826223914], [-83.20384962725609, 47.57186602621692], [-83.20391612727747, 47.571864826212895], [-83.20399502730055, 47.57184532620538], [-83.20399312729427, 47.57180032619869], [-83.20394952726882, 47.57171112618779], [-83.20388202724372, 47.57168542618778], [-83.20378782721006, 47.57166032618949], [-83.20375942719521, 47.571615826184434], [-83.20379812720424, 47.571588126177964], [-83.20387712722732, 47.57156862617044], [-83.20411552730165, 47.57154602615324], [-83.20418232732428, 47.571553726150505], [-83.20427492735293, 47.571542926143515], [-83.20432652736494, 47.571505926134904], [-83.20435122736717, 47.57146042612661], [-83.2044033273805, 47.57143252611942], [-83.20448152740109, 47.571395026109236], [-83.20459952743444, 47.57135672609664], [-83.20466602745581, 47.57135542609256], [-83.20474532748015, 47.57134492608635], [-83.20478372748791, 47.571308126078605], [-83.20476922747987, 47.571281426075366], [-83.20472832746326, 47.57125522607381], [-83.20462052742411, 47.57122132607494], [-83.20452522738664, 47.571169126072625], [-83.20445502735265, 47.5710805260633], [-83.2044365273308, 47.57095492604546], [-83.20441982731516, 47.57087422603424], [-83.2044304273106, 47.57081102602406], [-83.20450902733243, 47.570782526015236], [-83.20458872735807, 47.57078102601039], [-83.2046810273854, 47.57076122600203], [-83.20471862739069, 47.57070652599158], [-83.20470162737381, 47.57061682597902], [-83.20469852736369, 47.57054492596841], [-83.20470922735917, 47.57048172595825], [-83.20479882737773, 47.570399025940574], [-83.20491692741108, 47.570360725927905], [-83.20498332743246, 47.57035942592386], [-83.20507742746614, 47.57038462592226], [-83.20519552749947, 47.5703463259096], [-83.20521982750046, 47.57029192589997], [-83.20527032750869, 47.57022792588744], [-83.20524002748758, 47.57013852587568], [-83.20521192747398, 47.57010302587196], [-83.20517022745489, 47.570058925867706], [-83.20516792744735, 47.57000492585972], [-83.20525832746841, 47.56994022584472], [-83.20532432748848, 47.5699299258393], [-83.20537792750686, 47.56993792583742], [-83.20543212752766, 47.56996382583817], [-83.20551452756216, 47.57002522584265], [-83.20566212761415, 47.570058425839115], [-83.20586072767566, 47.57003662582429], [-83.20596512770351, 47.569989625811154], [-83.20600342771128, 47.56995282580341], [-83.20600612771143, 47.569947225802395], [-83.20510282737257, 47.56958102579954], [-83.20432322708714, 47.56932032580543], [-83.20373002686259, 47.56906402580115], [-83.20274912648387, 47.568581225785145], [-83.20159992605261, 47.56811392578131], [-83.20055822566745, 47.56773572578464], [-83.19943592523187, 47.56716562576368], [-83.19850622487083, 47.56669182574608], [-83.19762812452788, 47.56622842572706], [-83.19651962409093, 47.56561182569827], [-83.19565362374297, 47.56507832566793], [-83.1948364234065, 47.56451012562958], [-83.19477122338056, 47.56447202562764], [-83.19414872313294, 47.56410822560882], [-83.1930547227281, 47.5637085256119], [-83.19169882225408, 47.56343182564869], [-83.18995142168208, 47.56338312574263], [-83.18826672112012, 47.56325322582065], [-83.18685582065287, 47.56317112589], [-83.18510892008113, 47.56312342598404], [-83.18363661960588, 47.56313572607118], [-83.1821477191252, 47.56314712615917], [-83.18075771867186, 47.56312182623587], [-83.17930381820537, 47.56315622632528], [-83.17841561793422, 47.56328672639647], [-83.1769311174955, 47.563618626532545], [-83.17583821718785, 47.56398472665113], [-83.1748823169268, 47.56436852676443], [-83.17361501655313, 47.56465912688168], [-83.17291571635562, 47.56488832695682], [-83.17207451611803, 47.56516412704716], [-83.17035841558199, 47.56532032717011], [-83.16824181492801, 47.56556962733036], [-83.16671291445472, 47.56574252744498], [-83.16471501384007, 47.56599962759949], [-83.16281291324448, 47.5661615277341], [-83.16099501267578, 47.56632062786334], [-83.15942361217297, 47.56636932796173], [-83.1581563117675, 47.56640892804107], [-83.15715651144178, 47.56639402809671], [-83.15606971108396, 47.56634812815271], [-83.15486251068313, 47.56627072821092], [-83.15406381041892, 47.56622722825058], [-83.15297491005597, 47.56614642830137], [-83.15172300962074, 47.565911228338386], [-83.15078450930308, 47.565802828376306], [-83.14959810888449, 47.565531428404014], [-83.14900190866703, 47.5653390284095], [-83.14836950843636, 47.56513492841527], [-83.14696550792068, 47.56465282842375], [-83.14548680736658, 47.56405842841963], [-83.14393180680402, 47.5635925284393], [-83.1431442065, 47.56320572842647], [-83.14166910595434, 47.56266852843065], [-83.14005120534853, 47.5620216284266], [-83.13883910487255, 47.56136142839706], [-83.13739010432074, 47.56070902838236], [-83.1358979037365, 47.559910028348064], [-83.13473350327006, 47.55920282830859], [-83.13356730280015, 47.558473128265874], [-83.13282200249385, 47.55795942823141], [-83.13213180221382, 47.557512228203805], [-83.13142800193509, 47.55711022818378], [-83.13062460159578, 47.556483928135634], [-83.12979250125734, 47.55593812810132], [-83.12919780099641, 47.555396828053944], [-83.12816600059983, 47.55490302803907], [-83.12726490023636, 47.55433592800551], [-83.1264719999367, 47.553996328000046], [-83.12627199986102, 47.55391002799856], [-83.12501759938736, 47.55337652799054], [-83.1237148989027, 47.552879827990836], [-83.12261479851453, 47.5526280280164], [-83.12177339821923, 47.55244782803777], [-83.12077329786028, 47.55217052805369], [-83.11946499739544, 47.55184492808016], [-83.1193890973697, 47.55183612808323], [-83.11792699685832, 47.55153692812251], [-83.11583579615012, 47.551293228206575], [-83.11307659522011, 47.55100662832279], [-83.10998449418288, 47.55072502845895], [-83.1074759933369, 47.55046072856394], [-83.10597389283959, 47.55037582863792], [-83.1039837922207, 47.55058112878394], [-83.10208389165223, 47.55095452895013], [-83.10108969134663, 47.55108522902733], [-83.10000359098306, 47.55099272907611], [-83.09823859035839, 47.55057392911481], [-83.09578108942578, 47.5494917290932], [-83.09366718863919, 47.54868452909331], [-83.09129768774909, 47.54771312908338], [-83.08993728721917, 47.54700562905498], [-83.0889166868197, 47.546459529031424], [-83.0879881864785, 47.546139029036546], [-83.08648628598117, 47.54605392911044], [-83.0847434854346, 47.54619812923289], [-83.08367078511786, 47.54644252933174], [-83.08219558471421, 47.54703292950613], [-83.08081118436472, 47.54781962970502], [-83.07887218392545, 47.549320430043785], [-83.07694198351734, 47.551046130416076], [-83.07449058287067, 47.55221873073483], [-83.07182338199807, 47.55215333087885], [-83.06866168098063, 47.55221043106999], [-83.06565277996985, 47.551927231200885], [-83.06228937877383, 47.55108563126778], [-83.06102257832339, 47.550768731292955], [-83.0606447781721, 47.5505393312801], [-83.05950887773487, 47.54999053126265], [-83.05855027733874, 47.54931153121531], [-83.05755187694986, 47.54879283119452], [-83.05645617653848, 47.548345731190174], [-83.05542377613882, 47.54782883117155], [-83.05452797578567, 47.54732973114775], [-83.05371157544808, 47.54674923110713], [-83.05301947516162, 47.54625553107234], [-83.05235067486261, 47.54560153101204], [-83.0514990745108, 47.54499923097014], [-83.05015577399854, 47.544387730955144], [-83.04906367359413, 47.543986630957455], [-83.04783547314464, 47.54357773096649], [-83.04677827275431, 47.543198430970065], [-83.04566447237052, 47.543016931006854], [-83.04565567236752, 47.54301603100725], [-83.0448482720505, 47.54257593098721], [-83.04365427157043, 47.541835730944115], [-83.04305887133637, 47.541508930929034], [-83.04221917104124, 47.541325930949796], [-83.04150977080583, 47.54128233098406], [-83.04072177055927, 47.541352531040154], [-83.03956277020403, 47.54151493113151], [-83.03828416982785, 47.5418188312512], [-83.03762616964096, 47.54202853132087], [-83.0366057693763, 47.54255403145913], [-83.03596556925166, 47.54321323159577], [-83.03578266927427, 47.543864431704804], [-83.03580546935603, 47.54445563179287], [-83.03579626945941, 47.545301731921356], [-83.03590476957585, 47.54594773201278], [-83.03601546970187, 47.546664532114825], [-83.04150867286917, 47.55768583346431], [-83.04154267287875, 47.5576740334606], [-83.04163607290991, 47.55768133345629], [-83.0417303729448, 47.55771563345604], [-83.041838072984, 47.55774973345496], [-83.04205097305368, 47.557754933443505], [-83.0422760731239, 47.55773293342718], [-83.0425410732069, 47.557710233408436], [-83.0427260732631, 47.557679933393196], [-83.04291127332043, 47.55765863337934], [-83.04310987338214, 47.55763713336462], [-83.04332417345677, 47.55767823335845], [-83.04349897351979, 47.557729133356084], [-83.04360527355404, 47.55772723334963], [-83.04364477356565, 47.55771753334592], [-83.04369677357896, 47.55768963333868], [-83.04376187359541, 47.55765243332929], [-83.04379887359822, 47.557579833316204], [-83.04376567356601, 47.55740943329233], [-83.04369267352101, 47.55723973327094], [-83.04368847350607, 47.557131833254836], [-83.04369897350037, 47.557059633243334], [-83.04372407350394, 47.557023233236386], [-83.04377587351608, 47.556986333227826], [-83.04388217355032, 47.55698443322136], [-83.04410827362419, 47.556989333209096], [-83.04429467368536, 47.556995033199186], [-83.0444277737293, 47.55700163319249], [-83.04454707376662, 47.556990533183956], [-83.04471827381717, 47.55695153316822], [-83.04490217386959, 47.55689423314891], [-83.04503187390114, 47.55681093312889], [-83.04512137391862, 47.55671933310985], [-83.04521017393364, 47.55660973308818], [-83.0452472739365, 47.55653713307506], [-83.04539337394048, 47.556192533014524], [-83.04547937394553, 47.55601103298214], [-83.0455793739573, 47.555847332951586], [-83.0456800739716, 47.55570153292377], [-83.04581987399622, 47.55553703289086], [-83.0459862740294, 47.55537213285631], [-83.04616737407181, 47.555242932826324], [-83.0464106741207, 47.555004532776266], [-83.04651377414366, 47.554921732757826], [-83.0465780741576, 47.5548666327458], [-83.04666827417756, 47.55479303272944], [-83.0467059741829, 47.55473833271898], [-83.04672807417525, 47.55462093269994], [-83.04673847416956, 47.55454883268849], [-83.04676267416944, 47.55448533267748], [-83.04680037417475, 47.55443073266704], [-83.04682657418208, 47.55442123266407], [-83.04690417420282, 47.5543861326543], [-83.048242474651, 47.55450053259443], [-83.04827247466106, 47.554503432593116], [-83.04898127491022, 47.55465723257547], [-83.05005967531608, 47.55510473258093], [-83.05159437586809, 47.55553843255792], [-83.05361387659845, 47.55614013253234], [-83.05542477725045, 47.556656532505905], [-83.05732617794305, 47.557262532487776], [-83.05878067847803, 47.55776733248016], [-83.06027117899578, 47.558042032435644], [-83.06175857950663, 47.558270632384364], [-83.06310517996097, 47.558412832328095], [-83.06455298044783, 47.558552132265596], [-83.06590518091546, 47.55878543222279], [-83.06725648141312, 47.55925933221643], [-83.06853258193692, 47.56013393227488], [-83.06991598250673, 47.5610977323407], [-83.0709854829242, 47.56166003236392], [-83.07173238323547, 47.56220893240368], [-83.07266048362774, 47.56293453245973], [-83.07353828400534, 47.563673432520716], [-83.07464058443185, 47.56422273254006], [-83.07562108481207, 47.56471783255818], [-83.07645628512566, 47.56505823256142], [-83.0773687854511, 47.56529363254426], [-83.07846068585408, 47.56568333254004], [-83.079498886201, 47.56576573249252], [-83.08057428656704, 47.56590483245145], [-83.0818149869788, 47.565981332391324], [-83.0824036871948, 47.56618093238749], [-83.08289508738667, 47.566439732398194], [-83.08458968800436, 47.56698263238232], [-83.08579738847187, 47.567586032403696], [-83.0869468889062, 47.56807583241123], [-83.08816108935567, 47.568519432408124], [-83.08913658972418, 47.568934732414476], [-83.09035339017875, 47.569412032416245], [-83.09125129050385, 47.569682432405166], [-83.0924187909454, 47.570183132413355], [-83.09350529136837, 47.57074483243539], [-83.09435469171379, 47.57130073247025], [-83.0954646921559, 47.57195313250459], [-83.09660489260173, 47.57255773253003], [-83.09759319299891, 47.57316733256496], [-83.09862739340082, 47.57369613258502], [-83.09947909375143, 47.57428693262499], [-83.10063509419953, 47.574868632645995], [-83.10151919455772, 47.575436232680595], [-83.10222599484308, 47.575882232707094], [-83.10266649501874, 47.57614303272098], [-83.10352599528979, 47.576083332662265], [-83.10521449586078, 47.57627173259309], [-83.10653399628617, 47.57625423251416], [-83.10746419658548, 47.5762371324578], [-83.10824989685291, 47.57633853242768], [-83.1093084972135, 47.57647773238745], [-83.11029849754924, 47.576595632348045], [-83.1114390979303, 47.57668593229566], [-83.11241959824575, 47.57666793223628], [-83.11331129852397, 47.57658283217184], [-83.1142383988166, 47.5765208321089], [-83.11531689915604, 47.576441332034506], [-83.11639509949552, 47.57636293196031], [-83.11738339982777, 47.57645823191753], [-83.11813830012294, 47.57685823193425], [-83.11876850039836, 47.577421431982785], [-83.11915510058265, 47.57788903203106], [-83.11969370081579, 47.578352632069866], [-83.1207412012147, 47.57882363208037], [-83.1219352016186, 47.578957932031514], [-83.12331850205724, 47.57888173194002], [-83.12466190247137, 47.57871403183697], [-83.12571270281364, 47.578728231778335], [-83.12665480313977, 47.57889303174868], [-83.1271155033276, 47.57919833176809], [-83.12754230350471, 47.57950533178974], [-83.12785090367576, 47.580067731856744], [-83.12795650378172, 47.58063493193628], [-83.12780860380664, 47.58121133203181], [-83.12760110379507, 47.58165163211025], [-83.12707460368567, 47.58213613221386], [-83.12658650359732, 47.58268843232543], [-83.12599630347482, 47.58323263244169], [-83.1255060033814, 47.58375013254817], [-83.12526830339918, 47.584500232675126], [-83.12540690354601, 47.58530643278874], [-83.12603650381979, 47.58585833283559], [-83.1270588041948, 47.58620373282856], [-83.12809870457681, 47.58656013282215], [-83.12933360500695, 47.58679703278643], [-83.1306649054577, 47.58695003273247], [-83.13181700583233, 47.586960132667315], [-83.13271730612924, 47.58700083262134], [-83.1340493065499, 47.58691413253117], [-83.13490990679075, 47.58661353243599], [-83.13566480699052, 47.58625873233875], [-83.13658470723449, 47.585831032220966], [-83.13787050761725, 47.58556293210611], [-83.13877630789425, 47.585432432033976], [-83.13955870815474, 47.58548763199703], [-83.14020420839894, 47.585764632001435], [-83.14092150867495, 47.586108932011854], [-83.14185450898073, 47.58613653196201], [-83.14245330915368, 47.585970131902215], [-83.14347660953169, 47.58633683189833], [-83.14415970973702, 47.58621043183971], [-83.1449441099694, 47.58603823176829], [-83.14592441021952, 47.58550473163103], [-83.1468351104749, 47.585190831530944], [-83.1476171107021, 47.58498383145441], [-83.14859051100062, 47.58485083137801], [-83.14947021128368, 47.5848354313247], [-83.15051601164599, 47.5850206312921], [-83.15155551202642, 47.58536553128396], [-83.15258021240639, 47.58574453128174], [-83.1535521127652, 47.58609183127788], [-83.15444771311547, 47.5865665312976], [-83.15551411352331, 47.587059431310195], [-83.15596891372965, 47.587525531354196], [-83.15670171407115, 47.5883475314357], [-83.15741011435863, 47.58880543146374], [-83.1581051146476, 47.58930983149959], [-83.15855901482037, 47.589512731503866], [-83.15942261509969, 47.5895088314532], [-83.16082261554196, 47.589419531358715], [-83.16195961591463, 47.58945313129787], [-83.16306611628328, 47.589533531245884], [-83.164156416648, 47.589624331196426], [-83.16555151711191, 47.58971833112974], [-83.16681261753438, 47.589828431073244], [-83.16793741791163, 47.58992973102339], [-83.1692412183651, 47.59017503098479], [-83.17062591883712, 47.5903603309325], [-83.17188621928969, 47.590709830912175], [-83.17308861971068, 47.590958130879955], [-83.17394012002653, 47.5912738308782], [-83.17481102038494, 47.591875930918484], [-83.17602652083464, 47.59231743091463], [-83.17715682125568, 47.59275043091438], [-83.17828052169352, 47.593333130937076], [-83.1791344220463, 47.59393443097828], [-83.18012142243752, 47.59449833100605], [-83.1809076227687, 47.5951020310515], [-83.18170112311535, 47.59580903111206], [-83.1827151235339, 47.59651973116043], [-83.182927223651, 47.5969015312057], [-83.18384692395834, 47.59697513116348], [-83.18489882427033, 47.596748131068274], [-83.18588802457101, 47.59659203098733], [-83.186800424831, 47.59631143089212], [-83.18789982512061, 47.59578653074923], [-83.18898602541309, 47.59531813061562], [-83.19007632571422, 47.594907030490404], [-83.19118862603247, 47.59457533037589], [-83.19222832634905, 47.59441593029158], [-83.19304032657847, 47.59415073020449], [-83.19358412673334, 47.593982830147645], [-83.19423472691871, 47.593782530079714], [-83.19442292697435, 47.59374073006252], [-83.19452592700235, 47.59369823005014], [-83.19460632702005, 47.59363253003556], [-83.19468712703804, 47.59356803002115], [-83.19474672704905, 47.59350273000784], [-83.1948041270524, 47.59338242998638], [-83.19484032704794, 47.593254629965045], [-83.19485512703348, 47.59310252994119], [-83.19487472699085, 47.59271632988186], [-83.19479632695437, 47.59262892987324], [-83.19478612692035, 47.59238622983726], [-83.19487592689897, 47.59198852977206], [-83.19494922690315, 47.591834129744505], [-83.19520122694202, 47.591496429678976], [-83.1957694270745, 47.59108962958467], [-83.196117027152, 47.59081292952283], [-83.1965098272201, 47.59034652942974], [-83.19666412725378, 47.59021762940135], [-83.19687182730569, 47.59009662937104], [-83.19714902738913, 47.59004632934737], [-83.19730462743983, 47.59004892933875], [-83.19738872746734, 47.59005072933416], [-83.19745532749313, 47.590084329335355], [-83.19874972795017, 47.590382329305186]]]}, "properties": {"OBJECTID": 505}}, {"type": "Feature", "id": 595, "geometry": {"type": "Polygon", "coordinates": [[[-80.96515743163174, 48.68231971918339], [-80.96855343276927, 48.682351019000095], [-80.96855423259628, 48.68097791879671], [-80.96855363254583, 48.680579918737784], [-80.96825603245613, 48.680656218765535], [-80.96799783237898, 48.6807281187905], [-80.9677261322951, 48.68078201881353], [-80.96759323225574, 48.68082141882672], [-80.96748153222256, 48.68085391883769], [-80.96722333215111, 48.68097081886929], [-80.96697873208083, 48.68106071889612], [-80.96674773201163, 48.681123618918264], [-80.96648963192888, 48.68115051893651], [-80.96628573186425, 48.68117751895177], [-80.96612273181665, 48.681231418968785], [-80.96594603176328, 48.68127631898524], [-80.96579663171681, 48.68130331899749], [-80.96555203164199, 48.681357219019034], [-80.96523953154676, 48.681429119046925], [-80.9648590314322, 48.68152791908261], [-80.96457373134608, 48.68159981910907], [-80.96424763124061, 48.68162671913112], [-80.96392153113857, 48.681680619157085], [-80.96363613105231, 48.681752419183525], [-80.96335083096278, 48.681797319206], [-80.96310633088113, 48.68179721921948], [-80.96269883072695, 48.68165321922072], [-80.96229133057501, 48.68152711922455], [-80.96199243047748, 48.68154501924378], [-80.96170713038794, 48.68158991926619], [-80.96128603023938, 48.681526819280144], [-80.96097373010224, 48.681265819258755], [-80.9605663299469, 48.68111271925862], [-80.9602946298494, 48.68105861926564], [-80.96002292975078, 48.68099561927133], [-80.95975142962722, 48.680734619247666], [-80.95972432961803, 48.680733519249046], [-80.95972302981492, 48.682297719480765], [-80.96341283104847, 48.682312419278844], [-80.96515743163174, 48.68231971918339]]]}, "properties": {"OBJECTID": 595}}, {"type": "Feature", "id": 816, "geometry": {"type": "Polygon", "coordinates": [[[-81.11772786157977, 48.51627878608662], [-81.11708926136737, 48.5162794861221], [-81.11707746136558, 48.516296386125255], [-81.11629696119307, 48.51699098627188], [-81.11772766159412, 48.51639348610368], [-81.11772786157977, 48.51627878608662]]]}, "properties": {"OBJECTID": 816}}, {"type": "Feature", "id": 1240, "geometry": {"type": "Polygon", "coordinates": [[[-83.39873249946116, 47.64351612565836], [-83.39851549938001, 47.643430725658206], [-83.39839249933134, 47.64336132565495], [-83.39828199928436, 47.64327362564824], [-83.39816939923094, 47.64314102563493], [-83.39802499911549, 47.642604125562656], [-83.39783389900352, 47.642212125514966], [-83.39775999895912, 47.64205172549523], [-83.39771149891939, 47.641863825469805], [-83.39770399889622, 47.6417019254459], [-83.39774609887868, 47.64145812540686], [-83.39772959886416, 47.64138652539704], [-83.3976472988308, 47.641334225394004], [-83.39755329879834, 47.641318225397086], [-83.3974597987672, 47.64131112540147], [-83.39731389872152, 47.64132322541182], [-83.39710269865839, 47.6413636254302], [-83.39700999862974, 47.64137452543727], [-83.39694389860972, 47.6413849254427], [-83.396849598576, 47.64135992544446], [-83.39679469855376, 47.64132502544243], [-83.39675269853451, 47.64128092543828], [-83.39655249843113, 47.640979125404606], [-83.39649399839737, 47.64086342539064], [-83.39644869836792, 47.64074732537585], [-83.39636399832692, 47.64064112536482], [-83.39633159830039, 47.640515825347926], [-83.39631419828332, 47.64042622533546], [-83.39630969826916, 47.640327325320904], [-83.39633179826363, 47.640227925304664], [-83.39636709826227, 47.640128225287604], [-83.39638919825671, 47.64002872527139], [-83.39641289825624, 47.639965225260454], [-83.39640919824473, 47.63988432524852], [-83.39636689822423, 47.63983122524301], [-83.39631079819817, 47.63976942523698], [-83.39627919817423, 47.63966212522273], [-83.39624849815287, 47.63957272521106], [-83.39628389815158, 47.639473025194036], [-83.39631719814385, 47.639328325170325], [-83.39633769813317, 47.639192925148826], [-83.39629319810622, 47.639094925136654], [-83.39624759807545, 47.638969825120526], [-83.39620319804855, 47.63887182510842], [-83.39618449802761, 47.638755225092], [-83.39618079801603, 47.638674325080046], [-83.39618999800749, 47.638584125065975], [-83.39628569800824, 47.63834812502488], [-83.39630529799501, 47.63819482500075], [-83.39630039797959, 47.63808692498483], [-83.39628179795868, 47.637970324968386], [-83.39623609792793, 47.63784532495226], [-83.39620129789371, 47.6376660249274], [-83.39619509787448, 47.63753122490748], [-83.39622799786547, 47.63737752488247], [-83.39630039786795, 47.63721402485363], [-83.3964188978863, 47.6370574248232], [-83.396437097849, 47.63671962477138], [-83.39480219718988, 47.635702124713994], [-83.39311149654772, 47.63495902470108], [-83.39142629592222, 47.63433162470526], [-83.39005869548764, 47.63439392479453], [-83.38770979478471, 47.634841024998885], [-83.38574669414878, 47.63483582511278], [-83.38317689327283, 47.63448882521067], [-83.38057549239247, 47.63418742531727], [-83.37803809147285, 47.63341672534961], [-83.37546399053265, 47.63257802537386], [-83.3720413893594, 47.632064025496405], [-83.36933108842219, 47.63159362558384], [-83.36617328736759, 47.63133822572981], [-83.36335118641341, 47.6310185258464], [-83.36000818535015, 47.631165026063535], [-83.35686648434874, 47.631285826265], [-83.35269038300345, 47.631335626516126], [-83.3478670814372, 47.63129612679153], [-83.3439580801177, 47.63087102695563], [-83.3402156788444, 47.63038622710094], [-83.33720207771042, 47.62914402708991], [-83.33429837663647, 47.62809412710131], [-83.33154577555577, 47.62660682703809], [-83.32960217472909, 47.62505812691847], [-83.32867307422804, 47.62348762673635], [-83.32796217374347, 47.621492026477604], [-83.32794927354702, 47.61998392625153], [-83.32753897314727, 47.61788992596042], [-83.32591117245558, 47.616596825860725], [-83.32395267172909, 47.6158705258655], [-83.32103087074555, 47.6155742259912], [-83.3182885699012, 47.6159143262021], [-83.31608846923541, 47.616278226385035], [-83.31268356816794, 47.61655052662434], [-83.31045526750906, 47.61704082682788], [-83.30862776706903, 47.61823062711338], [-83.30652766653411, 47.61936842740687], [-83.30489066611736, 47.62025732763597], [-83.30285826565658, 47.62180542798729], [-83.30086976513854, 47.62279242825155], [-83.29918436466265, 47.62334022843212], [-83.29784296421272, 47.6232175284918], [-83.29551386326796, 47.62172092840222], [-83.29306556228207, 47.620204228316496], [-83.29070296127422, 47.61829652816694], [-83.2883416602712, 47.61642352802249], [-83.28581995919053, 47.614347927856805], [-83.28349075819222, 47.612429327703516], [-83.28113395720243, 47.61064722757242], [-83.27869445619177, 47.608911827453035], [-83.27660305532366, 47.60741012734858], [-83.2746304545475, 47.60632892730051], [-83.27204285355201, 47.60508892726429], [-83.27054005301977, 47.604729527297586], [-83.26940485269711, 47.60508272741679], [-83.26805465237217, 47.605965427628206], [-83.26690355215194, 47.60716472787575], [-83.26676455225103, 47.6082979280545], [-83.26618475215338, 47.60900672819493], [-83.26522405190427, 47.60949362832413], [-83.2628986510713, 47.608864628364614], [-83.26103945042, 47.608477228414344], [-83.25896444971112, 47.60818632849121], [-83.2571799491057, 47.60796952856233], [-83.25598104872188, 47.60800432863725], [-83.25458554834739, 47.60861332881009], [-83.25375524823014, 47.609806229037964], [-83.2534103482559, 47.61088722922081], [-83.2532622483258, 47.61181472936912], [-83.25269914823197, 47.61251082950666], [-83.25168094799625, 47.61325062967726], [-83.24986064737342, 47.61298832974356], [-83.24776354664127, 47.61257162980276], [-83.24567864589862, 47.612041129844], [-83.24398214527922, 47.61149052985968], [-83.24241884474917, 47.61130402992245], [-83.24102544433023, 47.6115584300417], [-83.23962424393652, 47.61203123019434], [-83.2386564437168, 47.612768930361675], [-83.23752904352723, 47.614150830635324], [-83.23683714346598, 47.61543203086846], [-83.23714454368087, 47.616339330987216], [-83.23750864398535, 47.61780683118703], [-83.23821454441115, 47.619357731379566], [-83.24006704519708, 47.62081983149202], [-83.24257324612482, 47.621731431483575], [-83.24467364686684, 47.62221673143459], [-83.24684214757988, 47.62230023132105], [-83.24943634843996, 47.62245633119374], [-83.25260994955312, 47.62312623111006], [-83.2563479508681, 47.62394593101609], [-83.25864735166229, 47.624334830940874], [-83.26132335259229, 47.62483213086007], [-83.26539495399982, 47.625530130728286], [-83.26651425442348, 47.626010830735545], [-83.26941095558288, 47.6277487308285], [-83.27759965870644, 47.631451230909114], [-83.28598496192234, 47.63537763101165], [-83.29020936353317, 47.63728193105209], [-83.29111726386145, 47.63755063103961], [-83.29363106475658, 47.63818653098885], [-83.29625536566404, 47.63863793090388], [-83.29905436664349, 47.63921063082698], [-83.30135876740006, 47.63929153070491], [-83.30314596801064, 47.639541330638345], [-83.30465206855146, 47.639957630613175], [-83.30604686907691, 47.64053583061887], [-83.30922557040574, 47.64288353078661], [-83.31340507206654, 47.64529183090508], [-83.3152432726949, 47.64555173083703], [-83.31696267323133, 47.645392130712786], [-83.31833137361716, 47.644942630565424], [-83.3198659739964, 47.64402083033743], [-83.3212939744275, 47.64377593021734], [-83.32242327478008, 47.64367323013609], [-83.32398877531368, 47.643882230076215], [-83.32522807577752, 47.64437223007763], [-83.32646377622986, 47.644781330067026], [-83.32903127709848, 47.64507342996124], [-83.33026247748516, 47.64497982987536], [-83.33175297797122, 47.64500692979251], [-83.33333677851506, 47.64525022973674], [-83.33493677911211, 47.64586892973638], [-83.33635507971361, 47.64698282982107], [-83.337407080215, 47.64824142994889], [-83.33830678071708, 47.649891230144306], [-83.33937688127837, 47.65157233033449], [-83.34030628177696, 47.653119130512714], [-83.34143458222707, 47.65378223054652], [-83.34216078255817, 47.654533430616965], [-83.34354848305794, 47.654928030595265], [-83.34449218335082, 47.65482883052533], [-83.34509118346442, 47.6542002303959], [-83.34634078375919, 47.6533411301939], [-83.34788798412913, 47.65231622994962], [-83.35039478479555, 47.651180629632684], [-83.3525164853499, 47.65014382935314], [-83.35534978618827, 47.64952662909502], [-83.3574490868201, 47.64915282891633], [-83.35860058714468, 47.64877592879244], [-83.36006398734149, 47.64660982838159], [-83.36134178772993, 47.64641252827733], [-83.3606621875015, 47.646346728307094], [-83.36470898881852, 47.64640162807914], [-83.36562668912782, 47.64649742803994], [-83.36782808994433, 47.64731022803355], [-83.37018819083218, 47.64827942804133], [-83.37285779183397, 47.64935582804719], [-83.37527229274814, 47.65039242806186], [-83.37747889358224, 47.65132972807381], [-83.38019299452823, 47.65185722799449], [-83.38191569512517, 47.65216452794003], [-83.38456769601912, 47.65244232782681], [-83.38777559708416, 47.65265112767073], [-83.3895320976919, 47.6529576276141], [-83.39164999843317, 47.65339382755587], [-83.39433499938447, 47.65403622749543], [-83.39604609999228, 47.6544583274588], [-83.3974369005002, 47.65490952744523], [-83.39868750090015, 47.65487212736654], [-83.39925960102674, 47.65441472726444], [-83.40056870131832, 47.653382927032965], [-83.40202730165191, 47.65230172678534], [-83.40215610162458, 47.65176252669686], [-83.40264350162447, 47.65052962648323], [-83.40315580170548, 47.649867626353824], [-83.40355280170864, 47.648888626183606], [-83.40426810180513, 47.64783422598339], [-83.40524810197049, 47.64664842574805], [-83.40572240202623, 47.64588482560559], [-83.4058020019386, 47.644999025467925], [-83.40564640189295, 47.64503602548259], [-83.40538440182043, 47.645131525512234], [-83.40526590178582, 47.645161025523585], [-83.40516080175556, 47.64519022553413], [-83.40506810172698, 47.64520112554119], [-83.40496160169279, 47.64520342554776], [-83.40481360164074, 47.64517052555147], [-83.4046790015929, 47.64513732555434], [-83.40457130155488, 47.645112625556926], [-83.40442170149767, 47.64504372555529], [-83.4043124014545, 47.64498302555263], [-83.40421720141823, 47.64494002555172], [-83.4041224013832, 47.64490602555214], [-83.40402890135205, 47.64489902555657], [-83.40384430129741, 47.644938825573306], [-83.40382300130553, 47.64505632559222], [-83.40389370133971, 47.6451448256014], [-83.40399170138502, 47.64525072561156], [-83.40412850143929, 47.645328825615294], [-83.40421000147002, 47.645363125615674], [-83.40419910147342, 47.64541732562447], [-83.40410810144999, 47.6454642256368], [-83.40390810138464, 47.64545942564778], [-83.40373270132146, 47.645409125650474], [-83.40357020126126, 47.64534952565103], [-83.40346130121941, 47.64529782564962], [-83.40339060118518, 47.645209325640444], [-83.40342560118262, 47.645100625622064], [-83.40343270116763, 47.64496552560139], [-83.40339030114711, 47.644912425595884], [-83.40329510111077, 47.64486942559499], [-83.4031222010553, 47.64487302560567], [-83.40305820104165, 47.6449283256177], [-83.40298240106571, 47.64530792567911], [-83.40294780106959, 47.64542562569884], [-83.40291040106449, 47.64548032570921], [-83.40283260104532, 47.64552702572082], [-83.40269960100261, 47.64552972572896], [-83.40249960093728, 47.645524925739934], [-83.40212590081389, 47.645505825758946], [-83.4019530007584, 47.645509425769525], [-83.40177960070159, 47.6455040257789], [-83.40167280066615, 47.645497325784106], [-83.40153940062221, 47.645491125791004], [-83.40144540058975, 47.64547502579405], [-83.40135060055472, 47.645441025794504], [-83.40128040052178, 47.64536152578663], [-83.4011807004714, 47.64521962577119], [-83.40113580044314, 47.64511262575772], [-83.40105110040214, 47.64500642574672], [-83.40094050035515, 47.64491872574002], [-83.40081670030393, 47.64483132573414], [-83.40053160019627, 47.64471132573274], [-83.40040850014755, 47.64464192572954], [-83.40033960011857, 47.64458932572565], [-83.40028300009119, 47.644518525718325], [-83.40025110006597, 47.64440222570273], [-83.40020460003262, 47.644259225683996], [-83.40015970000437, 47.64415222567052], [-83.4001027999758, 47.644072425661875], [-83.40000679993689, 47.6440114256583], [-83.39984429987669, 47.643951825658874], [-83.39968219981775, 47.643901225660734], [-83.39957329977591, 47.64384952565928], [-83.39947809973962, 47.64380652565839], [-83.39938249970203, 47.64375452565618], [-83.3993409996841, 47.64371942565334], [-83.39927319965886, 47.64369382565346], [-83.39902879956662, 47.64359092565227], [-83.39873249946116, 47.64351612565836]]]}, "properties": {"OBJECTID": 1240}}, {"type": "Feature", "id": 1269, "geometry": {"type": "Polygon", "coordinates": [[[-83.33270730370712, 48.59806577067838], [-83.3319321036708, 48.59967117095813], [-83.3290980034784, 48.605100371916784], [-83.32604620329126, 48.61109287297023], [-83.32624570376794, 48.61412407339904], [-83.32692440487904, 48.620671574310336], [-83.32707310566794, 48.62612267509372], [-83.32780430679841, 48.63268057600296], [-83.32755640713172, 48.635731876461044], [-83.32722310782046, 48.64160307733377], [-83.32720510805, 48.64333497758635], [-83.32737860838252, 48.64536217787036], [-83.32742350880912, 48.64839127830762], [-83.32769410924664, 48.65095567866379], [-83.32947731000247, 48.65221407873999], [-83.36602622192041, 48.65174457648787], [-83.36710512254812, 48.653756976715435], [-83.36647232264409, 48.655984377076486], [-83.36502582240529, 48.65771187741366], [-83.36360782213204, 48.6591181777025], [-83.36097202134647, 48.65969447794376], [-83.3592393209636, 48.66105367824453], [-83.36016932145762, 48.662441878390354], [-83.36242132233723, 48.6634789784062], [-83.36182492257913, 48.66668867890751], [-83.35944852252742, 48.672024979823625], [-83.35745682261123, 48.67742898072646], [-83.35634122274622, 48.68110098132571], [-83.35570962313773, 48.68548938199973], [-83.35559582350345, 48.68844328243472], [-83.35686182431577, 48.691353082780836], [-83.35887382528063, 48.69358708298424], [-83.3624078267131, 48.69558948306295], [-83.36624812820408, 48.697284483078725], [-83.36841082917569, 48.699204883227544], [-83.36926562966477, 48.70073258339772], [-83.3678204297221, 48.70462118404757], [-83.36637182954553, 48.70680598445078], [-83.36589842960481, 48.70837638470659], [-83.36792673050665, 48.71010658483576], [-83.3749166331628, 48.712763784802064], [-83.38179463576559, 48.71529848475706], [-83.38419923662035, 48.71578128468296], [-83.38661793740931, 48.715749084533364], [-83.38976423831001, 48.714789984206], [-83.39206113896093, 48.71404118395997], [-83.39356663932749, 48.71311198373518], [-83.39614673976178, 48.710101283144674], [-83.40180144100597, 48.705641482160054], [-83.40601604196257, 48.70253178145709], [-83.40775354229149, 48.70077158109806], [-83.40847794233342, 48.699341580847516], [-83.40880444208398, 48.69673518045045], [-83.40833514163663, 48.694589080167695], [-83.40936864174418, 48.69289747986076], [-83.41088274197118, 48.69092717948455], [-83.41178744192611, 48.688427779068256], [-83.4121675418583, 48.68702027884153], [-83.41448494268425, 48.68750537877293], [-83.41665644354437, 48.688589778799916], [-83.41871104434166, 48.68949497880789], [-83.4211780452691, 48.69036377878592], [-83.4212311445858, 48.68523907804029], [-83.4199578438912, 48.68321067782267], [-83.41527324197016, 48.68038977769464], [-83.4119827407828, 48.67959337777638], [-83.40987174008615, 48.67955897789786], [-83.40801063954996, 48.68009967808769], [-83.40663963925034, 48.68119617832877], [-83.40533673903525, 48.68274787863169], [-83.40123763816734, 48.68623117938204], [-83.39774453746884, 48.68950038006498], [-83.39554933719954, 48.692796180674], [-83.397231338275, 48.69662978112863], [-83.39899293913874, 48.69872258132625], [-83.39833223910799, 48.70008188156273], [-83.39434563813579, 48.70253218215649], [-83.39167013771745, 48.70588908280294], [-83.38979423737639, 48.7078935832056], [-83.38665683659121, 48.70967578365169], [-83.3840855356607, 48.70903818371338], [-83.38062973446739, 48.708600583857], [-83.37721743336948, 48.70875618408387], [-83.37524563259228, 48.707801884063755], [-83.3755484323526, 48.705322083686426], [-83.37634173238267, 48.70363848339509], [-83.37624563204213, 48.701377483073266], [-83.37538363140852, 48.69880938275287], [-83.37325513022147, 48.695229982361624], [-83.37189002954864, 48.69358138220443], [-83.36861182816156, 48.691296682069584], [-83.36635312723719, 48.6899512820097], [-83.36463982650955, 48.68873688193622], [-83.36331582563477, 48.68550888154754], [-83.36328672531172, 48.68321138121621], [-83.36407892527474, 48.68103618085345], [-83.36522262539671, 48.67918128051607], [-83.3659727254615, 48.67785368027872], [-83.36681372553238, 48.67635148001057], [-83.36808682568065, 48.67437817964822], [-83.36827512554503, 48.67293127942717], [-83.37001022570712, 48.669948178890685], [-83.37205512616272, 48.6683729785399], [-83.37297152617377, 48.66625087817727], [-83.37318132605297, 48.664860377963066], [-83.37330642587517, 48.66325537772271], [-83.37411212583648, 48.66103377735223], [-83.37498342594215, 48.65971347710861], [-83.3758195258089, 48.65672467662492], [-83.3763386256573, 48.65436367625129], [-83.37665062553538, 48.652718275993884], [-83.38100942681395, 48.6516172755734], [-83.3852042281844, 48.65158497531778], [-83.39078452995119, 48.65113037491796], [-83.39404493094763, 48.65060187464614], [-83.3967192319151, 48.651270074583074], [-83.42134134179051, 48.664514375029825], [-83.4212037415228, 48.662883474801546], [-83.42128524125249, 48.66070787448122], [-83.42157354098512, 48.65805677407952], [-83.42162514068188, 48.65571067373615], [-83.42056633994177, 48.652828973381595], [-83.41928413916231, 48.65019467307624], [-83.4170304379925, 48.6470315727523], [-83.41446423690897, 48.64525097264755], [-83.41200403592832, 48.643969972608964], [-83.40828523444269, 48.64200937254708], [-83.40665843377509, 48.64102157250107], [-83.40574713333804, 48.64000557240816], [-83.39669502938227, 48.632736371894524], [-83.39080692685107, 48.62831287160433], [-83.38740472540408, 48.62587057145309], [-83.38298572335991, 48.62148587108041], [-83.37824922124078, 48.61731267075724], [-83.37342621914334, 48.613506170492286], [-83.36941661742671, 48.610539170300676], [-83.363819015236, 48.607911370253035], [-83.35374281142592, 48.60416207030965], [-83.34652570864873, 48.601120370298176], [-83.3401766063347, 48.599396170426296], [-83.33920220594479, 48.598875170408675], [-83.33910560591166, 48.59886437041281], [-83.33898240586801, 48.598839870416604], [-83.33884610582129, 48.59882467042252], [-83.33872290577757, 48.598800170426316], [-83.33858650573085, 48.59878497043223], [-83.33846370568854, 48.59876947043735], [-83.33832690564043, 48.59874527044196], [-83.33820410559804, 48.59872977044706], [-83.33708580521403, 48.598599570494855], [-83.33684020512933, 48.598568570504945], [-83.33577560476157, 48.59842827054807], [-83.33270730370712, 48.59806577067838]]]}, "properties": {"OBJECTID": 1269}}, {"type": "Feature", "id": 1335, "geometry": {"type": "Polygon", "coordinates": [[[-82.89315153977276, 48.450293675080786], [-82.89456204023607, 48.45029747499862], [-82.89426204006737, 48.44976707493836], [-82.89412533994803, 48.4492047748638], [-82.89393583981753, 48.44868947479928], [-82.89376463963194, 48.44771267466592], [-82.89361333948732, 48.44699547456948], [-82.89347493936306, 48.44640057449025], [-82.89318363918265, 48.4457597744132], [-82.8927067389743, 48.44536837438372], [-82.89194133866867, 48.44495697436817], [-82.89097293830177, 48.4445859743705], [-82.88981033788262, 48.444301474396845], [-82.88910683761577, 48.44402957439813], [-82.88825813729758, 48.443729774403856], [-82.88769643707384, 48.44343187439308], [-82.88709743682826, 48.44306157437377], [-82.88666543660928, 48.442478274313466], [-82.8866506365453, 48.4420320742488], [-82.88670803649758, 48.44152947417164], [-82.88687793649476, 48.441086974096656], [-82.88713103654153, 48.440812974041584], [-82.88769643670307, 48.44063157398177], [-82.88834943689059, 48.44042967391387], [-82.88901353709277, 48.440310873857484], [-82.8894450372179, 48.440186773813984], [-82.88992193733316, 48.4398753737403], [-82.89032753741662, 48.4395008736615], [-82.8908577375269, 48.4390198735598], [-82.89109153753341, 48.438489673468204], [-82.89131563754722, 48.438038473388815], [-82.89154653752743, 48.437317073269284], [-82.89148423743109, 48.43674347318868], [-82.89135253730853, 48.436143973108386], [-82.89119433719856, 48.43570567305323], [-82.89082703700846, 48.43517977299756], [-82.89045853679697, 48.43449527291857], [-82.89043413674128, 48.43413467286705], [-82.8903774366619, 48.43367567280293], [-82.89048623662171, 48.433102572712365], [-82.89071763658417, 48.43224517257286], [-82.89111693663128, 48.4316110724563], [-82.89145553664054, 48.43084187232341], [-82.8918617366905, 48.430212172207085], [-82.89231033677551, 48.42974257211184], [-82.89280683687583, 48.429269972013294], [-82.8935950370663, 48.42875537189151], [-82.89448203729795, 48.4283066717736], [-82.89512193744575, 48.427837271667094], [-82.89576253759661, 48.42738927156378], [-82.89666903779465, 48.42663877140034], [-82.89738003793643, 48.42594777125713], [-82.89782853802141, 48.42547817116185], [-82.89836233808809, 48.42465857101015], [-82.89876443814335, 48.4240794709015], [-82.89901243813772, 48.42342197079031], [-82.89947563821275, 48.42284077067775], [-82.89992083826883, 48.42216087055179], [-82.90024353830555, 48.42163817045603], [-82.90040513829642, 48.421168770377584], [-82.90039543819316, 48.42041207026696], [-82.90048673813783, 48.41976727016686], [-82.90052723807617, 48.419200970081256], [-82.9004776379635, 48.41847186997702], [-82.90033183783594, 48.417869169896974], [-82.90015293771802, 48.417421169841624], [-82.90002743763323, 48.41709146980051], [-82.89971093748683, 48.416769469771744], [-82.89925393730272, 48.41651046976049], [-82.89857703704234, 48.41622026975745], [-82.89767503670936, 48.41593936976908], [-82.89695683645361, 48.4157869697887], [-82.8961003361475, 48.415596469810936], [-82.89534943588474, 48.41547156983657], [-82.8946596356405, 48.415335669857036], [-82.89379393532545, 48.415100169873114], [-82.8931020350558, 48.41477756986622], [-82.89233703476866, 48.414503369870744], [-82.89176123453869, 48.41419236985876], [-82.89121823431451, 48.413843669839295], [-82.89065053407099, 48.41340986980878], [-82.89015293385607, 48.41301876978042], [-82.88936043354005, 48.41259436976448], [-82.88842343317454, 48.41215426975468], [-82.8876116328745, 48.41189876976464], [-82.88710403268414, 48.411718169767845], [-82.88665713252992, 48.411660269785514], [-82.88626293240593, 48.411700469814505], [-82.8857227322647, 48.41197246988613], [-82.88530043218533, 48.41242026997672], [-82.88492153214526, 48.41305737009259], [-82.88439483204452, 48.41360247020353], [-82.88390953195925, 48.414161470314156], [-82.88353293188915, 48.41456577039566], [-82.88301523177873, 48.41501507049203], [-82.88233163162776, 48.41556947061357], [-82.88193153156084, 48.416056270708545], [-82.88148273149281, 48.41665517082287], [-82.88106923144039, 48.41728497093969], [-82.88033673128898, 48.417957071081354], [-82.87968443114089, 48.418455771192896], [-82.87899773099899, 48.41908667132582], [-82.87845793091451, 48.41978717146042], [-82.87783203079125, 48.42040807158834], [-82.87726103068576, 48.42102687171278], [-82.87659673053795, 48.421557271829585], [-82.87594423038968, 48.422054871940965], [-82.87518143020185, 48.4225272720551], [-82.87434982998997, 48.42298847217155], [-82.87356122977997, 48.423356672271886], [-82.8727130295548, 48.42375847238058], [-82.87194682935699, 48.42416347248496], [-82.87133312921533, 48.424615372587354], [-82.87079112912521, 48.42527877271661], [-82.8702540290489, 48.42603417285908], [-82.86952972890438, 48.426738773005056], [-82.86868372872465, 48.42747897316338], [-82.86804032858527, 48.428021373280735], [-82.86731492841865, 48.42856167340262], [-82.86630592816907, 48.42917747355222], [-82.86521202790259, 48.42987677371904], [-82.86426192766406, 48.43043077385611], [-82.86367592751452, 48.43075407393792], [-82.86289302732148, 48.43123687405471], [-82.8621177271338, 48.43174197417433], [-82.86131882693006, 48.43218337428596], [-82.86037682669908, 48.43277437442796], [-82.85931722638813, 48.43305237453089], [-82.85836022611063, 48.4333287746275], [-82.85737402581884, 48.43356957472066], [-82.85640262551668, 48.43369547479602], [-82.85551732521617, 48.4336197748367], [-82.85466462492255, 48.43351547487133], [-82.85366712455819, 48.43323577488859], [-82.85289772427659, 48.43301537490125], [-82.8521708240311, 48.43296297493611], [-82.85160202385933, 48.433075574985956], [-82.85098312366408, 48.4331349750309], [-82.85035742348651, 48.4333451750984], [-82.8496837233107, 48.4336877751882], [-82.84914302318735, 48.43409687527998], [-82.84891042316708, 48.43452117535596], [-82.84865212316153, 48.43512027545912], [-82.84831282311318, 48.43559687554902], [-82.84774922299435, 48.43609737565554], [-82.84721482287125, 48.43649287574491], [-82.84666312277074, 48.43710227586676], [-82.84660262279205, 48.437413575916075], [-82.84660392283278, 48.43771837596078], [-82.84678212293059, 48.43801577599402], [-82.84734692314628, 48.43824507599464], [-82.84810242342338, 48.43846577598285], [-82.8488323236959, 48.438714975976765], [-82.84947262393723, 48.438950975973945], [-82.85004012414367, 48.43910377596319], [-82.85050992432961, 48.439343675970946], [-82.85092952451193, 48.43968107599594], [-82.85127482467315, 48.44004327602897], [-82.8516697248541, 48.4404315760629], [-82.85204562501549, 48.44071907608308], [-82.85216342507681, 48.440890376101386], [-82.85217522511267, 48.44113197613617], [-82.85211922512875, 48.44139267617776], [-82.85185452508422, 48.441712976240325], [-82.85148382501441, 48.442104676319595], [-82.85083972489284, 48.44278417645711], [-82.84997512469374, 48.44342447660178], [-82.8490110244518, 48.44398757674097], [-82.84822032425497, 48.44446137685683], [-82.84740672406265, 48.445026576987516], [-82.84669942389701, 48.44552937710278], [-82.84616322376901, 48.44589227718746], [-82.84557832362329, 48.446242377273116], [-82.84491492344254, 48.44652177735304], [-82.84412732321704, 48.44677167743586], [-82.8432045229717, 48.44720707755386], [-82.84256992282245, 48.447653577656546], [-82.84206402271336, 48.448084477749504], [-82.84154722258874, 48.44842447782968], [-82.84104772248044, 48.4488452779207], [-82.84049812234863, 48.44921277800691], [-82.83981362217845, 48.44962517810757], [-82.83926922204421, 48.44996117818874], [-82.83875252191083, 48.45023547825927], [-82.84158172284006, 48.450238978094205], [-82.8569734278966, 48.45027087719759], [-82.85877242848801, 48.45027777709324], [-82.86453113037847, 48.4502803767563], [-82.86453133037853, 48.450280476756284], [-82.89315153977276, 48.450293675080786]]]}, "properties": {"OBJECTID": 1335}}, {"type": "Feature", "id": 1337, "geometry": {"type": "Polygon", "coordinates": [[[-83.38994990249684, 48.450423245741405], [-83.38946770233915, 48.45042284577004], [-83.38723880161032, 48.45042084590248], [-83.38480410081394, 48.45041734604693], [-83.38253520007184, 48.45041424618156], [-83.38158359976062, 48.450413246238085], [-83.38122019964193, 48.450413846259835], [-83.38120449968805, 48.45079484631645], [-83.3803070995746, 48.452132246565256], [-83.37869289924373, 48.45359494687517], [-83.37867239942129, 48.45496434707649], [-83.3778099993223, 48.45632404732647], [-83.37630999926952, 48.459576047890955], [-83.37460839897167, 48.461496448272875], [-83.37407559899363, 48.46295364851748], [-83.37254099866705, 48.46425524879896], [-83.3699550980496, 48.46594954920043], [-83.3668032971192, 48.46669424949684], [-83.36493189657712, 48.46721364968417], [-83.36240959582975, 48.4677887499183], [-83.35973059508974, 48.468799750225465], [-83.35844529494695, 48.47086175060313], [-83.35744149485568, 48.472622750920145], [-83.3563593947022, 48.47411115120192], [-83.35431529423442, 48.47560285154149], [-83.35192189349807, 48.47594765173431], [-83.34923869260902, 48.47586315188163], [-83.34704339190624, 48.475976552028825], [-83.34329409073209, 48.47636455230865], [-83.34103929011279, 48.4772431525711], [-83.34057299021916, 48.479166952879815], [-83.34044159040072, 48.48083475313122], [-83.3403021905489, 48.48227445334975], [-83.34156889114506, 48.48362425347151], [-83.35018049383845, 48.48270565282487], [-83.35456589528694, 48.48280965257895], [-83.35652819587557, 48.48241445240447], [-83.35870669644072, 48.48131995211493], [-83.36082449688467, 48.47947335171918], [-83.36291579735068, 48.4778552513584], [-83.3649529979221, 48.477150751134246], [-83.36723809886756, 48.478621451212895], [-83.37167090051409, 48.48008185116219], [-83.37407800137314, 48.48061495109661], [-83.37714360233701, 48.48032785087206], [-83.37991400319261, 48.479953950652416], [-83.37948610227104, 48.474153349831], [-83.37499280083263, 48.47438285013213], [-83.37300040005152, 48.47342105011037], [-83.374206500196, 48.47156554976753], [-83.37743190103653, 48.4699752493432], [-83.37928790144896, 48.46853164902183], [-83.38020830159125, 48.467353648794976], [-83.38178170181666, 48.465207048387725], [-83.38414680224234, 48.46262594786983], [-83.38557050237301, 48.46013934742181], [-83.38597390227518, 48.45843314714853], [-83.38690880228243, 48.456216546769014], [-83.38684440208186, 48.45488274657796], [-83.38810250218334, 48.45258124616671], [-83.389364502432, 48.45136354591364], [-83.38994990249684, 48.450423245741405]]]}, "properties": {"OBJECTID": 1337}}, {"type": "Feature", "id": 36673, "geometry": {"type": "Polygon", "coordinates": [[[-85.17293949356753, 48.53772824916762], [-85.17270749346604, 48.53754124915547], [-85.17251359338668, 48.53742344915083], [-85.17213509324449, 48.537282449154425], [-85.17171159307806, 48.53707334915114], [-85.17148219299035, 48.53697744915189], [-85.17121039289279, 48.53690794915906], [-85.17099899281679, 48.536852849164475], [-85.17077089272762, 48.53674344916312], [-85.17057389265624, 48.5366886491677], [-85.17041199259454, 48.53662194916835], [-85.17003189245517, 48.53650454917544], [-85.16978909236232, 48.5364028491762], [-85.16951069226202, 48.536328749183106], [-85.16923239216105, 48.53625004918934], [-85.16906199210042, 48.53621024919439], [-85.16884509202066, 48.53614154919817], [-85.16867949194923, 48.536015249190534], [-85.16839839185522, 48.53599164920483], [-85.16822799179442, 48.53595064920967], [-85.1679362916884, 48.53586734921615], [-85.16746799151788, 48.53573054922602], [-85.16709379138689, 48.53565824923922], [-85.1666861912601, 48.53569104926953], [-85.16645099116674, 48.53556814926674], [-85.16628129110678, 48.53553164927223], [-85.16597069100915, 48.53554924929425], [-85.16569739091685, 48.53552014930729], [-85.16544579082645, 48.5354553493139], [-85.1652678907659, 48.53543344932189], [-85.16483799061956, 48.53537934934121], [-85.16465539054968, 48.535302249341655], [-85.16432249042967, 48.535213649349956], [-85.16411139035564, 48.53517204935725], [-85.16387229027336, 48.53513564936709], [-85.16353929015334, 48.53504714937537], [-85.16334959008559, 48.53500134938074], [-85.16312649000193, 48.53491904938301], [-85.16280728988578, 48.5348262493898], [-85.16259708980881, 48.53476214939388], [-85.1621956896664, 48.53467134940613], [-85.16195058957891, 48.534612349413074], [-85.16175388950637, 48.53454854941637], [-85.16154368942946, 48.53448444942037], [-85.16136118936232, 48.53442634942355], [-85.1611842892983, 48.53437744942766], [-85.16088748918474, 48.534252349428414], [-85.16069938911114, 48.5341616494273], [-85.16019768892762, 48.534009649437074], [-85.16006328887342, 48.5339333494346], [-85.1599154888143, 48.533853349432434], [-85.15961338869644, 48.533710149430966], [-85.15933098858372, 48.53355834942698], [-85.15916898852245, 48.533495049428154], [-85.15893068843704, 48.53343494943448], [-85.15877748837416, 48.53334034943062], [-85.15861668830892, 48.533246649427284], [-85.15847538825308, 48.53317464942589], [-85.15821428814664, 48.53301864941997], [-85.15807318809021, 48.53294214941792], [-85.15791298802581, 48.53285304941521], [-85.15774288796382, 48.532803049418774], [-85.15747388785944, 48.53267954941799], [-85.1571849877438, 48.53252194941362], [-85.1569919876616, 48.53238164940568], [-85.15685198760421, 48.53229624940226], [-85.15654058748656, 48.532175349404525], [-85.15637198742266, 48.53210854940555], [-85.15615798733597, 48.5319848494013], [-85.15588148722901, 48.53186004940083], [-85.15560698713777, 48.53184104941537], [-85.15535868703869, 48.53170774941193], [-85.15512488694382, 48.53157124940705], [-85.15475038681079, 48.53148544941834], [-85.15448598671306, 48.53139794942245], [-85.15429018664081, 48.53133404942561], [-85.15402718653839, 48.5312106494245], [-85.15374148643755, 48.53114984943372], [-85.15357318637297, 48.53107744943397], [-85.15341098631241, 48.53101974943591], [-85.15315948622141, 48.53095044944179], [-85.15281328609632, 48.53085604945002], [-85.15248038597635, 48.53076744945831], [-85.15212098584561, 48.53066384946609], [-85.15191738577151, 48.53060434947034], [-85.15145518560549, 48.530485649482436], [-85.15125758553663, 48.53044984948972], [-85.1509307854212, 48.53037934950016], [-85.15063738531852, 48.53032284951056], [-85.15040518524101, 48.53030454952253], [-85.15023448518153, 48.53027364952883], [-85.15001688510478, 48.53022744953589], [-85.14969448499667, 48.530198649552055], [-85.14946978491888, 48.53016134956082], [-85.14908658479088, 48.530130349580496], [-85.14874498467255, 48.53007314959377], [-85.14839388456154, 48.530088849618096], [-85.14818858449341, 48.53007544962908], [-85.14802698443114, 48.530004249629066], [-85.14768978432338, 48.53001124965126], [-85.14748288425797, 48.53002024966558], [-85.14727778418923, 48.530002349675875], [-85.14707158412142, 48.529993349687565], [-85.14683148404264, 48.52998384970133], [-85.14641508392083, 48.53007164974005], [-85.14621608385667, 48.530071849752574], [-85.1460555838135, 48.53013224977136], [-85.14591398377857, 48.530207549791044], [-85.14561988370166, 48.530333249827486], [-85.14548538367094, 48.530422149848704], [-85.14532298363116, 48.5305106498716], [-85.1451105835822, 48.53064784990458], [-85.14494868354372, 48.530744149928545], [-85.14470118348481, 48.53089084996513], [-85.14440388341596, 48.53108065001098], [-85.14424948337752, 48.53116025003208], [-85.14413498335438, 48.531257350053174], [-85.14401368332926, 48.53135555007488], [-85.14383708328745, 48.53146175010121], [-85.14369418325721, 48.5315730501261], [-85.14356568323163, 48.53168455015013], [-85.14334778317576, 48.5317856501783], [-85.1431844831389, 48.531896550204486], [-85.14299848310431, 48.53207465024166], [-85.14287738307857, 48.53216825026267], [-85.14273378305084, 48.53229865029037], [-85.1424573829862, 48.53247075033237], [-85.1422919829572, 48.53264135036725], [-85.1420988829183, 48.532805750402886], [-85.14193818287573, 48.53287065042232], [-85.14180148284962, 48.53299665044893], [-85.14155048280301, 48.53323775049922], [-85.14139068277707, 48.533417350535], [-85.1412186827452, 48.53358325056956], [-85.14107538271615, 48.5337035505958], [-85.14095428269026, 48.53379605061666], [-85.14077928266595, 48.53402155065993], [-85.14063998264922, 48.53421945069703], [-85.14055858263961, 48.53433625071886], [-85.14044278262155, 48.53447155074553], [-85.14027478259808, 48.53468705078697], [-85.1401863825876, 48.53481385081064], [-85.14013258258825, 48.53494005083211], [-85.13995268255515, 48.53511485086841], [-85.13981218254254, 48.535344250910114], [-85.1396925825343, 48.53555705094809], [-85.1395146825167, 48.53583645099928], [-85.13944128250843, 48.53594435101933], [-85.13928828248469, 48.536124051054685], [-85.13918488247451, 48.53628665108446], [-85.13898428243591, 48.53647005112336], [-85.13886578242405, 48.53665485115725], [-85.1387175823895, 48.5367480511799], [-85.13844388233811, 48.53700675123416], [-85.13828488231243, 48.537186351269845], [-85.13816828229666, 48.53733965129912], [-85.1380935822899, 48.537461051321216], [-85.13788908226178, 48.5377265513721], [-85.13772148223715, 48.5379330514122], [-85.13754118220515, 48.538116751449806], [-85.13751478221677, 48.53825805147169], [-85.13748048222713, 48.53840825149535], [-85.1374336822294, 48.538530051515735], [-85.13738028222902, 48.53864835153602], [-85.13731858222837, 48.538783451559254], [-85.13724398222432, 48.538923951584046], [-85.13717588222036, 48.53904995160639], [-85.13709738222673, 48.53927245164319], [-85.13699858222334, 48.53947215167796], [-85.13691628221731, 48.53961595170372], [-85.13686288221693, 48.53973425172402], [-85.13682008223091, 48.53992925175465], [-85.13677338223276, 48.54004775177452], [-85.13675248224811, 48.54020255179803], [-85.1366090822424, 48.54048705184772], [-85.13654188225824, 48.54075025188964], [-85.13648488226713, 48.540941651920626], [-85.13645868227819, 48.54107835194183], [-85.13636078227171, 48.5412545519732], [-85.1362995822725, 48.5413985519977], [-85.13619438226573, 48.54158915203159], [-85.13604198224267, 48.54177225206738], [-85.13596548224206, 48.54194085209632], [-85.13596458226516, 48.542105052119865], [-85.1358603822579, 48.542290052152886], [-85.13574168224662, 48.542479352187485], [-85.13563798223761, 48.54265085221853], [-85.13554598223627, 48.54284955225275], [-85.13543758224083, 48.543126652299236], [-85.13535558223356, 48.543261452323705], [-85.13534208224878, 48.54339845234416], [-85.13518638223388, 48.54364665238947], [-85.13512038224884, 48.54390085243001], [-85.13509368225847, 48.54402865244994], [-85.13500178225992, 48.544246452486945], [-85.13492048225031, 48.544363252508774], [-85.13481538224279, 48.54454825254184], [-85.134836082271, 48.544699252562175], [-85.13476758227151, 48.544857852589146], [-85.1346814822755, 48.545080252626384], [-85.13470318230017, 48.54520435264282], [-85.13468988231793, 48.54535925266581], [-85.1345790823046, 48.54551605269523], [-85.13455668232535, 48.54571255272473], [-85.13443048231416, 48.545919652762315], [-85.1343600823181, 48.546106352793494], [-85.13423768231665, 48.54637315283934], [-85.13414258230321, 48.54649415286267], [-85.13409538230684, 48.54662615288454], [-85.13399988229521, 48.546760652909796], [-85.13404588233821, 48.546958152935126], [-85.1339552823354, 48.54714345296733], [-85.13384858233393, 48.547374453007144], [-85.1338768823614, 48.54750315302373], [-85.13379328235959, 48.54767945305425], [-85.13371638236059, 48.54786045308497], [-85.13365788237476, 48.54809225312182], [-85.13366498239856, 48.54824305314298], [-85.13358958239431, 48.54838355316783], [-85.13347448237309, 48.54849525319104], [-85.1333328823609, 48.548730253233614], [-85.13324118236162, 48.54894245326971], [-85.13326008239325, 48.549121553294185], [-85.13327988242442, 48.54929515331777], [-85.13326588244132, 48.549445553340156], [-85.13317838243053, 48.54956785336314], [-85.13319868248014, 48.54986955340507], [-85.13318908250767, 48.550084253436424], [-85.13307228249249, 48.550242053466356], [-85.13299448249322, 48.550422953497126], [-85.13292518249668, 48.5506040535274], [-85.13286338249614, 48.55074025355078], [-85.13281878251344, 48.5509621535853], [-85.13275148250985, 48.55108935360774], [-85.13269478251739, 48.55127055363723], [-85.13254948251834, 48.55160565369435], [-85.13244378251333, 48.551809653730196], [-85.13236118250784, 48.55195795375658], [-85.1322964825181, 48.55217615379186], [-85.1322429825177, 48.552294553812196], [-85.13218948251718, 48.5524117538323], [-85.13204058250457, 48.55266015387724], [-85.13199598252196, 48.552883153911914], [-85.13179248249018, 48.5531205539587], [-85.13165168247826, 48.55335555400121], [-85.13164458249683, 48.553501654022554], [-85.1316704825327, 48.55369435404854], [-85.13169118256093, 48.55384545406881], [-85.13177128261438, 48.554039054091476], [-85.1318628826599, 48.554150754101684], [-85.13202278274842, 48.55440975412871], [-85.13214388281716, 48.55461755415083], [-85.13223368286593, 48.55475615416502], [-85.13230348292986, 48.555046354202155], [-85.13235448297836, 48.55527095423105], [-85.13233758300544, 48.55549895426474], [-85.13226998302244, 48.55577115430796], [-85.13218698304173, 48.55609375435936], [-85.13218258307366, 48.55632755439306], [-85.13216188311124, 48.55663765443872], [-85.13215398313272, 48.55680615446335], [-85.13202928311954, 48.556995354498206], [-85.1319920831368, 48.55720055452997], [-85.13195178314182, 48.55732695455058], [-85.13188768314974, 48.55752725458322], [-85.13183948315682, 48.557686154609016], [-85.13175348316022, 48.5579040546456], [-85.13166368315446, 48.55806685467453], [-85.13169998318307, 48.55818545468923], [-85.13165798319092, 48.558335454713294], [-85.13159098318617, 48.55845365473446], [-85.13155748319345, 48.558580154754615], [-85.13152348320259, 48.558721354776985], [-85.13150378323662, 48.55900435481872], [-85.13153578327709, 48.559215254846855], [-85.13154068330591, 48.55940645487392], [-85.13170208339244, 48.559647554898255], [-85.13180938345745, 48.55986065492197], [-85.13187948349729, 48.5599810549348], [-85.13185928351014, 48.56011675495548], [-85.13190908354335, 48.56023685496953], [-85.13200608359251, 48.560362054981354], [-85.1321498836629, 48.560529754996324], [-85.13222018370205, 48.560645555008456], [-85.13233258375244, 48.560744155015506], [-85.13249198382317, 48.56087945502479], [-85.13266638389301, 48.560974455027456], [-85.13276328396562, 48.561263955062714], [-85.13283968400957, 48.56139905507726], [-85.13289488404648, 48.561532655092925], [-85.13294028409186, 48.56174815512087], [-85.13296558413012, 48.561958855149456], [-85.1329739841693, 48.56221425518546], [-85.13293948418021, 48.56236895520976], [-85.13289908418604, 48.56250095523114], [-85.13281558418362, 48.562672855260985], [-85.13270498417306, 48.56284875529314], [-85.13260288415802, 48.5629741553175], [-85.13236628411227, 48.56318845536302], [-85.13221998409004, 48.56336375539729], [-85.1320579840517, 48.5634612554214], [-85.13185848400882, 48.563612055455515], [-85.13173738398248, 48.56370125547595], [-85.13160118395444, 48.563812555500384], [-85.1313282838832, 48.56393075553449], [-85.1310314838113, 48.56409795557704], [-85.13076638375823, 48.56432535562627], [-85.13058718372537, 48.56450015566251], [-85.13046408370285, 48.56462075568751], [-85.13027108366273, 48.56477615572191], [-85.13012398364688, 48.56499755576282], [-85.12997948362191, 48.565149255793614], [-85.12980188358294, 48.56527795582319], [-85.12957858354237, 48.56549815586873], [-85.12947338353547, 48.56568765590244], [-85.1294703835658, 48.565906855933974], [-85.12952458360618, 48.56606745595355], [-85.12962298365392, 48.566179255963384], [-85.12989638376911, 48.56636815597314], [-85.13022788387188, 48.5663386559481], [-85.13043488393788, 48.56633305593427], [-85.13089278407085, 48.56622915589061], [-85.13116288415226, 48.566188555867825], [-85.13147508424473, 48.56613065583991], [-85.13180728434516, 48.56608315581223], [-85.13213518443762, 48.56598955577821], [-85.13236408450427, 48.565939255756604], [-85.1326212845789, 48.565880455732064], [-85.13282938464079, 48.56584335571362], [-85.13312088472797, 48.56579525568844], [-85.13351758484211, 48.56569815564959], [-85.13390228496607, 48.56569655562513], [-85.13410288502818, 48.56567845560997], [-85.13430828509642, 48.56569185559896], [-85.13452098516825, 48.565714455588775], [-85.13478728525948, 48.5657513555773], [-85.1350603853531, 48.565789555565566], [-85.13532678544432, 48.56582645555411], [-85.13550488550433, 48.565843955545404], [-85.13589278564307, 48.56593915553461], [-85.1360778857047, 48.565952255524884], [-85.13628948577681, 48.56597925551542], [-85.13649558584592, 48.56599725550504], [-85.13682898596487, 48.56607685549546], [-85.13714348607255, 48.566120155481805], [-85.1372954861398, 48.56624745549047], [-85.13756688626268, 48.56649475550878], [-85.13792008639018, 48.56658935550005], [-85.13815988649041, 48.566749555507926], [-85.13834268656028, 48.56682555550726], [-85.13868938668439, 48.566911055497684], [-85.1388890867697, 48.56705715550602], [-85.1390992868472, 48.56712465550245], [-85.13940278696428, 48.56725885550254], [-85.13966468706789, 48.567392455505185], [-85.14012738723355, 48.567506755492445], [-85.14030648728995, 48.567497255479765], [-85.1406508873995, 48.5674859554565], [-85.1409878875092, 48.567492555436246], [-85.14118018757121, 48.56749225542408], [-85.1414815876727, 48.56752185540936], [-85.14171608774573, 48.56750315539193], [-85.14193008781287, 48.567489755376556], [-85.14225248791846, 48.56750055535779], [-85.14258268802597, 48.56750705533791], [-85.14276378807851, 48.56746605532072], [-85.14301988817685, 48.5675759553203], [-85.14322978824234, 48.567560155304804], [-85.14363418836845, 48.56752955527499], [-85.14383348843197, 48.567523855261655], [-85.14414498852695, 48.567484955236516], [-85.14455348865151, 48.56743425520352], [-85.14485098874049, 48.56738505517778], [-85.14501778878825, 48.56734275516121], [-85.14526718886435, 48.56731185514114], [-85.14559638895192, 48.567181155101736], [-85.14594268903475, 48.56697865505098], [-85.1461248890835, 48.566908455029456], [-85.1463836891522, 48.56680465499835], [-85.14665148921848, 48.566663954961335], [-85.14694768929213, 48.56651015492075], [-85.14712918934018, 48.566436554898786], [-85.14732638939125, 48.56634865487383], [-85.1474739894283, 48.56627455485394], [-85.14778888951118, 48.566143554815376], [-85.14804288957363, 48.56600705477986], [-85.1482407896224, 48.56590115475229], [-85.1484027896609, 48.56580475472829], [-85.14859928971111, 48.56571235470268], [-85.14880948976848, 48.565639254679034], [-85.14915558987211, 48.56558295464918], [-85.1493632899351, 48.565554854632076], [-85.14953208997906, 48.565481054610906], [-85.1498580900747, 48.56541435458084], [-85.1501233901468, 48.565319654550635], [-85.15033989020796, 48.565258954528325], [-85.15062479028913, 48.56518375449962], [-85.15088149036549, 48.565138354477], [-85.15106309041619, 48.56508275445761], [-85.15132589049708, 48.5650555544372], [-85.15171349061353, 48.56499535440421], [-85.15190279066348, 48.56491745438114], [-85.15214209072249, 48.56478975434782], [-85.15235399077383, 48.5646705543174], [-85.15280429090728, 48.56458785427727], [-85.15316279099935, 48.56442265423108], [-85.15347189107975, 48.56428695419222], [-85.15370479113531, 48.564150154158], [-85.15388839117875, 48.564039554130595], [-85.15402279121002, 48.563955054110096], [-85.15426119127208, 48.56385095408016], [-85.15441699130972, 48.56376235405771], [-85.1546562913687, 48.56363455402435], [-85.15493379142978, 48.56343545397844], [-85.15517639147998, 48.56323915393508], [-85.155375591524, 48.56309735390226], [-85.15563899157905, 48.56288785385572], [-85.15581779161694, 48.56274905382463], [-85.1559818916508, 48.5626155537952], [-85.15618189169187, 48.56245115375909], [-85.15631769171785, 48.56232625373268], [-85.15644609174397, 48.56221925370933], [-85.15672619179917, 48.56197295365648], [-85.15687559182955, 48.56184825362922], [-85.15695709183854, 48.56172695360676], [-85.15705649183947, 48.561509253569355], [-85.15715219185051, 48.56137025354346], [-85.15721879185638, 48.561261053523666], [-85.1572589918513, 48.56113465350307], [-85.15740399187435, 48.560968253470115], [-85.1575003918828, 48.56081015344149], [-85.15759519189675, 48.56069355341882], [-85.15766269189973, 48.56056195339572], [-85.15772269190302, 48.56044935337586], [-85.15780469191007, 48.56031345335125], [-85.15794419192615, 48.5601109533135], [-85.15802009192865, 48.5599569532867], [-85.15806719192513, 48.55982615326504], [-85.15813589192724, 48.559685553240605], [-85.15822119192232, 48.559458653202825], [-85.15832319193733, 48.55933315317842], [-85.15837019193428, 48.55920575315725], [-85.15846209193553, 48.55900705312305], [-85.15855939194053, 48.558821853090414], [-85.15866429194858, 48.558641353057986], [-85.15875859196092, 48.55851465303398], [-85.15891249198168, 48.55831245299533], [-85.15909979201521, 48.55812425295667], [-85.15920839203297, 48.558003452932546], [-85.15938179206327, 48.55782395289596], [-85.15950499208131, 48.55767185286639], [-85.15964559209696, 48.55746385282782], [-85.15972649210445, 48.557333552804124], [-85.15984849212721, 48.557217452779824], [-85.15994299214239, 48.557109852758465], [-85.16005939215864, 48.55696105272987], [-85.16021789218941, 48.55681845269952], [-85.1603278922017, 48.556656052669325], [-85.16042259221624, 48.556543952647374], [-85.16051159222489, 48.55640365262171], [-85.16068379225614, 48.55623325258648], [-85.16081199228285, 48.556130652563745], [-85.1610266923274, 48.55595755252544], [-85.16113339234842, 48.55586365250532], [-85.16124169236734, 48.555751852482516], [-85.16134349238278, 48.55562975245864], [-85.16148459241643, 48.555546552437846], [-85.1616468924568, 48.555462552415605], [-85.16189439251585, 48.55531685237922], [-85.16205249254453, 48.55516085234696], [-85.16215419256056, 48.55504325232373], [-85.16243109262018, 48.55483515227653], [-85.1626744926909, 48.55478055225338], [-85.16278869271497, 48.554691252233404], [-85.16302399276474, 48.55450835219247], [-85.16324329281592, 48.554371252159044], [-85.16341949285903, 48.55427505213421], [-85.16371779292479, 48.55406165208491], [-85.16394449297577, 48.553906752048505], [-85.16408509301102, 48.553835852029486], [-85.16428859306555, 48.55375815200555], [-85.16460399314605, 48.55360905196438], [-85.16484369320702, 48.55349485193297], [-85.16513889328031, 48.553340951892395], [-85.16530109332076, 48.55325805187033], [-85.1655890933936, 48.553117551832045], [-85.16587679346766, 48.55298615179515], [-85.16605169351547, 48.55292595177554], [-85.16637289360169, 48.55280395173789], [-85.16657029365169, 48.55270815171176], [-85.16696729376389, 48.55259745167095], [-85.16715779380897, 48.55248245164248], [-85.16731909384964, 48.552402951620955], [-85.16750149389729, 48.55232485159833], [-85.16766979394238, 48.55226005157844], [-85.16788759399881, 48.5521634515509], [-85.16819459408315, 48.55206035151684], [-85.16837089412608, 48.55196305149184], [-85.16862239419362, 48.55186805146243], [-85.1688444942581, 48.55181765144121], [-85.16910139433321, 48.551763251417256], [-85.16946319443596, 48.55166555138053], [-85.16967399449094, 48.551574451354206], [-85.16982119452913, 48.55150925133563], [-85.16995549456036, 48.55142485131512], [-85.17016929460448, 48.551250551276695], [-85.17034919463767, 48.55107685124051], [-85.17045079465365, 48.55095925121735], [-85.1706599946911, 48.55074885117405], [-85.17073499469328, 48.550594851147295], [-85.17092649471451, 48.550311151094654], [-85.17098609469872, 48.55006575105582], [-85.1710230946781, 48.54983805102092], [-85.1710080946556, 48.549714151004146], [-85.17110809465419, 48.549478450964116], [-85.17120069465248, 48.54925725092665], [-85.17124739465062, 48.54913875090678], [-85.17128039464451, 48.54902125088789], [-85.17123159460712, 48.54886975086928], [-85.17118969457516, 48.548740850853484], [-85.17125449456427, 48.548518050817506], [-85.1712926945428, 48.54828135078121], [-85.17137729454024, 48.548072450746055], [-85.17141739453515, 48.54794595072543], [-85.17147259453216, 48.547800650701156], [-85.17150909451338, 48.54758645066822], [-85.17149459448906, 48.54744905064944], [-85.17156399448818, 48.547285950621784], [-85.17163749449583, 48.54717355060105], [-85.17174119450735, 48.547019950572576], [-85.17189469452607, 48.546804250532034], [-85.17199049453632, 48.54665955050528], [-85.17203709453456, 48.54654215048559], [-85.17210569453661, 48.54640155046114], [-85.17224809454515, 48.54613955041468], [-85.1722945945434, 48.54602225039497], [-85.17239189454818, 48.54583595036219], [-85.17249019455281, 48.54564635032889], [-85.17259029455079, 48.545406150288215], [-85.17264419454952, 48.54527535026614], [-85.17276919456407, 48.5450951502325], [-85.1727814945498, 48.544967150213395], [-85.17277619452193, 48.544783750187456], [-85.17279349449232, 48.544537750151186], [-85.17287909448952, 48.5443243501153], [-85.17295039448152, 48.54410725007971], [-85.17302079447691, 48.54391605004796], [-85.17307829446575, 48.543707850014506], [-85.17315599446157, 48.54350324998033], [-85.17320679444745, 48.543289249946554], [-85.17323639443038, 48.54310304991802], [-85.17324909441429, 48.54296154989701], [-85.17326279439787, 48.54281554987526], [-85.1732996943779, 48.542592349841016], [-85.17325809434482, 48.542454449823865], [-85.17325999431749, 48.54225884979578], [-85.17322049427655, 48.54206134976999], [-85.1732522942516, 48.54181444973269], [-85.17318539420319, 48.54162674971002], [-85.17320489418931, 48.541485349688536], [-85.17317019415779, 48.541343049670374], [-85.17309319411581, 48.54122264965803], [-85.17299839405821, 48.54103334963685], [-85.17294519401345, 48.54084014961262], [-85.17289189396935, 48.54065154958898], [-85.1728409939162, 48.54039424955531], [-85.17281919389166, 48.5402713495391], [-85.17278979384422, 48.54000544950289], [-85.17280999383118, 48.53986854948206], [-85.17285159382065, 48.53970054945538], [-85.172883793794, 48.53944124941626], [-85.17294099378385, 48.53924084938401], [-85.1730109937806, 48.53905984935369], [-85.17304839376207, 48.53884554932063], [-85.17309309374338, 48.538613549284634], [-85.17309479371715, 48.538425749257684], [-85.17304369366477, 48.538174149224865], [-85.17303979363217, 48.53795474919372], [-85.17293949356753, 48.53772824916762]]]}, "properties": {"OBJECTID": 36673}}, {"type": "Feature", "id": 36705, "geometry": {"type": "Polygon", "coordinates": [[[-84.66854706010481, 48.028644606788355], [-84.66828275999005, 48.0284266067726], [-84.66818105995058, 48.02837730677161], [-84.66805135990283, 48.02833310677309], [-84.66796235987225, 48.02831890677647], [-84.66785295983324, 48.02829080677903], [-84.66778435980805, 48.02826810677993], [-84.66756325972605, 48.02818820678177], [-84.66749505970255, 48.0281767067843], [-84.66742705967604, 48.02814270678346], [-84.6673418596424, 48.02809710678203], [-84.6672737596235, 48.028119306789435], [-84.66722275961186, 48.02815430679767], [-84.6671375595937, 48.028222306812815], [-84.66708655958189, 48.028256106820955], [-84.66698415955678, 48.028313706835654], [-84.6668991595356, 48.02835920684752], [-84.66684785952692, 48.02841660685906], [-84.66676215951014, 48.02849590687591], [-84.66672855950705, 48.02855250688626], [-84.66672815951317, 48.02859860689305], [-84.66672795952398, 48.02867850690476], [-84.66672835953027, 48.02872350691131], [-84.66672845954267, 48.02881460692463], [-84.66676245955985, 48.02886030692928], [-84.66676205956598, 48.02890640693601], [-84.66676255957226, 48.02895140694258], [-84.66679615959556, 48.029043206953965], [-84.66682995961577, 48.02911130696189], [-84.66689815964693, 48.029179106967646], [-84.66694915967113, 48.02923640697291], [-84.66703465970639, 48.02929320697598], [-84.66711925974133, 48.029350006979136], [-84.66720445977495, 48.02939560698056], [-84.66730735981126, 48.0294191069777], [-84.66737475983457, 48.02943060697526], [-84.66744325985971, 48.029453406974426], [-84.66752865989017, 48.02947530697238], [-84.66764755993154, 48.02949800696841], [-84.66783445999171, 48.02949840695704], [-84.66793676002463, 48.02949820695071], [-84.6680222600522, 48.029498906945605], [-84.66810696007937, 48.029498306940305], [-84.66819266010381, 48.0294753069317], [-84.66826056012574, 48.02947560692759], [-84.66836326015266, 48.029430406914685], [-84.66841426016431, 48.029395506906454], [-84.66848216017851, 48.02933950689407], [-84.6685333601872, 48.029282006882546], [-84.66858406019735, 48.02923700687285], [-84.66868646021466, 48.02912210684972], [-84.66871816021286, 48.02903380683483], [-84.66871346019752, 48.02893250682032], [-84.66866196016704, 48.02883030680848], [-84.66860966013584, 48.02872460679619], [-84.66854706010481, 48.028644606788355]]]}, "properties": {"OBJECTID": 36705}}, {"type": "Feature", "id": 37025, "geometry": {"type": "Polygon", "coordinates": [[[-84.68539266642098, 48.03521640671811], [-84.68554566647649, 48.035262306715424], [-84.68573316654299, 48.03530770671055], [-84.68586966659011, 48.035330706705544], [-84.68597126662735, 48.03536420670425], [-84.68604006664954, 48.03536450670008], [-84.68610796667139, 48.03536470669593], [-84.6863123667403, 48.035387906686786], [-84.68638026676207, 48.0353871066825], [-84.68646506678633, 48.03536510667409], [-84.68651666679665, 48.035318906664166], [-84.68655076679836, 48.035251006652175], [-84.68655076679055, 48.03519370664375], [-84.68658486679229, 48.03512570663171], [-84.68658436677815, 48.035023406616766], [-84.68663546677433, 48.0348748065919], [-84.68663556676658, 48.03481750658348], [-84.68663556675891, 48.03476120657524], [-84.68663566674334, 48.034646506558474], [-84.6866361667343, 48.03457900654857], [-84.6866526667301, 48.03450960653737], [-84.68665316672107, 48.03444210652745], [-84.68665346671028, 48.034362306515774], [-84.68665286669145, 48.03422510649574], [-84.68665286668377, 48.03416880648745], [-84.6866532666776, 48.03412270648072], [-84.68667036667685, 48.03407700647301], [-84.68667046666141, 48.03396340645635], [-84.6866704666536, 48.03390600644794], [-84.68666986664249, 48.03382610643627], [-84.68667036663346, 48.033758706426404], [-84.68667036662089, 48.033666406412884], [-84.68667036661323, 48.03361020640463], [-84.68667056660246, 48.033530306392926], [-84.68672116659998, 48.03339300636973], [-84.68672116659232, 48.03333680636148], [-84.6867211665845, 48.03327940635312], [-84.68672126656908, 48.03316580633648], [-84.68672146655825, 48.03308600632479], [-84.6867554665474, 48.03292580629923], [-84.68675546653974, 48.032869606291044], [-84.68675526653027, 48.03280100628099], [-84.68678946652115, 48.032653206257265], [-84.68682326652107, 48.032572906243416], [-84.68685786651365, 48.03243640622132], [-84.68685766650418, 48.03236770621129], [-84.68689216650452, 48.032288606197596], [-84.68689226649676, 48.032231206189195], [-84.68694326650072, 48.032140006172725], [-84.68706226651113, 48.03193550613544], [-84.68718116652444, 48.03175230610136], [-84.68730036653183, 48.03152520606078], [-84.68736926653061, 48.03135340603143], [-84.68740276653364, 48.03129670602108], [-84.68745426654411, 48.031251606011345], [-84.68750546655274, 48.03119420599979], [-84.68760736657156, 48.03109160597854], [-84.6876413665732, 48.031023705966476], [-84.68767526657794, 48.03097830595778], [-84.68781186660941, 48.03088650593598], [-84.68788026662207, 48.03081820592177], [-84.68801656665191, 48.0307152058983], [-84.68808466666299, 48.03063560588248], [-84.68813536667315, 48.030590505872816], [-84.68820326668724, 48.030533405860304], [-84.68823736668897, 48.03046550584822], [-84.68833976670624, 48.03035050582512], [-84.68837366671096, 48.030305105816424], [-84.68840806671432, 48.030248405806], [-84.68844156671736, 48.03019180579566], [-84.68852716672937, 48.03007760577371], [-84.68881936678372, 48.0297866057132], [-84.68859556669884, 48.029692105713025], [-84.68790376641792, 48.02926430569286], [-84.68773316635152, 48.029179905690896], [-84.6873789662133, 48.02900180568658], [-84.68727296617524, 48.028972605688786], [-84.68689966604796, 48.02892010570398], [-84.68672586599035, 48.02890760571283], [-84.68660486595228, 48.02891420572117], [-84.68639936589908, 48.02900900574764], [-84.68598526580148, 48.02927060581137], [-84.68528516562459, 48.0296254059062], [-84.68502446555836, 48.02975510594117], [-84.68469876546492, 48.029838505973345], [-84.68447096539097, 48.02983400598667], [-84.68372486513535, 48.02971990601568], [-84.68262706477543, 48.02967080607581], [-84.68252066473846, 48.029650606079365], [-84.68211046458937, 48.029525406086165], [-84.68192766451533, 48.02941370608104], [-84.68167826441848, 48.02929170607843], [-84.68137486430531, 48.02917760608037], [-84.68111006420959, 48.02910030608522], [-84.68037936395284, 48.02894160610679], [-84.6798306637723, 48.02891250613615], [-84.67956386368206, 48.028880106147746], [-84.679174763557, 48.02888120617177], [-84.67863506339289, 48.02895130621513], [-84.67790526317438, 48.02907150627745], [-84.67720396296025, 48.02915630633285], [-84.67648596275058, 48.02931280639976], [-84.67560306249953, 48.02955580648945], [-84.67549626246362, 48.02954470649431], [-84.67540846241678, 48.029407906479705], [-84.6753312623819, 48.02933440647363], [-84.67517296232317, 48.029277206475015], [-84.67560066255925, 48.03000010655462], [-84.67565186258814, 48.03009110656482], [-84.67573686262477, 48.03015910656955], [-84.67580506265594, 48.03022690657531], [-84.67580466266206, 48.0302730065821], [-84.67587266269643, 48.03036440659129], [-84.67590706271521, 48.0304213065975], [-84.67597536275117, 48.03052390660836], [-84.67604316278852, 48.03063770662086], [-84.67607696280865, 48.03070590662877], [-84.67616276285338, 48.0308314066419], [-84.67619656287351, 48.03089950664976], [-84.67628146291793, 48.031025006662965], [-84.67631526293813, 48.03109310667089], [-84.6763834629771, 48.03121820668501], [-84.67641776299587, 48.031275206691234], [-84.67648586303501, 48.03140140670553], [-84.67652016305378, 48.03145830671177], [-84.67662176310652, 48.03160550672712], [-84.67670746315117, 48.03173090674022], [-84.6767578631798, 48.03182190675045], [-84.67675786318763, 48.031879306758846], [-84.67682586322196, 48.03197070676804], [-84.67685996325156, 48.03210740678593], [-84.67685986325922, 48.032163706794236], [-84.67686016326861, 48.03223230680423], [-84.6768597632748, 48.032278406811024], [-84.67685986328726, 48.03236950682437], [-84.67680916327704, 48.03241460683405], [-84.67680926328951, 48.0325057068474], [-84.67680886329563, 48.032551806854194], [-84.67679176330407, 48.03265380687016], [-84.67679166331182, 48.03271120687856], [-84.676723763318, 48.0329167069128], [-84.67668986332092, 48.033018406929784], [-84.67665536331768, 48.03307620694033], [-84.67437246294773, 48.035753007472124], [-84.67455926301096, 48.03577590746401], [-84.67471246306344, 48.03579920745804], [-84.67481486310098, 48.03583280745668], [-84.67503636317703, 48.035867707448205], [-84.6751386632099, 48.03586750744192], [-84.67520646323483, 48.03589020744109], [-84.67549656332821, 48.035890507423346], [-84.67559796336081, 48.03589030741712], [-84.67583696343779, 48.03589060740252], [-84.67593926347067, 48.035890407396245], [-84.67602396349785, 48.03588990739092], [-84.67629646358553, 48.03588980737423], [-84.67638186360834, 48.035855507364005], [-84.67658646367431, 48.03585630735153], [-84.67672236371793, 48.03585570734315], [-84.67682466375086, 48.03585550733687], [-84.67691016377847, 48.035856107331696], [-84.67704596382205, 48.035855507323305], [-84.67716576385607, 48.03582190731099], [-84.67735296391312, 48.03579870729613], [-84.6774378639373, 48.03577570728756], [-84.67762516399135, 48.0357300072694], [-84.67771086401595, 48.03570810726098], [-84.6778978640684, 48.03565110724114], [-84.67800006409648, 48.03561610722977], [-84.67813626413414, 48.035570507214736], [-84.67835796419935, 48.035525507194556], [-84.67846016422756, 48.03549150718329], [-84.6786302642776, 48.035456707167796], [-84.67871596430204, 48.035433707159186], [-84.67878386432392, 48.03543400715507], [-84.6790558644053, 48.035388907131775], [-84.67922696446037, 48.03538890712129], [-84.67937956450945, 48.03538860711186], [-84.67944836453165, 48.03538890710771], [-84.67965246459877, 48.0353998070968], [-84.67982266465356, 48.03539980708637], [-84.68012956475225, 48.03539930706748], [-84.68035096482349, 48.035399307053915], [-84.68046996486184, 48.03539940704666], [-84.68072506494076, 48.03537650702763], [-84.6808615649802, 48.03534320701439], [-84.68111746505939, 48.03532030699539], [-84.68125336510305, 48.035319606986924], [-84.68150896518064, 48.035285406966295], [-84.68164496522127, 48.03526230695454], [-84.6819008653006, 48.03524050693566], [-84.68201996533881, 48.03523950692821], [-84.68227506541793, 48.03521770690935], [-84.68251426549175, 48.035194406891335], [-84.68263326553003, 48.035194506884025], [-84.6829057656177, 48.03519440686735], [-84.6830250656531, 48.035172106856756], [-84.68329756574076, 48.03517190684004], [-84.68343336578438, 48.0351713068316], [-84.68368916586678, 48.03517200681599], [-84.68380826590499, 48.03517100680856], [-84.68402956597616, 48.035171006795004], [-84.68414946601477, 48.035171106787665], [-84.68442196610243, 48.03517100677094], [-84.6845410661408, 48.03517120676367], [-84.68462576616812, 48.03517170675854], [-84.684847266244, 48.035205406749895], [-84.68491516626587, 48.03520570674581], [-84.68500076629338, 48.035205206740464], [-84.68515416634268, 48.035204906731025], [-84.68530706639353, 48.03521700672341], [-84.68539266642098, 48.03521640671811]]]}, "properties": {"OBJECTID": 37025}}, {"type": "Feature", "id": 37073, "geometry": {"type": "Polygon", "coordinates": [[[-85.08185320068509, 48.08516718954813], [-85.08103010042947, 48.085228789608195], [-85.0807225003604, 48.085442989658475], [-85.08021880024562, 48.085782089739105], [-85.08002690018607, 48.085796889753155], [-85.07937129997924, 48.08582298979768], [-85.0780740996206, 48.08623998993887], [-85.07737449946013, 48.08670289004968], [-85.07641699926427, 48.08750899022646], [-85.07588459924646, 48.088615790420576], [-85.07584539927673, 48.088925590468044], [-85.07606009935876, 48.08902029046853], [-85.07673179961384, 48.08930589046838], [-85.07684259974582, 48.0900027905629], [-85.07655279971279, 48.090436590644], [-85.0761622996194, 48.090667390701825], [-85.07526259942968, 48.09138339086189], [-85.0746256992617, 48.09164709093979], [-85.074413999269, 48.092191291032165], [-85.07466059944493, 48.09289049111857], [-85.07511359963182, 48.09319049113409], [-85.07528839974654, 48.0936140911849], [-85.0757538999905, 48.09429779125543], [-85.07710840046371, 48.09457579121175], [-85.07751630059826, 48.09460169119022], [-85.07844470089329, 48.09458019112944], [-85.07926740114146, 48.09446569106171], [-85.08052560153311, 48.094377590970716], [-85.08172820191426, 48.094342590890975], [-85.0829029022839, 48.09428909081026], [-85.0838857025966, 48.094269490746335], [-85.08489700291592, 48.09423129067798], [-85.08589150318929, 48.09390029056802], [-85.08653460333896, 48.093490390468496], [-85.08716220343818, 48.092751790322026], [-85.08740010333797, 48.091475890121636], [-85.08719690321671, 48.09107099007536], [-85.08686800301686, 48.09038958999663], [-85.0865578028533, 48.089926689948555], [-85.08650670282418, 48.089834689938336], [-85.08651820278493, 48.08952448989249], [-85.0864774026174, 48.08840808973258], [-85.08579700229134, 48.087629689661576], [-85.08491470194036, 48.087139289645016], [-85.08403720157582, 48.0865397896123], [-85.0826872009878, 48.08542068953324], [-85.08185320068509, 48.08516718954813]]]}, "properties": {"OBJECTID": 37073}}, {"type": "Feature", "id": 37345, "geometry": {"type": "Polygon", "coordinates": [[[-84.74677708423339, 48.021032800876206], [-84.74670468422684, 48.02115510089854], [-84.746991984325, 48.02119780088714], [-84.74726128441894, 48.0212515008785], [-84.74746458448824, 48.02128020087017], [-84.74765028455181, 48.02130860086295], [-84.74780108460565, 48.02134760085942], [-84.74791898464707, 48.02137350085594], [-84.74803608468827, 48.02139940085258], [-84.74817258473269, 48.021403200844745], [-84.74838378478752, 48.02130720081774], [-84.7485650848216, 48.02112970078063], [-84.74873608483989, 48.020860900730774], [-84.74886938485366, 48.02064750069137], [-84.74903568487981, 48.02044720065181], [-84.74922058490895, 48.02022480060793], [-84.74938748493362, 48.02001210056653], [-84.74948028494829, 48.019901400544626], [-84.74960568497654, 48.01981280052399], [-84.74981888502575, 48.01967080049009], [-84.74994478505276, 48.01957200046791], [-84.75002238505782, 48.01942620044182], [-84.74996018502506, 48.01933270043197], [-84.74977268496414, 48.01932790044277], [-84.74958358490726, 48.01935680045864], [-84.74939048485679, 48.019441900482924], [-84.74908998478234, 48.01960470052519], [-84.74879088470668, 48.0197552005656], [-84.74850668463911, 48.01992960060856], [-84.7482386845783, 48.020115500652196], [-84.74789878450197, 48.020357400708505], [-84.74768188445773, 48.02054440074918], [-84.74753688442932, 48.02067770077761], [-84.74734328438036, 48.020775100803704], [-84.74718438434091, 48.02086080082601], [-84.74704458430325, 48.02091430084246], [-84.74690428426698, 48.02097900086052], [-84.74678128423463, 48.02103170087576], [-84.74677708423339, 48.021032800876206]]]}, "properties": {"OBJECTID": 37345}}, {"type": "Feature", "id": 37569, "geometry": {"type": "Polygon", "coordinates": [[[-84.77093428934519, 48.00156579654322], [-84.77067918928797, 48.00174749658553], [-84.77036468921571, 48.00195909663583], [-84.77016578917747, 48.00214739667561], [-84.76981038910071, 48.002422296737656], [-84.76967658911846, 48.002867996811105], [-84.76960778913283, 48.003135596854555], [-84.76981538920711, 48.00319089684987], [-84.76999248924707, 48.00306619682074], [-84.77024648931017, 48.002930296785244], [-84.77048138936709, 48.002793996750874], [-84.77083128945952, 48.00264699670788], [-84.7711316895115, 48.00231989664151], [-84.7712587895125, 48.00202769659093], [-84.77132918949339, 48.00172169654185], [-84.77135378948391, 48.00159409652161], [-84.77093428934519, 48.00156579654322]]]}, "properties": {"OBJECTID": 37569}}, {"type": "Feature", "id": 37633, "geometry": {"type": "Polygon", "coordinates": [[[-84.8154204100289, 48.048284500641465], [-84.81548140998942, 48.047852700574616], [-84.81543700992341, 48.04747510052215], [-84.81541350988579, 48.04725550049153], [-84.8171491103312, 48.046433200264545], [-84.82025231133687, 48.046492100082126], [-84.8219958118385, 48.04606239991195], [-84.82377831222605, 48.044707899604305], [-84.82625031283702, 48.0433663992561], [-84.82805201316742, 48.04154939887967], [-84.82843571316502, 48.04063109872184], [-84.82918351321726, 48.03925689847498], [-84.82945561241866, 48.032783197512025], [-84.82782931157516, 48.03043849726943], [-84.82584871064864, 48.02831859708139], [-84.82220340899293, 48.02477859678815], [-84.81851960745148, 48.02216339663241], [-84.81719960683404, 48.02074999650693], [-84.81590910613133, 48.01864299627811], [-84.81562310584893, 48.01724919609182], [-84.8156720057067, 48.01609319591974], [-84.81540550536744, 48.01423699566459], [-84.81377060455331, 48.01212339545598], [-84.8114370035445, 48.01022779532214], [-84.81047180301056, 48.008589595141785], [-84.80920140225152, 48.006020094843905], [-84.80927980202422, 48.00417049456841], [-84.80972230185168, 48.0018649942038], [-84.81048960184758, 48.00002859388785], [-84.81122750192868, 47.99888569367521], [-84.81126670181507, 47.99796089353743], [-84.8117384015574, 47.994961793069415], [-84.81214160149854, 47.993581092842476], [-84.8122688011294, 47.99057539239465], [-84.81302610115375, 47.98897009211307], [-84.81444290148632, 47.9880714918944], [-84.81656800198517, 47.98672359156642], [-84.81625290178852, 47.986023491483266], [-84.8173251020095, 47.985118291284834], [-84.81772810195068, 47.983737591057874], [-84.81915430225472, 47.98260769080478], [-84.82021670250408, 47.98193369064076], [-84.82057080258718, 47.981709090586094], [-84.82198730291965, 47.98081039036741], [-84.82340370325204, 47.97991169014875], [-84.82447570347294, 47.97900638995027], [-84.82589200380532, 47.9781076897316], [-84.82661950391466, 47.977195889553364], [-84.8267458035454, 47.974190189105364], [-84.82751220354122, 47.97235358878924], [-84.82826870356531, 47.970748088507534], [-84.8286227036484, 47.970523488452905], [-84.8286518035632, 47.9698297883495], [-84.8290446035327, 47.96868028815697], [-84.82980110355686, 47.96707478787521], [-84.83092120363565, 47.96501348750442], [-84.8309890034369, 47.96339498726308], [-84.83071260312674, 47.961769987042], [-84.82901080251288, 47.96127508707408], [-84.824899401119, 47.96073448724748], [-84.82283400045041, 47.960695287368615], [-84.82073939986687, 47.96134968759324], [-84.82004119967239, 47.96156788766806], [-84.81792699914551, 47.96268468796165], [-84.81689429881118, 47.962664988022205], [-84.81373739797817, 47.96399328841079], [-84.81233109761742, 47.96466068859498], [-84.80988219695058, 47.96553958887417], [-84.80847569658968, 47.96620688905833], [-84.80669559620239, 47.96756118936611], [-84.80598739603607, 47.96801048947548], [-84.80385309556553, 47.96958938983794], [-84.80209239512145, 47.97048129007677], [-84.80070539470377, 47.97068609019196], [-84.79965279442595, 47.971128690321464], [-84.79826579400826, 47.97133349043664], [-84.79723289367377, 47.97131369049716], [-84.7955408930313, 47.970587090494575], [-84.79451789266845, 47.97033599052059], [-84.79248179191453, 47.96960269053815], [-84.78800609046495, 47.96951649080034], [-84.78725819041178, 47.970890491047584], [-84.78723839046833, 47.971352891116574], [-84.78613629033192, 47.97295139141848], [-84.7850438901671, 47.97431859168591], [-84.78429589011381, 47.97569259193316], [-84.78244538992402, 47.97866489248228], [-84.78240579003726, 47.97958969262021], [-84.78129338992902, 47.981419392956546], [-84.780535189904, 47.9830243932382], [-84.78039629030033, 47.98626119372091], [-84.7817043909448, 47.98790629388156], [-84.78231389139452, 47.98976919411698], [-84.78329759187089, 47.990945094228756], [-84.78461579248724, 47.9923589943549], [-84.78559959296373, 47.993534894466634], [-84.78829579402654, 47.994975194511944], [-84.79030319486618, 47.99640219459753], [-84.79226139584775, 47.998985194855386], [-84.79256629607279, 47.99991669497302], [-84.79491859702428, 48.001350195038334], [-84.79623739764101, 48.002763895164236], [-84.79686739803458, 48.0041642953305], [-84.79683779811971, 48.004857895433815], [-84.79745789854165, 48.00648949563448], [-84.7973888987404, 48.0081079958756], [-84.7983831991889, 48.00905259595275], [-84.79939709958055, 48.009534795960946], [-84.8038272011739, 48.01077659587032], [-84.80416190131392, 48.01101439588458], [-84.80409320151286, 48.01263279612558], [-84.80472340190664, 48.01403319629168], [-84.8045859023046, 48.01726999677369], [-84.80312890208535, 48.019093297130006], [-84.80239050200417, 48.02023609734254], [-84.80218390260117, 48.0250912980654], [-84.8042322033282, 48.0255932980129], [-84.8065761043091, 48.027257798112096], [-84.80827010495291, 48.02798429811416], [-84.81237680637858, 48.02875679797446], [-84.81338150679906, 48.02947009801698], [-84.81474070730273, 48.02995879800475], [-84.8146874074579, 48.031218498192246], [-84.81455580741344, 48.03120259819797], [-84.8143682073525, 48.031197898208845], [-84.81413040727516, 48.0311910982225], [-84.81388950720137, 48.03121799824127], [-84.81368410713775, 48.031235498256414], [-84.81346080706969, 48.03126269827419], [-84.81318230699162, 48.03134629830351], [-84.81274900686782, 48.031459498346706], [-84.8126446068386, 48.03149119835779], [-84.812531006825, 48.031658898389324], [-84.81242710683179, 48.031952698438616], [-84.8124037068756, 48.03232789849491], [-84.81246050691907, 48.032512298518405], [-84.81250190695278, 48.03266159853765], [-84.81262600701976, 48.032859698559015], [-84.81282870712624, 48.03316159859069], [-84.81301740722198, 48.03341819861656], [-84.81308960727202, 48.03361419864077], [-84.81314590731685, 48.03380979866589], [-84.81319760736959, 48.03407399870134], [-84.81318570739066, 48.03425599872872], [-84.81314350739406, 48.03437999874941], [-84.81292120736083, 48.03465919880393], [-84.81261810729185, 48.034867198852986], [-84.81231950721508, 48.03500769889189], [-84.81181210707956, 48.03520949895261], [-84.81126980693443, 48.03542299901715], [-84.81092020684085, 48.035560299058766], [-84.81016890663707, 48.0358360991453], [-84.80950400645821, 48.03609109922353], [-84.80854520619454, 48.0364169993301], [-84.80770660596859, 48.03673609942837], [-84.80700360578662, 48.037057899518636], [-84.80632110560514, 48.03733499960116], [-84.80565800542377, 48.03756749967597], [-84.80517350528335, 48.03767979972215], [-84.80470690514552, 48.03776869976389], [-84.80422480500113, 48.037846099804874], [-84.803897904901, 48.03788259983029], [-84.80333310472348, 48.037912199869375], [-84.80287240457668, 48.03792139989907], [-84.80244610443802, 48.0379098999236], [-84.80178320422071, 48.03787919995992], [-84.80129190405452, 48.037819199981364], [-84.80080240388592, 48.0377366999994], [-84.80056770380182, 48.03767370000467], [-84.80046840376319, 48.037624600003575], [-84.80011250364431, 48.03759190002067], [-84.79944560343354, 48.03761850006559], [-84.79893060327386, 48.037661500103574], [-84.79846940312834, 48.03768190013491], [-84.79826320306445, 48.03769930015013], [-84.79808910301553, 48.037751100168386], [-84.79779050293855, 48.037890400207125], [-84.79738280284027, 48.03813000026727], [-84.79704480276149, 48.03834850031998], [-84.79669050267592, 48.03855540037203], [-84.79628740256967, 48.03872650042182], [-84.79591910247322, 48.03888700046793], [-84.79543000234071, 48.03906770052441], [-84.79487240218562, 48.03924480058465], [-84.79419430199624, 48.039454500656966], [-84.79346480178842, 48.039649700730386], [-84.7928916016269, 48.03981640079002], [-84.79224570144936, 48.04003680086198], [-84.79148120123493, 48.04026610094251], [-84.7906443010032, 48.04053910103388], [-84.79017290087633, 48.04072010108935], [-84.78958260070759, 48.04087410114818], [-84.78887110050421, 48.041059501219046], [-84.78803790026735, 48.04128640130341], [-84.7870693999849, 48.04149830139397], [-84.78641229979125, 48.04162730145324], [-84.78575599959802, 48.04175750151266], [-84.78513499941296, 48.041864701566524], [-84.78443039919762, 48.041946801621826], [-84.78374249898782, 48.04203020167631], [-84.78314109880301, 48.042092801722426], [-84.78262689864339, 48.042134601760175], [-84.78218049850604, 48.04218000179424], [-84.78154509831157, 48.04225210184386], [-84.78116609819766, 48.042310001875634], [-84.78064819804308, 48.04239780192032], [-84.78012939789136, 48.042508201968346], [-84.77961049773975, 48.04261960201659], [-84.77924499763786, 48.042734002055745], [-84.77889669754012, 48.04283860209245], [-84.77859979746067, 48.042955502127825], [-84.77833559739176, 48.043072902161235], [-84.77802019730935, 48.043211902200945], [-84.77760119719487, 48.04336020224836], [-84.77737589712933, 48.04341090226964], [-84.77715299705984, 48.04342680228568], [-84.77665969689929, 48.043412802313945], [-84.77633729679121, 48.04338070232905], [-84.77587979663765, 48.0433336023503], [-84.77550539651578, 48.04332290237178], [-84.77518029641301, 48.04333580239366], [-84.77476689628787, 48.0433930024274], [-84.77430199614744, 48.043459302465685], [-84.77373429597507, 48.04353380251146], [-84.77330239584701, 48.043613202549615], [-84.77268319565944, 48.04369790260009], [-84.77213179549408, 48.043785002646715], [-84.77147869529396, 48.04385780269752], [-84.77063929503163, 48.04391350275721], [-84.77007449485401, 48.04394310279627], [-84.76964719471796, 48.043952802823966], [-84.76901369451801, 48.043980902867034], [-84.76855279437109, 48.04399000289671], [-84.76780039413234, 48.0440136029464], [-84.76701439388269, 48.044036602998084], [-84.76641519369392, 48.04406540303912], [-84.76571439347049, 48.044079903084274], [-84.76509839327613, 48.04410720312613], [-84.76433109302947, 48.04410810317346], [-84.76366629281466, 48.04410070321322], [-84.76313779264248, 48.044084803243386], [-84.76267699249568, 48.044095003273206], [-84.76223109235664, 48.044126803305254], [-84.7615779921565, 48.04419950335599], [-84.76114789202578, 48.044255203390584], [-84.76090539195626, 48.044316903414504], [-84.76083339194054, 48.04437170342693], [-84.76071859192973, 48.044562903461966], [-84.76065109194366, 48.04482370350423], [-84.76063109197918, 48.04513030355026], [-84.76062359199241, 48.04524490356751], [-84.76055289197565, 48.045288503578256], [-84.76019059186706, 48.04534670360897], [-84.7600205918116, 48.04534110361858], [-84.75954959164585, 48.04523630363224], [-84.7591751915239, 48.045225603653684], [-84.75891559144725, 48.04527570367696], [-84.75860389135663, 48.04534610370643], [-84.75830699127712, 48.04546290374176], [-84.75807749121807, 48.045570903771626], [-84.75725469099838, 48.04590010387031], [-84.75653919080291, 48.0461538039514], [-84.75594699063655, 48.046330104013535], [-84.75549679050714, 48.046442704057675], [-84.75491149032914, 48.04651790410466], [-84.75446409019436, 48.04658450414186], [-84.75405119006766, 48.0466293041738], [-84.75364428993196, 48.046594304193654], [-84.75312168975098, 48.046499804211976], [-84.75248398952309, 48.04633320422678], [-84.75184958928845, 48.04610930423305], [-84.75119798904974, 48.045896404241944], [-84.75061038884132, 48.045754404257295], [-84.749954688609, 48.04559760427463], [-84.74946978843252, 48.0454475042825], [-84.74903418827509, 48.045320804290704], [-84.74866548814242, 48.0452180042983], [-84.74812758795184, 48.04508940431254], [-84.74758838776528, 48.04499330433163], [-84.74706448758535, 48.04490990435162], [-84.74628418732507, 48.04484180438957], [-84.7456217871062, 48.04479950442411], [-84.74511318693588, 48.04475020444814], [-84.74438268669337, 48.04469530448496], [-84.74368778646077, 48.04462880451794], [-84.74304218624754, 48.0445880045516], [-84.7425484860851, 48.044561404578076], [-84.74207188593003, 48.04454870460549], [-84.74149418573865, 48.04450810463499], [-84.7412543856638, 48.0445247046522], [-84.74103048559698, 48.044563104671546], [-84.7409263855663, 48.04458350468091], [-84.74085298555477, 48.04467210469841], [-84.74077238555506, 48.044863904731386], [-84.7407103855926, 48.045284504796676], [-84.74067798565214, 48.04579670487359], [-84.74061078569888, 48.04629700495085], [-84.74053098573363, 48.046739705020514], [-84.7403791857528, 48.047237305102634], [-84.74025018576842, 48.047655405171675], [-84.74014078578426, 48.048028905233025], [-84.7400537857949, 48.04831170527969], [-84.73988448577406, 48.04855810532612], [-84.73957808571016, 48.048811905382045], [-84.7393452856577, 48.04897600542036], [-84.73896238555164, 48.04910120546217], [-84.73859768544705, 48.049194105498195], [-84.73802758527853, 48.04930320554914], [-84.73749188512119, 48.049413005598105], [-84.73690558494573, 48.04950940564818], [-84.73614838471468, 48.049601405708145], [-84.73563448455367, 48.049632905744346], [-84.73520898441502, 48.04962000576858], [-84.73471478425408, 48.049605705796814], [-84.73440958415307, 48.049585105812575], [-84.7341057840479, 48.04953070582326], [-84.73386938396631, 48.04949010583188], [-84.73344958381702, 48.04938620584246], [-84.73308128368312, 48.04927320584855], [-84.73274738356035, 48.049160905852624], [-84.73253238347628, 48.04905200584992], [-84.73233838339127, 48.048886205837576], [-84.7322264833408, 48.048780505829], [-84.7321466833023, 48.04868670582019], [-84.73206728326551, 48.048604205812985], [-84.73187188318168, 48.0484507058025], [-84.73167408310474, 48.04835350580048], [-84.73142428301095, 48.0482552058014], [-84.73120828292969, 48.048168805802035], [-84.7310053828589, 48.04812880580863], [-84.73068208275359, 48.048119105827105], [-84.7304256826732, 48.048134205845045], [-84.73032108264383, 48.04816590585612], [-84.73024728263064, 48.048243205871955], [-84.73014988262545, 48.04843470590592], [-84.7300919826565, 48.0487980059626], [-84.73008988269636, 48.04909490600616], [-84.7301811827495, 48.04926880602599], [-84.73027118280373, 48.04945390604754], [-84.73038938288107, 48.04974190608241], [-84.73052288296509, 48.05004260611815], [-84.73067018306295, 48.050412206163145], [-84.73073878311965, 48.050665506195976], [-84.7308178831937, 48.05102130624316], [-84.73079438323586, 48.05138530629782], [-84.73072488325221, 48.05166850634351], [-84.73062098325737, 48.05195100639116], [-84.73048698324493, 48.05217550643222], [-84.73035818322327, 48.05232030646134], [-84.73021258319596, 48.05246360649124], [-84.72999598315045, 48.052640406530344], [-84.72971238308303, 48.05281480657332], [-84.72920778294052, 48.0529600066255], [-84.72858188276311, 48.05313550668962], [-84.72808188261274, 48.05321220673155], [-84.727432882406, 48.05322750677363], [-84.72676618219351, 48.05324240681672], [-84.7260809819781, 48.05327950686423], [-84.72548068179195, 48.05333060690855], [-84.72479438157927, 48.05339010695941], [-84.7243111814343, 48.05346710700031], [-84.72381078128528, 48.05355500704395], [-84.7233776811598, 48.05365670708536], [-84.72304918106367, 48.05372660711577], [-84.722684380959, 48.053819507151736], [-84.72238828087656, 48.053913707183725], [-84.72224658084123, 48.053988507203364], [-84.72220838083821, 48.0540564072156], [-84.72204278080919, 48.054234207251795], [-84.72185948077751, 48.054434107292266], [-84.72169058075528, 48.054669207337014], [-84.72157278074961, 48.05490530737876], [-84.72156238076806, 48.05506480740277], [-84.7216872808321, 48.055239407420615], [-84.72184598090863, 48.05542590743812], [-84.7219720809715, 48.055589207454254], [-84.72201568100135, 48.0557048074685], [-84.72199238100623, 48.05579550748316], [-84.72193558100025, 48.05588540749984], [-84.7216933809292, 48.055935707522075], [-84.72113078074739, 48.055930207555754], [-84.72067318059368, 48.055882907576944], [-84.72026908045274, 48.05580290759008], [-84.71964768023159, 48.05564770760554], [-84.71880657993424, 48.05545220762857], [-84.7183704797781, 48.05533660763845], [-84.71823707972993, 48.055298007641014], [-84.71751947950303, 48.055327607689385], [-84.71694207934638, 48.055541107756085], [-84.71641067922357, 48.05589380784023], [-84.71619407922425, 48.05640910792889], [-84.71622907928521, 48.056773107979964], [-84.71618257933618, 48.05725580805342], [-84.71616117939548, 48.05774020812557], [-84.71604117940865, 48.05811910818832], [-84.71583727941328, 48.05863350827603], [-84.7153468793345, 48.05921200839072], [-84.71476037920564, 48.05965020849083], [-84.7140163790049, 48.05993350857792], [-84.71391377897498, 48.05995620858752], [-84.71384567895626, 48.05997960859514], [-84.71379467894448, 48.060013408603204], [-84.7136580789052, 48.06004780861664], [-84.7134877788581, 48.060104008635314], [-84.71333427881656, 48.060161708653126], [-84.71323257878693, 48.06018440866273], [-84.71304467873428, 48.06024140868257], [-84.71292517870206, 48.06028740869664], [-84.71272117864724, 48.06036660872076], [-84.71258467861277, 48.06043580873924], [-84.71243187856676, 48.060458708751995], [-84.7122269785116, 48.06053780877614], [-84.71202257845526, 48.06060680879877], [-84.71193777843095, 48.06062880880719], [-84.7117836783908, 48.06069770882671], [-84.71169877836657, 48.06072070883527], [-84.71154557832654, 48.06078860885464], [-84.71147697830922, 48.0608232088639], [-84.71130697826388, 48.06089180888433], [-84.71122207823969, 48.0609148088929], [-84.71105097819232, 48.06097100891164], [-84.71089787814937, 48.061017508927826], [-84.71082977813052, 48.06103970893526], [-84.71064267807807, 48.061096708955105], [-84.7105060780388, 48.06113110896851], [-84.71035227799553, 48.061176408984586], [-84.71023377796057, 48.0611999089953], [-84.71009667792272, 48.06124560901038], [-84.71002857790381, 48.06126780901781], [-84.7098751778591, 48.06130190903222], [-84.70979027783495, 48.06132490904077], [-84.70963677778559, 48.06132520905024], [-84.70955137776279, 48.06135950906049], [-84.70939847771665, 48.06138230907322], [-84.70931297768911, 48.0613818090784], [-84.70916007764296, 48.061404609091134], [-84.70907447761553, 48.06140510909646], [-84.70888717755844, 48.061428409111365], [-84.70878487752556, 48.06142860911767], [-84.70859777746527, 48.06142820912911], [-84.70842667741016, 48.06142820913962], [-84.7083250773775, 48.061428409145876], [-84.70815397732244, 48.06142840915638], [-84.70805247728983, 48.06142860916262], [-84.70788137723471, 48.06142860917313], [-84.70779657720738, 48.06142800917822], [-84.70760867714698, 48.06142870918989], [-84.7075071771144, 48.06142900919613], [-84.70730247704837, 48.06142830920861], [-84.70711457698803, 48.06142900922022], [-84.70702977696064, 48.061428409225385], [-84.70684187690026, 48.06142920923705], [-84.70675717687291, 48.06142860924213], [-84.70656937681719, 48.06146310925874], [-84.7064670767843, 48.06146330926502], [-84.70634787674592, 48.06146320927231], [-84.70616017669025, 48.06149770928891], [-84.70602407664943, 48.06151970930048], [-84.70580257658598, 48.06157710932246], [-84.70564917654126, 48.06161120933686], [-84.70547907649129, 48.06164600935238], [-84.70527467643474, 48.06171390937482], [-84.70505267637273, 48.06178260939853], [-84.70495047634445, 48.06181650940975], [-84.70476337629202, 48.06187350942956], [-84.70467797626921, 48.061907809439795], [-84.70452497622615, 48.06195310945582], [-84.70443957620337, 48.06198740946611], [-84.70435377617888, 48.06201050947471], [-84.70420057613899, 48.06207940949423], [-84.70408147610831, 48.06213550950973], [-84.70401297608792, 48.0621476095157], [-84.70389397605423, 48.06218120952791], [-84.70382547603384, 48.06219330953389], [-84.7036722759938, 48.06226110955322], [-84.70350197594684, 48.06231850957206], [-84.703416575924, 48.06235280958229], [-84.7032121758675, 48.06242070960481], [-84.70311027584103, 48.062467009617826], [-84.70288857578059, 48.06254690964305], [-84.70278637575231, 48.06258080965431], [-84.70256487568886, 48.06263830967633], [-84.70244597565524, 48.06267190968854], [-84.7022410756002, 48.062752109712854], [-84.7021215755679, 48.062797009726715], [-84.70191767551013, 48.06285480974773], [-84.70181467548164, 48.06288870975896], [-84.7016271754275, 48.06293440977718], [-84.70142277537101, 48.063002309799636], [-84.7013205753429, 48.063037409811024], [-84.70111667528504, 48.06309410983185], [-84.70099707524805, 48.06310520984081], [-84.7007925751869, 48.06313930985834], [-84.70068997515698, 48.06316200986793], [-84.70048577509758, 48.06320850988727], [-84.70040037507479, 48.063242809897574], [-84.70019647500908, 48.06324210991], [-84.70012747499007, 48.06326550991761], [-84.69995717493521, 48.063265409928036], [-84.69982107489461, 48.06328860993982], [-84.69961707483208, 48.063311509955675], [-84.69948017479099, 48.06333350996729], [-84.6992760747284, 48.063356409983136], [-84.6991392746845, 48.063357009991655], [-84.69888357460685, 48.06339131001234], [-84.69878137457859, 48.063425210023574], [-84.69856007451202, 48.06345901004213], [-84.69835517444916, 48.06348191005802], [-84.6982534744195, 48.06350461006758], [-84.69804837435989, 48.063551110086955], [-84.69794667433023, 48.063573810096514], [-84.69775877427752, 48.0636308101164], [-84.69765707424787, 48.06365351012596], [-84.69745267419138, 48.06372141014847], [-84.69736727416857, 48.06375561015866], [-84.69717947411284, 48.06379011017526], [-84.69709457408868, 48.06381321018386], [-84.69692397403986, 48.06385811020087], [-84.69675327399126, 48.06390421021811], [-84.69668537397409, 48.063938810227334], [-84.69653167392774, 48.063961610240106], [-84.6964469739004, 48.06396101024519], [-84.69627667384559, 48.063961010255646], [-84.6962078738234, 48.063960710259806], [-84.69602097376026, 48.06393901026812], [-84.6959186737272, 48.06393801027425], [-84.69585067370545, 48.06393891027852], [-84.6956966736496, 48.06389311028127], [-84.69562847362303, 48.06385911028052], [-84.69550947357689, 48.0638016102794], [-84.69540737353788, 48.063756810279145], [-84.69537337352071, 48.06371121027456], [-84.69523717346745, 48.06364211027278], [-84.69523667346114, 48.063597110266244], [-84.69515177342907, 48.06356271026641], [-84.69510087340186, 48.06348301025792], [-84.69504917337889, 48.063437010254376], [-84.69501517335407, 48.06333511024154], [-84.69501557334786, 48.06328891023473], [-84.69501557334019, 48.063232710226565], [-84.69504967333405, 48.06310741020611], [-84.69513467334275, 48.06297081018096], [-84.69525357334835, 48.06273141013864], [-84.69532247333936, 48.06250331010105], [-84.69535637333624, 48.06240051008397], [-84.695390073316, 48.062172810048565], [-84.69535637329263, 48.06208111003723], [-84.69530487326685, 48.06201371003057], [-84.69525377323473, 48.06189901001689], [-84.69518607320204, 48.06181901000938], [-84.6951345731762, 48.061751610002645], [-84.69508327315495, 48.06171681000072], [-84.69499857311209, 48.061602609989244], [-84.69494727309099, 48.06156900998749], [-84.69486217305432, 48.061500909982726], [-84.69481057303143, 48.06145490997916], [-84.69476007301058, 48.06142120997732], [-84.69467487297695, 48.061375709975884], [-84.69460627295173, 48.06135290997676], [-84.69450387291097, 48.061295809974695], [-84.69428267282888, 48.06121600997663], [-84.69412917277167, 48.06115890997769], [-84.69406137274679, 48.06113620997854], [-84.69401007272553, 48.06110140997658], [-84.69383947266135, 48.06103390997718], [-84.69372007261357, 48.06096510997442], [-84.69354967254627, 48.060873909971555], [-84.69341377249475, 48.0608172099716], [-84.69334517246962, 48.06079450997249], [-84.69320927241809, 48.06073780997259], [-84.69314117239156, 48.060703809971756], [-84.6929871723357, 48.06065790997453], [-84.69290227230373, 48.06062360997468], [-84.6927316722394, 48.06055500997515], [-84.69266387221451, 48.06053220997596], [-84.6925104721573, 48.060475209977014], [-84.69239077211262, 48.06043000997775], [-84.69232307208775, 48.060407309978615], [-84.6921351720195, 48.06035060998183], [-84.69199877196938, 48.060305209983575], [-84.69189657193331, 48.06028170998642], [-84.69176027188324, 48.060236309988106], [-84.6915216717972, 48.06016850999282], [-84.69143657176815, 48.060156609996355], [-84.69136887174326, 48.06013390999715], [-84.69123227169615, 48.06011091000216], [-84.69107857164211, 48.060077510006714], [-84.69099387161475, 48.06007691001184], [-84.69090847158412, 48.06005381001368], [-84.69084057156242, 48.06005471001801], [-84.69070377151832, 48.06005421002631], [-84.69056767147764, 48.060077310038025], [-84.69046537144476, 48.06007751004432], [-84.69031247139866, 48.060100310057045], [-84.69022657137718, 48.060145810068974], [-84.69022687138666, 48.060214410079006], [-84.69026067140689, 48.06028261008688], [-84.69026117142103, 48.06038501010184], [-84.69029517143817, 48.060430610106444], [-84.6902948714442, 48.060475610113045], [-84.69034617146546, 48.06051041011496], [-84.69036357148191, 48.06058951012547], [-84.6904138715059, 48.06064671013076], [-84.69044857152635, 48.060714910138586], [-84.69048257154355, 48.06076061014317], [-84.69053357157084, 48.060840310151704], [-84.69060207161165, 48.06097781016759], [-84.69065277163722, 48.06104521017439], [-84.690652571648, 48.061125010186046], [-84.69068687167469, 48.06123931020066], [-84.69072067169485, 48.06130751020854], [-84.69072067170268, 48.06136481021691], [-84.69072127171381, 48.061444710228564], [-84.69075527173095, 48.06149041023319], [-84.6907550717418, 48.06157021024487], [-84.69075507174949, 48.06162651025307], [-84.69075467175568, 48.06167261025987], [-84.69072127175727, 48.06176301027511], [-84.69072077176646, 48.06183161028521], [-84.69068697177418, 48.06196811030723], [-84.6906863717834, 48.0620367103173], [-84.69068697180231, 48.06217401033737], [-84.69065257179895, 48.06223061034775], [-84.6906529718131, 48.0623330103627], [-84.69060137181046, 48.062435410380836], [-84.69056727180893, 48.062504510393], [-84.69053367180587, 48.06256121040335], [-84.69044797178142, 48.06258421041197], [-84.69032877175083, 48.06264141042767], [-84.69017577170776, 48.062686710443636], [-84.69010697168562, 48.06268641044785], [-84.68991947163147, 48.062732210466066], [-84.68978357158768, 48.06273171047429], [-84.68969797156016, 48.062732210479666], [-84.68961327153282, 48.06273161048477], [-84.68945997148047, 48.06270941049093], [-84.6893911714583, 48.06270921049508], [-84.68930637143104, 48.06270971050041], [-84.68922087140348, 48.06270911050554], [-84.68915287138172, 48.06271001050982], [-84.68901697133788, 48.06270951051809], [-84.68893157130724, 48.06268641051997], [-84.68886367128539, 48.06268621052406], [-84.68871007123595, 48.062686510533545], [-84.68859097119757, 48.06268631054084], [-84.6884198711425, 48.06268621055129], [-84.68825007108632, 48.06267491056007], [-84.68818117106423, 48.06267581056448], [-84.68811307104538, 48.062698110571866], [-84.68802817102114, 48.06272111058044], [-84.68795987100549, 48.062767010591365], [-84.6878918709914, 48.062824110603884], [-84.68777287097315, 48.062971310632726], [-84.68768697096431, 48.06310901065812], [-84.68758467095937, 48.063313910694376], [-84.68756777097722, 48.06348451072037], [-84.68756757098804, 48.063564410732035], [-84.68756747099586, 48.06362171074042], [-84.68756797100215, 48.06366671074698], [-84.68760167102535, 48.06375741075814], [-84.68763567104256, 48.063803110762734], [-84.68768697107166, 48.063895210773076], [-84.68773787109895, 48.06397501078164], [-84.68784017114734, 48.064088410791925], [-84.68784067115365, 48.06413341079846], [-84.68785707116525, 48.064179810804234], [-84.68792547120131, 48.06428241081509], [-84.68795947121846, 48.06432811081967], [-84.68802797125439, 48.06442961083029], [-84.68806197127158, 48.06447521083489], [-84.68813037130758, 48.06457781084568], [-84.68816417132791, 48.064647110853755], [-84.68824977137093, 48.064760210865074], [-84.68828327138948, 48.064817110871324], [-84.68835127142383, 48.06490851088048], [-84.68836857143562, 48.06495381088606], [-84.68845407147874, 48.065068010897484], [-84.6885222715101, 48.065136910903426], [-84.68864117156699, 48.06527311091603], [-84.68869197158962, 48.065319110919624], [-84.68872607160682, 48.065364810924216], [-84.6888117716468, 48.06545541093223], [-84.68886307166804, 48.06549011093411], [-84.68894787170768, 48.06558071094217], [-84.68899867173037, 48.06562671094578], [-84.68910117177573, 48.06571761095281], [-84.68916917180535, 48.06577411095686], [-84.6892886718578, 48.06587661096456], [-84.68935657188756, 48.06593421096881], [-84.68949327194713, 48.06604831097705], [-84.68956127197673, 48.06610481098118], [-84.68971507204344, 48.066230510990124], [-84.68988527211373, 48.06634411099626], [-84.68997087214905, 48.06640101099933], [-84.69012377221541, 48.06652661100831], [-84.6902093722507, 48.06658351101136], [-84.6903628723156, 48.06669681101853], [-84.69043077234537, 48.06675441102278], [-84.69056657240468, 48.06686851103114], [-84.69063537243449, 48.0669250110352], [-84.69077167249242, 48.06702781104185], [-84.69082287251658, 48.067083911046915], [-84.69092517256514, 48.067198511057406], [-84.69097547258916, 48.06725571106263], [-84.69104387262522, 48.06735831107349], [-84.69107827264403, 48.06741531107968], [-84.69114637267829, 48.067505511088676], [-84.69124877272382, 48.06759751109585], [-84.69124847272985, 48.06764251110244], [-84.69131637276729, 48.06775631111491], [-84.69131667277671, 48.067824911124966], [-84.69135077280643, 48.06796171114284], [-84.69136827282283, 48.068040811153345], [-84.69141877285631, 48.06816671116866], [-84.69141907286574, 48.0682353111787], [-84.69145287289379, 48.06836081119492], [-84.69145327290312, 48.06842831120477], [-84.69145267292018, 48.06855431122325], [-84.69145257293565, 48.06866791123983], [-84.69148727295614, 48.068736011247665], [-84.69148677296533, 48.06880461125774], [-84.69148677298563, 48.068953111279434], [-84.69148727299195, 48.06899811128598], [-84.69148697299813, 48.06904421129276], [-84.69148737301222, 48.069146611307694], [-84.69148687302145, 48.069215211317726], [-84.69148677303696, 48.069328811334366], [-84.69148737305585, 48.06946601135438], [-84.69148697306973, 48.06956831136938], [-84.69148727307922, 48.06963701137939], [-84.6914868730852, 48.069681911385956], [-84.69148687310071, 48.06979551140259], [-84.69148677310855, 48.06985291141099], [-84.69146977312175, 48.06998981143202], [-84.6914697731296, 48.07004711144043], [-84.69141867313328, 48.07019461146509], [-84.69138427312994, 48.07025121147547], [-84.69138437314244, 48.07034231148881], [-84.69135037314551, 48.070445111505904], [-84.69135087315198, 48.070491311512676], [-84.69131657315332, 48.07058171152796], [-84.691264973143, 48.07062791153786], [-84.69123107314613, 48.07073071155501], [-84.69119747314306, 48.070787411565334], [-84.69116287314274, 48.07086651157907], [-84.69111177313874, 48.07095771159552], [-84.69102697313485, 48.07112921162575], [-84.690992773141, 48.07125451164619], [-84.69090737313844, 48.071437311678174], [-84.69083937313987, 48.071608011707305], [-84.69078767313249, 48.07167551172036], [-84.69078777315282, 48.07182401174202], [-84.69078767316061, 48.07188141175042], [-84.69078817316691, 48.071926411756984], [-84.69085627319366, 48.07196151175791], [-84.69095817323566, 48.072028811761506], [-84.6910260732575, 48.07202901175735], [-84.6911119732868, 48.07204091175383], [-84.69123077333118, 48.07208601175317], [-84.6914188733964, 48.07212011174658], [-84.69148687341834, 48.072120411742475], [-84.69155467344328, 48.07214311174161], [-84.6917249734981, 48.07214321173119], [-84.69179377352027, 48.072143411727], [-84.69194667357405, 48.072176811722514], [-84.69203227360173, 48.0721774117173], [-84.69221937366186, 48.07217671170572], [-84.69238967371668, 48.072176811695314], [-84.69245847373885, 48.0721770116911], [-84.69262887379374, 48.07217711168063], [-84.6926967738156, 48.07217731167654], [-84.69281597385401, 48.0721774116692], [-84.69290157388147, 48.07217691166388], [-84.69303747392533, 48.0721774116556], [-84.69312307395279, 48.072176911650295], [-84.6931911739717, 48.07215461164284], [-84.6933444740116, 48.07208571162338], [-84.6934295740328, 48.07204021161151], [-84.69349827405017, 48.07200561160224], [-84.6936850740933, 48.071881111572544], [-84.69382227412336, 48.0717781115491], [-84.69387317413039, 48.07170941153589], [-84.6939243741392, 48.07165311152454], [-84.69392377412025, 48.071515911504534], [-84.69388977410304, 48.07147021149997], [-84.69385637408142, 48.07139081149041], [-84.69385587407496, 48.0713447114837], [-84.69377097403527, 48.0712541114756], [-84.6937191740077, 48.071174311467146], [-84.69365117397334, 48.071083011457965], [-84.69358337394054, 48.07100291145043], [-84.69354937392339, 48.07095721144583], [-84.6934471738719, 48.07082131143222], [-84.69341247385141, 48.07075311142439], [-84.69341287384526, 48.07070701141767], [-84.69341317383922, 48.07066201141108], [-84.69336207381494, 48.07060481140584], [-84.69336217379929, 48.07049011138901], [-84.69336217379158, 48.07043381138081], [-84.69336167378513, 48.07038771137413], [-84.69339577378682, 48.07031981136209], [-84.69339607376818, 48.07018261134203], [-84.69341297376275, 48.07010311132935], [-84.69341277375332, 48.07003441131931], [-84.69341277374564, 48.06997821131108], [-84.69341287373003, 48.06986351129434], [-84.69344727373334, 48.06980681128393], [-84.69354937375681, 48.069738011267575], [-84.69365127377561, 48.069635411246345], [-84.69380517381127, 48.069533911222074], [-84.69385587382124, 48.06948771121223], [-84.69392457383869, 48.06945311120292], [-84.69399287385457, 48.06940841119219], [-84.69409437387935, 48.06935081117754], [-84.69416307389687, 48.06931731116847], [-84.69426537392981, 48.069317111162114], [-84.694350373954, 48.06929411115353], [-84.69446937398757, 48.06925931114118], [-84.69465697403865, 48.06919111111969], [-84.69486137409514, 48.06912321109719], [-84.6949464741163, 48.069077711085335], [-84.69501547413537, 48.06905441107773], [-84.69521987419188, 48.06898651105522], [-84.69535617422952, 48.06894081104018], [-84.69542407424662, 48.068906211030956], [-84.69549217426554, 48.06888401102356], [-84.69556027428428, 48.06886061101592], [-84.6956628743142, 48.06883791100632], [-84.69581607435425, 48.06877011098698], [-84.69595257438873, 48.06870091096851], [-84.69602087440461, 48.068656110957775], [-84.69617417444451, 48.068587210938304], [-84.69632717447975, 48.06848461091388], [-84.6964122745009, 48.068439010902026], [-84.69660037454584, 48.06832471087377], [-84.69670237456943, 48.06825701085761], [-84.69689007461267, 48.06813141082774], [-84.6969752746308, 48.06806341081251], [-84.69712827466128, 48.067925910783025], [-84.69721357467947, 48.06785791076784], [-84.69735047470482, 48.06772111073945], [-84.69741817471727, 48.06765281072536], [-84.69755437474247, 48.06751601069698], [-84.69769117476307, 48.067344410663495], [-84.69780987478728, 48.067242210641275], [-84.69784397478897, 48.06717431062922], [-84.69789517479764, 48.0671168106177], [-84.69801497482376, 48.06702591059704], [-84.69808297483787, 48.06696881058451], [-84.69823607487308, 48.06686611056015], [-84.69838987491165, 48.06678591053896], [-84.69862807496811, 48.06663781050272], [-84.69881547501446, 48.06653581047628], [-84.69908877507751, 48.06635341043286], [-84.6992760751191, 48.06621661040137], [-84.69954867517887, 48.06601171035464], [-84.69971917521504, 48.065874510324136], [-84.69994077526296, 48.06570351028552], [-84.70012847529858, 48.06552171024741], [-84.7002128753163, 48.06545251023213], [-84.70034967534473, 48.06533831020705], [-84.70045207536998, 48.0652819101925], [-84.7005367753895, 48.065225110179036], [-84.70062187541063, 48.06517951016713], [-84.70069077543266, 48.065178710162755], [-84.70077547546, 48.06517921015764], [-84.70086107548752, 48.06517871015232], [-84.70096287552194, 48.06519091014786], [-84.70113337558145, 48.06522461014234], [-84.70128707563563, 48.06525921013795], [-84.70140617568168, 48.06531561013889], [-84.70161117575698, 48.06538381013628], [-84.70169577578734, 48.06540691013446], [-84.70174707580846, 48.065440510136234], [-84.701900475861, 48.065463810130176], [-84.70200277589392, 48.06546361012388], [-84.70213867593772, 48.06546411011561], [-84.70222427596522, 48.065463610110285], [-84.7023266759981, 48.06546331010395], [-84.70241137602544, 48.06546391009885], [-84.70249717604993, 48.06544091009023], [-84.70258187607712, 48.06544031008492], [-84.70273557612349, 48.06541751007219], [-84.70294027618945, 48.06541831005969], [-84.70314507625532, 48.0654179100471], [-84.70326427629065, 48.06539551003652], [-84.70334907631783, 48.06539491003121], [-84.70345147635078, 48.06539471002491], [-84.70358807639006, 48.06536041001146], [-84.70369037642295, 48.065360210005174], [-84.70377517645034, 48.06536071000004], [-84.70413337656552, 48.065360009977965], [-84.70423577659862, 48.06536090997178], [-84.70445717666986, 48.06536090995821], [-84.7045595767028, 48.0653607099519], [-84.70479787677935, 48.06535980993715], [-84.70490017681244, 48.06536070993098], [-84.70513827689217, 48.06538350991973], [-84.70524067692511, 48.0653833099134], [-84.70546287699969, 48.06540570990302], [-84.70570097707942, 48.06542850989176], [-84.70580327711235, 48.065428309885455], [-84.70604227719234, 48.06545100987408], [-84.70614377722502, 48.06545080986783], [-84.70621277725188, 48.06548480986855], [-84.70650217734504, 48.06548500985085], [-84.7066728774015, 48.065496209841974], [-84.70675777743351, 48.06553050984182], [-84.7068256774554, 48.065530809837654], [-84.70687707747655, 48.06556440983945], [-84.70696257750414, 48.065565009834266], [-84.70706477754011, 48.06558730983126], [-84.70713257756498, 48.065610009830394], [-84.70732037762853, 48.06563290982224], [-84.70738847765513, 48.065666909823015], [-84.70752507770224, 48.06568980981795], [-84.7075928777272, 48.06571260981714], [-84.70776327778665, 48.06574630981161], [-84.70784817781865, 48.0657806098114], [-84.70791687784386, 48.06580340981052], [-84.70806997789937, 48.06584920980784], [-84.70813867792464, 48.06587190980691], [-84.70829137798158, 48.0659289098059], [-84.70835997800673, 48.06595170980503], [-84.70849587805824, 48.06600840980495], [-84.70856447808339, 48.06603110980403], [-84.7087861781672, 48.06612220980376], [-84.70885397819212, 48.066144909802894], [-84.70892207821869, 48.066178809803674], [-84.70909267828297, 48.06624750980324], [-84.70916097830654, 48.066259009800746], [-84.70926327834725, 48.06631610980282], [-84.70933177837549, 48.06636140980523], [-84.70943397841927, 48.06644100981059], [-84.7095185784573, 48.06652030981697], [-84.70957017848806, 48.06662370982893], [-84.70962137851224, 48.066679809833964], [-84.7096890785528, 48.06681730984997], [-84.70972377857329, 48.06688540985775], [-84.70982547863395, 48.06708990988138], [-84.70987727866151, 48.06716970988992], [-84.70991147868354, 48.067250209899555], [-84.70994557870075, 48.06729590990412], [-84.71001317872872, 48.06734110990662], [-84.7101160787681, 48.067387009906994], [-84.71018407878987, 48.06738610990272], [-84.71025197881171, 48.067386309898566], [-84.71035437884466, 48.06738610989227], [-84.71042227886657, 48.06738640988807], [-84.71067817894881, 48.06738580987233], [-84.71091667902256, 48.06736360985445], [-84.71105347906652, 48.06736300984595], [-84.71117257910487, 48.06736310983866], [-84.711377179166, 48.0673289098211], [-84.71149627920437, 48.067329009813754], [-84.71175217928666, 48.06732850979799], [-84.71210957940174, 48.06732890977612], [-84.7122290794418, 48.06734030977043], [-84.71238267949116, 48.06734000976096], [-84.71262087956788, 48.06734020974636], [-84.7128935796556, 48.067340009729584], [-84.71299597968853, 48.067339809723286], [-84.71308147971614, 48.06734040971809], [-84.71323487976852, 48.06736250971193], [-84.71331947979893, 48.067385609710136], [-84.71343947984525, 48.06744200971096], [-84.71350777986882, 48.06745350970847], [-84.71364337991864, 48.06749890970675], [-84.71371177994702, 48.067545309709374], [-84.7137973799823, 48.067602109712396], [-84.71386518001492, 48.06768100971976], [-84.71393378004797, 48.06776110972726], [-84.7139679800698, 48.06784050973675], [-84.714002080087, 48.067886209741324], [-84.71400208009484, 48.06794360974973], [-84.71403608011205, 48.06798920975434], [-84.71403608012757, 48.068102809770956], [-84.71408728015186, 48.06816010977617], [-84.71412088017819, 48.06827320979066], [-84.71412118018762, 48.06834180980062], [-84.71415538021733, 48.06847860981853], [-84.71418958023938, 48.06855920982821], [-84.71422348027514, 48.06874090985272], [-84.71422358028758, 48.068832009866], [-84.71427478032746, 48.06900290988783], [-84.71430898034933, 48.069082309897325], [-84.71436018038912, 48.06925310991919], [-84.71439448042362, 48.06942480994213], [-84.71439468043619, 48.06951590995547], [-84.71442868047671, 48.06973250998502], [-84.71447958050709, 48.069834809996884], [-84.71448008053676, 48.070050710028404], [-84.71451358056315, 48.070165010042984], [-84.71451408059298, 48.07038211007473], [-84.71454808061789, 48.070484010087554], [-84.7145824806601, 48.07071181011874], [-84.71458218067399, 48.070814210133676], [-84.71458278072396, 48.07117861018693], [-84.71458208073622, 48.0712697102003], [-84.71453178074341, 48.071440810228395], [-84.71453108075566, 48.07153191024175], [-84.71449708076658, 48.0716920102672], [-84.71449728077913, 48.07178311028053], [-84.71442928078062, 48.071953910309645], [-84.71439548078065, 48.07203421032349], [-84.71429298076634, 48.07217051034971], [-84.71424208075933, 48.072239210362866], [-84.71413978074199, 48.07235301038578], [-84.71408858073318, 48.07240941039717], [-84.71398638071283, 48.072500710416726], [-84.71383258067426, 48.07258091043792], [-84.7137303806383, 48.072558610440936], [-84.71364498060767, 48.07253551044283], [-84.71357678058108, 48.07250151044202], [-84.7134744805403, 48.072444410439964], [-84.71337228049656, 48.07236471043456], [-84.71320198043388, 48.07230741043669], [-84.71313378040729, 48.07227341043587], [-84.71306588038543, 48.07227321044004], [-84.71299728036021, 48.072250410440894], [-84.71287808032186, 48.07225031044824], [-84.71279318029764, 48.072273310456794], [-84.7127073802732, 48.07229641046548], [-84.71262298025536, 48.0723644104806], [-84.71250308022934, 48.072456510501375], [-84.7124351802151, 48.07251251051376], [-84.71226458017895, 48.07264971054426], [-84.7122645801868, 48.07270711055265], [-84.71228168020161, 48.07277491056153], [-84.71228168020946, 48.07283231056992], [-84.71228188022197, 48.072923410583186], [-84.71228188022965, 48.07297961059141], [-84.712282180247, 48.07310561060984], [-84.71233278027265, 48.07317411061673], [-84.71233298028515, 48.07326521063001], [-84.71233348030715, 48.07342491065336], [-84.71233338032262, 48.07353851066992], [-84.71233338034601, 48.07370951069493], [-84.71233288036291, 48.07383431071319], [-84.71228198037143, 48.07401661074296], [-84.71228178039014, 48.074153810763015], [-84.71224838040743, 48.07435901079507], [-84.71221408041663, 48.07450681081877], [-84.71217988043365, 48.07471191085085], [-84.7121464804431, 48.07485971087447], [-84.71209518045784, 48.07508821091103], [-84.7120605804732, 48.07528201094151], [-84.71200968046628, 48.07535081095468], [-84.7120096804818, 48.07546441097126], [-84.71197608047869, 48.075521110981605], [-84.71194168048326, 48.07563511100039], [-84.71189048047461, 48.07569261101197], [-84.71177128045177, 48.075806011035816], [-84.71170328043772, 48.07586321104836], [-84.71153278039372, 48.07594301107047], [-84.71146468037483, 48.07596531107793], [-84.71129408032316, 48.07598891109188], [-84.7111061802626, 48.07598851110331], [-84.71103818024069, 48.07598831110749], [-84.71086788018587, 48.0759882111179], [-84.71078238015534, 48.07596631111999], [-84.71071438013344, 48.07596611112413], [-84.7105094800628, 48.07593161113165], [-84.71042488003253, 48.07590971113367], [-84.71033948000189, 48.075886611135516], [-84.71013507992988, 48.075840911141405], [-84.70994707986927, 48.07584051115292], [-84.70984487983338, 48.07581831115589], [-84.70977697981144, 48.075818011160074], [-84.70953867973473, 48.07581781117463], [-84.70946977971263, 48.075818611179], [-84.70931627966316, 48.0758178111883], [-84.70924827964139, 48.075818711192625], [-84.70918027961947, 48.0758185111968], [-84.7090946795918, 48.07581791120194], [-84.70899297956232, 48.075841811211646], [-84.70889027953548, 48.07588691122457], [-84.70883957952529, 48.0759320112343], [-84.70872017949776, 48.07601181125326], [-84.70861797947738, 48.0761031112729], [-84.70856677946871, 48.07616051128442], [-84.70848147945844, 48.076285911308005], [-84.70843057945144, 48.0763547113212], [-84.70836257944505, 48.076468011341866], [-84.70831087943778, 48.076536711355125], [-84.7082428794314, 48.07665011137585], [-84.70820847942828, 48.076707911386386], [-84.70810687941108, 48.07682171140925], [-84.7080212793913, 48.07687851142286], [-84.70790207936079, 48.076935711438495], [-84.70779967932785, 48.076935911444856], [-84.70766377928402, 48.0769355114531], [-84.70754447924098, 48.07690161145547], [-84.70747547921414, 48.076867611454766], [-84.70742497919312, 48.07683281145275], [-84.7072883791383, 48.07675361144959], [-84.70718567909589, 48.07668521144588], [-84.70703227903564, 48.07660571144371], [-84.70691317898945, 48.07654821144261], [-84.70686227896695, 48.07650331143918], [-84.70681097894563, 48.07646851143721], [-84.70670897890655, 48.076422611436804], [-84.70662327887904, 48.07642321144218], [-84.70655517886014, 48.07644541144959], [-84.70648687884443, 48.07649131146045], [-84.70636817882037, 48.07659471148284], [-84.7039982784081, 48.07915901200312], [-84.70393017838924, 48.07918121201054], [-84.70377677834453, 48.07921531202493], [-84.70370927832907, 48.07926121203581], [-84.70360667830694, 48.079341212053755], [-84.70355577829984, 48.07940881206681], [-84.70348737829974, 48.07956941209448], [-84.70341897829957, 48.07972891212198], [-84.7034193783089, 48.07979641213183], [-84.70338527831504, 48.07992161215216], [-84.70338487833678, 48.080081312175565], [-84.7033849783571, 48.08022981219722], [-84.7034192783838, 48.08034411221183], [-84.70345357840567, 48.08042351222133], [-84.70345317841172, 48.080468512227924], [-84.70352177845258, 48.08060601224381], [-84.70352177846026, 48.080662212252015], [-84.70357247848598, 48.08073071225891], [-84.70360667851567, 48.080867512276804], [-84.70360647852652, 48.08094731228847], [-84.70364067855627, 48.08108411230638], [-84.70367537857676, 48.0811523123142], [-84.70370867860616, 48.08128901233216], [-84.70370897861568, 48.08135771234217], [-84.70377717865779, 48.0815052123595], [-84.70377707866558, 48.0815626123679], [-84.7038458787033, 48.08167641238029], [-84.70389637873198, 48.08176741239049], [-84.70393047874927, 48.08181311239506], [-84.7040161787894, 48.08190481240324], [-84.70406707881187, 48.08194971240665], [-84.70415277885202, 48.082041412414775], [-84.7042038788763, 48.08209861242001], [-84.70430597892314, 48.08220081242869], [-84.70445967898502, 48.082291612432506], [-84.7045276790148, 48.08234921243677], [-84.70457887903899, 48.082405312441814], [-84.70471507909997, 48.08253061245172], [-84.70476657912589, 48.08259911245856], [-84.70495357920481, 48.082735612467026], [-84.70502237923478, 48.08279321247125], [-84.70517507929944, 48.08290651247839], [-84.70524387932947, 48.08296411248262], [-84.7053797793887, 48.083077012490754], [-84.7054314794116, 48.08312301249429], [-84.70553377946024, 48.083237612504774], [-84.70558507948444, 48.08329371250982], [-84.70570387953669, 48.08339621251747], [-84.70575537956263, 48.083464712524304], [-84.70585737960947, 48.08356681253296], [-84.70596027965667, 48.08367011254176], [-84.7060110796792, 48.083715012545184], [-84.7061301797332, 48.08382981255463], [-84.70618147975746, 48.083886012559724], [-84.70628407980769, 48.084011712571794], [-84.70631837982957, 48.084091212581264], [-84.7064030798803, 48.084262712601145], [-84.70643757990378, 48.08435341261227], [-84.70652247995923, 48.084558612637025], [-84.70657367999122, 48.08467211265045], [-84.70657378001944, 48.08487801268055], [-84.70657418004907, 48.085093912712054], [-84.70657388006299, 48.08519631272706], [-84.70652278006683, 48.08534481275184], [-84.70652278008238, 48.08545841276847], [-84.70652308009187, 48.08552701277849], [-84.70652268009793, 48.08557201278508], [-84.7065231801044, 48.08561811279175], [-84.70652278011823, 48.08572051280672], [-84.70655718013711, 48.08577741281295], [-84.70659138016684, 48.08591421283083], [-84.70664208020041, 48.08604001284612], [-84.70670998023783, 48.086153912858585], [-84.70677858028643, 48.08634761288266], [-84.70683018032011, 48.08647231289772], [-84.70689838036702, 48.086654812920195], [-84.7069661804075, 48.08679111293594], [-84.70701738044734, 48.08696191295773], [-84.7070515804694, 48.0870425129674], [-84.70708578049907, 48.08717931298529], [-84.70711998052097, 48.08725871299478], [-84.7071201805335, 48.0873498130081], [-84.7071541805584, 48.08745171302085], [-84.70723948059211, 48.08749721302227], [-84.7073414806312, 48.08754311302274], [-84.70741018065642, 48.08756591302186], [-84.70754608070028, 48.08756641301357], [-84.70761428071901, 48.087543013005934], [-84.70768228074094, 48.08754321300182], [-84.70773328075272, 48.087509412993725], [-84.70778458076136, 48.0874519129822], [-84.7078872807804, 48.08734931296091], [-84.70798958079313, 48.08720181293307], [-84.70814308080664, 48.08693941288531], [-84.70834768082415, 48.0865858128211], [-84.70834698081302, 48.086506012809444], [-84.70841518083192, 48.08648371280198], [-84.7085005808547, 48.08644941279175], [-84.70856928087208, 48.086414812782486], [-84.70863738089096, 48.086392512775056], [-84.7087223809152, 48.08636951276645], [-84.70882458094347, 48.086335512755234], [-84.70892698097634, 48.086335312748865], [-84.70899498099827, 48.08633561274476], [-84.70911438104136, 48.08636941274241], [-84.70926778109377, 48.086391612736215], [-84.70933578112354, 48.08644921274042], [-84.70942138115892, 48.086506012743456], [-84.70942188116521, 48.086551012749986], [-84.70948928120401, 48.086676112764124], [-84.70952368122303, 48.08673411277051], [-84.70952368123073, 48.086790412778704], [-84.70955768125579, 48.0868934127917], [-84.70955778126348, 48.08694961279991], [-84.7095749812754, 48.086996112805664], [-84.70957468128928, 48.08709841282059], [-84.70957468129698, 48.0871547128288], [-84.70957478130951, 48.08724581284213], [-84.70957528131598, 48.08729191284884], [-84.7095747813252, 48.087360512858844], [-84.70960948134572, 48.08742871286666], [-84.70967748137534, 48.087485212870774], [-84.70976308141064, 48.0875420128738], [-84.7098817814583, 48.08761071287659], [-84.71001808151149, 48.087678712878144], [-84.7100697815344, 48.08772471288168], [-84.71012108155551, 48.08775831288343], [-84.71024028160178, 48.08781581288447], [-84.71030808162666, 48.087838512883636], [-84.7104280816732, 48.08789601288467], [-84.71051268170343, 48.08791801288268], [-84.71058118173181, 48.08796431288527], [-84.71068358177244, 48.0880203128871], [-84.71075138179741, 48.0880431128863], [-84.71080278181873, 48.08807781288821], [-84.71088818184936, 48.08810091288631], [-84.71095618187113, 48.08810001288204], [-84.71102468189167, 48.088089012876246], [-84.71112658191043, 48.08798641285496], [-84.71117788191911, 48.08792901284342], [-84.71121228192243, 48.08787231283306], [-84.71129708193406, 48.087758112811116], [-84.71133108193574, 48.08769021279914], [-84.71134828193502, 48.08764441279139], [-84.71143388194693, 48.08753031276949], [-84.71146798194862, 48.087462412757446], [-84.71153588195021, 48.08731411273164], [-84.71160438195506, 48.08718841270906], [-84.71165528196201, 48.08711971269591], [-84.71174018197067, 48.08698301267069], [-84.71177478197099, 48.08690391265703], [-84.71185958198264, 48.086789712635145], [-84.7119279819984, 48.086743812624256], [-84.71199608200939, 48.08666421260838], [-84.7120810820336, 48.08664111259982], [-84.7121667820582, 48.08661921259134], [-84.71228608209648, 48.08661821258386], [-84.71247308215985, 48.08664111257575], [-84.712507082177, 48.086686712580295], [-84.71259248220764, 48.086709812578455], [-84.712678182243, 48.08676661258146], [-84.71272898226565, 48.08681261258504], [-84.71276338228452, 48.08686961259129], [-84.71279748230174, 48.086915212595876], [-84.712831382322, 48.08698341260374], [-84.71286538233922, 48.0870291126083], [-84.71295088237761, 48.08710841261462], [-84.71298528239647, 48.087165312620826], [-84.71306998243931, 48.08727941263231], [-84.71307008244706, 48.08733571264052], [-84.71310438247372, 48.087450012655104], [-84.71315598249971, 48.08751851266194], [-84.71315578251057, 48.087598312673656], [-84.71320658254093, 48.08770061268546], [-84.71320708256295, 48.08786031270871], [-84.7132408825862, 48.08795091271992], [-84.71327518261293, 48.08806521273451], [-84.71327518262078, 48.08812261274287], [-84.71330928264571, 48.08822451275569], [-84.7133095826552, 48.088293112765655], [-84.71330958266306, 48.088350512774035], [-84.71336098269971, 48.0884977127924], [-84.71336088270756, 48.08855511280078], [-84.71337768272068, 48.08861161280798], [-84.71342918275452, 48.08873751282321], [-84.71342868276376, 48.088806112833254], [-84.71349698280281, 48.08893121284734], [-84.71353128282476, 48.08901061285683], [-84.71359898286536, 48.08914801287278], [-84.71368478291325, 48.08929601288909], [-84.71371908293514, 48.089375412898576], [-84.71380398298271, 48.089523312914956], [-84.71383818300475, 48.089603812924665], [-84.71392358305096, 48.08974051293935], [-84.71395798306982, 48.08979741294554], [-84.71402598310729, 48.08991121295801], [-84.71406038312615, 48.08996811296422], [-84.71412858316046, 48.09005841297316], [-84.7141620831792, 48.09011641297961], [-84.71419618319626, 48.090160912984], [-84.71423088321689, 48.090230212992], [-84.71426498323417, 48.09027591299658], [-84.71429908325123, 48.09032041300097], [-84.71429878325742, 48.090366513007744], [-84.71433278327459, 48.09041221301233], [-84.71436708329655, 48.0904916130218], [-84.71441878332718, 48.090593913033565], [-84.71445238334577, 48.0906508130398], [-84.714503383381, 48.090787913056715], [-84.71450348339346, 48.09087901306998], [-84.71453788342788, 48.0910495130928], [-84.71453748344194, 48.09115301310795], [-84.71453808346382, 48.09131161313105], [-84.71450428346394, 48.09139191314488], [-84.71450378348086, 48.09151671316312], [-84.71446968347935, 48.09158581317533], [-84.71443588348718, 48.09172231319733], [-84.71443588349503, 48.09177971320571], [-84.71440148349956, 48.09189371322448], [-84.71440148350727, 48.091950013232676], [-84.71435028350632, 48.09206371325242], [-84.71431628350177, 48.0921102132613], [-84.71428278350642, 48.09222321327986], [-84.71423118349612, 48.09226941328981], [-84.71419708350231, 48.09239471331019], [-84.7141631834976, 48.092440113318894], [-84.71409458349277, 48.092565813341444], [-84.71406058349109, 48.09263381335347], [-84.71401018349042, 48.092747513373176], [-84.71397608348889, 48.0928165133854], [-84.7139760834966, 48.09287281339359], [-84.7140099835247, 48.09299831340981], [-84.7140098835404, 48.09311301342661], [-84.71406148356625, 48.09318041343325], [-84.71409548359914, 48.09334081345461], [-84.7141292836224, 48.09343141346574], [-84.71412918363025, 48.093488813474146], [-84.71418028366534, 48.09362481349086], [-84.71418078368737, 48.09378451351418], [-84.7141807837029, 48.093898113530734], [-84.71418038370906, 48.093944213537505], [-84.71421478372793, 48.09400111354372], [-84.7143003837633, 48.09405791354673], [-84.71435128378594, 48.094103913550306], [-84.71440268380714, 48.09413761355209], [-84.71453868385868, 48.09419431355204], [-84.71460678388543, 48.094229413552966], [-84.71474348394027, 48.0943086135561], [-84.71482878397393, 48.0943541135575], [-84.71494828402184, 48.0944229135602], [-84.7150160840468, 48.09444561355935], [-84.7151356840945, 48.09451321356189], [-84.71528908415482, 48.09459271356411], [-84.71542588420681, 48.094650613564156], [-84.71549438423504, 48.09469581356654], [-84.71554498425589, 48.094729413568324], [-84.71573278433524, 48.09486701357689], [-84.71581838437055, 48.09492381357993], [-84.71588678440182, 48.09499151358559], [-84.71602238445958, 48.09509431359229], [-84.71610768450117, 48.09519731360204], [-84.7161425845185, 48.09524181360642], [-84.71622748455837, 48.09533351361458], [-84.71629538459119, 48.095413613622085], [-84.71639788463665, 48.095504513629095], [-84.71643678464851, 48.09549961362597], [-84.71656908469465, 48.09552591362167], [-84.71685208480103, 48.09563721362055], [-84.71718528492676, 48.09577201361978], [-84.71739568501881, 48.09594941363275], [-84.71777288517302, 48.09618861364449], [-84.71806278530192, 48.09644861366461], [-84.71847978549403, 48.09687081370064], [-84.71882568566775, 48.097326413745904], [-84.71907498579738, 48.09768681378324], [-84.7193111859166, 48.0980019138147], [-84.71954118600883, 48.09813471381997], [-84.71980848610688, 48.09822211381627], [-84.72007768620243, 48.09828701380926], [-84.72048158634495, 48.09837831379771], [-84.72082828648294, 48.09857071380452], [-84.72120028664638, 48.0988897138282], [-84.7214886867795, 48.09918331385336], [-84.72173848690785, 48.09953361388914], [-84.7218850870057, 48.09990311393408], [-84.72200918710854, 48.100362213993506], [-84.72213188721263, 48.1008337140548], [-84.72222808729413, 48.10120231410268], [-84.72232168737767, 48.10159211415383], [-84.72235198743142, 48.10191331419883], [-84.72230288744814, 48.10215081423655], [-84.72220738743748, 48.10229731426377], [-84.72199378738819, 48.10243931429768], [-84.72171418731111, 48.10253391432868], [-84.72131558719522, 48.102624914366466], [-84.72079238704802, 48.10277991442121], [-84.72049498696839, 48.102897714456745], [-84.72008408687353, 48.10317071452184], [-84.71963828676883, 48.10345431459062], [-84.71920438668047, 48.103829214672025], [-84.71892548663804, 48.10417461473961], [-84.71867038658927, 48.10441811479079], [-84.71839608653903, 48.10469611484825], [-84.71816298648646, 48.10486021488654], [-84.71784328640881, 48.10504501493318], [-84.71759568634678, 48.10517391496721], [-84.71741978630196, 48.10526041499067], [-84.71726348625727, 48.10530121500618], [-84.71695178616513, 48.10536131503416], [-84.71669418608428, 48.10537651505215], [-84.71649048601779, 48.10537021506375], [-84.71621708592873, 48.10536251507947], [-84.71532188559164, 48.10500611508247], [-84.71520268555322, 48.10500601508977], [-84.71501478548964, 48.10498321509799], [-84.71492988546234, 48.10498371510326], [-84.71477648540974, 48.10496041510928], [-84.71467418537378, 48.10493811511237], [-84.71450318531251, 48.104893115116305], [-84.71440078527942, 48.10489221512243], [-84.71421338521446, 48.10485811512898], [-84.71412788518391, 48.10483621513106], [-84.71394068512356, 48.104835815142486], [-84.71387248509694, 48.104801815141734], [-84.71370118504181, 48.104801815152264], [-84.71351398498147, 48.10480151516371], [-84.71344598495969, 48.10480241516801], [-84.71337708493749, 48.10480211517219], [-84.7132922849101, 48.104801515177336], [-84.71320668488262, 48.10480211518265], [-84.7131386848607, 48.10480191518682], [-84.71305388483344, 48.1048024151921], [-84.71295118480346, 48.104825115201756], [-84.71288318478155, 48.10482491520586], [-84.71276328474772, 48.104859615218324], [-84.71267838472335, 48.10488151522673], [-84.7126101847046, 48.104904915234364], [-84.71255908469278, 48.10493881524245], [-84.71249038467542, 48.10497341525171], [-84.71243968466531, 48.10501851526138], [-84.71235418465032, 48.10511021528006], [-84.71233688465406, 48.105178415291064], [-84.71233758466529, 48.1052583153027], [-84.7123373846761, 48.10533811531433], [-84.71233708468222, 48.105383115320926], [-84.71233748468866, 48.10542931532768], [-84.7123371846947, 48.105474215334226], [-84.71233768470118, 48.10552041534093], [-84.71233738470724, 48.10556531534753], [-84.71233698471345, 48.105611415354254], [-84.71233698472116, 48.105667715362515], [-84.7123713847402, 48.10572571536881], [-84.7123718847465, 48.10577071537536], [-84.71237188475436, 48.10582811538376], [-84.71237158476043, 48.10587311539034], [-84.71242268478474, 48.10593031539559], [-84.71242258479563, 48.10601021540723], [-84.7124225848112, 48.10612381542378], [-84.71242288482068, 48.10619241543381], [-84.712439484837, 48.10627261544451], [-84.71249098487073, 48.106397315459546], [-84.71249078488162, 48.10647721547119], [-84.71252518490044, 48.10653411547737], [-84.7125248849067, 48.10658021548414], [-84.712576784942, 48.1067162155008], [-84.71262798496637, 48.106773515506], [-84.71262788497417, 48.106830815514414], [-84.7126618850022, 48.10695521553047], [-84.71271308502651, 48.107012515535665], [-84.71274698505462, 48.10713801555193], [-84.71279848508057, 48.10720651555878], [-84.7127981850867, 48.10725151556536], [-84.71283258511342, 48.10736581557993], [-84.71288378513772, 48.107423015585105], [-84.71288358515632, 48.10755911560499], [-84.71288388516584, 48.10762771561502], [-84.7129181851956, 48.10776451563281], [-84.71295208521586, 48.10783271564072], [-84.71295168523758, 48.10799241566405], [-84.7130031852636, 48.10806091567089], [-84.71300288528538, 48.1082206156942], [-84.71303738531674, 48.108368615713694], [-84.71303778532629, 48.10843721572371], [-84.71307188534338, 48.1084818157281], [-84.7130714853496, 48.108527915734854], [-84.71310538536979, 48.10859601574268], [-84.71315678539882, 48.10868701575281], [-84.71315728540533, 48.108733215759564], [-84.71320848543738, 48.10884661577295], [-84.71334478550627, 48.10902931579122], [-84.71342978554605, 48.10911991579923], [-84.71349798558052, 48.109211215808386], [-84.71360058562607, 48.10930211581532], [-84.71368588565974, 48.109347715816746], [-84.7137879856989, 48.10939361581714], [-84.71394178574532, 48.10937071580438], [-84.71404428577831, 48.10937051579806], [-84.71411258579398, 48.10932471578717], [-84.71418058581591, 48.109324915783006], [-84.71443658588582, 48.10923331575393], [-84.71453838591546, 48.10921051574433], [-84.7146582859495, 48.10917691573207], [-84.71481198599108, 48.10911931571416], [-84.715015986049, 48.10906261569339], [-84.71510148607184, 48.10902831568309], [-84.71522108610405, 48.108982315669024], [-84.71537428614718, 48.108937015653055], [-84.71547638617847, 48.10892551564505], [-84.71559628621243, 48.10889191563278], [-84.71568128623667, 48.108868915624214], [-84.71588598629793, 48.10883471560662], [-84.71598828632604, 48.10879961559522], [-84.71607388635367, 48.108800215590065], [-84.7162272864015, 48.10878861557895], [-84.7163639864408, 48.10875421556552], [-84.71655108649632, 48.10871971554897], [-84.71671878654844, 48.108706215536664], [-84.7168610866139, 48.10884961554886], [-84.71711278673976, 48.10917621558104], [-84.71733378684931, 48.109456215608354], [-84.71752848693318, 48.10961081561893], [-84.71787378707228, 48.109814515627484], [-84.71821038719142, 48.10989311561824], [-84.71838068724692, 48.10989761560841], [-84.71867078734155, 48.1099068155919], [-84.71886148739748, 48.10986671557434], [-84.71907078745635, 48.10980451555238], [-84.71940308754587, 48.1096773155134], [-84.71968688761648, 48.109525415473776], [-84.71993548767558, 48.10937291543624], [-84.72022218774094, 48.109176115389914], [-84.72049178779906, 48.10896671534275], [-84.72079518786983, 48.108770215295415], [-84.72104508792782, 48.1086065152562], [-84.72122388796741, 48.10847511522603], [-84.72149808801773, 48.10819821516874], [-84.72179278806843, 48.10787561510354], [-84.72212108813, 48.10755371503635], [-84.7224425882051, 48.107346414986345], [-84.72281208830059, 48.10717491493862], [-84.72311028838058, 48.10705821490321], [-84.72354858849837, 48.10688811485144], [-84.72417848866932, 48.10665541477879], [-84.72465258879429, 48.106453314720135], [-84.72505788889963, 48.10627011466848], [-84.72534128896869, 48.106108214627405], [-84.72557538901835, 48.10592051458565], [-84.7258624890823, 48.10571241453763], [-84.72616588915308, 48.10551601449029], [-84.7265400892406, 48.105276014432235], [-84.726882189313, 48.10500041437096], [-84.7272279893804, 48.10468001430293], [-84.72748588942376, 48.10439041424483], [-84.72783458948581, 48.104023914169915], [-84.72819528956111, 48.10372621410424], [-84.72846948961143, 48.10344931404701], [-84.7287058896572, 48.10322791400011], [-84.7290470897324, 48.102974913942205], [-84.72936898980603, 48.10275631389054], [-84.72963848986424, 48.10254791384354], [-84.72987488991002, 48.10232651379669], [-84.73005788994307, 48.10213781375787], [-84.73033438998941, 48.10182611369535], [-84.73062899004, 48.10150351363017], [-84.73090599008496, 48.10118061356603], [-84.73127139015253, 48.100815513490275], [-84.73157989021402, 48.10053931343095], [-84.73190569027955, 48.10025221336904], [-84.73226349036011, 48.09999941331013], [-84.73262089044219, 48.09975901325305], [-84.7329298905023, 48.099471613192115], [-84.73311749052745, 48.09921431314298], [-84.73325909052672, 48.09887631308493], [-84.73334539051571, 48.09859351303835], [-84.73338299048419, 48.098274812989544], [-84.73340739044215, 48.0979109129349], [-84.73334829036658, 48.09749811287829], [-84.73327529028033, 48.09704001281588], [-84.73316349019225, 48.0966599127673], [-84.73300399008083, 48.09622141271305], [-84.73284288997368, 48.09581791266405], [-84.73276418989803, 48.095450812615276], [-84.73271758983749, 48.095118112569565], [-84.73270158979315, 48.09483211252883], [-84.73272178975762, 48.09452541248281], [-84.73275838972882, 48.09422921243727], [-84.73286608971556, 48.09387931237961], [-84.73298728971442, 48.093585912329296], [-84.73310458972136, 48.093361012289265], [-84.73348078976892, 48.09282411218771], [-84.73379108982785, 48.09252541212504], [-84.73416328991787, 48.0923078120704], [-84.73458459003017, 48.09213731201959], [-84.73488039011416, 48.09205541198943], [-84.73536309025877, 48.09197711194835], [-84.73580939039795, 48.09194431191612], [-84.73616739051462, 48.091954811895626], [-84.73669269069205, 48.092015711872236], [-84.73721519087488, 48.09212271185574], [-84.73773669106048, 48.0922522118426], [-84.73830659126489, 48.09240521182984], [-84.7389135914784, 48.09253751181186], [-84.73963549173702, 48.092729411795496], [-84.74049549203608, 48.09289141176626], [-84.74149459237562, 48.09302241172396], [-84.74215759259478, 48.09306471168939], [-84.74282519280604, 48.0930384116445], [-84.74337429297718, 48.09299751160476], [-84.74380439310954, 48.09295311157179], [-84.74411589320155, 48.092892811543855], [-84.74434289326304, 48.09280841151758], [-84.7444707932876, 48.092687211492], [-84.74451419328132, 48.0925396114678], [-84.74449099325193, 48.09237951144582], [-84.74435409317132, 48.09211251141527], [-84.74424819310869, 48.09190451139141], [-84.7440944930226, 48.09163721136182], [-84.74389999290142, 48.09120941131136], [-84.74373159277002, 48.090646011239436], [-84.74348009260673, 48.090044911167155], [-84.74325999246007, 48.089491711099896], [-84.74305169232808, 48.08901751104348], [-84.74295429224951, 48.08867251099906], [-84.74290989218501, 48.088306110948324], [-84.74296079216565, 48.08804511090706], [-84.74304549215877, 48.08779591086548], [-84.74314749215611, 48.0875370108214], [-84.74322709215859, 48.08736761079175], [-84.74333739217738, 48.08724601076721], [-84.74347829221236, 48.087170110747465], [-84.74361729225299, 48.087140210734596], [-84.74378749230839, 48.087144610724735], [-84.74407569240547, 48.087176210711625], [-84.74429369248423, 48.08723891070739], [-84.7445981925881, 48.087282010694985], [-84.74478769264681, 48.08726551068089], [-84.74503329271116, 48.087157910650106], [-84.74521569274552, 48.08698041061297], [-84.74531719274427, 48.086732710570566], [-84.74538199273574, 48.086518010535215], [-84.74539789270654, 48.08626751049766], [-84.74529389264134, 48.08603601047022], [-84.74519419256666, 48.08572471043093], [-84.74513299249672, 48.0853580103811], [-84.74513229246212, 48.085107210344525], [-84.74524069248348, 48.085008110323365], [-84.74557309257455, 48.08489201028603], [-84.74600689269867, 48.08477911024284], [-84.74637049280466, 48.084698510208725], [-84.74666389289231, 48.08464911018344], [-84.7470101929942, 48.08457941015198], [-84.74739239310313, 48.084476710113464], [-84.74765649317037, 48.08434691007831], [-84.74783369321418, 48.0842503100533], [-84.74806759326374, 48.084062510011506], [-84.74834109331535, 48.083796809955885], [-84.74861689336295, 48.083496309895004], [-84.74884489338733, 48.08313860982875], [-84.74893339337231, 48.08282090977694], [-84.74889549333183, 48.08261440974912], [-84.74875239326336, 48.08245070973399], [-84.74837459311057, 48.082222909723924], [-84.74780849289803, 48.08200140972643], [-84.74727729269539, 48.08176950972522], [-84.74689769254506, 48.081564109718514], [-84.74647119237169, 48.081300409706245], [-84.74609769220956, 48.080993909684466], [-84.74574599204644, 48.08062930965283], [-84.74547379192042, 48.08034840962853], [-84.74515289177359, 48.08003050960185], [-84.74484719163651, 48.07974790957932], [-84.74452569149123, 48.079442409554495], [-84.74418709133869, 48.07912420952886], [-84.74399949124316, 48.07886740950284], [-84.7438266911557, 48.078634609479465], [-84.74372469108485, 48.078357009445185], [-84.74366939104046, 48.0781625094202], [-84.74359899098616, 48.077931609390774], [-84.74344299090419, 48.077699109366435], [-84.74321869080136, 48.07747540934756], [-84.74290979066804, 48.07722750933029], [-84.74258319053189, 48.077000609317246], [-84.74217529036147, 48.076714809300555], [-84.74171669017309, 48.076416709285176], [-84.74129638998778, 48.0760508092576], [-84.74106188986609, 48.07571330922272], [-84.74098858981722, 48.07552850920022], [-84.74100178979333, 48.07532290916936], [-84.74106608978622, 48.07511950913571], [-84.74113508977119, 48.07484750909169], [-84.74123418977396, 48.07463470905453], [-84.74140028980138, 48.07444450901656], [-84.7416150898495, 48.07429120898094], [-84.7420343899643, 48.07414430893371], [-84.74236589005511, 48.07402820889635], [-84.74267089012332, 48.07380920884565], [-84.74287789014846, 48.07350630878866], [-84.74289859011145, 48.073187208740755], [-84.74278969001827, 48.072762208685354], [-84.74255798989132, 48.07237970864371], [-84.74237658978387, 48.072020808602446], [-84.74226058970238, 48.071697908562385], [-84.74211918959537, 48.071248608505414], [-84.7419735894949, 48.07085660845711], [-84.74182698939718, 48.07048710841211], [-84.74173428931074, 48.0700736083574], [-84.7416694892459, 48.069751808314365], [-84.7416390891923, 48.06943170826946], [-84.7416563891621, 48.06917000823013], [-84.74168528914652, 48.06898840820187], [-84.74175068913652, 48.068761308164646], [-84.74183018913907, 48.06859310813518], [-84.74192828914443, 48.06840150810115], [-84.74200648914814, 48.068244508073406], [-84.7420516891394, 48.06807440804578], [-84.74203058910437, 48.06786820801698], [-84.74201248906576, 48.067628307983014], [-84.74198948903337, 48.0674456079577], [-84.74200168901227, 48.06726250793023], [-84.74205248899288, 48.06700140788892], [-84.74211908898185, 48.06676430785017], [-84.74223588899022, 48.06655070781179], [-84.74242478901121, 48.06625970775764], [-84.7426178890257, 48.0659114076949], [-84.74279188903878, 48.06559770763838], [-84.74298628905217, 48.0652382075739], [-84.74317758906913, 48.064912407514534], [-84.74333298907929, 48.06462080746235], [-84.74348838908922, 48.064328007410005], [-84.74358938908937, 48.06409160736925], [-84.74365778907575, 48.06383090732698], [-84.74374398906478, 48.063548007280346], [-84.74386448906509, 48.06326690723181], [-84.74401898907787, 48.06299670718283], [-84.74420678910171, 48.06272930713223], [-84.7443957891226, 48.0624372070779], [-84.74458268914921, 48.06219230703064], [-84.74487508920227, 48.06189210696884], [-84.74514618925774, 48.06166010691822], [-84.74540418929979, 48.06136040685858], [-84.74566318934193, 48.06105950679869], [-84.74585438935891, 48.06073370673934], [-84.7460144893612, 48.06037360667683], [-84.74611688935704, 48.06010230663089], [-84.74617008933382, 48.05980750658453], [-84.74618498930744, 48.05957950655029], [-84.74616048927919, 48.059430606530036], [-84.74612388923765, 48.059212806500476], [-84.74610258920274, 48.05900760647175], [-84.74611348918275, 48.058835806446], [-84.74615808917555, 48.05867810642023], [-84.74634038920993, 48.05850060638308], [-84.74650398924128, 48.05834520635031], [-84.74670118928371, 48.058191606315724], [-84.74695308933761, 48.0579929062712], [-84.74714688938678, 48.0578966062452], [-84.74747628948302, 48.05782550621456], [-84.74797488963463, 48.057761006174545], [-84.74869608985689, 48.05768970611981], [-84.74950549010181, 48.057576206053476], [-84.75016109029818, 48.057469805997584], [-84.75078409048085, 48.05734030594042], [-84.75128639062719, 48.05722870589321], [-84.7518923908027, 48.0570865058352], [-84.7525860910022, 48.05691340576724], [-84.7530749911363, 48.05674410571247], [-84.75354709126516, 48.05657560565879], [-84.75394859137403, 48.05642710561245], [-84.75427939146624, 48.056323405576954], [-84.7547979916194, 48.056223305530445], [-84.75500239168598, 48.05622950551876], [-84.75536479179465, 48.056171405488], [-84.75584989193399, 48.056049305440354], [-84.75626909204858, 48.0559011053929], [-84.75656589213116, 48.05580680536094], [-84.75686059221458, 48.055723705330614], [-84.75739769237083, 48.05560260527994], [-84.7579351925256, 48.05547030522759], [-84.75859359271655, 48.05531780516482], [-84.75951129298267, 48.0551051050773], [-84.76025799319606, 48.054909405002796], [-84.7610729934303, 48.05470480492283], [-84.76164439359758, 48.0545844048701], [-84.76205699372264, 48.05452830483652], [-84.76238349382426, 48.05450320481278], [-84.76286539397024, 48.05443720477351], [-84.76314279404957, 48.05436500474591], [-84.76342199412645, 48.0542703047149], [-84.76354789415345, 48.05417160469275], [-84.76371709417418, 48.05392520464628], [-84.76380039416856, 48.053688304606546], [-84.76390399416323, 48.05340580455891], [-84.76408899419236, 48.053183304515], [-84.76438959426673, 48.05302050447275], [-84.76461769432703, 48.05292480444476], [-84.76482959438039, 48.052816504415865], [-84.76516499446468, 48.05264420437004], [-84.76556929456814, 48.05244960431675], [-84.76607889470138, 48.052225504252704], [-84.76665459485919, 48.052025304188064], [-84.76736679506139, 48.05182880411553], [-84.7680929952744, 48.05167870404896], [-84.76886979550545, 48.05154090398106], [-84.76957399572224, 48.051470203927394], [-84.77010539588903, 48.05144000389035], [-84.77071859608868, 48.05145750385521], [-84.77129519628105, 48.05150810382711], [-84.77159719638864, 48.05158480381977], [-84.77179549646728, 48.05169330382346], [-84.77198959655236, 48.051859003835695], [-84.77217639665062, 48.05213820386505], [-84.77231529672555, 48.05235910388879], [-84.77238819677576, 48.05255510391296], [-84.77241189680687, 48.052726503936555], [-84.77236499681808, 48.052919003967546], [-84.77226309682088, 48.05317910401188], [-84.77214559681542, 48.05341530405358], [-84.7720284968085, 48.05364020409369], [-84.77189009680397, 48.053932204144886], [-84.77176079682124, 48.054362704215734], [-84.77172639684747, 48.054635404257695], [-84.77174169689154, 48.05492130429852], [-84.7718503969488, 48.05508430431564], [-84.77204819702875, 48.05520400432102], [-84.77222899710156, 48.055311004325546], [-84.77249659719821, 48.05538810432036], [-84.77276969728706, 48.05539570430465], [-84.77311729738453, 48.05529110426798], [-84.77349639749873, 48.05523430423638], [-84.77388999762206, 48.0552104042087], [-84.77428249774839, 48.05521130418467], [-84.77462119786335, 48.05525500417022], [-84.77490649796553, 48.055331404163866], [-84.77517549806093, 48.05539620415681], [-84.77528929810893, 48.055479404161986], [-84.77544869818414, 48.05565460417776], [-84.77553689824413, 48.055885704206084], [-84.77559629828215, 48.05602410422268], [-84.77563869831319, 48.05615090423857], [-84.77571719835278, 48.056255904249106], [-84.77591599843002, 48.05635310425112], [-84.77626909855437, 48.0564319042409], [-84.77667799868745, 48.05644320421737], [-84.77723029885314, 48.056356004170674], [-84.77761229896194, 48.05625320413217], [-84.77804989907936, 48.05608280408036], [-84.77850479920104, 48.05590270402605], [-84.77892659931024, 48.05570950397185], [-84.77941999943653, 48.05547270390693], [-84.77975359952318, 48.05532170386434], [-84.77996409957773, 48.05522570383736], [-84.7801433996174, 48.05509420380712], [-84.7803417996585, 48.05492820377067], [-84.78040259965807, 48.05478200374555], [-84.78037799962976, 48.05463310372532], [-84.78018609954076, 48.054433703707986], [-84.77978559939163, 48.05428530371091], [-84.77913049915955, 48.0541287037283], [-84.77852239895066, 48.054031503751524], [-84.77800299876286, 48.05387970376127], [-84.77763639862643, 48.05374440376409], [-84.7774556985535, 48.05363630375936], [-84.77724109846807, 48.05351630375505], [-84.77704739838154, 48.05333930374107], [-84.77692189831888, 48.053176103724915], [-84.77682989826704, 48.05301340370682], [-84.77680399823984, 48.052875703688294], [-84.77681319822409, 48.05273870366772], [-84.77685879821396, 48.05255740363841], [-84.77696189821016, 48.05228720359259], [-84.77704319820694, 48.05207280355626], [-84.77708269820884, 48.051993703542266], [-84.77726069824963, 48.051873403513696], [-84.77736799827363, 48.05179680349588], [-84.77747429830045, 48.05174260348147], [-84.77773869836616, 48.05160150344457], [-84.77796959842105, 48.051459703409655], [-84.77818089847585, 48.051363703382656], [-84.77837469852484, 48.051266303356485], [-84.77855119856976, 48.051179703332956], [-84.77874489861888, 48.051083303306974], [-84.77898919868598, 48.05099920327962], [-84.77925079875709, 48.05090420324967], [-84.77951279882986, 48.05082040322135], [-84.7796322988671, 48.05081140321264], [-84.77973339890325, 48.050838103210346], [-84.78008979902081, 48.05085970319156], [-84.78043079913166, 48.05086850317186], [-84.78099059931874, 48.05091980314494], [-84.78146719947391, 48.05093350311765], [-84.78189459960986, 48.050922703089796], [-84.78232429974192, 48.050878103056824], [-84.78270569985209, 48.05078650302001], [-84.78312289996902, 48.05066070297593], [-84.78342160004604, 48.05052140293721], [-84.78366540011443, 48.05044850291159], [-84.78413230025232, 48.05035850286972], [-84.78478460045223, 48.05028670281913], [-84.78558770070896, 48.050275202768006], [-84.78639140096432, 48.05025250271527], [-84.78692370112826, 48.0501998026748], [-84.78744080128256, 48.050111902630164], [-84.78822440150164, 48.049871702546845], [-84.78862490161318, 48.04974550250376], [-84.78911170174975, 48.049599702452525], [-84.78966820190603, 48.04943380239404], [-84.79003190201036, 48.04934180235823], [-84.79044490213693, 48.049295802326085], [-84.7909434022882, 48.04923000228585], [-84.79140970242752, 48.049152402245845], [-84.79198340258766, 48.04897450218449], [-84.79245710271383, 48.04878340212744], [-84.79285890282118, 48.04862350207938], [-84.79340050296932, 48.04843370201828], [-84.7938153030903, 48.048342701979465], [-84.794349003253, 48.04827760193715], [-84.79494920343907, 48.04822730189289], [-84.79546250360134, 48.048206801858285], [-84.79602960377503, 48.04814340181416], [-84.79654940392399, 48.048010601762755], [-84.79702000405359, 48.047852001710595], [-84.7973502041471, 48.047759401676785], [-84.7979428043118, 48.047570501612704], [-84.79858570449296, 48.04738380154583], [-84.79927870469345, 48.04722050147934], [-84.80002510490675, 48.04702560140493], [-84.8006127050777, 48.046894001349564], [-84.80132330528386, 48.04673100128204], [-84.80208410550647, 48.04657010121169], [-84.80291460574875, 48.046389201134176], [-84.80334520587782, 48.04632100109765], [-84.80377530600848, 48.046265101063085], [-84.80403080609157, 48.046272201048346], [-84.80432070618589, 48.0462800010317], [-84.80457380627303, 48.046322001022205], [-84.80470910631853, 48.04633690101605], [-84.80487530638212, 48.04641100101668], [-84.80512570647448, 48.046497901014], [-84.80540920657918, 48.046596601010954], [-84.80555690663984, 48.046692801015936], [-84.80561880667389, 48.046796301027236], [-84.8056696067264, 48.04706050106271], [-84.80568920676397, 48.047289201094976], [-84.80566060677967, 48.04747080112322], [-84.80552410677285, 48.047741501171174], [-84.80527940674459, 48.048110301240165], [-84.80494850668846, 48.04847740131419], [-84.80446550658134, 48.048829201395286], [-84.80412700650395, 48.04905890144967], [-84.80375180641926, 48.04932160151114], [-84.80344620635424, 48.04956440156545], [-84.80312210628627, 48.049829201624064], [-84.8028151062254, 48.05010570168341], [-84.80250730616429, 48.05038210174269], [-84.8023583061423, 48.05057160177958], [-84.80226070613867, 48.05077440181524], [-84.80223530614755, 48.05089870183495], [-84.80224650616377, 48.05099120184777], [-84.80229430618712, 48.05104950185332], [-84.8024133062259, 48.051052901846525], [-84.80282440635496, 48.05103040181793], [-84.80362060658597, 48.05084760174222], [-84.80441810681582, 48.0506537016648], [-84.80518180703308, 48.05044670158759], [-84.80592920724345, 48.05022820150964], [-84.8068154074944, 48.04997970141878], [-84.80763190772578, 48.04975230133535], [-84.80838060793502, 48.04952260125566], [-84.80883250806183, 48.04938720120807], [-84.8094029082287, 48.049266501155316], [-84.80991850838701, 48.04921220111566], [-84.8101908084756, 48.04921970109998], [-84.81048770859263, 48.04937720110472], [-84.81062720866925, 48.04960930113003], [-84.81069560872743, 48.049873801164495], [-84.81075910879483, 48.050216901210725], [-84.81078810885118, 48.05056050125915], [-84.81081850890632, 48.05089170130568], [-84.81082350897046, 48.0513485013721], [-84.8108483090364, 48.05177180143239], [-84.81087410909943, 48.05217160148924], [-84.8109180091668, 48.05256050154338], [-84.81094750922182, 48.05289280159008], [-84.81099370928531, 48.05324800163913], [-84.8110459093366, 48.05349980167269], [-84.81110090938259, 48.05370670169958], [-84.81116320941544, 48.05380010170935], [-84.81159620954068, 48.05369810166782], [-84.8122719097372, 48.05354680160411], [-84.81294510993585, 48.053416801543634], [-84.813377110064, 48.05333840150559], [-84.81372501015997, 48.05322240146724], [-84.81412901026644, 48.05305130141738], [-84.81440071031892, 48.05279670136347], [-84.81461591032952, 48.05236890128771], [-84.81464261027891, 48.05193640122288], [-84.81461811021471, 48.05152540116434], [-84.81452861011992, 48.05104340109946], [-84.81444941004425, 48.05067640105069], [-84.81442130998508, 48.05031030099891], [-84.81444370994396, 48.049957500946], [-84.81454670993993, 48.04968620090002], [-84.81469710995756, 48.04946190085798], [-84.81491660999622, 48.04922870081044], [-84.81512041002657, 48.04897170076031], [-84.8152934100407, 48.04866900070546], [-84.8154204100289, 48.048284500641465]]]}, "properties": {"OBJECTID": 37633}}, {"type": "Feature", "id": 37729, "geometry": {"type": "Polygon", "coordinates": [[[-84.13717106360635, 47.84013081124907], [-84.1371341635526, 47.83981491120452], [-84.13694176346281, 47.83960541118498], [-84.1371548635075, 47.83942401114533], [-84.13718656349177, 47.83922791111439], [-84.13734356352235, 47.839076611082525], [-84.13726636347006, 47.838869911056555], [-84.1374881635127, 47.83865161101086], [-84.13776556356983, 47.83840761095806], [-84.13817826367281, 47.838180510899676], [-84.13836556372296, 47.83810311087693], [-84.1385896637766, 47.8379624108426], [-84.1389321638609, 47.837765110792844], [-84.13914496392408, 47.83772421077402], [-84.13936866397879, 47.837592510741075], [-84.1395904640372, 47.837493410713066], [-84.13982006409755, 47.837390010683976], [-84.14046266429047, 47.83728221062939], [-84.14075366436946, 47.83717021059531], [-84.14094666442381, 47.83711091057497], [-84.14125636451202, 47.837022910543325], [-84.14144906456691, 47.83696811052359], [-84.14176856465102, 47.836825310483256], [-84.14212386475694, 47.836759810452214], [-84.14243886485043, 47.83669901042432], [-84.14274396493238, 47.83657501038761], [-84.1429940650143, 47.83658451037403], [-84.1432066650758, 47.83653131035336], [-84.14342046513694, 47.83647251033183], [-84.14368176521164, 47.83640021030543], [-84.14395856528616, 47.83628901027234], [-84.14416736533957, 47.83618391024418], [-84.14444796542425, 47.83614021022087], [-84.14467526548742, 47.836063710195894], [-84.14485176552749, 47.83593651016642], [-84.14506966559414, 47.83590931014936], [-84.14527056564987, 47.83584111012715], [-84.14549246570827, 47.83574201009914], [-84.14577136577842, 47.83559261006025], [-84.14595976582592, 47.83549261003414], [-84.14619856588313, 47.83534330999766], [-84.1464441659402, 47.83517610995817], [-84.14670296600391, 47.835027309920534], [-84.14713866610705, 47.834745609852675], [-84.14735036615427, 47.8345866098164], [-84.14749186618515, 47.834475409791395], [-84.14768076623163, 47.834366509763925], [-84.14783416625373, 47.83415990972409], [-84.14789686625359, 47.834006209697534], [-84.14797956625998, 47.83385310966991], [-84.14807446627346, 47.83372380964504], [-84.14821796628384, 47.8334529095963], [-84.14826966627238, 47.83324040956172], [-84.14830186625558, 47.83303540952936], [-84.14826626621507, 47.832816309499044], [-84.14834156620265, 47.83253910945348], [-84.14838326619821, 47.832404109430975], [-84.14841896618809, 47.832240709404594], [-84.14841786615806, 47.83201680937152], [-84.14846196614653, 47.831822209339975], [-84.14854176614286, 47.831600309302324], [-84.14850276610963, 47.83144410928151], [-84.14855276610177, 47.83126310925167], [-84.14847956605912, 47.831119609234854], [-84.1484257660084, 47.83086740920068], [-84.1483618659605, 47.83066110917392], [-84.14830386591865, 47.83048640915151], [-84.14825806588321, 47.83033010913115], [-84.14818706583412, 47.83013260910612], [-84.1481584657952, 47.829908009074536], [-84.14817416577853, 47.82974420904933], [-84.14822326577458, 47.82959460902421], [-84.14822536575413, 47.829435009000406], [-84.14818346570861, 47.82919320896711], [-84.1480697656358, 47.82892040893352], [-84.14815526563656, 47.82871780889834], [-84.14819696561393, 47.82844550885548], [-84.14825886561532, 47.82830530883099], [-84.14832416560992, 47.82810550879745], [-84.1482190655516, 47.82792070877638], [-84.14824726554096, 47.8277718087526], [-84.14834356555114, 47.82761440872353], [-84.14853876558449, 47.82739090867869], [-84.14873346561888, 47.82717640863517], [-84.1488159656258, 47.82702770860816], [-84.14894546564743, 47.826875608577865], [-84.14902986565018, 47.826691008545424], [-84.149101365648, 47.82650040851288], [-84.14911826562876, 47.82631410848426], [-84.14922006564566, 47.82619400846034], [-84.14927426564516, 47.826058108436975], [-84.14929116562595, 47.82587180840835], [-84.1494942656589, 47.825626008359706], [-84.14952576564129, 47.82541640832674], [-84.149645965652, 47.82520450828812], [-84.14966086563705, 47.82505530826508], [-84.1497133656239, 47.824828208228304], [-84.1496733655927, 47.82469000821019], [-84.1496623655674, 47.82452550818649], [-84.14973186556709, 47.82435400815694], [-84.14979246555538, 47.82411810811832], [-84.14983036554062, 47.82391430808583], [-84.14983586551277, 47.82369060805234], [-84.14975446546944, 47.82356150803805], [-84.14976886545541, 47.82342010801627], [-84.1497127654094, 47.82320950798843], [-84.14956006533556, 47.823023507969985], [-84.14916476514834, 47.82257160792674], [-84.14903036508464, 47.82241760791198], [-84.14894976504158, 47.82228850789768], [-84.14880286495561, 47.821996907863266], [-84.14863356488422, 47.82187010785464], [-84.14844696479874, 47.821678707837485], [-84.14827396471891, 47.821496707820884], [-84.14809136464322, 47.821369607813025], [-84.14780536452162, 47.821147707797266], [-84.14764176445449, 47.82103900779097], [-84.14742156435867, 47.82085130777638], [-84.14716426425986, 47.82073130777402], [-84.14696146417579, 47.82059020776531], [-84.1467635640999, 47.82049870776356], [-84.14657056402977, 47.82043880776627], [-84.14628696391938, 47.82029570776209], [-84.14604146382803, 47.82020300776309], [-84.1458634637568, 47.820098507758246], [-84.14561206366164, 47.81999210775759], [-84.14544916359296, 47.819870007749266], [-84.14516836347683, 47.819676307737446], [-84.14492246337026, 47.81947000772161], [-84.14478696331098, 47.819351907712225], [-84.14468496326211, 47.81923130770048], [-84.14454396319624, 47.81907700768603], [-84.14440266313105, 47.818928407672495], [-84.14427186306177, 47.818723807649995], [-84.1441300629976, 47.8185842076378], [-84.14401066293705, 47.81841700762022], [-84.14388646287007, 47.818213707597515], [-84.1437654628107, 47.818060007582005], [-84.14362136273729, 47.8178562075604], [-84.14354766269395, 47.8177081075429], [-84.14347596264831, 47.81753760752189], [-84.14336916259357, 47.81738430750559], [-84.1432234625214, 47.817193907486114], [-84.14308346243729, 47.816899107450794], [-84.14300656238633, 47.816701507426146], [-84.14290196232506, 47.816493007401455], [-84.14278826225248, 47.81622140736804], [-84.14273466221762, 47.816088407351536], [-84.14267936217, 47.81586320732146], [-84.14254226209589, 47.81563710729614], [-84.14247636205451, 47.81548470727751], [-84.14236856200182, 47.81534930726388], [-84.1422806619558, 47.815215507249356], [-84.14225676192329, 47.81502820722297], [-84.14206756182912, 47.81477710719713], [-84.14200206178488, 47.81460230717512], [-84.1419165617359, 47.814440407156276], [-84.14174026166107, 47.81430450714666], [-84.1415951615897, 47.81411860712779], [-84.14147396153093, 47.81396940711297], [-84.14132536146687, 47.81384760710379], [-84.14125256142147, 47.81368160708356], [-84.14111246135596, 47.81352740706911], [-84.14094986128677, 47.813400707060076], [-84.14079856121025, 47.81319110703806], [-84.14066486114515, 47.81302470702145], [-84.14040276104048, 47.812872007014526], [-84.1400825609079, 47.81265030700081], [-84.13988106082361, 47.81250360699118], [-84.13968006073598, 47.812331006977594], [-84.13938326060497, 47.81206380695581], [-84.13916686051756, 47.81193020694901], [-84.13889396040099, 47.8117142069333], [-84.13871296032211, 47.81155890692118], [-84.13855626025665, 47.81144590691382], [-84.13806996006466, 47.81117960690348], [-84.13780005995805, 47.81103120689765], [-84.13762905989032, 47.810935906893796], [-84.13732725976973, 47.81075960688574], [-84.13713475969875, 47.810691906887264], [-84.13693165961578, 47.81055970687984], [-84.13674865954103, 47.810440406873134], [-84.13642795940954, 47.81022770686079], [-84.13623655933637, 47.810140906859445], [-84.13602435924018, 47.809930906841004], [-84.13585055914628, 47.80964420680888], [-84.13574645908587, 47.80944140678511], [-84.13576765907402, 47.80930020676286], [-84.1357417590457, 47.80914880674198], [-84.1357571590296, 47.8089895067174], [-84.13567905897948, 47.80880080669408], [-84.1356678589547, 47.808640806671015], [-84.13564485892014, 47.80843550664194], [-84.13564975889395, 47.808225206610466], [-84.13547815881162, 47.80802080659047], [-84.13549785880478, 47.80792110657447], [-84.13549605880257, 47.80790870657274], [-84.13549255879785, 47.80788160656892], [-84.13545235876708, 47.80774680655138], [-84.13542695873767, 47.80758640652908], [-84.1354354587199, 47.80743140650559], [-84.13542055868486, 47.80720260647253], [-84.13542265866445, 47.80704300644876], [-84.13547465865251, 47.80682600641345], [-84.13551385863511, 47.80659870637737], [-84.13556995863284, 47.80644480635119], [-84.13568535863553, 47.80618330630545], [-84.13576875864275, 47.80603470627841], [-84.13579205862625, 47.80585300625009], [-84.13597875865922, 47.80564730620834], [-84.13610925868062, 47.80549080617729], [-84.13628635871957, 47.80535350614633], [-84.13646475875356, 47.80517570610926], [-84.13663275877926, 47.804960506067246], [-84.1368080588038, 47.8047185060208], [-84.13689075881021, 47.80456530599312], [-84.13696265880712, 47.80436680595941], [-84.13708695882534, 47.804201205927406], [-84.1372240588471, 47.804031405893944], [-84.13733955886775, 47.8039060058684], [-84.1374702588886, 47.80374500583668], [-84.13772455892739, 47.803418305772944], [-84.13786095895247, 47.80327550574359], [-84.13803905898938, 47.80312020570991], [-84.13814745900652, 47.8029856056834], [-84.13835745904112, 47.80273550563371], [-84.1385032590626, 47.8025422055963], [-84.13864365907946, 47.80232750555599], [-84.1387950590895, 47.80203430550345], [-84.13889215909823, 47.8018635054723], [-84.13908005913044, 47.80164880542916], [-84.13893565905576, 47.80143600540626], [-84.1389840590534, 47.80129990538315], [-84.13901455903805, 47.801109405353024], [-84.13907825903588, 47.80093780532377], [-84.13916475903449, 47.80071610528567], [-84.13915865901316, 47.800569705264316], [-84.13921365901291, 47.800433805240885], [-84.13920805897442, 47.8001558052], [-84.13897225886328, 47.79989010517473], [-84.1388800588104, 47.79971460515421], [-84.13873335874032, 47.79954220513741], [-84.13856115864336, 47.799228605101206], [-84.13841305856023, 47.7989606050703], [-84.1382716584973, 47.79882890505925], [-84.13811515843192, 47.79871590505189], [-84.1380095583746, 47.79854000503212], [-84.1378772583069, 47.798350005011876], [-84.13776725824285, 47.798133504986346], [-84.13748055810728, 47.79780700495506], [-84.13726265800692, 47.79757880493429], [-84.13714775795313, 47.79745220492241], [-84.13701295789072, 47.797308304909116], [-84.13689455782809, 47.797123104888776], [-84.13679315777813, 47.79699240487547], [-84.13665345770978, 47.796815704857636], [-84.13654745765355, 47.79664880483921], [-84.1364674576095, 47.79651070482351], [-84.13634255754239, 47.79630740480083], [-84.13621115747479, 47.796116204780304], [-84.1360410573894, 47.79588480475621], [-84.13594635734167, 47.79575420474249], [-84.13584745728672, 47.79557960472251], [-84.13572325722026, 47.79537970470031], [-84.13559385716253, 47.79525840469009], [-84.13549275711209, 47.79512310467606], [-84.13529145702738, 47.79497300466589], [-84.13507665692076, 47.794689804636725], [-84.13489425684502, 47.79456160462862], [-84.13469855676271, 47.79441610461874], [-84.13450345668123, 47.79427510460953], [-84.13434765661415, 47.794147504599955], [-84.13417995652408, 47.7938745045695], [-84.13407415646734, 47.79370320455041], [-84.13395165641128, 47.79357750453914], [-84.13380855635205, 47.79347830453298], [-84.13368075629111, 47.79332890451845], [-84.13355295623214, 47.7931941045061], [-84.13336065614489, 47.79300260448923], [-84.13329335610425, 47.792859204471995], [-84.13322795606183, 47.79269790445197], [-84.13306755598853, 47.79253410443728], [-84.13298735594266, 47.79238250441956], [-84.13285545587627, 47.79220150440061], [-84.13276105582797, 47.792066404386226], [-84.13267375578104, 47.79192370437027], [-84.13263405574939, 47.79178090435147], [-84.13256145570584, 47.79162840433318], [-84.13251015566627, 47.7914539043104], [-84.13243285561467, 47.79125170428496], [-84.13229245554963, 47.79110200427123], [-84.13223415550655, 47.79091830424742], [-84.13215665545731, 47.790734204224705], [-84.13220445545414, 47.79059360420105], [-84.1322369554347, 47.790367204165456], [-84.1323726554614, 47.790237804138144], [-84.13248335547576, 47.79007640410751], [-84.13258565548973, 47.78993270408007], [-84.13280225552651, 47.789682704029985], [-84.13292415553371, 47.78943940398654], [-84.13300585554218, 47.78930420396158], [-84.13308095554852, 47.78916880393701], [-84.13314975555176, 47.789025403911594], [-84.13322635555504, 47.78886310388291], [-84.13334615556447, 47.78864220384294], [-84.13361485563917, 47.78855210381345], [-84.13373095565841, 47.78841440378608], [-84.13385335568076, 47.788284703759466], [-84.13405355571933, 47.788088303718325], [-84.13414855573228, 47.78795460369273], [-84.13429215575854, 47.78780290366159], [-84.13437795575868, 47.78759470362557], [-84.13453775578307, 47.78738940358552], [-84.1346749558067, 47.78723310355408], [-84.13494195586883, 47.78705190351119], [-84.13509765590199, 47.78692300348273], [-84.1352293559208, 47.78674400344825], [-84.13532445591747, 47.78648650340436], [-84.13540925590347, 47.786173703352816], [-84.13545495588879, 47.78595100331702], [-84.13546985587388, 47.78580170329394], [-84.13546425585338, 47.78565980327327], [-84.13550545584808, 47.78551910324986], [-84.13549715581713, 47.78530520321862], [-84.13551415579788, 47.78511780318981], [-84.13554295578616, 47.78495870316445], [-84.1355452557654, 47.78479570314012], [-84.13551425571552, 47.78449340309705], [-84.13551575569433, 47.784329203072616], [-84.13549125566529, 47.7841689030503], [-84.13547325563654, 47.78399520302557], [-84.13544855560566, 47.783821403001284], [-84.13540245557132, 47.783674002982174], [-84.13540015554415, 47.78347370295255], [-84.1353400555047, 47.78332150293357], [-84.13528185546348, 47.783151302911776], [-84.13524485542617, 47.78295910288549], [-84.13508895534352, 47.782713402858306], [-84.13503045530277, 47.78254770283725], [-84.13494335525532, 47.78240050282061], [-84.13486985521388, 47.782265902805065], [-84.13464795510612, 47.7819915027776], [-84.1345816550635, 47.78183020275763], [-84.13448905501359, 47.78167830274064], [-84.13438195495768, 47.78151590272293], [-84.13427675489997, 47.78133550270247], [-84.13414235483866, 47.7811994026903], [-84.13395545475635, 47.78103170267659], [-84.13380695469047, 47.78089530266526], [-84.13365825462468, 47.7807600026541], [-84.13352955456764, 47.780642002644285], [-84.13341485451355, 47.78051210263189], [-84.13327965445217, 47.78037710261995], [-84.13315755439729, 47.780259302609785], [-84.1330626543502, 47.78013430259689], [-84.13293565428958, 47.77998490258232], [-84.132820754236, 47.77985950257059], [-84.1327335541889, 47.77971560255444], [-84.13263495413335, 47.779535402533604], [-84.1324897540626, 47.7793540025154], [-84.1323603540049, 47.77923270250517], [-84.13225235395298, 47.77910290249233], [-84.13210385388895, 47.778980002482974], [-84.13194275381736, 47.778830902470496], [-84.1318344537658, 47.77870440245819], [-84.13168515370158, 47.77858260244908], [-84.13142655360598, 47.778489602450776], [-84.13120615352712, 47.77843010245513], [-84.13099205345135, 47.778378702460365], [-84.13072905334894, 47.77824500245628], [-84.13055075328067, 47.778163002454754], [-84.13026945316625, 47.77798270244486], [-84.13004405306589, 47.77777240242713], [-84.12994225301712, 47.7776517024153], [-84.12974465293904, 47.77754220241093], [-84.12958015285835, 47.777332302389595], [-84.12944525279823, 47.77720630237894], [-84.12930355273417, 47.7770667023667], [-84.12916275267024, 47.77692590235426], [-84.12903465260995, 47.77678210234057], [-84.1289195525568, 47.776660002329336], [-84.12872475247481, 47.77651460231941], [-84.12853795239056, 47.77633220230354], [-84.12840425232774, 47.776182602289374], [-84.12813785221464, 47.77597570227458], [-84.12790695212567, 47.77586540227202], [-84.12775305205687, 47.77571980225962], [-84.12761685199757, 47.77560280225042], [-84.12741645191123, 47.77543810223794], [-84.127247851839, 47.77530230222792], [-84.12706135176984, 47.77523350222887], [-84.12682275168092, 47.77514210222957], [-84.12659135159295, 47.775040702228374], [-84.12634415150582, 47.77498390223476], [-84.12612365142927, 47.77494240224181], [-84.12588875134865, 47.77490510225037], [-84.12564485127045, 47.7749080022654], [-84.12538045118498, 47.77490590228098], [-84.12510845110134, 47.77493630230174], [-84.12489005103633, 47.77497700232085], [-84.12462395095442, 47.775006302341154], [-84.12442015089118, 47.77502490235617], [-84.12411475079472, 47.77503970237663], [-84.12380875069944, 47.77506470239869], [-84.1235203506176, 47.775148702428446], [-84.12329505054913, 47.77518020244665], [-84.12308335048627, 47.77522100246537], [-84.12285025041766, 47.77527030248667], [-84.12262375035165, 47.77532320250811], [-84.12239585029023, 47.775414202535266], [-84.12215665021843, 47.77545440255556], [-84.12190955014702, 47.775516802579624], [-84.12169655008674, 47.77558010260182], [-84.12149075002569, 47.775620002620066], [-84.12124444995275, 47.77566900264209], [-84.12099784988214, 47.775735902666774], [-84.1207664498022, 47.77569530267465], [-84.12074924979584, 47.77568920267476], [-84.12057944972621, 47.77557590266811], [-84.12041644966048, 47.77547620266309], [-84.12021804956818, 47.77526090264296], [-84.1201456495224, 47.77509040262202], [-84.11992134941998, 47.77486200260151], [-84.11970544931603, 47.77460130257572], [-84.1196070492444, 47.77429850253664], [-84.11942834917717, 47.77422540253648], [-84.11935504913521, 47.77408630252025], [-84.11923514907407, 47.77391570250205], [-84.11900854897625, 47.77372790248775], [-84.1188247489038, 47.77362760248389], [-84.11862084882485, 47.773526902481116], [-84.1183597487326, 47.773465302487615], [-84.11816614866423, 47.77342000249249], [-84.11793024858565, 47.77340060250376], [-84.11750824845494, 47.773440702534955], [-84.11722184835325, 47.77336940254152], [-84.11697274826798, 47.773331702550834], [-84.11681164823007, 47.773437902576276], [-84.11655754814129, 47.77338540258372], [-84.11629594805017, 47.77333390259176], [-84.1159313479484, 47.7734530026313], [-84.11574354789983, 47.77354390265602], [-84.11548954782678, 47.77361070268118], [-84.11530964777788, 47.773679302702156], [-84.1150920477113, 47.773706502719214], [-84.11473014760196, 47.77376160274908], [-84.11428314745937, 47.773772902777516], [-84.11386904732827, 47.77379060280495], [-84.11346854718526, 47.77368500281325], [-84.1131180470863, 47.773791002850025], [-84.11291884702753, 47.77383210286803], [-84.11263674693274, 47.77380260288057], [-84.11236764684095, 47.77376430289096], [-84.11199754671675, 47.77372690290757], [-84.11162744659269, 47.77369070292437], [-84.11128334647843, 47.7736652029412], [-84.11101444638854, 47.77364050295365], [-84.11061314624703, 47.773548302963995], [-84.11041374619057, 47.77360740298471], [-84.11012784610358, 47.773646403007646], [-84.10985964602591, 47.77371280303355], [-84.10949194591284, 47.7737542030617], [-84.10924634584015, 47.77380310308371], [-84.10906574579273, 47.77388520310671], [-84.10887864574265, 47.77396270312946], [-84.10843354562785, 47.77417990318833], [-84.10815214556335, 47.77437870323473], [-84.10790864550022, 47.77449520326662], [-84.10755144539728, 47.77458750330173], [-84.10725034532561, 47.774780103348355], [-84.10691644522417, 47.77482690337531], [-84.10642204506568, 47.77483360340595], [-84.10619204499079, 47.77482780341887], [-84.10583394487365, 47.77481440343831], [-84.10539634472761, 47.77477640345886], [-84.10488544455355, 47.774705103478865], [-84.10464794447812, 47.77471370349436], [-84.10437744439123, 47.77471600351091], [-84.10386464422305, 47.774694103538316], [-84.10357924413321, 47.774710503557905], [-84.10336974406565, 47.774709803570296], [-84.10306274395482, 47.774620003575386], [-84.10272174383609, 47.77455290358583], [-84.10252374377694, 47.77458840360296], [-84.10220304367803, 47.77462200362715], [-84.10193434358757, 47.77459270363891], [-84.10164994349557, 47.77459010365554], [-84.10120454334951, 47.77457100367933], [-84.10097924328281, 47.774616003699514], [-84.10070024319548, 47.77463600371919], [-84.10045464312103, 47.77467140373918], [-84.10024294305813, 47.77471220375792], [-84.10003564300204, 47.77479360378242], [-84.09982254293992, 47.77484340380258], [-84.09944844283977, 47.774998203848], [-84.09914594275507, 47.775095203880504], [-84.09893134269619, 47.77517310390493], [-84.09870054264067, 47.77531690394009], [-84.0985447426057, 47.77543220396655], [-84.09834984257353, 47.775664704012755], [-84.09816464253541, 47.77582870404819], [-84.09808304252633, 47.77595940407248], [-84.09796854252151, 47.77620290411552], [-84.09780554248535, 47.77632700414371], [-84.09762804244919, 47.776486804178084], [-84.09750504242822, 47.77662880420657], [-84.09738284240538, 47.77675400423244], [-84.09719454237354, 47.77697310427631], [-84.09711194238443, 47.77725790432353], [-84.09693894235288, 47.777441404361134], [-84.09687094236558, 47.7777040044042], [-84.09686214239926, 47.77798160444597], [-84.09685654242641, 47.77820080447888], [-84.09676274242653, 47.77843130451875], [-84.09677834245979, 47.778645504549594], [-84.09677134248997, 47.7788916045866], [-84.09668154248179, 47.77904910461537], [-84.09663294248641, 47.77920310464118], [-84.09666274252011, 47.77938610466655], [-84.09694934262365, 47.77947090466197], [-84.09727134273567, 47.779533004651924], [-84.09744954280393, 47.77961510465345], [-84.09750244283985, 47.77975820467153], [-84.09739684283063, 47.77994680470587], [-84.09735334284048, 47.7801279047354], [-84.09723424282711, 47.780317304770605], [-84.09715864282161, 47.78046050479642], [-84.09706734281662, 47.780646004829435], [-84.09691194279844, 47.78088850487478], [-84.09681554278815, 47.78104580490392], [-84.09676984281829, 47.78138660495728], [-84.09668534281543, 47.781571204989724], [-84.09662944281709, 47.781720505015265], [-84.0965540428112, 47.781860405040575], [-84.09646584279984, 47.78198980506506], [-84.09636424278425, 47.782119905090454], [-84.09629604277954, 47.78225100511398], [-84.09622404278244, 47.78244940514781], [-84.09624044282995, 47.78276920519433], [-84.09597044277332, 47.78299980524475], [-84.09586104277366, 47.783270405291425], [-84.095839642786, 47.78341610531438], [-84.09577524278906, 47.78359670534504], [-84.09574684279967, 47.783746705369026], [-84.0956102427906, 47.78401210541662], [-84.09557944280594, 47.784203705446906], [-84.09550524282925, 47.784561805504545], [-84.09550384284982, 47.78472150552831], [-84.09549444286901, 47.78489000555394], [-84.09542114287464, 47.78511200559132], [-84.09543384289792, 47.78525740561209], [-84.09543324293084, 47.78550830564942], [-84.09544804296573, 47.78573700568248], [-84.09546454299515, 47.785919605708614], [-84.09546854302047, 47.786102005735486], [-84.09557024306933, 47.78622380574748], [-84.09565354312224, 47.786421605771835], [-84.09570784315741, 47.786555705788516], [-84.09578804321661, 47.78680860582123], [-84.0958072432426, 47.78695870584241], [-84.09583704327827, 47.78715630586995], [-84.09589474333607, 47.78745360591064], [-84.09597634339454, 47.787697505941956], [-84.09600674344479, 47.78800420598569], [-84.09601904346908, 47.78815860600787], [-84.096028543497, 47.78834670603522], [-84.09605284352837, 47.7885251060603], [-84.09605804354915, 47.7886703060815], [-84.09607484358004, 47.78886310610916], [-84.09603804359203, 47.78904440613829], [-84.0960006436033, 47.78922120616676], [-84.09597764361865, 47.78939380619379], [-84.09577674358098, 47.78959910623626], [-84.09556684352997, 47.7897255062676], [-84.09543644350798, 47.78987740629801], [-84.0952162434622, 47.79006870633959], [-84.09500334341749, 47.79025010637924], [-84.0948098433804, 47.79044210641937], [-84.09465994335086, 47.79058450644952], [-84.09437274328195, 47.790764006493376], [-84.09426814327072, 47.79093460652495], [-84.09409154323252, 47.79107640655657], [-84.09393424320234, 47.79123220658914], [-84.0937620431691, 47.791401106624484], [-84.09355284311673, 47.79151510665398], [-84.0934031431028, 47.7917756067016], [-84.09323754307364, 47.791959306738775], [-84.09313574305662, 47.7920794067627], [-84.09293014302827, 47.7923667068177], [-84.09269314298531, 47.79262050686957], [-84.09257734296509, 47.792750306895805], [-84.0924885429549, 47.79288980692182], [-84.09220044290376, 47.793206506986095], [-84.09196234286286, 47.79347840704075], [-84.09185294284535, 47.79361290706726], [-84.09171134281478, 47.79372740709273], [-84.09153274278077, 47.793906307129966], [-84.09136764274865, 47.79406630716361], [-84.09122914272758, 47.794245107198456], [-84.09107844269955, 47.79440100723062], [-84.09094324267184, 47.794521307256566], [-84.0907125426316, 47.79477990730877], [-84.09060894262007, 47.79494600733963], [-84.09048424260233, 47.79511610737235], [-84.09027014255975, 47.79531650741497], [-84.09015904254579, 47.79548250744624], [-84.09003564252724, 47.79564360747756], [-84.0898777424963, 47.79579480750946], [-84.08966294245523, 47.79600880755408], [-84.08940564238834, 47.79613050758757], [-84.08907914230309, 47.79628200762963], [-84.08882394223194, 47.79636670765749], [-84.08858334216264, 47.79642920768113], [-84.08825654207786, 47.79658520772385], [-84.08793944198908, 47.79668740775804], [-84.0876368419043, 47.79678440779056], [-84.08744094185623, 47.79689870781925], [-84.08713684177232, 47.7970058078534], [-84.08676404166893, 47.79713360789468], [-84.08634814154307, 47.79719620792886], [-84.08603494146212, 47.797348007970164], [-84.08573444137093, 47.79739110799459], [-84.08552754131375, 47.79746350801769], [-84.08515114120196, 47.797536108051034], [-84.08486484111361, 47.7975659080726], [-84.08452404100986, 47.79761250809993], [-84.08426264093376, 47.79767450812481], [-84.08390094082557, 47.79773840815592], [-84.08358424073572, 47.797831708188745], [-84.08328794065179, 47.79791980821954], [-84.08305284058723, 47.798005008246264], [-84.08284564053058, 47.79808180827008], [-84.08244414040702, 47.798126708300806], [-84.08222064033436, 47.79812220831356], [-84.08188674024842, 47.798287008358], [-84.0815953401722, 47.79842130839533], [-84.08127854008279, 47.798517908428664], [-84.08109754003598, 47.79860550845253], [-84.08091503999205, 47.798719008480305], [-84.0805694398982, 47.79885200852074], [-84.08044673987631, 47.79898610854797], [-84.0801928398026, 47.79904820857243], [-84.07993223974236, 47.799228408614766], [-84.07965933967587, 47.799391308655316], [-84.0794231396133, 47.79949440868475], [-84.07928703958702, 47.79962820871272], [-84.07897643950082, 47.79973390874702], [-84.078756139455, 47.799925208788636], [-84.07851123939452, 47.80006520882407], [-84.07826223932838, 47.80017250885488], [-84.07809863929316, 47.80030550888443], [-84.07793123925195, 47.80040250890889], [-84.07777493921779, 47.80052570893651], [-84.07758553917422, 47.800658108967546], [-84.07718623907539, 47.800885309025155], [-84.07690643900708, 47.80105140906658], [-84.07674543896859, 47.80115300909128], [-84.07650893890649, 47.8012606091214], [-84.07629893885557, 47.80138800915288], [-84.07595903876587, 47.801539109195716], [-84.07576623871154, 47.80159830921605], [-84.07555253865034, 47.80165700923751], [-84.07525143856247, 47.801727009265974], [-84.07496403849183, 47.801894009307965], [-84.07472123842892, 47.80201050933977], [-84.07452573837973, 47.802115709367094], [-84.07434453833332, 47.80220670939146], [-84.07421283831384, 47.80238110942524], [-84.07385743820647, 47.80243620945466], [-84.07372283817718, 47.80254300947862], [-84.07348773811437, 47.80264160950734], [-84.07335883808929, 47.80276660953357], [-84.0732438380674, 47.802881809557604], [-84.07307363803181, 47.80302820958946], [-84.07296303801073, 47.80313900961254], [-84.07277703796602, 47.80325460964087], [-84.07277133796582, 47.80326680964304], [-84.07274543796521, 47.8033258096533], [-84.07266203795969, 47.80348790968237], [-84.0726068379598, 47.80362370970585], [-84.07255533797003, 47.8038271097391], [-84.07241353797087, 47.8041801098], [-84.07231883795674, 47.804304809824195], [-84.07212543791908, 47.8044922098636], [-84.07195323788767, 47.804674609900964], [-84.07183923787946, 47.804891009939915], [-84.0717132378817, 47.805216309995735], [-84.07160353788022, 47.805473310040476], [-84.07147773786642, 47.80567601007809], [-84.07130983783988, 47.805885410119245], [-84.07112813781195, 47.80611821016466], [-84.07102643779636, 47.80624831019005], [-84.07081023777339, 47.80660281025564], [-84.07072083776237, 47.80673771028097], [-84.07052543771498, 47.806856510310304], [-84.0702912376639, 47.807041710351854], [-84.07011203763089, 47.80722951039045], [-84.0699626376159, 47.80748111043676], [-84.06962823754607, 47.807769510499554], [-84.06942723750817, 47.807973610541914], [-84.06924283746798, 47.80811961057459], [-84.06899473741366, 47.808314710618376], [-84.06888663739538, 47.808440210643525], [-84.06869713734977, 47.808557910672306], [-84.06855563731882, 47.80866911069727], [-84.06854903734781, 47.80890511073273], [-84.06829303729572, 47.80913591078231], [-84.068155637272, 47.80929221081372], [-84.06794783723203, 47.80949721085659], [-84.06782533720963, 47.80962681088316], [-84.06771313719773, 47.80981071091718], [-84.06756083717285, 47.8099947109536], [-84.06733853713095, 47.81022071100044], [-84.06708293709357, 47.8105618110664], [-84.06686283704525, 47.81073391110511], [-84.06663153699034, 47.81088321114108], [-84.06644633695169, 47.811042711175844], [-84.0662241369094, 47.811265411222244], [-84.06600993686673, 47.81146581126478], [-84.06585153683854, 47.811639511300065], [-84.06572233681392, 47.811768911326986], [-84.06556853679204, 47.81197871136734], [-84.06547993678124, 47.81211371139267], [-84.06535383676612, 47.81230731142895], [-84.0651958367525, 47.8125902114804], [-84.06497713670346, 47.81275331151769], [-84.06474993666922, 47.81304901157516], [-84.06466363666942, 47.813261611611885], [-84.06454913666401, 47.81350051165419], [-84.06448463666703, 47.81368111168487], [-84.0642799366208, 47.8138311117194], [-84.06408433658959, 47.81407251176694], [-84.06397433657301, 47.81421591179482], [-84.06380873654369, 47.81439841183182], [-84.06369753652972, 47.814564311863045], [-84.06357543650624, 47.81468491188825], [-84.06334713646078, 47.814898411933626], [-84.06314393642707, 47.81513961198159], [-84.06298423640139, 47.81533571202024], [-84.06286063638102, 47.815483312049544], [-84.06268273634532, 47.815647512084595], [-84.06251423632168, 47.815880512129226], [-84.06238243630236, 47.81605601216319], [-84.06219393627028, 47.81627391220678], [-84.06207033624989, 47.81642151223608], [-84.06196913623329, 47.81654271226016], [-84.06190003623003, 47.81668711228572], [-84.06180933623892, 47.816976112334], [-84.06172173624168, 47.81721131237416], [-84.0616200362416, 47.817459512417074], [-84.06155013623993, 47.817617412444704], [-84.06150113624506, 47.81777591247117], [-84.06138833623412, 47.81796881250655], [-84.06129353622013, 47.81809461253088], [-84.0610248361759, 47.818416212594684], [-84.06083823613987, 47.81859931263304], [-84.06066053610363, 47.81875891266733], [-84.06045203606507, 47.81897631271206], [-84.06040263606883, 47.81912581273722], [-84.06036303608609, 47.819353112773335], [-84.06034613610463, 47.81953491280132], [-84.06034223612993, 47.819736212831444], [-84.06032743614422, 47.819880912853755], [-84.06029643615776, 47.82005901288208], [-84.06024023616168, 47.820226312910236], [-84.06009893614562, 47.820449912951844], [-84.06004063615202, 47.82064071298369], [-84.05996513616351, 47.8209122130285], [-84.05985153615423, 47.821119613066045], [-84.05973103616071, 47.82146301312422], [-84.0596755361613, 47.82160331314835], [-84.05964153618275, 47.82184881318683], [-84.05959893619051, 47.82201191321357], [-84.05955833620983, 47.82225721325241], [-84.05949483621079, 47.82241981328031], [-84.05929013621329, 47.82293881336956], [-84.05922073621052, 47.82308771339581], [-84.05917183621332, 47.82322821341964], [-84.05904373620406, 47.82347131346334], [-84.05895583620735, 47.823710913504144], [-84.05891953621588, 47.82386411352903], [-84.05884893621764, 47.8240501135609], [-84.05879113622282, 47.82423091359112], [-84.0586374362005, 47.824437313630995], [-84.05858813620418, 47.82458561365591], [-84.05844783618622, 47.824792413695], [-84.05829413616387, 47.82499881373485], [-84.05809123613147, 47.8252490137841], [-84.05808993614959, 47.82538951380501], [-84.05807263616879, 47.82557691383386], [-84.0580102361833, 47.82583971387661], [-84.0579192361771, 47.82601511390808], [-84.05783113618095, 47.826259213949534], [-84.05771263616772, 47.82644851398476], [-84.05752143614087, 47.82671251403532], [-84.05742923613727, 47.82691031407022], [-84.05730743612887, 47.82714461411226], [-84.05711883609871, 47.827377114158026], [-84.05700933608111, 47.82751151418455], [-84.05681023603911, 47.82767961422138], [-84.05668133601581, 47.82781811424966], [-84.05646513597488, 47.828036414294964], [-84.0563012359419, 47.828187414327196], [-84.05618613592003, 47.828302614351166], [-84.05600913588222, 47.82844881438345], [-84.05587263585643, 47.82858701441218], [-84.05569453581884, 47.82873771444514], [-84.05544923576058, 47.82889561448327], [-84.05524443571433, 47.82904561451775], [-84.05506843567267, 47.82916031454535], [-84.05489803563523, 47.82929321457524], [-84.0546943355868, 47.82942411460686], [-84.05453213555023, 47.82954371463432], [-84.05432023550281, 47.829702514670544], [-84.05414953546591, 47.82983981470115], [-84.05396633542487, 47.82997691473248], [-84.05383173539543, 47.83008251475618], [-84.05370123537338, 47.830234414786524], [-84.05352233533735, 47.83039861482162], [-84.05334553531473, 47.830659514870916], [-84.05318743528545, 47.83082421490478], [-84.05305763526188, 47.83096261493311], [-84.05288983523481, 47.83116751497352], [-84.05279503522084, 47.831293314997886], [-84.05271333521156, 47.831422815021945], [-84.0525889351927, 47.83158391505331], [-84.05249973518293, 47.83172781508002], [-84.05242023518475, 47.831936115115646], [-84.05244773522507, 47.83217421514931], [-84.05249133526395, 47.83236201517455], [-84.05253343530588, 47.832576815203936], [-84.05248513530945, 47.8327218152283], [-84.05263763536529, 47.83277191522661], [-84.05263923537962, 47.832876515242006], [-84.05266383540813, 47.83303241526365], [-84.05272933545177, 47.83320281528501], [-84.0528467355315, 47.83351961532496], [-84.05291223557515, 47.83369001534632], [-84.05305933564183, 47.83383551535912], [-84.05319433570382, 47.83397511537171], [-84.05334733577422, 47.83413421538614], [-84.05359123587053, 47.83426761539132], [-84.0538419359824, 47.83450241541117], [-84.0540114360527, 47.83462031541848], [-84.05413303610854, 47.834746015429836], [-84.05445343624008, 47.83495901544229], [-84.05440563624262, 47.83509501546533], [-84.05468763635385, 47.835248415471156], [-84.05485933641994, 47.83532931547288], [-84.05503443649455, 47.83546651548273], [-84.05513853655616, 47.83567841550793], [-84.05530063662398, 47.83579621551569], [-84.05562263675249, 47.83598211552401], [-84.05577183681689, 47.836105215533294], [-84.05598193689917, 47.836215215537045], [-84.05619113698539, 47.83635661554544], [-84.05646583709782, 47.83653691555574], [-84.05672963719888, 47.836657315557815], [-84.05692263727083, 47.836730815557154], [-84.05713943735537, 47.83684101556051], [-84.0573402374274, 47.83689561555658], [-84.05758483752035, 47.837002015557694], [-84.05795733765625, 47.837120615552976], [-84.05820453774412, 47.83718211554731], [-84.05839853781386, 47.837236515543765], [-84.05860973789419, 47.83732851554476], [-84.05889003799523, 47.83740881553986], [-84.0591221380822, 47.83750021553953], [-84.05941533818864, 47.837589915535276], [-84.05963523826708, 47.83764611553039], [-84.05993863836834, 47.83767191551605], [-84.06022423847456, 47.837778115514695], [-84.06048403857011, 47.837866915512315], [-84.06069463865141, 47.83796791551471], [-84.06097133875973, 47.83811221551951], [-84.06123043885496, 47.83819981551696], [-84.06148783895519, 47.83833011552088], [-84.06169243903321, 47.83842081552207], [-84.06184783910079, 47.83855301553236], [-84.0621110392052, 47.838700415538455], [-84.06235433930091, 47.83883031554312], [-84.06255913938031, 47.838931215545834], [-84.06261003942035, 47.83911021556933], [-84.0627444394816, 47.83924521558129], [-84.0629497395756, 47.839455215600125], [-84.06310243964887, 47.839636815617915], [-84.06323903972118, 47.83985061564141], [-84.06336073977887, 47.83998991565478], [-84.06350663984814, 47.84015781567095], [-84.06362713990794, 47.8403161156872], [-84.06373173996671, 47.84050551570903], [-84.06378704001362, 47.840725115738245], [-84.06388824007912, 47.84097401576912], [-84.06393274011656, 47.84114841579231], [-84.06414064020547, 47.8413134158043], [-84.06409974022529, 47.84156321584381], [-84.06415014026638, 47.84175121586862], [-84.06420974030459, 47.84189451588635], [-84.06431024035606, 47.8420388159017], [-84.0644443404178, 47.84217831591435], [-84.06457984047879, 47.84230891592557], [-84.06470674053948, 47.8424583159401], [-84.06483664059625, 47.842570815949024], [-84.06499764066628, 47.84270761595965], [-84.06518244073918, 47.842807915963505], [-84.06532974080577, 47.84295231597604], [-84.06549084087764, 47.84310261598869], [-84.06565944095, 47.843238515998706], [-84.0657609409995, 47.84336491601137], [-84.06595474108555, 47.843543016026196], [-84.0660539411377, 47.84369521604281], [-84.06619024119716, 47.84381221605197], [-84.06628034125373, 47.84402041607742], [-84.06634694129346, 47.84415821609387], [-84.06653534137304, 47.84430021610366], [-84.06670574144185, 47.84440471610891], [-84.06684764150546, 47.844539916120425], [-84.06701054157378, 47.844658816128316], [-84.0675358417672, 47.844839816123674], [-84.06768594182816, 47.84493471612877], [-84.06781574188493, 47.84504711613763], [-84.06804444197883, 47.845199216146504], [-84.06824394205162, 47.84526281614396], [-84.06871064220496, 47.84528371611908], [-84.06891444228465, 47.84538901612251], [-84.06914594237277, 47.84549051612365], [-84.06934724244375, 47.845536116118346], [-84.0696401425489, 47.845616716112744], [-84.06985174261493, 47.84559961609756], [-84.07017634272061, 47.84560681607915], [-84.070400142793, 47.84560801606595], [-84.07061774286035, 47.84558651604973], [-84.07085964294338, 47.84562421604077], [-84.07111664302899, 47.845644216028326], [-84.07139394311865, 47.84564571601194], [-84.07163814319706, 47.845642915996876], [-84.07186144327049, 47.84565311598502], [-84.0720713433377, 47.84564941597191], [-84.07233374342627, 47.845678615960495], [-84.07260294351879, 47.84572141595073], [-84.07287784361314, 47.845764415940636], [-84.07316114370852, 47.845794115928015], [-84.07338164378764, 47.84585491592386], [-84.07365554388412, 47.84591581591646], [-84.07386194396051, 47.84598971591507], [-84.07406014403583, 47.84607571591587], [-84.07425234410752, 47.8461492159153], [-84.07452894421647, 47.84629801592075], [-84.07477184431305, 47.846435815926625], [-84.07507724442824, 47.846561715926974], [-84.07533504452616, 47.84667281592802], [-84.07557714462442, 47.84682521593607], [-84.07574134468997, 47.846920515940376], [-84.07592564476212, 47.84701631594351], [-84.07610124483621, 47.847147915952476], [-84.07627944490696, 47.847248015956616], [-84.07652924500522, 47.84738151596145], [-84.076699645074, 47.8474859159667], [-84.07692384516153, 47.84760071597027], [-84.07718344525583, 47.84768041596654], [-84.077367145329, 47.84778521597104], [-84.07755974540206, 47.84786771597175], [-84.07773144546825, 47.84794971597362], [-84.07791754553666, 47.84801291597183], [-84.07817454563612, 47.848137615974856], [-84.07846734574363, 47.84823611597194], [-84.07870684583135, 47.848315315969344], [-84.07897404592798, 47.84839411596499], [-84.07919164601101, 47.84849071596628], [-84.07940454609005, 47.84856921596511], [-84.07960394616299, 47.84863391596274], [-84.0798432462511, 47.84871651596069], [-84.08005014632649, 47.84878141595788], [-84.08024044640234, 47.84889081596267], [-84.0803905464651, 47.848999215969734], [-84.08060054654803, 47.849113715974106], [-84.08077074661732, 47.84922261598008], [-84.08101574671163, 47.84933791598248], [-84.08115064677203, 47.8494651159932], [-84.08124464682128, 47.84960811600881], [-84.08147554694234, 47.84996041604713], [-84.08152844697835, 47.85010341606521], [-84.08157274701634, 47.850282316089015], [-84.08164384706483, 47.85047531611339], [-84.08175234713156, 47.85071541614245], [-84.08178964716788, 47.85089861616735], [-84.08179594718865, 47.85104041618798], [-84.08175174719777, 47.851217016216836], [-84.08159784717606, 47.8514280162573], [-84.08146684715507, 47.85158891628902], [-84.08132834713345, 47.851763116323134], [-84.0812389471242, 47.851911516350434], [-84.08112014711197, 47.852108716386795], [-84.0809762470856, 47.852260316417905], [-84.0808058470482, 47.852393216447815], [-84.08068984702795, 47.852523016474024], [-84.08059334701765, 47.85268031650307], [-84.08046364699396, 47.85281761653121], [-84.08035414697821, 47.85296551655968], [-84.08027024697378, 47.85313661659012], [-84.0800453469368, 47.8534053166434], [-84.07989274691053, 47.85357921667833], [-84.07978254689634, 47.85374061670882], [-84.07966504687919, 47.85389731673908], [-84.07952914685248, 47.85402661676639], [-84.0794865468603, 47.85418981679311], [-84.07939824684888, 47.8543191168176], [-84.07932884684624, 47.854468116843876], [-84.07929314685573, 47.854626916869535], [-84.07925954686503, 47.854779016894064], [-84.07925504686627, 47.85479921689731], [-84.07930244692352, 47.85511641694145], [-84.07929874692516, 47.85513771694485], [-84.07937304698079, 47.855376916975864], [-84.07952134704728, 47.855517916987836], [-84.07969984711562, 47.855598916989145], [-84.08007724725981, 47.85576831699163], [-84.0803003473476, 47.8558875169959], [-84.08045594741513, 47.85601861700602], [-84.08071154751961, 47.85618481701528], [-84.08099594762857, 47.85631461701749], [-84.08124624772597, 47.85644021702109], [-84.08153834783508, 47.856552217020166], [-84.08172394790454, 47.85662441701972], [-84.08200244800975, 47.85674061702026], [-84.08246924817881, 47.85687961701287], [-84.08267314825851, 47.856984817016226], [-84.08295264836174, 47.857083017013984], [-84.08318504844833, 47.85717101701309], [-84.08338554851908, 47.85721661700784], [-84.08365784862112, 47.857323617007324], [-84.08384374869023, 47.85739241700638], [-84.08419134881441, 47.85748331699902], [-84.08449814892516, 47.8575721169938], [-84.08480864904395, 47.85771261699598], [-84.08500724912076, 47.8578088169983], [-84.08524864920486, 47.85785541699074], [-84.08551344930441, 47.85796221699065], [-84.08572154937762, 47.85800791698499], [-84.08590714944724, 47.858081216984715], [-84.0860774495166, 47.85819011699061], [-84.0862180495812, 47.858335417003694], [-84.08633974963892, 47.85847461701706], [-84.08641994968261, 47.85860941703216], [-84.08660654976818, 47.858800817049335], [-84.08673364982886, 47.85894911706373], [-84.08682674987973, 47.859106717081445], [-84.08694064993567, 47.85925131709604], [-84.08704794998924, 47.859394617110816], [-84.08717165005685, 47.859603617134404], [-84.08728665011057, 47.85972911714607], [-84.08738065015982, 47.8598720171616], [-84.08753905023757, 47.86007291718184], [-84.08759415028503, 47.86029701721178], [-84.08763985032226, 47.86046691723421], [-84.08771335036379, 47.8606015172497], [-84.08787215044089, 47.86079671726909], [-84.08809175053779, 47.86099341728506], [-84.08829335062231, 47.86114031729474], [-84.0885215507177, 47.86130461730537], [-84.0886298507712, 47.86144461731967], [-84.08873765082201, 47.86156541733109], [-84.08887755088995, 47.86173771734819], [-84.08899565095318, 47.861927417369216], [-84.08906855099812, 47.86208891738877], [-84.08918335105238, 47.86221891740114], [-84.08929855110573, 47.86234111741229], [-84.08948625118671, 47.86249541742393], [-84.08975995130189, 47.86269801743753], [-84.09000385139899, 47.86283691744344], [-84.09020875147664, 47.8629242174441], [-84.09038005154383, 47.86301401744714], [-84.09055055161282, 47.86311961745253], [-84.09071365168106, 47.86323731746016], [-84.0908903517531, 47.86335081746636], [-84.09116865185894, 47.86347151746759], [-84.09139215194799, 47.86359971747316], [-84.0916004520189, 47.863627517464785], [-84.09191225211936, 47.863626317445906], [-84.09215265220563, 47.86369201744121], [-84.09237255228625, 47.863765017438816], [-84.09262105237204, 47.863807317430194], [-84.0928699524568, 47.86384061742018], [-84.09310315254189, 47.863915117417214], [-84.09334565262394, 47.86394371740691], [-84.09355085270117, 47.864026517406884], [-84.09379395279963, 47.86417771741469], [-84.09404315289962, 47.864325717421636], [-84.09429185300051, 47.864481617429774], [-84.09450125308697, 47.86462411743837], [-84.09471945318703, 47.86484781745839], [-84.09481985323916, 47.86499651747439], [-84.09486575328971, 47.86526651751164], [-84.09486775333507, 47.8656040175615], [-84.09474555334549, 47.86598001762448], [-84.0946497533475, 47.86622841766704], [-84.0945879533473, 47.86637761769286], [-84.09454405335596, 47.866549717720986], [-84.0945207533719, 47.86672681774857], [-84.09452965340314, 47.86694081777975], [-84.0945763534522, 47.86719731781491], [-84.09458675348048, 47.86738541784215], [-84.09461775351411, 47.86756391786672], [-84.09469545356302, 47.86774361788866], [-84.0947611536068, 47.86791401790994], [-84.09489335367286, 47.86809051792816], [-84.09498405372894, 47.86829301795273], [-84.09507205377464, 47.86842351796677], [-84.09519875383639, 47.868580817982476], [-84.09534665390397, 47.868730717995795], [-84.09554905398679, 47.86886291800322], [-84.09571885405725, 47.86898081801045], [-84.09589455413152, 47.8691135180196], [-84.09612555422129, 47.869228418022736], [-84.09631725429647, 47.869328818026105], [-84.09654695438878, 47.86946621803264], [-84.09670975445573, 47.869574918038964], [-84.09683855453099, 47.86982901806887], [-84.09693125458296, 47.86999551808799], [-84.0970020546302, 47.87017951811098], [-84.09708755468105, 47.87035491813181], [-84.09712515471686, 47.87053361815601], [-84.09722685476643, 47.870659918168634], [-84.0973542548266, 47.870803718182266], [-84.0974627548778, 47.8709257181938], [-84.09767685497039, 47.87110311820726], [-84.09777755502198, 47.87124741822258], [-84.09794525509666, 47.87140241823547], [-84.0980976551711, 47.8715929182545], [-84.09820575522322, 47.87172271826725], [-84.09832515528389, 47.87189001828485], [-84.09846315535607, 47.87209821830737], [-84.09856975541139, 47.87225611832437], [-84.09870175547799, 47.87243711834324], [-84.09883015553804, 47.87257761835633], [-84.09888305557455, 47.872724018374846], [-84.09894275561274, 47.87286721839242], [-84.09902265567504, 47.873142618428425], [-84.09912025573281, 47.873340718451885], [-84.09922635578921, 47.87350761847023], [-84.09932795583875, 47.87363391848287], [-84.0994367559055, 47.873872918511694], [-84.09948105594351, 47.87405171853549], [-84.09957405599503, 47.87421381855393], [-84.09960625602612, 47.87436981857509], [-84.09960995605029, 47.87454311860051], [-84.09965255609208, 47.87475451862926], [-84.09964875611561, 47.87494121865715], [-84.0996705561524, 47.875165518689016], [-84.09970445619592, 47.87541161872344], [-84.09974905623345, 47.875585918746545], [-84.09988215629986, 47.875762518764716], [-84.09990565633109, 47.87594081878971], [-84.09991605634353, 47.87600971879927], [-84.10013485642457, 47.87608831879776], [-84.10033605649616, 47.87613841879312], [-84.1007194566267, 47.876189618777644], [-84.10094355669901, 47.87618971876423], [-84.1011809567758, 47.876191118750185], [-84.10165765692331, 47.87614351871455], [-84.10187605699137, 47.87612541869871], [-84.10218255708715, 47.87610161867685], [-84.10241445715725, 47.876065818657594], [-84.10305485735816, 47.876022318612705], [-84.10341615747038, 47.87598971858619], [-84.10395055764467, 47.87600321855616], [-84.10421295773557, 47.87605021854735], [-84.1044765578221, 47.87606141853319], [-84.10483835793335, 47.87601981850528], [-84.1050885580155, 47.876030618491846], [-84.1054070581186, 47.8760330184731], [-84.10573945822455, 47.87602331845169], [-84.1061345583491, 47.87600061842462], [-84.10648885845787, 47.87595891839719], [-84.10686285857803, 47.87595481837411], [-84.1071810586816, 47.875961718356045], [-84.10752605879347, 47.87596581833596], [-84.10791905892222, 47.87598021831447], [-84.10818195901032, 47.8760048183023], [-84.10864335915939, 47.87600621827484], [-84.10900805928065, 47.876033418256974], [-84.10937895940516, 47.87606971824009], [-84.10967875949679, 47.87603111821633], [-84.10988395956012, 47.87600921820079], [-84.11018535965044, 47.87595721817502], [-84.11053995975878, 47.87591101814684], [-84.11081275984414, 47.87589081812748], [-84.11108485992906, 47.875869518108026], [-84.11130725998699, 47.87576481807916], [-84.11160656008157, 47.87574981805896], [-84.11200926020614, 47.875709318028775], [-84.11224736028136, 47.875697318012726], [-84.11253806037597, 47.875703417996185], [-84.11278826045812, 47.875714217982726], [-84.11303946053825, 47.87570701796657], [-84.11336486064494, 47.87571971794892], [-84.11370406075295, 47.87570901792695], [-84.11409886087792, 47.875690817900555], [-84.11439936096801, 47.87563871787485], [-84.11483146111179, 47.87567201785381], [-84.11529876126477, 47.87568821782816], [-84.11553306133204, 47.87562551780481], [-84.11590566145289, 47.87563031778314], [-84.11609836152407, 47.87569811778161], [-84.11648076165662, 47.87576731776886], [-84.11675556175395, 47.87583261776205], [-84.11696686183676, 47.8759425177656], [-84.11717516190764, 47.87597021775717], [-84.1173984619816, 47.87598481774598], [-84.11769026209181, 47.87610571774629], [-84.11795746218681, 47.876172017740075], [-84.11831736231805, 47.87628561773528], [-84.11854326240257, 47.876373417734705], [-84.11881036249976, 47.87645661773097], [-84.11919776263814, 47.87655731772262], [-84.11948226273151, 47.87656901770729], [-84.1197296628193, 47.876629117701306], [-84.11996896290822, 47.87671721769994], [-84.12021906300659, 47.87685061770468], [-84.12039096307292, 47.87693251770651], [-84.12072156320073, 47.87709151771017], [-84.12091056327978, 47.87722781771899], [-84.12119666338572, 47.877330617717], [-84.121464163482, 47.877405817712095], [-84.12172196358054, 47.877521417713666], [-84.12190376365844, 47.87766651772423], [-84.12211326374499, 47.87780901773277], [-84.12230546381717, 47.877885817732576], [-84.12272926397833, 47.87806961773433], [-84.12294696406377, 47.87818411773818], [-84.1231376641392, 47.878289017742254], [-84.123337864213, 47.878358117740476], [-84.12355816429313, 47.87842661773738], [-84.1237421643664, 47.878531317741825], [-84.12401026447563, 47.878702217751], [-84.12425556457008, 47.878817417753304], [-84.12452366467924, 47.878988417762535], [-84.12473356476515, 47.87912521777011], [-84.12490536483143, 47.87920711777192], [-84.12516736493745, 47.87936891778012], [-84.12531746500086, 47.87948171778781], [-84.12564796512906, 47.879644117792], [-84.12585206520885, 47.879749317795316], [-84.12608846530352, 47.87988791780157], [-84.12633846540427, 47.88003921780899], [-84.12654406548101, 47.880117517808195], [-84.12664476553267, 47.880261717823515], [-84.12675296558481, 47.88039151783617], [-84.12696716567766, 47.880570117849786], [-84.12719276577893, 47.88078491786799], [-84.1273613658521, 47.880926317878796], [-84.12775596600969, 47.881154417888865], [-84.12792786607604, 47.881236317890654], [-84.12830766621434, 47.881354917885396], [-84.12862276632424, 47.88141671787557], [-84.12893596644021, 47.88152911787342], [-84.12920846654053, 47.88162251787083], [-84.12962516670237, 47.88182861787629], [-84.12978756677036, 47.88194631788394], [-84.12993046683263, 47.88206791789334], [-84.13015906692777, 47.88222881790343], [-84.1303423670026, 47.882347017909886], [-84.13055936708973, 47.88247611791599], [-84.13073496716449, 47.88261211792557], [-84.13088556722685, 47.88271601793187], [-84.13106216729949, 47.88283401793872], [-84.1312124673606, 47.8829288179437], [-84.13135546742288, 47.88305051795313], [-84.13152426749555, 47.883187417963235], [-84.13174526759056, 47.88336621797641], [-84.1319421676693, 47.88348021798145], [-84.13214276775824, 47.88366291799642], [-84.13251776790649, 47.8838679180042], [-84.13268666797903, 47.88400371801416], [-84.13302646812006, 47.88424051802875], [-84.1331249681764, 47.88442521805018], [-84.13342426828727, 47.88453281804808], [-84.13357396835177, 47.884654618057105], [-84.1337767684361, 47.88479691806603], [-84.13398916851483, 47.884874118064644], [-84.13432146863948, 47.88500501806401], [-84.13457356873376, 47.885102418063305], [-84.13482606882756, 47.885195318061896], [-84.1351290689305, 47.88523431804941], [-84.13539496903049, 47.885341018049225], [-84.13564996911899, 47.88538791804086], [-84.13593666922394, 47.88548161803747], [-84.13613786929368, 47.8855181180308], [-84.13643396939517, 47.88556261801957], [-84.13672666948742, 47.88554621799956], [-84.13698786956284, 47.88547961797399], [-84.13741796969514, 47.885430717940885], [-84.13767126977096, 47.885386317919114], [-84.13778966981805, 47.88545341792195], [-84.13790036986504, 47.88553831792785], [-84.13811606992071, 47.88543341789937], [-84.13833226997728, 47.88533411787169], [-84.13857067003377, 47.8851803178346], [-84.13892577010886, 47.88488321776928], [-84.13908537013654, 47.884703817733175], [-84.13920257015171, 47.884533517700895], [-84.13934507018071, 47.8844054176734], [-84.13958577021852, 47.88410541761456], [-84.13971057021794, 47.88379811756159], [-84.13988877023894, 47.88352351751028], [-84.1399848702498, 47.88337181748206], [-84.14004847024617, 47.88319011745132], [-84.14022697028254, 47.88303031741694], [-84.14043137031346, 47.88276651736564], [-84.14070237036847, 47.88252241731328], [-84.14084467039783, 47.88239771728627], [-84.14105917043976, 47.88219271724304], [-84.14116827045788, 47.88206381721743], [-84.14128507047411, 47.88190241718651], [-84.14136067047934, 47.881758117160615], [-84.14151247050518, 47.88158411712574], [-84.141683070542, 47.88144661709514], [-84.14183107057556, 47.88134011707046], [-84.14209157063628, 47.88116431702884], [-84.1423233706906, 47.88101031699212], [-84.14255637074412, 47.880847416954], [-84.14270497077669, 47.88073181692793], [-84.142839970805, 47.88061711690287], [-84.14301007084107, 47.88047501687162], [-84.1432225708891, 47.88032061683602], [-84.1434136709294, 47.880160016800744], [-84.14354307095348, 47.880027116773334], [-84.14389267102379, 47.879707316704994], [-84.14379187097214, 47.87956311668971], [-84.14362657085955, 47.879116916633635], [-84.14364277084184, 47.87894411660711], [-84.14358347080245, 47.87879191658815], [-84.14353117076242, 47.878617416565454], [-84.14347997072215, 47.87843841654205], [-84.14342137068125, 47.878272716521074], [-84.14339517065325, 47.878125816500926], [-84.14336977062574, 47.877980116480856], [-84.14329747057917, 47.87780511645931], [-84.14319077052379, 47.8776472164424], [-84.14321887049724, 47.87737901640102], [-84.1431331704463, 47.87720371638021], [-84.14304637039977, 47.877064316364766], [-84.14298847035553, 47.87687171633976], [-84.14288327029703, 47.87668681631875], [-84.14300437030617, 47.876461516278134], [-84.14309907032, 47.87633561625381], [-84.14308097029111, 47.87616191622919], [-84.14309747027289, 47.87598461620195], [-84.14310207024724, 47.875780016171426], [-84.14312867022375, 47.875538816134124], [-84.14317057021682, 47.875384616108796], [-84.14334207023565, 47.875109916057795], [-84.14340107022532, 47.87488871602153], [-84.14333557018276, 47.87472731600162], [-84.14330937015482, 47.87458041598144], [-84.14325667011762, 47.8744284159621], [-84.14327877010379, 47.874270415937396], [-84.143323470091, 47.874065615904385], [-84.1433983700978, 47.87393471588053], [-84.14351467011704, 47.87379701585319], [-84.1433604700134, 47.87339161580243], [-84.14351377003608, 47.873189615763316], [-84.14364767005071, 47.87297471572348], [-84.14373497004766, 47.87273951568344], [-84.14379597003308, 47.872481215641514], [-84.14389297004227, 47.8723149156111], [-84.14399447004385, 47.872080015570205], [-84.14415417006916, 47.8718826155314], [-84.14419857005703, 47.8716835154993], [-84.14426437005056, 47.87147481546442], [-84.14435197004701, 47.871235115423694], [-84.1444850700632, 47.871033715385884], [-84.14455157005335, 47.870798015347], [-84.14463347004556, 47.87054021530394], [-84.14460806999962, 47.87025611526343], [-84.14471816999745, 47.869972015214785], [-84.14466906995294, 47.869756015185715], [-84.14457536990254, 47.86960401516887], [-84.14495326996388, 47.86914771507861], [-84.14511816997819, 47.86885481502539], [-84.14521966997795, 47.86860651498253], [-84.145262869952, 47.86830611493542], [-84.145313069946, 47.86813861490766], [-84.14529406990293, 47.86786031486763], [-84.14537496989718, 47.86762051482724], [-84.145459069901, 47.86744491479621], [-84.14546166986125, 47.86713901475077], [-84.14537306978397, 47.866772314701805], [-84.14542416977407, 47.86657341466929], [-84.14543886975946, 47.86642751464681], [-84.14541296973283, 47.866289614627995], [-84.14532496967087, 47.86603661459578], [-84.14528786963336, 47.86584451456958], [-84.14524186959837, 47.86569261454986], [-84.1451861695495, 47.8654595145187], [-84.14519446951579, 47.865185214477606], [-84.14518886949529, 47.865044514457125], [-84.14514716945139, 47.86481511442566], [-84.1451422694274, 47.864646314400986], [-84.14514656940223, 47.86444621437107], [-84.14520366937968, 47.86413711432191], [-84.14503776930084, 47.863946314303654], [-84.14509406929797, 47.86378801427682], [-84.14528596932051, 47.86349131422139], [-84.14530266930176, 47.863309414193424], [-84.14551216932152, 47.86294911412749], [-84.14565296933782, 47.86272981408659], [-84.14561616929974, 47.86253211405954], [-84.14559866925359, 47.86222681401536], [-84.14556526922449, 47.86208871399696], [-84.14542916914809, 47.86184351396885], [-84.14521906903067, 47.861469413926045], [-84.1451448689738, 47.86122121389378], [-84.1449457688818, 47.861011613874695], [-84.14488596884347, 47.8608683138571], [-84.14469046875998, 47.860713913845984], [-84.14449566867708, 47.86056291383531], [-84.14432956859878, 47.860376513817705], [-84.14430636856467, 47.86017571378939], [-84.14426706853185, 47.860024013769284], [-84.14406856844064, 47.85981891375083], [-84.14392066837249, 47.85966451373685], [-84.14370896827452, 47.85944101371649], [-84.14352006817731, 47.85916751368735], [-84.14344836813159, 47.858997013666404], [-84.14329266806385, 47.858864913656205], [-84.14318356799754, 47.85863051362805], [-84.14311026795306, 47.85847341360917], [-84.1429448678732, 47.858273613589574], [-84.14285286782145, 47.85810711357041], [-84.14260156770752, 47.85785911354878], [-84.14246266763692, 47.85766441352828], [-84.14203026742769, 47.85713851347642], [-84.14198776738549, 47.856923713447124], [-84.1418058672918, 47.85665941341896], [-84.14162486721044, 47.856486213404196], [-84.14146606713513, 47.85630451338684], [-84.14116406697993, 47.85586851334039], [-84.14099746690268, 47.85569111332414], [-84.1408575668341, 47.85551441330637], [-84.14079286679006, 47.85533961328434], [-84.14055046667364, 47.855051213256225], [-84.14033136657508, 47.854841113238265], [-84.14016966650362, 47.854695313226394], [-84.14000406642431, 47.854500013207385], [-84.139897466369, 47.85434211319045], [-84.13971486627685, 47.854091313164254], [-84.13961556622228, 47.85392121314505], [-84.13954186617885, 47.85377311312755], [-84.13939146610197, 47.853559113104865], [-84.13927836604219, 47.8533830130856], [-84.13914246596717, 47.85314801305892], [-84.13902436590152, 47.85294031303529], [-84.13894856584835, 47.852723613007726], [-84.1389566658316, 47.852577512985626], [-84.13885546576478, 47.85231971295354], [-84.13880276572587, 47.85215421293215], [-84.13882406568152, 47.85176771287362], [-84.13879166565039, 47.85161171285246], [-84.13886876565253, 47.8514404128225], [-84.13892386563425, 47.8511684127789], [-84.13908266566348, 47.851002512744785], [-84.13927316568868, 47.85072941269287], [-84.13940796571741, 47.8506180126683], [-84.13965406577577, 47.850459912630086], [-84.13983016581695, 47.85034171260203], [-84.14005046586259, 47.85015031256043], [-84.14029046591544, 47.84996501251858], [-84.14044766594786, 47.84982721248872], [-84.14062376598709, 47.84969431245849], [-84.14079576602072, 47.8495299124238], [-84.14091216603748, 47.84937301239358], [-84.14117796610293, 47.84921991235491], [-84.14127596611188, 47.849049112323755], [-84.14139916611445, 47.848768712274804], [-84.14153106613325, 47.84858971224038], [-84.14162816614193, 47.84841891220926], [-84.14179706616609, 47.8481902121652], [-84.14183946615813, 47.84802711213856], [-84.14194186615586, 47.847760812092936], [-84.14193856613048, 47.84757731206596], [-84.14190346608893, 47.847349212034274], [-84.14185256604624, 47.847151112008], [-84.14189186601256, 47.8468012119538], [-84.14189536598894, 47.84661451192593], [-84.14174566590872, 47.84637351189926], [-84.14170936586977, 47.84616791187096], [-84.14164536582416, 47.84597951184688], [-84.14154616576948, 47.84580841182751], [-84.14142616570983, 47.84565021181129], [-84.14135126565277, 47.84540201177899], [-84.14124436559797, 47.8452486117627], [-84.14112286554152, 47.84511851175072], [-84.14099286548473, 47.84500611174185], [-84.1407517653838, 47.844831411730446], [-84.14058806531665, 47.844722811724225], [-84.14046606526126, 47.84460161171357], [-84.1403243651987, 47.84447441170328], [-84.14015006511951, 47.844301311688056], [-84.13989636501276, 47.844112811675394], [-84.1397398649467, 47.8439953116674], [-84.13950726484441, 47.84378931165086], [-84.1391192646897, 47.843566011641066], [-84.13887846458827, 47.84338681162899], [-84.1386908645066, 47.84322691161652], [-84.13850146442692, 47.84308611160704], [-84.13817656427157, 47.842704611570035], [-84.1381026642305, 47.8425745115552], [-84.13797146416006, 47.842362111531614], [-84.13776086407817, 47.84225671152865], [-84.13763536401198, 47.84206241150737], [-84.13753276394826, 47.841831511479356], [-84.13745016389112, 47.841601111450174], [-84.13735856383892, 47.84143011143037], [-84.13730476380219, 47.8412837114119], [-84.1372140637479, 47.841094711389296], [-84.13724186373818, 47.840953711366765], [-84.1371887637021, 47.840810611348736], [-84.13716886366123, 47.840550311311404], [-84.13711466360913, 47.840289111275936], [-84.13706236357154, 47.840132611255896], [-84.13717106360635, 47.84013081124907]]]}, "properties": {"OBJECTID": 37729}}, {"type": "Feature", "id": 37889, "geometry": {"type": "Polygon", "coordinates": [[[-84.90990672853354, 47.96166028215345], [-84.90982682849511, 47.96156658214468], [-84.90928202828238, 47.96128898213759], [-84.90873332807625, 47.96106868213911], [-84.90854992800892, 47.96100678214135], [-84.90846462798125, 47.9610041821462], [-84.90836432794552, 47.96097868214866], [-84.90812602786818, 47.96097208216236], [-84.90771782773558, 47.96096018218576], [-84.90730652760995, 47.96100668221789], [-84.90704752753354, 47.96105598224108], [-84.90680462746711, 47.96114038226839], [-84.9065956274103, 47.96121528229224], [-84.90633432733789, 47.961299382320625], [-84.90607212726827, 47.961405982352396], [-84.90584332721271, 47.96153678238561], [-84.90574822720365, 47.96169358241445], [-84.9057335272316, 47.961932882450434], [-84.90582262729002, 47.96215158247697], [-84.90584972731446, 47.96226678249215], [-84.90594462736084, 47.962383282503346], [-84.9060901274252, 47.96251298251338], [-84.90625322749224, 47.962620582519065], [-84.90648452758288, 47.9627406825224], [-84.90665292764226, 47.962779782517785], [-84.90693922773994, 47.96282208250631], [-84.90734382788058, 47.96290138249304], [-84.9078143280458, 47.963005582479255], [-84.90819912818483, 47.96311948247228], [-84.90866702835535, 47.96326858246528], [-84.90906892849836, 47.963371482455585], [-84.9096292286834, 47.9634097824267], [-84.9100893288296, 47.963399082396776], [-84.91046592894567, 47.96336428236851], [-84.91070652901908, 47.96333608234953], [-84.91118682916563, 47.96328068231181], [-84.91158312928347, 47.96321258227747], [-84.91196242939417, 47.96313168224226], [-84.91223912947304, 47.963059182214565], [-84.91244982952738, 47.96296178218735], [-84.91262672956934, 47.96285358216063], [-84.9128243296101, 47.962687382124095], [-84.91297362962885, 47.96247408208369], [-84.91308852963664, 47.96226138204545], [-84.91317002963352, 47.962046882009055], [-84.91317892961769, 47.96190988198846], [-84.91308802956168, 47.961713581965284], [-84.91291132948244, 47.96154848195199], [-84.91258112935189, 47.96136808194595], [-84.91233222925864, 47.96127028194696], [-84.91216332920062, 47.96124238195327], [-84.91190822911781, 47.96123548196796], [-84.91166992904049, 47.961228981981705], [-84.91127492892163, 47.96128698201455], [-84.91091332881363, 47.961345682045376], [-84.91060182872486, 47.96142768207658], [-84.91044432868316, 47.96149238209575], [-84.9102530286319, 47.96156648211839], [-84.9100625285778, 47.96161808213768], [-84.90990672853354, 47.96166028215345]]]}, "properties": {"OBJECTID": 37889}}, {"type": "Feature", "id": 43841, "geometry": {"type": "Polygon", "coordinates": [[[-82.86367283009679, 48.45028067680663], [-82.85877242848801, 48.45027777709324], [-82.85697352789666, 48.45027087719759], [-82.8569734278966, 48.45027087719759], [-82.84158182284011, 48.45023907809417], [-82.84158172284008, 48.450239078094185], [-82.8353198207834, 48.45023107845959], [-82.83443832049424, 48.45023277851141], [-82.83387662035689, 48.45058887859664], [-82.83221712003794, 48.4522961789445], [-82.83083272014294, 48.456526079646785], [-82.83055902071729, 48.46154638040007], [-82.83041252119473, 48.4655170809917], [-82.8287296209814, 48.4680800814665], [-82.82751652079858, 48.46970858177659], [-82.82854832145361, 48.4720963820667], [-82.83089532234756, 48.47302698206589], [-82.83519342368042, 48.47243358172709], [-82.83758382441025, 48.47201758152608], [-82.83864632481087, 48.472408281521176], [-82.83918582554907, 48.4766432821111], [-82.83943512615572, 48.480603582677645], [-82.83881352636884, 48.483751583175966], [-82.83746892637001, 48.487091583744736], [-82.83609942616484, 48.48893668409564], [-82.8339949256408, 48.49019778440388], [-82.83102852488781, 48.49186738482259], [-82.8302697246943, 48.4922875849287], [-82.8297859245882, 48.4926856850154], [-82.82966212461855, 48.49322168510129], [-82.82974522470188, 48.493644085158365], [-82.83017072492348, 48.494261485224015], [-82.8308052251579, 48.49445718521555], [-82.83441682628344, 48.49399888493675], [-82.83907642776106, 48.493600184605256], [-82.8430250291365, 48.494192184460665], [-82.84617573040858, 48.495980384538285], [-82.84798413128027, 48.498073084739154], [-82.84899793198315, 48.500859985088326], [-82.8475298320185, 48.504758885746014], [-82.8464440320872, 48.50796268627932], [-82.84582843218026, 48.51018638664135], [-82.84626713249881, 48.51149968680811], [-82.84912533370549, 48.51351518693587], [-82.85180223469035, 48.514309186895275], [-82.8557627362247, 48.51606478692021], [-82.86075163817004, 48.51837038696536], [-82.86977124167142, 48.52241958702927], [-82.87264964285166, 48.52418348711869], [-82.87567214433129, 48.52784188747704], [-82.87650774476856, 48.529064787607076], [-82.87787674537356, 48.53023168769754], [-82.88012784615172, 48.530521987607834], [-82.88159434651999, 48.5296693873969], [-82.88282074679107, 48.52867938717993], [-82.8851092470924, 48.52529528654998], [-82.88768234766643, 48.5232582861006], [-82.88954454814952, 48.522292285849765], [-82.89140734861611, 48.521200785580476], [-82.89171934865794, 48.520745085495435], [-82.89233684847063, 48.51781368502982], [-82.89196024788383, 48.514332584542025], [-82.89209204764484, 48.512210384223415], [-82.89256184765958, 48.511161584042156], [-82.89409734802462, 48.51011498379867], [-82.89407864762997, 48.5071936833718], [-82.89459104745094, 48.504581682958914], [-82.89442814717589, 48.50291528272431], [-82.89311054659876, 48.5018284826424], [-82.8900466457056, 48.502677882946756], [-82.88818304527514, 48.50404318325626], [-82.88726614511639, 48.50511388346694], [-82.88674394510551, 48.50632228367467], [-82.88670404522591, 48.50732638382418], [-82.88568744495092, 48.50776918394872], [-82.87841094269262, 48.50875738452062], [-82.87223694073737, 48.509302584962846], [-82.86866053958589, 48.50947688519821], [-82.86549713855953, 48.50957228539781], [-82.86428233803429, 48.508622285329864], [-82.86358953753972, 48.50661228507588], [-82.86498133762133, 48.50378568457993], [-82.86631613780398, 48.501860284219404], [-82.86696443773675, 48.49975078387219], [-82.86733323768065, 48.49841648365489], [-82.86933273820306, 48.497405483389436], [-82.87384463947092, 48.4957954828887], [-82.87756004061171, 48.49519898258333], [-82.88075724164128, 48.49504638237333], [-82.88232334210292, 48.494650482223406], [-82.88726034360263, 48.49373688179976], [-82.89104354477914, 48.49324288150532], [-82.89443404576289, 48.49226858116348], [-82.89476054587016, 48.4922692811444], [-82.89618164625944, 48.49168748097574], [-82.90259824804178, 48.48924788024143], [-82.90639574901215, 48.48716857971359], [-82.90717884890829, 48.48445207926939], [-82.90265704749255, 48.484968079610496], [-82.89831024627928, 48.48657658010148], [-82.89463544522603, 48.487729480486216], [-82.89459334528007, 48.488240680563635], [-82.89455844528226, 48.48834338058071], [-82.89373304502773, 48.48846718064734], [-82.89244364462228, 48.48860138074268], [-82.89043274397363, 48.488688380873455], [-82.88854254335709, 48.48871858098878], [-82.88595064244323, 48.488245181071456], [-82.88483864196269, 48.48737548100919], [-82.88441294173039, 48.48667848093194], [-82.88426434153915, 48.48560548078329], [-82.88430594138161, 48.48431608059181], [-82.88517014154291, 48.48339358040581], [-82.88558514161714, 48.482926680313], [-82.88648434177475, 48.48189018010824], [-82.88855414225793, 48.480411179769874], [-82.88965784251906, 48.47964897959335], [-82.89089904282542, 48.47888697940874], [-82.8923974432238, 48.47818267921754], [-82.89419254369164, 48.47726817897805], [-82.89551604405823, 48.4767567788254], [-82.90159224588096, 48.47546357827918], [-82.90835554812605, 48.475653977910106], [-82.91426335010564, 48.47596017760821], [-82.91886205151431, 48.47520267722713], [-82.92334985272602, 48.47323727667534], [-82.9287941540327, 48.46962467582582], [-82.9318422547915, 48.467807375380225], [-82.9346910553171, 48.46472657476106], [-82.93502495506382, 48.46199417434061], [-82.93122265354266, 48.45993267426145], [-82.92342375100189, 48.46006847473929], [-82.91899434970023, 48.46121147516703], [-82.91388964835542, 48.46369987583174], [-82.91202304724274, 48.459929775388126], [-82.91143014668616, 48.457200575022384], [-82.90387184435349, 48.45831237562907], [-82.89727864228229, 48.459009076118086], [-82.89356074110769, 48.459352476386506], [-82.8934452410642, 48.45931037638714], [-82.89255294075446, 48.45918297642078], [-82.8915575404124, 48.45906677646205], [-82.89069964011244, 48.458927976492056], [-82.88913783957675, 48.45875347655802], [-82.88766193906928, 48.458579176618954], [-82.88615323851322, 48.458119476639986], [-82.88471393796482, 48.45754577664013], [-82.88265803717913, 48.456708276637755], [-82.87955423605825, 48.455936876706446], [-82.87637753501171, 48.455906976888244], [-82.87426623429847, 48.45575387698953], [-82.87202463338372, 48.45440227692246], [-82.86991993252452, 48.453130776859126], [-82.86668503123063, 48.451377376791214], [-82.86452573042907, 48.450676176814724], [-82.86375503013208, 48.45034347681102], [-82.86367283009679, 48.45028067680663]]]}, "properties": {"OBJECTID": 43841}}]}