{"type": "FeatureCollection", "features": [{"type": "Feature", "id": 47772098, "geometry": {"type": "LineString", "coordinates": [[-84.77637759999999, 47.99176049906207], [-84.77637629999998, 47.99221419906209]]}, "properties": {"OBJECTID": 47772098}}, {"type": "Feature", "id": 47772690, "geometry": {"type": "LineString", "coordinates": [[-81.3248284, 48.47845969906392], [-81.32483789999998, 48.48015119906393]]}, "properties": {"OBJECTID": 47772690}}, {"type": "Feature", "id": 47780930, "geometry": {"type": "LineString", "coordinates": [[-81.291676, 48.473792899063916], [-81.29176359999997, 48.47381299906389], [-81.2918439, 48.47382219906392], [-81.29205079999997, 48.47382699906392], [-81.2935751, 48.4738574990639]]}, "properties": {"OBJECTID": 47780930}}, {"type": "Feature", "id": 47781122, "geometry": {"type": "LineString", "coordinates": [[-81.31829679999998, 48.48465779906396], [-81.3179642, 48.48466129906396]]}, "properties": {"OBJECTID": 47781122}}, {"type": "Feature", "id": 47784946, "geometry": {"type": "LineString", "coordinates": [[-81.33443829999999, 48.47843809906391], [-81.33331569999996, 48.47844139906391]]}, "properties": {"OBJECTID": 47784946}}, {"type": "Feature", "id": 47785282, "geometry": {"type": "LineString", "coordinates": [[-84.5493376, 48.34635889906342], [-84.54990289999995, 48.34667819906342], [-84.55049529999997, 48.34698639906343]]}, "properties": {"OBJECTID": 47785282}}, {"type": "Feature", "id": 47787970, "geometry": {"type": "LineString", "coordinates": [[-81.16954619999996, 48.497746999063985], [-81.16779679999996, 48.497767399064024]]}, "properties": {"OBJECTID": 47787970}}, {"type": "Feature", "id": 47790322, "geometry": {"type": "LineString", "coordinates": [[-81.33202269999998, 48.46269929906383], [-81.3297662, 48.46269259906387], [-81.32963569999998, 48.46269569906388], [-81.32957529999999, 48.462714799063846], [-81.32954029999996, 48.46276259906384], [-81.3295276, 48.462832599063844], [-81.3295205, 48.46296159906387], [-81.32951879999996, 48.46408309906388]]}, "properties": {"OBJECTID": 47790322}}, {"type": "Feature", "id": 47791266, "geometry": {"type": "LineString", "coordinates": [[-81.18656389999995, 48.495633299063975], [-81.18679419999995, 48.495641999064]]}, "properties": {"OBJECTID": 47791266}}, {"type": "Feature", "id": 47791586, "geometry": {"type": "LineString", "coordinates": [[-84.55005509999995, 48.34850749906342], [-84.55090029999997, 48.348956499063426]]}, "properties": {"OBJECTID": 47791586}}, {"type": "Feature", "id": 47792834, "geometry": {"type": "LineString", "coordinates": [[-81.65022689999995, 48.5648937990643], [-81.65018809999998, 48.56503789906431], [-81.6502175, 48.56521769906425], [-81.65016639999999, 48.56546089906427], [-81.6501088, 48.56625289906426], [-81.6498373, 48.567279999064304], [-81.64981289999997, 48.56748709906431], [-81.6496555, 48.56790179906428], [-81.64895439999998, 48.56925519906433], [-81.6478816, 48.5712223990643], [-81.64770829999998, 48.571457299064306], [-81.6451826, 48.574314299064326], [-81.64503629999996, 48.57454009906432], [-81.64503919999999, 48.5747649990643], [-81.64513929999998, 48.57517819906434], [-81.64514229999997, 48.57541209906429], [-81.6448198, 48.57670039906436], [-81.64471429999998, 48.57693489906433], [-81.64221629999997, 48.58095219906433], [-81.64197489999998, 48.58116049906433], [-81.64170589999998, 48.58133289906432], [-81.64107289999998, 48.58166929906437], [-81.64039829999996, 48.58193399906437], [-81.63946799999997, 48.582352999064334], [-81.63914389999997, 48.58245369906437], [-81.63839999999999, 48.58260179906434], [-81.6380206, 48.58262189906438], [-81.63724729999996, 48.582590199064356], [-81.6351598, 48.58263769906434], [-81.63143109999999, 48.58264019906434], [-81.63124149999999, 48.58265929906437], [-81.63103909999995, 48.582732299064354], [-81.63094559999996, 48.58284979906435], [-81.63081399999999, 48.583174399064355]]}, "properties": {"OBJECTID": 47792834}}, {"type": "Feature", "id": 47793010, "geometry": {"type": "LineString", "coordinates": [[-82.75678529999999, 47.5941358990608], [-82.75532099999998, 47.594500299060826], [-82.7541842, 47.5947155990608], [-82.75231459999998, 47.594897199060824], [-82.74867759999995, 47.59513269906079]]}, "properties": {"OBJECTID": 47793010}}, {"type": "Feature", "id": 47794818, "geometry": {"type": "LineString", "coordinates": [[-81.21313599999996, 48.477246599063896], [-81.21311639999999, 48.47797029906394]]}, "properties": {"OBJECTID": 47794818}}, {"type": "Feature", "id": 47795106, "geometry": {"type": "LineString", "coordinates": [[-81.17023869999997, 48.493221099063994], [-81.17201839999996, 48.493172099064], [-81.17209989999998, 48.493172899064], [-81.17215569999996, 48.493183699064], [-81.17222519999996, 48.49321369906396], [-81.17227159999999, 48.493252599063965], [-81.17229959999997, 48.493304399063966], [-81.17230209999997, 48.494080299063974]]}, "properties": {"OBJECTID": 47795106}}, {"type": "Feature", "id": 47803042, "geometry": {"type": "LineString", "coordinates": [[-84.77341989999996, 47.99583939906211], [-84.77348269999999, 47.99590649906214], [-84.77407639999996, 47.99643989906213]]}, "properties": {"OBJECTID": 47803042}}, {"type": "Feature", "id": 47803746, "geometry": {"type": "LineString", "coordinates": [[-81.19970469999998, 48.496524499063995], [-81.19969309999999, 48.49736569906402]]}, "properties": {"OBJECTID": 47803746}}, {"type": "Feature", "id": 47803874, "geometry": {"type": "LineString", "coordinates": [[-81.29587179999999, 48.275329499063105], [-81.29563049999996, 48.27556409906309], [-81.29547049999996, 48.27585239906311], [-81.2954853, 48.27608629906314], [-81.2954459, 48.27626629906313]]}, "properties": {"OBJECTID": 47803874}}, {"type": "Feature", "id": 47805762, "geometry": {"type": "LineString", "coordinates": [[-81.34340259999999, 48.476118799063876], [-81.34409489999996, 48.4761193990639]]}, "properties": {"OBJECTID": 47805762}}, {"type": "Feature", "id": 47806530, "geometry": {"type": "LineString", "coordinates": [[-81.33227839999995, 48.26553159906309], [-81.3293122, 48.269453699063114], [-81.32898, 48.270183399063086], [-81.3288096, 48.270930599063135], [-81.32839329999996, 48.27326199906315], [-81.32833219999998, 48.27425179906311], [-81.32866439999998, 48.27561839906315], [-81.32987329999997, 48.279159599063135], [-81.33220419999998, 48.28526169906317], [-81.33195369999999, 48.28612609906318], [-81.32998849999996, 48.28868689906316], [-81.32902239999999, 48.289382399063186], [-81.32403689999995, 48.29191559906321], [-81.32328669999998, 48.29268249906318], [-81.32256559999996, 48.29377309906319], [-81.3216956, 48.29479209906315], [-81.32107859999996, 48.29530669906322], [-81.31953389999995, 48.29623769906319], [-81.31744999999995, 48.29719709906318], [-81.31484089999998, 48.29827489906321], [-81.31425029999997, 48.298717299063206], [-81.31403649999999, 48.29903279906322], [-81.31403719999997, 48.299140699063216]]}, "properties": {"OBJECTID": 47806530}}, {"type": "Feature", "id": 47808418, "geometry": {"type": "LineString", "coordinates": [[-81.17428689999997, 48.49959299906399], [-81.1744496, 48.49964669906401], [-81.1745856, 48.49982639906401], [-81.17466759999996, 48.500060199063995]]}, "properties": {"OBJECTID": 47808418}}, {"type": "Feature", "id": 47809026, "geometry": {"type": "LineString", "coordinates": [[-81.32536449999998, 48.466697999063854], [-81.3254096, 48.467408599063866]]}, "properties": {"OBJECTID": 47809026}}, {"type": "Feature", "id": 47810978, "geometry": {"type": "LineString", "coordinates": [[-84.80160329999995, 47.98433719906207], [-84.80203719999997, 47.984534499062036], [-84.80444979999999, 47.98579539906207], [-84.80557019999998, 47.98640159906207], [-84.80878739999997, 47.988056699062064], [-84.81124169999998, 47.98936219906208], [-84.81421939999996, 47.99090989906208], [-84.81624169999998, 47.99196549906212], [-84.8171491, 47.99245969906213], [-84.8176229, 47.992777899062084], [-84.81816609999998, 47.993158399062104], [-84.81875229999997, 47.99366569906208], [-84.81927159999998, 47.99417779906212], [-84.81955629999999, 47.99451759906208], [-84.81972619999999, 47.99471859906208], [-84.82005649999996, 47.99518279906209], [-84.82046559999998, 47.99591019906211], [-84.82087479999996, 47.99691529906211], [-84.82103899999998, 47.997340699062086]]}, "properties": {"OBJECTID": 47810978}}, {"type": "Feature", "id": 47817506, "geometry": {"type": "LineString", "coordinates": [[-81.3413127, 48.46815269906387], [-81.34132829999999, 48.468873099063856]]}, "properties": {"OBJECTID": 47817506}}, {"type": "Feature", "id": 47819154, "geometry": {"type": "LineString", "coordinates": [[-81.13311339999996, 48.496562199064], [-81.13276249999996, 48.496940399064], [-81.13268159999996, 48.49707549906403], [-81.13264149999998, 48.49724649906399], [-81.1327655, 48.498109999063985], [-81.13276739999998, 48.49882969906403], [-81.13287749999995, 48.49950429906399], [-81.1328785, 48.499909099064006], [-81.1329331, 48.500070999064036], [-81.13309599999997, 48.500250699064026], [-81.13332649999995, 48.50038539906401], [-81.13393639999998, 48.500645599064036], [-81.13455959999999, 48.500833799064004], [-81.13481709999996, 48.50096839906402], [-81.13502069999998, 48.501157099064], [-81.13515659999996, 48.50136389906398], [-81.13525199999998, 48.501588699064], [-81.13534859999999, 48.50228129906404], [-81.1354576, 48.50254209906403]]}, "properties": {"OBJECTID": 47819154}}, {"type": "Feature", "id": 47819938, "geometry": {"type": "LineString", "coordinates": [[-81.36037289999996, 48.4797374990639], [-81.36090229999996, 48.47974269906394]]}, "properties": {"OBJECTID": 47819938}}, {"type": "Feature", "id": 47825858, "geometry": {"type": "LineString", "coordinates": [[-81.17213989999999, 48.49496919906399], [-81.17212179999996, 48.495808699063964]]}, "properties": {"OBJECTID": 47825858}}, {"type": "Feature", "id": 47826002, "geometry": {"type": "LineString", "coordinates": [[-84.76967309999998, 47.99129759906207], [-84.76968569999997, 47.992041699062085], [-84.76963119999999, 47.992150499062106]]}, "properties": {"OBJECTID": 47826002}}, {"type": "Feature", "id": 47829970, "geometry": {"type": "LineString", "coordinates": [[-83.38791879999997, 47.74883069906129], [-83.38821719999999, 47.74922949906126], [-83.38846909999995, 47.7494851990613], [-83.38889489999997, 47.75004319906131]]}, "properties": {"OBJECTID": 47829970}}, {"type": "Feature", "id": 47831474, "geometry": {"type": "LineString", "coordinates": [[-83.33264309999998, 47.84754489906159], [-83.3309041, 47.849604799061595], [-83.3299419, 47.85080309906158], [-83.32947099999996, 47.85133459906162]]}, "properties": {"OBJECTID": 47831474}}, {"type": "Feature", "id": 47832546, "geometry": {"type": "LineString", "coordinates": [[-81.34051389999996, 48.479357499063944], [-81.34051399999998, 48.47973479906392]]}, "properties": {"OBJECTID": 47832546}}, {"type": "Feature", "id": 47832866, "geometry": {"type": "LineString", "coordinates": [[-84.556826, 48.089065599062444], [-84.55691139999999, 48.089247299062414], [-84.55763889999997, 48.09033359906242]]}, "properties": {"OBJECTID": 47832866}}, {"type": "Feature", "id": 47832898, "geometry": {"type": "LineString", "coordinates": [[-84.8068515, 48.07392479906241], [-84.80640209999996, 48.076863399062404], [-84.8060615, 48.07911389906241]]}, "properties": {"OBJECTID": 47832898}}, {"type": "Feature", "id": 47835410, "geometry": {"type": "LineString", "coordinates": [[-84.67683769999996, 48.33978359906339], [-84.67672699999997, 48.3398442990634], [-84.6760822, 48.340074199063366], [-84.67540029999998, 48.34023139906339], [-84.67393919999995, 48.34030979906335], [-84.67248129999996, 48.34031629906339], [-84.67177479999998, 48.34041889906339], [-84.67046929999998, 48.34093239906342], [-84.66735999999997, 48.34282179906339], [-84.66669629999996, 48.3431681990634], [-84.66595459999996, 48.3434500990634], [-84.66518839999998, 48.3436773990634], [-84.66357139999997, 48.3439144990634], [-84.66276069999998, 48.34393399906342], [-84.66196599999995, 48.343899899063366], [-84.66118719999997, 48.343812099063406], [-84.6597208, 48.34341329906338], [-84.65904499999999, 48.343138599063394], [-84.65841139999998, 48.34282879906337], [-84.65781899999996, 48.342501799063406], [-84.65630399999998, 48.341400199063365], [-84.65575209999997, 48.34107409906337], [-84.65510169999999, 48.34083589906336], [-84.65366519999998, 48.34067159906336], [-84.6529468, 48.34073789906338], [-84.65278339999998, 48.3407705990634]]}, "properties": {"OBJECTID": 47835410}}, {"type": "Feature", "id": 47837154, "geometry": {"type": "LineString", "coordinates": [[-83.39581299999998, 47.847351299061586], [-83.39566869999999, 47.84750609906161]]}, "properties": {"OBJECTID": 47837154}}, {"type": "Feature", "id": 47837602, "geometry": {"type": "LineString", "coordinates": [[-81.34602429999995, 48.478989799063925], [-81.3462146, 48.4790141990639], [-81.34668089999997, 48.479029899063896], [-81.34744039999998, 48.479019399063944]]}, "properties": {"OBJECTID": 47837602}}, {"type": "Feature", "id": 47840210, "geometry": {"type": "LineString", "coordinates": [[-84.779651, 47.9915568990621], [-84.77964749999995, 47.99170329906211], [-84.7796439, 47.99188169906209], [-84.77965459999996, 47.99200309906211], [-84.77969739999998, 47.99213869906207], [-84.77973309999999, 47.99228149906212], [-84.77975099999998, 47.99237069906211], [-84.77975449999997, 47.99246349906211]]}, "properties": {"OBJECTID": 47840210}}, {"type": "Feature", "id": 47840706, "geometry": {"type": "LineString", "coordinates": [[-83.43728869999995, 47.84052879906156], [-83.4372874, 47.84135659906159], [-83.4373622, 47.842380799061566]]}, "properties": {"OBJECTID": 47840706}}, {"type": "Feature", "id": 47844338, "geometry": {"type": "LineString", "coordinates": [[-84.36857579999997, 47.83598849906158], [-84.3688052, 47.83620969906158], [-84.36909359999999, 47.83658529906157], [-84.3692092, 47.83667789906158], [-84.37020419999999, 47.837087599061554], [-84.37052839999996, 47.83728399906155], [-84.370837, 47.837525099061594], [-84.37132879999996, 47.837842299061585], [-84.37166729999996, 47.838020999061584], [-84.37193019999995, 47.838107999061585], [-84.37226069999997, 47.83817859906159], [-84.37273909999999, 47.83823449906156], [-84.37364689999998, 47.83825529906156], [-84.37426499999998, 47.83818849906154], [-84.37486419999999, 47.83796819906158], [-84.3757028, 47.83777149906157], [-84.37611099999998, 47.83762779906155], [-84.37655519999998, 47.83756599906158], [-84.37706379999997, 47.83755059906157], [-84.37755549999997, 47.83760689906156], [-84.37791049999998, 47.83772289906157], [-84.37827339999996, 47.83794719906159], [-84.37861939999999, 47.83824309906154], [-84.37872729999998, 47.83848849906159], [-84.3787825, 47.83898459906156], [-84.37884809999997, 47.83927409906156], [-84.37874419999997, 47.83947869906159], [-84.37863289999996, 47.83956609906155], [-84.37837329999996, 47.83967719906159], [-84.37780719999995, 47.839772199061585], [-84.37721069999998, 47.83993849906157], [-84.37696359999995, 47.840067899061566], [-84.37657529999996, 47.84034689906159], [-84.37640689999995, 47.84050509906158], [-84.37613439999996, 47.841137699061605], [-84.3758221, 47.841499499061555], [-84.37577479999999, 47.84164239906157], [-84.37578359999998, 47.841732599061565], [-84.37589059999999, 47.841995999061545], [-84.37599059999997, 47.8421331990616], [-84.3763227, 47.842437799061585], [-84.3763768, 47.84269099906157], [-84.3763548, 47.84286139906156], [-84.37627949999995, 47.84303069906161], [-84.37583559999996, 47.8436143990616], [-84.37579059999996, 47.84371239906159], [-84.3757847, 47.84382919906159], [-84.37592289999998, 47.84400339906158], [-84.37631869999996, 47.8443722990616], [-84.37637909999995, 47.8444996990616], [-84.37638519999996, 47.8446437990616], [-84.37608499999999, 47.845293799061615], [-84.37591119999996, 47.84555979906161], [-84.37528359999999, 47.84607639906159], [-84.3747467, 47.84664899906159], [-84.3742866, 47.847025399061586], [-84.3742282, 47.84712299906158], [-84.37426239999996, 47.847240799061595], [-84.3743771, 47.84735139906161], [-84.37459949999999, 47.84744639906161], [-84.374798, 47.84748699906158], [-84.37522389999998, 47.8475236990616], [-84.3760393, 47.84752439906157], [-84.3765057, 47.847552999061584], [-84.3769509, 47.8474731990616], [-84.37742589999999, 47.847331099061584], [-84.37769609999998, 47.8472742990616], [-84.37840219999998, 47.84705649906157], [-84.37880419999999, 47.84703869906163], [-84.37904219999996, 47.84708909906157], [-84.380066, 47.84746339906161], [-84.38047, 47.84767059906161], [-84.38057229999998, 47.8477628990616], [-84.3807468, 47.84827979906159], [-84.38075809999998, 47.848585999061584], [-84.38084569999995, 47.84870499906157], [-84.38101519999998, 47.84878989906163], [-84.38122609999999, 47.84884869906159], [-84.3821135, 47.849012899061634], [-84.3825003, 47.84903069906158], [-84.38311669999996, 47.84899979906159], [-84.3833861, 47.84896089906159], [-84.38443459999996, 47.848579899061576], [-84.3849578, 47.8482768990616], [-84.3853608, 47.84797109906157], [-84.38575799999995, 47.847782199061626], [-84.3860416, 47.8477256990616], [-84.38661659999997, 47.84772079906161], [-84.3875339, 47.84782269906156], [-84.38788059999996, 47.84783959906163], [-84.38817519999998, 47.84782829906159], [-84.38859279999997, 47.84776579906163], [-84.3888594, 47.84778089906161], [-84.38920379999996, 47.84784269906158], [-84.38966209999995, 47.84803309906159], [-84.39004919999996, 47.848311799061605], [-84.39112539999996, 47.84897519906162], [-84.39137549999998, 47.84905289906158], [-84.3918592, 47.84927079906157], [-84.39257989999999, 47.849827099061606], [-84.39277619999996, 47.84991259906163], [-84.3929885, 47.84994439906161], [-84.39401799999996, 47.8499407990616], [-84.39423479999999, 47.8498826990616], [-84.39491749999996, 47.8493312990616], [-84.39541529999997, 47.84900069906161], [-84.39606849999996, 47.84850259906161], [-84.39652309999997, 47.84823399906163], [-84.39684849999998, 47.8481423990616], [-84.39712939999998, 47.848139799061585], [-84.3976346, 47.848196199061604], [-84.39845219999995, 47.84815179906162], [-84.39880519999997, 47.848042799061616], [-84.39899709999997, 47.8479481990616], [-84.3991236, 47.84782499906159], [-84.39922739999997, 47.84762039906162], [-84.39931209999997, 47.84726239906161], [-84.39935909999997, 47.846858599061584], [-84.39944859999997, 47.84667159906162], [-84.39961739999995, 47.8465044990616], [-84.39981059999997, 47.846382899061624], [-84.40023529999996, 47.8461764990616], [-84.4004655, 47.84611879906157], [-84.40112149999999, 47.846097599061586], [-84.4014037, 47.846067999061574], [-84.40203169999995, 47.846073299061565], [-84.40307989999997, 47.845961999061615], [-84.40456109999997, 47.8460134990616], [-84.40484239999995, 47.84600189906161], [-84.40543389999999, 47.84593429906158], [-84.40647679999995, 47.845930899061614], [-84.40702189999996, 47.845988199061594], [-84.40729969999995, 47.84604849906156], [-84.40787069999999, 47.846124299061614], [-84.40847059999999, 47.84615589906163], [-84.40906429999995, 47.8463132990616], [-84.41055109999996, 47.84705769906163], [-84.41107489999996, 47.8472764990616], [-84.41171839999998, 47.84750699906159], [-84.41266639999998, 47.8477982990616], [-84.41343419999998, 47.84795059906163], [-84.41435719999998, 47.84820539906161], [-84.41491359999998, 47.84830789906159], [-84.4154552, 47.84843709906158], [-84.41566439999997, 47.84853179906163], [-84.41580549999998, 47.848651899061636], [-84.4162958, 47.849544799061626], [-84.41630559999999, 47.84961699906161], [-84.41639369999996, 47.8497269990616], [-84.41653659999997, 47.84981119906161], [-84.4168904, 47.84995409906161], [-84.41727279999998, 47.850061699061605], [-84.41786829999995, 47.85018309906162], [-84.41857779999998, 47.85043299906158], [-84.4189824, 47.85063109906164], [-84.4192516, 47.850862099061615], [-84.41942029999996, 47.850964899061594], [-84.41976169999998, 47.851089499061594], [-84.4202522, 47.85117249906161], [-84.42079839999997, 47.85121179906164], [-84.42112909999997, 47.8512821990616], [-84.42140509999996, 47.851378399061645], [-84.4215782, 47.85139129906163], [-84.421807, 47.85136039906163], [-84.42203849999999, 47.851275699061624], [-84.42257309999997, 47.851008699061595], [-84.42318469999998, 47.850806499061626], [-84.42368369999997, 47.85071869906161], [-84.42435449999999, 47.850670799061625], [-84.4250596, 47.8504706990616], [-84.4254077, 47.85046049906157], [-84.42571299999997, 47.85050329906161], [-84.42630589999999, 47.85067859906163], [-84.42651819999998, 47.85071039906162], [-84.42724959999998, 47.85051979906162], [-84.4288262, 47.85026719906161], [-84.42900329999998, 47.850199199061606], [-84.42914259999998, 47.85008529906163], [-84.4293429, 47.84981989906159], [-84.42942919999996, 47.84942589906162], [-84.429374, 47.84892069906158], [-84.42942829999998, 47.8483639990616], [-84.42959289999999, 47.84800779906158], [-84.42973089999998, 47.847920899061606], [-84.42990579999997, 47.84789779906158], [-84.4300629, 47.84796429906158], [-84.43051559999998, 47.84800149906159], [-84.43063359999996, 47.848049099061605], [-84.43108219999999, 47.84789719906161], [-84.43128339999998, 47.84788369906158], [-84.43172049999998, 47.84796549906161], [-84.43190429999999, 47.8480325990616], [-84.4322244, 47.848048699061636], [-84.43241219999999, 47.8480348990616], [-84.43291019999998, 47.8476950990616], [-84.43375989999998, 47.8475431990616], [-84.43408259999995, 47.847505399061625], [-84.43443549999995, 47.8473962990616], [-84.43473719999997, 47.8472410990616], [-84.4349406, 47.84718269906159], [-84.43506659999997, 47.847068499061606], [-84.43555119999996, 47.84672839906159], [-84.43576969999998, 47.84663429906158], [-84.43609369999996, 47.846569499061616], [-84.4368566, 47.84655059906157], [-84.43704529999997, 47.84651879906159], [-84.43745479999995, 47.84634799906161], [-84.43766259999995, 47.846199699061565], [-84.4383216, 47.845575499061574], [-84.43908879999998, 47.8451966990616], [-84.43924189999996, 47.8450740990616], [-84.43948219999999, 47.844809599061584], [-84.43961919999998, 47.84474059906158], [-84.43990399999996, 47.84465699906161], [-84.4403843, 47.8446766990616], [-84.44076529999995, 47.84481119906161]]}, "properties": {"OBJECTID": 47844338}}, {"type": "Feature", "id": 47845490, "geometry": {"type": "LineString", "coordinates": [[-84.6788742, 48.04344379906228], [-84.67879119999998, 48.043546799062256], [-84.67867749999999, 48.043688399062255], [-84.67862839999998, 48.04388539906227], [-84.6786151, 48.04418199906229], [-84.67868949999996, 48.044615499062274], [-84.6788123, 48.04486989906229], [-84.67908939999995, 48.0452713990623], [-84.67935799999998, 48.04556469906226], [-84.67966809999996, 48.045831899062264], [-84.68007359999996, 48.04606509906228], [-84.68060019999996, 48.046291699062294], [-84.68128999999999, 48.0464675990623], [-84.68168979999996, 48.04652959906231], [-84.6826125, 48.04660219906226], [-84.68481759999997, 48.04650279906231], [-84.68555499999997, 48.04651759906227], [-84.68642399999999, 48.04658909906227], [-84.69211589999998, 48.0477383990623], [-84.69297889999996, 48.04794469906229], [-84.69337429999996, 48.048105599062325], [-84.69368929999996, 48.04826489906232], [-84.69434489999998, 48.04890789906228], [-84.69448119999998, 48.049162599062306], [-84.69456299999996, 48.04943419906229], [-84.69473449999998, 48.05100319906231], [-84.69471959999998, 48.05133589906231], [-84.6947892, 48.05158019906232], [-84.69504949999998, 48.05416779906231], [-84.69509579999999, 48.054933599062316], [-84.69555079999998, 48.05917169906234], [-84.6955395, 48.05942339906232], [-84.69562609999997, 48.06018999906235], [-84.6955648, 48.06035969906235], [-84.6956495, 48.06056829906232], [-84.69585459999996, 48.062587999062316], [-84.69593799999996, 48.06282359906232], [-84.69603809999995, 48.06298759906236], [-84.69642519999996, 48.063337299062326], [-84.69666059999997, 48.06347689906234], [-84.69722999999999, 48.063650299062324], [-84.69752349999999, 48.06369219906236], [-84.69787219999995, 48.06369919906235], [-84.70010529999996, 48.06359099906235], [-84.70054699999997, 48.06361779906236], [-84.70107329999996, 48.06355639906235], [-84.7014082, 48.06357209906236], [-84.70228349999996, 48.06350859906235], [-84.71188749999999, 48.06306149906232], [-84.71444209999999, 48.06296839906238], [-84.7151556, 48.06291959906237], [-84.72108629999997, 48.06266859906232], [-84.72159869999996, 48.062615699062356], [-84.72242509999995, 48.062443199062336], [-84.72258729999999, 48.06245279906233], [-84.722736, 48.062518199062325], [-84.7228728, 48.062637199062365], [-84.72295609999998, 48.06277999906235], [-84.7230988, 48.06296439906231], [-84.72327729999995, 48.06313689906234], [-84.7234201, 48.06327959906237], [-84.72345579999995, 48.06339859906234], [-84.723432, 48.06351759906234], [-84.7233546, 48.06367819906235], [-84.72311069999995, 48.06401129906234], [-84.72295859999997, 48.06421469906236]]}, "properties": {"OBJECTID": 47845490}}, {"type": "Feature", "id": 47846194, "geometry": {"type": "LineString", "coordinates": [[-84.77233229999996, 47.995848199062095], [-84.77089039999998, 47.99585329906211]]}, "properties": {"OBJECTID": 47846194}}, {"type": "Feature", "id": 47847266, "geometry": {"type": "LineString", "coordinates": [[-81.18349519999998, 48.49501919906397], [-81.18347749999998, 48.49564549906399]]}, "properties": {"OBJECTID": 47847266}}, {"type": "Feature", "id": 47849602, "geometry": {"type": "LineString", "coordinates": [[-81.34215519999998, 48.486997699063956], [-81.3432368, 48.48700499906395]]}, "properties": {"OBJECTID": 47849602}}, {"type": "Feature", "id": 47852098, "geometry": {"type": "LineString", "coordinates": [[-81.72208739999996, 47.67671519906107], [-81.72138569999998, 47.67703449906109], [-81.72059249999995, 47.67748039906106], [-81.72026209999996, 47.67768039906107], [-81.72007669999999, 47.67776259906102], [-81.71965189999997, 47.67787319906105], [-81.71929239999997, 47.67788449906104], [-81.7191598, 47.67793029906104]]}, "properties": {"OBJECTID": 47852098}}, {"type": "Feature", "id": 47853378, "geometry": {"type": "LineString", "coordinates": [[-80.92154679999999, 48.618161599064486], [-80.91203349999995, 48.61918029906452], [-80.91066289999998, 48.619278199064475], [-80.9099981, 48.6192506990645], [-80.9092655, 48.61916009906451], [-80.90857369999998, 48.61902469906449], [-80.90700049999998, 48.6186275990645], [-80.90651209999999, 48.61857319906449], [-80.90599649999996, 48.61860879906449], [-80.9054807, 48.618707299064525], [-80.9015847, 48.619612599064524], [-80.9007158, 48.619872799064474], [-80.90032199999996, 48.620034399064494], [-80.89964279999998, 48.62040259906451], [-80.89617819999995, 48.622549699064535], [-80.89564839999997, 48.62283709906452], [-80.89502369999997, 48.62307039906452], [-80.89289249999996, 48.62341929906451], [-80.89177959999995, 48.623535199064555], [-80.89158959999997, 48.623534999064496], [-80.89141319999999, 48.62349889906452], [-80.89100669999999, 48.62325559906455]]}, "properties": {"OBJECTID": 47853378}}, {"type": "Feature", "id": 47854098, "geometry": {"type": "LineString", "coordinates": [[-81.3392991, 48.49144259906398], [-81.33929239999998, 48.492162699063954]]}, "properties": {"OBJECTID": 47854098}}, {"type": "Feature", "id": 47857090, "geometry": {"type": "LineString", "coordinates": [[-82.44270719999997, 48.243878899063006], [-82.4433707, 48.24448229906302], [-82.44341409999998, 48.244589799063036], [-82.44333639999996, 48.24469869906299], [-82.44251209999999, 48.24508689906304], [-82.44235179999998, 48.245133899063035]]}, "properties": {"OBJECTID": 47857090}}, {"type": "Feature", "id": 47859122, "geometry": {"type": "LineString", "coordinates": [[-81.16143549999998, 48.49792549906399], [-81.15990569999997, 48.49795849906402]]}, "properties": {"OBJECTID": 47859122}}, {"type": "Feature", "id": 47860178, "geometry": {"type": "LineString", "coordinates": [[-81.32954809999995, 48.48124599906392], [-81.32955709999999, 48.483326999063955]]}, "properties": {"OBJECTID": 47860178}}, {"type": "Feature", "id": 47860498, "geometry": {"type": "LineString", "coordinates": [[-81.34515209999995, 48.47684019906393], [-81.34741699999995, 48.47685349906391]]}, "properties": {"OBJECTID": 47860498}}, {"type": "Feature", "id": 47860594, "geometry": {"type": "LineString", "coordinates": [[-81.3485574, 48.490240599064], [-81.34655949999996, 48.49024379906398]]}, "properties": {"OBJECTID": 47860594}}, {"type": "Feature", "id": 47862434, "geometry": {"type": "LineString", "coordinates": [[-81.33508499999999, 48.48026179906396], [-81.335083, 48.481135099063934]]}, "properties": {"OBJECTID": 47862434}}, {"type": "Feature", "id": 47863090, "geometry": {"type": "LineString", "coordinates": [[-84.77089379999995, 47.99671719906211], [-84.76954619999998, 47.99672989906213]]}, "properties": {"OBJECTID": 47863090}}, {"type": "Feature", "id": 47865058, "geometry": {"type": "LineString", "coordinates": [[-81.33572679999997, 48.46486099906388], [-81.33745059999995, 48.46486509906384]]}, "properties": {"OBJECTID": 47865058}}, {"type": "Feature", "id": 47866258, "geometry": {"type": "LineString", "coordinates": [[-83.345261, 47.83448329906157], [-83.34557699999999, 47.834674799061546]]}, "properties": {"OBJECTID": 47866258}}, {"type": "Feature", "id": 47869554, "geometry": {"type": "LineString", "coordinates": [[-81.34327199999996, 48.48924589906397], [-81.3421406, 48.489246699063976]]}, "properties": {"OBJECTID": 47869554}}, {"type": "Feature", "id": 47870578, "geometry": {"type": "LineString", "coordinates": [[-81.3534022, 48.49475529906397], [-81.3568113, 48.49477269906396]]}, "properties": {"OBJECTID": 47870578}}, {"type": "Feature", "id": 47871714, "geometry": {"type": "LineString", "coordinates": [[-81.32071079999997, 48.48815859906396], [-81.32071509999997, 48.488842299063975]]}, "properties": {"OBJECTID": 47871714}}, {"type": "Feature", "id": 47875106, "geometry": {"type": "LineString", "coordinates": [[-81.4423031, 48.449564399063824], [-81.44215329999997, 48.4504722990638]]}, "properties": {"OBJECTID": 47875106}}, {"type": "Feature", "id": 47875250, "geometry": {"type": "LineString", "coordinates": [[-84.77407639999996, 47.99643989906213], [-84.77421479999998, 47.996578899062136], [-84.77430229999999, 47.9966816990621], [-84.77437939999999, 47.99679489906208], [-84.77444629999997, 47.99691829906209], [-84.77448229999999, 47.997052099062095], [-84.77450289999996, 47.9973091990621], [-84.77449689999997, 47.9975727990621]]}, "properties": {"OBJECTID": 47875250}}, {"type": "Feature", "id": 47880098, "geometry": {"type": "LineString", "coordinates": [[-81.29680439999998, 48.47488049906393], [-81.29838519999998, 48.47510219906392]]}, "properties": {"OBJECTID": 47880098}}, {"type": "Feature", "id": 47881954, "geometry": {"type": "LineString", "coordinates": [[-81.3410634, 48.48924659906394], [-81.34105089999997, 48.49144339906398]]}, "properties": {"OBJECTID": 47881954}}, {"type": "Feature", "id": 47882466, "geometry": {"type": "LineString", "coordinates": [[-83.4504263, 47.816476699061475], [-83.45021889999998, 47.81681289906148], [-83.44965489999998, 47.81788669906151], [-83.44943899999998, 47.8181252990615], [-83.44898669999998, 47.8184498990615], [-83.44856529999998, 47.81886379906152], [-83.44833309999996, 47.8190396990615], [-83.44794029999997, 47.81921009906149], [-83.44762249999997, 47.81927089906152], [-83.4474227, 47.81928409906149], [-83.44673989999995, 47.81925369906153], [-83.44648669999998, 47.819268099061524], [-83.44616889999998, 47.819328899061496], [-83.44589459999997, 47.81946069906152], [-83.44568949999996, 47.819644999061516], [-83.44536019999998, 47.82002999906152], [-83.44506079999996, 47.820198299061495], [-83.44483689999998, 47.820266099061506], [-83.44453199999998, 47.820317599061504], [-83.44423789999996, 47.820314799061485], [-83.4440093, 47.82028369906149], [-83.44342739999996, 47.82012509906152], [-83.44253129999998, 47.81982029906149], [-83.44172479999997, 47.81943249906149], [-83.44081649999998, 47.81886699906149], [-83.44050239999996, 47.8187206990615]]}, "properties": {"OBJECTID": 47882466}}, {"type": "Feature", "id": 47884978, "geometry": {"type": "LineString", "coordinates": [[-81.28950079999998, 48.473729999063934], [-81.2878771, 48.473707099063894], [-81.28698659999998, 48.47369319906389], [-81.28694039999999, 48.473692399063886], [-81.28689969999999, 48.47369759906391], [-81.28686059999995, 48.4737078990639], [-81.28682329999998, 48.47372189906393], [-81.28679, 48.47374189906393], [-81.28676629999995, 48.473763399063884], [-81.28675009999995, 48.4737912990639], [-81.28674509999996, 48.4738150990639], [-81.28674259999997, 48.474069799063884]]}, "properties": {"OBJECTID": 47884978}}, {"type": "Feature", "id": 47890850, "geometry": {"type": "LineString", "coordinates": [[-81.3308313, 48.481242799063935], [-81.33081169999997, 48.48332469906394]]}, "properties": {"OBJECTID": 47890850}}, {"type": "Feature", "id": 47892994, "geometry": {"type": "LineString", "coordinates": [[-84.7703644, 47.99214409906208], [-84.77077739999999, 47.992150499062106], [-84.7709011, 47.99221279906209]]}, "properties": {"OBJECTID": 47892994}}, {"type": "Feature", "id": 47894978, "geometry": {"type": "LineString", "coordinates": [[-81.02529319999996, 48.56678989906427], [-81.0253745, 48.56681689906431], [-81.0256321, 48.56678979906431], [-81.02771949999999, 48.56680739906429], [-81.03528309999996, 48.566796299064286], [-81.03555419999998, 48.566868199064295]]}, "properties": {"OBJECTID": 47894978}}, {"type": "Feature", "id": 47897730, "geometry": {"type": "LineString", "coordinates": [[-84.84892259999998, 47.93607799906189], [-84.84892589999998, 47.936254999061894], [-84.84897589999997, 47.93636919906188], [-84.8489616, 47.93653339906192], [-84.84888309999997, 47.9366903990619], [-84.84873319999997, 47.936790299061926], [-84.84837629999998, 47.936847399061904], [-84.8480194, 47.93689739906189], [-84.8476981, 47.936975899061935], [-84.84743399999996, 47.93707589906191], [-84.8471485, 47.93725429906188], [-84.84694859999996, 47.937332899061886], [-84.84674869999998, 47.93737569906191], [-84.8465132, 47.937375699061896], [-84.84629899999999, 47.93733999906189], [-84.8460063, 47.937318599061896], [-84.84562799999998, 47.937289999061896], [-84.84509979999996, 47.93731859906191], [-84.84462859999996, 47.9373328990619], [-84.84412889999999, 47.93733289906191], [-84.84377919999997, 47.93736139906191], [-84.8432224, 47.93745419906192], [-84.84276549999998, 47.937561299061905], [-84.84242999999998, 47.93768979906192], [-84.8419232, 47.937903899061915], [-84.84155199999998, 47.93805379906192], [-84.8411094, 47.93823939906192], [-84.84055259999997, 47.93841079906193], [-84.84030279999996, 47.93845359906188], [-84.83998149999996, 47.93851069906188], [-84.83977449999998, 47.93856069906194], [-84.83946039999995, 47.938667699061874], [-84.83915349999995, 47.93878909906189], [-84.838818, 47.93888899906189], [-84.83851819999995, 47.9389817990619], [-84.83831829999997, 47.93904609906194], [-84.83819699999998, 47.93916029906191], [-84.83803279999995, 47.939352999061924], [-84.83789709999996, 47.939474399061886], [-84.83771869999998, 47.93953149906193], [-84.83756159999996, 47.93955289906191], [-84.83738319999998, 47.939545799061904], [-84.83714049999998, 47.939495799061916], [-84.8367907, 47.9393743990619], [-84.83656229999997, 47.9393030990619], [-84.8363703, 47.93930249906188]]}, "properties": {"OBJECTID": 47897730}}, {"type": "Feature", "id": 47897810, "geometry": {"type": "LineString", "coordinates": [[-81.32703459999999, 48.4772640990639], [-81.32592779999999, 48.477267199063924]]}, "properties": {"OBJECTID": 47897810}}, {"type": "Feature", "id": 47897890, "geometry": {"type": "LineString", "coordinates": [[-84.5569289, 48.0837769990624], [-84.55768229999995, 48.08374799906241], [-84.56008659999998, 48.08373609906239], [-84.56036789999996, 48.083751099062425], [-84.56058039999999, 48.08380059906242], [-84.5606952, 48.08392899906241], [-84.56072819999997, 48.084082699062414], [-84.56070949999997, 48.0850450990624]]}, "properties": {"OBJECTID": 47897890}}, {"type": "Feature", "id": 47898034, "geometry": {"type": "LineString", "coordinates": [[-82.43953729999998, 48.24131839906298], [-82.4388472, 48.241686999062985]]}, "properties": {"OBJECTID": 47898034}}, {"type": "Feature", "id": 47905266, "geometry": {"type": "LineString", "coordinates": [[-81.36572089999999, 48.4748120990639], [-81.36614589999999, 48.47514749906394], [-81.36615599999999, 48.475155299063935], [-81.36616579999998, 48.475163199063886], [-81.36617519999999, 48.47517139906391], [-81.3661841, 48.47517979906392], [-81.36619249999995, 48.47518839906392], [-81.36620049999999, 48.475197199063906], [-81.3662081, 48.475206199063884], [-81.36621509999998, 48.4752152990639], [-81.36622169999998, 48.4752246990639], [-81.36622779999999, 48.47523409906391], [-81.36623329999998, 48.475243699063896], [-81.36623839999999, 48.475253399063924], [-81.36624289999997, 48.47526319906391], [-81.36624699999999, 48.47527319906389], [-81.36625049999998, 48.47528319906392], [-81.3662534, 48.47529329906392], [-81.3662559, 48.47530339906392], [-81.36625779999997, 48.47531359906394], [-81.36625909999998, 48.47532389906392], [-81.36626859999996, 48.47573789906391]]}, "properties": {"OBJECTID": 47905266}}, {"type": "Feature", "id": 47910226, "geometry": {"type": "LineString", "coordinates": [[-84.51505209999999, 47.99802719906211], [-84.51547629999999, 47.99812639906213], [-84.5157524, 47.99824029906211], [-84.51611309999998, 47.998545099062085], [-84.51621029999995, 47.99875409906214], [-84.51659609999996, 47.99909539906213], [-84.51686869999997, 47.999281299062105], [-84.51698239999996, 47.9994276990621], [-84.51732019999997, 47.99965089906211], [-84.51792509999996, 47.99989799906213], [-84.51801279999995, 48.0000257990621], [-84.5190796, 48.0009846990621], [-84.5193544, 48.00112559906212], [-84.52026469999998, 48.001433199062106], [-84.52062459999996, 48.00147699906212], [-84.5209418, 48.001573799062115], [-84.52158599999996, 48.00183969906211], [-84.52213339999997, 48.00216639906213], [-84.5225729, 48.00250879906214], [-84.5227941, 48.002648599062155], [-84.52338779999997, 48.00285029906213], [-84.52359989999997, 48.00289989906215], [-84.52424409999998, 48.002886799062104], [-84.52550309999998, 48.0026349990621], [-84.5258518, 48.00263349906211], [-84.52616239999998, 48.00258619906211], [-84.52762189999999, 48.002626699062105], [-84.52821719999997, 48.00251349906212], [-84.52872179999997, 48.00233539906217], [-84.52908689999998, 48.00227129906212], [-84.52977379999999, 48.002205099062145], [-84.53055839999996, 48.00205999906213], [-84.53081199999997, 48.00208349906213], [-84.53105049999999, 48.002142599062125], [-84.5312199, 48.0022451990621], [-84.5330113, 48.00375939906215], [-84.5331941, 48.00386229906215], [-84.53328749999997, 48.00387329906213]]}, "properties": {"OBJECTID": 47910226}}, {"type": "Feature", "id": 47915970, "geometry": {"type": "LineString", "coordinates": [[-80.88733209999998, 48.60974869906444], [-80.88715579999996, 48.60974849906446], [-80.88620579999997, 48.609882599064484], [-80.88589359999997, 48.60998119906451], [-80.8853368, 48.610223599064476], [-80.88514659999998, 48.61036729906444], [-80.88498319999997, 48.61063699906444], [-80.8847778, 48.61143749906446]]}, "properties": {"OBJECTID": 47915970}}, {"type": "Feature", "id": 47917042, "geometry": {"type": "LineString", "coordinates": [[-81.30265829999996, 48.47560839906388], [-81.30109369999997, 48.47562549906392]]}, "properties": {"OBJECTID": 47917042}}, {"type": "Feature", "id": 47917458, "geometry": {"type": "LineString", "coordinates": [[-81.32955349999997, 48.477256799063916], [-81.3295483, 48.47845219906396]]}, "properties": {"OBJECTID": 47917458}}, {"type": "Feature", "id": 47917938, "geometry": {"type": "LineString", "coordinates": [[-80.94354049999998, 48.54595239906421], [-80.94343749999996, 48.56540239906429], [-80.9434364, 48.565748799064245], [-80.94342419999998, 48.56589479906428], [-80.94338769999996, 48.5660285990643], [-80.94321129999997, 48.56638129906431], [-80.94316269999996, 48.566527299064276], [-80.9431444, 48.56667329906432], [-80.9431505, 48.56683749906428], [-80.94318089999996, 48.566989599064264], [-80.94327219999997, 48.56722679906427], [-80.943333, 48.56740919906431], [-80.94337559999997, 48.56754909906426], [-80.94339989999997, 48.56770729906426], [-80.9434076, 48.56793029906427], [-80.94340599999998, 48.57097339906429], [-80.94340339999997, 48.5716187990643], [-80.94341809999997, 48.573150799064294], [-80.94340599999998, 48.573314999064344], [-80.94337559999997, 48.5734730990643], [-80.94331469999997, 48.57361909906432], [-80.94323839999998, 48.573768799064325], [-80.94234179999995, 48.5753246990643], [-80.9421226, 48.575650599064296], [-80.94198879999999, 48.57581039906432], [-80.9417942, 48.57602159906433], [-80.94156809999998, 48.57621499906434], [-80.94131979999997, 48.57640479906433], [-80.94111909999998, 48.57652029906432], [-80.94085149999995, 48.576635899064335], [-80.94066149999998, 48.57669169906432], [-80.94046219999996, 48.57671489906433], [-80.93998779999998, 48.57675139906434], [-80.93978099999998, 48.5767757990643], [-80.93955599999998, 48.57681229906432], [-80.93935529999999, 48.5768730990643], [-80.93921539999997, 48.57696429906435], [-80.93913019999997, 48.577067699064344], [-80.9390876, 48.57719539906436], [-80.93895379999998, 48.57780359906434], [-80.93766439999996, 48.58262679906435], [-80.9376011, 48.58289709906436], [-80.93759139999997, 48.58304039906435], [-80.93760359999999, 48.583216799064324], [-80.93762179999999, 48.583368799064345], [-80.93768269999998, 48.583563499064354], [-80.93868129999998, 48.586622199064365], [-80.93900859999997, 48.58769929906435], [-80.93908159999995, 48.5878574990644], [-80.93914849999999, 48.587954799064384], [-80.9392823, 48.58805209906437], [-80.93942219999997, 48.5881067990644], [-80.93954739999998, 48.588142999064345], [-80.93970189999999, 48.588173699064384], [-80.93988629999996, 48.588188199064405], [-80.94294979999995, 48.58814939906436], [-80.94311399999998, 48.588179799064385], [-80.9432539, 48.58823459906435], [-80.9433391, 48.58831969906436], [-80.94339379999997, 48.58842919906436], [-80.94342419999998, 48.58858729906438], [-80.94339989999997, 48.58977939906436], [-80.94339629999996, 48.59012409906439], [-80.94340599999998, 48.59153109906436], [-80.94341209999999, 48.593519999064384], [-80.94341809999997, 48.59485199906439], [-80.94340599999998, 48.59500399906441], [-80.94334999999995, 48.59513499906441], [-80.9432478, 48.59522909906441], [-80.94308969999997, 48.59530199906437], [-80.9429078, 48.59533529906442], [-80.94264569999996, 48.59533249906441], [-80.93779819999997, 48.595301999064375], [-80.93423409999997, 48.59529599906439], [-80.93381439999996, 48.59529599906439], [-80.93353459999997, 48.59532639906441], [-80.93333999999999, 48.59537499906441], [-80.9331393, 48.595447999064426], [-80.93294469999995, 48.59556359906444], [-80.93279259999997, 48.59569739906438], [-80.93270139999998, 48.595831199064406], [-80.9326527, 48.5959406990644], [-80.9326284, 48.59607449906442], [-80.93262069999997, 48.596289799064394], [-80.93255629999999, 48.60390949906445], [-80.93253959999998, 48.606275499064466], [-80.93250899999998, 48.60885739906446], [-80.93246599999998, 48.61060269906445], [-80.93236939999997, 48.61182609906449], [-80.9322047, 48.6131497990645], [-80.93214789999996, 48.61339309906444], [-80.93206859999998, 48.613580199064444], [-80.93196949999998, 48.61377429906451], [-80.93182379999996, 48.614020899064464], [-80.93170999999995, 48.614252699064465], [-80.93166329999997, 48.61437639906448], [-80.9316268, 48.61455279906447], [-80.93156599999998, 48.61527049906447], [-80.93152249999997, 48.61606279906447], [-80.93154169999997, 48.6183236990645], [-80.93151319999998, 48.618785599064516]]}, "properties": {"OBJECTID": 47917938}}, {"type": "Feature", "id": 47918338, "geometry": {"type": "LineString", "coordinates": [[-84.48124389999998, 47.93958539906188], [-84.48847459999996, 47.9393209990619], [-84.48922679999998, 47.93927439906194], [-84.49374699999998, 47.9391212990619], [-84.49946299999999, 47.93888599906192], [-84.50000069999999, 47.93884379906192], [-84.5008211, 47.93877159906188], [-84.5021817, 47.9386032990619], [-84.50869979999999, 47.9375571990619], [-84.51020749999998, 47.937391999061916], [-84.5109592, 47.937354299061916], [-84.51172299999996, 47.93734379906188], [-84.513194, 47.93738469906188], [-84.5145541, 47.937504199061905], [-84.51581849999997, 47.93766649906192], [-84.51699869999999, 47.93790799906194], [-84.51808269999998, 47.9382013990619], [-84.51962459999999, 47.938720599061895], [-84.5209633, 47.939289399061884], [-84.52213839999996, 47.93991769906192], [-84.52730209999999, 47.9428364990619]]}, "properties": {"OBJECTID": 47918338}}, {"type": "Feature", "id": 47921122, "geometry": {"type": "LineString", "coordinates": [[-81.16563289999999, 48.494207899064016], [-81.1656223, 48.49510759906399]]}, "properties": {"OBJECTID": 47921122}}, {"type": "Feature", "id": 47923762, "geometry": {"type": "LineString", "coordinates": [[-84.74741469999998, 47.98460719906209], [-84.7471625, 47.984616699062045], [-84.74704349999996, 47.98465479906207], [-84.74698639999997, 47.984726199062045], [-84.7469959, 47.98483089906206], [-84.74702919999999, 47.98497369906206], [-84.74701969999995, 47.98514969906206], [-84.74698159999997, 47.985325799062046], [-84.74687219999998, 47.98550669906207], [-84.74668659999998, 47.98570649906209], [-84.74648189999999, 47.98593969906206], [-84.74639629999996, 47.98602539906206]]}, "properties": {"OBJECTID": 47923762}}, {"type": "Feature", "id": 47924914, "geometry": {"type": "LineString", "coordinates": [[-83.3520423, 48.0444039990623], [-83.35130379999998, 48.044392099062286], [-83.35111689999997, 48.04441399906227], [-83.35093169999999, 48.044471699062285], [-83.35066889999996, 48.044594099062294], [-83.34989679999995, 48.045023799062285], [-83.34938459999995, 48.04526819906226], [-83.34822489999999, 48.04573279906224], [-83.34702779999998, 48.04626119906226], [-83.34659189999996, 48.04641409906231], [-83.34640869999998, 48.04651679906227]]}, "properties": {"OBJECTID": 47924914}}, {"type": "Feature", "id": 47926530, "geometry": {"type": "LineString", "coordinates": [[-81.28950079999998, 48.473729999063934], [-81.28951659999996, 48.474116799063935]]}, "properties": {"OBJECTID": 47926530}}, {"type": "Feature", "id": 47929058, "geometry": {"type": "LineString", "coordinates": [[-81.32702969999997, 48.47844909906393], [-81.3270498, 48.48015619906393]]}, "properties": {"OBJECTID": 47929058}}, {"type": "Feature", "id": 47933826, "geometry": {"type": "LineString", "coordinates": [[-81.33572239999995, 48.47383579906391], [-81.33570729999997, 48.47465039906391]]}, "properties": {"OBJECTID": 47933826}}, {"type": "Feature", "id": 47934114, "geometry": {"type": "LineString", "coordinates": [[-81.33927409999995, 48.47319819906389], [-81.33929229999995, 48.473899899063916]]}, "properties": {"OBJECTID": 47934114}}, {"type": "Feature", "id": 47935474, "geometry": {"type": "LineString", "coordinates": [[-81.56422929999997, 48.26241419906308], [-81.5639845, 48.2622084990631], [-81.5636594, 48.26205709906311], [-81.56320019999998, 48.261960399063085], [-81.56272639999997, 48.26175579906306], [-81.56256329999997, 48.2616305990631], [-81.56233129999998, 48.26136189906306], [-81.56211439999998, 48.26123699906304], [-81.56199279999998, 48.261210599063084], [-81.56169619999997, 48.26119399906309], [-81.56148099999996, 48.26123109906309], [-81.56105129999997, 48.26135909906311], [-81.55969599999997, 48.261869599063054], [-81.55941479999996, 48.262032899063065], [-81.55898759999997, 48.262394799063095], [-81.5588669, 48.26244939906309], [-81.558854, 48.26250339906308]]}, "properties": {"OBJECTID": 47935474}}, {"type": "Feature", "id": 47935938, "geometry": {"type": "LineString", "coordinates": [[-81.3413127, 48.46815269906387], [-81.34231139999997, 48.4681421990639], [-81.34310239999996, 48.46814489906388], [-81.34321309999996, 48.468153399063866], [-81.34331529999997, 48.46817899906387], [-81.34338069999995, 48.46822899906386], [-81.34340469999995, 48.46831099906388], [-81.343415, 48.468883499063864]]}, "properties": {"OBJECTID": 47935938}}, {"type": "Feature", "id": 47944898, "geometry": {"type": "LineString", "coordinates": [[-81.37101489999998, 48.47553179906389], [-81.36860469999999, 48.47553799906391]]}, "properties": {"OBJECTID": 47944898}}, {"type": "Feature", "id": 47949218, "geometry": {"type": "LineString", "coordinates": [[-81.32533289999998, 48.46598729906385], [-81.32417599999997, 48.465999499063855], [-81.32301489999998, 48.46602369906391], [-81.32071869999999, 48.46612009906386], [-81.31879729999997, 48.466197399063844], [-81.31669569999997, 48.46623499906389]]}, "properties": {"OBJECTID": 47949218}}, {"type": "Feature", "id": 47949842, "geometry": {"type": "LineString", "coordinates": [[-81.33888669999999, 48.489246299063986], [-81.33887419999996, 48.49144229906397]]}, "properties": {"OBJECTID": 47949842}}, {"type": "Feature", "id": 47950162, "geometry": {"type": "LineString", "coordinates": [[-81.35265249999998, 48.47611789906391], [-81.3512278, 48.47614019906391], [-81.34968519999995, 48.47613589906392], [-81.34955719999999, 48.476125699063914]]}, "properties": {"OBJECTID": 47950162}}, {"type": "Feature", "id": 47953346, "geometry": {"type": "LineString", "coordinates": [[-82.75517409999998, 47.59686909906082], [-82.75513719999998, 47.596959599060824], [-82.75515519999999, 47.59749919906079], [-82.75513129999996, 47.5979764990608]]}, "properties": {"OBJECTID": 47953346}}, {"type": "Feature", "id": 47955618, "geometry": {"type": "LineString", "coordinates": [[-81.34526649999998, 48.47897409906392], [-81.34339999999997, 48.4789772990639]]}, "properties": {"OBJECTID": 47955618}}, {"type": "Feature", "id": 47959394, "geometry": {"type": "LineString", "coordinates": [[-84.77460939999997, 47.99339989906212], [-84.77455199999997, 47.99348399906209], [-84.77450819999996, 47.99355249906211], [-84.77449679999995, 47.9936172990621], [-84.77449299999995, 47.99379429906213], [-84.7744912, 47.99396449906208]]}, "properties": {"OBJECTID": 47959394}}, {"type": "Feature", "id": 47959714, "geometry": {"type": "LineString", "coordinates": [[-81.33203169999996, 48.46527419906385], [-81.33203449999996, 48.466453699063884]]}, "properties": {"OBJECTID": 47959714}}, {"type": "Feature", "id": 47959778, "geometry": {"type": "LineString", "coordinates": [[-81.33229599999999, 48.46152639906386], [-81.33286079999999, 48.46162699906385], [-81.33313569999996, 48.461681299063855], [-81.33336859999997, 48.46173269906385]]}, "properties": {"OBJECTID": 47959778}}, {"type": "Feature", "id": 47960002, "geometry": {"type": "LineString", "coordinates": [[-82.4417259, 48.24443099906301], [-82.44070449999998, 48.24499259906304]]}, "properties": {"OBJECTID": 47960002}}, {"type": "Feature", "id": 47961250, "geometry": {"type": "LineString", "coordinates": [[-81.3270291, 48.48332989906391], [-81.32703199999997, 48.48457679906393]]}, "properties": {"OBJECTID": 47961250}}, {"type": "Feature", "id": 47961346, "geometry": {"type": "LineString", "coordinates": [[-81.35468529999997, 48.48603059906398], [-81.35100519999997, 48.48604989906394]]}, "properties": {"OBJECTID": 47961346}}, {"type": "Feature", "id": 47967874, "geometry": {"type": "LineString", "coordinates": [[-82.75565589999997, 47.58940219906076], [-82.75585559999996, 47.58980399906077]]}, "properties": {"OBJECTID": 47967874}}, {"type": "Feature", "id": 47972722, "geometry": {"type": "LineString", "coordinates": [[-81.7277699, 47.67626539906106], [-81.72833659999998, 47.676774699061035], [-81.72851149999997, 47.67689949906108], [-81.7286853, 47.67694339906105], [-81.72888509999996, 47.67694209906105]]}, "properties": {"OBJECTID": 47972722}}, {"type": "Feature", "id": 47977842, "geometry": {"type": "LineString", "coordinates": [[-81.31395459999999, 48.47783779906392], [-81.3136773, 48.47877239906393], [-81.31329719999997, 48.47984829906392]]}, "properties": {"OBJECTID": 47977842}}, {"type": "Feature", "id": 47985266, "geometry": {"type": "LineString", "coordinates": [[-81.327159, 48.4659745990639], [-81.32718339999997, 48.4674259990639]]}, "properties": {"OBJECTID": 47985266}}, {"type": "Feature", "id": 47985842, "geometry": {"type": "LineString", "coordinates": [[-81.18155999999999, 48.49522659906399], [-81.1808547, 48.495554599064036], [-81.1801673, 48.49582859906401], [-81.1795563, 48.496062199064006], [-81.17889129999998, 48.49629589906397], [-81.17838369999998, 48.496497999064], [-81.17830829999997, 48.49654529906402], [-81.1782579, 48.496596899064016], [-81.17819939999998, 48.496664299063994]]}, "properties": {"OBJECTID": 47985842}}, {"type": "Feature", "id": 47987714, "geometry": {"type": "LineString", "coordinates": [[-84.779651, 47.9915568990621], [-84.78066949999999, 47.9915644990621], [-84.7808837, 47.9915644990621], [-84.78097879999996, 47.99156449906211], [-84.78107699999998, 47.99155849906207]]}, "properties": {"OBJECTID": 47987714}}, {"type": "Feature", "id": 47993010, "geometry": {"type": "LineString", "coordinates": [[-81.71945569999997, 47.67522909906104], [-81.71932299999997, 47.67526589906103], [-81.7189103, 47.675286499061045], [-81.71865829999996, 47.675369099061044], [-81.7174139, 47.67594369906102], [-81.71724219999999, 47.67605269906104], [-81.71712389999999, 47.67617049906103], [-81.71695399999999, 47.676414499061046]]}, "properties": {"OBJECTID": 47993010}}, {"type": "Feature", "id": 47994770, "geometry": {"type": "LineString", "coordinates": [[-84.83151959999998, 47.95409269906198], [-84.83123999999998, 47.954241399061935], [-84.83100199999996, 47.95442579906196], [-84.83090089999996, 47.95460419906195], [-84.83088899999996, 47.954776699061966], [-84.8309782, 47.95498489906195], [-84.83107939999996, 47.955199099061964], [-84.83110319999997, 47.95537759906196], [-84.83110319999997, 47.955585799061936], [-84.83108529999998, 47.95597839906198], [-84.8310318, 47.956418599061955], [-84.83096039999998, 47.95673389906197], [-84.83091869999998, 47.95708479906197], [-84.8309544, 47.957287099061986], [-84.83106499999997, 47.95772389906196]]}, "properties": {"OBJECTID": 47994770}}, {"type": "Feature", "id": 47994834, "geometry": {"type": "LineString", "coordinates": [[-81.32972889999996, 48.33420199906334], [-81.33256409999996, 48.33652399906333], [-81.33400449999999, 48.338076199063394], [-81.33457619999996, 48.33882129906335], [-81.33458279999996, 48.33982889906341], [-81.33447149999995, 48.341385599063386], [-81.33354299999996, 48.34386239906339], [-81.33276899999998, 48.34520509906341], [-81.33266199999997, 48.34535839906337], [-81.33244829999995, 48.345691899063404], [-81.33164359999995, 48.34648589906338], [-81.3280512, 48.34820559906341], [-81.32674829999996, 48.34918989906338], [-81.32481619999999, 48.350994699063406], [-81.32191509999996, 48.353278999063434]]}, "properties": {"OBJECTID": 47994834}}, {"type": "Feature", "id": 47995026, "geometry": {"type": "LineString", "coordinates": [[-81.36628639999998, 48.47631839906391], [-81.36754289999999, 48.476326199063905]]}, "properties": {"OBJECTID": 47995026}}, {"type": "Feature", "id": 47998818, "geometry": {"type": "LineString", "coordinates": [[-84.54421249999996, 47.948004499061945], [-84.54424409999996, 47.948185099061966], [-84.5441088, 47.948497199061926], [-84.54218039999995, 47.95159629906193], [-84.5417397, 47.952414599061925], [-84.54133519999999, 47.95303579906194], [-84.54104239999998, 47.953560499061986], [-84.5408569, 47.953799399061964], [-84.5407237, 47.95406649906195], [-84.54033249999998, 47.954687999061974], [-84.53961819999995, 47.95562649906199], [-84.53927949999996, 47.95598819906198], [-84.53871899999996, 47.956506999061986], [-84.5376713, 47.95741139906196], [-84.53693389999995, 47.95798939906197], [-84.53657519999996, 47.95820669906194], [-84.5361782, 47.958387099061994], [-84.53574349999997, 47.958512799062], [-84.53533779999998, 47.958593999061954], [-84.53470749999997, 47.95860749906198], [-84.53342359999999, 47.95856189906196], [-84.53194979999995, 47.95856619906195]]}, "properties": {"OBJECTID": 47998818}}, {"type": "Feature", "id": 48001218, "geometry": {"type": "LineString", "coordinates": [[-81.28384249999999, 48.188792299062825], [-81.28368179999995, 48.18892769906279], [-81.28315899999996, 48.18927079906281], [-81.28283749999997, 48.189541499062784], [-81.2826369, 48.18975799906282], [-81.28247779999998, 48.190190199062805], [-81.28250609999998, 48.1904419990628], [-81.2824546, 48.19085599906278], [-81.2823616, 48.191072199062795], [-81.28204149999999, 48.19158579906283], [-81.28163989999996, 48.19196459906279], [-81.2804198, 48.19277729906284], [-81.27965589999997, 48.19334599906282], [-81.27880039999997, 48.19439169906284], [-81.27853269999997, 48.19464429906285], [-81.27843959999996, 48.19484239906282], [-81.27821269999998, 48.19519389906286], [-81.27769389999997, 48.19631069906284], [-81.27764159999998, 48.19658079906286], [-81.27682139999996, 48.19920979906283], [-81.276769, 48.19947989906284], [-81.27681229999996, 48.20001059906285], [-81.27699009999998, 48.20054099906287], [-81.27715279999995, 48.20076549906287], [-81.27761219999996, 48.20110629906287], [-81.27798989999997, 48.20127629906285], [-81.28029519999996, 48.20199949906283], [-81.28098309999996, 48.20227669906286], [-81.2812801, 48.20243789906283], [-81.28153679999997, 48.20262619906282], [-81.28206419999998, 48.203083799062824], [-81.28237489999998, 48.20328989906285], [-81.28402189999997, 48.204212499062876], [-81.28438719999997, 48.204544499062834], [-81.28465829999999, 48.20490369906288], [-81.28506569999996, 48.20555049906285], [-81.28547229999998, 48.20605329906285], [-81.2856218, 48.20631379906287], [-81.28594719999995, 48.206753899062875], [-81.2861653, 48.20723919906284], [-81.28630279999999, 48.20776959906285], [-81.28637409999999, 48.20847119906288], [-81.2865802, 48.209235399062855], [-81.28704339999996, 48.2102328990629], [-81.28719279999996, 48.21046649906285], [-81.28745149999997, 48.21098769906289], [-81.28760189999997, 48.21141009906288], [-81.28763029999999, 48.211670999062896], [-81.28755089999999, 48.211923099062886], [-81.28724349999999, 48.21231069906291], [-81.28657379999999, 48.212906199062886], [-81.28597059999998, 48.21337549906292], [-81.2856352, 48.2135652990629], [-81.28536639999999, 48.213655899062914], [-81.2840893, 48.21395599906287], [-81.28372639999998, 48.214064799062896], [-81.2829878, 48.21438159906289], [-81.28267879999999, 48.21449029906289], [-81.28196599999995, 48.214608999062875], [-81.28033819999996, 48.21480189906287], [-81.27918169999998, 48.21503859906288], [-81.27889919999996, 48.2150752990629], [-81.27853579999999, 48.21507619906287], [-81.27818559999997, 48.21504099906292], [-81.27786199999997, 48.2149518990629], [-81.27729519999997, 48.214683299062926], [-81.27701189999999, 48.21457599906289], [-81.27671549999997, 48.21452279906288], [-81.2762578, 48.21452389906289], [-81.2758948, 48.214614699062906], [-81.27558589999995, 48.21475039906289], [-81.27507649999995, 48.21513849906289], [-81.27490239999997, 48.215309899062895], [-81.27474229999996, 48.21558009906288], [-81.27473069999996, 48.21593999906293], [-81.27490979999999, 48.216695399062935], [-81.274764, 48.21712749906289], [-81.27463069999999, 48.217370799062905], [-81.27410939999999, 48.21806479906293], [-81.27372109999999, 48.21847059906293], [-81.27318489999999, 48.2188946990629], [-81.27286269999996, 48.21906639906292], [-81.27209699999997, 48.21939209906294], [-81.27178839999999, 48.219572799062924], [-81.27119819999996, 48.21999699906292], [-81.2709964, 48.2200244990629], [-81.26999909999995, 48.219828899062925], [-81.26966239999996, 48.219802699062896], [-81.26812759999996, 48.21979729906293], [-81.2678042, 48.21974409906291], [-81.26754779999999, 48.21962769906294], [-81.26712809999998, 48.21916979906291], [-81.26688489999998, 48.21900849906292], [-81.2666423, 48.2189459990629], [-81.26613049999997, 48.2189021990629], [-81.26529569999997, 48.218895199062906], [-81.26494559999998, 48.21886899906293], [-81.26408329999998, 48.2187449990629], [-81.262494, 48.21859569906292], [-81.26198169999998, 48.218461899062916], [-81.26164489999996, 48.218408699062884], [-81.2613083, 48.21840949906289], [-81.260985, 48.218365199062944], [-81.26066119999996, 48.21823999906293], [-81.26036429999999, 48.21807869906293], [-81.26014799999996, 48.21790829906293], [-81.26003929999996, 48.217719599062896], [-81.26001129999997, 48.21749469906292], [-81.26005049999998, 48.21726969906292], [-81.26013019999999, 48.21706259906289], [-81.2601158, 48.2168646990629], [-81.25995219999999, 48.216460199062915], [-81.25996469999995, 48.21628029906293], [-81.26044639999998, 48.21568539906292], [-81.26065999999997, 48.215342999062884], [-81.26071179999997, 48.21492909906287], [-81.26112409999996, 48.21395649906287], [-81.26121639999997, 48.21356939906291], [-81.2611743, 48.213245599062915], [-81.2609832, 48.2127241990629], [-81.2606983, 48.212274999062906], [-81.26035959999996, 48.211852899062855], [-81.2601297, 48.211637499062846], [-81.25821239999999, 48.21046329906287], [-81.25717199999997, 48.20968289906287], [-81.25663169999996, 48.20931519906291], [-81.25621259999997, 48.20893829906286], [-81.25526709999997, 48.20828359906286], [-81.25449699999996, 48.20769149906285], [-81.25403739999996, 48.20728769906283], [-81.25379419999996, 48.20710829906287], [-81.25351069999999, 48.206946899062885], [-81.25258009999999, 48.20655309906286], [-81.25201319999996, 48.20623049906285], [-81.25170299999996, 48.20610519906286], [-81.25137959999995, 48.206015899062855], [-81.25028899999995, 48.20593739906288], [-81.24828339999999, 48.20590569906285], [-81.24630459999997, 48.20584699906285], [-81.24438019999997, 48.20589609906286], [-81.2435322, 48.20587989906286], [-81.24241459999996, 48.205783299062844], [-81.24132349999996, 48.20560559906285], [-81.24059649999998, 48.205553199062834], [-81.23834899999997, 48.205584899062856], [-81.23816059999996, 48.205603199062885], [-81.23793209999997, 48.205675699062844], [-81.23719439999996, 48.20621699906289], [-81.23684549999996, 48.20644269906286], [-81.23565019999995, 48.20700289906287], [-81.23456249999998, 48.20755399906286], [-81.23432049999997, 48.20763539906286], [-81.23407849999995, 48.20768089906286], [-81.23290709999998, 48.207602299062856], [-81.2326784, 48.20762979906286], [-81.2325171, 48.20767509906287], [-81.23236909999997, 48.207675399062865], [-81.2322342, 48.207612699062885], [-81.2320044, 48.20738819906287], [-81.23184149999997, 48.207082599062886], [-81.2314768, 48.20679549906284], [-81.23134199999998, 48.20675979906289], [-81.2310056, 48.206778399062856]]}, "properties": {"OBJECTID": 48001218}}, {"type": "Feature", "id": 48004130, "geometry": {"type": "LineString", "coordinates": [[-84.99512949999996, 48.304386499063234], [-84.9983866, 48.30524409906324], [-84.99922609999999, 48.30550159906323], [-85.00000999999997, 48.30580319906324], [-85.00019629999997, 48.30586939906322], [-85.00126899999998, 48.30637389906325], [-85.00181069999996, 48.306662199063226], [-85.00223359999995, 48.306920399063245], [-85.0025736, 48.30715039906323], [-85.0033517, 48.307753499063274], [-85.00386579999997, 48.308245299063245], [-85.004166, 48.308587199063254], [-85.00455779999999, 48.30904849906325], [-85.0048635, 48.30947919906323], [-85.0052025, 48.310076699063266], [-85.00543589999995, 48.310646399063245], [-85.0055509, 48.31104589906325], [-85.0058469, 48.31210369906325], [-85.0062974, 48.31383939906326], [-85.00682059999997, 48.31584549906329], [-85.00705569999997, 48.31683529906329], [-85.00723669999996, 48.31747709906329], [-85.00730329999999, 48.317769999063266], [-85.00744499999996, 48.318168599063306], [-85.00771849999995, 48.31876719906329], [-85.00804649999998, 48.319325699063306], [-85.008126, 48.31949469906328], [-85.00847619999996, 48.31996159906326], [-85.0088902, 48.32042289906332], [-85.00938839999998, 48.320919499063294], [-85.01001589999998, 48.32143419906329], [-85.01063309999995, 48.321867699063326], [-85.01129219999996, 48.3222659990633], [-85.01302809999999, 48.3232546990633], [-85.01535689999997, 48.324563599063325], [-85.01615729999997, 48.32500819906331], [-85.02092929999998, 48.327722699063344], [-85.02132659999995, 48.327928099063314], [-85.0218764, 48.328242899063326], [-85.02271009999998, 48.32871259906332], [-85.0245554, 48.32974909906332], [-85.02652009999997, 48.330857999063355], [-85.02712249999996, 48.331212099063336], [-85.0339649, 48.33503619906338], [-85.04035699999997, 48.3386631990634], [-85.04636879999998, 48.34202249906339], [-85.04753899999997, 48.34269949906341]]}, "properties": {"OBJECTID": 48004130}}, {"type": "Feature", "id": 48005490, "geometry": {"type": "LineString", "coordinates": [[-81.35681419999997, 48.47974579906395], [-81.355568, 48.47975009906395]]}, "properties": {"OBJECTID": 48005490}}, {"type": "Feature", "id": 48005890, "geometry": {"type": "LineString", "coordinates": [[-84.76668229999996, 47.99172219906209], [-84.7667525, 47.99177929906208], [-84.76691309999995, 47.99185309906209], [-84.76711539999997, 47.99194589906208], [-84.7673676, 47.992051799062075], [-84.76752009999996, 47.992100899062095]]}, "properties": {"OBJECTID": 48005890}}, {"type": "Feature", "id": 48008514, "geometry": {"type": "LineString", "coordinates": [[-81.89841529999995, 48.23769749906299], [-81.89410399999997, 48.23760519906298], [-81.89285129999996, 48.23759689906301], [-81.8894421, 48.23748839906298], [-81.87284969999996, 48.23668889906301], [-81.87144849999999, 48.236654499062986], [-81.87002139999998, 48.236683299062996], [-81.85519629999999, 48.237649199062986], [-81.85418799999997, 48.23775569906298], [-81.85365089999999, 48.23784969906299], [-81.8525778, 48.238109499062965], [-81.85160009999998, 48.23844069906299], [-81.84945859999999, 48.239248199063], [-81.84882859999999, 48.239432799063], [-81.84846619999996, 48.23950749906297]]}, "properties": {"OBJECTID": 48008514}}, {"type": "Feature", "id": 48011298, "geometry": {"type": "LineString", "coordinates": [[-81.523008, 47.79806669906146], [-81.52090049999998, 47.79830129906146], [-81.52042, 47.79833039906141]]}, "properties": {"OBJECTID": 48011298}}, {"type": "Feature", "id": 48013426, "geometry": {"type": "LineString", "coordinates": [[-84.54741989999997, 48.347961199063434], [-84.54888489999996, 48.34876059906344]]}, "properties": {"OBJECTID": 48013426}}, {"type": "Feature", "id": 48013954, "geometry": {"type": "LineString", "coordinates": [[-81.71849939999998, 47.67447029906101], [-81.71918669999997, 47.675041799061056], [-81.71945569999997, 47.67522909906104]]}, "properties": {"OBJECTID": 48013954}}, {"type": "Feature", "id": 48017058, "geometry": {"type": "LineString", "coordinates": [[-84.54956749999997, 48.080155899062405], [-84.549172, 48.0822619990624], [-84.54899669999998, 48.08284309906244], [-84.5488484, 48.08313689906239], [-84.548836, 48.0833975990624]]}, "properties": {"OBJECTID": 48017058}}, {"type": "Feature", "id": 48019794, "geometry": {"type": "LineString", "coordinates": [[-81.32242629999996, 48.483979699063944], [-81.3235368, 48.48398329906395]]}, "properties": {"OBJECTID": 48019794}}, {"type": "Feature", "id": 48020146, "geometry": {"type": "LineString", "coordinates": [[-81.46742939999996, 48.4275595990637], [-81.46843279999996, 48.42789739906371], [-81.46862239999996, 48.427932599063716], [-81.47133299999996, 48.42869529906371], [-81.472106, 48.42896199906372], [-81.4728662, 48.42930969906373], [-81.47360039999995, 48.4297564990637], [-81.4740079, 48.42997079906374], [-81.47504129999999, 48.430614299063706], [-81.4751771, 48.43067669906376], [-81.47539489999997, 48.43083769906375], [-81.47555789999996, 48.43091799906373], [-81.47611559999996, 48.43129359906371], [-81.47704019999998, 48.431856499063755], [-81.47986959999997, 48.43371599906372], [-81.48572049999996, 48.437649999063765], [-81.48653739999997, 48.43824929906374], [-81.48746269999998, 48.43886609906378], [-81.49010349999998, 48.440708199063764], [-81.49368299999998, 48.44313099906381], [-81.49473029999996, 48.443756199063756], [-81.49723169999999, 48.44512189906377], [-81.50000569999997, 48.446693299063824], [-81.50525379999999, 48.44954919906381], [-81.50609639999999, 48.449959399063815], [-81.50657149999995, 48.450146199063795], [-81.50705999999997, 48.45030599906381], [-81.50806339999997, 48.45057149906381], [-81.50861889999999, 48.45067699906384], [-81.50962019999997, 48.45072649906381], [-81.51218979999999, 48.45073309906382], [-81.51270349999999, 48.450712799063815], [-81.51350169999995, 48.4507362990638], [-81.51565199999999, 48.45073559906382], [-81.51759909999998, 48.45070889906378], [-81.51831609999999, 48.4507326990638], [-81.5196009, 48.4507268990638], [-81.52010089999999, 48.450688599063824], [-81.52153439999995, 48.45069109906382], [-81.52185929999996, 48.4507256990638], [-81.52244079999997, 48.450722999063835], [-81.52290019999998, 48.45067589906381], [-81.52334689999998, 48.450718899063816], [-81.52629489999998, 48.450696499063845], [-81.53002779999997, 48.450724299063836], [-81.53056849999996, 48.45070379906384], [-81.53074449999997, 48.45072099906383], [-81.53165049999996, 48.450707799063814], [-81.53641139999996, 48.45075769906378], [-81.5369116, 48.450737399063826], [-81.53762839999996, 48.45074299906384], [-81.53784459999997, 48.450723999063825], [-81.5387374, 48.450746799063836], [-81.54079289999999, 48.4507281990638], [-81.54118469999997, 48.45069939906381], [-81.54311869999998, 48.450699299063785], [-81.54528199999999, 48.45065299906383], [-81.54557969999996, 48.450669599063815], [-81.5479866, 48.45064019906379], [-81.54946099999995, 48.450660199063805], [-81.54996079999995, 48.45061279906382], [-81.55046169999997, 48.45065539906381], [-81.55757589999996, 48.450711099063824], [-81.56531129999996, 48.4506912990638], [-81.56928689999995, 48.45065379906379], [-81.5702197, 48.45062209906382], [-81.5707473, 48.450637499063824], [-81.574412, 48.45061029906384], [-81.57818549999996, 48.4506363990638], [-81.58446049999998, 48.45063169906382], [-81.58847789999999, 48.450701199063815], [-81.59048059999998, 48.450798899063784], [-81.59298439999998, 48.45095689906378], [-81.5940397, 48.45099649906382], [-81.59564869999997, 48.450961199063784], [-81.59812159999996, 48.450795399063786], [-81.59970299999998, 48.450715199063836], [-81.60129889999996, 48.45072489906381], [-81.60169079999997, 48.4506957990638], [-81.60274629999998, 48.45075329906383], [-81.61297259999998, 48.45093319906379], [-81.61579849999998, 48.45088209906378], [-81.61719059999996, 48.45081169906382], [-81.6264261, 48.45069879906377], [-81.63385069999998, 48.4506940990638], [-81.63448599999998, 48.45067259906381], [-81.63613619999995, 48.450690499063796], [-81.64095019999996, 48.450654799063784], [-81.65152589999997, 48.45064939906382], [-81.6525269, 48.45067069906382], [-81.65561019999996, 48.450653199063815], [-81.65719199999995, 48.4506171990638], [-81.6587879, 48.45062599906379], [-81.66031529999998, 48.45056329906379], [-81.66041029999997, 48.45058969906381], [-81.6613701, 48.45055719906383], [-81.66215339999997, 48.450471799063784], [-81.66278869999996, 48.4504500990638], [-81.66365289999999, 48.45034619906381], [-81.66527389999999, 48.45020189906381], [-81.66632779999998, 48.450132799063795], [-81.67152779999998, 48.449625799063824], [-81.67300069999999, 48.4495361990638], [-81.67388019999999, 48.44956699906379], [-81.67488249999997, 48.449687099063794], [-81.68008609999998, 48.45047519906382], [-81.68089889999999, 48.45057829906381], [-81.68452769999999, 48.45089859906381], [-81.68612569999999, 48.45106009906379], [-81.68770969999997, 48.45118559906383], [-81.68948169999999, 48.451210899063824], [-81.6940103, 48.45106679906383], [-81.69795799999997, 48.450970899063805], [-81.70124249999998, 48.450833999063825], [-81.70308, 48.45070579906381], [-81.70518899999996, 48.450656899063794], [-81.71581889999999, 48.45066329906383], [-81.71791449999995, 48.45061419906381], [-81.71995699999997, 48.450646499063794], [-81.7211481, 48.4507109990638], [-81.72181209999997, 48.450805799063794], [-81.72276169999998, 48.451015699063824]]}, "properties": {"OBJECTID": 48020146}}, {"type": "Feature", "id": 48020770, "geometry": {"type": "LineString", "coordinates": [[-84.7783872, 47.9993846990621], [-84.77838959999997, 47.999584599062146], [-84.7783824, 47.999755899062116], [-84.7783432, 47.99996649906213], [-84.77830469999998, 48.00013719906214], [-84.77823959999995, 48.00041619906211], [-84.7782325, 48.00053399906212], [-84.77825389999998, 48.00063389906212], [-84.77828739999995, 48.00072849906212]]}, "properties": {"OBJECTID": 48020770}}, {"type": "Feature", "id": 48022738, "geometry": {"type": "LineString", "coordinates": [[-81.34051149999999, 48.47613639906392], [-81.33928019999996, 48.47614009906389]]}, "properties": {"OBJECTID": 48022738}}, {"type": "Feature", "id": 48026130, "geometry": {"type": "LineString", "coordinates": [[-81.28685739999997, 48.51587859906407], [-81.29141659999999, 48.515897499064046], [-81.29778009999995, 48.515917299064064], [-81.30093189999997, 48.515962599064075], [-81.30164009999999, 48.51595739906409]]}, "properties": {"OBJECTID": 48026130}}, {"type": "Feature", "id": 48030642, "geometry": {"type": "LineString", "coordinates": [[-84.5331185, 48.360228299063444], [-84.532626, 48.36064059906343], [-84.5319417, 48.36139069906344]]}, "properties": {"OBJECTID": 48030642}}, {"type": "Feature", "id": 48033490, "geometry": {"type": "LineString", "coordinates": [[-84.76668229999996, 47.99172219906209], [-84.7664279, 47.99202829906208], [-84.7663566, 47.992128199062094], [-84.7663566, 47.99222339906208], [-84.76641369999999, 47.992332899062085], [-84.76664679999999, 47.99258029906211], [-84.76705139999996, 47.993051499062105], [-84.76714179999999, 47.99308949906206], [-84.76731309999997, 47.993122899062065], [-84.76749039999999, 47.99312409906212]]}, "properties": {"OBJECTID": 48033490}}, {"type": "Feature", "id": 48034866, "geometry": {"type": "LineString", "coordinates": [[-80.98690569999997, 48.9349535990659], [-80.98691929999995, 48.93515149906588], [-80.98736939999998, 48.93701359906587], [-80.98750579999995, 48.93733749906588], [-80.9879153, 48.9379581990659], [-80.98829749999999, 48.9386778990659], [-80.98859759999999, 48.93992839906592], [-80.9888431, 48.941232799065915], [-80.98923889999998, 48.9424921990659], [-80.98945729999997, 48.942896999065916], [-80.98973039999998, 48.94324789906592], [-80.99004439999999, 48.94356279906591], [-80.99030379999999, 48.94389559906593], [-80.990454, 48.944255499065896], [-80.99049489999999, 48.94463329906591], [-80.99050829999999, 48.94588369906593], [-80.99060379999997, 48.94627049906594], [-80.99082229999999, 48.94661239906598], [-80.9911363, 48.94690929906594], [-80.99297989999997, 48.94842069906598], [-80.99332129999999, 48.94874449906597], [-80.993608, 48.94909539906596], [-80.99382649999995, 48.94945519906598], [-80.99394939999996, 48.949823999065956], [-80.99390839999995, 48.95017489906597], [-80.9933618, 48.95201899906595], [-80.9931158, 48.95307139906595], [-80.9931158, 48.953431299065976], [-80.99318399999999, 48.95380009906597], [-80.9933069, 48.95416889906597], [-80.9934844, 48.95451979906597], [-80.99396239999999, 48.95522149906601], [-80.9945634, 48.95590519906599], [-80.99579259999996, 48.95720959906597], [-80.99605219999995, 48.95755139906597], [-80.99625699999996, 48.95790229906596], [-80.9965712, 48.95865789906602], [-80.99799179999997, 48.96124869906599], [-80.9985519, 48.96233719906603], [-80.99881139999997, 48.96311079906603], [-80.99894799999998, 48.96391139906603], [-80.9989617, 48.96431619906605], [-80.99889339999999, 48.964703099066014], [-80.99849709999995, 48.965890499066], [-80.9982511, 48.96710489906605], [-80.99823749999996, 48.96751869906604], [-80.9982784, 48.96792349906605], [-80.99838769999997, 48.96830129906602], [-80.99857899999995, 48.96867009906602], [-80.9988386, 48.96901199906604], [-80.99919389999997, 48.96932679906605], [-81, 48.969821599066066], [-81.0006285, 48.97014539906606], [-81.0022955, 48.97085609906608], [-81.0027738, 48.97108099906604], [-81.00318369999997, 48.97135079906608], [-81.00351169999999, 48.97166569906605], [-81.00404469999995, 48.972385299066076], [-81.0042497, 48.972781099066054], [-81.00431799999996, 48.973167899066055], [-81.00424979999997, 48.97392349906605], [-81.00427709999997, 48.974283399066074], [-81.00441379999995, 48.97462519906608], [-81.00491949999997, 48.975263899066064], [-81.0052475, 48.975578699066084], [-81.00680549999998, 48.976819999066095], [-81.00713349999995, 48.97713479906611], [-81.00762559999998, 48.97782749906611], [-81.00780329999998, 48.9781962990661], [-81.00791269999996, 48.97858309906611], [-81.00794009999998, 48.979392699066075], [-81.00796559999998, 48.98572039906614]]}, "properties": {"OBJECTID": 48034866}}, {"type": "Feature", "id": 48035122, "geometry": {"type": "LineString", "coordinates": [[-84.54426609999996, 48.3521800990634], [-84.5446925, 48.35257609906342]]}, "properties": {"OBJECTID": 48035122}}, {"type": "Feature", "id": 48036930, "geometry": {"type": "LineString", "coordinates": [[-83.40263749999997, 47.84239339906161], [-83.40281379999999, 47.842792899061564]]}, "properties": {"OBJECTID": 48036930}}, {"type": "Feature", "id": 48037234, "geometry": {"type": "LineString", "coordinates": [[-81.37854149999998, 48.47311899906387], [-81.37853659999996, 48.47376899906388]]}, "properties": {"OBJECTID": 48037234}}, {"type": "Feature", "id": 48038994, "geometry": {"type": "LineString", "coordinates": [[-81.33332859999996, 48.47376069906389], [-81.3333323, 48.474927299063935]]}, "properties": {"OBJECTID": 48038994}}, {"type": "Feature", "id": 48040146, "geometry": {"type": "LineString", "coordinates": [[-81.22850499999998, 47.74277809906124], [-81.22835529999998, 47.745144699061264], [-81.22812249999998, 47.74682769906129], [-81.22786739999998, 47.74950949906131], [-81.22777629999996, 47.75002259906128], [-81.22760929999998, 47.751516499061296], [-81.2274271, 47.75256959906128], [-81.22738899999996, 47.752992499061264], [-81.22734499999996, 47.75515209906132], [-81.2272347, 47.757392699061306], [-81.22724919999996, 47.75766259906129], [-81.22745329999998, 47.75857989906132], [-81.22768259999998, 47.75914629906128], [-81.2280452, 47.75966739906129], [-81.22910339999999, 47.76058309906131], [-81.229693, 47.76115779906133], [-81.2310195, 47.76236979906134], [-81.2324127, 47.76358159906132], [-81.2337129, 47.7648655990613], [-81.23668699999996, 47.76740589906134], [-81.23786629999995, 47.76847409906135], [-81.23915359999995, 47.76979409906133], [-81.2396101, 47.77038699906135], [-81.2401754, 47.771420499061364], [-81.2404846, 47.77189669906135], [-81.24060599999996, 47.772175399061375], [-81.24094489999999, 47.77329939906138], [-81.2410926, 47.77348799906138], [-81.24205809999995, 47.774475699061384], [-81.24432139999999, 47.77608149906138], [-81.24452249999996, 47.77626999906136], [-81.24465679999997, 47.77644069906136], [-81.24479179999997, 47.776755299061385], [-81.24531029999997, 47.77915649906135], [-81.24532749999997, 47.77998429906138], [-81.24540969999998, 47.78043399906138], [-81.2453845, 47.780739999061396], [-81.2454262, 47.78109979906141], [-81.24580979999996, 47.78318639906141], [-81.24599839999996, 47.783545899061394], [-81.24629339999996, 47.783824199061385], [-81.24681559999999, 47.78414699906139], [-81.24747109999998, 47.78442449906137], [-81.24846069999995, 47.784773199061384], [-81.2511098, 47.78597309906141], [-81.25167239999996, 47.786367799061416], [-81.25283709999997, 47.787022099061375], [-81.25306499999999, 47.78721049906141], [-81.25365639999995, 47.788027999061384], [-81.25428699999998, 47.78867439906143], [-81.25442149999998, 47.788880999061384], [-81.25446289999996, 47.78914189906139], [-81.2544504, 47.789321899061385], [-81.25429269999995, 47.789835099061385], [-81.25424149999998, 47.790285099061386], [-81.25430919999997, 47.79047389906139], [-81.25437919999996, 47.79115749906139], [-81.25447439999999, 47.791508199061404], [-81.25456889999998, 47.791723899061424], [-81.2547437, 47.79197549906144], [-81.25533439999998, 47.79261299906142], [-81.2559776, 47.793088399061446], [-81.25662059999996, 47.79351889906144], [-81.25731669999999, 47.79387719906141], [-81.25767779999995, 47.793993399061435], [-81.2588419, 47.794467599061406], [-81.25964429999999, 47.79471769906143], [-81.2606199, 47.794886499061434], [-81.26138199999997, 47.7950916990614], [-81.2626128, 47.795556799061444], [-81.26468599999998, 47.79623579906144], [-81.26494029999998, 47.79635219906142], [-81.265128, 47.79650469906143], [-81.26516879999997, 47.79664859906143], [-81.2652544, 47.797737099061415], [-81.26531639999996, 47.79941049906143], [-81.26545569999996, 47.80055279906148], [-81.26564669999999, 47.80134419906144], [-81.26578209999997, 47.801703799061464], [-81.26597349999997, 47.802567099061456], [-81.26613629999997, 47.80307959906147], [-81.26657239999997, 47.804788099061426], [-81.26657489999997, 47.805264899061434], [-81.26650989999996, 47.80561599906149], [-81.2664044, 47.805877199061435], [-81.26619249999999, 47.806237599061475], [-81.26599329999999, 47.80645399906147], [-81.26574049999999, 47.80663449906148], [-81.2654473, 47.80677009906144], [-81.26526059999998, 47.806824499061456], [-81.26456669999999, 47.80694309906146], [-81.2642199, 47.80702489906148], [-81.26349979999998, 47.807251499061444], [-81.26292669999998, 47.80747769906149], [-81.26180769999996, 47.80806509906147], [-81.26098199999996, 47.808534899061485], [-81.26035579999996, 47.80884219906147], [-81.25998249999998, 47.80897799906147], [-81.25960899999995, 47.80907779906147], [-81.25836809999998, 47.80933259906146], [-81.2580347, 47.809441299061454], [-81.2577283, 47.80959489906148], [-81.25748869999995, 47.80977539906148], [-81.2573026, 47.80995579906147], [-81.25690469999995, 47.8105054990615], [-81.25588389999996, 47.81208239906147], [-81.25556549999999, 47.812523999061455], [-81.25508679999996, 47.81296589906147], [-81.25436829999995, 47.813543299061514], [-81.25414239999998, 47.81376879906152], [-81.25400929999995, 47.813876999061506], [-81.25362339999998, 47.81417479906151], [-81.25329089999997, 47.81447249906149], [-81.25305229999998, 47.81485989906152], [-81.25302649999998, 47.81503089906149], [-81.25317569999999, 47.8154983990615], [-81.25406509999999, 47.817097999061524], [-81.25479339999998, 47.8185269990615], [-81.25510479999997, 47.81937209906148], [-81.25525439999996, 47.81990259906152], [-81.25536419999997, 47.82049619906152], [-81.2553656, 47.82078409906151], [-81.25554499999998, 47.82195339906154], [-81.25581939999995, 47.82342829906154], [-81.25609169999996, 47.82446239906151], [-81.25614789999997, 47.825020199061555], [-81.2561359, 47.825290099061526], [-81.25599309999996, 47.82613619906151], [-81.25574499999999, 47.8273063990615], [-81.25558719999998, 47.82783759906151], [-81.25530929999996, 47.82837809906151], [-81.25475209999996, 47.829198099061564], [-81.25412819999997, 47.83002719906153], [-81.2534109, 47.83090159906151], [-81.25214789999995, 47.832226999061575], [-81.25154889999999, 47.83269619906159], [-81.2498311, 47.833941599061546], [-81.24889919999998, 47.83466339906153], [-81.24768799999998, 47.83569169906158], [-81.2464372, 47.83681009906158], [-81.24609099999998, 47.837080799061575], [-81.24587819999999, 47.83729719906157], [-81.24444089999997, 47.83857789906157], [-81.24373599999996, 47.8392901990616], [-81.24353679999996, 47.83956949906159], [-81.24321889999999, 47.84016399906157], [-81.24292889999998, 47.841028399061585], [-81.24290349999995, 47.841307399061556], [-81.242978, 47.842953699061574], [-81.2430731, 47.84328639906157], [-81.24323429999998, 47.84346599906158], [-81.24335549999995, 47.84365469906157], [-81.2438785, 47.84403149906159], [-81.2444683, 47.84440819906161], [-81.24518, 47.84510839906159], [-81.24572989999996, 47.84551209906158], [-81.24609179999999, 47.845718299061616], [-81.24685499999998, 47.846004599061594], [-81.24731009999999, 47.846147599061574], [-81.24763159999998, 47.8463087990616], [-81.2483287, 47.846730199061604], [-81.24905289999998, 47.8472504990616], [-81.24954959999997, 47.847690299061604], [-81.251081, 47.84927049906164], [-81.25147089999996, 47.84974649906162], [-81.25264019999997, 47.85105759906164], [-81.252883, 47.85150689906159], [-81.25295219999998, 47.85199259906162], [-81.25310179999997, 47.85250509906162], [-81.25323649999996, 47.85272979906162], [-81.25345139999996, 47.8529271990616], [-81.25374629999999, 47.853106499061624], [-81.25465709999997, 47.8534643990616], [-81.2549922, 47.8536435990616], [-81.25531419999999, 47.85389479906164], [-81.25559699999997, 47.854308099061626], [-81.25598919999999, 47.85523389906163], [-81.25632639999998, 47.85583599906162], [-81.25671639999996, 47.85631199906162], [-81.25695809999996, 47.85651839906163], [-81.25756159999997, 47.85691289906161], [-81.25774919999998, 47.856993499061666], [-81.25804369999997, 47.857073799061624], [-81.25863199999998, 47.85708149906166], [-81.2590328, 47.85703559906162], [-81.25968709999995, 47.85689019906161], [-81.2604341, 47.856564599061635], [-81.2611948, 47.856283899061665], [-81.26159539999998, 47.8562019990616], [-81.2620096, 47.856165099061606], [-81.26456329999996, 47.856222199061655], [-81.265085, 47.85629299906165], [-81.2654465, 47.85638209906163], [-81.26578129999996, 47.856498299061606], [-81.266277, 47.85672209906162], [-81.26650509999996, 47.856874499061604], [-81.26684109999997, 47.857215699061655], [-81.26701649999995, 47.857539199061634], [-81.26711189999997, 47.85788079906165], [-81.2672407, 47.85953609906163], [-81.267337, 47.86007569906167], [-81.26735299999996, 47.86058849906162], [-81.26739449999997, 47.860840299061614], [-81.26747589999997, 47.861083099061645], [-81.26763739999996, 47.861289599061635], [-81.26783899999998, 47.861487099061655], [-81.26809399999996, 47.86167549906167], [-81.26868389999998, 47.86199799906166], [-81.27046539999998, 47.862623599061635], [-81.27104219999995, 47.86299119906164], [-81.27257329999998, 47.864301199061636], [-81.2729769, 47.86477709906166], [-81.2732719, 47.86492929906166], [-81.27351299999998, 47.865009699061666], [-81.27395469999999, 47.86510759906168], [-81.27436929999999, 47.86511559906167], [-81.27517139999998, 47.86508669906165], [-81.27698899999996, 47.86492939906164], [-81.2800636, 47.86480499906169], [-81.28105299999999, 47.864802599061655], [-81.2820964, 47.86489899906167], [-81.28252479999998, 47.86499689906163], [-81.28277939999998, 47.865086199061636], [-81.28303409999995, 47.86521159906164], [-81.2845911, 47.866296399061646], [-81.28480619999999, 47.86651179906166], [-81.28496789999997, 47.86673639906168], [-81.28506279999999, 47.86698799906169], [-81.28513179999999, 47.86736579906165], [-81.28519969999996, 47.86756349906165], [-81.28534779999995, 47.86775209906166], [-81.28561609999997, 47.86790439906169], [-81.28647339999998, 47.86819019906166], [-81.28686209999995, 47.86834219906168], [-81.28766569999999, 47.86858309906167], [-81.28842939999998, 47.868851099061665], [-81.28983679999999, 47.86945939906169], [-81.2900914, 47.86954869906164], [-81.29102849999998, 47.86974429906168], [-81.29160439999998, 47.869913799061656], [-81.29192619999998, 47.87006589906171], [-81.29222149999998, 47.870263099061695], [-81.29369929999996, 47.87146499906166], [-81.29394129999997, 47.87169829906171], [-81.29418389999995, 47.87203059906167], [-81.29486129999998, 47.87358539906169], [-81.2952401, 47.874349199061704], [-81.295861, 47.87535529906169], [-81.29594269999996, 47.875606999061674], [-81.29597129999996, 47.87593089906169], [-81.29582879999998, 47.87674099906172], [-81.29577949999998, 47.87747889906169], [-81.2958491, 47.87796459906171], [-81.29602549999998, 47.8784139990617], [-81.29630839999999, 47.87877319906169], [-81.2966313, 47.87909619906174], [-81.29707449999995, 47.8794279990617], [-81.29742349999998, 47.87964299906172], [-81.29829669999998, 47.88032459906169], [-81.29860549999995, 47.8805306990617], [-81.2990221, 47.8808714990617], [-81.29997579999997, 47.88157979906169], [-81.30045969999998, 47.881992399061694], [-81.3008236, 47.882468299061735], [-81.3010807, 47.882971499061696], [-81.30120339999996, 47.883376099061714], [-81.3011123, 47.883817199061724], [-81.3008605, 47.88421369906174], [-81.30009009999998, 47.8851514990617], [-81.29897299999999, 47.88627909906173], [-81.29801509999999, 47.88719029906175], [-81.2977755, 47.88738889906173], [-81.29574029999998, 47.889391499061766], [-81.29507469999999, 47.88996909906175], [-81.29484819999999, 47.89013159906174], [-81.2943813, 47.890366699061744], [-81.29402069999998, 47.89046659906174], [-81.29375339999996, 47.89051229906174], [-81.29337899999996, 47.89053129906174], [-81.29210769999997, 47.89045349906175], [-81.29150569999996, 47.89044609906174], [-81.29098429999999, 47.89051039906176], [-81.290637, 47.89060119906177], [-81.29043679999995, 47.890691699061776], [-81.2901569, 47.89087239906175], [-81.28991729999996, 47.89108889906172], [-81.28933279999995, 47.89182819906175], [-81.2884434, 47.89307199906175], [-81.28804489999999, 47.89356789906178], [-81.28783199999998, 47.89378439906175], [-81.28751219999998, 47.89401009906174], [-81.28727189999995, 47.89410969906173], [-81.28685789999997, 47.89423669906175], [-81.28655049999998, 47.894291399061764], [-81.28483879999999, 47.89443059906176], [-81.28366259999996, 47.89462249906176], [-81.28291429999996, 47.894786299061764], [-81.28223309999998, 47.894994899061764], [-81.28152559999995, 47.89527559906178], [-81.2812323, 47.89547419906176], [-81.28107269999998, 47.895645599061744], [-81.28100709999995, 47.89588859906177], [-81.28103519999996, 47.89614049906174], [-81.28115709999997, 47.89640109906179], [-81.2815483, 47.89699399906174], [-81.28162949999995, 47.897164699061754], [-81.28198459999999, 47.89850449906176], [-81.28197259999996, 47.898756399061774], [-81.28189359999999, 47.89899959906177], [-81.28173419999996, 47.899206899061774], [-81.2815478, 47.89937829906177], [-81.28058829999998, 47.90009139906176], [-81.2801222, 47.900488499061765], [-81.2799493, 47.900686799061766], [-81.27961769999996, 47.90121849906177], [-81.27937989999998, 47.901794899061784], [-81.27885049999998, 47.9028758990618], [-81.27867809999998, 47.90315519906177], [-81.2779339, 47.90411969906179], [-81.27644469999996, 47.905886799061804], [-81.27587319999998, 47.90662589906177], [-81.2755014, 47.90716669906177], [-81.2752893, 47.907545099061835], [-81.2744265, 47.90887869906179], [-81.27414859999999, 47.909464199061794], [-81.27396419999997, 47.9100314990618], [-81.2739939, 47.910580299061834], [-81.27419739999999, 47.911101599061794], [-81.27477949999997, 47.91235089906183], [-81.27517309999996, 47.913393599061806], [-81.27524189999997, 47.91375329906179], [-81.27522189999996, 47.915030999061806], [-81.27499229999995, 47.91716389906185], [-81.27494389999998, 47.91813579906184], [-81.27498739999999, 47.91875649906185], [-81.2752466, 47.919673599061824], [-81.27557259999998, 47.920572499061876], [-81.27568289999999, 47.92118409906183], [-81.27567119999998, 47.92149899906187], [-81.27559259999998, 47.92183209906184], [-81.27527649999996, 47.922795599061864], [-81.2746942, 47.92404759906182], [-81.27449619999999, 47.92458789906184], [-81.27436559999995, 47.92519999906185], [-81.27427319999998, 47.92545219906184], [-81.27402439999997, 47.926496499061884], [-81.27362949999997, 47.92775699906189], [-81.27299479999999, 47.92926109906188], [-81.27291609999997, 47.929567199061864], [-81.27287949999999, 47.93025109906188], [-81.27261189999996, 47.93282489906187], [-81.27224319999999, 47.9339954990619], [-81.27207069999997, 47.934301799061885], [-81.27187229999998, 47.934752099061896], [-81.2715533, 47.9352116990619], [-81.2711405, 47.9356445990619], [-81.27054279999999, 47.936554699061915], [-81.27029069999998, 47.93700519906192], [-81.27015899999998, 47.93741939906189], [-81.26991119999997, 47.93867959906189], [-81.2698871, 47.939201499061916], [-81.26993339999996, 47.94037099906192], [-81.27000329999998, 47.940937699061884], [-81.2701404, 47.94156719906191], [-81.27024879999999, 47.9418007990619], [-81.27042419999998, 47.94205229906189], [-81.2706531, 47.942294699061954], [-81.27104309999999, 47.94261769906192], [-81.27146039999997, 47.943030599061935], [-81.2720668, 47.94376689906192], [-81.27222899999998, 47.94405449906194], [-81.2723378, 47.94436009906193], [-81.27244819999999, 47.944989699061914], [-81.27257019999996, 47.945268299061915], [-81.27274559999995, 47.94551979906192], [-81.27324349999998, 47.945968499061955], [-81.2735659, 47.946174699061935], [-81.2742237, 47.94646999906194], [-81.27458589999998, 47.94657709906191], [-81.2754036, 47.946728099061936], [-81.27593999999999, 47.946870799061905], [-81.27622199999996, 47.94702299906192], [-81.27641039999997, 47.94719349906194], [-81.27651859999997, 47.94739119906195], [-81.27681539999998, 47.947804399061916], [-81.27707269999996, 47.948325599061945], [-81.2771553, 47.948748299061954], [-81.27717189999998, 47.94934199906193], [-81.27729749999997, 47.950295499061966], [-81.27740699999998, 47.95072709906192], [-81.27763799999997, 47.95134729906194], [-81.2777744, 47.951823799061934], [-81.27787169999999, 47.95247139906197], [-81.27798139999999, 47.95295699906197], [-81.27839059999997, 47.954323599061944], [-81.27862649999997, 47.95585259906196], [-81.27862949999997, 47.95641039906199], [-81.27853979999998, 47.95716639906196], [-81.2785561, 47.95770619906197], [-81.27865159999999, 47.95803879906195], [-81.27877319999999, 47.95823649906195], [-81.27911, 47.95859549906195], [-81.27924519999999, 47.95881119906197], [-81.279381, 47.959170699061985], [-81.27949059999997, 47.959620299062], [-81.27954779999999, 47.960294999061986], [-81.27943039999997, 47.960871099061976], [-81.27924609999997, 47.961474299061976], [-81.27906329999996, 47.96235649906197], [-81.2790923, 47.96276129906199], [-81.27918829999999, 47.96317499906199], [-81.2794606, 47.96398409906198], [-81.2796093, 47.96422659906199], [-81.2798115, 47.96446009906197], [-81.28075319999999, 47.965204499062], [-81.28090159999999, 47.96538409906197], [-81.28099629999997, 47.96555479906199], [-81.28116079999995, 47.96624719906198], [-81.2812864, 47.96716459906202], [-81.28139569999996, 47.967569199062], [-81.28201899999999, 47.968863299062], [-81.28257609999997, 47.970292499062026], [-81.2826177, 47.97053529906198], [-81.28273999999999, 47.970858899061994], [-81.28291769999998, 47.97150629906204], [-81.28308009999995, 47.97180279906203], [-81.28332279999995, 47.97207209906205], [-81.2836322, 47.97229629906204], [-81.28486809999998, 47.97288699906201], [-81.2856213, 47.97341599906205], [-81.28634879999998, 47.974124999062035], [-81.28677959999999, 47.97449279906202], [-81.28781699999996, 47.97552489906206], [-81.28870689999997, 47.97651229906204], [-81.28903149999996, 47.97705139906207], [-81.28923659999998, 47.97779759906205], [-81.28925139999996, 47.97803149906207], [-81.2892258, 47.978247499062036], [-81.2891065, 47.978490699062036], [-81.28882759999999, 47.97893229906202], [-81.28837499999997, 47.97947329906201], [-81.28797639999999, 47.980086099062014], [-81.28777889999998, 47.98071639906203], [-81.28787829999999, 47.98172379906204], [-81.28800279999996, 47.98242529906207], [-81.28801809999999, 47.98277609906206], [-81.28810119999997, 47.98324379906206], [-81.28814459999995, 47.98381949906207], [-81.28806749999995, 47.984422499062084], [-81.28789719999997, 47.98512469906208], [-81.28785859999999, 47.98542169906206], [-81.28788699999996, 47.98570959906205], [-81.2880783, 47.98635689906208], [-81.28848589999996, 47.98735459906206], [-81.2891075, 47.988261699062065], [-81.28949839999996, 47.988656599062075], [-81.2899966, 47.98907819906205], [-81.2913021, 47.9900465990621], [-81.291518, 47.99029799906205], [-81.29164019999996, 47.99056759906209], [-81.29180649999995, 47.99154789906206], [-81.29173209999999, 47.9926186990621], [-81.29174709999995, 47.9928885990621], [-81.29184249999997, 47.99317629906208], [-81.29231669999996, 47.9940747990621], [-81.2924122, 47.994371499062076], [-81.2925821, 47.99596349906209], [-81.2926134, 47.996755199062086], [-81.2925492, 47.99725919906213], [-81.2924701, 47.99750229906209], [-81.29220449999997, 47.997934899062116], [-81.29199119999998, 47.998142399062104], [-81.29045629999996, 47.9993338990621], [-81.29005619999998, 47.999703799062104], [-81.28980329999996, 48.00003729906212], [-81.28931259999996, 48.000983199062105], [-81.2891128, 48.001208699062104], [-81.28887269999996, 48.001425199062126], [-81.28829819999999, 48.00178649906215], [-81.28761639999999, 48.00213009906215], [-81.28720179999999, 48.00231109906215], [-81.28645339999997, 48.00273589906212], [-81.28465069999999, 48.004026899062154], [-81.2835685, 48.004713399062126], [-81.28338169999995, 48.004875799062155], [-81.28323519999998, 48.00505609906215]]}, "properties": {"OBJECTID": 48040146}}, {"type": "Feature", "id": 48043186, "geometry": {"type": "LineString", "coordinates": [[-81.72314509999995, 47.676132699061064], [-81.72208739999996, 47.67671519906107]]}, "properties": {"OBJECTID": 48043186}}, {"type": "Feature", "id": 48044354, "geometry": {"type": "LineString", "coordinates": [[-81.36917219999998, 48.47820699906389], [-81.36918699999995, 48.4776275990639], [-81.36918689999999, 48.47762339906391], [-81.36918689999999, 48.4776224990639], [-81.36918709999998, 48.477617399063945], [-81.36918749999995, 48.477612299063935], [-81.3691882, 48.477607199063904], [-81.36918909999997, 48.47760209906391], [-81.36919029999996, 48.477597099063914], [-81.36919179999995, 48.47759209906393], [-81.3691935, 48.47758709906394], [-81.36919549999999, 48.47758219906392], [-81.36919769999997, 48.4775772990639], [-81.3692001, 48.47757249906391], [-81.3692029, 48.4775676990639], [-81.36920579999997, 48.47756299906393], [-81.36920899999996, 48.47755839906393], [-81.3692125, 48.47755379906391], [-81.36921609999996, 48.47754939906394], [-81.36921999999998, 48.47754499906392], [-81.3692241, 48.47754069906393], [-81.36922849999996, 48.47753649906394], [-81.36923299999995, 48.477532399063925], [-81.36923779999995, 48.47752839906393], [-81.36924269999997, 48.47752449906392], [-81.3692479, 48.4775206990639], [-81.36925329999997, 48.47751699906392], [-81.36925879999995, 48.477513499063946], [-81.36926449999999, 48.47751009906391], [-81.3692704, 48.4775067990639], [-81.36927639999999, 48.4775036990639], [-81.36928259999996, 48.4775006990639], [-81.36928899999998, 48.477497899063906], [-81.36929549999996, 48.477495199063924], [-81.36930209999997, 48.47749259906391], [-81.36930889999996, 48.477490199063936], [-81.36931579999998, 48.47748789906393], [-81.3693227, 48.47748579906391], [-81.3693298, 48.47748389906394], [-81.36933699999997, 48.47748209906393], [-81.36934429999997, 48.47748049906391], [-81.36935169999998, 48.477479099063956], [-81.36936609999998, 48.47747909906395], [-81.37140369999997, 48.47747729906393], [-81.37141259999999, 48.477476999063924], [-81.37142159999996, 48.4774768990639], [-81.3714306, 48.4774768990639], [-81.37143959999997, 48.477477199063905], [-81.37144849999999, 48.477477699063904], [-81.3714574, 48.47747839906388], [-81.37146629999995, 48.47747939906394], [-81.3714751, 48.47748049906391], [-81.37148389999999, 48.477481799063916], [-81.37149259999995, 48.477483299063906], [-81.37150119999995, 48.47748499906391], [-81.37150969999999, 48.4774869990639], [-81.3715181, 48.47748909906391], [-81.37152629999997, 48.477491399063915], [-81.3715345, 48.477493899063916], [-81.37154249999998, 48.4774965990639], [-81.37155039999999, 48.47749949906391], [-81.37155809999996, 48.47750259906393], [-81.3715656, 48.47750579906391], [-81.37157299999996, 48.47750919906394], [-81.37158019999998, 48.47751279906389], [-81.37158719999996, 48.47751649906393], [-81.37159399999996, 48.4775203990639], [-81.37160059999997, 48.47752449906391], [-81.37160689999996, 48.477528699063946], [-81.37161309999999, 48.477533099063905], [-81.37161899999995, 48.477537499063935], [-81.37162459999996, 48.477542199063905], [-81.3716301, 48.477546899063945], [-81.37163519999996, 48.477551799063896], [-81.37164009999998, 48.47755679906389], [-81.37164479999996, 48.47756189906391], [-81.37164919999998, 48.47756709906394], [-81.37165329999999, 48.47757249906391], [-81.3716571, 48.477577899063924], [-81.37166059999998, 48.4775833990639], [-81.37166379999996, 48.4775888990639], [-81.37166679999996, 48.477594599063934], [-81.37166939999997, 48.47760029906391], [-81.3716718, 48.47760599906393], [-81.3716738, 48.477611899063895], [-81.37167549999998, 48.47761769906389], [-81.37167699999998, 48.47762359906391], [-81.37166819999999, 48.477984399063914], [-81.37166379999996, 48.4779976990639], [-81.37165869999995, 48.47801079906395], [-81.37165289999996, 48.47802389906393], [-81.37164639999997, 48.478036799063936], [-81.3716392, 48.47804949906389], [-81.37163139999996, 48.47806199906392], [-81.371623, 48.47807439906393], [-81.3716139, 48.47808659906393], [-81.37160419999998, 48.47809849906394], [-81.3715939, 48.47811029906393], [-81.37158289999996, 48.47812169906391], [-81.3715714, 48.47813299906392], [-81.3715593, 48.47814389906392], [-81.37154669999995, 48.47815459906394], [-81.3715335, 48.47816499906394], [-81.37120489999995, 48.478425199063906]]}, "properties": {"OBJECTID": 48044354}}, {"type": "Feature", "id": 48049410, "geometry": {"type": "LineString", "coordinates": [[-81.33505159999999, 48.50588569906404], [-81.33504449999998, 48.51096859906405], [-81.33501409999997, 48.51252509906403], [-81.33502909999999, 48.523014899064094], [-81.33500369999996, 48.52325779906409]]}, "properties": {"OBJECTID": 48049410}}, {"type": "Feature", "id": 48056594, "geometry": {"type": "LineString", "coordinates": [[-84.54871879999996, 48.3468765990634], [-84.550205, 48.34769109906341], [-84.55068779999999, 48.34799869906339]]}, "properties": {"OBJECTID": 48056594}}, {"type": "Feature", "id": 48056754, "geometry": {"type": "LineString", "coordinates": [[-84.5112982, 47.99914259906212], [-84.51003589999999, 47.99890829906214], [-84.50939519999997, 47.99884939906213], [-84.5085259, 47.99880359906212], [-84.50823479999997, 47.99872529906214], [-84.50767489999998, 47.99865909906209], [-84.5073936, 47.99865299906215], [-84.50626089999997, 47.9987903990621], [-84.5057109, 47.998796399062094], [-84.50546809999997, 47.99882709906213], [-84.50522359999997, 47.99889379906212], [-84.50470469999999, 47.99908949906212], [-84.50399049999999, 47.99944289906212], [-84.50305149999997, 48.00000739906211], [-84.50221419999997, 48.000411999062145], [-84.50148479999996, 48.00080109906214], [-84.5004983, 48.001238499062104], [-84.49999409999998, 48.00140749906213], [-84.49883869999996, 48.00173329906211], [-84.49774429999997, 48.00190739906215], [-84.49707329999995, 48.001919699062135], [-84.49677609999998, 48.001967199062136], [-84.49649089999997, 48.00204199906213], [-84.49601209999997, 48.00223849906213], [-84.4948708, 48.00282549906213], [-84.4944145, 48.00311249906216], [-84.4940082, 48.00347249906214], [-84.49313029999996, 48.00443409906213]]}, "properties": {"OBJECTID": 48056754}}, {"type": "Feature", "id": 48057090, "geometry": {"type": "LineString", "coordinates": [[-81.37853659999996, 48.47376899906388], [-81.37853369999999, 48.4744988990639]]}, "properties": {"OBJECTID": 48057090}}, {"type": "Feature", "id": 48057202, "geometry": {"type": "LineString", "coordinates": [[-81.191531, 48.49401369906399], [-81.19385369999998, 48.494055899063994]]}, "properties": {"OBJECTID": 48057202}}, {"type": "Feature", "id": 48058802, "geometry": {"type": "LineString", "coordinates": [[-81.84834209999997, 48.23932849906298], [-81.84836939999997, 48.239355199063006], [-81.84846619999996, 48.23950749906297]]}, "properties": {"OBJECTID": 48058802}}, {"type": "Feature", "id": 48062306, "geometry": {"type": "LineString", "coordinates": [[-81.33082739999998, 48.488155399063984], [-81.32956679999995, 48.488155699063974]]}, "properties": {"OBJECTID": 48062306}}, {"type": "Feature", "id": 48064098, "geometry": {"type": "LineString", "coordinates": [[-81.58091489999998, 47.781781599061404], [-81.58097049999998, 47.781979299061405], [-81.58101899999997, 47.78273479906137], [-81.58111779999996, 47.783211199061405], [-81.5812565, 47.78367839906141], [-81.58161369999999, 47.78458529906136], [-81.59434819999996, 47.81488679906148], [-81.59451409999997, 47.81538079906147], [-81.59562509999995, 47.8179123990615], [-81.60601199999996, 47.84262809906157], [-81.60616489999995, 47.843131199061574], [-81.60625109999995, 47.843652599061606], [-81.60625719999996, 47.84417439906161], [-81.60618299999999, 47.84468769906158], [-81.606042, 47.84520129906162], [-81.60582039999997, 47.84568829906157], [-81.6055318, 47.846157699061614], [-81.60367459999998, 47.84851579906161], [-81.6030179, 47.84951799906164], [-81.60245509999999, 47.850555599061586], [-81.60199969999996, 47.851628699061635], [-81.60165139999998, 47.85271919906162], [-81.60152409999995, 47.85326879906161], [-81.60134959999999, 47.85436739906161], [-81.60128219999996, 47.855474399061656], [-81.60220129999999, 47.870189399061665], [-81.6023573, 47.87211409906169], [-81.60248869999998, 47.87306709906168], [-81.60272729999997, 47.87403759906168], [-81.60305969999996, 47.875025499061714], [-81.6084396, 47.88905109906173], [-81.60899269999999, 47.89059579906175], [-81.60909249999997, 47.89111709906175], [-81.6091586, 47.89218739906173], [-81.6090074, 47.90096969906178]]}, "properties": {"OBJECTID": 48064098}}, {"type": "Feature", "id": 48065698, "geometry": {"type": "LineString", "coordinates": [[-81.19969309999999, 48.49736569906402], [-81.1991926, 48.497365799063985]]}, "properties": {"OBJECTID": 48065698}}, {"type": "Feature", "id": 48067234, "geometry": {"type": "LineString", "coordinates": [[-81.3254096, 48.467408599063866], [-81.32546979999995, 48.46836199906387]]}, "properties": {"OBJECTID": 48067234}}, {"type": "Feature", "id": 48068162, "geometry": {"type": "LineString", "coordinates": [[-81.33745949999997, 48.46580479906385], [-81.33935659999997, 48.46581769906385], [-81.33967199999995, 48.46581899906386]]}, "properties": {"OBJECTID": 48068162}}, {"type": "Feature", "id": 48072226, "geometry": {"type": "LineString", "coordinates": [[-84.77978089999999, 47.993464099062116], [-84.77979089999997, 47.99473579906208]]}, "properties": {"OBJECTID": 48072226}}, {"type": "Feature", "id": 48073090, "geometry": {"type": "LineString", "coordinates": [[-81.32827879999996, 48.48015709906396], [-81.32828939999996, 48.481241599063935]]}, "properties": {"OBJECTID": 48073090}}, {"type": "Feature", "id": 48074130, "geometry": {"type": "LineString", "coordinates": [[-83.40317849999997, 47.843643399061584], [-83.40354329999997, 47.84449459906158]]}, "properties": {"OBJECTID": 48074130}}, {"type": "Feature", "id": 48074658, "geometry": {"type": "LineString", "coordinates": [[-81.34049749999997, 48.482236499063916], [-81.34176279999997, 48.48224119906395]]}, "properties": {"OBJECTID": 48074658}}, {"type": "Feature", "id": 48074930, "geometry": {"type": "LineString", "coordinates": [[-81.3235368, 48.48398329906395], [-81.32484069999998, 48.48398789906397]]}, "properties": {"OBJECTID": 48074930}}, {"type": "Feature", "id": 48079762, "geometry": {"type": "LineString", "coordinates": [[-84.5319417, 48.36139069906344], [-84.53159499999998, 48.362138999063454], [-84.5309206, 48.36379809906343], [-84.53068479999996, 48.36420689906344], [-84.53036939999998, 48.364587099063435], [-84.52997479999999, 48.364929499063464], [-84.52679179999996, 48.367083499063504], [-84.52639929999998, 48.36738089906346], [-84.52607289999997, 48.36770679906347], [-84.52587929999999, 48.368080599063504], [-84.52579219999996, 48.36848359906351], [-84.52579739999999, 48.368933599063524], [-84.5259327, 48.37004319906347]]}, "properties": {"OBJECTID": 48079762}}, {"type": "Feature", "id": 48079986, "geometry": {"type": "LineString", "coordinates": [[-81.33924139999999, 48.475394099063905], [-81.33928019999996, 48.47614009906389]]}, "properties": {"OBJECTID": 48079986}}, {"type": "Feature", "id": 48080946, "geometry": {"type": "LineString", "coordinates": [[-84.08426129999998, 48.30907559906326], [-84.08395729999995, 48.309202799063264], [-84.0838713, 48.30929059906323], [-84.08383929999997, 48.30937979906327], [-84.08389589999996, 48.30957019906323], [-84.08386859999996, 48.30981239906324], [-84.08373659999995, 48.30999799906324], [-84.0836372, 48.310085499063256]]}, "properties": {"OBJECTID": 48080946}}, {"type": "Feature", "id": 48091570, "geometry": {"type": "LineString", "coordinates": [[-81.33203169999996, 48.46527419906385], [-81.33328029999996, 48.46527509906389]]}, "properties": {"OBJECTID": 48091570}}, {"type": "Feature", "id": 48092194, "geometry": {"type": "LineString", "coordinates": [[-84.7775198, 47.9954153990621], [-84.7776212, 47.99550069906213], [-84.77788239999995, 47.9957131990621], [-84.77807919999998, 47.9958605990621], [-84.77818629999996, 47.995940899062134], [-84.77824279999999, 47.996003399062076], [-84.7782934, 47.996071799062115], [-84.77833199999998, 47.996131299062085], [-84.77835879999998, 47.99620859906213], [-84.77837069999998, 47.9963186990621]]}, "properties": {"OBJECTID": 48092194}}, {"type": "Feature", "id": 48093762, "geometry": {"type": "LineString", "coordinates": [[-84.54556349999996, 48.34512669906341], [-84.54466149999996, 48.34563829906338], [-84.54442799999998, 48.34572329906341], [-84.54410049999996, 48.34579729906339], [-84.54306709999997, 48.345955199063425], [-84.54277789999998, 48.34607499906341], [-84.5425922, 48.34628689906339], [-84.5425583, 48.34643019906343], [-84.54253539999996, 48.34690649906342], [-84.5426099, 48.3473219990634], [-84.54274699999996, 48.34755889906341], [-84.54271369999998, 48.348250999063374], [-84.54274679999997, 48.34840469906337], [-84.54280729999999, 48.34854989906341], [-84.54304619999999, 48.34891489906341], [-84.54344179999998, 48.34939129906342], [-84.5437695, 48.349875099063404], [-84.54401419999999, 48.35068109906342], [-84.54413689999996, 48.35093569906343]]}, "properties": {"OBJECTID": 48093762}}, {"type": "Feature", "id": 48096066, "geometry": {"type": "LineString", "coordinates": [[-84.50905389999997, 47.99480189906211], [-84.50925209999997, 47.99486019906209], [-84.50958649999995, 47.99487639906208], [-84.5098759, 47.9949906990621], [-84.51295639999995, 47.99700099906209], [-84.51347909999998, 47.997282299062086], [-84.51432369999998, 47.99756149906211], [-84.51457299999998, 47.99767489906214]]}, "properties": {"OBJECTID": 48096066}}, {"type": "Feature", "id": 48097634, "geometry": {"type": "LineString", "coordinates": [[-81.2984353, 48.47642109906393], [-81.29876439999998, 48.47646779906392], [-81.2989068, 48.47647689906391], [-81.29947499999997, 48.476466399063945]]}, "properties": {"OBJECTID": 48097634}}, {"type": "Feature", "id": 48098258, "geometry": {"type": "LineString", "coordinates": [[-81.33572239999995, 48.47173889906393], [-81.33572619999995, 48.472069599063865]]}, "properties": {"OBJECTID": 48098258}}, {"type": "Feature", "id": 48100866, "geometry": {"type": "LineString", "coordinates": [[-81.5294212, 48.00967359906216], [-81.53152059999996, 48.010419699062126], [-81.53255709999996, 48.01081979906217], [-81.53304209999999, 48.01104249906217], [-81.53360879999997, 48.011381699062156], [-81.53429789999996, 48.01189139906217], [-81.5345408, 48.01204319906219], [-81.53521439999997, 48.012345999062184]]}, "properties": {"OBJECTID": 48100866}}, {"type": "Feature", "id": 48104610, "geometry": {"type": "LineString", "coordinates": [[-81.97637529999997, 48.23035019906297], [-81.97631009999998, 48.231169399062914], [-81.97620859999995, 48.231494199062986], [-81.9760642, 48.23169329906297], [-81.97565509999998, 48.232128699062976], [-81.9753541, 48.232590099062975], [-81.97510169999998, 48.23277219906293], [-81.97479479999998, 48.23291869906297], [-81.9743158, 48.23322869906298], [-81.97388159999997, 48.23376319906295], [-81.97385699999995, 48.23388929906298], [-81.9739401, 48.234005599063], [-81.97438779999999, 48.23418169906297], [-81.97537589999996, 48.23444329906297], [-81.97563219999995, 48.23446809906297], [-81.9758081, 48.23451159906297], [-81.97603699999996, 48.234509599062974]]}, "properties": {"OBJECTID": 48104610}}, {"type": "Feature", "id": 48108466, "geometry": {"type": "LineString", "coordinates": [[-84.67062579999998, 47.90583809906181], [-84.67132879999997, 47.905978399061816], [-84.6720411, 47.90620879906178], [-84.6722408, 47.906230799061774], [-84.67249649999997, 47.90619999906178], [-84.67298339999996, 47.90608389906176], [-84.67393269999997, 47.905806199061814], [-84.67428189999998, 47.90577729906178], [-84.6746425, 47.90579359906182], [-84.67507989999996, 47.90588339906182], [-84.67542049999997, 47.90598249906182], [-84.67568819999997, 47.906036099061765], [-84.67593799999997, 47.90606579906181], [-84.67618779999998, 47.90606579906181], [-84.676515, 47.906006299061765], [-84.67702069999996, 47.905911199061826], [-84.67730019999999, 47.905946899061775], [-84.67757979999999, 47.90601819906178], [-84.6778832, 47.90615509906181], [-84.67809139999997, 47.90626209906181], [-84.67823419999996, 47.90638109906181], [-84.67841859999999, 47.90660719906178], [-84.67856139999998, 47.9067796990618], [-84.678722, 47.906898599061805], [-84.67898969999999, 47.906993799061794], [-84.67927519999995, 47.907047399061774], [-84.6795429, 47.90712469906178], [-84.67971539999996, 47.90720199906181], [-84.67989979999999, 47.90736259906177], [-84.68009609999996, 47.90754109906178], [-84.68027459999996, 47.907660099061815], [-84.6804828, 47.90774329906182], [-84.6807743, 47.90780879906178], [-84.68098249999997, 47.907897999061824], [-84.68109549999997, 47.9079752990618], [-84.68117279999996, 47.908088399061775], [-84.6813037, 47.908290599061814], [-84.68158919999996, 47.908540499061786], [-84.68183909999999, 47.908748699061825], [-84.6822674, 47.90896879906182], [-84.68268969999997, 47.9091828990618], [-84.68312399999996, 47.90933159906181], [-84.68337979999995, 47.90936729906183], [-84.68382589999999, 47.909402999061776], [-84.68426019999998, 47.9094505990618], [-84.6848253, 47.90953389906181], [-84.68525359999995, 47.909605299061795], [-84.68562839999998, 47.90968259906179], [-84.68579489999996, 47.90978369906184], [-84.68596739999998, 47.90992059906182], [-84.68611609999999, 47.910039499061824], [-84.68635409999996, 47.91013469906179], [-84.686711, 47.91020009906178], [-84.68719879999998, 47.910247699061806], [-84.68759739999996, 47.91027149906181], [-84.6879543, 47.910241799061794], [-84.68826359999997, 47.91022389906179], [-84.6886265, 47.910265599061795], [-84.68911429999997, 47.91036669906178], [-84.68949499999997, 47.91044399906181], [-84.68992329999998, 47.9105510990618], [-84.6902624, 47.910646299061774], [-84.6906252, 47.9107949990618], [-84.6910416, 47.9109615990618], [-84.69168409999997, 47.911169799061824], [-84.69213019999995, 47.911264999061814], [-84.69246339999995, 47.91130659906184], [-84.692969, 47.91127679906179], [-84.69370659999998, 47.91121739906179], [-84.69414089999998, 47.911139999061845], [-84.6945513, 47.9109496990618], [-84.69483689999998, 47.910866399061824], [-84.69508079999997, 47.91083659906184], [-84.69529489999996, 47.91084849906183], [-84.69547339999997, 47.910884199061805], [-84.695628, 47.91096749906182], [-84.69598499999995, 47.91118169906184], [-84.69650839999997, 47.91146719906179], [-84.69694859999998, 47.911633799061796], [-84.6972877, 47.91178839906183], [-84.69756139999998, 47.91188959906179], [-84.69778739999998, 47.91191339906179], [-84.69856669999996, 47.911937099061824], [-84.69899499999997, 47.911943099061816], [-84.6994173, 47.91193119906182], [-84.6998337, 47.911889599061794], [-84.7001669, 47.9117705990618], [-84.70079149999998, 47.91155639906179], [-84.70110669999997, 47.91146129906183], [-84.70145179999997, 47.91134819906181], [-84.70178489999995, 47.911211399061806], [-84.7020407, 47.91105079906179], [-84.70224889999997, 47.9109615990618], [-84.7024452, 47.91092589906179], [-84.70260579999996, 47.910973499061804], [-84.7027248, 47.91100319906182], [-84.7028259, 47.911092399061815], [-84.7028259, 47.9112173990618], [-84.70278429999996, 47.91136009906182], [-84.70273069999996, 47.91153259906183], [-84.70270689999995, 47.91166949906181], [-84.70270099999999, 47.91181819906182], [-84.70276639999997, 47.91194899906184], [-84.70292109999997, 47.91213349906184], [-84.70340289999996, 47.912537999061826], [-84.70358729999998, 47.91266879906179], [-84.70400969999997, 47.91286509906181], [-84.70446179999999, 47.913025799061806], [-84.7047354, 47.91310309906181], [-84.70497929999999, 47.91319829906182], [-84.70596079999996, 47.91347789906183], [-84.70626419999996, 47.91355519906181], [-84.70649029999998, 47.91365039906179], [-84.70669849999996, 47.91371579906183], [-84.70685909999997, 47.91371579906183], [-84.70710299999996, 47.9136741990618], [-84.70737659999998, 47.9136324990618], [-84.7076146, 47.9136205990618], [-84.7082868, 47.9136860990618], [-84.70882219999999, 47.91372169906179], [-84.70903039999996, 47.91371579906183], [-84.70926829999996, 47.91370979906185], [-84.70958949999999, 47.9137573990618], [-84.71085059999996, 47.91375739906181], [-84.7120463, 47.91373959906183], [-84.71266499999996, 47.91373959906184], [-84.71287909999995, 47.91370389906183], [-84.7130219, 47.91365039906179], [-84.71314089999998, 47.91352539906182], [-84.71321819999997, 47.91335289906181], [-84.71327169999995, 47.913150699061816], [-84.71328359999995, 47.91293059906183], [-84.71325389999998, 47.912769999061815], [-84.71315869999995, 47.912585599061806], [-84.71295049999998, 47.912299999061815], [-84.7128434, 47.912073999061825], [-84.71280769999998, 47.91187769906184], [-84.71284939999998, 47.91171699906181], [-84.71295049999998, 47.91162189906181], [-84.71311709999998, 47.91159209906181], [-84.71334909999996, 47.9115801990618], [-84.713706, 47.9115920990618], [-84.7142116, 47.9116218990618], [-84.71462209999999, 47.91166349906183], [-84.71499089999998, 47.91169329906181], [-84.71543109999999, 47.91168139906182], [-84.71580589999996, 47.911651599061834], [-84.71616869999997, 47.91160999906178], [-84.71649479999996, 47.91160739906182]]}, "properties": {"OBJECTID": 48108466}}, {"type": "Feature", "id": 48110818, "geometry": {"type": "LineString", "coordinates": [[-81.01241979999998, 48.67437289906476], [-81.01248039999996, 48.67496259906473], [-81.01255329999998, 48.67520089906476], [-81.01265259999997, 48.67538629906473], [-81.0128115, 48.67562459906477], [-81.01332129999997, 48.676339599064725], [-81.013553, 48.67669049906473], [-81.01379789999999, 48.67705469906477], [-81.01391049999995, 48.67728639906475], [-81.01399659999998, 48.67757769906476], [-81.01408929999997, 48.67774979906474], [-81.01424809999997, 48.67789549906476], [-81.01455819999995, 48.67811359906475]]}, "properties": {"OBJECTID": 48110818}}, {"type": "Feature", "id": 48111506, "geometry": {"type": "LineString", "coordinates": [[-81.18208579999998, 48.495714299063984], [-81.18227139999999, 48.495887999064], [-81.18233529999998, 48.49595819906399], [-81.18236719999999, 48.496018799063975], [-81.18238309999998, 48.496095399063975], [-81.18239419999998, 48.496796099064014]]}, "properties": {"OBJECTID": 48111506}}, {"type": "Feature", "id": 48113170, "geometry": {"type": "LineString", "coordinates": [[-81.33332479999996, 48.47206579906386], [-81.33206899999999, 48.47208079906389]]}, "properties": {"OBJECTID": 48113170}}, {"type": "Feature", "id": 48114130, "geometry": {"type": "LineString", "coordinates": [[-84.7708867, 47.9904189990621], [-84.77086849999995, 47.99155479906208], [-84.77091619999999, 47.99169069906212], [-84.77099429999998, 47.99174619906209]]}, "properties": {"OBJECTID": 48114130}}, {"type": "Feature", "id": 48114482, "geometry": {"type": "LineString", "coordinates": [[-84.80479979999996, 47.949099599061924], [-84.80063199999995, 47.95262799906193], [-84.80018539999998, 47.95305129906196], [-84.79963749999996, 47.95365269906196], [-84.79930329999996, 47.95408249906196], [-84.79910209999997, 47.95438349906195], [-84.79863279999995, 47.955232199061946], [-84.79714159999997, 47.95809469906196], [-84.79703179999996, 47.95829779906197]]}, "properties": {"OBJECTID": 48114482}}, {"type": "Feature", "id": 48118034, "geometry": {"type": "LineString", "coordinates": [[-81.17857909999998, 48.48058599906394], [-81.18187159999997, 48.48180429906394]]}, "properties": {"OBJECTID": 48118034}}, {"type": "Feature", "id": 48119618, "geometry": {"type": "LineString", "coordinates": [[-81.1690304, 48.493199399064], [-81.16799459999999, 48.493224699063994], [-81.16792119999997, 48.493239899064015], [-81.1678655, 48.49327279906395], [-81.16782489999997, 48.493320899063974], [-81.16780209999996, 48.49338429906396], [-81.16779199999996, 48.49346529906397], [-81.16780069999999, 48.494137799064]]}, "properties": {"OBJECTID": 48119618}}, {"type": "Feature", "id": 48120002, "geometry": {"type": "LineString", "coordinates": [[-81.3497969, 48.490238499063985], [-81.3498012, 48.490971099063984]]}, "properties": {"OBJECTID": 48120002}}, {"type": "Feature", "id": 48122210, "geometry": {"type": "LineString", "coordinates": [[-81.16780349999999, 48.496874599063986], [-81.16779679999996, 48.497767399064024]]}, "properties": {"OBJECTID": 48122210}}, {"type": "Feature", "id": 48128098, "geometry": {"type": "LineString", "coordinates": [[-81.29348729999998, 48.47595789906391], [-81.29387659999998, 48.475965999063924], [-81.29410059999998, 48.47596829906392], [-81.29424799999998, 48.475971699063884], [-81.29444699999999, 48.47597789906391], [-81.2946311, 48.47598499906394], [-81.2947097, 48.47599039906389], [-81.29500279999996, 48.476011699063896], [-81.2955417, 48.4760533990639], [-81.29595359999996, 48.4760864990639], [-81.29630939999998, 48.47611869906392], [-81.29638839999996, 48.47612899906392]]}, "properties": {"OBJECTID": 48128098}}, {"type": "Feature", "id": 48128130, "geometry": {"type": "LineString", "coordinates": [[-83.41082179999995, 47.847693799061574], [-83.41076189999995, 47.8477107990616], [-83.41072159999999, 47.847724099061615], [-83.41068519999999, 47.84774249906161], [-83.41063019999996, 47.8477585990616], [-83.4105303, 47.84777319906158], [-83.41047119999996, 47.84778459906159], [-83.41042299999998, 47.84778809906158], [-83.41035979999998, 47.847791799061625], [-83.41031479999998, 47.847792099061635]]}, "properties": {"OBJECTID": 48128130}}, {"type": "Feature", "id": 48129682, "geometry": {"type": "LineString", "coordinates": [[-84.77687279999998, 47.99937339906212], [-84.7783872, 47.9993846990621]]}, "properties": {"OBJECTID": 48129682}}, {"type": "Feature", "id": 48134514, "geometry": {"type": "LineString", "coordinates": [[-84.8273097, 47.93239429906186], [-84.82732139999996, 47.932388499061865], [-84.82747489999997, 47.93232779906186], [-84.82764259999999, 47.93228499906189], [-84.82784249999997, 47.93225639906189], [-84.82802099999998, 47.93224569906186], [-84.8282173, 47.93225279906187], [-84.82838499999997, 47.93227429906187], [-84.82865629999998, 47.93235629906191], [-84.82887399999998, 47.93245629906188], [-84.82910239999995, 47.932631199061866], [-84.82923089999997, 47.93279889906188], [-84.82928449999997, 47.9329202990619], [-84.82929159999998, 47.93305589906187], [-84.82925589999996, 47.93322719906189], [-84.82905439999996, 47.93377839906185]]}, "properties": {"OBJECTID": 48134514}}, {"type": "Feature", "id": 48136178, "geometry": {"type": "LineString", "coordinates": [[-81.72143619999997, 47.67200449906103], [-81.72232639999999, 47.67279969906105]]}, "properties": {"OBJECTID": 48136178}}, {"type": "Feature", "id": 48140450, "geometry": {"type": "LineString", "coordinates": [[-81.32546979999995, 48.46836199906387], [-81.32445539999998, 48.46839189906388]]}, "properties": {"OBJECTID": 48140450}}, {"type": "Feature", "id": 48142162, "geometry": {"type": "LineString", "coordinates": [[-81.26984879999998, 48.43928259906376], [-81.2700562, 48.439371099063756], [-81.27008669999998, 48.43938919906378], [-81.27011479999999, 48.43940899906376], [-81.27014529999997, 48.43943549906374], [-81.27016259999999, 48.43945299906376], [-81.27018199999998, 48.43947699906376], [-81.27021229999997, 48.43952559906377], [-81.27023229999998, 48.4395883990638], [-81.27030509999997, 48.439859699063746], [-81.27030939999997, 48.43991119906378], [-81.27030229999997, 48.439953999063746], [-81.27028909999996, 48.43997829906375], [-81.27003009999999, 48.44019139906376], [-81.26998829999997, 48.440225799063754], [-81.26997539999996, 48.44023269906376], [-81.26996179999998, 48.44023889906372], [-81.26994739999998, 48.440244199063734], [-81.26993239999996, 48.440248599063764], [-81.26991679999998, 48.440252199063785], [-81.26990089999998, 48.440254799063794], [-81.26988459999995, 48.440256599063744], [-81.26986819999996, 48.440257299063795], [-81.26985179999997, 48.44025709906374], [-81.26983539999998, 48.44025599906379], [-81.26981919999997, 48.44025389906376], [-81.26898729999999, 48.44006099906377]]}, "properties": {"OBJECTID": 48142162}}, {"type": "Feature", "id": 48142610, "geometry": {"type": "LineString", "coordinates": [[-81.73248209999997, 47.701671999061126], [-81.73408119999999, 47.7016437990611], [-81.7345747, 47.70166759906111], [-81.73506879999996, 47.701736499061134], [-81.73553709999999, 47.70185939906115], [-81.73597939999996, 47.70203649906113], [-81.73640919999997, 47.70226769906116], [-81.7367595, 47.70253539906115], [-81.73804689999997, 47.70402979906112], [-81.7384131, 47.70447729906112], [-81.73879169999998, 47.70485279906115], [-81.73922239999996, 47.705146899061155], [-81.73971899999998, 47.705386599061114], [-81.74029469999999, 47.705562899061135], [-81.74090919999998, 47.70565789906113], [-81.74154949999996, 47.705689799061126], [-81.75309579999998, 47.705857499061146]]}, "properties": {"OBJECTID": 48142610}}, {"type": "Feature", "id": 48142818, "geometry": {"type": "LineString", "coordinates": [[-84.54413689999996, 48.35093569906343], [-84.5437733, 48.351197899063436], [-84.54346369999996, 48.35146119906342], [-84.54323579999999, 48.35170819906342], [-84.54321669999996, 48.35182479906342], [-84.54331339999999, 48.352060799063395], [-84.54380979999996, 48.352404299063444]]}, "properties": {"OBJECTID": 48142818}}, {"type": "Feature", "id": 48143842, "geometry": {"type": "LineString", "coordinates": [[-81.73349159999998, 48.6248578990645], [-81.73277529999996, 48.625060299064536], [-81.7325181, 48.62510699906453], [-81.73228749999998, 48.62510839906455], [-81.73206969999995, 48.62506479906452], [-81.73185139999998, 48.62498519906454], [-81.73145399999999, 48.62471789906451], [-81.73128889999998, 48.62455699906453], [-81.73103939999999, 48.62419869906452], [-81.73086119999999, 48.62407389906454], [-81.73064339999996, 48.62403029906452], [-81.73029069999995, 48.62403259906452], [-81.72953139999998, 48.624082299064504], [-81.72874589999998, 48.624186299064505], [-81.7284606, 48.624170099064514], [-81.727957, 48.62406529906453], [-81.72754959999997, 48.62404089906451], [-81.72719719999998, 48.62407009906454], [-81.72647969999997, 48.62419159906451], [-81.72615429999996, 48.62421159906452], [-81.72586899999999, 48.624186499064514], [-81.72504199999997, 48.624245599064494], [-81.72475709999998, 48.6242473990645], [-81.72420149999999, 48.624304899064526], [-81.72351149999997, 48.624453199064504], [-81.72117249999997, 48.625061599064544], [-81.7205773, 48.62519129906454]]}, "properties": {"OBJECTID": 48143842}}, {"type": "Feature", "id": 48146226, "geometry": {"type": "LineString", "coordinates": [[-81.34340309999999, 48.477570599063924], [-81.34340349999997, 48.47757619906395], [-81.34341109999997, 48.477655799063925], [-81.34342279999998, 48.47773519906393], [-81.34343849999999, 48.477814399063895], [-81.34345129999997, 48.47784769906394], [-81.34346579999999, 48.47788069906391], [-81.34348209999996, 48.47791339906393], [-81.3435, 48.477945699063916], [-81.34351959999998, 48.477977599063934], [-81.3435409, 48.478008899063916], [-81.34356379999997, 48.47803979906393], [-81.34358829999996, 48.47807009906392], [-81.34361429999996, 48.478099899063935], [-81.34364189999997, 48.47812899906393], [-81.3436711, 48.47815749906391], [-81.34369449999997, 48.478178999063914]]}, "properties": {"OBJECTID": 48146226}}, {"type": "Feature", "id": 48147090, "geometry": {"type": "LineString", "coordinates": [[-81.18208579999998, 48.495714299063984], [-81.18127999999996, 48.496093199064006]]}, "properties": {"OBJECTID": 48147090}}, {"type": "Feature", "id": 48148658, "geometry": {"type": "LineString", "coordinates": [[-81.20653059999995, 48.4708294990639], [-81.20545469999996, 48.47083139906388]]}, "properties": {"OBJECTID": 48148658}}, {"type": "Feature", "id": 48148866, "geometry": {"type": "LineString", "coordinates": [[-83.39802859999998, 47.83993299906159], [-83.39804419999996, 47.83996919906159], [-83.39878949999996, 47.8416768990616]]}, "properties": {"OBJECTID": 48148866}}, {"type": "Feature", "id": 48153282, "geometry": {"type": "LineString", "coordinates": [[-81.33506239999997, 48.48698409906397], [-81.33506139999997, 48.48813049906395]]}, "properties": {"OBJECTID": 48153282}}, {"type": "Feature", "id": 48155922, "geometry": {"type": "LineString", "coordinates": [[-84.77089029999996, 47.99757379906209], [-84.77089709999996, 47.998446599062106]]}, "properties": {"OBJECTID": 48155922}}, {"type": "Feature", "id": 48164594, "geometry": {"type": "LineString", "coordinates": [[-84.49828819999999, 47.67779209906107], [-84.4990477, 47.677790699061035], [-84.4993551, 47.67777039906108], [-84.49943879999995, 47.67769129906108], [-84.49969519999996, 47.67706699906105], [-84.49987169999997, 47.676719899061055], [-84.50001079999998, 47.67631799906106], [-84.49995159999997, 47.67616369906103], [-84.49969049999999, 47.676049999061064], [-84.4995055, 47.67601899906101], [-84.49934529999996, 47.67602449906106], [-84.49919499999999, 47.67610219906102], [-84.4990555, 47.67623409906106], [-84.49862349999995, 47.67690859906107], [-84.49838649999998, 47.67740739906108], [-84.49828819999999, 47.67779209906107]]}, "properties": {"OBJECTID": 48164594}}, {"type": "Feature", "id": 48165682, "geometry": {"type": "LineString", "coordinates": [[-84.76954619999998, 47.99672989906213], [-84.76968549999998, 47.99701129906209], [-84.76980749999996, 47.99721059906211], [-84.76994729999996, 47.997433699062135], [-84.7700097, 47.99750799906213], [-84.7700633, 47.9975525990621], [-84.7701376, 47.99757639906211], [-84.77028639999997, 47.9975882990621], [-84.770557, 47.997585399062146], [-84.77089029999996, 47.99757379906209]]}, "properties": {"OBJECTID": 48165682}}, {"type": "Feature", "id": 48167490, "geometry": {"type": "LineString", "coordinates": [[-84.36576939999998, 48.31570169906329], [-84.3662314, 48.316423099063265]]}, "properties": {"OBJECTID": 48167490}}, {"type": "Feature", "id": 48167858, "geometry": {"type": "LineString", "coordinates": [[-84.49828819999999, 47.67779209906107], [-84.49809189999996, 47.677994799061054], [-84.49760029999999, 47.678245099061066], [-84.49727609999997, 47.67833699906103], [-84.49641559999998, 47.67849809906103], [-84.49568779999998, 47.67867119906103], [-84.49536239999998, 47.67879009906105], [-84.49475859999995, 47.679154799061074], [-84.49452069999995, 47.67939259906107], [-84.49435019999999, 47.679613799061066], [-84.49386919999995, 47.68047619906108], [-84.4934796, 47.681097599061076], [-84.49267909999998, 47.68223189906109], [-84.49244109999995, 47.682469599061086], [-84.49198679999995, 47.68277459906107], [-84.49163289999996, 47.68292889906108], [-84.49088739999996, 47.68319149906107], [-84.49053269999996, 47.68336369906107], [-84.49023029999995, 47.683555099061074], [-84.49000609999996, 47.68378409906108], [-84.48934929999996, 47.68497549906107], [-84.48878909999996, 47.68581809906106], [-84.48853699999995, 47.68607359906111], [-84.4874125, 47.6870117990611], [-84.48711909999997, 47.68729329906108], [-84.48685659999995, 47.6874854990611], [-84.48654439999996, 47.68760459906112], [-84.48534309999997, 47.6881991990611], [-84.48492169999997, 47.688369899061065], [-84.48455229999996, 47.6885687990611], [-84.4834644, 47.6890217990611], [-84.48236559999998, 47.6896995990611], [-84.48162889999998, 47.69005239906109], [-84.48045109999998, 47.690710399061075], [-84.4801607, 47.69092899906111], [-84.47993589999999, 47.69116699906108], [-84.47967509999995, 47.6916021990611], [-84.47913399999999, 47.692319199061124], [-84.47867479999996, 47.692722999061075], [-84.47802819999998, 47.6931406990611], [-84.47605169999997, 47.694051099061106], [-84.47519729999999, 47.69435619906109], [-84.474242, 47.69454209906112], [-84.47328879999998, 47.6946830990611], [-84.47169069999995, 47.69465689906113], [-84.47071219999998, 47.6947702990611], [-84.4695408, 47.69501439906114], [-84.46813699999996, 47.695379299061095], [-84.46762579999995, 47.69547599906113], [-84.46675339999996, 47.69560069906109], [-84.46553829999999, 47.69564589906111], [-84.46451359999998, 47.695614199061104], [-84.46438169999999, 47.695584299061096], [-84.46382299999999, 47.69556289906111], [-84.46354639999998, 47.695493799061104], [-84.4617728, 47.69523859906112], [-84.46155969999995, 47.695233899061094], [-84.4613445, 47.69527409906109], [-84.46072949999996, 47.695314499061084], [-84.4605267, 47.69537299906111], [-84.4603257, 47.69539559906112], [-84.45971689999999, 47.69557999906109], [-84.45932689999995, 47.69565239906111], [-84.45883249999997, 47.69567739906111], [-84.45851639999995, 47.695598399061076], [-84.4582168, 47.69545679906113], [-84.45763599999998, 47.69506599906108], [-84.4570875, 47.69455889906108], [-84.45658079999998, 47.694016799061124], [-84.45635469999996, 47.6937327990611], [-84.45581389999995, 47.69334289906108], [-84.45544309999997, 47.693019699061104], [-84.45510199999995, 47.69263419906112], [-84.4547465, 47.69254529906108], [-84.45434929999999, 47.692491499061084], [-84.45392369999996, 47.692473099061104], [-84.45310849999998, 47.69251799906109], [-84.45270649999998, 47.692562999061074], [-84.45129369999995, 47.69283759906109], [-84.45076789999996, 47.69296089906108], [-84.44873099999995, 47.69318549906111], [-84.44770949999997, 47.693360799061125], [-84.44664499999999, 47.69359799906108], [-84.44538299999999, 47.693785899061105], [-84.4445652, 47.69388459906112], [-84.44354849999996, 47.693960999061076], [-84.44301459999997, 47.69397599906111], [-84.44148309999997, 47.693950899061086], [-84.4409652, 47.693912299061104], [-84.44016109999995, 47.69400239906113], [-84.43977769999998, 47.694209799061085], [-84.43875709999998, 47.69436699906108], [-84.43792189999999, 47.69454629906109], [-84.43697369999995, 47.69485799906109], [-84.43635869999997, 47.69516819906109], [-84.43428869999997, 47.696336699061106], [-84.43327249999999, 47.6969438990611], [-84.43276269999996, 47.6972833990611], [-84.431873, 47.698028399061094], [-84.43152909999998, 47.6982455990611], [-84.43115989999995, 47.69843529906112], [-84.43080659999998, 47.69857139906114], [-84.42884989999999, 47.6990583990611], [-84.4284563, 47.69920259906113], [-84.42804709999996, 47.69939139906111], [-84.42766279999995, 47.69961669906113], [-84.42696339999998, 47.700284899061145], [-84.42656039999997, 47.700617799061135], [-84.42616629999998, 47.70104089906111], [-84.42590139999999, 47.70127789906114], [-84.42558359999998, 47.701504699061154], [-84.42504929999996, 47.70179869906114], [-84.42439859999996, 47.70228799906112], [-84.42413149999999, 47.70256989906112], [-84.42361929999998, 47.70295439906111], [-84.4234209, 47.70319289906114], [-84.42315589999998, 47.70369979906115], [-84.4230197, 47.70402969906114], [-84.42281859999997, 47.70432209906112], [-84.42235039999997, 47.704896499061135], [-84.42208409999995, 47.705160499061144], [-84.42118119999998, 47.705896099061135], [-84.4203268, 47.70673169906115], [-84.41903279999997, 47.707827399061166], [-84.4189897, 47.70788939906113], [-84.41716879999996, 47.70912619906114], [-84.41675909999998, 47.709323999061176], [-84.41590359999998, 47.70963759906114], [-84.41317699999996, 47.71031399906117], [-84.41175279999999, 47.71080379906114], [-84.41124009999999, 47.71092719906114], [-84.41038499999996, 47.71123179906114], [-84.4099761, 47.71141159906115], [-84.40923509999999, 47.71183579906114], [-84.40857219999998, 47.71229769906116], [-84.40818859999996, 47.71250499906116], [-84.40793289999999, 47.71255319906114], [-84.40659389999996, 47.71293689906119], [-84.40560919999996, 47.71316659906117], [-84.40517939999995, 47.71322879906116], [-84.4043163, 47.713425299061186], [-84.40379509999997, 47.71344949906117], [-84.40353759999999, 47.713533599061144], [-84.40300659999997, 47.713755499061186], [-84.40251239999998, 47.714041299061165], [-84.40156289999999, 47.714901599061164], [-84.400486, 47.71564209906117], [-84.40010319999999, 47.71583139906117], [-84.3996823, 47.71598379906115], [-84.39838759999998, 47.71627839906119], [-84.39799549999998, 47.71638649906115], [-84.39686899999998, 47.71678389906115], [-84.39589479999995, 47.7170676990612], [-84.39530769999999, 47.717342299061194], [-84.39501949999999, 47.71750669906117], [-84.39424549999995, 47.717786099061165], [-84.39389069999999, 47.71794899906119], [-84.39198679999998, 47.71895859906117], [-84.39145909999996, 47.71937849906117], [-84.39110319999998, 47.71982929906118], [-84.39085349999999, 47.72002159906116], [-84.39047189999997, 47.720453799061204], [-84.39034749999996, 47.72054099906119], [-84.39014799999995, 47.72079739906121], [-84.38980419999996, 47.72100559906117], [-84.38952439999997, 47.72126909906119], [-84.38872349999997, 47.72181779906117], [-84.38787809999997, 47.7224554990612], [-84.3875903, 47.72261089906118], [-84.38688279999997, 47.722891699061215], [-84.38618629999996, 47.72321779906122], [-84.38586959999998, 47.72341749906121], [-84.38559149999998, 47.72364509906119], [-84.38535249999995, 47.7238916990612], [-84.3848466, 47.72467199906118], [-84.38457999999997, 47.72493589906123], [-84.3844057, 47.72521979906122], [-84.38396439999997, 47.725776699061214], [-84.38305779999996, 47.726835799061185], [-84.38214639999995, 47.727723899061196], [-84.3811498, 47.7284479990612], [-84.38077929999997, 47.728655499061205], [-84.3803848, 47.728808399061236], [-84.3799793, 47.72891619906121], [-84.37874199999999, 47.72912189906119], [-84.37830229999997, 47.729111799061194], [-84.37793159999995, 47.729058299061215], [-84.37708189999995, 47.72871499906122], [-84.37676669999996, 47.72861779906119], [-84.37609359999999, 47.728476399061236], [-84.37572109999996, 47.72845889906121], [-84.37533249999996, 47.7284949990612], [-84.37422699999996, 47.7287305990612], [-84.37303359999999, 47.728856299061206], [-84.37254429999996, 47.72877309906119], [-84.37221539999996, 47.72868449906123], [-84.37131339999996, 47.72832189906122], [-84.37068929999998, 47.72800169906125], [-84.36995459999997, 47.72775989906122], [-84.36869719999999, 47.72756899906121], [-84.36676089999997, 47.72735359906121], [-84.36626849999999, 47.727333299061186], [-84.3659745, 47.72734459906123], [-84.36559789999995, 47.727407899061184], [-84.36525849999998, 47.72752609906122], [-84.36457429999996, 47.727870299061195], [-84.36420099999998, 47.7281316990612], [-84.36371199999996, 47.72857039906122], [-84.36321249999997, 47.728954799061185], [-84.36253649999998, 47.729398199061244], [-84.3618224, 47.72980469906125]]}, "properties": {"OBJECTID": 48167858}}, {"type": "Feature", "id": 48168130, "geometry": {"type": "LineString", "coordinates": [[-81.2073365, 48.482977199063974], [-81.20734699999997, 48.48429799906395]]}, "properties": {"OBJECTID": 48168130}}, {"type": "Feature", "id": 48170354, "geometry": {"type": "LineString", "coordinates": [[-84.77341389999998, 47.99397449906212], [-84.77341989999996, 47.99583939906211]]}, "properties": {"OBJECTID": 48170354}}, {"type": "Feature", "id": 48173826, "geometry": {"type": "LineString", "coordinates": [[-81.33081019999997, 48.47725119906391], [-81.3320769, 48.47725449906391]]}, "properties": {"OBJECTID": 48173826}}, {"type": "Feature", "id": 48174114, "geometry": {"type": "LineString", "coordinates": [[-83.3494799, 47.774594699061375], [-83.34893839999995, 47.775019799061326], [-83.34859739999996, 47.77544969906136], [-83.3484972, 47.775892599061365], [-83.34838449999995, 47.77665079906137], [-83.34832749999998, 47.77686789906136], [-83.34821439999996, 47.77702319906137], [-83.34799619999995, 47.77721659906138], [-83.34781879999997, 47.777427199061385], [-83.34742519999998, 47.778173099061355], [-83.34726309999996, 47.77872529906138], [-83.34727249999997, 47.778932099061365], [-83.34737589999997, 47.779154899061396], [-83.34750209999999, 47.77958429906136], [-83.34770949999995, 47.780632799061394], [-83.34776049999999, 47.7814685990614], [-83.3477436, 47.78168489906139], [-83.34765749999997, 47.781848699061385], [-83.34750589999999, 47.782040699061405], [-83.34714579999996, 47.78234499906138], [-83.34646959999998, 47.7827457990614], [-83.34572629999997, 47.7831388990614], [-83.34532899999999, 47.7835069990614], [-83.34491629999997, 47.784127299061396], [-83.34486909999998, 47.78456019906141], [-83.34477249999998, 47.7847870990614], [-83.34474219999998, 47.78500369906138], [-83.34474899999998, 47.7854534990614], [-83.34470579999999, 47.78567929906141], [-83.3443077, 47.786326299061415], [-83.3439507, 47.786999499061416], [-83.3434911, 47.78746779906137], [-83.34327079999997, 47.78761619906138], [-83.34310069999998, 47.78769169906141], [-83.3423613, 47.78787779906143], [-83.34123019999998, 47.78796379906138], [-83.340689, 47.78810089906139], [-83.34047959999998, 47.78819509906138], [-83.34033929999998, 47.78834199906138], [-83.34028999999998, 47.78872989906141], [-83.3401197, 47.78910229906141], [-83.34008779999999, 47.789282899061426], [-83.34016299999996, 47.7894702990614], [-83.3403611, 47.78971819906141], [-83.34042089999997, 47.789860999061425], [-83.34038369999996, 47.790221699061405], [-83.34032299999996, 47.7903578990614], [-83.34020779999997, 47.79046819906141], [-83.3400772, 47.7905338990614], [-83.33956179999996, 47.790652399061386], [-83.3393213, 47.79064829906143], [-83.3388903, 47.79056709906141], [-83.33835469999997, 47.790532999061426], [-83.33784129999998, 47.790399499061415], [-83.3376824, 47.79042969906139], [-83.33757969999999, 47.79052179906141], [-83.3373808, 47.79084979906144]]}, "properties": {"OBJECTID": 48174114}}, {"type": "Feature", "id": 48177202, "geometry": {"type": "LineString", "coordinates": [[-82.42853249999996, 48.63825479906459], [-82.42876539999997, 48.63866269906456], [-82.43002049999996, 48.64128309906459], [-82.4304606, 48.64244719906465], [-82.43087729999996, 48.64326069906462], [-82.43118519999996, 48.64406659906462], [-82.43139939999998, 48.64491859906462], [-82.4314071, 48.645188399064594], [-82.43134709999998, 48.64546799906464], [-82.43123079999998, 48.645676399064605], [-82.43072189999998, 48.64640249906462], [-82.43025539999996, 48.6471908990646], [-82.42958969999995, 48.6481348990646], [-82.4291222, 48.64888739906464], [-82.42902099999998, 48.64914949906463], [-82.42899839999995, 48.649311699064604], [-82.4290216, 48.64965329906462], [-82.42913779999998, 48.64992179906463], [-82.42936469999995, 48.65026079906462], [-82.43065249999995, 48.65163029906463], [-82.43121859999997, 48.65244189906466], [-82.43142939999996, 48.65269119906467], [-82.4319051, 48.65366589906464], [-82.43222849999995, 48.65405779906467], [-82.43232499999999, 48.65411049906463], [-82.43274599999995, 48.65459109906463], [-82.43295499999999, 48.65477739906463], [-82.43354549999998, 48.655489799064625], [-82.43541749999997, 48.657337799064685], [-82.43656039999996, 48.65789029906467], [-82.43764629999998, 48.65835359906464], [-82.43937979999998, 48.65914159906464], [-82.44137159999997, 48.65993539906464], [-82.4419087, 48.660198499064684], [-82.44229519999999, 48.66041859906467], [-82.44260109999999, 48.6606666990647], [-82.44278349999996, 48.66087129906465], [-82.44308219999999, 48.66134439906468], [-82.44372759999999, 48.66301869906467], [-82.44397669999995, 48.66375139906469]]}, "properties": {"OBJECTID": 48177202}}, {"type": "Feature", "id": 48179618, "geometry": {"type": "LineString", "coordinates": [[-81.18785839999998, 48.49796129906401], [-81.18788119999999, 48.498551499064]]}, "properties": {"OBJECTID": 48179618}}, {"type": "Feature", "id": 48182274, "geometry": {"type": "LineString", "coordinates": [[-81.56422929999997, 48.26241419906308], [-81.56308529999995, 48.26253679906308], [-81.56167339999996, 48.26280459906308]]}, "properties": {"OBJECTID": 48182274}}, {"type": "Feature", "id": 48182642, "geometry": {"type": "LineString", "coordinates": [[-81.3282954, 48.474927299063935], [-81.32955229999999, 48.4749321990639]]}, "properties": {"OBJECTID": 48182642}}, {"type": "Feature", "id": 48183122, "geometry": {"type": "LineString", "coordinates": [[-83.53725209999999, 47.835120399061594], [-83.53772249999997, 47.83485099906156], [-83.5378667, 47.83479379906153], [-83.53826409999999, 47.834721999061536], [-83.53847459999997, 47.83465439906157], [-83.53908939999997, 47.83437979906155], [-83.5394187, 47.83428259906153], [-83.53975549999996, 47.83433809906156], [-83.54020789999998, 47.834570999061576], [-83.5404638, 47.83461039906157], [-83.54088329999996, 47.83471799906156], [-83.54100349999999, 47.83471539906158], [-83.5416836, 47.83441239906155], [-83.54204729999998, 47.83419739906157], [-83.54264669999998, 47.83415709906155], [-83.5447681, 47.83381309906158], [-83.54516859999995, 47.83380419906157], [-83.5458534, 47.83386999906159], [-83.54631799999999, 47.83380569906156], [-83.5468406, 47.83356009906153], [-83.54720379999998, 47.833336099061526], [-83.5477904, 47.83303519906156], [-83.54801379999998, 47.83295819906154], [-83.5484237, 47.83286809906157], [-83.54951139999997, 47.832429999061574], [-83.54996589999996, 47.83215899906156], [-83.5502146, 47.832054499061556], [-83.5503157, 47.831935199061554], [-83.55038669999999, 47.83147469906152], [-83.55046189999996, 47.831374099061534], [-83.55113569999997, 47.83121509906154], [-83.551335, 47.83119269906155], [-83.55168649999996, 47.83127489906156], [-83.55212119999999, 47.83141819906155], [-83.55247939999998, 47.83136519906158], [-83.55327689999996, 47.83100549906152], [-83.55407299999996, 47.83088879906155], [-83.55444669999997, 47.83088049906156], [-83.55474169999997, 47.83090089906154], [-83.55495789999998, 47.83095009906152], [-83.55523109999996, 47.831069999061526], [-83.55553359999999, 47.83124319906155], [-83.55588009999997, 47.83149649906155], [-83.55610609999997, 47.83174339906157], [-83.55626849999999, 47.83178479906156], [-83.5567886, 47.83176419906154], [-83.5569653, 47.83182319906155], [-83.5574876, 47.83211749906156], [-83.55769129999999, 47.83218499906156], [-83.55846099999997, 47.83261769906155], [-83.55870479999999, 47.83268429906157], [-83.5591301, 47.832908699061555], [-83.55941259999997, 47.833217399061546], [-83.55969059999995, 47.83343609906156], [-83.55972219999995, 47.83353439906155], [-83.5597181, 47.833993399061534], [-83.55986249999995, 47.83448509906154], [-83.55999369999995, 47.834707099061546], [-83.56011959999995, 47.83509129906158], [-83.55996109999995, 47.83540069906157], [-83.55968239999999, 47.83571289906157], [-83.55940729999998, 47.83609699906154], [-83.5590133, 47.83651069906156], [-83.55898929999995, 47.83656519906154]]}, "properties": {"OBJECTID": 48183122}}, {"type": "Feature", "id": 48185394, "geometry": {"type": "LineString", "coordinates": [[-81.34049909999999, 48.48199359906392], [-81.34049749999997, 48.482236499063916]]}, "properties": {"OBJECTID": 48185394}}, {"type": "Feature", "id": 48185970, "geometry": {"type": "LineString", "coordinates": [[-84.57001909999997, 48.34742779906342], [-84.56945679999995, 48.34761379906342], [-84.56901589999995, 48.34780239906342], [-84.5686255, 48.34806409906342], [-84.56757549999998, 48.348572799063376], [-84.5673137, 48.34868419906343], [-84.56682139999998, 48.348817699063424], [-84.56586759999999, 48.34900449906343], [-84.56559419999996, 48.34900219906341]]}, "properties": {"OBJECTID": 48185970}}, {"type": "Feature", "id": 48186754, "geometry": {"type": "LineString", "coordinates": [[-81.30932679999995, 48.49673629906398], [-81.30789859999999, 48.502643899064005]]}, "properties": {"OBJECTID": 48186754}}, {"type": "Feature", "id": 48189618, "geometry": {"type": "LineString", "coordinates": [[-81.37513229999996, 48.477414199063894], [-81.3766478, 48.47742729906395]]}, "properties": {"OBJECTID": 48189618}}, {"type": "Feature", "id": 48191762, "geometry": {"type": "LineString", "coordinates": [[-81.31682539999997, 48.46823269906391], [-81.31680269999998, 48.46826609906391], [-81.3167818, 48.46829999906386], [-81.31676279999999, 48.46833439906387], [-81.31674559999999, 48.4683691990639], [-81.31673029999996, 48.46840439906386], [-81.3167168, 48.468439999063904], [-81.316508, 48.46884659906386]]}, "properties": {"OBJECTID": 48191762}}, {"type": "Feature", "id": 48191842, "geometry": {"type": "LineString", "coordinates": [[-81.3295594, 48.48690829906396], [-81.32956679999995, 48.488155699063974]]}, "properties": {"OBJECTID": 48191842}}, {"type": "Feature", "id": 48192498, "geometry": {"type": "LineString", "coordinates": [[-81.21317529999999, 48.48599669906398], [-81.21517319999998, 48.48601049906395]]}, "properties": {"OBJECTID": 48192498}}, {"type": "Feature", "id": 48192642, "geometry": {"type": "LineString", "coordinates": [[-81.20624199999997, 48.48297609906395], [-81.2062257, 48.48429339906393]]}, "properties": {"OBJECTID": 48192642}}, {"type": "Feature", "id": 48193170, "geometry": {"type": "LineString", "coordinates": [[-81.20135799999997, 48.49653609906398], [-81.20135019999998, 48.49737169906401]]}, "properties": {"OBJECTID": 48193170}}, {"type": "Feature", "id": 48200002, "geometry": {"type": "LineString", "coordinates": [[-84.77087969999997, 47.99310859906211], [-84.77088329999998, 47.99397239906209]]}, "properties": {"OBJECTID": 48200002}}, {"type": "Feature", "id": 48203394, "geometry": {"type": "LineString", "coordinates": [[-81.7277699, 47.67626539906106], [-81.72684419999996, 47.67675709906105]]}, "properties": {"OBJECTID": 48203394}}, {"type": "Feature", "id": 48203490, "geometry": {"type": "LineString", "coordinates": [[-81.33439649999997, 48.46858469906387], [-81.33329429999998, 48.468588199063845]]}, "properties": {"OBJECTID": 48203490}}, {"type": "Feature", "id": 48203906, "geometry": {"type": "LineString", "coordinates": [[-81.34047729999998, 48.485186899063955], [-81.33778429999995, 48.485194899063934]]}, "properties": {"OBJECTID": 48203906}}, {"type": "Feature", "id": 48204146, "geometry": {"type": "LineString", "coordinates": [[-81.3292806, 48.20577419906286], [-81.32960549999996, 48.20607019906285], [-81.3299988, 48.206527899062856], [-81.33014849999995, 48.20677939906286], [-81.33027169999997, 48.20710289906283], [-81.3305474, 48.20811879906288], [-81.33072439999995, 48.20842419906287], [-81.33143009999998, 48.20932179906285], [-81.3315801, 48.20962729906288], [-81.33168989999996, 48.20995089906288], [-81.33176179999998, 48.21066139906292], [-81.33175819999997, 48.21219089906286], [-81.33165509999998, 48.21291089906285], [-81.33121989999995, 48.21430669906289], [-81.3311822, 48.214711699062875], [-81.3313344, 48.21534999906286], [-81.33164869999996, 48.21607779906293], [-81.33254679999999, 48.2175686990629], [-81.33290159999996, 48.21829639906293], [-81.33317799999998, 48.21940229906291], [-81.33358609999999, 48.22005779906291], [-81.33383049999998, 48.2203719990629], [-81.3349149, 48.22149349906291], [-81.33525589999999, 48.22216729906293], [-81.33551849999998, 48.22321909906289], [-81.33554779999997, 48.22356989906294], [-81.33546039999999, 48.224631799062905], [-81.33541359999998, 48.225702599062956], [-81.33558729999999, 48.22755539906294], [-81.33565109999995, 48.22907569906294], [-81.33563129999999, 48.23016439906297], [-81.33556619999996, 48.23050639906295], [-81.33544709999995, 48.23083069906294], [-81.33490119999999, 48.23178589906297], [-81.33476889999997, 48.23213719906295], [-81.33467689999998, 48.23249729906297], [-81.33465239999998, 48.23286629906295], [-81.33469779999996, 48.233630899062966], [-81.33513289999996, 48.23632859906299], [-81.33518319999996, 48.237848999063004], [-81.335128, 48.23970249906299], [-81.335193, 48.241402699063016], [-81.3352357, 48.241753399063015], [-81.33545829999997, 48.24284139906301], [-81.3355302, 48.24354289906301], [-81.3354132, 48.24418209906304], [-81.33509669999995, 48.245226599063], [-81.33495309999995, 48.24591979906301], [-81.33489029999998, 48.24662169906305], [-81.33487429999997, 48.248295199063016], [-81.3347915, 48.250058799063034], [-81.33478259999998, 48.250751599063], [-81.3348929, 48.25526759906305], [-81.33487259999998, 48.25628429906305], [-81.33478219999995, 48.25688739906308], [-81.33468959999999, 48.25714859906308], [-81.33398499999998, 48.25859909906306], [-81.3336521, 48.25920289906309], [-81.33353299999999, 48.259527099063064]]}, "properties": {"OBJECTID": 48204146}}, {"type": "Feature", "id": 48204850, "geometry": {"type": "LineString", "coordinates": [[-81.20848999999998, 48.48371149906394], [-81.20849659999999, 48.484302699063925]]}, "properties": {"OBJECTID": 48204850}}, {"type": "Feature", "id": 48207010, "geometry": {"type": "LineString", "coordinates": [[-84.56361629999998, 48.3501520990634], [-84.5635982, 48.35017109906341], [-84.5631879, 48.35056729906343], [-84.5627662, 48.350918299063444], [-84.56236139999999, 48.35119759906343], [-84.56172429999998, 48.35153499906341], [-84.56158299999998, 48.35166699906341]]}, "properties": {"OBJECTID": 48207010}}, {"type": "Feature", "id": 48207058, "geometry": {"type": "LineString", "coordinates": [[-81.34927779999998, 48.4739419990639], [-81.34743779999997, 48.47394759906392]]}, "properties": {"OBJECTID": 48207058}}, {"type": "Feature", "id": 48207138, "geometry": {"type": "LineString", "coordinates": [[-81.3239408, 48.47295789906391], [-81.32360569999997, 48.47306339906389], [-81.32336289999995, 48.47317209906388], [-81.32308069999999, 48.47347869906392]]}, "properties": {"OBJECTID": 48207138}}, {"type": "Feature", "id": 48209010, "geometry": {"type": "LineString", "coordinates": [[-81.37976349999997, 48.16714779906271], [-81.37902459999998, 48.16725819906274], [-81.37862139999999, 48.167295499062725], [-81.37821779999996, 48.167278799062714], [-81.37782719999996, 48.16719909906269], [-81.37754409999997, 48.1671100990627], [-81.37661349999996, 48.166744299062714], [-81.3761958, 48.16663769906272], [-81.37571129999998, 48.16659429906273], [-81.37485099999998, 48.16665109906271], [-81.37145069999997, 48.16697699906273], [-81.37053729999997, 48.167132899062715], [-81.36998689999996, 48.16727859906271], [-81.36970529999996, 48.16738749906271], [-81.36931659999999, 48.16757769906273], [-81.3689551, 48.16780369906273], [-81.36712159999996, 48.16906919906273], [-81.36657229999997, 48.169367799062734], [-81.36596859999997, 48.169594699062706], [-81.36537779999998, 48.16972249906273], [-81.36399369999998, 48.16990679906274], [-81.36360429999996, 48.169998099062745], [-81.36321519999996, 48.17012519906274], [-81.36204889999999, 48.17066869906272], [-81.36120369999998, 48.17097729906272], [-81.36045279999996, 48.17130349906273], [-81.36029199999996, 48.171402999062714], [-81.35991639999997, 48.17153909906274], [-81.35972819999995, 48.171548699062726], [-81.35945879999997, 48.171495599062716], [-81.35898699999996, 48.171353099062756], [-81.35858299999995, 48.17128239906271], [-81.35774909999998, 48.17127599906274], [-81.35734589999998, 48.17133119906271], [-81.35698329999997, 48.17141329906276], [-81.35666139999995, 48.17154029906272], [-81.35638019999999, 48.17172109906272], [-81.35612629999997, 48.17196479906273], [-81.35592649999995, 48.17224429906276], [-81.35556749999995, 48.172848199062756], [-81.3554484, 48.17312749906274], [-81.3553569, 48.173514699062714], [-81.35530779999999, 48.17418959906276], [-81.35519109999996, 48.17481969906272], [-81.35514359999996, 48.17573759906278], [-81.35582699999998, 48.177300899062764], [-81.35635919999999, 48.17839689906274], [-81.35645549999998, 48.17870249906278], [-81.35648449999997, 48.178999299062774], [-81.35642139999999, 48.17961129906277], [-81.35608379999996, 48.181366699062764], [-81.35592609999998, 48.18189799906279], [-81.35564749999998, 48.18246569906277], [-81.35551399999997, 48.18261009906279], [-81.35528639999995, 48.1827726990628], [-81.3548571, 48.18294499906276], [-81.3537695, 48.183263199062765], [-81.35292319999996, 48.18343679906278], [-81.35203589999998, 48.18353839906278], [-81.3515787, 48.18355779906278], [-81.35066339999997, 48.18349769906278], [-81.34970819999995, 48.18349159906278], [-81.34930479999997, 48.18351979906276], [-81.34837729999998, 48.18363959906281], [-81.3480141, 48.18364969906281], [-81.34548359999997, 48.18345939906276], [-81.3441651, 48.183445299062775], [-81.3433986, 48.18351059906279], [-81.34224269999999, 48.183675999062814], [-81.34190709999996, 48.18377599906278], [-81.34159869999996, 48.183929799062795], [-81.34134449999999, 48.18414649906277], [-81.34115789999998, 48.18441699906274], [-81.34101189999996, 48.184714299062755], [-81.3407623, 48.185614699062796], [-81.34067239999996, 48.18626279906278], [-81.34074909999998, 48.187683999062834], [-81.34073209999997, 48.18918659906281], [-81.34080539999997, 48.190086099062796], [-81.34076669999996, 48.19034709906278], [-81.3406339, 48.19060839906281], [-81.3403932, 48.190833999062775], [-81.34007159999999, 48.19104189906281], [-81.3389856, 48.191620899062826], [-81.3380745, 48.19221739906279], [-81.33708339999998, 48.19291309906279], [-81.33641309999996, 48.1933018990628], [-81.33574229999999, 48.19360969906282], [-81.3329627, 48.194508499062835], [-81.33261379999999, 48.19464449906284], [-81.33231889999996, 48.194825299062856], [-81.33210499999996, 48.19505079906285], [-81.3319588, 48.195321099062795], [-81.33185299999997, 48.1956183990628], [-81.3317222, 48.19619449906285], [-81.33212319999996, 48.19785779906283], [-81.33242909999996, 48.19937739906282], [-81.33252619999996, 48.201914199062855], [-81.33246049999997, 48.20214829906287], [-81.332314, 48.20239169906286], [-81.33214039999996, 48.20259909906287], [-81.33133709999998, 48.203249199062846], [-81.33034729999997, 48.204214699062845], [-81.32983949999999, 48.204782999062864], [-81.32951929999996, 48.20521569906285], [-81.32941309999995, 48.20544999906287], [-81.3294009, 48.205638899062826], [-81.3292806, 48.20577419906286]]}, "properties": {"OBJECTID": 48209010}}, {"type": "Feature", "id": 48209058, "geometry": {"type": "LineString", "coordinates": [[-81.32200039999998, 48.48490629906396], [-81.32185679999998, 48.485056799063926], [-81.32178679999998, 48.48513729906394], [-81.32174129999999, 48.48520729906394], [-81.32172379999997, 48.48528439906394], [-81.32172729999996, 48.48535089906394], [-81.32174829999997, 48.48540689906397], [-81.32181829999996, 48.48554689906395], [-81.32183579999997, 48.48562389906394], [-81.3218463, 48.485725399063966], [-81.3218463, 48.48598799906396]]}, "properties": {"OBJECTID": 48209058}}, {"type": "Feature", "id": 48209634, "geometry": {"type": "LineString", "coordinates": [[-81.16995249999997, 48.49593029906398], [-81.16778619999997, 48.495978899063985]]}, "properties": {"OBJECTID": 48209634}}, {"type": "Feature", "id": 48210338, "geometry": {"type": "LineString", "coordinates": [[-81.40173279999999, 48.276411899063135], [-81.4012386, 48.27698049906316], [-81.4009188, 48.277458399063114], [-81.40085349999998, 48.277728499063144], [-81.40085569999997, 48.277998399063115], [-81.4008849, 48.27828619906313], [-81.40106579999997, 48.27902329906312], [-81.40112269999997, 48.27940099906313], [-81.40107279999995, 48.279904999063156], [-81.40099409999999, 48.280184199063136], [-81.40085209999995, 48.28099439906312], [-81.4007861, 48.28117449906314], [-81.40061269999995, 48.28140009906317], [-81.40034509999998, 48.28165289906317], [-81.4001849, 48.28185139906318], [-81.39999929999999, 48.28225689906319], [-81.3999882, 48.28256279906318], [-81.40033159999996, 48.283380299063154], [-81.40101349999998, 48.28438559906315], [-81.40156049999996, 48.28539129906316], [-81.40163539999998, 48.28634469906318], [-81.40189759999998, 48.28711749906317], [-81.40182449999998, 48.28810739906315], [-81.40192199999996, 48.28851189906315], [-81.40248119999995, 48.289328699063155], [-81.40261729999997, 48.28949919906319], [-81.4029026, 48.28976809906315], [-81.40317349999998, 48.28993799906317], [-81.40349829999997, 48.29008979906319], [-81.40379569999999, 48.2901967990632], [-81.4053624, 48.29055109906319], [-81.40603729999998, 48.290656699063156], [-81.40702199999998, 48.290725199063154], [-81.4079395, 48.290829899063176], [-81.40830369999998, 48.29084659906317], [-81.40913929999999, 48.290816599063184], [-81.4093686, 48.2908337990632], [-81.40955779999996, 48.29088709906319], [-81.40966679999997, 48.29103069906319], [-81.41040879999997, 48.292773399063215], [-81.41047799999996, 48.29299809906321], [-81.41047929999996, 48.29315999906317], [-81.41042719999996, 48.293385099063194], [-81.41026839999995, 48.29376359906322], [-81.40986829999997, 48.294313799063175], [-81.40956219999998, 48.29480969906321], [-81.4091211, 48.29528809906323], [-81.40894779999996, 48.29553159906319], [-81.40865729999996, 48.29629739906321], [-81.4083784, 48.29682919906323], [-81.40804779999996, 48.297649099063186], [-81.40662369999995, 48.29999329906324], [-81.40657159999995, 48.300227399063246], [-81.40657709999999, 48.30092009906324], [-81.40649839999998, 48.30119029906323], [-81.40635169999996, 48.3013976990632], [-81.40573599999999, 48.30198469906325], [-81.40560289999996, 48.30220109906325], [-81.40552389999999, 48.30243529906322], [-81.40553919999996, 48.30266909906321], [-81.40564989999996, 48.30302859906322], [-81.40567849999996, 48.30322639906324], [-81.40557289999998, 48.30351469906325], [-81.40491889999998, 48.30437169906326], [-81.40449129999996, 48.3048679990632], [-81.40427679999999, 48.305030699063245], [-81.40400829999999, 48.30518459906324], [-81.40305459999996, 48.30566479906327], [-81.40275939999998, 48.305854699063225], [-81.40257209999999, 48.306044299063224], [-81.4025062, 48.30623349906325], [-81.40246789999998, 48.30650349906325], [-81.40257319999995, 48.30788859906325], [-81.40249659999995, 48.308446699063275], [-81.40236399999998, 48.30872609906323], [-81.4022038, 48.30893359906328], [-81.40196229999998, 48.30910529906324], [-81.40131739999998, 48.30941349906323], [-81.40047019999997, 48.309731299063245], [-81.40004059999995, 48.30997569906322], [-81.39891499999999, 48.31091529906327], [-81.39839169999999, 48.311258999063256], [-81.39816409999997, 48.31146669906328], [-81.39800399999996, 48.31169219906329], [-81.3977122, 48.31233189906325], [-81.39704759999995, 48.31358479906325], [-81.39686289999997, 48.31412519906329], [-81.39673249999998, 48.31469249906329], [-81.3965528, 48.31587169906326], [-81.3964785, 48.31673559906327], [-81.39643379999995, 48.31792329906328], [-81.3963551, 48.31821149906328], [-81.39577179999998, 48.3195359990633], [-81.39549469999997, 48.320328699063275], [-81.39524549999999, 48.3212471990633], [-81.39496679999996, 48.32185089906329], [-81.3942745, 48.323031899063345], [-81.3935141, 48.324150099063296], [-81.39298149999996, 48.32506059906333], [-81.39235439999999, 48.32597139906331], [-81.39160519999996, 48.3267835990633], [-81.39092189999997, 48.327406699063346], [-81.3901846, 48.328020999063334], [-81.38993019999998, 48.32827379906334], [-81.38898039999998, 48.32933859906334], [-81.38765469999998, 48.330665599063344], [-81.38699939999998, 48.331432499063325], [-81.38682599999999, 48.33169399906335], [-81.38638479999997, 48.33222629906332], [-81.3856371, 48.33327239906332], [-81.38535729999995, 48.33374119906334], [-81.38525149999998, 48.334029399063354], [-81.38521319999995, 48.334317399063345], [-81.38530119999996, 48.33526179906334], [-81.38528019999995, 48.33604459906337], [-81.3851899, 48.33660269906335], [-81.38505899999996, 48.337142899063345], [-81.38492609999997, 48.337413299063385]]}, "properties": {"OBJECTID": 48210338}}, {"type": "Feature", "id": 48210914, "geometry": {"type": "LineString", "coordinates": [[-81.3392991, 48.49144259906398], [-81.33996839999998, 48.491442899064]]}, "properties": {"OBJECTID": 48210914}}, {"type": "Feature", "id": 48212594, "geometry": {"type": "LineString", "coordinates": [[-81.1846478, 48.494226799064], [-81.18391589999999, 48.49421809906397], [-81.1837372, 48.494226599064014], [-81.18361799999997, 48.49423929906396], [-81.18349889999996, 48.494260599063985]]}, "properties": {"OBJECTID": 48212594}}, {"type": "Feature", "id": 48214626, "geometry": {"type": "LineString", "coordinates": [[-81.33333379999999, 48.4772576990639], [-81.33443259999996, 48.47726119906393]]}, "properties": {"OBJECTID": 48214626}}, {"type": "Feature", "id": 48217314, "geometry": {"type": "LineString", "coordinates": [[-81.33351809999999, 48.450775199063806], [-81.33357209999997, 48.45116649906379]]}, "properties": {"OBJECTID": 48217314}}, {"type": "Feature", "id": 48217394, "geometry": {"type": "LineString", "coordinates": [[-83.35529449999996, 47.77093019906133], [-83.35520119999995, 47.77093209906137], [-83.3548113, 47.77116509906134], [-83.35471029999997, 47.771293099061374], [-83.3546283, 47.77154679906134], [-83.3546227, 47.77201479906136], [-83.35467929999999, 47.772085599061356], [-83.35477509999998, 47.772137599061345], [-83.35493679999996, 47.77217029906137]]}, "properties": {"OBJECTID": 48217394}}, {"type": "Feature", "id": 48220882, "geometry": {"type": "LineString", "coordinates": [[-81.35396659999998, 48.49097689906397], [-81.3539639, 48.49170259906394]]}, "properties": {"OBJECTID": 48220882}}, {"type": "Feature", "id": 48223474, "geometry": {"type": "LineString", "coordinates": [[-84.77779899999996, 47.98791089906208], [-84.77800189999999, 47.98801379906209], [-84.77813569999995, 47.98808819906211], [-84.77821009999997, 47.988138699062084], [-84.77828149999999, 47.988207199062096], [-84.77833799999996, 47.98830229906211], [-84.77835579999999, 47.988424299062075], [-84.77834389999998, 47.988781199062075], [-84.77834059999998, 47.98900629906208]]}, "properties": {"OBJECTID": 48223474}}, {"type": "Feature", "id": 48225282, "geometry": {"type": "LineString", "coordinates": [[-84.53745139999995, 48.357729799063435], [-84.53795819999999, 48.35785769906344]]}, "properties": {"OBJECTID": 48225282}}, {"type": "Feature", "id": 48225826, "geometry": {"type": "LineString", "coordinates": [[-81.3454903, 48.47392669906394], [-81.3454855, 48.47466019906389]]}, "properties": {"OBJECTID": 48225826}}, {"type": "Feature", "id": 48227682, "geometry": {"type": "LineString", "coordinates": [[-81.37513229999996, 48.477414199063894], [-81.37407689999998, 48.47742669906391], [-81.37395229999998, 48.4774500990639], [-81.37384029999998, 48.4774862990639], [-81.37375459999998, 48.47752909906392], [-81.37356469999997, 48.47768919906394]]}, "properties": {"OBJECTID": 48227682}}, {"type": "Feature", "id": 48239698, "geometry": {"type": "LineString", "coordinates": [[-84.79397269999998, 47.96201339906201], [-84.7943467, 47.962144199061974]]}, "properties": {"OBJECTID": 48239698}}, {"type": "Feature", "id": 48243410, "geometry": {"type": "LineString", "coordinates": [[-83.39188279999996, 47.81256399906147], [-83.393799, 47.815016499061485]]}, "properties": {"OBJECTID": 48243410}}, {"type": "Feature", "id": 48244018, "geometry": {"type": "LineString", "coordinates": [[-81.34925579999998, 48.474679799063935], [-81.34744279999995, 48.47468529906392]]}, "properties": {"OBJECTID": 48244018}}, {"type": "Feature", "id": 48249266, "geometry": {"type": "LineString", "coordinates": [[-81.32242559999997, 48.48366349906395], [-81.32242629999996, 48.483979699063944]]}, "properties": {"OBJECTID": 48249266}}, {"type": "Feature", "id": 48249490, "geometry": {"type": "LineString", "coordinates": [[-83.20844749999998, 47.52063739906055], [-83.20792979999999, 47.52507469906057], [-83.20827629999997, 47.527632599060574], [-83.20921629999998, 47.5335624990606], [-83.2093797, 47.533973299060605], [-83.20992999999999, 47.5347364990606], [-83.21199329999996, 47.53735129906061], [-83.21342929999997, 47.53926729906061], [-83.21361939999997, 47.539677499060645], [-83.21371649999998, 47.54008959906064], [-83.21475129999999, 47.54856419906069], [-83.21486919999995, 47.54978569906066], [-83.215123, 47.55170649906068], [-83.21516509999998, 47.55238949906065], [-83.21506679999999, 47.55289529906069], [-83.21492029999996, 47.55320409906066]]}, "properties": {"OBJECTID": 48249490}}, {"type": "Feature", "id": 48250706, "geometry": {"type": "LineString", "coordinates": [[-81.1614179, 48.49703869906399], [-81.15942109999997, 48.497074399064]]}, "properties": {"OBJECTID": 48250706}}, {"type": "Feature", "id": 48251426, "geometry": {"type": "LineString", "coordinates": [[-81.34412679999997, 48.493252399063984], [-81.34434969999995, 48.49338719906399], [-81.3450459, 48.49381589906398], [-81.34512889999996, 48.49385279906397], [-81.34521639999997, 48.49386659906402], [-81.34540549999997, 48.49386659906401]]}, "properties": {"OBJECTID": 48251426}}, {"type": "Feature", "id": 48255314, "geometry": {"type": "LineString", "coordinates": [[-81.7172258, 47.68361099906109], [-81.71829009999999, 47.68543089906109], [-81.71894689999999, 47.686677399061075], [-81.7191393, 47.687108099061106], [-81.72060339999996, 47.69085099906107]]}, "properties": {"OBJECTID": 48255314}}, {"type": "Feature", "id": 48257714, "geometry": {"type": "LineString", "coordinates": [[-81.20488449999999, 48.4793165990639], [-81.20847509999999, 48.479341699063916]]}, "properties": {"OBJECTID": 48257714}}, {"type": "Feature", "id": 48258978, "geometry": {"type": "LineString", "coordinates": [[-81.05692039999997, 48.267607999063074], [-81.05662479999995, 48.26839979906307], [-81.05623599999996, 48.27024439906311], [-81.0562233, 48.27087409906309], [-81.05642649999999, 48.27185469906309], [-81.05646759999996, 48.27252039906311], [-81.0559308, 48.274517999063114], [-81.05547459999997, 48.27641649906315], [-81.05544789999999, 48.27670439906315], [-81.05547519999999, 48.276983299063154], [-81.05555629999998, 48.27724419906315], [-81.05585349999996, 48.277801799063134], [-81.0562314, 48.27833239906313], [-81.05729739999998, 48.279375499063136], [-81.06118329999998, 48.28282829906313], [-81.06214129999995, 48.28360149906316], [-81.06289669999995, 48.28405989906318], [-81.06699689999999, 48.28582099906314], [-81.06791399999997, 48.28616229906315], [-81.06885799999998, 48.28642259906319], [-81.06932989999996, 48.286512299063176], [-81.0698018, 48.286556999063166], [-81.07028709999997, 48.28656569906317], [-81.07233599999995, 48.28647449906315], [-81.0742098, 48.28644629906317], [-81.07435799999996, 48.286446199063136], [-81.07617769999996, 48.286346099063145], [-81.07749859999996, 48.286192199063166], [-81.07794329999996, 48.2860929990632], [-81.0783745, 48.28596669906316], [-81.07876519999996, 48.285822499063144], [-81.07961409999996, 48.285605999063165], [-81.08007229999998, 48.285551699063184], [-81.08055759999996, 48.28554239906313], [-81.0826338, 48.285684799063155], [-81.08367199999998, 48.285809999063176], [-81.0846833, 48.28599819906313], [-81.0856948, 48.286267399063185], [-81.08659849999998, 48.28659059906316], [-81.08744839999997, 48.286940799063174], [-81.08824419999996, 48.28721909906316], [-81.08860849999996, 48.287398799063155], [-81.08891889999995, 48.28762339906318], [-81.08918899999998, 48.28788409906319], [-81.08940519999999, 48.28817189906316], [-81.0907163, 48.29012309906318], [-81.09122959999996, 48.29070749906316], [-81.09149969999999, 48.29095019906316], [-81.09178319999995, 48.29113889906319], [-81.09212049999996, 48.2912825990632], [-81.09252509999999, 48.29139919906317], [-81.09546549999999, 48.29215249906321], [-81.09588379999997, 48.292305099063185], [-81.0965721, 48.29270039906318], [-81.09765199999998, 48.29339229906323], [-81.09846169999997, 48.29380539906316], [-81.1001756, 48.29461359906322], [-81.100594, 48.29483819906319], [-81.10094499999997, 48.2950717990632], [-81.10122859999996, 48.295332499063214], [-81.10145839999996, 48.295611199063174], [-81.10236459999999, 48.29704979906321], [-81.1025808, 48.2973014990632], [-81.10285099999999, 48.29753519906321], [-81.10383659999997, 48.298191099063196], [-81.10637479999997, 48.29978119906323], [-81.10715779999998, 48.30023929906323], [-81.1087101, 48.3010025990632], [-81.1094392, 48.30143369906323], [-81.11087069999996, 48.302457999063215], [-81.11392359999996, 48.30486609906324], [-81.11489639999996, 48.305692799063245], [-81.1154641, 48.306259099063254], [-81.11584299999998, 48.30685249906326], [-81.11619539999998, 48.30761679906323], [-81.11687509999996, 48.30997329906325], [-81.11711939999998, 48.310647799063254], [-81.11762069999997, 48.31166389906328], [-81.11837919999999, 48.313048599063244], [-81.1187046, 48.31376799906329], [-81.11907129999997, 48.314874199063276], [-81.1193849, 48.3163223990633], [-81.11942619999996, 48.316664199063304], [-81.1194418, 48.31757279906331]]}, "properties": {"OBJECTID": 48258978}}, {"type": "Feature", "id": 48259490, "geometry": {"type": "LineString", "coordinates": [[-81.06841059999999, 48.17339579906275], [-81.0679806, 48.17371989906276], [-81.06701339999995, 48.17465619906273], [-81.06670439999999, 48.174989199062765], [-81.06619409999996, 48.17564629906277], [-81.06601979999999, 48.17607829906276], [-81.06591329999998, 48.17695999906274], [-81.06576619999998, 48.17758089906275], [-81.06563189999997, 48.17781489906277], [-81.06528269999995, 48.178237899062744], [-81.06512169999996, 48.178552899062744]]}, "properties": {"OBJECTID": 48259490}}, {"type": "Feature", "id": 48261330, "geometry": {"type": "LineString", "coordinates": [[-81.33532429999997, 48.4796441990639], [-81.33527569999995, 48.47969239906394], [-81.33523209999998, 48.47974279906391], [-81.33519389999998, 48.47979509906395], [-81.33516119999996, 48.479848999063904], [-81.3351341, 48.479904199063924], [-81.33510429999995, 48.47998909906392], [-81.3350878, 48.4800754990639], [-81.33508499999999, 48.48015999906392]]}, "properties": {"OBJECTID": 48261330}}, {"type": "Feature", "id": 48261842, "geometry": {"type": "LineString", "coordinates": [[-84.55399039999998, 48.351514699063394], [-84.55496349999999, 48.351490399063444], [-84.55539239999996, 48.351553499063414]]}, "properties": {"OBJECTID": 48261842}}, {"type": "Feature", "id": 48270690, "geometry": {"type": "LineString", "coordinates": [[-81.53098489999996, 47.994811999062094], [-81.5309001, 47.99569409906211], [-81.5306387, 47.99634309906212], [-81.53044059999996, 47.99663199906212], [-81.52983079999996, 47.997300599062115], [-81.52960689999998, 47.99768849906212], [-81.52954839999995, 47.99852549906212], [-81.52948319999996, 47.99869669906214], [-81.52931139999998, 47.9989404990621], [-81.52852779999995, 47.99965489906208], [-81.52840899999995, 47.99983529906213], [-81.52837069999998, 48.00002449906209], [-81.52864639999996, 48.00076999906215], [-81.5286893, 48.0010306990621], [-81.52866509999996, 48.00129169906213], [-81.52854889999998, 48.001724099062145], [-81.52831079999999, 48.00204009906214], [-81.52743179999999, 48.002610999062114], [-81.52712609999998, 48.002864299062104], [-81.52638279999996, 48.003605499062154], [-81.52622429999997, 48.003831099062126], [-81.5261865, 48.00407419906216], [-81.5262859, 48.00462259906211], [-81.52623749999998, 48.005135699062166], [-81.5262535, 48.005387499062145], [-81.5263496, 48.005611999062154], [-81.52653959999998, 48.00583609906213], [-81.52725579999998, 48.006390599062165], [-81.52758069999999, 48.006694999062155], [-81.5277845, 48.00695499906213], [-81.52794839999996, 48.007251199062175], [-81.52847009999999, 48.00844539906216], [-81.52889349999998, 48.009208199062186], [-81.5290564, 48.009405399062175], [-81.5294212, 48.00967359906216]]}, "properties": {"OBJECTID": 48270690}}, {"type": "Feature", "id": 48270978, "geometry": {"type": "LineString", "coordinates": [[-80.88898889999996, 48.5718220990643], [-80.88939549999998, 48.5719034990643], [-80.88968999999997, 48.572039899064336]]}, "properties": {"OBJECTID": 48270978}}, {"type": "Feature", "id": 48271138, "geometry": {"type": "LineString", "coordinates": [[-81.20735669999999, 48.4807891990639], [-81.20847949999995, 48.48079839906394]]}, "properties": {"OBJECTID": 48271138}}, {"type": "Feature", "id": 48271458, "geometry": {"type": "LineString", "coordinates": [[-81.20258939999997, 48.470838999063886], [-81.20257419999996, 48.47213889906387]]}, "properties": {"OBJECTID": 48271458}}, {"type": "Feature", "id": 48274242, "geometry": {"type": "LineString", "coordinates": [[-82.75787119999995, 47.58793489906081], [-82.75933809999998, 47.5889407990608], [-82.76036169999998, 47.5897168990608], [-82.7605959, 47.58995629906079], [-82.7608113, 47.59042989906076]]}, "properties": {"OBJECTID": 48274242}}, {"type": "Feature", "id": 48276514, "geometry": {"type": "LineString", "coordinates": [[-83.34841419999998, 47.77434659906133], [-83.34862999999996, 47.77439619906134], [-83.34907779999998, 47.77455799906135], [-83.3494799, 47.774594699061375]]}, "properties": {"OBJECTID": 48276514}}, {"type": "Feature", "id": 48278690, "geometry": {"type": "LineString", "coordinates": [[-83.40262529999995, 47.82245359906151], [-83.4020855, 47.82262679906152], [-83.40154229999996, 47.82272819906151]]}, "properties": {"OBJECTID": 48278690}}, {"type": "Feature", "id": 48281074, "geometry": {"type": "LineString", "coordinates": [[-81.32483789999998, 48.48015119906393], [-81.32483459999997, 48.48123779906395]]}, "properties": {"OBJECTID": 48281074}}, {"type": "Feature", "id": 48284594, "geometry": {"type": "LineString", "coordinates": [[-81.29904379999999, 48.47355609906388], [-81.29997069999996, 48.47368439906391]]}, "properties": {"OBJECTID": 48284594}}, {"type": "Feature", "id": 48289074, "geometry": {"type": "LineString", "coordinates": [[-84.5259327, 48.37004319906347], [-84.52580999999998, 48.37006749906347], [-84.52575249999995, 48.37013829906348], [-84.52555229999996, 48.3706467990635], [-84.52523379999997, 48.371089899063485], [-84.52500659999998, 48.37131889906348], [-84.5247268, 48.37151979906353], [-84.52437949999995, 48.371719299063464], [-84.52397869999999, 48.37190859906351], [-84.52273839999998, 48.37242169906349], [-84.52192709999997, 48.37271919906348], [-84.52118289999999, 48.37302699906351], [-84.52112679999999, 48.37307079906352], [-84.5211089, 48.3731603990635]]}, "properties": {"OBJECTID": 48289074}}, {"type": "Feature", "id": 48291698, "geometry": {"type": "LineString", "coordinates": [[-81.31403719999997, 48.299140699063216], [-81.31410929999998, 48.299905299063234], [-81.31531529999995, 48.30306879906322], [-81.3158272, 48.30515469906322], [-81.31615549999998, 48.30590949906325], [-81.31667379999999, 48.306861699063234], [-81.31669399999998, 48.307950299063236], [-81.3165909, 48.30871529906325], [-81.31666439999998, 48.30970469906324], [-81.31813869999996, 48.31688899906327], [-81.31848969999999, 48.319119199063316], [-81.3190548, 48.321042899063286], [-81.3190184, 48.32169079906327], [-81.31839409999998, 48.323257999063294], [-81.31826309999997, 48.323888099063325], [-81.31825349999997, 48.324508899063304], [-81.3184056, 48.325102199063295], [-81.31879999999995, 48.32561399906332], [-81.32092799999998, 48.32720049906331], [-81.3227465, 48.32888669906331], [-81.32400889999997, 48.330097799063346], [-81.3255135, 48.331209099063344], [-81.32800659999998, 48.33283939906335], [-81.32972889999996, 48.33420199906334]]}, "properties": {"OBJECTID": 48291698}}, {"type": "Feature", "id": 48291986, "geometry": {"type": "LineString", "coordinates": [[-80.86387279999997, 48.54372599906422], [-80.86471669999997, 48.543871599064204], [-80.86791259999995, 48.544486999064176], [-80.86863039999997, 48.54458679906422], [-80.86997109999999, 48.54484919906422], [-80.87063469999998, 48.54494889906419], [-80.87197579999997, 48.54505839906419], [-80.8786417, 48.54513759906421]]}, "properties": {"OBJECTID": 48291986}}, {"type": "Feature", "id": 48292130, "geometry": {"type": "LineString", "coordinates": [[-81.34132829999999, 48.468873099063856], [-81.33924349999995, 48.46888109906389]]}, "properties": {"OBJECTID": 48292130}}, {"type": "Feature", "id": 48295122, "geometry": {"type": "LineString", "coordinates": [[-81.02184789999995, 48.686907899064764], [-81.0216441, 48.68711489906481], [-81.0213862, 48.68758269906478], [-81.02076149999999, 48.688338499064805], [-81.02034039999995, 48.68859949906479], [-81.02027249999998, 48.68868939906482]]}, "properties": {"OBJECTID": 48295122}}, {"type": "Feature", "id": 48295938, "geometry": {"type": "LineString", "coordinates": [[-81.33570729999997, 48.47465039906391], [-81.33570649999996, 48.47495429906391]]}, "properties": {"OBJECTID": 48295938}}, {"type": "Feature", "id": 48306834, "geometry": {"type": "LineString", "coordinates": [[-81.32951459999998, 48.4663813990639], [-81.32951109999999, 48.46667779906386]]}, "properties": {"OBJECTID": 48306834}}, {"type": "Feature", "id": 48307266, "geometry": {"type": "LineString", "coordinates": [[-81.18949099999998, 48.47474779906393], [-81.18965429999997, 48.47499939906388], [-81.18981789999998, 48.475331999063926], [-81.19004919999998, 48.475673499063916], [-81.1901858, 48.476024199063936], [-81.19018649999998, 48.47620409906391], [-81.18998569999997, 48.476780199063896], [-81.18995939999996, 48.476987199063885], [-81.18997489999998, 48.477517899063905], [-81.19000249999999, 48.4776707990639], [-81.19031659999996, 48.478416999063946], [-81.1903845, 48.47849789906394], [-81.19047939999996, 48.47854269906395]]}, "properties": {"OBJECTID": 48307266}}, {"type": "Feature", "id": 48309170, "geometry": {"type": "LineString", "coordinates": [[-81.18398439999999, 47.63475089906093], [-81.1841177, 47.63481369906089], [-81.18486639999998, 47.63572129906089], [-81.18556259999997, 47.63684489906093], [-81.18568349999998, 47.63714159906092], [-81.18587259999998, 47.637915099060955], [-81.18600649999996, 47.6381307990609], [-81.18722149999996, 47.63911859906093], [-81.18739529999999, 47.639325299060914], [-81.18786419999998, 47.64014329906093], [-81.18868019999996, 47.64123969906095], [-81.18924119999997, 47.64172459906094], [-81.18956149999997, 47.64195799906096], [-81.18982779999999, 47.64194859906096], [-81.19010799999995, 47.642119099060935], [-81.19030829999997, 47.642289699060974], [-81.19045549999998, 47.642478399060934], [-81.19061849999997, 47.64338689906092], [-81.19098129999998, 47.64428609906096], [-81.19116869999999, 47.64456469906098], [-81.19182389999997, 47.64533739906095], [-81.19202479999996, 47.64564299906094], [-81.19242579999997, 47.646065299060965], [-81.19280029999999, 47.64653249906096], [-81.19297439999997, 47.64681109906097], [-81.19317569999998, 47.64723369906095], [-81.19358979999998, 47.64760189906098], [-81.1937236, 47.64775459906099], [-81.19376409999995, 47.64792549906097], [-81.19391149999996, 47.64815919906096], [-81.19407379999996, 47.64884279906095], [-81.19437049999999, 47.64985899906099], [-81.1945447, 47.650146699061], [-81.19483859999997, 47.65041609906098], [-81.19510559999998, 47.65060459906096], [-81.19546549999995, 47.65070299906096], [-81.19569229999996, 47.65080149906095], [-81.19609199999996, 47.650854799060994], [-81.196864, 47.650772499060956], [-81.19724989999997, 47.65070889906097], [-81.19816839999999, 47.650626299060946], [-81.19862079999996, 47.65054459906098], [-81.19904649999995, 47.65041789906098], [-81.20005759999998, 47.65019119906093], [-81.2005236, 47.650163399060936], [-81.20094969999997, 47.650171599060975], [-81.20126949999997, 47.65023399906095], [-81.20158949999995, 47.65033239906097], [-81.20289699999995, 47.65099599906097], [-81.20485779999996, 47.651847299061], [-81.20575119999995, 47.65214259906101], [-81.206098, 47.65229489906097], [-81.2069912, 47.652554299060974], [-81.20779149999998, 47.65288569906097], [-81.20809859999997, 47.65308309906095], [-81.20853969999996, 47.65350519906099], [-81.20868769999998, 47.65388289906099], [-81.20889079999995, 47.65471929906097], [-81.20918559999996, 47.65518659906101], [-81.21101819999996, 47.65719879906098], [-81.21152609999996, 47.65766569906096], [-81.21208729999995, 47.65812359906097], [-81.2126212, 47.65841049906097], [-81.21300789999998, 47.658517799061], [-81.2137141, 47.65860639906096], [-81.214047, 47.65860579906099], [-81.21561939999998, 47.658809799061], [-81.21635269999996, 47.65901539906101], [-81.216633, 47.659149799060984], [-81.21682009999995, 47.659311399061], [-81.21749089999997, 47.66049779906101], [-81.21782669999999, 47.661171999061], [-81.21833759999998, 47.662331799060986], [-81.21868809999995, 47.66332089906101], [-81.2187424, 47.66356369906099], [-81.21877259999997, 47.664418399061034], [-81.2185538, 47.66626339906104], [-81.21854289999999, 47.666839199061016], [-81.21884059999996, 47.66793639906103], [-81.21916299999998, 47.668583599061044], [-81.21920389999997, 47.66882649906102], [-81.21921959999997, 47.66938429906106], [-81.21936829999999, 47.66989689906104], [-81.21966349999997, 47.67041819906103], [-81.22025299999996, 47.671217899061055], [-81.2203614, 47.671658499061046], [-81.22034919999999, 47.67191049906104], [-81.22026999999997, 47.67209959906104], [-81.2202704, 47.67218059906106], [-81.22006039999997, 47.67292779906104], [-81.22006169999997, 47.673233699061036], [-81.21992999999998, 47.67359389906102], [-81.21986559999999, 47.67413389906103], [-81.21992009999997, 47.67442169906106], [-81.22020309999999, 47.67518589906105], [-81.2202719, 47.675716699061034], [-81.22026029999995, 47.67612159906108], [-81.22006379999999, 47.676913799061055], [-81.21980059999999, 47.677688099061044], [-81.2195087, 47.67796759906107], [-81.21914989999999, 47.678202199061076], [-81.21893699999998, 47.67826559906106], [-81.21841849999998, 47.67850949906105], [-81.2177671, 47.67887059906108], [-81.21746149999996, 47.679069199061054], [-81.21657199999999, 47.679835699061044], [-81.21581549999996, 47.68054789906106], [-81.2153773, 47.68089959906108], [-81.21501909999995, 47.681278199061055], [-81.2147933, 47.681449599061054], [-81.21389159999995, 47.682494999061056], [-81.21372109999999, 47.683170199061045], [-81.21359569999998, 47.68508689906109], [-81.21361809999996, 47.6873092990611], [-81.2135945, 47.6880560990611], [-81.21355549999998, 47.68829909906106], [-81.21338429999997, 47.68880329906108], [-81.21319899999997, 47.689100599061085], [-81.21302729999996, 47.68948779906106], [-81.212988, 47.689658899061115], [-81.21299379999999, 47.691071499061096], [-81.21293309999999, 47.69253819906108], [-81.21279239999996, 47.69397809906113], [-81.21253109999998, 47.69527419906111], [-81.21208479999996, 47.69695759906111], [-81.2119806, 47.6975606990611], [-81.21189079999999, 47.69841559906113], [-81.21187479999998, 47.70104299906114], [-81.21176299999996, 47.70305869906115], [-81.2116737, 47.704048599061146], [-81.21167589999999, 47.70458839906114], [-81.2117576, 47.70501119906112], [-81.21201309999998, 47.705568499061144], [-81.21237549999995, 47.70617069906113], [-81.21276419999998, 47.706709799061116], [-81.21300579999996, 47.707105299061155]]}, "properties": {"OBJECTID": 48309170}}, {"type": "Feature", "id": 48309570, "geometry": {"type": "LineString", "coordinates": [[-81.35738249999997, 48.51633529906409], [-81.35701789999996, 48.516489399064056], [-81.3569101, 48.51656169906406]]}, "properties": {"OBJECTID": 48309570}}, {"type": "Feature", "id": 48310594, "geometry": {"type": "LineString", "coordinates": [[-80.89336429999997, 48.56693219906426], [-80.89341789999997, 48.56724719906426], [-80.89345689999999, 48.56800289906428], [-80.89341489999998, 48.5686685990643], [-80.89327779999996, 48.56937919906428], [-80.89237659999998, 48.572463999064304]]}, "properties": {"OBJECTID": 48310594}}, {"type": "Feature", "id": 48310882, "geometry": {"type": "LineString", "coordinates": [[-81.21040739999995, 48.48007429906392], [-81.21313269999996, 48.48008449906394]]}, "properties": {"OBJECTID": 48310882}}, {"type": "Feature", "id": 48311458, "geometry": {"type": "LineString", "coordinates": [[-81.19385249999999, 48.49242119906398], [-81.19385699999998, 48.49250959906397], [-81.19386259999999, 48.492591599063985], [-81.19385369999998, 48.494055899063994]]}, "properties": {"OBJECTID": 48311458}}, {"type": "Feature", "id": 48313714, "geometry": {"type": "LineString", "coordinates": [[-81.20734009999995, 48.4765329990639], [-81.2073474, 48.47727139906391]]}, "properties": {"OBJECTID": 48313714}}, {"type": "Feature", "id": 48315506, "geometry": {"type": "LineString", "coordinates": [[-84.83151959999998, 47.95409269906198], [-84.83189969999995, 47.95458639906198], [-84.83207809999999, 47.95486479906194], [-84.8321924, 47.95517169906199], [-84.83223519999996, 47.95552149906197], [-84.83224229999996, 47.95607119906194], [-84.83216379999999, 47.95653519906196], [-84.8319497, 47.957405999062], [-84.83179259999997, 47.957877199062], [-84.83151419999996, 47.95834829906197], [-84.83133579999998, 47.95863389906195], [-84.83120009999999, 47.95901929906198], [-84.83116439999998, 47.95928339906197], [-84.83121439999996, 47.95964749906198], [-84.83134289999998, 47.95994019906196], [-84.83152129999996, 47.96023279906199], [-84.83168549999999, 47.960611199062], [-84.83177119999999, 47.960882399061965], [-84.83191399999998, 47.96118939906197], [-84.83206389999998, 47.961382099062], [-84.8326778, 47.962074599062014], [-84.83297759999999, 47.96245289906198], [-84.83320599999996, 47.962824099062004], [-84.8337057, 47.96348799906202], [-84.8356331, 47.965986399062], [-84.83571159999997, 47.96615059906203], [-84.83574009999995, 47.96633619906197], [-84.835733, 47.966678799061995], [-84.83577579999996, 47.967078599062006], [-84.83584719999999, 47.96730699906198], [-84.83601139999996, 47.96769959906199], [-84.8362113, 47.96801369906201], [-84.83643969999997, 47.96820639906203], [-84.8366967, 47.96834209906202], [-84.83713929999999, 47.968441999062016], [-84.83910939999998, 47.96892739906203], [-84.83967339999998, 47.96912009906198], [-84.83990889999995, 47.969255799062026], [-84.8400517, 47.969427099062], [-84.8401374, 47.96969119906199], [-84.84015879999998, 47.96999819906201], [-84.84011599999997, 47.970269399062], [-84.83996609999997, 47.970462199062034], [-84.83928789999999, 47.971154599062025], [-84.83841699999999, 47.971982599062045], [-84.83799589999995, 47.97243949906201], [-84.83706789999997, 47.97362449906203], [-84.83689659999999, 47.973810099062035], [-84.83624699999996, 47.974266899062044], [-84.83414109999995, 47.975837399062065], [-84.83330589999997, 47.97640839906203], [-84.83289909999996, 47.97675819906202], [-84.83239939999999, 47.97717939906203], [-84.83191399999998, 47.977536299062], [-84.83164979999998, 47.97768619906206], [-84.83132859999995, 47.977807499062045], [-84.83105739999996, 47.97795029906205], [-84.8308361, 47.978121599062035], [-84.83052909999998, 47.97839289906204], [-84.83007939999999, 47.97889259906203], [-84.82961539999997, 47.979406499062065], [-84.8291514, 47.980027599062055], [-84.8287302, 47.980498699062025], [-84.82813059999995, 47.98108409906205], [-84.82733829999995, 47.981869299062055], [-84.8272169, 47.98209769906204], [-84.827067, 47.982525999062034], [-84.82687429999999, 47.9828828990621], [-84.8266744, 47.98303279906209], [-84.82645309999998, 47.98311849906208], [-84.8257107, 47.98326129906208], [-84.82388329999998, 47.983553899062045], [-84.8218417, 47.983939399062045], [-84.821549, 47.98403219906203], [-84.82137769999997, 47.98413929906208], [-84.82129199999997, 47.98428919906207], [-84.82117069999998, 47.98456759906209], [-84.820671, 47.986116599062065], [-84.8202498, 47.98748009906208], [-84.82014279999999, 47.98801539906205], [-84.81998569999996, 47.98934319906207], [-84.81968589999997, 47.99179879906209], [-84.8197002, 47.99209149906209], [-84.81975019999999, 47.99230559906208], [-84.82019269999995, 47.99341919906207], [-84.82083519999998, 47.99482549906211], [-84.82161329999997, 47.99658859906208], [-84.82165609999998, 47.99681709906214], [-84.8216061, 47.99704549906209], [-84.82148479999995, 47.997202499062105], [-84.82127779999996, 47.997316699062075], [-84.82103899999998, 47.997340699062086]]}, "properties": {"OBJECTID": 48315506}}, {"type": "Feature", "id": 48316050, "geometry": {"type": "LineString", "coordinates": [[-81.33778429999995, 48.485194899063934], [-81.33778989999996, 48.486040499063925]]}, "properties": {"OBJECTID": 48316050}}, {"type": "Feature", "id": 48316514, "geometry": {"type": "LineString", "coordinates": [[-81.34340249999997, 48.47539319906393], [-81.34132899999997, 48.47539369906392]]}, "properties": {"OBJECTID": 48316514}}, {"type": "Feature", "id": 48317890, "geometry": {"type": "LineString", "coordinates": [[-81.54351059999999, 48.5266635990641], [-81.5434434, 48.52670889906412], [-81.54324159999999, 48.52683579906411], [-81.54296, 48.5271069990641], [-81.5426807, 48.527585099064105], [-81.54258899999996, 48.527873399064134], [-81.5425684, 48.52848529906411], [-81.54263269999996, 48.529429599064116], [-81.54280539999996, 48.530382399064116], [-81.5429464, 48.530903499064145], [-81.5429236, 48.53129949906417], [-81.54252859999997, 48.53236289906413], [-81.54230899999999, 48.53336259906416], [-81.54219129999996, 48.53375899906416], [-81.54207219999995, 48.53402039906415], [-81.54189789999998, 48.534192199064144], [-81.54169589999998, 48.534301099064166]]}, "properties": {"OBJECTID": 48317890}}, {"type": "Feature", "id": 48318082, "geometry": {"type": "LineString", "coordinates": [[-81.7610631, 48.30342109906325], [-81.75503799999996, 48.306348799063244], [-81.7545432, 48.30663089906325], [-81.75410289999996, 48.306948699063234], [-81.75371689999997, 48.30729309906326], [-81.75338519999997, 48.30766409906325], [-81.75312129999998, 48.308061699063224], [-81.75224209999999, 48.30972289906323], [-81.7519916, 48.31011139906327], [-81.75171369999998, 48.31047309906327], [-81.75138139999996, 48.31080809906327], [-81.74959559999996, 48.31226829906327], [-81.74883689999996, 48.31295699906329], [-81.7483459, 48.31350899906327], [-81.74680919999997, 48.315417299063284], [-81.74633519999998, 48.31621209906328], [-81.74600959999998, 48.3170058990633], [-81.7456153, 48.3186458990633], [-81.74535759999998, 48.31947519906328], [-81.7449373, 48.3202516990633], [-81.7446592, 48.32061339906328], [-81.74398109999998, 48.32129249906329], [-81.74316669999996, 48.32187359906328], [-81.74273869999996, 48.32212819906329], [-81.74228339999996, 48.32235609906332], [-81.7417873, 48.32256619906333], [-81.74127729999998, 48.32274939906331], [-81.73826749999995, 48.32357849906329]]}, "properties": {"OBJECTID": 48318082}}, {"type": "Feature", "id": 48322626, "geometry": {"type": "LineString", "coordinates": [[-82.7567343, 47.593803799060815], [-82.75828469999999, 47.59402299906082]]}, "properties": {"OBJECTID": 48322626}}, {"type": "Feature", "id": 48323506, "geometry": {"type": "LineString", "coordinates": [[-81.3344222, 48.47206209906389], [-81.33442969999999, 48.47375689906389]]}, "properties": {"OBJECTID": 48323506}}, {"type": "Feature", "id": 48324994, "geometry": {"type": "LineString", "coordinates": [[-84.00809659999999, 47.50833289906054], [-84.0085368, 47.50829939906051], [-84.00928039999997, 47.50830079906054], [-84.01025929999997, 47.508371399060564], [-84.01124829999998, 47.50849619906053], [-84.01154109999999, 47.50848579906053], [-84.0118094, 47.50843879906054], [-84.01445409999997, 47.507472899060566], [-84.0147892, 47.50741859906057], [-84.01509579999998, 47.50739959906055], [-84.015692, 47.50742409906054], [-84.01607759999996, 47.50741619906053], [-84.01650859999995, 47.5073103990605], [-84.01717119999995, 47.50710269906054], [-84.0177185, 47.50705389906052], [-84.01817399999999, 47.507218799060546], [-84.01871109999996, 47.5075836990605], [-84.0191615, 47.507838399060546], [-84.01938189999998, 47.50793409906053], [-84.01980119999996, 47.50803499906052], [-84.02151449999997, 47.50803459906056], [-84.02180419999996, 47.50807809906054], [-84.02258369999998, 47.50838629906056], [-84.02298819999999, 47.508513799060516], [-84.02332939999997, 47.508585699060546], [-84.02343299999995, 47.508633399060535], [-84.0236559, 47.508684199060525], [-84.02425169999998, 47.508717599060525], [-84.02465209999997, 47.50868299906053], [-84.02498309999999, 47.50870059906051], [-84.02526369999998, 47.508671899060545], [-84.02599409999999, 47.50867289906054], [-84.02650309999996, 47.50859609906056], [-84.0269606, 47.50849099906056], [-84.02722639999996, 47.50848889906055], [-84.02758699999998, 47.50845319906053], [-84.02830419999998, 47.508453799060554], [-84.02860819999995, 47.50847969906052], [-84.02945389999996, 47.50832169906052], [-84.02960329999996, 47.508262599060544], [-84.03051549999998, 47.50739529906055], [-84.03070979999995, 47.507013399060526], [-84.03108749999996, 47.50643819906056], [-84.03133839999998, 47.506228799060544], [-84.03150259999995, 47.50614299906053], [-84.0317862, 47.50606039906053], [-84.0321988, 47.50604409906052], [-84.0325406, 47.50610689906054], [-84.03352149999995, 47.50637529906052], [-84.0338913, 47.50641189906055], [-84.03422949999998, 47.50653759906052], [-84.03447489999996, 47.506660899060556], [-84.0346917, 47.506819499060526], [-84.03484179999998, 47.50698539906054], [-84.03501219999998, 47.50725979906055], [-84.03501639999996, 47.507421899060525], [-84.03495369999996, 47.50759119906055], [-84.03490089999997, 47.50805779906053], [-84.03496639999997, 47.50877939906054], [-84.03493849999995, 47.50903969906054], [-84.0348457, 47.50927129906055], [-84.03447569999997, 47.50994559906058], [-84.03434269999997, 47.51041909906056], [-84.03413469999998, 47.51080969906055], [-84.03410829999996, 47.51104299906055], [-84.03419099999996, 47.51122509906055], [-84.03432729999997, 47.51139959906054], [-84.03451859999996, 47.511539499060554], [-84.03471249999996, 47.511634499060534], [-84.03496249999995, 47.51167699906055], [-84.03520119999996, 47.51168319906058], [-84.0354552, 47.511653799060554], [-84.0361178, 47.51144589906054], [-84.03639929999997, 47.51139919906055], [-84.0367579, 47.51139949906056], [-84.03710129999996, 47.51143539906056], [-84.03775579999996, 47.51160529906056], [-84.0385339, 47.511940399060535], [-84.03908229999996, 47.51210749906055], [-84.03930069999996, 47.51223909906057], [-84.0394253, 47.51238629906053], [-84.03956969999996, 47.51265099906053], [-84.03960039999998, 47.51281379906054], [-84.03958449999999, 47.513569299060556], [-84.0396126, 47.513776999060546], [-84.0397744, 47.513970199060545], [-84.04000359999998, 47.51414709906053], [-84.040392, 47.51456209906057], [-84.04052729999995, 47.51475449906056], [-84.0405687, 47.514962599060574], [-84.04056369999995, 47.51528639906058], [-84.04048229999995, 47.515554299060554], [-84.0402987, 47.51574749906056], [-84.04003499999999, 47.51594769906057], [-84.0399071, 47.51609739906058], [-84.039873, 47.516231499060545], [-84.03995569999995, 47.51641359906056], [-84.04030939999996, 47.516737699060556], [-84.04044419999997, 47.51693919906057], [-84.04052589999998, 47.51713919906057], [-84.04052899999999, 47.51731929906055], [-84.04026749999997, 47.517717499060545], [-84.04015349999997, 47.51832649906055], [-84.0401827, 47.518516199060564], [-84.04031899999995, 47.51869069906058], [-84.04137599999996, 47.51950089906057], [-84.04216249999996, 47.52016019906056], [-84.0433104, 47.521008699060594], [-84.04572529999996, 47.5229517990606], [-84.04672069999998, 47.52367939906061], [-84.04726439999996, 47.52417029906061], [-84.04790199999997, 47.52464569906057], [-84.04840839999997, 47.525090699060584], [-84.04855599999996, 47.525301499060575], [-84.04872009999997, 47.52569269906061], [-84.04886869999996, 47.52588549906058], [-84.04905909999997, 47.5260432990606], [-84.04949449999998, 47.526333499060584], [-84.0518088, 47.52818389906063], [-84.0527543, 47.52885609906061], [-84.0535289, 47.529496999060626], [-84.05386999999996, 47.52981169906061], [-84.0547482, 47.53050019906058], [-84.05529809999996, 47.53088329906061], [-84.05578059999999, 47.53128269906061], [-84.0565087, 47.53180529906061], [-84.06056899999999, 47.534996199060615], [-84.06079619999997, 47.5352089990606], [-84.06088159999996, 47.53534619906063], [-84.06092459999996, 47.535527299060604], [-84.06091829999997, 47.53587799906063], [-84.06088269999998, 47.53603909906063], [-84.06074769999998, 47.53631459906062], [-84.06047799999999, 47.53662269906061], [-84.06005829999998, 47.53699889906061], [-84.0598369, 47.53715519906062], [-84.05937639999996, 47.537548299060624], [-84.0591427, 47.53768629906063], [-84.05866519999995, 47.53790799906063], [-84.05766309999996, 47.538242199060626], [-84.05744529999998, 47.538335599060645], [-84.05729169999995, 47.53846669906062], [-84.0571888, 47.538643999060646], [-84.05719149999999, 47.538832999060624], [-84.05730189999997, 47.538997899060625], [-84.0574939, 47.53912879906063], [-84.05797529999995, 47.53931209906064], [-84.05896849999999, 47.539850599060635], [-84.05937649999998, 47.54015799906064], [-84.05955169999999, 47.54035149906065], [-84.0598779, 47.54093579906061], [-84.06014719999996, 47.54134759906061], [-84.06052869999996, 47.54165439906065], [-84.06126559999996, 47.54202419906064], [-84.06210909999999, 47.54238779906065], [-84.06246089999996, 47.54251379906062], [-84.06273599999997, 47.54258389906062], [-84.06302799999997, 47.54259139906067], [-84.06332199999997, 47.54256289906063], [-84.06390319999997, 47.54238879906065], [-84.06427579999996, 47.54238039906062], [-84.06459179999996, 47.54243349906063], [-84.06500989999995, 47.542561199060636], [-84.06529379999995, 47.54271239906065], [-84.06548509999999, 47.54309529906063], [-84.06585459999997, 47.543617699060654], [-84.06591249999997, 47.543772099060625], [-84.06593469999996, 47.54408769906064], [-84.0658914, 47.544149499060616], [-84.0657769, 47.54453359906064], [-84.06584469999996, 47.54498529906064], [-84.06583119999999, 47.54522789906068], [-84.06554839999995, 47.54576959906065], [-84.06564899999995, 47.54587109906064], [-84.0658421, 47.54598409906063], [-84.06614229999997, 47.54608169906063], [-84.06667289999996, 47.54633829906062], [-84.06712189999996, 47.54662879906063], [-84.06733119999996, 47.546688099060674], [-84.06756859999996, 47.54672119906066], [-84.06848539999999, 47.54672659906063], [-84.06877989999998, 47.546689199060616], [-84.06956119999995, 47.54650219906063], [-84.07007279999999, 47.546623299060656], [-84.07084359999999, 47.54662499906063], [-84.07162839999995, 47.54685199906064], [-84.0718746, 47.54696629906063], [-84.07210999999995, 47.54703529906064], [-84.07287379999997, 47.547162799060665], [-84.07389749999999, 47.54739589906067], [-84.0749002, 47.54752949906062], [-84.07547719999997, 47.54767019906066], [-84.07605969999997, 47.547712099060654], [-84.0765788, 47.54769829906067], [-84.07688659999997, 47.54766119906069], [-84.07712399999997, 47.54769419906065], [-84.07763689999996, 47.54803129906069], [-84.07966619999996, 47.54858689906068], [-84.07996729999996, 47.54890959906064], [-84.08003939999998, 47.54904639906064], [-84.08006619999998, 47.549280999060635], [-84.08000099999998, 47.549738299060635], [-84.0801247, 47.54990349906067], [-84.08053389999998, 47.55019289906066], [-84.0807949, 47.550280499060676], [-84.08139799999998, 47.550430799060656], [-84.08194149999997, 47.55069659906068], [-84.08256939999995, 47.55111759906063], [-84.08284169999996, 47.551241499060644], [-84.08440809999996, 47.55175829906066], [-84.08450629999999, 47.551904799060694], [-84.08456419999999, 47.55205919906068], [-84.0845645, 47.55229319906065], [-84.0844631, 47.55244359906065], [-84.08434919999996, 47.552818699060694], [-84.08443589999996, 47.55317189906065], [-84.08473029999999, 47.553377299060685], [-84.08530969999998, 47.553715999060664], [-84.08672679999995, 47.554768899060655], [-84.08690209999997, 47.55496239906068], [-84.086929, 47.555196999060676], [-84.08700699999997, 47.555468999060665], [-84.08717939999997, 47.55571629906069], [-84.0872938, 47.55580919906066], [-84.08759119999996, 47.5559607990607], [-84.08769739999997, 47.555963499060674], [-84.08791479999996, 47.55587899906066], [-84.08822279999998, 47.55559889906066], [-84.08841509999996, 47.5554867990607], [-84.08864519999997, 47.55541159906067], [-84.0891158, 47.55531559906068], [-84.0894596, 47.555108299060684], [-84.089677, 47.555023899060686], [-84.090213, 47.55494749906068], [-84.09046469999998, 47.554962899060676], [-84.09071389999997, 47.5550231990607], [-84.09118089999998, 47.5552329990607], [-84.0916183, 47.555496099060676], [-84.09215339999997, 47.55591459906066], [-84.09265849999997, 47.556395399060705], [-84.0928763, 47.55654489906067], [-84.09359339999997, 47.556797099060695], [-84.09370839999997, 47.556880999060695], [-84.09382, 47.55702779906067], [-84.09389449999998, 47.557362599060696], [-84.09414509999999, 47.55763889906069], [-84.09460809999996, 47.55792069906068], [-84.09493399999997, 47.55803689906071], [-84.09499009999996, 47.55798429906071]]}, "properties": {"OBJECTID": 48324994}}, {"type": "Feature", "id": 48325090, "geometry": {"type": "LineString", "coordinates": [[-80.8908525, 48.54521399906421], [-80.89108809999999, 48.547143399064225]]}, "properties": {"OBJECTID": 48325090}}, {"type": "Feature", "id": 48326370, "geometry": {"type": "LineString", "coordinates": [[-81.97637529999997, 48.23035019906297], [-81.97653739999998, 48.230375799062976], [-81.97717449999999, 48.23059529906294], [-81.97782419999999, 48.23076969906293], [-81.9786881, 48.23087929906296], [-81.97887809999997, 48.23095869906296], [-81.97906969999997, 48.231118999062964]]}, "properties": {"OBJECTID": 48326370}}, {"type": "Feature", "id": 48326898, "geometry": {"type": "LineString", "coordinates": [[-81.32231569999999, 48.481011299063944], [-81.32275319999997, 48.48123829906394]]}, "properties": {"OBJECTID": 48326898}}, {"type": "Feature", "id": 48327442, "geometry": {"type": "LineString", "coordinates": [[-81.35803019999997, 48.47860259906395], [-81.35803749999997, 48.47974819906391]]}, "properties": {"OBJECTID": 48327442}}, {"type": "Feature", "id": 48338050, "geometry": {"type": "LineString", "coordinates": [[-81.34549119999997, 48.486998999063964], [-81.34548509999996, 48.48924739906395]]}, "properties": {"OBJECTID": 48338050}}, {"type": "Feature", "id": 48339122, "geometry": {"type": "LineString", "coordinates": [[-81.3568113, 48.49477269906396], [-81.35678999999999, 48.497525599064005], [-81.35671309999998, 48.49814659906403], [-81.35658109999997, 48.49861479906403]]}, "properties": {"OBJECTID": 48339122}}, {"type": "Feature", "id": 48339554, "geometry": {"type": "LineString", "coordinates": [[-81.32219599999996, 48.48239109906394], [-81.32075779999997, 48.483605999063926]]}, "properties": {"OBJECTID": 48339554}}, {"type": "Feature", "id": 48353714, "geometry": {"type": "LineString", "coordinates": [[-81.34132, 48.46959359906386], [-81.34342549999997, 48.4696005990639]]}, "properties": {"OBJECTID": 48353714}}, {"type": "Feature", "id": 48355698, "geometry": {"type": "LineString", "coordinates": [[-84.77109159999998, 47.99944129906209], [-84.77115349999997, 47.99945549906211], [-84.77128319999997, 47.9994923990621], [-84.77147109999999, 47.99958159906209], [-84.77157239999997, 47.99962449906214], [-84.77229109999996, 47.999948099062145], [-84.7725671, 48.00006709906212], [-84.77288119999997, 48.00020739906212], [-84.77308819999996, 48.00029309906212], [-84.77342139999996, 48.00042159906213], [-84.7741661, 48.0006951990621], [-84.77455879999997, 48.00083799906214], [-84.77485379999996, 48.00093559906215], [-84.77512029999997, 48.00100219906211], [-84.77539629999995, 48.001040299062105], [-84.7756081, 48.00104979906212], [-84.7758389, 48.001040299062105], [-84.77604829999996, 48.00101409906212], [-84.7765789, 48.0009474990621], [-84.77782339999999, 48.00078559906212], [-84.77828739999995, 48.00072849906212]]}, "properties": {"OBJECTID": 48355698}}, {"type": "Feature", "id": 48356450, "geometry": {"type": "LineString", "coordinates": [[-81.3235525, 48.48597349906393], [-81.32353269999999, 48.48816369906396]]}, "properties": {"OBJECTID": 48356450}}, {"type": "Feature", "id": 48358162, "geometry": {"type": "LineString", "coordinates": [[-84.77558969999995, 47.99483659906212], [-84.77558259999995, 47.99580259906213]]}, "properties": {"OBJECTID": 48358162}}, {"type": "Feature", "id": 48359074, "geometry": {"type": "LineString", "coordinates": [[-81.33506139999997, 48.48813049906395], [-81.33505909999997, 48.48824869906398], [-81.33506939999995, 48.488366599063944], [-81.33507929999996, 48.48842539906398], [-81.33513449999998, 48.488583699063994], [-81.33516789999999, 48.48866179906398], [-81.33529099999998, 48.48889129906398], [-81.3353674, 48.48903239906399], [-81.33542369999998, 48.489177499063985], [-81.33544979999999, 48.48927599906396], [-81.33548259999998, 48.48946719906398], [-81.3355057, 48.489659099063985], [-81.33551919999996, 48.48985139906396], [-81.33552309999999, 48.490043799063976], [-81.33551899999998, 48.490294099063966], [-81.3355358, 48.490544099063975], [-81.33558099999999, 48.490767299063975], [-81.33561689999999, 48.49099119906394], [-81.33564329999996, 48.49121569906395], [-81.33566019999995, 48.491440599063985]]}, "properties": {"OBJECTID": 48359074}}, {"type": "Feature", "id": 48361874, "geometry": {"type": "LineString", "coordinates": [[-84.55504809999996, 48.08067769906242], [-84.55492019999997, 48.08082789906241], [-84.55476829999998, 48.08091459906242], [-84.55442789999995, 48.081015399062395], [-84.55428989999996, 48.081093399062425], [-84.55416019999996, 48.081279599062405], [-84.55402409999999, 48.081600599062384], [-84.55395599999997, 48.08190509906241], [-84.55391309999999, 48.082525099062394], [-84.55398819999999, 48.08348939906242], [-84.5539837, 48.083867199062446], [-84.55390299999999, 48.08415349906241]]}, "properties": {"OBJECTID": 48361874}}, {"type": "Feature", "id": 48364402, "geometry": {"type": "LineString", "coordinates": [[-81.36391499999996, 48.48047729906393], [-81.36312659999999, 48.48048069906395], [-81.36302339999997, 48.480481199063945], [-81.3630159, 48.48048109906392], [-81.36300849999998, 48.48048109906392], [-81.36300109999996, 48.48048139906393], [-81.36299359999998, 48.48048179906392], [-81.36298619999997, 48.480482299063915], [-81.36297889999997, 48.480483099063925], [-81.36297159999998, 48.48048399906395], [-81.36296429999999, 48.480484999063954], [-81.36295709999996, 48.48048629906389], [-81.36294999999996, 48.48048769906393], [-81.36294289999995, 48.48048929906395], [-81.36293599999999, 48.48049099906394], [-81.36292909999997, 48.48049289906391], [-81.36292229999998, 48.48049489906392], [-81.36291559999995, 48.48049709906394], [-81.36290909999997, 48.480499499063924], [-81.36290269999995, 48.48050199906391], [-81.36289639999995, 48.48050459906393], [-81.36289019999998, 48.48050739906393], [-81.36288429999996, 48.48051029906396], [-81.3628784, 48.48051339906391], [-81.36287269999997, 48.480516599063954], [-81.36286719999998, 48.48051989906395], [-81.36286189999998, 48.48052339906395], [-81.36285669999995, 48.48052689906393], [-81.36285179999999, 48.48053059906392], [-81.36284699999999, 48.48053439906392], [-81.3628425, 48.48053829906394], [-81.36283809999998, 48.48054229906393], [-81.3628339, 48.48054639906394], [-81.36282999999997, 48.480550599063925], [-81.3628263, 48.48055489906392], [-81.3628228, 48.48055929906394], [-81.36281959999997, 48.48056369906391], [-81.36281649999995, 48.48056829906394], [-81.3628137, 48.48057279906391], [-81.36281119999995, 48.48057749906394], [-81.3628089, 48.48058219906392], [-81.36280679999999, 48.48058699906393], [-81.36280499999998, 48.48059169906396], [-81.36280339999996, 48.48059659906393], [-81.36280209999995, 48.480601499063944], [-81.36279729999995, 48.48066269906394], [-81.36280489999996, 48.48158909906392], [-81.36280779999998, 48.48193289906391], [-81.36280779999998, 48.48193839906398], [-81.3628084, 48.481943699063955], [-81.36280909999999, 48.48194899906396], [-81.36281019999996, 48.48195429906395], [-81.36281159999999, 48.48195949906393], [-81.3628132, 48.48196479906394], [-81.36281509999998, 48.481969899063934], [-81.3628172, 48.48197499906395], [-81.36281969999999, 48.48198009906396], [-81.3628223, 48.481985099063955], [-81.3628253, 48.48199009906393], [-81.36282849999998, 48.481994899063935], [-81.36283199999997, 48.481999699063934], [-81.3628357, 48.48200449906393], [-81.36283959999997, 48.482009099063944], [-81.36284379999995, 48.482013599063926], [-81.36284819999997, 48.48201799906395], [-81.36285289999995, 48.48202239906393], [-81.36285779999997, 48.48202659906394], [-81.36286289999998, 48.48203069906391], [-81.36286819999998, 48.48203469906395], [-81.36287369999997, 48.482038499063954], [-81.3628794, 48.48204219906394], [-81.36288529999996, 48.482045799063954], [-81.36289139999997, 48.482049299063945], [-81.3628976, 48.482052599063955], [-81.36290409999998, 48.48205579906393], [-81.36291069999999, 48.48205879906392], [-81.36291739999996, 48.48206159906392], [-81.36292429999997, 48.482064299063964], [-81.36293129999996, 48.48206689906392], [-81.36293849999998, 48.48206919906392], [-81.36294579999998, 48.48207149906392], [-81.36295319999999, 48.48207349906392], [-81.36296069999997, 48.48207539906396], [-81.36296829999998, 48.48207699906393], [-81.36297589999998, 48.48207859906393], [-81.36298369999997, 48.48207989906395], [-81.36299149999996, 48.48208109906393], [-81.36299929999996, 48.482081999063965], [-81.36300719999997, 48.48208279906392], [-81.36301519999995, 48.48208339906393], [-81.36302319999999, 48.48208389906394], [-81.36303119999997, 48.48208409906393], [-81.3630392, 48.482084199063934], [-81.36304719999998, 48.48208399906396], [-81.36305519999996, 48.48208369906395], [-81.36306309999998, 48.48208319906394], [-81.36307109999996, 48.48208249906395], [-81.36324929999995, 48.48208089906394]]}, "properties": {"OBJECTID": 48364402}}, {"type": "Feature", "id": 48369122, "geometry": {"type": "LineString", "coordinates": [[-81.38940929999995, 48.477382899063905], [-81.3785287, 48.47743909906392]]}, "properties": {"OBJECTID": 48369122}}, {"type": "Feature", "id": 48369138, "geometry": {"type": "LineString", "coordinates": [[-81.33357209999997, 48.45116649906379], [-81.33115079999999, 48.45117689906379]]}, "properties": {"OBJECTID": 48369138}}, {"type": "Feature", "id": 48371826, "geometry": {"type": "LineString", "coordinates": [[-80.87375259999999, 48.01367629906219], [-80.87381949999997, 48.01373939906217], [-80.87408729999999, 48.013874599062156], [-80.87459539999998, 48.01447799906216], [-80.87510369999995, 48.015000399062174], [-80.87517019999996, 48.01521639906219], [-80.87522379999996, 48.01525239906216], [-80.8752776, 48.01518049906219]]}, "properties": {"OBJECTID": 48371826}}, {"type": "Feature", "id": 48371938, "geometry": {"type": "LineString", "coordinates": [[-81.33076989999995, 48.45955729906385], [-81.33288089999996, 48.46015489906385]]}, "properties": {"OBJECTID": 48371938}}, {"type": "Feature", "id": 48372434, "geometry": {"type": "LineString", "coordinates": [[-81.3568123, 48.47885909906392], [-81.35541129999996, 48.478859899063934]]}, "properties": {"OBJECTID": 48372434}}, {"type": "Feature", "id": 48374418, "geometry": {"type": "LineString", "coordinates": [[-84.5534295, 48.34687799906339], [-84.55231859999998, 48.34780809906339]]}, "properties": {"OBJECTID": 48374418}}, {"type": "Feature", "id": 48375986, "geometry": {"type": "LineString", "coordinates": [[-81.34892049999996, 48.49553199906399], [-81.34891959999999, 48.496307099064]]}, "properties": {"OBJECTID": 48375986}}, {"type": "Feature", "id": 48376226, "geometry": {"type": "LineString", "coordinates": [[-81.53760509999995, 48.24450309906302], [-81.53736529999998, 48.24475609906301], [-81.5373002, 48.24496339906301], [-81.53728919999998, 48.245206299063], [-81.53723769999999, 48.24543149906299], [-81.53713209999995, 48.245638899063], [-81.53687719999999, 48.24573009906299], [-81.5358827, 48.24595059906302], [-81.5352785, 48.246133399063005], [-81.53494189999998, 48.24615289906301], [-81.5346328, 48.24621739906301], [-81.5337065, 48.24651859906301], [-81.53229829999998, 48.247109899063005], [-81.5321381, 48.24725459906301], [-81.53204549999998, 48.24741689906302], [-81.53206089999998, 48.24759679906299], [-81.5322261, 48.24794689906304], [-81.5323512, 48.24831519906303], [-81.5322903, 48.24893629906303], [-81.53235959999995, 48.249124899063034], [-81.53248259999998, 48.249295299063036], [-81.5325244, 48.24942999906301], [-81.53236599999997, 48.24974559906304], [-81.53215349999999, 48.25003449906303], [-81.531902, 48.25046749906302], [-81.53170469999998, 48.25091829906303], [-81.53139069999997, 48.251819399063066], [-81.53064809999995, 48.252965499063045], [-81.5304104, 48.25342539906305], [-81.53042749999997, 48.253776199063026], [-81.53056579999998, 48.25411739906306], [-81.5307431, 48.254332499063054], [-81.5309876, 48.25452029906304], [-81.53117809999998, 48.25470839906304], [-81.53128799999996, 48.25491479906302], [-81.53131669999999, 48.255085599063065], [-81.53130619999996, 48.25536459906304], [-81.53125459999995, 48.255589699063066], [-81.53117549999996, 48.255751999063065], [-81.53068199999996, 48.25624009906304], [-81.53018779999996, 48.256647299063026], [-81.52864639999996, 48.25742809906306], [-81.52794819999997, 48.25765619906308], [-81.52755939999997, 48.25783799906309], [-81.52738529999999, 48.25794669906308], [-81.52723849999995, 48.25808229906304], [-81.52684039999997, 48.25866899906303], [-81.52627279999996, 48.25981419906309]]}, "properties": {"OBJECTID": 48376226}}, {"type": "Feature", "id": 48379698, "geometry": {"type": "LineString", "coordinates": [[-81.29166139999995, 48.47451959906388], [-81.2935324, 48.474544699063905]]}, "properties": {"OBJECTID": 48379698}}, {"type": "Feature", "id": 48385410, "geometry": {"type": "LineString", "coordinates": [[-83.40359459999996, 47.840713099061574], [-83.4038703, 47.84130979906159], [-83.4039022, 47.84138829906156], [-83.4039335, 47.84145429906155], [-83.4039649, 47.84152329906155], [-83.40400029999995, 47.84157629906159], [-83.40401059999999, 47.841592899061574]]}, "properties": {"OBJECTID": 48385410}}, {"type": "Feature", "id": 48386082, "geometry": {"type": "LineString", "coordinates": [[-80.943578, 48.53658719906417], [-80.94354049999998, 48.54595239906421]]}, "properties": {"OBJECTID": 48386082}}, {"type": "Feature", "id": 48388802, "geometry": {"type": "LineString", "coordinates": [[-83.4040986, 47.83869869906155], [-83.40282919999999, 47.83895629906154]]}, "properties": {"OBJECTID": 48388802}}, {"type": "Feature", "id": 48390978, "geometry": {"type": "LineString", "coordinates": [[-81.16344329999998, 48.49517369906399], [-81.16346849999996, 48.49606469906401]]}, "properties": {"OBJECTID": 48390978}}, {"type": "Feature", "id": 48394338, "geometry": {"type": "LineString", "coordinates": [[-81.3443871, 48.48700159906398], [-81.3432368, 48.48700499906395]]}, "properties": {"OBJECTID": 48394338}}, {"type": "Feature", "id": 48394562, "geometry": {"type": "LineString", "coordinates": [[-81.33778649999999, 48.48336389906395], [-81.34048999999999, 48.483371399063934]]}, "properties": {"OBJECTID": 48394562}}, {"type": "Feature", "id": 48396498, "geometry": {"type": "LineString", "coordinates": [[-81.3333323, 48.474927299063935], [-81.33333699999997, 48.476101499063915]]}, "properties": {"OBJECTID": 48396498}}, {"type": "Feature", "id": 48397570, "geometry": {"type": "LineString", "coordinates": [[-83.43728869999995, 47.84052879906156], [-83.43790289999998, 47.84051569906158], [-83.43825429999998, 47.840598199061596], [-83.43847339999996, 47.84071059906158], [-83.4386993, 47.84096669906158], [-83.4387453, 47.84109169906161], [-83.43879129999999, 47.841504599061565]]}, "properties": {"OBJECTID": 48397570}}, {"type": "Feature", "id": 48408882, "geometry": {"type": "LineString", "coordinates": [[-81.319501, 48.48599149906394], [-81.31947919999999, 48.48816199906398]]}, "properties": {"OBJECTID": 48408882}}, {"type": "Feature", "id": 48410482, "geometry": {"type": "LineString", "coordinates": [[-81.33193829999999, 48.4551079990638], [-81.33194069999996, 48.455633499063836]]}, "properties": {"OBJECTID": 48410482}}, {"type": "Feature", "id": 48419922, "geometry": {"type": "LineString", "coordinates": [[-81.33437959999998, 48.46580429906386], [-81.33438689999997, 48.466504999063886]]}, "properties": {"OBJECTID": 48419922}}, {"type": "Feature", "id": 48421026, "geometry": {"type": "LineString", "coordinates": [[-81.32954359999997, 48.48015349906393], [-81.32954809999995, 48.48124599906392]]}, "properties": {"OBJECTID": 48421026}}, {"type": "Feature", "id": 48422466, "geometry": {"type": "LineString", "coordinates": [[-80.8786164, 48.60668109906443], [-80.87871079999996, 48.60690609906443], [-80.87884509999998, 48.607464099064444], [-80.87892519999997, 48.608012899064434], [-80.87897879999997, 48.60830979906446], [-80.87905969999997, 48.60848989906443], [-80.87918159999998, 48.60858889906446], [-80.87938489999999, 48.608670099064476], [-80.8799272, 48.60882359906448], [-80.88069999999999, 48.60899539906447], [-80.88194759999999, 48.60919459906446], [-80.8824224, 48.609221999064474]]}, "properties": {"OBJECTID": 48422466}}, {"type": "Feature", "id": 48427618, "geometry": {"type": "LineString", "coordinates": [[-84.7723231, 47.99484849906212], [-84.77088679999997, 47.99486109906211]]}, "properties": {"OBJECTID": 48427618}}, {"type": "Feature", "id": 48429874, "geometry": {"type": "LineString", "coordinates": [[-81.3417715, 48.480700599063944], [-81.3417614, 48.48146869906396]]}, "properties": {"OBJECTID": 48429874}}, {"type": "Feature", "id": 48441426, "geometry": {"type": "LineString", "coordinates": [[-84.55174449999998, 48.34598729906343], [-84.5525733, 48.34643689906339]]}, "properties": {"OBJECTID": 48441426}}, {"type": "Feature", "id": 48442258, "geometry": {"type": "LineString", "coordinates": [[-81.33745139999996, 48.475386899063935], [-81.33743989999999, 48.476118499063936]]}, "properties": {"OBJECTID": 48442258}}, {"type": "Feature", "id": 48443298, "geometry": {"type": "LineString", "coordinates": [[-81.42218439999999, 48.45346949906385], [-81.4218472, 48.45365469906382], [-81.42145619999997, 48.45380009906383], [-81.4195125, 48.454265999063814], [-81.41925579999997, 48.45429399906381], [-81.41909329999999, 48.45426759906383], [-81.41816919999997, 48.45373109906383]]}, "properties": {"OBJECTID": 48443298}}, {"type": "Feature", "id": 48443698, "geometry": {"type": "LineString", "coordinates": [[-84.8203648, 47.9372758990619], [-84.820671, 47.937317699061886], [-84.82334709999998, 47.93732379906188]]}, "properties": {"OBJECTID": 48443698}}, {"type": "Feature", "id": 48445650, "geometry": {"type": "LineString", "coordinates": [[-81.37549579999995, 48.47899639906394], [-81.37396669999998, 48.47900139906391]]}, "properties": {"OBJECTID": 48445650}}, {"type": "Feature", "id": 48452498, "geometry": {"type": "LineString", "coordinates": [[-84.54473289999999, 47.94719679906195], [-84.5446091, 47.947266199061914], [-84.54421399999995, 47.94768959906197], [-84.54416359999999, 47.94790449906197], [-84.54421249999996, 47.948004499061945]]}, "properties": {"OBJECTID": 48452498}}, {"type": "Feature", "id": 48454754, "geometry": {"type": "LineString", "coordinates": [[-81.2062257, 48.48429339906393], [-81.20623509999996, 48.48524349906394]]}, "properties": {"OBJECTID": 48454754}}, {"type": "Feature", "id": 48456578, "geometry": {"type": "LineString", "coordinates": [[-81.33079709999998, 48.4749321990639], [-81.32955229999999, 48.4749321990639]]}, "properties": {"OBJECTID": 48456578}}, {"type": "Feature", "id": 48458370, "geometry": {"type": "LineString", "coordinates": [[-81.32557699999995, 48.470914999063915], [-81.32718989999995, 48.47091729906386]]}, "properties": {"OBJECTID": 48458370}}, {"type": "Feature", "id": 48458978, "geometry": {"type": "LineString", "coordinates": [[-83.4002456, 47.84511989906162], [-83.39986479999999, 47.84519309906158], [-83.3989939, 47.8453579990616]]}, "properties": {"OBJECTID": 48458978}}, {"type": "Feature", "id": 48460642, "geometry": {"type": "LineString", "coordinates": [[-81.32306449999999, 48.48037789906392], [-81.32231569999999, 48.481011299063944]]}, "properties": {"OBJECTID": 48460642}}, {"type": "Feature", "id": 48462594, "geometry": {"type": "LineString", "coordinates": [[-84.5493376, 48.34635889906342], [-84.54871879999996, 48.3468765990634]]}, "properties": {"OBJECTID": 48462594}}, {"type": "Feature", "id": 48463682, "geometry": {"type": "LineString", "coordinates": [[-81.6603523, 48.71154709906489], [-81.65977729999997, 48.71227009906489], [-81.65955049999997, 48.712604299064886], [-81.65935179999997, 48.71300119906488], [-81.65917029999997, 48.7136769990649], [-81.65914779999997, 48.714036999064895], [-81.65858029999998, 48.71846629906494], [-81.65804559999998, 48.722292699064944], [-81.65745469999996, 48.72598449906497], [-81.65698569999995, 48.72860499906497], [-81.65582539999997, 48.735583599065016], [-81.65573999999998, 48.736330799065], [-81.65511029999999, 48.74543839906503], [-81.65503489999998, 48.74696819906505], [-81.65496629999996, 48.75006329906507], [-81.65489179999997, 48.753752099065096], [-81.65490999999997, 48.75410279906506], [-81.6550269, 48.754722899065094], [-81.65895109999997, 48.76765479906512], [-81.65939739999999, 48.76951449906513], [-81.65997729999998, 48.77222799906518], [-81.6603374, 48.77373719906517], [-81.6624668, 48.78145259906519], [-81.66435149999995, 48.78810779906523], [-81.66597639999998, 48.79361299906527], [-81.66631429999995, 48.794447699065266], [-81.66659219999997, 48.79486889906527], [-81.66714429999996, 48.79543249906525], [-81.66785969999995, 48.795986099065296], [-81.67508699999996, 48.800828799065314], [-81.68685049999999, 48.80863979906533], [-81.6893528, 48.81035209906534], [-81.69012319999996, 48.81090519906533], [-81.6908259, 48.811494799065365], [-81.69184659999996, 48.81242419906532], [-81.69331119999998, 48.81392679906536], [-81.69376969999996, 48.81458069906534], [-81.6949985, 48.81675929906534], [-81.69516479999999, 48.81696519906537], [-81.69528839999998, 48.81703649906536], [-81.69550659999999, 48.81705309906535], [-81.69566939999999, 48.817007199065365], [-81.69769409999998, 48.81566349906535], [-81.69834259999999, 48.81527279906533], [-81.69897859999998, 48.814971999065335], [-81.69941219999998, 48.81480749906536], [-81.7000496, 48.81460569906533], [-81.70099999999996, 48.81438399906534], [-81.7024548, 48.81418629906534], [-81.70347569999996, 48.81413509906536], [-81.70508389999998, 48.814197199065354], [-81.70826029999995, 48.81438459906536], [-81.70941859999999, 48.81441349906533], [-81.71172229999996, 48.81453419906534], [-81.7140119, 48.81461899906538], [-81.7163026, 48.81477569906537], [-81.71732639999999, 48.81493129906533], [-81.71817399999998, 48.81514189906534], [-81.71862549999997, 48.81528299906535], [-81.719338, 48.815575499065346], [-81.71979069999998, 48.81579749906537], [-81.7207937, 48.81639399906534], [-81.7223343, 48.81743689906535], [-81.72300919999998, 48.81794539906538], [-81.72359019999999, 48.818562499065386], [-81.72438269999998, 48.81967299906537], [-81.72452299999998, 48.819959999065375], [-81.72462279999996, 48.82026529906536], [-81.72469999999998, 48.820894499065346], [-81.72480729999995, 48.82266599906539], [-81.72493879999996, 48.827064199065376], [-81.72497059999995, 48.82737889906542], [-81.7250568, 48.82768419906539], [-81.72536549999995, 48.8283029990654], [-81.72698909999997, 48.83127939906542], [-81.73077999999998, 48.83803839906545], [-81.73125489999995, 48.83882709906544], [-81.7315496, 48.83940989906545], [-81.73161969999995, 48.83954439906545], [-81.73340999999999, 48.84269059906548], [-81.7338264, 48.84320079906547], [-81.73444819999997, 48.843781499065486], [-81.73484789999998, 48.8440848990655], [-81.73546679999998, 48.844467699065454], [-81.7361808, 48.84482299906548], [-81.73678409999997, 48.84507109906549], [-81.73760619999996, 48.84536269906547], [-81.7400829, 48.84602149906547], [-81.7403031, 48.84616399906551], [-81.74049679999996, 48.84636069906551], [-81.74120949999997, 48.8475525990655], [-81.74163049999999, 48.84836849906553], [-81.74196599999999, 48.84893309906548], [-81.74257699999998, 48.84969379906549], [-81.7433527, 48.850525399065525]]}, "properties": {"OBJECTID": 48463682}}, {"type": "Feature", "id": 48465010, "geometry": {"type": "LineString", "coordinates": [[-81.18853639999998, 48.494358499063985], [-81.18882029999997, 48.49461639906401]]}, "properties": {"OBJECTID": 48465010}}, {"type": "Feature", "id": 48466290, "geometry": {"type": "LineString", "coordinates": [[-81.27840139999995, 48.47045579906389], [-81.27840999999995, 48.46972889906387], [-81.27842759999999, 48.46964729906388], [-81.2784643, 48.46959419906386], [-81.27851329999999, 48.46956559906387], [-81.2785705, 48.469553399063855], [-81.2793749, 48.4695492990639], [-81.27945249999999, 48.46956149906386], [-81.2795137, 48.46959419906386], [-81.2795423, 48.46964729906388], [-81.27955049999997, 48.4697084990639], [-81.27955309999999, 48.47085789906387]]}, "properties": {"OBJECTID": 48466290}}, {"type": "Feature", "id": 48466402, "geometry": {"type": "LineString", "coordinates": [[-81.3263331, 48.45952499906385], [-81.32768479999999, 48.45937719906382], [-81.32821189999999, 48.459321799063815], [-81.32959169999998, 48.459335799063844], [-81.33005199999997, 48.459397499063854], [-81.33076989999995, 48.45955729906385]]}, "properties": {"OBJECTID": 48466402}}, {"type": "Feature", "id": 48475154, "geometry": {"type": "LineString", "coordinates": [[-81.3641053, 48.52289059906411], [-81.36392989999996, 48.52298109906412], [-81.3634707, 48.52315349906412], [-81.3631732, 48.52321739906411], [-81.3628483, 48.52323639906411], [-81.3550204, 48.52324279906413], [-81.35453279999996, 48.52323529906409], [-81.3463122, 48.523260399064114], [-81.33500369999996, 48.52325779906409]]}, "properties": {"OBJECTID": 48475154}}, {"type": "Feature", "id": 48476162, "geometry": {"type": "LineString", "coordinates": [[-81.32952649999999, 48.46975729906389], [-81.32955339999995, 48.4709229990639]]}, "properties": {"OBJECTID": 48476162}}, {"type": "Feature", "id": 48476370, "geometry": {"type": "LineString", "coordinates": [[-82.75543779999998, 47.58884759906078], [-82.75550239999995, 47.589188599060755], [-82.75565589999997, 47.58940219906076]]}, "properties": {"OBJECTID": 48476370}}, {"type": "Feature", "id": 48477874, "geometry": {"type": "LineString", "coordinates": [[-84.82334709999998, 47.93732379906188], [-84.82334559999998, 47.93810699906189]]}, "properties": {"OBJECTID": 48477874}}, {"type": "Feature", "id": 48480690, "geometry": {"type": "LineString", "coordinates": [[-81.3785193, 48.48890059906397], [-81.37891249999996, 48.48899829906399], [-81.4003204, 48.495493199063965]]}, "properties": {"OBJECTID": 48480690}}, {"type": "Feature", "id": 48483026, "geometry": {"type": "LineString", "coordinates": [[-81.29458999999997, 48.01666089906219], [-81.29509939999997, 48.016641599062176], [-81.29755359999996, 48.01666229906217], [-81.30061089999998, 48.01664529906221], [-81.30130839999998, 48.01666149906217], [-81.30386949999996, 48.01663679906217], [-81.3051706, 48.016687299062156], [-81.30558679999996, 48.016776199062186], [-81.30584219999997, 48.016883399062195], [-81.3067441, 48.017456899062175], [-81.30755219999998, 48.018048499062196], [-81.30801069999995, 48.01846119906221], [-81.3082268, 48.01873049906217], [-81.3086194, 48.01934119906221], [-81.30886249999998, 48.01963749906222], [-81.30936159999999, 48.02011299906219], [-81.30994099999998, 48.0205702990622], [-81.31074899999999, 48.02113489906222], [-81.31258179999998, 48.02259649906219], [-81.31312109999999, 48.02307189906223], [-81.3134172, 48.02323299906219], [-81.3143713, 48.0235452990622], [-81.31458649999996, 48.02364369906222], [-81.31523289999996, 48.02407379906217], [-81.31560969999998, 48.02427969906222], [-81.31653769999997, 48.024699999062186], [-81.31782949999996, 48.02538919906218], [-81.31827379999999, 48.025666899062216], [-81.3188533, 48.02611519906224], [-81.31910959999999, 48.026357399062185], [-81.3193258, 48.02661769906223], [-81.31960999999995, 48.02703079906223], [-81.32032999999996, 48.028504299062206], [-81.32064329999997, 48.02926819906225], [-81.320765, 48.029438799062234], [-81.32095389999995, 48.02960919906224], [-81.32267729999995, 48.03064799906225], [-81.3230001, 48.03080009906221], [-81.32390079999999, 48.03110339906222], [-81.32505629999997, 48.03141509906221], [-81.32544559999997, 48.03146799906222], [-81.325875, 48.0314936990622], [-81.32677319999999, 48.0314011990622], [-81.32925209999996, 48.030980299062215], [-81.32958659999997, 48.030862399062244], [-81.32989409999999, 48.03069049906224], [-81.33084199999996, 48.029994999062254], [-81.3311354, 48.029742199062255], [-81.33190819999999, 48.02892129906223], [-81.33218819999996, 48.02866849906223], [-81.33246859999997, 48.02846979906223], [-81.3327496, 48.028360999062215], [-81.33423599999998, 48.02798779906222], [-81.33513289999996, 48.02771529906221], [-81.33895939999996, 48.026255499062245], [-81.33934749999997, 48.026128399062195], [-81.3397091, 48.026046399062224], [-81.3400441, 48.026000399062234], [-81.34058069999998, 48.026016799062226], [-81.3409835, 48.026078599062195], [-81.3492306, 48.02783529906223], [-81.351407, 48.028350499062235], [-81.35186339999996, 48.02840299906223], [-81.3527623, 48.028436299062214], [-81.3535402, 48.02843389906224], [-81.3538082, 48.02838809906224], [-81.354398, 48.02834129906222], [-81.35490819999995, 48.0284026990622], [-81.35544549999997, 48.0285269990622], [-81.3561717, 48.02879459906222], [-81.35645469999997, 48.02898269906222]]}, "properties": {"OBJECTID": 48483026}}, {"type": "Feature", "id": 48484530, "geometry": {"type": "LineString", "coordinates": [[-81.5565052, 48.18509659906278], [-81.55694989999995, 48.18516649906281], [-81.5571933, 48.18528219906279], [-81.5579634, 48.18557539906277], [-81.56042069999995, 48.186373199062814], [-81.56284929999998, 48.18699109906278], [-81.56491289999997, 48.18745779906276], [-81.56533139999999, 48.18758169906278], [-81.5656558, 48.187724099062805], [-81.56634709999997, 48.188188499062804], [-81.56667279999999, 48.1884387990628], [-81.56694499999998, 48.188716399062805], [-81.56739519999996, 48.189280999062824], [-81.5683737, 48.190157799062796], [-81.56907949999999, 48.19071219906281], [-81.56960759999998, 48.191015399062806], [-81.57035159999998, 48.19137159906282], [-81.57074359999996, 48.19153159906281], [-81.5711756, 48.19166439906282], [-81.57206529999996, 48.19180399906283], [-81.57319659999996, 48.19189729906283], [-81.57372149999998, 48.19191269906283], [-81.57688329999996, 48.19188779906281], [-81.57829629999998, 48.191898699062826], [-81.5796699, 48.19199979906281], [-81.5811367, 48.19201039906282], [-81.58207959999999, 48.192095599062796], [-81.58313139999996, 48.19229719906283]]}, "properties": {"OBJECTID": 48484530}}, {"type": "Feature", "id": 48485714, "geometry": {"type": "LineString", "coordinates": [[-84.78607339999996, 47.969038099062026], [-84.7857788, 47.969307899062045], [-84.7854671, 47.969600499062004], [-84.78521969999997, 47.96985509906201], [-84.7849769, 47.970138299062036], [-84.78478419999999, 47.97040479906203], [-84.78461049999999, 47.97069269906203], [-84.78453099999996, 47.970838099062036]]}, "properties": {"OBJECTID": 48485714}}, {"type": "Feature", "id": 48485778, "geometry": {"type": "LineString", "coordinates": [[-83.40505199999996, 47.84330099906157], [-83.40317849999997, 47.843643399061584]]}, "properties": {"OBJECTID": 48485778}}, {"type": "Feature", "id": 48485938, "geometry": {"type": "LineString", "coordinates": [[-81.32213339999998, 48.48598799906396], [-81.32210469999995, 48.488154699063934]]}, "properties": {"OBJECTID": 48485938}}, {"type": "Feature", "id": 48486146, "geometry": {"type": "LineString", "coordinates": [[-81.63011269999998, 47.880422699061675], [-81.6301924, 47.88037729906171], [-81.63059429999998, 47.880428999061735], [-81.63079599999998, 47.880517899061715], [-81.63091809999997, 47.880661199061706], [-81.63097579999999, 47.881002799061726], [-81.6312203, 47.881316299061716], [-81.63163849999995, 47.88161099906172], [-81.63189549999998, 47.881843499061695], [-81.6322361, 47.882354499061705], [-81.63229149999995, 47.88250709906169], [-81.63225319999998, 47.882660299061705], [-81.63200409999996, 47.883075499061704], [-81.63129409999999, 47.884087099061745], [-81.63060919999998, 47.884963699061714], [-81.6297955, 47.88624579906175]]}, "properties": {"OBJECTID": 48486146}}, {"type": "Feature", "id": 48487666, "geometry": {"type": "LineString", "coordinates": [[-81.3282954, 48.474927299063935], [-81.3282992, 48.47610679906391]]}, "properties": {"OBJECTID": 48487666}}, {"type": "Feature", "id": 48491458, "geometry": {"type": "LineString", "coordinates": [[-81.3454931, 48.49145999906398], [-81.3456635, 48.49147949906398], [-81.34573039999998, 48.49149579906395], [-81.34603319999997, 48.49157859906398], [-81.34638769999998, 48.49166879906397], [-81.34659099999999, 48.49168969906395], [-81.34679449999999, 48.49170309906395], [-81.34979199999998, 48.491701099063945]]}, "properties": {"OBJECTID": 48491458}}, {"type": "Feature", "id": 48492066, "geometry": {"type": "LineString", "coordinates": [[-84.54395259999995, 47.84689539906162], [-84.54459929999996, 47.847071199061595], [-84.54506279999998, 47.8471621990616], [-84.54532949999998, 47.84717689906161], [-84.54565379999997, 47.847102799061595], [-84.54656589999996, 47.84675339906158], [-84.5468075, 47.846731599061556], [-84.54707249999996, 47.846782199061586], [-84.54734739999998, 47.846905099061594], [-84.54756809999998, 47.84704479906163], [-84.5476918, 47.847254399061576], [-84.54782179999995, 47.84761709906162], [-84.54796269999997, 47.84774609906156]]}, "properties": {"OBJECTID": 48492066}}, {"type": "Feature", "id": 48492354, "geometry": {"type": "LineString", "coordinates": [[-81.33996839999998, 48.491442899064], [-81.34105089999997, 48.49144339906398]]}, "properties": {"OBJECTID": 48492354}}, {"type": "Feature", "id": 48495138, "geometry": {"type": "LineString", "coordinates": [[-81.3263331, 48.45952499906385], [-81.3265667, 48.46010009906386], [-81.32655509999995, 48.46038809906386], [-81.32643719999999, 48.46100019906383], [-81.32643839999997, 48.46118009906386], [-81.32649369999996, 48.461359899063886], [-81.32658939999999, 48.46152149906383], [-81.32681979999995, 48.46180149906387], [-81.32693719999997, 48.461947899063865], [-81.3270167, 48.462103199063826], [-81.32706759999996, 48.46226689906386], [-81.32711019999999, 48.46258159906385], [-81.32714229999999, 48.463364199063854], [-81.3271474, 48.46408699906385]]}, "properties": {"OBJECTID": 48495138}}, {"type": "Feature", "id": 48497090, "geometry": {"type": "LineString", "coordinates": [[-81.33436159999997, 48.464077899063845], [-81.33327929999996, 48.46408489906389]]}, "properties": {"OBJECTID": 48497090}}, {"type": "Feature", "id": 48498002, "geometry": {"type": "LineString", "coordinates": [[-83.39702719999997, 47.84701639906161], [-83.39700369999997, 47.84707199906159], [-83.3969677, 47.8471055990616], [-83.39691639999995, 47.84713449906162], [-83.39683069999995, 47.84714899906157], [-83.3959997, 47.8472977990616], [-83.39590649999997, 47.84731489906159], [-83.39583249999998, 47.84733929906162], [-83.39581299999998, 47.847351299061586]]}, "properties": {"OBJECTID": 48498002}}, {"type": "Feature", "id": 48499122, "geometry": {"type": "LineString", "coordinates": [[-81.31669569999997, 48.46623499906389], [-81.31669639999996, 48.46678429906388]]}, "properties": {"OBJECTID": 48499122}}, {"type": "Feature", "id": 48509282, "geometry": {"type": "LineString", "coordinates": [[-84.77564029999996, 47.9878267990621], [-84.77313299999997, 47.98783759906209], [-84.77090519999996, 47.987826799062105]]}, "properties": {"OBJECTID": 48509282}}, {"type": "Feature", "id": 48514450, "geometry": {"type": "LineString", "coordinates": [[-81.73248209999997, 47.701671999061126], [-81.7311363, 47.70170759906113]]}, "properties": {"OBJECTID": 48514450}}, {"type": "Feature", "id": 48515890, "geometry": {"type": "LineString", "coordinates": [[-81.33778969999997, 48.48924619906397], [-81.33888669999999, 48.489246299063986]]}, "properties": {"OBJECTID": 48515890}}, {"type": "Feature", "id": 48519410, "geometry": {"type": "LineString", "coordinates": [[-81.34596449999998, 48.49857829906401], [-81.34654019999999, 48.49858049906397]]}, "properties": {"OBJECTID": 48519410}}, {"type": "Feature", "id": 48523474, "geometry": {"type": "LineString", "coordinates": [[-84.54761239999999, 48.35052399906339], [-84.54818969999997, 48.35059029906342]]}, "properties": {"OBJECTID": 48523474}}, {"type": "Feature", "id": 48525442, "geometry": {"type": "LineString", "coordinates": [[-81.44325029999999, 48.444891499063814], [-81.44335089999998, 48.44549199906377], [-81.44336709999999, 48.44555689906381], [-81.44339959999996, 48.44560559906378], [-81.44345799999996, 48.44564129906381], [-81.44355539999998, 48.44565429906377], [-81.44706769999999, 48.44584259906381], [-81.44716509999995, 48.44583279906377], [-81.44723969999995, 48.445793899063794], [-81.44727869999997, 48.44574839906378], [-81.44729819999998, 48.44568029906381], [-81.4472917, 48.445595899063775], [-81.44725599999998, 48.445436799063806], [-81.44719429999998, 48.445219299063794], [-81.44715529999996, 48.4451121990638], [-81.44710989999999, 48.445024599063785]]}, "properties": {"OBJECTID": 48525442}}, {"type": "Feature", "id": 48526530, "geometry": {"type": "LineString", "coordinates": [[-81.33458719999999, 48.462048399063846], [-81.33462929999996, 48.46205409906389], [-81.33467099999996, 48.46205869906383], [-81.33475499999997, 48.46206509906386], [-81.33494989999997, 48.462067399063855]]}, "properties": {"OBJECTID": 48526530}}, {"type": "Feature", "id": 48527218, "geometry": {"type": "LineString", "coordinates": [[-81.35220189999995, 48.49710999906399], [-81.3502454, 48.49709539906401], [-81.35016329999996, 48.49710569906398], [-81.35011459999998, 48.49712879906401], [-81.35008119999998, 48.497164699064015], [-81.35006329999999, 48.49721859906396], [-81.35006069999997, 48.497680299063994], [-81.35006579999998, 48.497723899064034], [-81.35007609999997, 48.497762399064], [-81.35010689999996, 48.49779569906402], [-81.3501556, 48.497821399063994], [-81.35021459999996, 48.49782909906404], [-81.35284769999998, 48.497833499063994]]}, "properties": {"OBJECTID": 48527218}}, {"type": "Feature", "id": 48531778, "geometry": {"type": "LineString", "coordinates": [[-81.7268886, 47.67420149906106], [-81.72594939999999, 47.67468429906105]]}, "properties": {"OBJECTID": 48531778}}, {"type": "Feature", "id": 48542258, "geometry": {"type": "LineString", "coordinates": [[-84.7151556, 48.00940229906216], [-84.71475149999998, 48.00967839906217], [-84.7117748, 48.01170209906217], [-84.710804, 48.01236599906218], [-84.7103649, 48.01265509906216], [-84.70998299999997, 48.012869199062145], [-84.7097154, 48.013008399062194], [-84.70941909999999, 48.01314759906215], [-84.70858039999996, 48.01347239906216], [-84.70586779999996, 48.01446109906215], [-84.70471849999996, 48.014892999062184], [-84.70334789999998, 48.015428399062166], [-84.70271259999998, 48.01570679906219], [-84.70227359999996, 48.015910199062176], [-84.7017204, 48.01618149906217], [-84.70109929999995, 48.01651339906216], [-84.69996429999998, 48.01714509906221], [-84.69821229999997, 48.018134799062196]]}, "properties": {"OBJECTID": 48542258}}, {"type": "Feature", "id": 48542274, "geometry": {"type": "LineString", "coordinates": [[-84.7863888, 47.96873039906202], [-84.78607339999996, 47.969038099062026]]}, "properties": {"OBJECTID": 48542274}}, {"type": "Feature", "id": 48542290, "geometry": {"type": "LineString", "coordinates": [[-84.796222, 47.963130199061986], [-84.79630839999999, 47.963131399061986], [-84.79649039999998, 47.96317779906201], [-84.79674019999999, 47.96328129906198], [-84.79732179999996, 47.96355829906201], [-84.79753619999997, 47.96367089906199], [-84.79765509999999, 47.963706599061986], [-84.7977065, 47.96371449906201]]}, "properties": {"OBJECTID": 48542290}}, {"type": "Feature", "id": 48542306, "geometry": {"type": "LineString", "coordinates": [[-84.92790259999998, 47.95767349906195], [-84.92773839999995, 47.95773779906196], [-84.92744219999997, 47.957873399061995], [-84.9273101, 47.95795909906198], [-84.92723519999998, 47.958026899062006], [-84.92716379999996, 47.95818039906196], [-84.9270889, 47.95831599906198], [-84.9270353, 47.958358799062], [-84.92692469999997, 47.95840519906197], [-84.92684259999999, 47.95846229906196], [-84.92682119999995, 47.95854439906199], [-84.9268533, 47.95870859906198], [-84.9268831, 47.958839299061964]]}, "properties": {"OBJECTID": 48542306}}, {"type": "Feature", "id": 48545330, "geometry": {"type": "LineString", "coordinates": [[-83.345261, 47.83448329906157], [-83.34396879999997, 47.83546349906153]]}, "properties": {"OBJECTID": 48545330}}, {"type": "Feature", "id": 48547282, "geometry": {"type": "LineString", "coordinates": [[-82.11208719999996, 48.094835499062484], [-82.11206229999999, 48.094925699062465], [-82.11191909999997, 48.095134099062435], [-82.11165539999996, 48.095361499062456], [-82.11091519999997, 48.09591749906248], [-82.11018239999999, 48.09681529906245], [-82.10950389999999, 48.097739599062464], [-82.10928049999995, 48.097966699062475], [-82.10900189999995, 48.09813129906248], [-82.10860179999997, 48.09826119906246], [-82.1081203, 48.098355799062475], [-82.10655399999996, 48.09859579906244], [-82.10611349999999, 48.098725999062445], [-82.10431869999996, 48.09958899906249], [-82.1039874, 48.099799099062494], [-82.10371039999995, 48.10003569906249], [-82.10351459999998, 48.10029849906246], [-82.10216889999998, 48.10269569906249], [-82.10170019999998, 48.10339299906251], [-82.10150339999996, 48.10361079906248], [-82.10118669999997, 48.103874699062466], [-82.10082879999999, 48.1041030990625], [-82.09960749999999, 48.1047805990625], [-82.0992498, 48.10501789906249], [-82.0989998, 48.10526329906252], [-82.09888319999999, 48.10546229906248], [-82.09874389999999, 48.105859499062475], [-82.09868439999997, 48.10621999906247], [-82.09847099999996, 48.10944299906249], [-82.09819039999996, 48.11203689906251], [-82.09810729999998, 48.11318029906252], [-82.09802889999997, 48.11517839906256], [-82.09782869999998, 48.11713269906253], [-82.09769779999999, 48.11918539906257], [-82.09764489999998, 48.12237989906254], [-82.09750499999996, 48.12275009906256], [-82.09730819999999, 48.12297689906256], [-82.09699059999997, 48.123204799062535], [-82.09615279999997, 48.12361769906255], [-82.0932209, 48.12477029906257], [-82.08979359999995, 48.12601749906259], [-82.08935399999996, 48.12620159906255], [-82.0888486, 48.12644929906259], [-82.08807819999998, 48.12687939906255], [-82.08730979999996, 48.127399599062606], [-82.08663569999999, 48.127936799062596], [-82.0860434, 48.12852719906256], [-82.08476129999997, 48.1301857990626], [-82.08375029999996, 48.13131999906259], [-82.08182979999998, 48.1333083990626], [-82.0809625, 48.13425229906259], [-82.07923799999998, 48.1359779990626], [-82.0781298, 48.13697799906259], [-82.0778947, 48.1373040990626], [-82.07771729999996, 48.13781859906259], [-82.07768749999997, 48.13832279906262], [-82.07777679999998, 48.1387357990626], [-82.07814939999997, 48.139838899062624], [-82.07826649999998, 48.14029669906262], [-82.07831399999998, 48.14063809906264], [-82.07828179999996, 48.141025299062626], [-82.07802419999996, 48.14220639906263], [-82.07785739999997, 48.142585799062616], [-82.07770009999996, 48.142776199062624], [-82.07743389999996, 48.14290469906265], [-82.0771125, 48.14296169906261], [-82.07634539999998, 48.142923899062644], [-82.07596999999998, 48.14297239906263], [-82.07556949999997, 48.143102099062624], [-82.07430409999995, 48.143662799062625], [-82.07347919999995, 48.14407529906261], [-82.07316169999996, 48.144321199062645], [-82.07292539999997, 48.1445932990626], [-82.07252409999995, 48.14533479906262], [-82.07197009999999, 48.146491599062664], [-82.07118789999998, 48.14766859906266], [-82.07102029999999, 48.14801199906262], [-82.07084429999998, 48.14859849906268], [-82.0707749, 48.149138899062656], [-82.07080439999999, 48.14991239906264], [-82.07093659999998, 48.15045099906268], [-82.07109099999997, 48.15076449906268], [-82.07196249999998, 48.151934999062675], [-82.07209019999999, 48.152257699062645], [-82.07216939999995, 48.152832799062644], [-82.07208659999998, 48.15402119906269], [-82.07207679999999, 48.15483999906269], [-82.07187809999999, 48.155633599062696], [-82.07163449999996, 48.15620269906264], [-82.07101519999998, 48.157458999062676], [-82.0707678, 48.15784819906271], [-82.07050419999996, 48.15810259906266], [-82.07019739999998, 48.15822239906267], [-82.06846999999999, 48.1585713990627], [-82.0679998, 48.1585936990627], [-82.06753089999995, 48.158679099062674], [-82.0663907, 48.1588155990627], [-82.06602939999999, 48.15889989906267], [-82.06570949999997, 48.15903789906272], [-82.0649024, 48.15967509906268], [-82.0645831, 48.15984009906266], [-82.06374259999996, 48.160162699062674], [-82.06148379999996, 48.16083139906269], [-82.06070949999997, 48.161108499062685], [-82.05997709999997, 48.16145709906267], [-82.05916629999996, 48.161923399062715], [-82.05860739999997, 48.1622074990627], [-82.05399389999997, 48.16413929906273], [-82.05317979999995, 48.16444369906272], [-82.05235139999996, 48.16471219906267], [-82.05146709999997, 48.16487319906274], [-82.05051699999996, 48.16510679906272], [-82.04881849999998, 48.16557219906274], [-82.0478273, 48.165770199062685], [-82.0473298, 48.16577469906274], [-82.04394739999998, 48.16544559906269], [-82.04292479999998, 48.165418899062715], [-82.0407214, 48.165528799062685], [-82.03959329999998, 48.1656109990627], [-82.03689509999998, 48.165860299062714], [-82.03577989999997, 48.165915399062705], [-82.03403099999997, 48.16588609906272], [-82.03250879999996, 48.16576479906272], [-82.0308665, 48.1656895990627], [-82.02894349999997, 48.1656978990627], [-82.025552, 48.16558419906271], [-82.02508189999998, 48.16561539906272], [-82.02409029999995, 48.16579519906275], [-82.02359389999998, 48.165853599062736], [-82.02255879999996, 48.16588079906273], [-82.02201989999998, 48.165831599062734], [-82.01967839999998, 48.16576239906269], [-82.017403, 48.16563859906272], [-82.01689209999995, 48.165643199062714], [-82.01638179999998, 48.16568369906274], [-82.01549719999997, 48.16583539906274], [-82.01476099999996, 48.16601289906269], [-82.01264929999996, 48.16668829906273], [-82.01099389999996, 48.167314699062715], [-82.01032509999999, 48.16750049906271], [-82.0098557, 48.167567599062735], [-82.00835169999999, 48.1676887990627], [-82.0078825, 48.16776489906271], [-82.00717309999999, 48.16794199906275], [-82.00646519999998, 48.1681910990627], [-82.00482589999996, 48.16896119906272], [-82.0042512, 48.169146199062716], [-82.0038088, 48.16922199906274], [-82.00331159999996, 48.169244399062734], [-82.00000299999999, 48.16924619906274], [-81.99832239999995, 48.16927879906273], [-81.99620999999996, 48.16924319906275], [-81.99450199999995, 48.169248999062745], [-81.99399009999996, 48.1692083990627], [-81.99274979999996, 48.169057199062706], [-81.9918073, 48.169002299062754], [-81.9911616, 48.16899889906272], [-81.98922639999995, 48.169078599062736], [-81.98828759999998, 48.16922159906272], [-81.98752439999998, 48.16939909906273], [-81.98529969999998, 48.1698140990627], [-81.9839624, 48.17022139906272], [-81.98261299999996, 48.17069179906276], [-81.98221309999997, 48.17088409906273], [-81.9818674, 48.171093999062755], [-81.98156289999997, 48.17134849906274], [-81.98127269999998, 48.17164789906275], [-81.981023, 48.17195589906272], [-81.9808673, 48.172254199062714], [-81.98068259999997, 48.17314649906275], [-81.9805025, 48.17357989906277], [-81.98030699999998, 48.17390539906274], [-81.9801756, 48.174068499062756], [-81.97976589999996, 48.174449899062736], [-81.9789945, 48.17491529906274], [-81.97759659999997, 48.17567389906278], [-81.97502899999995, 48.17718029906277], [-81.97204669999996, 48.178815999062785], [-81.9703149, 48.179721299062784]]}, "properties": {"OBJECTID": 48547282}}, {"type": "Feature", "id": 48549618, "geometry": {"type": "LineString", "coordinates": [[-84.7814803, 47.99241569906209], [-84.78129949999999, 47.99245849906207], [-84.78106629999996, 47.99247759906209], [-84.78065699999996, 47.99247759906209], [-84.77975449999997, 47.99246349906211]]}, "properties": {"OBJECTID": 48549618}}, {"type": "Feature", "id": 48551202, "geometry": {"type": "LineString", "coordinates": [[-81.71305669999998, 47.68468969906108], [-81.71227089999996, 47.684721599061085], [-81.71197759999995, 47.684705399061095], [-81.7117101, 47.68463509906109], [-81.71105399999999, 47.684396199061084], [-81.7106541, 47.68438969906106], [-81.71037529999995, 47.68446339906107], [-81.7096072, 47.68480999906109], [-81.7091433, 47.68499289906104], [-81.70802889999999, 47.68535069906107], [-81.70758919999997, 47.68535339906105], [-81.7073623, 47.685327799061085]]}, "properties": {"OBJECTID": 48551202}}, {"type": "Feature", "id": 48552066, "geometry": {"type": "LineString", "coordinates": [[-84.53717869999997, 47.900136599061746], [-84.53611749999999, 47.901067699061755], [-84.53590629999997, 47.9012880990618], [-84.53550429999996, 47.901864299061764], [-84.53528539999996, 47.902246599061776], [-84.5351162, 47.902710799061786], [-84.53495519999996, 47.90328319906179], [-84.5349286, 47.9035615990618], [-84.53494739999996, 47.90429089906181], [-84.53504509999999, 47.90476989906178], [-84.53516259999998, 47.9051142990618], [-84.53558039999996, 47.905897099061775], [-84.53611239999998, 47.90652939906179], [-84.5361863, 47.90666599906181], [-84.53613889999997, 47.906817999061815], [-84.53614669999996, 47.906935099061776], [-84.53625849999997, 47.907117499061805], [-84.53660409999998, 47.90744879906177], [-84.53737999999998, 47.908302299061795], [-84.53754349999997, 47.9085217990618], [-84.53765269999997, 47.90875809906178], [-84.53799279999998, 47.90920629906183], [-84.53907719999995, 47.910327299061784], [-84.53926669999998, 47.91056529906181], [-84.53979519999996, 47.91155739906185], [-84.54023329999995, 47.91219669906184], [-84.54031839999999, 47.91237849906184], [-84.54032529999995, 47.912513599061796], [-84.54020169999995, 47.9128618990618], [-84.54017809999999, 47.9130772990618], [-84.5402709, 47.91394319906181], [-84.54021899999998, 47.91447289906182], [-84.54029279999997, 47.91517639906182], [-84.54008449999998, 47.91617969906184], [-84.5400376, 47.91632269906182], [-84.53990039999996, 47.91695859906185], [-84.54093889999996, 47.92046309906182], [-84.5409325, 47.92059799906186], [-84.54097659999996, 47.920796899061855], [-84.54094699999996, 47.921138199061865], [-84.54062399999998, 47.92202209906189], [-84.54039, 47.92243999906182], [-84.53984059999999, 47.92273409906184], [-84.53940549999999, 47.92315669906188], [-84.53861589999997, 47.92371569906184], [-84.5383779, 47.92393549906186], [-84.53820719999999, 47.924147799061856], [-84.53826269999996, 47.92467089906186], [-84.53857399999998, 47.92516349906184], [-84.53878979999996, 47.925410999061825], [-84.53902289999996, 47.925577999061865], [-84.53938789999995, 47.925783799061875], [-84.5397246, 47.926024999061866], [-84.5398844, 47.926325299061865], [-84.539942, 47.926803499061855], [-84.53995649999996, 47.92734369906184], [-84.5398477, 47.92794419906186], [-84.53973959999996, 47.92824779906185], [-84.53955249999996, 47.92852269906188], [-84.5392731, 47.92876869906189], [-84.5385925, 47.929284999061906], [-84.5373846, 47.93047379906188], [-84.53710129999996, 47.93080069906188], [-84.53623769999996, 47.93206889906192], [-84.53594579999998, 47.9325754990619], [-84.53576299999997, 47.932760599061865], [-84.5354443, 47.933266599061895], [-84.53438869999997, 47.93462959906192], [-84.53376149999997, 47.935147099061865], [-84.53348069999998, 47.93541999906189], [-84.53326549999997, 47.93572129906188], [-84.53275239999999, 47.93665509906189], [-84.53251129999995, 47.936937799061894], [-84.5322736, 47.9371486990619], [-84.53190089999998, 47.93738359906191], [-84.53109319999999, 47.93775309906189], [-84.53081709999998, 47.93792719906194], [-84.53053799999998, 47.93816409906187], [-84.52975999999995, 47.939317099061924], [-84.52946579999997, 47.93986869906195], [-84.52873819999996, 47.9410857990619], [-84.52793199999996, 47.9422651990619], [-84.52730209999999, 47.9428364990619]]}, "properties": {"OBJECTID": 48552066}}, {"type": "Feature", "id": 48552098, "geometry": {"type": "LineString", "coordinates": [[-84.55686409999998, 48.087977599062434], [-84.55684159999998, 48.08845399906242]]}, "properties": {"OBJECTID": 48552098}}, {"type": "Feature", "id": 48553122, "geometry": {"type": "LineString", "coordinates": [[-81.32353269999999, 48.48816369906396], [-81.32353409999996, 48.488473199063975], [-81.32353619999998, 48.488568299063935], [-81.32354929999997, 48.48862479906396], [-81.32359019999996, 48.488715899063976], [-81.323646, 48.48882969906395], [-81.3236733, 48.48891759906398], [-81.32368449999996, 48.48897699906397], [-81.3236746, 48.48969239906397], [-81.32366209999998, 48.489754499063956], [-81.32363709999998, 48.48981499906397], [-81.32357709999997, 48.48989999906397], [-81.32347599999997, 48.48998649906399], [-81.32338629999998, 48.49003729906401], [-81.32317609999996, 48.49011659906398], [-81.32244079999998, 48.49032649906398], [-81.32191749999998, 48.490448999063965], [-81.32178689999995, 48.49046599906398], [-81.32165479999998, 48.49047699906394], [-81.3206945, 48.49048869906397]]}, "properties": {"OBJECTID": 48553122}}, {"type": "Feature", "id": 48554626, "geometry": {"type": "LineString", "coordinates": [[-81.9483242, 48.128882399062554], [-81.94842619999997, 48.12931339906255], [-81.94854999999995, 48.13019409906261], [-81.94875399999995, 48.13105619906261], [-81.94903729999999, 48.13257439906259], [-81.94943169999999, 48.13428049906261], [-81.949908, 48.13678679906262], [-81.94995029999995, 48.13689439906261], [-81.94999959999996, 48.13737989906263], [-81.95008339999998, 48.13755009906259], [-81.95035769999998, 48.13857349906261], [-81.95045039999997, 48.13922949906259], [-81.9504053, 48.13969779906262], [-81.95031599999999, 48.13995939906261], [-81.94992099999996, 48.14040349906266], [-81.94903219999998, 48.141049699062606], [-81.94867499999998, 48.141358499062626], [-81.94821519999999, 48.141938099062614], [-81.94783769999998, 48.14260699906261], [-81.94770969999996, 48.142958999062635], [-81.94765129999996, 48.14343629906263], [-81.94760159999998, 48.14439039906262], [-81.94763809999995, 48.144911899062635], [-81.9477091, 48.14511829906266], [-81.948081, 48.14560109906264], [-81.94849119999998, 48.145975499062644], [-81.94884479999996, 48.14619759906266], [-81.9524065, 48.14759859906266], [-81.95323379999996, 48.14798759906264], [-81.95379229999998, 48.148378899062635], [-81.95406559999998, 48.14861949906262], [-81.9542318, 48.14887909906267], [-81.95428819999995, 48.149022599062654], [-81.9543946, 48.14968749906266], [-81.95437609999999, 48.15013749906266], [-81.95422709999997, 48.150804499062694], [-81.9538574, 48.15189619906265], [-81.95379609999998, 48.152211599062696], [-81.95378849999997, 48.15252659906268], [-81.9538887, 48.15285859906264], [-81.95400009999997, 48.153064599062695], [-81.95445509999996, 48.15367269906266], [-81.95522309999996, 48.154484999062674], [-81.95538949999997, 48.15475349906268], [-81.95547529999999, 48.15503169906265], [-81.9554976, 48.15550839906269], [-81.95539879999995, 48.15670579906265], [-81.95519529999996, 48.158057099062674], [-81.95517699999999, 48.159244899062706], [-81.95521209999998, 48.15968539906267], [-81.95528489999998, 48.15998169906267], [-81.95524739999996, 48.1601349990627], [-81.95537279999996, 48.16109659906269], [-81.95557459999998, 48.16182369906269], [-81.95556679999999, 48.162129699062724], [-81.95545919999995, 48.16285029906269], [-81.95548049999996, 48.16400179906268], [-81.95544589999997, 48.164307999062686], [-81.95529219999997, 48.16472309906269], [-81.9545713, 48.16573679906274], [-81.95398469999998, 48.16674029906271], [-81.95307539999999, 48.16847529906272], [-81.95289479999997, 48.16889069906272], [-81.95283189999998, 48.16912509906273], [-81.95282399999996, 48.16942209906272], [-81.9529384, 48.16978999906274], [-81.9533318, 48.170695399062716], [-81.95353189999997, 48.17133259906274], [-81.95364329999995, 48.17153859906272], [-81.95403979999998, 48.171886199062726], [-81.95423, 48.17198359906274], [-81.95477169999998, 48.17218599906273], [-81.955488, 48.17236899906272], [-81.95621559999995, 48.17243489906275], [-81.9563771, 48.17244259906272], [-81.95668659999995, 48.172448999062745], [-81.95684749999998, 48.172420699062755], [-81.9570627, 48.17241889906275], [-81.9571709, 48.17245399906273], [-81.9574806, 48.17246939906272], [-81.95771069999995, 48.172548399062755], [-81.9578861, 48.17257399906273], [-81.9592518, 48.172958399062736], [-81.95976519999999, 48.17308009906278], [-81.9601159, 48.173131199062716], [-81.96141449999999, 48.17352519906275], [-81.9620248, 48.17378999906272], [-81.96502519999996, 48.175267299062774], [-81.96562319999998, 48.17559519906276], [-81.966726, 48.17629669906275], [-81.96797569999995, 48.17694299906272], [-81.96853119999997, 48.177154199062755], [-81.96901959999997, 48.17737499906277], [-81.96972719999997, 48.177800899062746], [-81.9700411, 48.17804119906273], [-81.97022019999997, 48.17826459906277], [-81.97030389999998, 48.17842579906275], [-81.97041919999998, 48.17882969906273], [-81.97042699999997, 48.17924349906279], [-81.97039139999998, 48.17949579906279], [-81.9703149, 48.179721299062784]]}, "properties": {"OBJECTID": 48554626}}, {"type": "Feature", "id": 48555314, "geometry": {"type": "LineString", "coordinates": [[-84.77835779999998, 47.99472679906209], [-84.77979089999997, 47.99473579906208]]}, "properties": {"OBJECTID": 48555314}}, {"type": "Feature", "id": 48556690, "geometry": {"type": "LineString", "coordinates": [[-84.77449689999997, 47.9975727990621], [-84.7734107, 47.9975786990621]]}, "properties": {"OBJECTID": 48556690}}, {"type": "Feature", "id": 48557554, "geometry": {"type": "LineString", "coordinates": [[-81.47682279999998, 48.346434599063386], [-81.47692639999997, 48.34596629906341], [-81.4763036, 48.345752999063386], [-81.47568139999998, 48.345602599063376], [-81.47456029999995, 48.345508299063376], [-81.4731299, 48.345532199063406], [-81.47272579999998, 48.34561479906339], [-81.47222869999996, 48.345859799063405], [-81.47179949999997, 48.34614939906338], [-81.47106429999997, 48.346917099063425], [-81.4695011, 48.3486418990634]]}, "properties": {"OBJECTID": 48557554}}, {"type": "Feature", "id": 48559074, "geometry": {"type": "LineString", "coordinates": [[-82.43970199999995, 48.243349699062996], [-82.44080809999997, 48.24388469906301]]}, "properties": {"OBJECTID": 48559074}}, {"type": "Feature", "id": 48561954, "geometry": {"type": "LineString", "coordinates": [[-84.3662314, 48.316423099063265], [-84.3670424, 48.3174404990633]]}, "properties": {"OBJECTID": 48561954}}, {"type": "Feature", "id": 48563250, "geometry": {"type": "LineString", "coordinates": [[-84.8363703, 47.93930249906188], [-84.83678649999996, 47.940176299061896], [-84.83711969999996, 47.94090919906192], [-84.8372243, 47.94129939906193], [-84.83738619999997, 47.94204179906192], [-84.83750989999999, 47.94274609906193], [-84.8375575, 47.94357419906189], [-84.83750989999999, 47.944240399061925], [-84.83740519999998, 47.94454499906192], [-84.83715769999998, 47.94498279906194], [-84.83672939999997, 47.945687099061956], [-84.8366628, 47.945982199061916], [-84.83669129999998, 47.94632479906192], [-84.83683409999998, 47.94691489906192], [-84.83717679999995, 47.948076099061964], [-84.8372415, 47.94839259906194]]}, "properties": {"OBJECTID": 48563250}}, {"type": "Feature", "id": 48565554, "geometry": {"type": "LineString", "coordinates": [[-81.3399766, 48.48923679906397], [-81.33996839999998, 48.491442899064]]}, "properties": {"OBJECTID": 48565554}}, {"type": "Feature", "id": 48574882, "geometry": {"type": "LineString", "coordinates": [[-82.42666159999999, 47.93832949906191], [-82.4270118, 47.93848129906193], [-82.42781159999998, 47.938856999061926], [-82.428111, 47.9390332990619], [-82.4283049, 47.93926479906193], [-82.42838019999999, 47.9395697990619], [-82.42838689999996, 47.93981259906193], [-82.42851509999997, 47.94008989906193], [-82.42872259999996, 47.94033029906191], [-82.4305516, 47.94207109906191], [-82.431511, 47.94286889906191], [-82.43272399999995, 47.94412239906192], [-82.43381149999999, 47.945188499061935], [-82.4351082, 47.94655799906196], [-82.43584959999998, 47.94721449906194], [-82.4364794, 47.947710499061955], [-82.43683399999998, 47.947939999061944], [-82.43760729999997, 47.94829919906193], [-82.43860819999998, 47.948655599061915], [-82.43889339999998, 47.94879599906193], [-82.43942449999997, 47.94911319906191], [-82.43994479999998, 47.949520599061934], [-82.44039829999997, 47.94993779906198], [-82.44073269999996, 47.95040149906192], [-82.44094849999999, 47.95093859906195], [-82.4410421, 47.95141429906194], [-82.44114459999997, 47.951727899061964], [-82.44134029999998, 47.952022399061974], [-82.44162919999997, 47.95229769906196], [-82.4431482, 47.95345729906197], [-82.44583319999998, 47.955600899061984], [-82.44671299999999, 47.95640859906197], [-82.44752589999996, 47.95721719906195], [-82.44785529999996, 47.95750089906196], [-82.44841639999999, 47.95792569906198], [-82.45079039999996, 47.95947029906198], [-82.45233409999997, 47.96053949906201], [-82.45267489999998, 47.96075119906197], [-82.45300079999998, 47.96090899906198], [-82.4530231, 47.96091559906199]]}, "properties": {"OBJECTID": 48574882}}, {"type": "Feature", "id": 48575986, "geometry": {"type": "LineString", "coordinates": [[-81.74063809999996, 47.72979859906123], [-81.74063999999998, 47.72993539906124], [-81.74080779999997, 47.73141899906122], [-81.74087069999996, 47.73303809906126], [-81.7410165, 47.73485469906123], [-81.74102739999995, 47.735619499061244], [-81.74102249999999, 47.735701199061275]]}, "properties": {"OBJECTID": 48575986}}, {"type": "Feature", "id": 48576002, "geometry": {"type": "LineString", "coordinates": [[-81.93860179999996, 47.8152804990615], [-81.93937539999996, 47.815289799061496]]}, "properties": {"OBJECTID": 48576002}}, {"type": "Feature", "id": 48576018, "geometry": {"type": "LineString", "coordinates": [[-81.96357539999997, 47.8236707990615], [-81.9637808, 47.823689499061494], [-81.96451809999996, 47.8238272990615], [-81.9662242, 47.8243257990615], [-81.9681311, 47.82484959906155], [-81.96868029999996, 47.82492589906155], [-81.97008719999997, 47.82499139906155]]}, "properties": {"OBJECTID": 48576018}}, {"type": "Feature", "id": 48578642, "geometry": {"type": "LineString", "coordinates": [[-81.33442969999999, 48.47375689906389], [-81.33332859999996, 48.47376069906389]]}, "properties": {"OBJECTID": 48578642}}, {"type": "Feature", "id": 48578914, "geometry": {"type": "LineString", "coordinates": [[-84.56069919999999, 48.08980469906242], [-84.55940819999995, 48.08984029906245]]}, "properties": {"OBJECTID": 48578914}}, {"type": "Feature", "id": 48581730, "geometry": {"type": "LineString", "coordinates": [[-81.85532259999997, 47.54745339906063], [-81.85562589999995, 47.548944799060656], [-81.85595409999996, 47.550328099060636], [-81.85911919999995, 47.558573499060685], [-81.8593123, 47.55900399906068]]}, "properties": {"OBJECTID": 48581730}}, {"type": "Feature", "id": 48586066, "geometry": {"type": "LineString", "coordinates": [[-84.54954679999997, 48.08652599906245], [-84.54961209999999, 48.08656339906244], [-84.55013069999995, 48.086673499062435], [-84.55017959999998, 48.08677349906245], [-84.55015939999998, 48.08691699906243], [-84.55018039999999, 48.0873223990624]]}, "properties": {"OBJECTID": 48586066}}, {"type": "Feature", "id": 48588738, "geometry": {"type": "LineString", "coordinates": [[-84.77834059999998, 47.98900629906208], [-84.7782128, 47.98900629906208], [-84.77810869999996, 47.989018199062095], [-84.77802829999996, 47.98905089906206], [-84.77787369999999, 47.989160999062086], [-84.77765359999995, 47.9893096990621], [-84.77759709999998, 47.989360199062084], [-84.7775762, 47.989407799062086], [-84.77757329999997, 47.98947029906212], [-84.77757149999996, 47.98952979906207]]}, "properties": {"OBJECTID": 48588738}}, {"type": "Feature", "id": 48589154, "geometry": {"type": "LineString", "coordinates": [[-82.44246579999998, 48.24966699906304], [-82.44176269999997, 48.25005369906304], [-82.44170939999998, 48.250072399063036]]}, "properties": {"OBJECTID": 48589154}}, {"type": "Feature", "id": 48590674, "geometry": {"type": "LineString", "coordinates": [[-81.32593109999999, 48.48015379906394], [-81.3270498, 48.48015619906393]]}, "properties": {"OBJECTID": 48590674}}, {"type": "Feature", "id": 48591282, "geometry": {"type": "LineString", "coordinates": [[-83.40737779999995, 47.83998149906157], [-83.40611689999997, 47.840230499061576]]}, "properties": {"OBJECTID": 48591282}}, {"type": "Feature", "id": 48593458, "geometry": {"type": "LineString", "coordinates": [[-82.75678529999999, 47.5941358990608], [-82.75683579999998, 47.594450099060786], [-82.7568028, 47.59465759906079], [-82.7565803, 47.59516489906082], [-82.75646609999995, 47.59532859906079], [-82.7562724, 47.595502499060785]]}, "properties": {"OBJECTID": 48593458}}, {"type": "Feature", "id": 48593922, "geometry": {"type": "LineString", "coordinates": [[-81.99446879999999, 47.980829599062076], [-81.99464649999999, 47.98100799906206], [-81.99542939999998, 47.98199989906204], [-81.99582369999996, 47.98229339906204], [-81.99602929999998, 47.98253459906205], [-81.99613349999998, 47.98307349906208], [-81.99612739999998, 47.98345149906204], [-81.99607829999997, 47.98368579906208], [-81.99578309999998, 47.98436319906206], [-81.9949297, 47.985288299062084], [-81.99466919999998, 47.98567749906207], [-81.99457339999998, 47.98627209906205], [-81.9946703, 47.98643319906207], [-81.9948607, 47.98657549906207], [-81.99541469999997, 47.986813699062076], [-81.99567229999997, 47.98696439906209], [-81.99575369999997, 47.98701769906207], [-81.99599799999999, 47.98717749906209], [-81.996284, 47.987408899062096], [-81.9967646, 47.98800759906206], [-81.99703549999998, 47.9881581990621], [-81.9976001, 47.98824329906208], [-81.99788059999997, 47.98819579906209], [-81.99886619999995, 47.98787239906208], [-81.9991718, 47.987734799062046], [-81.99938309999999, 47.98757099906206], [-81.9997209, 47.98701919906207], [-81.99999689999999, 47.986737899062085], [-82.00064569999995, 47.986327299062076], [-82.00117459999996, 47.98595379906205], [-82.0014544, 47.985870399062065], [-82.00178899999997, 47.985849499062084], [-82.00215119999996, 47.985864299062044], [-82.00268889999995, 47.98594959906207], [-82.00302579999999, 47.986045699062075], [-82.00318909999999, 47.98617019906206], [-82.00346739999998, 47.986698599062066], [-82.00350359999999, 47.987184099062084], [-82.00358869999997, 47.98742629906209], [-82.00371379999996, 47.98765919906205], [-82.00409709999997, 47.988069699062095], [-82.0051431, 47.98878929906206], [-82.0061637, 47.989581199062094], [-82.00683469999996, 47.9903130990621], [-82.00738099999995, 47.99083909906209], [-82.00772889999996, 47.991492899062095], [-82.00812869999999, 47.99206519906209], [-82.00832329999997, 47.99242339906208], [-82.0083674, 47.992620899062096], [-82.00829289999996, 47.992927499062084], [-82.0081136, 47.99335189906212], [-82.00771259999999, 47.99410219906213], [-82.00744309999999, 47.99471639906209], [-82.00620319999996, 47.997129599062134], [-82.00578759999996, 47.99781699906209], [-82.00543519999997, 47.99830599906211], [-82.00512309999999, 47.99880349906211], [-82.00502039999998, 47.99903839906212], [-82.00495809999995, 47.9992817990621], [-82.00498549999998, 48.000001399062135], [-82.00518019999998, 48.001745199062135], [-82.00517589999998, 48.00221309906212], [-82.0049644, 48.00374449906215], [-82.0046031, 48.005160199062146], [-82.00445809999997, 48.00598019906213], [-82.00411329999997, 48.00686499906213], [-82.00415609999999, 48.00699959906215], [-82.00426469999996, 48.00707059906214], [-82.00448039999998, 48.007131699062136], [-82.00539499999996, 48.00727659906213], [-82.00653939999995, 48.00751849906213], [-82.00730909999999, 48.00779969906214], [-82.00774029999997, 48.007912899062134], [-82.00804969999996, 48.00796419906213], [-82.00909619999999, 48.00799999906217], [-82.00978169999996, 48.008083899062164], [-82.01010359999998, 48.00809009906214], [-82.01069149999995, 48.00798589906212], [-82.0113179, 48.00779149906212], [-82.01166539999997, 48.00773439906212], [-82.01233559999997, 48.007728499062175], [-82.01256409999996, 48.00775349906216], [-82.01272599999999, 48.007806099062165]]}, "properties": {"OBJECTID": 48593922}}, {"type": "Feature", "id": 48597874, "geometry": {"type": "LineString", "coordinates": [[-84.81108459999996, 47.93265839906191], [-84.8111978, 47.93301459906189], [-84.81126769999997, 47.9334938990619], [-84.81128099999995, 47.93405309906189], [-84.81127099999998, 47.93416959906189], [-84.81115119999998, 47.93508159906192], [-84.81106799999998, 47.93572399906193], [-84.8109915, 47.93625319906188], [-84.81087159999998, 47.93713519906188], [-84.81042889999998, 47.94031389906193], [-84.81008279999998, 47.942830299061924], [-84.80994629999998, 47.94369899906194], [-84.80975329999995, 47.94429149906191], [-84.80952029999997, 47.94474419906191], [-84.80926729999999, 47.945133599061926], [-84.8090709, 47.94539319906192], [-84.80871809999996, 47.945785999061904], [-84.80828209999999, 47.946175399061914], [-84.80748079999995, 47.94682929906196]]}, "properties": {"OBJECTID": 48597874}}, {"type": "Feature", "id": 48597970, "geometry": {"type": "LineString", "coordinates": [[-83.39802859999998, 47.83993299906159], [-83.3968046, 47.84015819906157]]}, "properties": {"OBJECTID": 48597970}}, {"type": "Feature", "id": 48615074, "geometry": {"type": "LineString", "coordinates": [[-80.86869379999996, 48.520080799064075], [-80.86786669999998, 48.520457699064075]]}, "properties": {"OBJECTID": 48615074}}, {"type": "Feature", "id": 48615282, "geometry": {"type": "LineString", "coordinates": [[-81.42202799999995, 48.471210999063906], [-81.4221374, 48.500057399064], [-81.42213649999997, 48.50210039906401]]}, "properties": {"OBJECTID": 48615282}}, {"type": "Feature", "id": 48617122, "geometry": {"type": "LineString", "coordinates": [[-83.40629969999998, 47.82505799906152], [-83.40627549999999, 47.82540049906151], [-83.40622539999998, 47.825473499061545], [-83.4060948, 47.825539199061545], [-83.40574859999998, 47.82556449906155], [-83.40522669999996, 47.82554839906151], [-83.40462609999997, 47.82556099906155]]}, "properties": {"OBJECTID": 48617122}}, {"type": "Feature", "id": 48619138, "geometry": {"type": "LineString", "coordinates": [[-81.35681419999997, 48.47974579906395], [-81.35682529999997, 48.48134089906393]]}, "properties": {"OBJECTID": 48619138}}, {"type": "Feature", "id": 48619298, "geometry": {"type": "LineString", "coordinates": [[-81.3355608, 48.479350599063935], [-81.33808099999999, 48.4793577990639]]}, "properties": {"OBJECTID": 48619298}}, {"type": "Feature", "id": 48620946, "geometry": {"type": "LineString", "coordinates": [[-81.20545469999996, 48.47083139906388], [-81.20434499999999, 48.470835899063864]]}, "properties": {"OBJECTID": 48620946}}, {"type": "Feature", "id": 48621138, "geometry": {"type": "LineString", "coordinates": [[-81.32483459999997, 48.48123779906395], [-81.32369819999997, 48.481238099063965]]}, "properties": {"OBJECTID": 48621138}}, {"type": "Feature", "id": 48621602, "geometry": {"type": "LineString", "coordinates": [[-81.20652379999996, 48.472416899063916], [-81.20726199999996, 48.47242119906391]]}, "properties": {"OBJECTID": 48621602}}, {"type": "Feature", "id": 48622978, "geometry": {"type": "LineString", "coordinates": [[-81.26257649999997, 47.55730659906067], [-81.2625506, 47.55744159906067], [-81.26243169999998, 47.557585899060705], [-81.26158399999997, 47.558190699060674], [-81.26127969999999, 47.558488299060684], [-81.26113449999997, 47.5586865990607], [-81.2609625, 47.55885789906069], [-81.26056509999995, 47.55912879906066], [-81.25980899999996, 47.559445399060685], [-81.25954349999995, 47.55952699906067], [-81.25895919999999, 47.5596362990607], [-81.25833439999997, 47.55964669906069], [-81.25808209999997, 47.55970119906069], [-81.25765819999998, 47.55999009906073], [-81.25723449999998, 47.56034199906072], [-81.2570493, 47.560531399060665], [-81.25695729999995, 47.56072949906071], [-81.25695889999997, 47.561071399060665], [-81.25713389999999, 47.5615118990607]]}, "properties": {"OBJECTID": 48622978}}, {"type": "Feature", "id": 48623730, "geometry": {"type": "LineString", "coordinates": [[-81.33504449999998, 48.46815069906388], [-81.33572369999996, 48.46815139906387]]}, "properties": {"OBJECTID": 48623730}}, {"type": "Feature", "id": 48624658, "geometry": {"type": "LineString", "coordinates": [[-81.29820709999996, 48.47554529906392], [-81.2980293, 48.4760839990639], [-81.29793889999996, 48.4763491990639]]}, "properties": {"OBJECTID": 48624658}}, {"type": "Feature", "id": 48628098, "geometry": {"type": "LineString", "coordinates": [[-81.42213649999997, 48.50210039906401], [-81.4308815, 48.504757199064024], [-81.44254179999996, 48.50831149906408], [-81.4433426, 48.508533299064034], [-81.44369469999998, 48.50854999906403]]}, "properties": {"OBJECTID": 48628098}}, {"type": "Feature", "id": 48633138, "geometry": {"type": "LineString", "coordinates": [[-82.24230849999998, 48.12765489906259], [-82.24243179999996, 48.127752499062595], [-82.24274149999997, 48.12833399906255], [-82.24278769999995, 48.12857639906261], [-82.24279459999997, 48.128864299062585], [-82.24267939999999, 48.129657299062586], [-82.24267309999999, 48.12995419906262], [-82.2428918, 48.13122049906261], [-82.24297869999998, 48.131480499062576], [-82.2431042, 48.131667999062614], [-82.24344769999999, 48.13197919906261], [-82.24362499999995, 48.132085299062595], [-82.24380539999999, 48.13231729906258]]}, "properties": {"OBJECTID": 48633138}}, {"type": "Feature", "id": 48635810, "geometry": {"type": "LineString", "coordinates": [[-81.16346849999996, 48.49606469906401], [-81.16140809999996, 48.496092199063995]]}, "properties": {"OBJECTID": 48635810}}, {"type": "Feature", "id": 48652706, "geometry": {"type": "LineString", "coordinates": [[-81.32071509999997, 48.488842299063975], [-81.32241979999998, 48.48886689906395], [-81.32247279999996, 48.488874899063994], [-81.3225362, 48.48890079906395], [-81.32258059999998, 48.48894059906398], [-81.3225981, 48.48901559906396], [-81.32258519999999, 48.48943219906394], [-81.32255139999995, 48.489495699063966], [-81.322495, 48.48954349906396], [-81.32241019999998, 48.48958029906394], [-81.3223117, 48.489596099063974], [-81.32071969999998, 48.489579999064]]}, "properties": {"OBJECTID": 48652706}}, {"type": "Feature", "id": 48653890, "geometry": {"type": "LineString", "coordinates": [[-81.2785144, 48.44804299906382], [-81.2805257, 48.44864069906377], [-81.2808422, 48.44872129906383], [-81.2811997, 48.4487881990638]]}, "properties": {"OBJECTID": 48653890}}, {"type": "Feature", "id": 48660450, "geometry": {"type": "LineString", "coordinates": [[-81.33231609999996, 48.65263219906465], [-81.33223529999998, 48.65274029906462], [-81.33176829999996, 48.65399219906464], [-81.3305259, 48.65710839906466], [-81.33013969999996, 48.65826099906468], [-81.32998219999996, 48.65910709906467], [-81.32997449999999, 48.659997799064705], [-81.33012979999995, 48.66091489906468], [-81.34776579999999, 48.71156519906488], [-81.3479494, 48.71257219906489], [-81.34792929999998, 48.7135887990649], [-81.34783749999997, 48.71408389906493], [-81.34753139999998, 48.715038399064916], [-81.34707549999996, 48.71595739906492], [-81.34566379999995, 48.718255599064925], [-81.34540879999997, 48.71873319906494], [-81.34522179999999, 48.71921949906491], [-81.3451164, 48.71971459906493], [-81.345079, 48.72021849906496], [-81.34512329999995, 48.72072219906492], [-81.34522179999999, 48.721207699064955], [-81.34538809999998, 48.72167499906493], [-81.3456223, 48.722115099064915], [-81.34591079999996, 48.72254599906495], [-81.3465827, 48.72338059906496], [-81.35341069999998, 48.731483299065], [-81.35371279999998, 48.73189619906495], [-81.35419479999996, 48.73275839906499], [-81.35437479999996, 48.733207599064976], [-81.35510209999995, 48.736075099065026], [-81.35832959999999, 48.750062999065044], [-81.36206419999996, 48.76619019906515], [-81.3628051, 48.77081179906518], [-81.36364839999999, 48.77639559906516]]}, "properties": {"OBJECTID": 48660450}}, {"type": "Feature", "id": 48661874, "geometry": {"type": "LineString", "coordinates": [[-81.32484979999998, 48.470895299063876], [-81.3248064, 48.47207829906389]]}, "properties": {"OBJECTID": 48661874}}, {"type": "Feature", "id": 48662674, "geometry": {"type": "LineString", "coordinates": [[-84.53762069999999, 48.35813839906345], [-84.53772299999997, 48.358536399063475], [-84.53786919999999, 48.358863499063474], [-84.53799279999998, 48.359100099063454], [-84.5381974, 48.359338399063446], [-84.53885399999996, 48.35972129906348], [-84.53893449999998, 48.359732099063464], [-84.53922419999998, 48.35988219906344], [-84.53999349999998, 48.360168599063435], [-84.54052569999999, 48.36033299906345], [-84.5414485, 48.36051469906344], [-84.5420398, 48.360572299063435], [-84.54233649999998, 48.36057859906342]]}, "properties": {"OBJECTID": 48662674}}, {"type": "Feature", "id": 48665202, "geometry": {"type": "LineString", "coordinates": [[-84.77837069999998, 47.9963186990621], [-84.7784355, 47.9963242990621], [-84.77853549999998, 47.99632899906208], [-84.7786092, 47.99633849906212], [-84.7786759, 47.99636229906213], [-84.77878769999995, 47.996431299062124], [-84.77893279999995, 47.996528899062135], [-84.77917079999997, 47.996669299062106], [-84.77928029999998, 47.99671929906207]]}, "properties": {"OBJECTID": 48665202}}, {"type": "Feature", "id": 48667058, "geometry": {"type": "LineString", "coordinates": [[-81.20118159999998, 48.494063799064016], [-81.19938969999998, 48.494082399063984]]}, "properties": {"OBJECTID": 48667058}}, {"type": "Feature", "id": 48667090, "geometry": {"type": "LineString", "coordinates": [[-81.89653129999999, 48.17609189906274], [-81.89667099999997, 48.17638769906276], [-81.89705559999999, 48.176843499062755], [-81.89752009999995, 48.17725379906275], [-81.8976965, 48.177342399062766]]}, "properties": {"OBJECTID": 48667090}}, {"type": "Feature", "id": 48671058, "geometry": {"type": "LineString", "coordinates": [[-81.59074869999995, 48.12565359906256], [-81.59048039999999, 48.12569089906254], [-81.58970139999997, 48.12573089906256], [-81.58910979999996, 48.12569799906254], [-81.5888008, 48.12570849906258], [-81.58478559999998, 48.12714159906257], [-81.58406169999995, 48.12730719906257], [-81.58242859999996, 48.12787329906259], [-81.5821479, 48.12800969906255], [-81.5814823, 48.12857089906255], [-81.58077599999996, 48.129096299062574], [-81.58053569999998, 48.12924139906257], [-81.57962499999996, 48.12952489906259], [-81.57933069999996, 48.12964339906257], [-81.57907689999996, 48.12977959906256], [-81.57862439999997, 48.130177799062565], [-81.5783308, 48.1303591990626], [-81.57802299999997, 48.13047769906259], [-81.57724559999997, 48.13067059906259], [-81.576684, 48.13092529906257], [-81.57574649999998, 48.131217899062584], [-81.57549169999999, 48.131264199062606], [-81.57523629999997, 48.131265399062585], [-81.57471089999996, 48.13115109906257], [-81.57442849999995, 48.13113449906258], [-81.57420049999996, 48.13118059906261], [-81.57335749999999, 48.131508699062614], [-81.57294149999996, 48.1315647990626], [-81.57265889999996, 48.13153919906259], [-81.5722963, 48.13155899906261], [-81.57205489999996, 48.13160519906259], [-81.57155939999996, 48.13176959906261], [-81.57127929999996, 48.131959899062586], [-81.57092109999996, 48.13238459906258], [-81.57074799999998, 48.13252939906258], [-81.57017309999998, 48.13280219906258], [-81.5687034, 48.13359219906259], [-81.56846379999996, 48.13380029906259], [-81.5679189, 48.1343607990626], [-81.56733269999995, 48.13483159906262], [-81.56649469999996, 48.13562739906262], [-81.5655491, 48.13642379906263], [-81.56529649999999, 48.13667699906261], [-81.56493639999997, 48.13693069906264], [-81.56472259999998, 48.13704869906263], [-81.56445479999996, 48.137139999062626], [-81.564146, 48.13717749906259], [-81.56344709999996, 48.13718089906261], [-81.56269399999996, 48.137148599062634], [-81.56102759999999, 48.13717469906259], [-81.55790829999995, 48.13709099906258], [-81.55624239999997, 48.1371709990626], [-81.55504559999997, 48.137122799062624], [-81.55190049999999, 48.13713799906264], [-81.5514968, 48.13709489906261], [-81.55111949999997, 48.13700669906261]]}, "properties": {"OBJECTID": 48671058}}, {"type": "Feature", "id": 48683490, "geometry": {"type": "LineString", "coordinates": [[-81.22001339999997, 48.47721799906394], [-81.21984459999999, 48.47782499906389]]}, "properties": {"OBJECTID": 48683490}}, {"type": "Feature", "id": 48683906, "geometry": {"type": "LineString", "coordinates": [[-83.40282919999999, 47.83895629906154], [-83.40179089999998, 47.83917309906158], [-83.40173729999998, 47.839192499061575], [-83.4016987, 47.83921869906156]]}, "properties": {"OBJECTID": 48683906}}, {"type": "Feature", "id": 48686194, "geometry": {"type": "LineString", "coordinates": [[-80.92161519999996, 48.60904849906446], [-80.9215529, 48.6142391990645], [-80.92154679999999, 48.618161599064486]]}, "properties": {"OBJECTID": 48686194}}, {"type": "Feature", "id": 48691794, "geometry": {"type": "LineString", "coordinates": [[-82.23920599999997, 47.98681739906205], [-82.23706819999995, 47.98821699906208], [-82.23639689999999, 47.98872809906206], [-82.23620149999999, 47.98896419906205], [-82.23591719999996, 47.98940809906211], [-82.2349413, 47.991200099062084], [-82.23473249999995, 47.99143619906207], [-82.23446899999999, 47.991627999062125], [-82.2326137, 47.99252069906206], [-82.23192669999997, 47.992941999062104], [-82.2316371, 47.99316099906211], [-82.23151989999997, 47.99330619906208], [-82.2313787, 47.9935686990621], [-82.23099259999998, 47.9948053990621], [-82.23054389999999, 47.9973564990621], [-82.22996359999996, 48.000016999062105], [-82.22972469999996, 48.001243199062145], [-82.22951089999998, 48.00183929906213], [-82.22933059999997, 48.00214709906211], [-82.22917419999999, 48.0023376990621], [-82.22881899999999, 48.00262049906215], [-82.22852839999996, 48.00280349906214], [-82.22831879999995, 48.003012699062104], [-82.22707599999995, 48.00487939906217], [-82.22689629999996, 48.005214299062146], [-82.2262725, 48.00661549906212], [-82.2258377, 48.00750189906215], [-82.22557619999998, 48.00835049906213], [-82.22506349999998, 48.00934559906214], [-82.2245699, 48.01001669906213], [-82.2239677, 48.010634899062154], [-82.22352379999995, 48.011143499062136], [-82.2226159, 48.01243979906217], [-82.22195209999995, 48.01329259906214], [-82.22166399999998, 48.01358359906214], [-82.22133499999995, 48.01384799906214], [-82.22096519999997, 48.01408589906214], [-82.22012949999998, 48.014472699062146], [-82.21926459999997, 48.01476079906219], [-82.21826319999997, 48.01494239906214], [-82.21721959999996, 48.01504339906218], [-82.21668359999995, 48.015058099062166], [-82.21522119999997, 48.01502859906219], [-82.2146985, 48.015043099062154], [-82.21411009999997, 48.015112299062146], [-82.2136294, 48.01519829906215], [-82.2131627, 48.0153111990622], [-82.21272369999997, 48.01545979906218], [-82.21233869999998, 48.01562589906217], [-82.2119811, 48.01581859906218], [-82.2113071, 48.01623959906215], [-82.21090909999998, 48.016423699062166], [-82.21048359999998, 48.01658109906215], [-82.21004349999998, 48.01668479906216], [-82.20913479999996, 48.01682029906216], [-82.20442749999995, 48.01738259906218], [-82.20211549999999, 48.017730699062184], [-82.2016754, 48.01783429906216], [-82.20128969999996, 48.01797329906216], [-82.2002167, 48.0185422990622], [-82.19995369999998, 48.01876999906219], [-82.19967889999998, 48.01906079906221], [-82.1989615, 48.01993199906222], [-82.19871169999999, 48.02015059906218], [-82.1984195, 48.02027059906215], [-82.19714699999997, 48.020337899062184], [-82.19580839999998, 48.02045079906221], [-82.19091639999999, 48.02116739906219], [-82.1887501, 48.021441799062224], [-82.18824389999997, 48.02159099906219], [-82.18719019999997, 48.02184479906216], [-82.18566599999997, 48.02204949906221], [-82.18458509999999, 48.02228559906221], [-82.18414569999999, 48.02242499906217], [-82.1834556, 48.02274709906218], [-82.18305889999999, 48.02299409906219], [-82.1827295, 48.02324939906218], [-82.18237569999997, 48.02361289906221], [-82.18201109999995, 48.02409349906223], [-82.18185799999998, 48.024436999062225], [-82.1817911, 48.025031499062194], [-82.1816776, 48.025347599062215], [-82.18149569999997, 48.02560139906221], [-82.18030069999998, 48.02672039906224], [-82.18000999999998, 48.026912299062246], [-82.1784566, 48.02761199906222], [-82.17692779999999, 48.02821249906221], [-82.17569249999997, 48.0287469990622], [-82.1748814, 48.0290611990622], [-82.17230649999999, 48.029672399062235], [-82.17189399999995, 48.029820499062225], [-82.17058649999996, 48.0301307990622], [-82.17007809999996, 48.030189899062236], [-82.16961079999999, 48.03028469906226], [-82.1692764, 48.03032409906224], [-82.16867329999997, 48.03034819906225], [-82.16630829999997, 48.030165299062226], [-82.16229919999995, 48.029639099062194], [-82.16130279999999, 48.02946919906219], [-82.1603192, 48.02927219906224], [-82.1574415, 48.02895039906223], [-82.15694489999998, 48.02893739906221], [-82.15643569999997, 48.028960499062244], [-82.15486969999995, 48.02911119906225], [-82.15375799999998, 48.029185399062214], [-82.15205609999998, 48.02925639906222], [-82.15154789999997, 48.02932449906222], [-82.15034739999999, 48.029624499062216], [-82.14989459999998, 48.0297728990622], [-82.14847219999996, 48.030353999062264], [-82.14667559999998, 48.03099279906225], [-82.14631709999998, 48.03115829906222], [-82.14442379999997, 48.032283799062235], [-82.14354879999996, 48.03275139906219], [-82.14215329999996, 48.03334109906224], [-82.14122139999995, 48.03366529906221], [-82.13946279999999, 48.03421359906226], [-82.13855609999996, 48.03446549906223], [-82.1349945, 48.035382499062244], [-82.13316949999995, 48.03596739906223], [-82.12825569999995, 48.037635199062244], [-82.12785679999996, 48.03780109906225], [-82.12745909999995, 48.03802089906228], [-82.1269565, 48.03834979906228], [-82.12640299999998, 48.03880509906228], [-82.1262456, 48.038968599062265], [-82.1260605, 48.03909629906228], [-82.12428339999997, 48.04066129906224], [-82.12358439999997, 48.04121699906226], [-82.12287019999997, 48.04169179906227], [-82.12084449999998, 48.04293519906229], [-82.12015709999997, 48.04340979906227], [-82.11986739999998, 48.043664499062274], [-82.1189397, 48.04481619906228], [-82.11869299999995, 48.04519649906229], [-82.1186318, 48.04546699906229], [-82.11866549999996, 48.04640239906229], [-82.1186568, 48.04786009906229], [-82.11862429999996, 48.04822029906229], [-82.11852319999997, 48.04850919906227], [-82.11789779999998, 48.049369999062286], [-82.11704789999999, 48.050403999062276], [-82.11575819999996, 48.052197999062315], [-82.11419049999995, 48.05479539906233], [-82.11343599999998, 48.05590039906234], [-82.1131742, 48.056208799062325], [-82.1120573, 48.05731729906232], [-82.11037779999998, 48.05909699906233], [-82.11008779999997, 48.05934269906231], [-82.10941309999998, 48.059799099062325], [-82.1091227, 48.06002689906233], [-82.10895389999996, 48.06028939906236], [-82.10875999999996, 48.0612629990623], [-82.10852029999995, 48.06197609906235], [-82.10803279999999, 48.06302449906235], [-82.10777769999999, 48.06364769906236], [-82.1077042, 48.063972299062364], [-82.10769849999997, 48.064332299062386], [-82.10753389999996, 48.06542249906234], [-82.10688139999996, 48.06754319906238], [-82.10682359999998, 48.06797559906235], [-82.10679399999998, 48.06910059906235], [-82.10672009999996, 48.07003699906235], [-82.10663619999997, 48.07050569906236], [-82.10624379999996, 48.071616099062375], [-82.10609489999996, 48.07218439906239], [-82.1060501, 48.07259869906237], [-82.1061105, 48.072912999062375], [-82.1062379, 48.0732176990624], [-82.10644479999996, 48.07347659906239], [-82.10658159999997, 48.07359219906235], [-82.10749319999996, 48.074159299062366], [-82.10867889999997, 48.07498459906241], [-82.10903239999999, 48.075188099062416], [-82.10981859999998, 48.07554039906238], [-82.11071149999998, 48.075855699062394], [-82.11106419999999, 48.07602319906236], [-82.1113641, 48.076236299062366], [-82.1119397, 48.07677949906242], [-82.11268369999999, 48.077662999062404], [-82.11290549999995, 48.0779847990624], [-82.11314339999996, 48.078432299062406], [-82.11331899999999, 48.07910539906238], [-82.11339019999997, 48.07991449906241], [-82.1132682, 48.0804824990624], [-82.11315279999997, 48.08073559906241], [-82.11294349999997, 48.080989499062426], [-82.11159449999997, 48.08194729906241], [-82.111291, 48.08219309906243], [-82.11079329999995, 48.08277379906243], [-82.11059869999997, 48.083090599062444], [-82.11027839999997, 48.08380439906241], [-82.11023009999997, 48.08405679906243], [-82.11027109999998, 48.084713199062406], [-82.11054579999995, 48.086249099062435], [-82.11088539999997, 48.08767639906243]]}, "properties": {"OBJECTID": 48691794}}, {"type": "Feature", "id": 48691922, "geometry": {"type": "LineString", "coordinates": [[-81.66784209999997, 47.747000799061276], [-81.66474199999999, 47.746595999061256], [-81.66406109999997, 47.74655489906129], [-81.66267389999996, 47.746571899061294], [-81.65850339999997, 47.74697379906129], [-81.64368719999999, 47.748479499061276], [-81.64226099999996, 47.74858649906131], [-81.64154099999996, 47.74861749906128], [-81.63936619999998, 47.74860259906127], [-81.63793769999995, 47.748520599061266], [-81.6352268, 47.748301699061265], [-81.63418059999998, 47.74819409906127], [-81.6297452, 47.74794529906127], [-81.62887919999997, 47.74800769906126], [-81.62822869999997, 47.74811029906125], [-81.62752499999999, 47.74832999906126], [-81.62651339999996, 47.74873939906129], [-81.62557069999997, 47.74920299906128], [-81.6251039, 47.74951539906126], [-81.62475689999997, 47.74979549906125], [-81.62442819999995, 47.75012789906124], [-81.62416209999998, 47.7504781990613], [-81.62356719999997, 47.75163749906127], [-81.62340799999998, 47.75200249906127], [-81.62266319999998, 47.754242499061306], [-81.62238859999997, 47.75487729906131], [-81.62217759999999, 47.75527209906128], [-81.62195739999999, 47.75558419906131], [-81.62172549999997, 47.75586139906129], [-81.62146669999998, 47.75611589906128], [-81.62121659999997, 47.75632979906128], [-81.62095089999997, 47.756529199061305], [-81.6207349, 47.7566738990613], [-81.62010379999998, 47.75704869906133], [-81.61935639999996, 47.757439299061325], [-81.61096449999997, 47.76125509906132], [-81.61035429999998, 47.761564199061304], [-81.60924139999997, 47.76225389906132], [-81.6087387, 47.76263449906135], [-81.60785429999999, 47.76345799906132], [-81.6070636, 47.76431689906135], [-81.60662779999996, 47.764715099061355], [-81.60613849999999, 47.765095599061304], [-81.60559519999998, 47.76543139906133], [-81.60501149999999, 47.76573139906135], [-81.59514689999997, 47.770209799061355], [-81.58936919999996, 47.77268699906136], [-81.5880947, 47.77329629906135], [-81.58751129999996, 47.77364119906138], [-81.58695489999997, 47.774012999061355], [-81.58643869999997, 47.77440249906136], [-81.58329299999997, 47.77717179906136], [-81.58247469999998, 47.778003699061344], [-81.58183069999995, 47.77890679906136], [-81.58156879999996, 47.779366999061395], [-81.58119219999998, 47.78030459906138], [-81.58106399999997, 47.780782099061376], [-81.58091489999998, 47.781781599061404]]}, "properties": {"OBJECTID": 48691922}}, {"type": "Feature", "id": 48694914, "geometry": {"type": "LineString", "coordinates": [[-81.29638839999996, 48.47612899906392], [-81.29793889999996, 48.4763491990639]]}, "properties": {"OBJECTID": 48694914}}, {"type": "Feature", "id": 48695154, "geometry": {"type": "LineString", "coordinates": [[-82.01737109999999, 48.004022099062155], [-82.0132213, 48.00639809906213]]}, "properties": {"OBJECTID": 48695154}}, {"type": "Feature", "id": 48696242, "geometry": {"type": "LineString", "coordinates": [[-81.3432229, 48.48601399906394], [-81.34438839999996, 48.48601129906396], [-81.3443871, 48.48700159906398]]}, "properties": {"OBJECTID": 48696242}}, {"type": "Feature", "id": 48698034, "geometry": {"type": "LineString", "coordinates": [[-81.32828939999996, 48.481241599063935], [-81.32954809999995, 48.48124599906392]]}, "properties": {"OBJECTID": 48698034}}, {"type": "Feature", "id": 48702066, "geometry": {"type": "LineString", "coordinates": [[-81.34742189999997, 48.47756419906391], [-81.3474243, 48.47829289906394]]}, "properties": {"OBJECTID": 48702066}}, {"type": "Feature", "id": 48703250, "geometry": {"type": "LineString", "coordinates": [[-81.73286769999999, 47.671167199061024], [-81.73249649999997, 47.67129549906106], [-81.7295732, 47.672780799061016]]}, "properties": {"OBJECTID": 48703250}}, {"type": "Feature", "id": 48704274, "geometry": {"type": "LineString", "coordinates": [[-83.35954349999997, 47.7530352990613], [-83.35981219999996, 47.75307469906128], [-83.3626549, 47.75308819906131], [-83.36344099999997, 47.75306299906127], [-83.36417169999999, 47.75299399906127], [-83.3645426, 47.752932299061264], [-83.3648705, 47.752808599061304], [-83.36639889999998, 47.7523810990613], [-83.36663519999996, 47.752295299061274], [-83.3670052, 47.75221569906128], [-83.36750889999996, 47.752142299061276], [-83.36874989999995, 47.75214359906128], [-83.36975369999999, 47.75221289906128], [-83.37079639999996, 47.75225429906126], [-83.3716407, 47.75233589906132], [-83.37254159999998, 47.75248819906128], [-83.37332329999998, 47.752660999061305], [-83.37389179999997, 47.752838199061316], [-83.3746931, 47.753145599061305], [-83.37498, 47.753292599061275], [-83.37607879999996, 47.75398069906126], [-83.37612279999996, 47.75406979906129]]}, "properties": {"OBJECTID": 48704274}}, {"type": "Feature", "id": 48708770, "geometry": {"type": "LineString", "coordinates": [[-83.42287969999995, 47.84825749906162], [-83.42272709999997, 47.84871059906158], [-83.42273209999996, 47.84881849906162], [-83.42282889999996, 47.84888839906162], [-83.4246536, 47.84902979906161], [-83.4263158, 47.84912969906163], [-83.42660709999996, 47.84906949906163], [-83.42685409999996, 47.84892029906161], [-83.426943, 47.84881949906163], [-83.42699679999998, 47.848539399061636]]}, "properties": {"OBJECTID": 48708770}}, {"type": "Feature", "id": 48708818, "geometry": {"type": "LineString", "coordinates": [[-83.65623399999998, 47.82335029906152], [-83.66092569999995, 47.821729399061525], [-83.66226619999998, 47.821293399061496], [-83.66293809999996, 47.82110679906149], [-83.6642731, 47.82082389906152], [-83.6649486, 47.820709199061504], [-83.66569269999997, 47.82062889906152], [-83.666492, 47.82058339906152], [-83.66732079999997, 47.82059109906149], [-83.66892909999996, 47.820688699061485], [-83.66970909999998, 47.82078749906148], [-83.6741811, 47.821493199061514], [-83.6755162, 47.82173199906149], [-83.67684609999998, 47.821871999061536], [-83.6801734, 47.822397199061506], [-83.68132129999998, 47.8225541990615], [-83.68146519999999, 47.8225738990615], [-83.6882281, 47.82364849906155], [-83.68846969999998, 47.823669799061506], [-83.68976709999998, 47.82395429906152], [-83.69046849999995, 47.82408179906155], [-83.6922811, 47.82459419906152], [-83.69509799999997, 47.82549389906154], [-83.69586989999999, 47.825691699061565], [-83.69970289999998, 47.82694239906152], [-83.70048859999997, 47.82714879906155], [-83.70126569999996, 47.827445499061525], [-83.70205239999996, 47.827669899061554], [-83.7035017, 47.828301599061554], [-83.7048489, 47.829025799061526], [-83.70545719999996, 47.82941629906157], [-83.70657069999999, 47.830271899061536], [-83.70708889999997, 47.83072759906157], [-83.70798589999998, 47.83178629906157], [-83.7083743, 47.83231699906157], [-83.70877239999999, 47.83277549906156], [-83.70909409999996, 47.83330779906154], [-83.71086779999996, 47.83656839906157], [-83.71121529999999, 47.83708199906154], [-83.71160199999997, 47.83757679906157], [-83.71205449999997, 47.83805199906156], [-83.7125322, 47.83849969906154], [-83.7130482, 47.83891039906158], [-83.71360279999999, 47.83929319906161], [-83.71477499999997, 47.83998529906158], [-83.71655999999996, 47.841148899061565], [-83.71892029999998, 47.84257769906161], [-83.71947399999999, 47.842942499061614], [-83.72598149999999, 47.8469812990616], [-83.7277727, 47.848000599061606], [-83.72838909999996, 47.848282899061594], [-83.72904319999998, 47.8485192990616], [-83.72974829999998, 47.84870949906163], [-83.73047779999996, 47.848854099061626], [-83.731245, 47.848952799061585], [-83.73202269999996, 47.848997299061594], [-83.73282469999998, 47.84899619906163], [-83.73516559999996, 47.84876939906162], [-83.73826079999998, 47.848398599061575], [-83.7399097, 47.84823329906158], [-83.74159049999997, 47.84816609906158], [-83.74242019999997, 47.8481822990616], [-83.74491869999997, 47.84841049906158], [-83.7457493, 47.84844459906163], [-83.7462984, 47.8484934990616], [-83.74996679999998, 47.848820499061624], [-83.75168759999997, 47.84900419906161], [-83.75442999999996, 47.84921219906159], [-83.7626874, 47.849967899061596]]}, "properties": {"OBJECTID": 48708818}}, {"type": "Feature", "id": 48716930, "geometry": {"type": "LineString", "coordinates": [[-80.89148749999998, 48.59517879906443], [-80.89278959999996, 48.5951529990644], [-80.89395589999998, 48.595181099064426], [-80.89765839999995, 48.59518439906443], [-80.89906879999995, 48.59523969906443], [-80.89947569999998, 48.595212999064366], [-80.89992319999999, 48.59521339906441], [-80.90085899999997, 48.59525019906439], [-80.90150999999997, 48.595232799064405], [-80.9017541, 48.59525099906439], [-80.90321879999999, 48.59525219906439], [-80.90334079999997, 48.59527929906439], [-80.90388339999998, 48.59522579906442]]}, "properties": {"OBJECTID": 48716930}}, {"type": "Feature", "id": 48721506, "geometry": {"type": "LineString", "coordinates": [[-81.33570529999997, 48.47538479906392], [-81.33745139999996, 48.475386899063935]]}, "properties": {"OBJECTID": 48721506}}, {"type": "Feature", "id": 48726546, "geometry": {"type": "LineString", "coordinates": [[-81.31707669999997, 48.2652145990631], [-81.31726529999997, 48.2651960990631], [-81.31754839999996, 48.265231299063096], [-81.31842659999995, 48.265597799063094], [-81.31884499999995, 48.26570459906311], [-81.31923609999996, 48.2657664990631], [-81.3197212, 48.26576509906308], [-81.32091839999998, 48.265428899063075], [-81.32136259999999, 48.2653556990631], [-81.32184749999999, 48.265327299063095], [-81.32315349999999, 48.265152699063115], [-81.32447229999997, 48.2648790990631], [-81.32492969999998, 48.264760899063056], [-81.32517099999995, 48.26456219906306], [-81.32529009999996, 48.264219999063094], [-81.32576989999995, 48.263399999063104], [-81.32591709999997, 48.26323759906308], [-81.32603789999996, 48.263156299063105], [-81.32634719999999, 48.26306539906307], [-81.32661679999995, 48.26307369906305], [-81.32715609999997, 48.26313509906306], [-81.32789819999999, 48.26328599906311], [-81.32845169999996, 48.263455299063104], [-81.32866809999996, 48.26358069906309], [-81.32933009999999, 48.263848699063104], [-81.32954589999997, 48.26389299906305], [-81.32974819999998, 48.2639193990631], [-81.3304354, 48.26391749906311], [-81.33071819999998, 48.26388969906311], [-81.3312833, 48.26375309906309], [-81.3314853, 48.263734499063055], [-81.33162019999997, 48.263770099063095], [-81.33179619999999, 48.26388659906309], [-81.33189119999997, 48.26399419906307], [-81.33205479999998, 48.2642996990631], [-81.33211009999997, 48.26450639906309], [-81.33200569999997, 48.26503749906308], [-81.33203449999996, 48.26531639906308], [-81.33211639999996, 48.26547809906306], [-81.33227839999995, 48.26553159906309]]}, "properties": {"OBJECTID": 48726546}}, {"type": "Feature", "id": 48728802, "geometry": {"type": "LineString", "coordinates": [[-83.4102638, 47.84983559906159], [-83.41026369999997, 47.849845099061625], [-83.41024919999995, 47.85053019906162], [-83.41024219999997, 47.85068459906161]]}, "properties": {"OBJECTID": 48728802}}, {"type": "Feature", "id": 48729378, "geometry": {"type": "LineString", "coordinates": [[-81.3478053, 48.49858529906398], [-81.34890669999999, 48.49858949906402]]}, "properties": {"OBJECTID": 48729378}}, {"type": "Feature", "id": 48731202, "geometry": {"type": "LineString", "coordinates": [[-81.33807589999998, 48.479736099063935], [-81.33780259999997, 48.47973669906394]]}, "properties": {"OBJECTID": 48731202}}, {"type": "Feature", "id": 48732994, "geometry": {"type": "LineString", "coordinates": [[-81.33505159999999, 48.50588569906404], [-81.33482149999998, 48.50589529906402]]}, "properties": {"OBJECTID": 48732994}}, {"type": "Feature", "id": 48736418, "geometry": {"type": "LineString", "coordinates": [[-81.33569179999995, 48.47610559906393], [-81.33563629999998, 48.47678169906389]]}, "properties": {"OBJECTID": 48736418}}, {"type": "Feature", "id": 48736578, "geometry": {"type": "LineString", "coordinates": [[-81.33203689999999, 48.46744679906386], [-81.33204189999998, 48.46858139906385]]}, "properties": {"OBJECTID": 48736578}}, {"type": "Feature", "id": 48748898, "geometry": {"type": "LineString", "coordinates": [[-81.3271474, 48.46408699906385], [-81.32714189999996, 48.46524309906386]]}, "properties": {"OBJECTID": 48748898}}, {"type": "Feature", "id": 48750610, "geometry": {"type": "LineString", "coordinates": [[-81.3350777, 48.48332089906394], [-81.33443089999997, 48.483329199063924]]}, "properties": {"OBJECTID": 48750610}}, {"type": "Feature", "id": 48754338, "geometry": {"type": "LineString", "coordinates": [[-82.3191994, 48.22380539906291], [-82.32047939999995, 48.224366599062904], [-82.32159899999999, 48.22496549906291], [-82.32265489999997, 48.22570909906293], [-82.32332959999997, 48.22628609906296], [-82.3271838, 48.230056499062975]]}, "properties": {"OBJECTID": 48754338}}, {"type": "Feature", "id": 48755618, "geometry": {"type": "LineString", "coordinates": [[-81.44102219999996, 47.987787899062056], [-81.44106569999997, 47.988183599062076], [-81.441303, 47.989289399062095], [-81.44124449999998, 47.99028829906209], [-81.44126399999999, 47.991007999062084], [-81.44135009999997, 47.99167349906212], [-81.44147349999997, 47.991987899062096], [-81.44177349999995, 47.992589499062085], [-81.4421706, 47.99357769906208], [-81.44239109999995, 47.9942785990621], [-81.44263659999996, 47.994772499062094], [-81.4429217, 47.99519429906211], [-81.44339769999999, 47.99599319906213], [-81.44376359999995, 47.996459699062086], [-81.44400669999999, 47.99667469906211], [-81.44491039999997, 47.99731899906208], [-81.44519389999999, 47.99755179906209], [-81.4456131, 47.99797299906209], [-81.44583, 47.99825109906209], [-81.44599319999998, 47.99852939906208], [-81.44618549999996, 47.99905949906214], [-81.44634859999996, 47.99931979906213], [-81.4465783, 47.999525799062106], [-81.446888, 47.99969559906209], [-81.44727819999997, 47.99985599906213], [-81.44800369999996, 48.00004209906213], [-81.45095849999996, 48.000678299062095], [-81.45192499999996, 48.00081849906213], [-81.45244809999997, 48.00085239906214], [-81.45522209999996, 48.00073349906213], [-81.45648269999998, 48.000791499062146], [-81.45684459999995, 48.00078099906211], [-81.4573527, 48.0006350990621], [-81.45909009999997, 48.00003429906214], [-81.45998579999997, 47.9997517990621], [-81.46098919999997, 47.99952289906214], [-81.462808, 47.99903869906212], [-81.46328969999996, 47.99893779906211], [-81.46488369999997, 47.998796399062094], [-81.4671884, 47.998688099062136], [-81.46826069999997, 47.99866569906209], [-81.46906439999998, 47.998599499062095], [-81.47154029999996, 47.998148499062104], [-81.47409689999995, 47.99774209906212], [-81.47729699999996, 47.99734189906212], [-81.48119249999996, 47.9967587990621], [-81.4834141, 47.996380599062086], [-81.48710719999997, 47.995672199062085], [-81.48994489999995, 47.9952462990621], [-81.49085549999995, 47.99515239906208], [-81.4912443, 47.995159799062094], [-81.49156669999996, 47.9952303990621], [-81.49183579999999, 47.99533719906208], [-81.49325019999998, 47.996059899062125], [-81.4942734, 47.996532399062126], [-81.49595549999998, 47.997208899062116], [-81.4989167, 47.9984646990621], [-81.50000639999996, 47.99886479906212], [-81.500921, 47.99917569906212], [-81.50203669999996, 47.9994857990621], [-81.50256109999998, 47.99965439906209], [-81.5034761, 48.000001299062106], [-81.50436499999995, 48.00042929906211], [-81.50552419999997, 48.00107199906212], [-81.50661509999998, 48.00157999906215], [-81.50794729999996, 48.0020959990621], [-81.50880819999998, 48.002389099062114], [-81.50968309999996, 48.00274509906213], [-81.5106654, 48.00310959906213], [-81.51104149999998, 48.00318889906211], [-81.51332199999996, 48.00332269906212], [-81.5146494, 48.00333479906212], [-81.51593699999995, 48.00339199906212], [-81.51848439999998, 48.00340749906214], [-81.51892699999996, 48.00343249906215], [-81.5196115, 48.00351039906215], [-81.52001489999998, 48.003625499062096], [-81.5202572, 48.003723399062125], [-81.52058089999997, 48.00391979906211], [-81.5219189, 48.00498439906213], [-81.52274209999996, 48.00551149906212], [-81.5250193, 48.00663479906215], [-81.52537039999999, 48.00688509906215], [-81.525668, 48.00714469906215], [-81.52619869999995, 48.00790699906218], [-81.52666019999998, 48.00846269906213], [-81.52695829999999, 48.00876729906218], [-81.52726889999997, 48.008990799062175], [-81.52764639999998, 48.00918699906212], [-81.52821139999998, 48.00937329906218], [-81.52896389999995, 48.00953179906219], [-81.5294212, 48.00967359906216]]}, "properties": {"OBJECTID": 48755618}}, {"type": "Feature", "id": 48756978, "geometry": {"type": "LineString", "coordinates": [[-81.17215019999998, 48.494083499064004], [-81.17213989999999, 48.49496919906399]]}, "properties": {"OBJECTID": 48756978}}, {"type": "Feature", "id": 48763042, "geometry": {"type": "LineString", "coordinates": [[-81.21039439999998, 48.47869799906391], [-81.20846939999996, 48.478698399063944]]}, "properties": {"OBJECTID": 48763042}}, {"type": "Feature", "id": 48764274, "geometry": {"type": "LineString", "coordinates": [[-81.79143929999998, 48.27513689906312], [-81.79185839999997, 48.275223999063144], [-81.79415869999997, 48.27581099906313], [-81.79501059999996, 48.275993999063125], [-81.79583409999998, 48.2760782990631], [-81.79660239999998, 48.27608199906312], [-81.79767979999997, 48.276029499063156], [-81.7978956, 48.27603699906312], [-81.79834139999997, 48.27610589906312]]}, "properties": {"OBJECTID": 48764274}}, {"type": "Feature", "id": 48764610, "geometry": {"type": "LineString", "coordinates": [[-81.97991879999995, 48.229042399062955], [-81.9790812, 48.22889659906297], [-81.97881139999998, 48.22887189906294], [-81.97790949999995, 48.22888859906293], [-81.97739959999996, 48.22898289906292], [-81.9771725, 48.229074799062964], [-81.97699929999999, 48.22917529906293], [-81.97653479999997, 48.22953009906296], [-81.9764298, 48.22967489906295], [-81.97637529999997, 48.23035019906297]]}, "properties": {"OBJECTID": 48764610}}, {"type": "Feature", "id": 48765554, "geometry": {"type": "LineString", "coordinates": [[-83.21492029999996, 47.55320409906066], [-83.21281089999997, 47.556772299060704], [-83.21221199999997, 47.55770169906066], [-83.21093439999999, 47.55956199906069], [-83.2106493, 47.56005339906068], [-83.2101892, 47.56112409906069], [-83.2100787, 47.561657099060724], [-83.21011429999999, 47.562187399060704], [-83.210758, 47.5651623990607], [-83.21085169999998, 47.565808499060694], [-83.21102239999999, 47.56639009906072], [-83.21220309999995, 47.57200939906071], [-83.21252149999998, 47.573253999060746], [-83.21273399999995, 47.57387979906076], [-83.21285089999998, 47.57412949906073]]}, "properties": {"OBJECTID": 48765554}}, {"type": "Feature", "id": 48766930, "geometry": {"type": "LineString", "coordinates": [[-81.33780559999997, 48.48433119906397], [-81.33778429999995, 48.485194899063934]]}, "properties": {"OBJECTID": 48766930}}, {"type": "Feature", "id": 48780290, "geometry": {"type": "LineString", "coordinates": [[-81.34891959999999, 48.496307099064], [-81.35220939999999, 48.49632359906401]]}, "properties": {"OBJECTID": 48780290}}, {"type": "Feature", "id": 48781874, "geometry": {"type": "LineString", "coordinates": [[-81.3609083, 48.4804837990639], [-81.36090229999996, 48.48102989906391], [-81.36090529999996, 48.481116899063935], [-81.36092329999997, 48.48117989906394], [-81.3609563, 48.48122499906391], [-81.36100429999999, 48.48125799906393], [-81.36107629999998, 48.481272999063954], [-81.36146339999999, 48.48127599906395], [-81.36152039999996, 48.48127599906395], [-81.36157739999999, 48.48128499906393], [-81.36163139999996, 48.48130599906393], [-81.3616644, 48.48133899906396], [-81.36169739999997, 48.48139899906391], [-81.3617094, 48.48146199906394], [-81.36171539999998, 48.48216409906396]]}, "properties": {"OBJECTID": 48781874}}, {"type": "Feature", "id": 48784338, "geometry": {"type": "LineString", "coordinates": [[-81.33500369999996, 48.52325779906409], [-81.33497839999995, 48.529690299064136], [-81.3350001, 48.53093179906414], [-81.33494199999996, 48.53444049906415]]}, "properties": {"OBJECTID": 48784338}}, {"type": "Feature", "id": 48784370, "geometry": {"type": "LineString", "coordinates": [[-81.3403078, 48.46582169906389], [-81.3403212, 48.46679349906385], [-81.34032299999996, 48.46687079906389], [-81.34031729999998, 48.46694789906389], [-81.34030419999999, 48.46702469906388]]}, "properties": {"OBJECTID": 48784370}}, {"type": "Feature", "id": 48787234, "geometry": {"type": "LineString", "coordinates": [[-81.33905659999999, 48.45882249906381], [-81.33903019999997, 48.45892149906385], [-81.33886899999999, 48.45909299906381], [-81.33634159999997, 48.460356099063844], [-81.33614369999998, 48.460454699063845], [-81.33602919999998, 48.460543699063834], [-81.33594009999996, 48.46064559906384], [-81.3358849, 48.46073039906386], [-81.33574489999995, 48.46097069906385]]}, "properties": {"OBJECTID": 48787234}}, {"type": "Feature", "id": 48788514, "geometry": {"type": "LineString", "coordinates": [[-84.22049619999996, 47.70327689906116], [-84.22422069999999, 47.70343009906116]]}, "properties": {"OBJECTID": 48788514}}, {"type": "Feature", "id": 48789314, "geometry": {"type": "LineString", "coordinates": [[-81.364623, 48.481509699063906], [-81.36402549999997, 48.481960699063926], [-81.36401609999996, 48.48196899906396], [-81.3640062, 48.48197709906391], [-81.36399599999999, 48.481984999063926], [-81.36398539999999, 48.48199259906393], [-81.36397439999996, 48.48199999906395], [-81.36396299999996, 48.48200709906394], [-81.3639513, 48.48201399906397], [-81.36393929999997, 48.48202059906392], [-81.36392689999997, 48.48202689906396], [-81.36391419999995, 48.48203299906392], [-81.36390119999999, 48.482038799063915], [-81.36388789999995, 48.48204429906396], [-81.36387429999996, 48.48204949906393], [-81.36387069999995, 48.482050699063926], [-81.36386049999999, 48.48205429906392], [-81.3638446, 48.48205819906395], [-81.36382839999999, 48.48206169906395], [-81.363812, 48.48206489906393], [-81.36380129999998, 48.48206669906393], [-81.36379549999998, 48.482067699063926], [-81.3637789, 48.482070099063954], [-81.3637622, 48.48207219906392], [-81.36374539999997, 48.482073899063955], [-81.36372849999998, 48.48207529906393], [-81.36371149999997, 48.482076299063934], [-81.36369449999995, 48.48207689906395], [-81.3636775, 48.48207709906394], [-81.36324929999995, 48.48208089906394]]}, "properties": {"OBJECTID": 48789314}}, {"type": "Feature", "id": 48789698, "geometry": {"type": "LineString", "coordinates": [[-80.9000471, 48.56679429906429], [-80.89625159999997, 48.566853899064284], [-80.8936354, 48.56692349906429], [-80.89336429999997, 48.56693219906426]]}, "properties": {"OBJECTID": 48789698}}, {"type": "Feature", "id": 48789714, "geometry": {"type": "LineString", "coordinates": [[-81.33747549999998, 48.46746679906387], [-81.3374819, 48.468165499063865]]}, "properties": {"OBJECTID": 48789714}}, {"type": "Feature", "id": 48793314, "geometry": {"type": "LineString", "coordinates": [[-81.21315139999996, 48.48226279906392], [-81.21315759999999, 48.48298999906396]]}, "properties": {"OBJECTID": 48793314}}, {"type": "Feature", "id": 48795874, "geometry": {"type": "LineString", "coordinates": [[-81.1656223, 48.49510759906399], [-81.16344329999998, 48.49517369906399]]}, "properties": {"OBJECTID": 48795874}}, {"type": "Feature", "id": 48796418, "geometry": {"type": "LineString", "coordinates": [[-81.33745949999997, 48.46580479906385], [-81.33746639999998, 48.46654049906387]]}, "properties": {"OBJECTID": 48796418}}, {"type": "Feature", "id": 48797906, "geometry": {"type": "LineString", "coordinates": [[-81.1934076, 48.49201019906401], [-81.19385249999999, 48.49242119906398]]}, "properties": {"OBJECTID": 48797906}}, {"type": "Feature", "id": 48799010, "geometry": {"type": "LineString", "coordinates": [[-81.3308313, 48.481242799063935], [-81.32954809999995, 48.48124599906392]]}, "properties": {"OBJECTID": 48799010}}, {"type": "Feature", "id": 48799506, "geometry": {"type": "LineString", "coordinates": [[-84.54796269999997, 47.84774609906156], [-84.54757949999998, 47.8479357990616], [-84.54737109999996, 47.84810229906164], [-84.5466854, 47.84875359906159], [-84.54645109999996, 47.84890149906159], [-84.54579949999999, 47.849112499061626], [-84.5452047, 47.849252799061624], [-84.54464619999999, 47.849474799061575]]}, "properties": {"OBJECTID": 48799506}}, {"type": "Feature", "id": 48814050, "geometry": {"type": "LineString", "coordinates": [[-81.72594939999999, 47.67468429906105], [-81.72502369999995, 47.67517599906104]]}, "properties": {"OBJECTID": 48814050}}, {"type": "Feature", "id": 48815330, "geometry": {"type": "LineString", "coordinates": [[-81.35680979999995, 48.478598799063946], [-81.35803019999997, 48.47860259906395]]}, "properties": {"OBJECTID": 48815330}}, {"type": "Feature", "id": 48816722, "geometry": {"type": "LineString", "coordinates": [[-81.28437009999999, 48.48047219906392], [-81.28317219999997, 48.48162669906397], [-81.2827423, 48.48220349906395], [-81.28249999999997, 48.48241999906397], [-81.28173129999999, 48.48290769906392], [-81.28115119999995, 48.48323299906395], [-81.28081429999997, 48.48347669906396], [-81.28011289999995, 48.48390129906392], [-81.27945239999997, 48.48437069906393], [-81.27685349999996, 48.486742999063985], [-81.27650269999998, 48.48694179906395], [-81.27621919999996, 48.48706839906393], [-81.27573509999996, 48.48721259906396]]}, "properties": {"OBJECTID": 48816722}}, {"type": "Feature", "id": 48817762, "geometry": {"type": "LineString", "coordinates": [[-81.21541229999997, 48.47651449906391], [-81.21541759999997, 48.475952999063885], [-81.2154013, 48.47588759906391], [-81.21534809999997, 48.475863099063915], [-81.2152582, 48.47585489906389], [-81.2132818, 48.475848699063924], [-81.21320069999996, 48.47585789906394], [-81.21314669999998, 48.47589399906393], [-81.21311989999998, 48.47595699906394], [-81.21313329999998, 48.47652259906391]]}, "properties": {"OBJECTID": 48817762}}, {"type": "Feature", "id": 48818306, "geometry": {"type": "LineString", "coordinates": [[-81.20970569999997, 48.48225499906393], [-81.21041409999998, 48.48225659906394]]}, "properties": {"OBJECTID": 48818306}}, {"type": "Feature", "id": 48823426, "geometry": {"type": "LineString", "coordinates": [[-81.21313329999998, 48.47652259906391], [-81.21041609999997, 48.476528699063905]]}, "properties": {"OBJECTID": 48823426}}, {"type": "Feature", "id": 48828290, "geometry": {"type": "LineString", "coordinates": [[-81.52144899999996, 48.29819839906324], [-81.52217759999996, 48.298240099063236], [-81.52330999999998, 48.2982259990632], [-81.52374179999998, 48.29825099906324]]}, "properties": {"OBJECTID": 48828290}}, {"type": "Feature", "id": 48828418, "geometry": {"type": "LineString", "coordinates": [[-81.32954359999997, 48.48015349906393], [-81.32827879999996, 48.48015709906396]]}, "properties": {"OBJECTID": 48828418}}, {"type": "Feature", "id": 48829906, "geometry": {"type": "LineString", "coordinates": [[-81.72687509999997, 47.678025599061044], [-81.7274008, 47.67846319906105]]}, "properties": {"OBJECTID": 48829906}}, {"type": "Feature", "id": 48833778, "geometry": {"type": "LineString", "coordinates": [[-83.39925639999996, 47.839692599061586], [-83.3992591, 47.83969939906157], [-83.40000219999996, 47.84145669906159]]}, "properties": {"OBJECTID": 48833778}}, {"type": "Feature", "id": 48833826, "geometry": {"type": "LineString", "coordinates": [[-82.43842539999997, 48.244418399063], [-82.43978929999997, 48.24549889906302]]}, "properties": {"OBJECTID": 48833826}}, {"type": "Feature", "id": 48840930, "geometry": {"type": "LineString", "coordinates": [[-82.64985229999996, 48.03437789906225], [-82.64911849999999, 48.03450539906223], [-82.64850579999995, 48.034640199062245], [-82.64639799999998, 48.035012299062224], [-82.64583849999997, 48.03513729906224], [-82.6449677, 48.03541739906224], [-82.64410529999998, 48.035744499062254], [-82.64344889999995, 48.036049499062266]]}, "properties": {"OBJECTID": 48840930}}, {"type": "Feature", "id": 48840946, "geometry": {"type": "LineString", "coordinates": [[-83.40009659999998, 47.820832799061485], [-83.4002084, 47.82103739906151]]}, "properties": {"OBJECTID": 48840946}}, {"type": "Feature", "id": 48849074, "geometry": {"type": "LineString", "coordinates": [[-83.393799, 47.815016499061485], [-83.39439419999997, 47.81488709906149], [-83.39468739999995, 47.81487199906151], [-83.3953325, 47.814957499061514], [-83.39608779999998, 47.81511269906151], [-83.3967513, 47.8153057990615], [-83.39705069999997, 47.815425599061506], [-83.39753149999996, 47.81571239906146], [-83.39768699999996, 47.81589819906153], [-83.3977491, 47.816085799061476], [-83.39774609999995, 47.81631079906147], [-83.39749169999999, 47.8174588990615], [-83.39745899999997, 47.81790949906152], [-83.39752339999995, 47.81872699906151], [-83.39750619999995, 47.818934299061496], [-83.3973593, 47.81922539906154]]}, "properties": {"OBJECTID": 48849074}}, {"type": "Feature", "id": 48851202, "geometry": {"type": "LineString", "coordinates": [[-81.31983149999996, 48.48311569906395], [-81.31836679999998, 48.48436719906393]]}, "properties": {"OBJECTID": 48851202}}, {"type": "Feature", "id": 48853202, "geometry": {"type": "LineString", "coordinates": [[-81.34649479999996, 48.493880499064], [-81.34566289999998, 48.493895099063984]]}, "properties": {"OBJECTID": 48853202}}, {"type": "Feature", "id": 48853874, "geometry": {"type": "LineString", "coordinates": [[-81.35249009999995, 48.46695099906385], [-81.35246689999997, 48.46750879906387]]}, "properties": {"OBJECTID": 48853874}}, {"type": "Feature", "id": 48855186, "geometry": {"type": "LineString", "coordinates": [[-84.7734542, 47.9886655990621], [-84.77345359999998, 47.98906329906206], [-84.77345359999998, 47.9892310990621], [-84.77344289999996, 47.98931319906209], [-84.7734036, 47.9893809990621], [-84.7733394, 47.9894451990621], [-84.77277189999995, 47.98976649906209], [-84.7725934, 47.98986999906206], [-84.77247559999995, 47.98990209906206], [-84.77236139999997, 47.98990209906206], [-84.77220079999995, 47.9898842990621]]}, "properties": {"OBJECTID": 48855186}}, {"type": "Feature", "id": 48855346, "geometry": {"type": "LineString", "coordinates": [[-81.45319059999997, 48.4695942990639], [-81.45626569999996, 48.47004999906388], [-81.4656397, 48.471352899063874]]}, "properties": {"OBJECTID": 48855346}}, {"type": "Feature", "id": 48857426, "geometry": {"type": "LineString", "coordinates": [[-81.32840119999997, 48.46525069906386], [-81.3295167, 48.46527239906385]]}, "properties": {"OBJECTID": 48857426}}, {"type": "Feature", "id": 48858402, "geometry": {"type": "LineString", "coordinates": [[-80.89079509999999, 48.58017989906433], [-80.890874, 48.58018969906432], [-80.8909165, 48.58021349906433], [-80.89099489999995, 48.58027409906432], [-80.89101879999998, 48.58034729906434], [-80.89101569999997, 48.580427399064334], [-80.8910148, 48.58049179906432], [-80.89101589999996, 48.58056819906434], [-80.89102079999998, 48.58063439906432], [-80.89104149999997, 48.58069039906435], [-80.89108679999998, 48.580754899064374], [-80.89116159999998, 48.58083109906433], [-80.89124499999997, 48.58088089906433], [-80.89133149999998, 48.580918799064314], [-80.89142389999995, 48.58094099906432], [-80.89152849999999, 48.58095559906436], [-80.89168559999996, 48.580962099064344], [-80.89227419999997, 48.58095899906432], [-80.89272109999996, 48.58097269906433]]}, "properties": {"OBJECTID": 48858402}}, {"type": "Feature", "id": 48865218, "geometry": {"type": "LineString", "coordinates": [[-81.3492162, 48.4790141990639], [-81.34921099999997, 48.47963229906396], [-81.34918479999999, 48.479705599063955], [-81.3491429, 48.47974229906391], [-81.3490539, 48.479752799063945], [-81.34613349999995, 48.47974209906392]]}, "properties": {"OBJECTID": 48865218}}, {"type": "Feature", "id": 48880642, "geometry": {"type": "LineString", "coordinates": [[-84.77928029999998, 47.99671929906207], [-84.77940869999998, 47.99677159906214], [-84.77962289999999, 47.99683579906213], [-84.77985609999996, 47.99689769906211], [-84.779987, 47.996916699062126], [-84.7801131, 47.996916699062126], [-84.78031289999996, 47.99691439906212], [-84.78038429999998, 47.996900099062096], [-84.78041529999996, 47.99687629906209], [-84.78042239999996, 47.99683579906213], [-84.78041289999999, 47.996783499062126], [-84.78036049999997, 47.99673119906209], [-84.7802891, 47.99669549906212], [-84.78022969999995, 47.99667679906213], [-84.77962599999995, 47.99644839906211], [-84.7795777, 47.996438499062094], [-84.77952059999996, 47.99646229906211], [-84.7794801, 47.996497999062115], [-84.77940359999997, 47.99658369906212], [-84.77928029999998, 47.99671929906207]]}, "properties": {"OBJECTID": 48880642}}, {"type": "Feature", "id": 48881730, "geometry": {"type": "LineString", "coordinates": [[-81.32593109999999, 48.48015379906394], [-81.32594899999998, 48.48123749906393]]}, "properties": {"OBJECTID": 48881730}}, {"type": "Feature", "id": 48888178, "geometry": {"type": "LineString", "coordinates": [[-83.55829169999998, 47.69343399906111], [-83.55774359999998, 47.69340119906112], [-83.55743359999997, 47.69342489906109], [-83.55741169999999, 47.6934265990611], [-83.55708189999996, 47.69349699906112], [-83.55680799999999, 47.69362009906112], [-83.5566154, 47.69376829906112], [-83.5565034, 47.69393279906111], [-83.55639229999997, 47.69438519906108], [-83.55627149999998, 47.69463989906111], [-83.55608139999998, 47.69484209906109], [-83.55582349999997, 47.6950187990611], [-83.55525129999995, 47.69531049906109], [-83.55461929999996, 47.695468499061086], [-83.55411729999997, 47.69556069906112], [-83.55386999999996, 47.6956831990611]]}, "properties": {"OBJECTID": 48888178}}, {"type": "Feature", "id": 48891474, "geometry": {"type": "LineString", "coordinates": [[-81.29992419999996, 48.2676897990631], [-81.29889429999997, 48.26901499906311], [-81.29793379999995, 48.27068189906309], [-81.297912, 48.27158159906315], [-81.29570669999998, 48.274754199063125], [-81.29566719999997, 48.27490719906313], [-81.2956954, 48.275132099063114], [-81.29587179999999, 48.275329499063105]]}, "properties": {"OBJECTID": 48891474}}, {"type": "Feature", "id": 48891746, "geometry": {"type": "LineString", "coordinates": [[-84.79139189999995, 47.97896749906202], [-84.79114239999996, 47.979202799062016], [-84.79083309999999, 47.97965019906206], [-84.7903096, 47.980454399062076], [-84.7901478, 47.98060199906207], [-84.78996699999999, 47.980687599062044], [-84.78971479999996, 47.98070669906206], [-84.7895054, 47.98065429906206], [-84.78906759999995, 47.98043059906206], [-84.78859169999998, 47.98025929906203], [-84.78839649999998, 47.980211699062075], [-84.78825379999995, 47.98018789906206], [-84.78804909999997, 47.98017839906203], [-84.78769699999998, 47.98014509906205], [-84.78665479999995, 47.98005939906205], [-84.78650249999998, 47.98006899906205], [-84.7863074, 47.98011179906206], [-84.78607899999997, 47.980206999062034], [-84.78569819999996, 47.980397299062076], [-84.7854317, 47.98053529906207], [-84.7852747, 47.980659099062045], [-84.78517949999997, 47.98082089906206], [-84.78515099999998, 47.98101599906202], [-84.7851652, 47.98127769906205], [-84.78521759999995, 47.981563299062046], [-84.78531279999999, 47.98183449906207], [-84.7853366, 47.98201539906206], [-84.78534129999997, 47.98230089906207], [-84.78532229999996, 47.98280529906203], [-84.78529259999999, 47.98307899906206]]}, "properties": {"OBJECTID": 48891746}}, {"type": "Feature", "id": 48892610, "geometry": {"type": "LineString", "coordinates": [[-84.38011899999998, 48.33487389906338], [-84.3805256, 48.336457499063314]]}, "properties": {"OBJECTID": 48892610}}, {"type": "Feature", "id": 48892626, "geometry": {"type": "LineString", "coordinates": [[-84.43918149999996, 48.3567970990634], [-84.43839959999997, 48.3571310990634], [-84.43710019999997, 48.35788529906344]]}, "properties": {"OBJECTID": 48892626}}, {"type": "Feature", "id": 48892690, "geometry": {"type": "LineString", "coordinates": [[-84.47126829999996, 48.3777032990635], [-84.46852869999998, 48.378726999063524], [-84.46582769999998, 48.37981019906352], [-84.4657249, 48.37989269906353]]}, "properties": {"OBJECTID": 48892690}}, {"type": "Feature", "id": 48892706, "geometry": {"type": "LineString", "coordinates": [[-84.41721309999997, 48.41446609906367], [-84.41380049999998, 48.41496609906366], [-84.41337329999999, 48.41512749906369], [-84.41171299999996, 48.41535099906369], [-84.4107444, 48.415527199063696], [-84.41055119999999, 48.41559309906368]]}, "properties": {"OBJECTID": 48892706}}, {"type": "Feature", "id": 48892738, "geometry": {"type": "LineString", "coordinates": [[-84.66725069999995, 48.306478499063246], [-84.66746379999995, 48.30683369906325], [-84.66768339999999, 48.30734209906325], [-84.66766899999999, 48.307953599063254], [-84.6669225, 48.31012489906324], [-84.66673179999998, 48.31046289906323], [-84.6666477, 48.31057439906325]]}, "properties": {"OBJECTID": 48892738}}, {"type": "Feature", "id": 48892754, "geometry": {"type": "LineString", "coordinates": [[-84.6666477, 48.31057439906325], [-84.6662437, 48.31110979906323], [-84.66616689999995, 48.31131519906328], [-84.66617129999997, 48.31151319906328], [-84.6662938, 48.31178559906324], [-84.66665059999997, 48.31224279906328], [-84.66671019999995, 48.31241489906326], [-84.66670639999995, 48.3127926990633], [-84.66664229999998, 48.31301639906327], [-84.66613739999997, 48.31373489906329], [-84.6660483, 48.313913099063285], [-84.66597149999996, 48.31411849906327], [-84.66598899999997, 48.31432579906325], [-84.6663739, 48.31535029906328], [-84.66687289999999, 48.31594529906327], [-84.6675821, 48.316661499063265], [-84.66828769999995, 48.31745859906326], [-84.66888059999997, 48.31806439906328], [-84.66900679999998, 48.31825589906326], [-84.6690223, 48.31850819906327], [-84.6689867, 48.31869639906329], [-84.6688911, 48.31901839906327], [-84.66869789999998, 48.3194103990633], [-84.66786249999996, 48.320275199063296], [-84.66743559999998, 48.320761399063315], [-84.66706259999995, 48.3212486990633], [-84.66632399999997, 48.3220614990633], [-84.66568869999998, 48.322678399063314], [-84.66520099999997, 48.32301939906331], [-84.66471029999997, 48.323423299063286], [-84.66444109999998, 48.323705799063326], [-84.6641191, 48.323960099063314], [-84.66379389999997, 48.3242863990633], [-84.66357089999997, 48.3244438990633], [-84.66342909999997, 48.324593899063316], [-84.66228759999996, 48.32536249906335], [-84.66167229999996, 48.325835899063314], [-84.66141899999997, 48.326064699063316], [-84.66092129999998, 48.32662139906332], [-84.66070549999995, 48.326913899063314], [-84.66060749999997, 48.326992899063335], [-84.6601612, 48.327604599063335], [-84.65980779999995, 48.32795729906334], [-84.65916419999996, 48.328457099063336], [-84.65858159999999, 48.32880509906333], [-84.65776939999995, 48.32915749906332], [-84.65667279999997, 48.32953099906335], [-84.65619189999995, 48.329719199063305], [-84.65565419999996, 48.32996909906334], [-84.65543229999997, 48.330099599063345], [-84.6550527, 48.33043369906331], [-84.65482259999999, 48.33074399906335], [-84.65461729999998, 48.331099699063344], [-84.65453959999996, 48.331322999063325], [-84.65449409999997, 48.331726999063314], [-84.65451279999996, 48.33278909906334], [-84.65447799999998, 48.33295929906336], [-84.65409309999995, 48.33399519906335], [-84.65360329999999, 48.33496589906338], [-84.65271769999998, 48.33632449906339], [-84.6523171, 48.33682009906335], [-84.65213999999997, 48.337149399063385], [-84.6520921, 48.33731039906338], [-84.65207369999996, 48.33741799906336], [-84.65212989999998, 48.33766209906338], [-84.65224339999997, 48.337835399063366], [-84.65255179999997, 48.33817459906334], [-84.65265089999997, 48.33836549906335], [-84.65268309999999, 48.33854609906338], [-84.65262529999995, 48.33892289906335], [-84.6526326, 48.33905799906337], [-84.6527031, 48.33958129906337], [-84.65272629999998, 48.34054449906337], [-84.65278339999998, 48.3407705990634]]}, "properties": {"OBJECTID": 48892754}}, {"type": "Feature", "id": 48892818, "geometry": {"type": "LineString", "coordinates": [[-84.33971149999996, 48.32828479906331], [-84.33962009999999, 48.32826319906336], [-84.33906629999996, 48.32801639906333], [-84.33877309999997, 48.32794669906335], [-84.33847799999995, 48.327912799063334], [-84.3375992, 48.327946499063295], [-84.33704849999998, 48.3278976990633], [-84.3365824, 48.32777899906332], [-84.33619959999999, 48.327617099063296], [-84.33596449999999, 48.327467699063305], [-84.3358776, 48.32732169906334], [-84.33589719999998, 48.327205199063336], [-84.33598559999996, 48.327063299063305], [-84.3363008, 48.32671069906334], [-84.33640399999996, 48.326542099063346], [-84.33642449999996, 48.326407599063344], [-84.33630929999998, 48.326287999063325], [-84.33611179999997, 48.32619339906332], [-84.33562029999996, 48.32604709906333], [-84.33535259999996, 48.32600489906334], [-84.33505609999997, 48.325997999063325], [-84.33314789999997, 48.326367599063325], [-84.33282209999999, 48.32640509906334], [-84.33163339999999, 48.32643149906332], [-84.3309428, 48.32647839906334], [-84.33072809999999, 48.326455399063335], [-84.33028809999996, 48.32635519906332], [-84.3300595, 48.32634089906335], [-84.32755039999995, 48.326588599063335], [-84.3270048, 48.32670179906332], [-84.32657849999998, 48.3268538990633], [-84.32617779999998, 48.32703349906332], [-84.3255628, 48.32744209906335], [-84.32540699999998, 48.32758239906334], [-84.32507679999998, 48.32796169906331], [-84.32466949999997, 48.32826709906331], [-84.32410479999999, 48.32848789906334], [-84.32351729999999, 48.328627199063334], [-84.3218301, 48.3288937990633], [-84.32074539999996, 48.32899449906333], [-84.3204619, 48.328996899063355], [-84.32005189999995, 48.32909529906331], [-84.31983109999999, 48.32918909906332], [-84.31920299999996, 48.32958839906335], [-84.31827669999996, 48.330268599063324], [-84.31746749999996, 48.33103249906337], [-84.31652529999997, 48.33175739906333], [-84.31576469999999, 48.332108499063324], [-84.31548949999996, 48.33221009906332], [-84.31520219999999, 48.332284299063346], [-84.31488939999997, 48.33233099906334], [-84.31309219999997, 48.33237899906332], [-84.31240479999997, 48.33236289906335], [-84.31176069999998, 48.33229389906334], [-84.3114372, 48.332286299063355], [-84.3111379, 48.332333299063336], [-84.3108891, 48.33244439906336], [-84.31019939999999, 48.33298619906337], [-84.30996269999997, 48.33312459906333], [-84.30939969999997, 48.33330939906334], [-84.3087731, 48.33342069906336], [-84.30847469999998, 48.33344969906336], [-84.30824559999996, 48.3334442990633], [-84.30769679999997, 48.33335949906335], [-84.30736079999997, 48.333333599063316], [-84.30664459999997, 48.33335279906332], [-84.3059399, 48.33340829906336], [-84.305319, 48.33341169906333], [-84.3048948, 48.33326679906338], [-84.30439359999997, 48.33304809906337], [-84.30411379999998, 48.33297859906338], [-84.30376389999998, 48.33296139906337], [-84.30258519999995, 48.33305069906333], [-84.30176349999999, 48.33302239906333], [-84.30113969999996, 48.33307969906336], [-84.3008524, 48.333153999063356], [-84.3002745, 48.333365299063345], [-84.29942789999996, 48.333552399063365], [-84.29897219999998, 48.33374859906336], [-84.29872539999997, 48.333823799063346], [-84.298453, 48.333871399063355], [-84.29820559999996, 48.333955599063344], [-84.29769169999997, 48.334231399063356], [-84.29754159999999, 48.334263899063316], [-84.29724549999997, 48.334247899063364], [-84.29633799999999, 48.33405559906334], [-84.29612049999997, 48.33408649906334], [-84.29592659999997, 48.33418089906337], [-84.29557249999999, 48.334496499063334], [-84.29537669999996, 48.33462689906338], [-84.29468989999998, 48.33485359906336], [-84.29452249999997, 48.334957699063345], [-84.29439209999998, 48.33512559906335], [-84.29418199999998, 48.33552549906336], [-84.29398379999998, 48.335700799063375], [-84.29377879999998, 48.33574999906334], [-84.29328979999997, 48.335810399063355], [-84.2926357, 48.33592999906336], [-84.29238829999997, 48.33601419906335], [-84.29122849999999, 48.336508699063366], [-84.290863, 48.33661049906334]]}, "properties": {"OBJECTID": 48892818}}, {"type": "Feature", "id": 48892834, "geometry": {"type": "LineString", "coordinates": [[-84.27126999999996, 48.338835299063376], [-84.27058489999996, 48.339205599063355], [-84.27035339999998, 48.33924509906339], [-84.26990809999995, 48.33924349906334], [-84.269161, 48.339081799063386], [-84.2686372, 48.33903339906335], [-84.2680302, 48.33902789906338], [-84.2674063, 48.33908509906338], [-84.26665679999996, 48.33922019906334], [-84.26494979999995, 48.33959349906338], [-84.26440679999996, 48.33965259906337], [-84.26321969999998, 48.33989429906338], [-84.2623628, 48.34001779906336], [-84.2620349, 48.34009099906337], [-84.26181439999999, 48.34017569906337], [-84.26159199999995, 48.34029639906335], [-84.26143459999997, 48.34046359906336], [-84.26131709999999, 48.340640799063365], [-84.2609898, 48.3409568990634], [-84.260401, 48.341365699063395], [-84.2598989, 48.34166869906339], [-84.2598936, 48.34168359906336]]}, "properties": {"OBJECTID": 48892834}}, {"type": "Feature", "id": 48892866, "geometry": {"type": "LineString", "coordinates": [[-84.21098709999995, 48.46415819906389], [-84.2110227, 48.464248999063834], [-84.21100279999996, 48.46436549906388], [-84.21091189999999, 48.464543299063855], [-84.2100413, 48.46586279906388], [-84.20975249999998, 48.466440699063874], [-84.20947099999995, 48.46737859906387], [-84.2092467, 48.469001699063895], [-84.2091628, 48.469296599063874], [-84.20884259999997, 48.469954699063884], [-84.20840779999997, 48.47072689906391], [-84.20829789999999, 48.47100319906392], [-84.20818479999997, 48.47158529906388], [-84.20818199999997, 48.471882199063906], [-84.20833219999997, 48.472596599063905], [-84.20834489999999, 48.47285789906388], [-84.20827759999997, 48.47309919906392], [-84.2081311, 48.47330259906389], [-84.20644709999999, 48.474890299063915], [-84.20620249999996, 48.47515429906394], [-84.20568459999998, 48.47596049906393], [-84.20543999999995, 48.47622449906389], [-84.20539599999995, 48.47626419906389]]}, "properties": {"OBJECTID": 48892866}}, {"type": "Feature", "id": 48892882, "geometry": {"type": "LineString", "coordinates": [[-84.16379169999999, 48.51954029906408], [-84.16381559999996, 48.51984329906412], [-84.16373019999997, 48.521370799064066], [-84.16373819999995, 48.521955799064074], [-84.16378419999995, 48.52234389906408], [-84.16389089999996, 48.52261639906408], [-84.1640286, 48.522817799064136], [-84.16428359999998, 48.52310299906412], [-84.16492679999999, 48.523712699064106], [-84.1651938, 48.52402519906413], [-84.16541969999997, 48.52434569906411], [-84.1656266, 48.52476469906413], [-84.16582549999998, 48.525327399064146], [-84.16585099999998, 48.52559799906409], [-84.16570709999996, 48.52647619906414], [-84.1656094, 48.52677069906415], [-84.16544299999998, 48.52708159906412], [-84.1650502, 48.52756679906413], [-84.16494489999997, 48.52775309906414], [-84.1641702, 48.52876879906413], [-84.1638896, 48.52918469906413], [-84.16324409999999, 48.53031149906416], [-84.16296839999995, 48.53112349906415], [-84.16292329999999, 48.53144629906414], [-84.16292119999997, 48.53196809906415], [-84.16296869999996, 48.532572099064154], [-84.16309539999997, 48.53321409906413], [-84.16321359999995, 48.53352289906416], [-84.16347359999997, 48.533961199064144], [-84.16488499999997, 48.535615599064165], [-84.16518009999999, 48.53591079906414], [-84.16550479999995, 48.53616179906414], [-84.1658736, 48.53635079906417], [-84.1662053, 48.536475899064165], [-84.16755279999995, 48.536850999064164], [-84.1679772, 48.53701449906413], [-84.16846329999998, 48.53728739906416], [-84.16894339999999, 48.537668099064156], [-84.16915939999996, 48.537925299064185], [-84.16987799999998, 48.53913069906419], [-84.1699817, 48.53945719906415], [-84.17001629999999, 48.53980889906418], [-84.1696915, 48.5415014990642], [-84.16936769999995, 48.542933199064215], [-84.16935819999998, 48.54334679906417], [-84.16953409999996, 48.544079999064174], [-84.16999609999999, 48.545512999064194], [-84.17007279999996, 48.54583879906419], [-84.17010689999995, 48.54619949906419], [-84.16998559999996, 48.54715929906421], [-84.169962, 48.54758159906419], [-84.1699711, 48.54771429906417]]}, "properties": {"OBJECTID": 48892882}}, {"type": "Feature", "id": 48895330, "geometry": {"type": "LineString", "coordinates": [[-84.82307379999997, 47.74204899906123], [-84.82288989999995, 47.74295259906126]]}, "properties": {"OBJECTID": 48895330}}, {"type": "Feature", "id": 48895442, "geometry": {"type": "LineString", "coordinates": [[-84.8109978, 47.65705949906097], [-84.81101809999996, 47.657162299061], [-84.81113369999997, 47.657647399061], [-84.8111859, 47.65785079906098], [-84.8112984, 47.65818839906099], [-84.81142489999996, 47.65848489906099], [-84.81158639999995, 47.658836799060985], [-84.8119259, 47.65940129906099], [-84.81227489999998, 47.65989719906103], [-84.81370719999995, 47.661670899061036], [-84.8148668, 47.66309369906103], [-84.8151307, 47.66342989906102], [-84.81555149999997, 47.66394239906099], [-84.81621899999999, 47.66477009906098], [-84.81689989999995, 47.66561309906103], [-84.81715349999996, 47.66591059906101], [-84.81740529999996, 47.66624439906103], [-84.81764369999996, 47.666593399061], [-84.81781339999998, 47.66691379906103], [-84.81795649999998, 47.667278099061036], [-84.8180461, 47.66756219906103], [-84.81808809999995, 47.66768999906104], [-84.8181338, 47.66797989906104], [-84.8181624, 47.66818589906103], [-84.81818149999998, 47.66853869906099], [-84.8181548, 47.66900029906105], [-84.81804039999997, 47.66951519906104], [-84.81794309999998, 47.66982609906102], [-84.81783249999995, 47.67007399906101], [-84.817678, 47.67038869906105], [-84.81740539999998, 47.67089459906101]]}, "properties": {"OBJECTID": 48895442}}, {"type": "Feature", "id": 48905714, "geometry": {"type": "LineString", "coordinates": [[-83.38334999999995, 47.796556899061436], [-83.38423079999995, 47.79690779906145]]}, "properties": {"OBJECTID": 48905714}}, {"type": "Feature", "id": 48905730, "geometry": {"type": "LineString", "coordinates": [[-83.38572769999996, 47.79762189906143], [-83.38593269999996, 47.797778199061455]]}, "properties": {"OBJECTID": 48905730}}, {"type": "Feature", "id": 48905826, "geometry": {"type": "LineString", "coordinates": [[-83.34290569999996, 47.834556899061525], [-83.34249879999999, 47.83487259906157]]}, "properties": {"OBJECTID": 48905826}}, {"type": "Feature", "id": 48905842, "geometry": {"type": "LineString", "coordinates": [[-83.3417124, 47.835756699061584], [-83.34175879999998, 47.835939899061565]]}, "properties": {"OBJECTID": 48905842}}, {"type": "Feature", "id": 48905858, "geometry": {"type": "LineString", "coordinates": [[-83.3424741, 47.83665069906154], [-83.342356, 47.836747199061584], [-83.34208369999999, 47.83693269906157], [-83.34193969999995, 47.83699859906156]]}, "properties": {"OBJECTID": 48905858}}, {"type": "Feature", "id": 48905874, "geometry": {"type": "LineString", "coordinates": [[-83.33644519999996, 47.836951499061556], [-83.33656669999999, 47.836991199061536], [-83.33691929999998, 47.837125799061575]]}, "properties": {"OBJECTID": 48905874}}, {"type": "Feature", "id": 48905890, "geometry": {"type": "LineString", "coordinates": [[-83.33266799999996, 47.83531559906154], [-83.33315199999998, 47.83555349906153]]}, "properties": {"OBJECTID": 48905890}}, {"type": "Feature", "id": 48907282, "geometry": {"type": "LineString", "coordinates": [[-83.0479914, 47.618468299060865], [-83.04795049999996, 47.6187838990609], [-83.04800239999997, 47.619772799060875], [-83.04794299999998, 47.619953899060896], [-83.04781659999998, 47.62012709906091], [-83.04774319999996, 47.620290399060906], [-83.04768859999996, 47.620597299060904], [-83.04780869999996, 47.62094609906088], [-83.0480331, 47.62123899906086], [-83.04810629999997, 47.62140869906088], [-83.04808459999998, 47.62153499906085], [-83.04816409999995, 47.621866499060864], [-83.04808429999997, 47.62220989906088], [-83.04806969999999, 47.62251609906092], [-83.048138, 47.62324379906087], [-83.04819579999997, 47.6233596990609], [-83.04822039999999, 47.62364719906091]]}, "properties": {"OBJECTID": 48907282}}, {"type": "Feature", "id": 48918434, "geometry": {"type": "LineString", "coordinates": [[-83.6922859, 47.51883549906057], [-83.6924391, 47.519047699060586], [-83.69272459999996, 47.51943459906055], [-83.69424199999997, 47.52156759906058], [-83.69513409999996, 47.522644499060576], [-83.69532049999998, 47.5229100990606], [-83.69548529999997, 47.52327509906059], [-83.69565389999997, 47.5239730990606], [-83.69576969999997, 47.525194199060614], [-83.6956404, 47.5257821990606], [-83.69524429999996, 47.526349399060585], [-83.69515339999998, 47.5266484990606], [-83.69516899999996, 47.526954099060575], [-83.6953307, 47.52725619906058], [-83.69548729999997, 47.52745949906059], [-83.69587909999996, 47.52784629906059], [-83.69647369999996, 47.52830019906063], [-83.69682419999998, 47.5283999990606], [-83.6969001, 47.52840899906059], [-83.6973322, 47.52845999906056], [-83.69766859999999, 47.528542099060616], [-83.6986556, 47.528617799060584], [-83.6993147, 47.52877329906058], [-83.69968029999995, 47.52890859906059], [-83.69995539999996, 47.529091099060594], [-83.70034319999996, 47.52939689906058], [-83.70154029999998, 47.53045759906061], [-83.70242709999997, 47.53116559906059], [-83.70289349999996, 47.53145149906059], [-83.7032941, 47.5317480990606], [-83.7046221, 47.53250859906061], [-83.70616029999996, 47.53348019906064], [-83.7066529, 47.53375649906063], [-83.70757759999998, 47.53416659906065], [-83.70796849999999, 47.53427429906065], [-83.70828929999999, 47.5343117990606], [-83.7093734, 47.53420509906059], [-83.70983739999997, 47.53418519906062], [-83.7104402, 47.53427889906058], [-83.71084769999999, 47.534449199060624], [-83.7116585, 47.534969999060635], [-83.71227979999998, 47.53542319906062], [-83.71278359999997, 47.53591519906063], [-83.71318309999998, 47.5364456990606], [-83.7133609, 47.53680149906063], [-83.7135834, 47.53750709906063], [-83.71386259999997, 47.53879629906062], [-83.71390859999997, 47.539173199060656], [-83.71388869999998, 47.53956059906063], [-83.71380479999999, 47.53999449906065], [-83.71367829999997, 47.54037549906065], [-83.71313809999998, 47.54149509906063], [-83.71285599999999, 47.54195169906064], [-83.71259309999999, 47.542263899060636], [-83.71206109999997, 47.54277139906067], [-83.7113339, 47.54361649906066], [-83.7106852, 47.544180799060676], [-83.71045459999999, 47.54434819906062], [-83.70957879999997, 47.544890899060654], [-83.7091959, 47.54519689906062], [-83.70848539999997, 47.54585259906068], [-83.70825359999998, 47.54625399906066], [-83.70809859999997, 47.54659959906067], [-83.70802749999996, 47.54702419906062], [-83.70804999999996, 47.547203699060645], [-83.70814359999997, 47.54747139906063], [-83.7086544, 47.54809829906068], [-83.709002, 47.548395999060666], [-83.7097756, 47.548962699060624], [-83.7110146, 47.550049199060695], [-83.71133149999997, 47.55026669906064], [-83.71168689999996, 47.550456199060676], [-83.71215939999996, 47.55059799906068], [-83.71312589999997, 47.55078209906068], [-83.7135065, 47.550944099060686], [-83.71381059999999, 47.551170899060686], [-83.7143562, 47.551697899060656], [-83.71606909999997, 47.55371799906066], [-83.71834129999996, 47.55549989906069], [-83.71902979999999, 47.55596049906069], [-83.71944979999995, 47.55611249906068], [-83.71992, 47.5562092990607], [-83.72044019999998, 47.55624199906066], [-83.72097079999998, 47.5562203990607], [-83.72267469999997, 47.55600899906068], [-83.72324599999996, 47.55600439906066], [-83.72383439999999, 47.55607139906066], [-83.72442469999999, 47.55617429906066], [-83.72726109999996, 47.556781799060666], [-83.7278546, 47.55694759906067], [-83.7289255, 47.5573450990607], [-83.73056099999997, 47.55786409906069], [-83.7309952, 47.55803369906068], [-83.7313388, 47.558250499060705], [-83.73163539999996, 47.558509999060675], [-83.7318674, 47.55877169906069], [-83.73201899999998, 47.55898289906071], [-83.73208749999998, 47.55915839906066], [-83.73215719999996, 47.55931069906069]]}, "properties": {"OBJECTID": 48918434}}, {"type": "Feature", "id": 48922546, "geometry": {"type": "LineString", "coordinates": [[-84.73439909999996, 48.32631169906332], [-84.73506569999995, 48.32652249906331], [-84.7365254, 48.3270730990633], [-84.73856409999996, 48.327958899063304], [-84.73995769999999, 48.3284811990633], [-84.7421587, 48.32905529906336], [-84.74345879999998, 48.329557699063336], [-84.74399639999996, 48.329910199063335], [-84.74500279999995, 48.33064969906336], [-84.7456588, 48.33104599906332]]}, "properties": {"OBJECTID": 48922546}}, {"type": "Feature", "id": 48922610, "geometry": {"type": "LineString", "coordinates": [[-84.52189469999996, 48.41648259906365], [-84.52248349999996, 48.41743999906364], [-84.52300819999999, 48.41804509906369], [-84.52318809999997, 48.41823799906369], [-84.52404039999999, 48.41922729906371]]}, "properties": {"OBJECTID": 48922610}}, {"type": "Feature", "id": 48922626, "geometry": {"type": "LineString", "coordinates": [[-84.54671579999996, 48.43572509906375], [-84.54784939999996, 48.43719329906378], [-84.54858209999998, 48.43798269906376], [-84.54930569999999, 48.438681999063775], [-84.54961259999999, 48.439048399063786], [-84.54979659999998, 48.439439199063784], [-84.5498844, 48.439863999063746], [-84.54985639999995, 48.44072709906376], [-84.54967499999998, 48.44168599906374], [-84.54968599999995, 48.44201909906379], [-84.54983299999998, 48.44233719906375], [-84.54996029999995, 48.442501799063756], [-84.5504947, 48.442918099063796], [-84.55250589999997, 48.44412159906378], [-84.55623209999999, 48.446225299063805], [-84.55670509999999, 48.44651419906379], [-84.5582867, 48.44737559906381], [-84.5601552, 48.44845889906382], [-84.56102239999996, 48.4489901990638], [-84.56154519999996, 48.449370199063814], [-84.56186879999996, 48.44967389906383], [-84.562048, 48.44988469906382], [-84.5623334, 48.4504215990638], [-84.56261759999995, 48.45126439906381], [-84.5628423, 48.45165599906381], [-84.5631363, 48.4520131990638], [-84.56349919999997, 48.45234479906384], [-84.56391859999997, 48.45262359906383], [-84.5658977, 48.45366419906386], [-84.56709309999997, 48.45433289906379]]}, "properties": {"OBJECTID": 48922626}}, {"type": "Feature", "id": 48922642, "geometry": {"type": "LineString", "coordinates": [[-84.57160869999996, 48.46015079906383], [-84.5721269, 48.46031899906385], [-84.57322309999995, 48.460593999063846], [-84.57465709999997, 48.46087619906384], [-84.57634359999997, 48.46125369906388], [-84.57727979999999, 48.46148029906383], [-84.57786679999998, 48.46165459906386], [-84.57823659999997, 48.461842399063855], [-84.578576, 48.462101399063826], [-84.5794975, 48.46292159906387], [-84.58017589999997, 48.46344869906384], [-84.5805593, 48.46363679906385], [-84.58093389999999, 48.46372559906387], [-84.58117949999996, 48.46374009906384]]}, "properties": {"OBJECTID": 48922642}}, {"type": "Feature", "id": 48922674, "geometry": {"type": "LineString", "coordinates": [[-84.68604089999997, 48.55961119906423], [-84.68602779999998, 48.55966629906424], [-84.68601099999995, 48.560331799064244], [-84.68595639999995, 48.56063659906424], [-84.6857943, 48.56092119906423], [-84.68490919999999, 48.561902099064234], [-84.68466289999998, 48.562248099064284], [-84.68454729999996, 48.562527199064284]]}, "properties": {"OBJECTID": 48922674}}, {"type": "Feature", "id": 48922690, "geometry": {"type": "LineString", "coordinates": [[-84.6566105, 48.57290919906432], [-84.65602909999996, 48.573220799064295], [-84.65449109999997, 48.5739362990643], [-84.65408739999998, 48.5741619990643], [-84.65366439999997, 48.5745131990643], [-84.65340599999996, 48.574822899064316], [-84.65255919999998, 48.57612819906432], [-84.6523029, 48.57639289906434], [-84.6522678, 48.57641989906433]]}, "properties": {"OBJECTID": 48922690}}, {"type": "Feature", "id": 48924818, "geometry": {"type": "LineString", "coordinates": [[-85.04909299999997, 48.34355059906338], [-85.04981659999999, 48.34395599906341], [-85.0505521, 48.34439419906337], [-85.0509199, 48.344610699063395], [-85.05168149999997, 48.345056699063406], [-85.05205709999996, 48.34534619906337], [-85.05238049999997, 48.34563309906343], [-85.05283429999997, 48.3461416990634], [-85.05335079999998, 48.346796399063386], [-85.0537759, 48.34733629906338], [-85.05403999999999, 48.34766389906341]]}, "properties": {"OBJECTID": 48924818}}, {"type": "Feature", "id": 48924834, "geometry": {"type": "LineString", "coordinates": [[-85.05900299999996, 48.35085559906344], [-85.05939939999996, 48.35107329906339]]}, "properties": {"OBJECTID": 48924834}}, {"type": "Feature", "id": 48924962, "geometry": {"type": "LineString", "coordinates": [[-84.89617149999998, 47.791587699061424], [-84.89758459999996, 47.792212899061425], [-84.89926329999997, 47.79295109906143], [-84.89970789999995, 47.79315569906141], [-84.89993469999996, 47.79327799906144], [-84.90032159999998, 47.7935113990614], [-84.9005573, 47.79370929906145], [-84.9008753, 47.79401609906144], [-84.90112209999995, 47.79432739906145], [-84.90134659999995, 47.7947364990614], [-84.9014267, 47.79497219906141], [-84.90149339999999, 47.79524129906145], [-84.90152229999995, 47.795583699061424], [-84.90151559999998, 47.79576379906143], [-84.90148449999998, 47.79600169906145], [-84.90144219999996, 47.79615289906145], [-84.90134659999995, 47.79641749906141], [-84.90067289999996, 47.79766039906145], [-84.90018379999998, 47.79856969906143], [-84.89958569999999, 47.799650299061426], [-84.89930759999999, 47.80016959906144], [-84.89886639999997, 47.80095509906143], [-84.89853449999998, 47.801576099061464], [-84.89792419999998, 47.80266169906147], [-84.8973522, 47.80368229906147], [-84.89651169999996, 47.80515479906146], [-84.89608819999995, 47.805903499061436], [-84.89585309999995, 47.80627039906146], [-84.89554119999997, 47.806650599061456], [-84.89515929999999, 47.80703239906147], [-84.893442, 47.80849329906147], [-84.89303749999999, 47.80891779906147], [-84.89282809999997, 47.809193599061466], [-84.89269299999995, 47.8093936990615], [-84.89260249999995, 47.809531899061476], [-84.8924078, 47.80986569906151], [-84.89229289999997, 47.810121799061505], [-84.89216099999999, 47.8105226990615], [-84.892046, 47.81103129906149], [-84.89202089999998, 47.811533299061466], [-84.89198589999995, 47.81312579906147], [-84.89197089999999, 47.813696099061474], [-84.89193259999996, 47.81462659906146], [-84.89186589999997, 47.81496179906151], [-84.89178079999999, 47.81528029906151], [-84.89161909999996, 47.815902299061484], [-84.8912722, 47.817152999061484], [-84.89085359999996, 47.818682199061506], [-84.89059849999995, 47.81961599906148], [-84.89044009999998, 47.820164699061515], [-84.89039009999999, 47.82033309906151], [-84.89032839999999, 47.820503199061505], [-84.89007149999998, 47.82114189906153], [-84.89000819999995, 47.8212635990615], [-84.8897447, 47.821787199061504], [-84.88909269999999, 47.82298789906154], [-84.88822219999997, 47.82455539906151], [-84.88812209999998, 47.82474549906151], [-84.88794199999995, 47.825112399061524], [-84.88783699999999, 47.82537249906152], [-84.8877503, 47.82561099906154], [-84.88769659999997, 47.82577039906153], [-84.8875969, 47.82614129906152], [-84.88750349999998, 47.82658989906155], [-84.88744329999997, 47.82699919906156], [-84.88741239999996, 47.82759889906151], [-84.88742429999996, 47.82804859906156], [-84.88749329999996, 47.82862679906152], [-84.8876932, 47.83024239906156], [-84.88777169999997, 47.83083329906151], [-84.8877736, 47.83125579906153], [-84.88774689999997, 47.83173939906152], [-84.88768979999998, 47.832165699061534], [-84.88752799999997, 47.83292339906156], [-84.88749999999999, 47.83303299906152], [-84.88739859999998, 47.83357439906156], [-84.8872634, 47.834286299061574], [-84.88708829999996, 47.83517149906154], [-84.88691639999996, 47.83598829906153], [-84.8867247, 47.83700269906156], [-84.88642589999995, 47.83846659906156], [-84.8862279, 47.83942599906155], [-84.88602219999996, 47.8404401990616], [-84.8859119, 47.84111439906159], [-84.88590259999995, 47.84203189906156], [-84.88595569999995, 47.842420299061565], [-84.88604319999996, 47.84283719906158], [-84.88636109999999, 47.84428769906157], [-84.88653059999996, 47.8450452990616], [-84.88662, 47.845770599061616], [-84.886641, 47.84629779906157], [-84.88658579999998, 47.84683849906162], [-84.88653819999996, 47.84712019906158], [-84.88645629999996, 47.84746469906162], [-84.88634969999998, 47.84782449906157], [-84.8861708, 47.84832319906162], [-84.88572469999997, 47.8494836990616], [-84.88515999999998, 47.85099969906163], [-84.88500959999999, 47.851408899061624], [-84.88466009999996, 47.85233559906159]]}, "properties": {"OBJECTID": 48924962}}, {"type": "Feature", "id": 48931650, "geometry": {"type": "LineString", "coordinates": [[-81.33507329999998, 48.493458699063964], [-81.33503079999997, 48.49450519906401], [-81.3350489, 48.49644019906396]]}, "properties": {"OBJECTID": 48931650}}, {"type": "Feature", "id": 48931714, "geometry": {"type": "LineString", "coordinates": [[-81.20733329999996, 48.47584579906388], [-81.20734009999995, 48.4765329990639]]}, "properties": {"OBJECTID": 48931714}}, {"type": "Feature", "id": 48931730, "geometry": {"type": "LineString", "coordinates": [[-81.15680999999995, 48.49468009906401], [-81.15663949999998, 48.49472789906401], [-81.15627699999999, 48.494850999064], [-81.1559279, 48.49499029906401], [-81.15575889999997, 48.495065799063994], [-81.15559389999999, 48.49514509906397], [-81.15527659999998, 48.495314599064], [-81.15512469999999, 48.49540469906397], [-81.15483499999999, 48.495594899063974], [-81.15390309999998, 48.49627359906396], [-81.15295849999995, 48.49696829906403], [-81.15185629999996, 48.49778229906402], [-81.15157149999999, 48.497982499064], [-81.15136949999999, 48.49811459906399], [-81.15109519999999, 48.498274899064], [-81.15072139999995, 48.498461199063975], [-81.15055179999996, 48.49853719906401], [-81.15009499999996, 48.49871609906402], [-81.14961639999996, 48.49886789906404], [-81.14893889999996, 48.499033099064], [-81.14834429999996, 48.49917319906402]]}, "properties": {"OBJECTID": 48931730}}, {"type": "Feature", "id": 48931762, "geometry": {"type": "LineString", "coordinates": [[-81.29781169999995, 48.522856299064074], [-81.28951419999999, 48.53788339906414], [-81.28904419999998, 48.538613299064146], [-81.28843849999998, 48.539289499064154], [-81.28764259999997, 48.53990319906418], [-81.28718359999999, 48.54019229906415], [-81.28617029999998, 48.54068059906418], [-81.2851432, 48.54112399906418], [-81.28193969999995, 48.5424542990642], [-81.2810748, 48.54284329906416], [-81.2801695, 48.54329529906418], [-81.27903559999999, 48.544053699064165], [-81.27803779999999, 48.544919799064175], [-81.27725729999997, 48.54591129906417], [-81.2767877, 48.546758099064206], [-81.27656079999997, 48.54738839906424], [-81.27333419999997, 48.559640099064254], [-81.27272369999997, 48.562034499064275], [-81.27247319999998, 48.56334859906429], [-81.2724101, 48.56421239906428], [-81.27241449999997, 48.56503099906429], [-81.27247309999996, 48.56584059906426], [-81.2726409, 48.56680279906426], [-81.2727797, 48.56740519906426], [-81.27301409999995, 48.56815129906427], [-81.27330279999995, 48.56888839906433], [-81.27364569999997, 48.569634199064275], [-81.27430249999998, 48.57077519906429], [-81.27610759999999, 48.57366769906433], [-81.27632619999997, 48.57397299906432], [-81.2804711, 48.580701299064366], [-81.28133269999995, 48.58203059906432], [-81.28457529999997, 48.58723149906437], [-81.2853829, 48.58857889906437], [-81.28853019999997, 48.59355499906441], [-81.28905069999996, 48.59446229906441], [-81.28962519999999, 48.595315499064405], [-81.29365009999998, 48.60179159906441], [-81.2939235, 48.60215079906442], [-81.29414279999997, 48.602546099064455], [-81.298114, 48.60891419906446], [-81.29897599999998, 48.610171399064455], [-81.3212939, 48.63814359906459], [-81.32310039999999, 48.64045049906461], [-81.32336089999995, 48.64085459906459], [-81.32352649999996, 48.64127699906457], [-81.3236379, 48.641717499064605], [-81.32453049999998, 48.6475354990646], [-81.3246279, 48.647904099064604], [-81.32479309999997, 48.64826349906464], [-81.32529999999997, 48.648981699064635], [-81.325628, 48.64931369906465], [-81.32599649999997, 48.64960949906461], [-81.32641919999998, 48.64988719906463], [-81.3273863, 48.650379199064645], [-81.33231609999996, 48.65263219906465]]}, "properties": {"OBJECTID": 48931762}}, {"type": "Feature", "id": 48951986, "geometry": {"type": "LineString", "coordinates": [[-81.20847069999996, 48.4772609990639], [-81.20846309999996, 48.47798259906392]]}, "properties": {"OBJECTID": 48951986}}, {"type": "Feature", "id": 48954146, "geometry": {"type": "LineString", "coordinates": [[-82.53998959999996, 48.80488439906533], [-82.54001749999998, 48.805021899065316], [-82.54001069999998, 48.805246899065324], [-82.53991589999998, 48.80555839906528]]}, "properties": {"OBJECTID": 48954146}}, {"type": "Feature", "id": 48967570, "geometry": {"type": "LineString", "coordinates": [[-84.7895246, 48.001554099062126], [-84.789826, 48.00174029906209], [-84.79027809999997, 48.0020019990621], [-84.79058139999995, 48.00217689906209], [-84.7909062, 48.00235889906215], [-84.7913345, 48.00265159906213], [-84.79149869999998, 48.00277299906216], [-84.79157719999995, 48.00286579906211], [-84.79169149999996, 48.003019199062145], [-84.79174139999998, 48.003111999062156], [-84.7918699, 48.00346179906214], [-84.7919556, 48.003697399062126], [-84.79202699999996, 48.00383659906212], [-84.79209119999996, 48.00393649906213], [-84.79234099999996, 48.004239899062135], [-84.79254449999996, 48.00451829906214], [-84.79262299999999, 48.00462179906211]]}, "properties": {"OBJECTID": 48967570}}, {"type": "Feature", "id": 48969346, "geometry": {"type": "LineString", "coordinates": [[-83.3946502, 47.84475769906158], [-83.39526179999996, 47.846107999061594]]}, "properties": {"OBJECTID": 48969346}}, {"type": "Feature", "id": 48971394, "geometry": {"type": "LineString", "coordinates": [[-84.5623761, 48.08757289906242], [-84.56072419999998, 48.08757379906244]]}, "properties": {"OBJECTID": 48971394}}, {"type": "Feature", "id": 48971922, "geometry": {"type": "LineString", "coordinates": [[-81.32972889999996, 48.33420199906334], [-81.33374099999997, 48.330780699063354], [-81.33511059999995, 48.329769099063334], [-81.33629439999999, 48.32924379906334], [-81.33885319999996, 48.32854349906333], [-81.34034729999996, 48.328017299063305], [-81.34116719999997, 48.32755609906334], [-81.34370379999996, 48.3255961990633], [-81.34541079999997, 48.324655499063304], [-81.34555869999997, 48.32457399906334], [-81.34636669999998, 48.324373699063315], [-81.34887369999996, 48.3240421990633], [-81.35038249999997, 48.32373169906328], [-81.35151159999998, 48.32313449906332], [-81.35257029999997, 48.32212369906331], [-81.35322909999996, 48.32179769906331], [-81.35402419999997, 48.32168729906329], [-81.35647969999997, 48.32174269906329], [-81.3573437, 48.32183899906329], [-81.358386, 48.32234859906328], [-81.36065149999996, 48.32414979906333], [-81.36558589999999, 48.32748099906333], [-81.36939869999998, 48.33050069906333], [-81.37045609999996, 48.33119909906336], [-81.3722568, 48.33204799906336], [-81.37678869999996, 48.33366159906336], [-81.38048359999999, 48.33518789906338], [-81.38492609999997, 48.337413299063385]]}, "properties": {"OBJECTID": 48971922}}, {"type": "Feature", "id": 48985362, "geometry": {"type": "LineString", "coordinates": [[-82.51594789999996, 48.92830909906588], [-82.51539739999998, 48.92931649906586], [-82.51496579999997, 48.92994289906586], [-82.50923359999996, 48.93681009906588], [-82.5090376, 48.93710059906589], [-82.50871849999999, 48.93784239906589], [-82.5086584, 48.93811309906589], [-82.50863099999998, 48.938563299065876], [-82.50877559999998, 48.93928109906591], [-82.50993849999998, 48.942522499065895], [-82.510516, 48.94400829906592], [-82.51072769999996, 48.944689199065934], [-82.51079239999996, 48.945021199065955], [-82.51085209999997, 48.94564109906596], [-82.5108912, 48.94693609906592], [-82.5108861, 48.94812359906596], [-82.51089099999996, 48.948285499065925], [-82.51092079999995, 48.94927469906597], [-82.51087159999997, 48.949905099065965], [-82.51060329999996, 48.950520299065985], [-82.51018349999998, 48.95109259906597], [-82.50975829999999, 48.95148499906599], [-82.50455359999995, 48.955556199066], [-82.50396759999995, 48.95605869906599], [-82.50360979999999, 48.95642319906598], [-82.5031636, 48.95703169906598], [-82.50299579999995, 48.95735779906598], [-82.50179529999997, 48.96014419906598], [-82.501601, 48.960497599065974], [-82.50120719999995, 48.96103349906602], [-82.50090209999996, 48.96133429906602], [-82.5005021, 48.961663399066005], [-82.49999279999997, 48.96199389906602], [-82.49979149999996, 48.96211349906604], [-82.49934669999999, 48.96231719906601], [-82.4984154, 48.962698099065996], [-82.4979573, 48.96291099906601], [-82.49751309999999, 48.96313259906598], [-82.49670739999999, 48.963601899066], [-82.4943336, 48.96508999906603], [-82.48593349999999, 48.97023639906607], [-82.48546449999998, 48.97054829906603], [-82.4849845, 48.970950299066054], [-82.48471899999998, 48.97121459906602], [-82.484509, 48.97150519906604], [-82.48432689999999, 48.971813399066065], [-82.48408439999997, 48.97239229906606], [-82.48395389999996, 48.97305959906604], [-82.4836469, 48.97606829906607], [-82.48353989999998, 48.97752699906607], [-82.48352889999995, 48.97761709906609], [-82.4833921, 48.97945409906607], [-82.48310219999996, 48.982120599066114], [-82.48296569999997, 48.98396659906613], [-82.4828372, 48.985164699066125], [-82.4826946, 48.98588619906613], [-82.48234429999997, 48.986979299066135], [-82.4804456, 48.992095399066166], [-82.4790314, 48.996044799066205], [-82.47872209999997, 48.99667849906619], [-82.4782626, 48.99732309906616], [-82.47763889999999, 48.99796079906619], [-82.4769177, 48.998536799066166], [-82.47563299999996, 48.99947979906618], [-82.4755389, 48.99953499906619], [-82.47488329999999, 49.000020199066164], [-82.47125599999998, 49.002666399066186], [-82.46679929999999, 49.0059526990662], [-82.46299629999999, 49.00869979906626], [-82.46180609999999, 49.00961449906621], [-82.46110019999998, 49.01026209906624], [-82.46054529999998, 49.01092589906623], [-82.46036149999998, 49.01118909906624], [-82.45976289999999, 49.01223119906626], [-82.45746159999999, 49.01725309906625], [-82.45691779999999, 49.01830349906625], [-82.45611789999998, 49.01948299906629], [-82.45552879999997, 49.02025679906628]]}, "properties": {"OBJECTID": 48985362}}, {"type": "Feature", "id": 48994034, "geometry": {"type": "LineString", "coordinates": [[-81.17172119999998, 48.490643599063944], [-81.1712829, 48.490645899063956]]}, "properties": {"OBJECTID": 48994034}}, {"type": "Feature", "id": 48994066, "geometry": {"type": "LineString", "coordinates": [[-81.17251519999996, 48.494959199064006], [-81.17213989999999, 48.49496919906399]]}, "properties": {"OBJECTID": 48994066}}, {"type": "Feature", "id": 48995458, "geometry": {"type": "LineString", "coordinates": [[-83.83317819999996, 47.85230529906161], [-83.83320899999995, 47.85230789906163], [-83.83336889999998, 47.85233319906163], [-83.83340549999997, 47.85234399906162]]}, "properties": {"OBJECTID": 48995458}}, {"type": "Feature", "id": 48995474, "geometry": {"type": "LineString", "coordinates": [[-83.82959219999998, 47.85219319906164], [-83.8293721, 47.85218629906162], [-83.8290088, 47.8521952990616], [-83.82846329999995, 47.85219649906164], [-83.82804549999997, 47.85220679906163], [-83.82781139999997, 47.852249299061626], [-83.82768629999998, 47.8522890990616], [-83.8275994, 47.8523646990616], [-83.82740429999996, 47.8524551990616], [-83.82715529999996, 47.85255929906159], [-83.82686869999998, 47.852639799061606], [-83.8268397, 47.852649199061624]]}, "properties": {"OBJECTID": 48995474}}, {"type": "Feature", "id": 48995490, "geometry": {"type": "LineString", "coordinates": [[-83.82454389999998, 47.8537515990616], [-83.82451149999997, 47.85377509906161], [-83.8242262, 47.85388009906163], [-83.82390649999996, 47.8540225990616], [-83.82367439999996, 47.854101699061594], [-83.82361519999995, 47.85411669906163]]}, "properties": {"OBJECTID": 48995490}}, {"type": "Feature", "id": 48995506, "geometry": {"type": "LineString", "coordinates": [[-83.8229576, 47.854267999061655], [-83.822902, 47.8542798990616], [-83.82263219999999, 47.854335499061655], [-83.82245189999998, 47.85436439906161], [-83.82225209999996, 47.854369299061624], [-83.8220341, 47.85437469906165], [-83.82181609999998, 47.854380099061615], [-83.82160589999995, 47.854385199061625], [-83.82140669999995, 47.85444689906163], [-83.82117119999998, 47.85452109906161], [-83.8210355, 47.85458509906161], [-83.8209177, 47.85465429906165], [-83.82083839999996, 47.85474639906161], [-83.82078709999996, 47.854889799061624], [-83.82078969999998, 47.85503059906162], [-83.8207923, 47.85524819906161], [-83.82080759999997, 47.855401799061646], [-83.82083839999996, 47.85566029906161], [-83.8208563, 47.85587279906164], [-83.8208563, 47.85593939906162]]}, "properties": {"OBJECTID": 48995506}}, {"type": "Feature", "id": 48995522, "geometry": {"type": "LineString", "coordinates": [[-83.8208563, 47.85593939906162], [-83.82089719999999, 47.85611089906163], [-83.82092029999995, 47.85641809906165]]}, "properties": {"OBJECTID": 48995522}}, {"type": "Feature", "id": 48995538, "geometry": {"type": "LineString", "coordinates": [[-83.82106039999996, 47.85682059906166], [-83.8211129, 47.85690039906164], [-83.8212585, 47.857076899061646], [-83.82151329999999, 47.857318399061604], [-83.8215247, 47.85733549906165]]}, "properties": {"OBJECTID": 48995538}}, {"type": "Feature", "id": 48995554, "geometry": {"type": "LineString", "coordinates": [[-83.81693209999997, 47.855179599061636], [-83.81692399999997, 47.85518739906164], [-83.81692609999999, 47.85522549906161], [-83.8169423, 47.85526319906162]]}, "properties": {"OBJECTID": 48995554}}, {"type": "Feature", "id": 48995570, "geometry": {"type": "LineString", "coordinates": [[-83.52204269999999, 48.40424039906365], [-83.52240109999997, 48.40422479906361], [-83.52251139999998, 48.40421189906361], [-83.52271829999995, 48.4041670990636], [-83.52297669999996, 48.4041223990636], [-83.5236357, 48.40409329906361], [-83.52423399999998, 48.40406179906362], [-83.5245481, 48.40406959906361], [-83.5249589, 48.40408619906359], [-83.52535239999997, 48.40408669906365], [-83.52553359999996, 48.40410179906363], [-83.52565199999998, 48.40413509906361], [-83.525868, 48.40416329906366], [-83.52612999999997, 48.40417409906365], [-83.52640509999998, 48.40415379906362], [-83.52654629999995, 48.40413559906362], [-83.52667479999997, 48.404133699063635], [-83.52678609999998, 48.404143199063626], [-83.52696359999999, 48.40417039906359], [-83.52707269999996, 48.404206499063655], [-83.52716709999999, 48.40427949906363], [-83.5272779, 48.40440539906363], [-83.52734479999998, 48.40447719906362], [-83.52744099999995, 48.4045318990636], [-83.5275691, 48.4045619990636], [-83.52775439999999, 48.40457999906361], [-83.52799969999995, 48.404587399063644], [-83.52838479999997, 48.404586199063644], [-83.52866689999996, 48.404612999063644], [-83.52917309999998, 48.40466599906362], [-83.52943449999998, 48.404722599063625], [-83.52986119999997, 48.404835899063634], [-83.5302039, 48.404921799063615], [-83.53036469999995, 48.40500079906365], [-83.53055189999998, 48.40511319906362], [-83.53074179999999, 48.40520859906364], [-83.53101509999999, 48.40533299906366], [-83.53124119999995, 48.40543949906359], [-83.53141569999997, 48.40551149906366], [-83.53164189999995, 48.405620299063635], [-83.5317402, 48.40566319906366], [-83.5318585, 48.405677199063625], [-83.53205009999999, 48.405663499063614], [-83.53235809999995, 48.40562589906362], [-83.53281859999998, 48.40557549906361], [-83.53351949999995, 48.40549119906364], [-83.53400159999995, 48.40544499906366], [-83.53438449999999, 48.40541049906362], [-83.5346356, 48.405374199063644], [-83.53487939999997, 48.40533559906361], [-83.53511029999999, 48.40525219906362], [-83.53529449999996, 48.4051603990636], [-83.53558949999996, 48.40498459906364], [-83.53585879999997, 48.404810099063624], [-83.53600599999999, 48.404728099063604], [-83.53618449999999, 48.40466549906363], [-83.53633079999997, 48.404618299063635], [-83.5364399, 48.40459939906359], [-83.53654739999996, 48.40460249906361], [-83.53663569999998, 48.404621999063615]]}, "properties": {"OBJECTID": 48995570}}, {"type": "Feature", "id": 48995586, "geometry": {"type": "LineString", "coordinates": [[-83.53122249999996, 48.40754209906362], [-83.53127989999996, 48.40758049906361], [-83.5313423, 48.407622399063655], [-83.53150819999996, 48.40773039906367], [-83.53165249999995, 48.40780969906365], [-83.53184859999999, 48.40788049906364], [-83.53203099999996, 48.40789479906362], [-83.5322926, 48.40784319906361], [-83.53266329999997, 48.407770899063614], [-83.5328867, 48.40772569906363], [-83.53307389999998, 48.40772709906366], [-83.53329889999998, 48.407769699063635], [-83.53348119999998, 48.40778219906366], [-83.5337232, 48.40777869906361], [-83.53404789999996, 48.40777889906365], [-83.53426309999998, 48.407790599063624], [-83.53446689999998, 48.40779349906363], [-83.53464529999997, 48.40778399906367]]}, "properties": {"OBJECTID": 48995586}}, {"type": "Feature", "id": 48995602, "geometry": {"type": "LineString", "coordinates": [[-83.52736219999997, 48.40678379906364], [-83.52740189999997, 48.40680819906362], [-83.52763699999997, 48.40695279906362], [-83.52810389999996, 48.4072280990636], [-83.5282353, 48.407324199063616], [-83.52833979999997, 48.407402699063645], [-83.52848709999995, 48.40749909906362], [-83.52862539999995, 48.40755409906365], [-83.52870089999999, 48.40757259906366], [-83.52891869999996, 48.40758439906364], [-83.52908829999996, 48.40755699906361], [-83.52928659999998, 48.407493499063655], [-83.52942239999999, 48.40745569906362], [-83.52961599999998, 48.40742019906367], [-83.52979599999998, 48.40738879906365], [-83.53008469999997, 48.40738249906367], [-83.53031659999999, 48.40739749906363], [-83.53054229999998, 48.40739799906361], [-83.53069629999999, 48.407396499063616], [-83.53085379999999, 48.40740949906364], [-83.53101199999998, 48.40743529906364], [-83.53117809999998, 48.407512299063626], [-83.53122249999996, 48.40754209906362]]}, "properties": {"OBJECTID": 48995602}}, {"type": "Feature", "id": 48997874, "geometry": {"type": "LineString", "coordinates": [[-81.52144899999996, 48.29819839906324], [-81.52162659999999, 48.298422599063244], [-81.52191649999997, 48.29908699906324], [-81.52219119999995, 48.29958059906322], [-81.5226831, 48.30020809906322], [-81.5228186, 48.300279499063244], [-81.52294009999997, 48.3002878990632], [-81.52319489999996, 48.300151799063244], [-81.52418849999998, 48.299742399063206], [-81.5242819, 48.2996429990632], [-81.52432099999999, 48.29950789906323], [-81.52429219999999, 48.29933709906321], [-81.5240455, 48.29894239906324], [-81.52374179999998, 48.29825099906324]]}, "properties": {"OBJECTID": 48997874}}, {"type": "Feature", "id": 48997906, "geometry": {"type": "LineString", "coordinates": [[-84.5594279, 48.08630449906244], [-84.55942199999998, 48.08756409906242]]}, "properties": {"OBJECTID": 48997906}}, {"type": "Feature", "id": 49001058, "geometry": {"type": "LineString", "coordinates": [[-81.3405095, 48.4778636990639], [-81.34051219999998, 48.478006199063934]]}, "properties": {"OBJECTID": 49001058}}, {"type": "Feature", "id": 49002994, "geometry": {"type": "LineString", "coordinates": [[-84.77558569999997, 47.999375499062126], [-84.77449949999999, 47.9993813990621]]}, "properties": {"OBJECTID": 49002994}}, {"type": "Feature", "id": 49025090, "geometry": {"type": "LineString", "coordinates": [[-81.83213609999996, 48.300517599063234], [-81.83215419999999, 48.30053609906324], [-81.8322177, 48.30064879906324], [-81.83223429999998, 48.30072569906324], [-81.83225109999995, 48.30080779906322], [-81.83229889999996, 48.300905099063215], [-81.83234579999998, 48.300945899063244], [-81.83240809999995, 48.30098659906325], [-81.83248569999995, 48.30102199906325], [-81.83261749999997, 48.30107759906324], [-81.83274949999998, 48.3011433990632], [-81.83279649999997, 48.30118929906323], [-81.83288189999996, 48.301229799063236], [-81.83293619999995, 48.30125509906325], [-81.83309049999997, 48.301269499063245], [-81.83320609999998, 48.301273799063246], [-81.83333679999998, 48.30125739906319], [-81.83345199999997, 48.30123599906321], [-81.8335366, 48.30122509906321], [-81.8336673, 48.30121389906324], [-81.83379079999997, 48.30122839906321], [-81.83393809999995, 48.301283899063236], [-81.83403129999999, 48.30133459906321], [-81.83412479999998, 48.30139559906322], [-81.83421039999996, 48.301451499063255], [-81.83431999999999, 48.30155859906323]]}, "properties": {"OBJECTID": 49025090}}, {"type": "Feature", "id": 49025106, "geometry": {"type": "LineString", "coordinates": [[-81.8482191, 48.29459719906317], [-81.84787089999998, 48.29473469906323], [-81.84739929999995, 48.294756199063166], [-81.846927, 48.29473269906317], [-81.84649589999998, 48.294753799063194], [-81.8458589, 48.29455159906322], [-81.84538379999998, 48.29435719906321], [-81.84515449999998, 48.29434979906319], [-81.8445509, 48.294543199063185], [-81.84413599999999, 48.294726199063184], [-81.84353189999996, 48.29488359906323], [-81.8433847, 48.29495659906322], [-81.84322549999996, 48.295110699063194], [-81.84312019999999, 48.29526449906321], [-81.84275959999997, 48.2954739990632], [-81.8420597, 48.29555109906319], [-81.84191349999998, 48.29567819906317], [-81.84183129999997, 48.2964164990632], [-81.84172749999999, 48.29666919906318], [-81.84161459999996, 48.297182799063215], [-81.84153629999997, 48.29733629906323], [-81.84140279999997, 48.297418299063196], [-81.84130869999996, 48.297436999063194], [-81.84091619999998, 48.29734989906323], [-81.84068689999998, 48.29734249906319], [-81.84014839999998, 48.29739149906319], [-81.83955689999999, 48.2975037990632], [-81.83831139999995, 48.298016699063204], [-81.83824599999997, 48.29814309906319], [-81.83817039999997, 48.29846749906321], [-81.83805039999999, 48.2985493990632], [-81.83780949999999, 48.29865909906321], [-81.83762149999995, 48.29870539906321], [-81.83671849999996, 48.29872999906323], [-81.83589869999997, 48.29889789906325], [-81.83560239999997, 48.298918099063236], [-81.8348464, 48.298860599063204], [-81.8333437, 48.299321299063216], [-81.83303409999996, 48.29935949906322], [-81.83276849999999, 48.29960439906321], [-81.83265239999997, 48.29992909906324], [-81.83263099999999, 48.30027109906323], [-81.83252519999996, 48.3003978990632], [-81.83236469999997, 48.300479999063256], [-81.83213609999996, 48.300517599063234]]}, "properties": {"OBJECTID": 49025106}}, {"type": "Feature", "id": 49028450, "geometry": {"type": "LineString", "coordinates": [[-84.79797499999995, 47.95841669906199], [-84.79734929999995, 47.958985399061966], [-84.7970019, 47.959285199061966], [-84.79686859999998, 47.95942799906196], [-84.79673539999999, 47.95962779906198], [-84.79666399999996, 47.95977059906196], [-84.79649739999996, 47.96001809906196], [-84.79633559999996, 47.960246499061995], [-84.79611189999997, 47.960508199062005], [-84.79586919999997, 47.96078429906197], [-84.79541239999998, 47.961193499062], [-84.7943467, 47.962144199061974]]}, "properties": {"OBJECTID": 49028450}}, {"type": "Feature", "id": 49029810, "geometry": {"type": "LineString", "coordinates": [[-84.77233479999995, 47.99844539906213], [-84.77089709999996, 47.998446599062106]]}, "properties": {"OBJECTID": 49029810}}, {"type": "Feature", "id": 49032178, "geometry": {"type": "LineString", "coordinates": [[-81.72983349999998, 47.67520849906103], [-81.72866949999997, 47.675809799061035]]}, "properties": {"OBJECTID": 49032178}}, {"type": "Feature", "id": 49032258, "geometry": {"type": "LineString", "coordinates": [[-81.13993469999997, 48.501160299064026], [-81.1354576, 48.50254209906403]]}, "properties": {"OBJECTID": 49032258}}, {"type": "Feature", "id": 49032370, "geometry": {"type": "LineString", "coordinates": [[-81.75649429999999, 47.9136607990618], [-81.75530629999997, 47.91387559906183], [-81.7544795, 47.914078999061815], [-81.751331, 47.91477439906179], [-81.7507579, 47.91494009906182], [-81.7503858, 47.915122499061795], [-81.75005439999995, 47.915340599061835], [-81.74936659999997, 47.915911899061825], [-81.74628989999997, 47.918811099061834], [-81.74574939999997, 47.919390499061834], [-81.74556619999998, 47.91967959906181], [-81.74548859999999, 47.919868999061826], [-81.74542629999996, 47.92019339906183], [-81.74537679999997, 47.92233509906181], [-81.74522829999995, 47.923181799061844], [-81.74524909999997, 47.92463019906185], [-81.74517359999999, 47.924963599061854], [-81.74443539999999, 47.926695899061876], [-81.74423109999998, 47.927380999061874], [-81.7442221, 47.92768699906189], [-81.74442289999996, 47.92862139906185], [-81.7444142, 47.928945399061874], [-81.74431019999997, 47.92916199906187], [-81.7440856, 47.92937039906188], [-81.74307699999997, 47.92998869906189], [-81.74177499999996, 47.93068989906187], [-81.74154999999996, 47.93087129906187], [-81.74143279999998, 47.93109699906188], [-81.74143609999999, 47.9313308990619], [-81.7415062, 47.93155539906191], [-81.7415365, 47.931798199061866], [-81.74148639999999, 47.93204139906186], [-81.74119859999996, 47.93251109906186], [-81.74110809999996, 47.93273669906189], [-81.7410706, 47.93292579906189], [-81.74111349999998, 47.933114499061915], [-81.74126359999997, 47.933311499061865], [-81.7415335, 47.93346269906188], [-81.7422474, 47.93376399906186], [-81.74259849999999, 47.93396869906191], [-81.7428827, 47.934182799061894], [-81.7430736, 47.934424499061905], [-81.7434877, 47.93529449906187], [-81.7438166, 47.935823199061886], [-81.74412989999996, 47.93619009906191], [-81.74471389999997, 47.93677109906192], [-81.74519029999999, 47.93730789906189], [-81.74561409999995, 47.93791699906191], [-81.7459298, 47.93845479906194], [-81.74608209999997, 47.938804699061926], [-81.74611239999996, 47.93904739906193], [-81.74607509999998, 47.93924559906193], [-81.74547609999996, 47.9404280990619], [-81.74526699999996, 47.94078039906189], [-81.74506989999998, 47.9410425990619], [-81.74481859999997, 47.94126009906192], [-81.74449979999997, 47.94144219906193], [-81.74410009999997, 47.94157969906193], [-81.7432465, 47.9418191990619], [-81.74043559999996, 47.941900299061935], [-81.73996669999997, 47.94188529906192], [-81.73944359999996, 47.941825699061944], [-81.73886799999997, 47.94183839906189], [-81.73806609999997, 47.9419425990619], [-81.7366083, 47.94206889906191], [-81.73557939999995, 47.94222839906193], [-81.7352995, 47.94232019906194], [-81.73512699999998, 47.942429299061914], [-81.73491609999996, 47.94266449906195], [-81.73485209999996, 47.942871899061906], [-81.7348715, 47.94329459906191], [-81.7347135, 47.94348459906194], [-81.73432869999999, 47.94373899906196], [-81.73406139999997, 47.94377669906189], [-81.7338868, 47.943741799061904], [-81.73375219999997, 47.943688699061894], [-81.7332662, 47.9434128990619], [-81.73239949999999, 47.94272559906192], [-81.73229039999995, 47.9425912990619], [-81.73216659999997, 47.94235819906189], [-81.73210949999998, 47.942106599061944], [-81.73201269999998, 47.941891299061915], [-81.73180959999996, 47.94173069906194], [-81.73145929999998, 47.94157989906192], [-81.73106949999999, 47.94147449906192], [-81.7307075, 47.941440799061894], [-81.73041329999995, 47.9414695990619], [-81.73015979999997, 47.94153419906193], [-81.72989429999996, 47.9416978990619], [-81.72915219999999, 47.942251399061924], [-81.72879319999998, 47.94243359906191], [-81.72840679999996, 47.94257109906192], [-81.72787249999999, 47.9426643990619], [-81.72642709999997, 47.942727599061904], [-81.725705, 47.94279509906191], [-81.72535769999996, 47.9428602990619], [-81.7247716, 47.94307989906195]]}, "properties": {"OBJECTID": 49032370}}, {"type": "Feature", "id": 49033474, "geometry": {"type": "LineString", "coordinates": [[-81.36090229999996, 48.47974269906394], [-81.36281549999995, 48.47974909906395]]}, "properties": {"OBJECTID": 49033474}}, {"type": "Feature", "id": 49034130, "geometry": {"type": "LineString", "coordinates": [[-81.33204919999997, 48.4784405990639], [-81.33331569999996, 48.47844139906391]]}, "properties": {"OBJECTID": 49034130}}, {"type": "Feature", "id": 49047634, "geometry": {"type": "LineString", "coordinates": [[-80.88862109999997, 48.57030319906429], [-80.88830059999998, 48.570365099064276]]}, "properties": {"OBJECTID": 49047634}}, {"type": "Feature", "id": 49047650, "geometry": {"type": "LineString", "coordinates": [[-80.87870239999995, 48.57549409906432], [-80.87897799999996, 48.575766899064305], [-80.8792024, 48.57595309906436], [-80.87945929999995, 48.576101299064305], [-80.8797505, 48.57626099906434], [-80.8799732, 48.576363599064344], [-80.88038439999997, 48.57651199906434], [-80.88065869999997, 48.5765805990643], [-80.88101849999998, 48.576706099064324], [-80.88134409999998, 48.57683159906436], [-80.88170379999997, 48.57702549906435], [-80.88197789999998, 48.577162299064305], [-80.88227489999997, 48.5773614990643]]}, "properties": {"OBJECTID": 49047650}}, {"type": "Feature", "id": 49047682, "geometry": {"type": "LineString", "coordinates": [[-80.8677242, 48.554391799064234], [-80.86780799999997, 48.55437029906423], [-80.8679075, 48.55436909906424], [-80.86799909999996, 48.55440629906424]]}, "properties": {"OBJECTID": 49047682}}, {"type": "Feature", "id": 49047698, "geometry": {"type": "LineString", "coordinates": [[-80.8858553, 48.5703029990643], [-80.88584699999996, 48.57046059906433], [-80.8859276, 48.570802499064285], [-80.88603559999996, 48.570982599064315], [-80.88636029999998, 48.571279799064314], [-80.88676669999995, 48.57138809906432], [-80.88798639999999, 48.57156919906428], [-80.88898889999996, 48.5718220990643]]}, "properties": {"OBJECTID": 49047698}}, {"type": "Feature", "id": 49047714, "geometry": {"type": "LineString", "coordinates": [[-80.8725217, 48.5758623990643], [-80.87234529999995, 48.57589819906433], [-80.87219599999997, 48.57597899906432], [-80.8721008, 48.5761047990643], [-80.87203259999995, 48.5762756990643], [-80.87201809999999, 48.57664449906435]]}, "properties": {"OBJECTID": 49047714}}, {"type": "Feature", "id": 49047730, "geometry": {"type": "LineString", "coordinates": [[-80.86815589999998, 48.555022799064226], [-80.8682508, 48.55512109906421], [-80.8685754, 48.555364399064246], [-80.86891379999997, 48.55553569906422], [-80.86915719999996, 48.55572489906425], [-80.8693462, 48.55601299906422]]}, "properties": {"OBJECTID": 49047730}}, {"type": "Feature", "id": 49047746, "geometry": {"type": "LineString", "coordinates": [[-80.86784749999998, 48.55459939906424], [-80.86800749999998, 48.55486889906424], [-80.86815589999998, 48.555022799064226]]}, "properties": {"OBJECTID": 49047746}}, {"type": "Feature", "id": 49047762, "geometry": {"type": "LineString", "coordinates": [[-80.86684609999998, 48.55295609906422], [-80.86691479999996, 48.55299639906424], [-80.86707689999997, 48.553158499064196], [-80.8673215, 48.55346989906424]]}, "properties": {"OBJECTID": 49047762}}, {"type": "Feature", "id": 49058066, "geometry": {"type": "LineString", "coordinates": [[-81.21042339999997, 48.48600269906396], [-81.21042139999997, 48.48672569906396]]}, "properties": {"OBJECTID": 49058066}}, {"type": "Feature", "id": 49058562, "geometry": {"type": "LineString", "coordinates": [[-81.33743989999999, 48.476118499063936], [-81.33807589999998, 48.476125599063934]]}, "properties": {"OBJECTID": 49058562}}, {"type": "Feature", "id": 49062578, "geometry": {"type": "LineString", "coordinates": [[-84.77088329999998, 47.99397239906209], [-84.77088679999997, 47.99486109906211]]}, "properties": {"OBJECTID": 49062578}}, {"type": "Feature", "id": 49064162, "geometry": {"type": "LineString", "coordinates": [[-81.44378649999999, 48.46754729906389], [-81.44372829999998, 48.479815199063914]]}, "properties": {"OBJECTID": 49064162}}, {"type": "Feature", "id": 49075618, "geometry": {"type": "LineString", "coordinates": [[-82.51456079999997, 48.15180439906265], [-82.51466789999995, 48.151817299062635], [-82.5147404, 48.15186389906267], [-82.5148605, 48.15195519906266], [-82.5150084, 48.15202459906264], [-82.51529729999999, 48.15204939906265], [-82.51567039999998, 48.15203499906265], [-82.51595689999999, 48.15197879906263], [-82.5162029, 48.15187559906268]]}, "properties": {"OBJECTID": 49075618}}, {"type": "Feature", "id": 49075714, "geometry": {"type": "LineString", "coordinates": [[-82.51114409999997, 48.15517299906271], [-82.51081189999996, 48.15524879906269], [-82.51047489999996, 48.1553099990627]]}, "properties": {"OBJECTID": 49075714}}, {"type": "Feature", "id": 49091298, "geometry": {"type": "LineString", "coordinates": [[-81.7232032, 47.673585899061045], [-81.7241335, 47.67438989906101]]}, "properties": {"OBJECTID": 49091298}}, {"type": "Feature", "id": 49093154, "geometry": {"type": "LineString", "coordinates": [[-82.22809849999999, 48.12632309906259], [-82.2282836, 48.1261951990626], [-82.2285766, 48.12608409906255], [-82.23029069999995, 48.12583179906256], [-82.23063809999996, 48.12574709906256], [-82.23215299999998, 48.125595899062546], [-82.23255669999998, 48.125618599062534], [-82.23270559999997, 48.125661999062594], [-82.23288069999995, 48.12567809906256], [-82.23316519999997, 48.12577399906258], [-82.23338319999999, 48.125897599062576], [-82.23357579999998, 48.1260844990626], [-82.2337996, 48.126450999062584], [-82.23397899999998, 48.126646999062594], [-82.23427989999999, 48.12686869906259], [-82.23486499999996, 48.1271682990626], [-82.23612679999997, 48.12766759906255], [-82.23645099999999, 48.1277360990626], [-82.2373139, 48.127852699062565], [-82.2375601, 48.12802999906258], [-82.23818699999998, 48.12839219906256], [-82.23913829999998, 48.12883179906255], [-82.2394736, 48.128801199062536], [-82.23971409999996, 48.12874459906256], [-82.23999319999996, 48.128615599062606], [-82.24024459999998, 48.1284509990626], [-82.24075669999996, 48.12795059906257], [-82.2410347, 48.127776599062564], [-82.24131449999999, 48.12767459906259], [-82.24166269999995, 48.127625899062544], [-82.24230849999998, 48.12765489906259]]}, "properties": {"OBJECTID": 49093154}}, {"type": "Feature", "id": 49093426, "geometry": {"type": "LineString", "coordinates": [[-80.85107719999996, 48.85580319906554], [-80.85043639999998, 48.855811399065544], [-80.84957749999995, 48.8558371990655], [-80.84556949999995, 48.85583189906551], [-80.84428809999997, 48.85581219906551]]}, "properties": {"OBJECTID": 49093426}}, {"type": "Feature", "id": 49093922, "geometry": {"type": "LineString", "coordinates": [[-81.71945569999997, 47.67522909906104], [-81.72003429999995, 47.67564839906102]]}, "properties": {"OBJECTID": 49093922}}, {"type": "Feature", "id": 49094482, "geometry": {"type": "LineString", "coordinates": [[-83.36269469999996, 48.030255499062214], [-83.36228929999999, 48.03065679906224], [-83.35923119999995, 48.033755899062236], [-83.3587038, 48.034252699062236], [-83.3568573, 48.03582919906224], [-83.35623049999998, 48.03649889906225], [-83.35598449999998, 48.03698989906227], [-83.35589819999996, 48.03745049906227], [-83.35593459999996, 48.03795369906223], [-83.35611839999996, 48.03933559906225], [-83.35611039999998, 48.03974969906226], [-83.35604479999995, 48.04007489906228], [-83.35554709999997, 48.04181269906229], [-83.3553771, 48.042203099062235], [-83.35517449999998, 48.04246819906228], [-83.354917, 48.04270749906225], [-83.35417589999997, 48.04322649906224], [-83.35335299999997, 48.043720299062265], [-83.3520423, 48.0444039990623]]}, "properties": {"OBJECTID": 49094482}}, {"type": "Feature", "id": 49103778, "geometry": {"type": "LineString", "coordinates": [[-84.36648099999996, 48.656398999064656], [-84.36402449999997, 48.65847809906466], [-84.3636105, 48.658864499064705], [-84.3633625, 48.65919179906467], [-84.3632212, 48.6595573990647], [-84.36314539999995, 48.65996959906466], [-84.36316399999998, 48.66039289906469], [-84.36321199999998, 48.66067969906466]]}, "properties": {"OBJECTID": 49103778}}, {"type": "Feature", "id": 49103794, "geometry": {"type": "LineString", "coordinates": [[-84.35040939999999, 48.70076239906485], [-84.34982159999998, 48.70138429906486], [-84.34868119999999, 48.70239269906486], [-84.34826949999996, 48.70272509906485], [-84.34781799999996, 48.70303859906485], [-84.34679719999997, 48.70358189906485], [-84.34454469999997, 48.70453769906486], [-84.3438554, 48.70480919906484]]}, "properties": {"OBJECTID": 49103794}}, {"type": "Feature", "id": 49107922, "geometry": {"type": "LineString", "coordinates": [[-81.82369739999996, 47.640156399060935], [-81.82218139999998, 47.64111209906097], [-81.8213002, 47.64180219906095], [-81.81979309999997, 47.64333369906095], [-81.81592979999999, 47.64747319906097], [-81.81484229999995, 47.64860569906096], [-81.81451599999997, 47.64903089906096], [-81.81424279999999, 47.649446699060945], [-81.8140358, 47.64983509906095], [-81.81393699999995, 47.65033069906099], [-81.81389079999997, 47.650789899060946], [-81.81392499999998, 47.65127549906094], [-81.8139066, 47.651806499060974], [-81.814098, 47.653838699060955], [-81.8141192, 47.65434239906097], [-81.8140871, 47.65484649906098], [-81.81398819999998, 47.65534209906101], [-81.81382239999999, 47.65581119906097], [-81.813603, 47.65626259906101], [-81.81331659999995, 47.656687499061], [-81.81298999999996, 47.65709469906098], [-81.81262299999997, 47.65747519906098], [-81.8117542, 47.658129199060994], [-81.81127909999998, 47.65841149906097], [-81.81076379999996, 47.658676099061005], [-81.81022129999997, 47.658904899061], [-81.80963839999998, 47.65910699906099], [-81.80644229999996, 47.659993299060964], [-81.80580699999996, 47.660249699060984], [-81.80383129999996, 47.66082139906101], [-81.80316879999998, 47.66104199906099], [-81.80123599999996, 47.661811299060986], [-81.79815439999999, 47.66323639906101], [-81.79700439999999, 47.66381129906101], [-81.79238649999996, 47.665980799060996]]}, "properties": {"OBJECTID": 49107922}}, {"type": "Feature", "id": 49107938, "geometry": {"type": "LineString", "coordinates": [[-81.7791335, 47.6967350990611], [-81.78019589999997, 47.69692159906109], [-81.7811036, 47.697014399061096], [-81.78265019999998, 47.697048899061116], [-81.78418189999996, 47.696984399061115], [-81.78527539999999, 47.69702199906109], [-81.786383, 47.6971132990611], [-81.78702469999996, 47.69724389906113], [-81.78737289999998, 47.6973584990611], [-81.78863389999998, 47.69789869906109], [-81.79003179999995, 47.69834129906114]]}, "properties": {"OBJECTID": 49107938}}, {"type": "Feature", "id": 49108082, "geometry": {"type": "LineString", "coordinates": [[-81.9283342, 47.8169532990615], [-81.92826979999995, 47.81699109906148], [-81.9280197, 47.817199999061486], [-81.92770539999998, 47.81755349906151], [-81.92655559999997, 47.819002399061524], [-81.92637399999995, 47.81930969906151], [-81.92606539999997, 47.819987099061535], [-81.92564449999998, 47.82110619906151], [-81.92538669999999, 47.82163909906153], [-81.92401049999995, 47.82313479906154], [-81.92245689999999, 47.82442489906149], [-81.9221948, 47.824714999061534], [-81.92111289999997, 47.82624419906152], [-81.9209181, 47.826560699061524], [-81.92064769999996, 47.82713869906155], [-81.92042619999995, 47.827455399061535], [-81.9202158, 47.82764599906153], [-81.91959539999999, 47.82807389906156], [-81.91934549999996, 47.82830079906153], [-81.91899209999997, 47.82871759906152], [-81.9185458, 47.829170999061546], [-81.9175449, 47.82999779906153], [-81.91725019999996, 47.830193199061526]]}, "properties": {"OBJECTID": 49108082}}, {"type": "Feature", "id": 49108098, "geometry": {"type": "LineString", "coordinates": [[-82.08150749999999, 47.82311509906148], [-82.08219969999999, 47.823326999061514], [-82.08252289999996, 47.82344989906151], [-82.08364369999998, 47.824024199061505], [-82.08460109999999, 47.82444699906152], [-82.08483079999996, 47.824570799061505], [-82.08537529999995, 47.82505149906152], [-82.08625559999996, 47.82561909906155], [-82.0874129, 47.82657239906153]]}, "properties": {"OBJECTID": 49108098}}, {"type": "Feature", "id": 49117106, "geometry": {"type": "LineString", "coordinates": [[-81.21311639999999, 48.47797029906394], [-81.21312169999999, 48.47869749906391]]}, "properties": {"OBJECTID": 49117106}}, {"type": "Feature", "id": 49118066, "geometry": {"type": "LineString", "coordinates": [[-81.7259406, 47.675970999061015], [-81.72501439999996, 47.676426799061026]]}, "properties": {"OBJECTID": 49118066}}, {"type": "Feature", "id": 49118898, "geometry": {"type": "LineString", "coordinates": [[-81.34030419999999, 48.46702469906388], [-81.3402676, 48.467056599063895], [-81.34023979999995, 48.46710099906387], [-81.3402188, 48.46715469906388], [-81.34020709999999, 48.467229299063895], [-81.34019799999999, 48.467456499063886]]}, "properties": {"OBJECTID": 49118898}}, {"type": "Feature", "id": 49120850, "geometry": {"type": "LineString", "coordinates": [[-81.33202879999999, 48.46408469906384], [-81.33327929999996, 48.46408489906389]]}, "properties": {"OBJECTID": 49120850}}, {"type": "Feature", "id": 49120930, "geometry": {"type": "LineString", "coordinates": [[-81.534672, 48.290022599063185], [-81.53463399999998, 48.29026569906318], [-81.53464929999996, 48.2904365990632], [-81.534987, 48.291793499063225], [-81.53505619999999, 48.291964199063145], [-81.5351655, 48.292098599063195], [-81.5355318, 48.29232179906318], [-81.53612819999995, 48.292624899063206], [-81.53650809999999, 48.29284809906319], [-81.53667139999999, 48.292991299063196], [-81.53679439999996, 48.29315259906322], [-81.53686449999998, 48.29341319906322], [-81.536947, 48.29356579906318], [-81.53709659999998, 48.293690999063195], [-81.5383713, 48.29438679906322], [-81.5386284, 48.294475599063176], [-81.53891189999996, 48.294510199063225], [-81.53941019999996, 48.29445389906319], [-81.53962459999997, 48.294335999063215], [-81.53981169999997, 48.29417309906319], [-81.5401445, 48.29376669906322], [-81.5405958, 48.293098799063166], [-81.54068909999995, 48.29299939906321], [-81.54087679999998, 48.29289959906317], [-81.54109209999996, 48.29285359906317], [-81.54129439999997, 48.2928615990632], [-81.5414025, 48.29288809906319], [-81.54220199999997, 48.29327119906323], [-81.54245849999995, 48.29329699906315], [-81.54266009999998, 48.293242099063214], [-81.54282079999996, 48.293142299063156], [-81.54290089999995, 48.293060999063194], [-81.54303319999997, 48.29282649906322], [-81.54315059999999, 48.29245699906318], [-81.5432836, 48.292285499063205], [-81.5434712, 48.292176599063176], [-81.54403529999996, 48.2919759990632], [-81.54426309999997, 48.2918399990632], [-81.5445704, 48.291577599063196], [-81.54515629999997, 48.29089109906316], [-81.54538359999998, 48.290719099063196], [-81.54565199999996, 48.29060089906318], [-81.54594779999996, 48.29052749906316], [-81.54625769999996, 48.29050799906321], [-81.54658139999998, 48.29052449906317], [-81.54768949999999, 48.29077109906319], [-81.54854, 48.290874999063185], [-81.5492294, 48.291042699063226], [-81.54956769999995, 48.2911669990632], [-81.55027209999997, 48.2914784990632], [-81.55109679999998, 48.291690499063186], [-81.5512999, 48.2917704990632], [-81.55223509999996, 48.29223379906319], [-81.5525055, 48.29230449906317], [-81.5528157, 48.292311999063195], [-81.55373129999998, 48.292199599063174], [-81.5540681, 48.2921799990632], [-81.5543515, 48.29220569906318], [-81.5545679, 48.292267599063166], [-81.55520609999996, 48.2926873990632], [-81.55549049999996, 48.292802899063204], [-81.556153, 48.29297969906321], [-81.55769279999998, 48.293233099063166], [-81.55823279999998, 48.293302499063216], [-81.55987879999998, 48.2934113990632], [-81.56010889999999, 48.29349129906319], [-81.5602318, 48.29363459906319], [-81.56027339999997, 48.293733399063186], [-81.56036029999996, 48.294290799063184], [-81.56032469999997, 48.2947317990632], [-81.56023399999998, 48.295065099063216], [-81.56006919999999, 48.29601959906321], [-81.56008689999999, 48.2964063990632], [-81.5602293, 48.29709839906322], [-81.56023189999996, 48.29734129906322], [-81.56028799999996, 48.297538999063214], [-81.56041109999995, 48.29770029906321], [-81.5614726, 48.29858579906322], [-81.56165019999997, 48.298800899063195], [-81.56176049999999, 48.299025199063216], [-81.5617502, 48.29931319906323], [-81.56168449999996, 48.2994664990632], [-81.5613118, 48.29990909906322], [-81.56109779999997, 48.30007209906322], [-81.56017219999995, 48.300508499063234], [-81.55974249999997, 48.30067249906322], [-81.55877479999998, 48.30096509906324], [-81.55846609999998, 48.30109259906322], [-81.55819819999999, 48.301255799063235], [-81.55797109999997, 48.30145479906325], [-81.55779809999996, 48.301662599063256], [-81.5576792, 48.30188809906324], [-81.55761409999997, 48.3021042990632], [-81.55777859999995, 48.30358799906327], [-81.55788839999997, 48.30376739906323], [-81.55809269999997, 48.30394629906322], [-81.55931369999996, 48.30462419906325], [-81.55985699999997, 48.304981399063244], [-81.5603855, 48.30521269906324], [-81.56104859999999, 48.305425399063274], [-81.56282059999995, 48.30591159906322], [-81.56388829999997, 48.30613129906323], [-81.56469979999997, 48.30634319906324], [-81.56537779999996, 48.30667279906323], [-81.56704839999998, 48.307744099063264], [-81.56729259999997, 48.307877899063286], [-81.56752279999995, 48.307957699063266], [-81.56769809999997, 48.30795689906326], [-81.56794019999995, 48.307901699063216], [-81.56840899999997, 48.30761149906322], [-81.56905029999996, 48.30706849906324], [-81.56931839999999, 48.306923199063256], [-81.56964109999996, 48.30684069906324], [-81.5708937, 48.30669049906323], [-81.5734941, 48.30647959906326], [-81.5742894, 48.30644869906326], [-81.5746135, 48.30649199906328], [-81.57484399999998, 48.306598799063245], [-81.57499439999998, 48.30678699906325], [-81.57506379999995, 48.30816319906326], [-81.57518669999996, 48.30949409906322], [-81.5752554, 48.309610699063235], [-81.57540509999995, 48.30972689906328], [-81.57555389999999, 48.309771099063276], [-81.57582379999997, 48.309778799063245], [-81.57613349999997, 48.30974129906327], [-81.5766041, 48.30961289906327], [-81.57763469999998, 48.30891499906324], [-81.5790278, 48.308080299063256], [-81.57928269999996, 48.30796209906322], [-81.57994149999996, 48.30777879906321]]}, "properties": {"OBJECTID": 49120930}}, {"type": "Feature", "id": 49123250, "geometry": {"type": "LineString", "coordinates": [[-81.34514589999998, 48.476120099063905], [-81.34515209999995, 48.47684019906393]]}, "properties": {"OBJECTID": 49123250}}, {"type": "Feature", "id": 49123746, "geometry": {"type": "LineString", "coordinates": [[-81.96660099999997, 48.23688359906295], [-81.9742642, 48.23760159906295], [-81.97462909999996, 48.237670499063]]}, "properties": {"OBJECTID": 49123746}}, {"type": "Feature", "id": 49148354, "geometry": {"type": "LineString", "coordinates": [[-84.78202959999999, 47.977473399062035], [-84.78175119999997, 47.97816109906204], [-84.7810184, 47.97999559906203], [-84.78087799999997, 47.98033829906205], [-84.78076019999997, 47.98072019906204], [-84.78065669999995, 47.98109489906204], [-84.78059239999999, 47.98145539906205], [-84.7805318, 47.98193729906207], [-84.78046039999998, 47.98279029906207], [-84.7803442, 47.98445489906205]]}, "properties": {"OBJECTID": 49148354}}, {"type": "Feature", "id": 49148450, "geometry": {"type": "LineString", "coordinates": [[-81.69033389999998, 48.33639069906337], [-81.68964819999997, 48.33657469906337], [-81.68843929999997, 48.33698679906337], [-81.68731259999998, 48.337488399063396], [-81.68630819999998, 48.33806109906335], [-81.68360629999995, 48.33984959906338], [-81.68253579999998, 48.34053069906341], [-81.68193449999995, 48.34097509906339]]}, "properties": {"OBJECTID": 49148450}}, {"type": "Feature", "id": 49152402, "geometry": {"type": "LineString", "coordinates": [[-81.3434059, 48.47319739906388], [-81.34133069999996, 48.47320109906392]]}, "properties": {"OBJECTID": 49152402}}, {"type": "Feature", "id": 49154370, "geometry": {"type": "LineString", "coordinates": [[-84.54380979999996, 48.352404299063444], [-84.5438203, 48.35246749906344], [-84.5437594, 48.35261019906342], [-84.54365809999996, 48.352751999063415], [-84.54365159999998, 48.35288679906342]]}, "properties": {"OBJECTID": 49154370}}, {"type": "Feature", "id": 49155474, "geometry": {"type": "LineString", "coordinates": [[-84.7723378, 47.99670569906209], [-84.77234439999995, 47.997569799062106]]}, "properties": {"OBJECTID": 49155474}}, {"type": "Feature", "id": 49171522, "geometry": {"type": "LineString", "coordinates": [[-81.32958829999995, 48.48597429906395], [-81.329995, 48.48607209906391], [-81.33026659999996, 48.48622429906393], [-81.33082409999997, 48.48661849906395], [-81.33101629999999, 48.486724899063944]]}, "properties": {"OBJECTID": 49171522}}, {"type": "Feature", "id": 49171538, "geometry": {"type": "LineString", "coordinates": [[-81.35682589999999, 48.48142309906394], [-81.35682799999995, 48.483652999063935]]}, "properties": {"OBJECTID": 49171538}}, {"type": "Feature", "id": 49171554, "geometry": {"type": "LineString", "coordinates": [[-81.35920919999995, 48.479745799063956], [-81.3588575, 48.47974819906391]]}, "properties": {"OBJECTID": 49171554}}, {"type": "Feature", "id": 49171570, "geometry": {"type": "LineString", "coordinates": [[-81.20159229999996, 48.49153799906399], [-81.20268489999995, 48.49154179906401]]}, "properties": {"OBJECTID": 49171570}}, {"type": "Feature", "id": 49171586, "geometry": {"type": "LineString", "coordinates": [[-81.36871599999995, 48.479745199063935], [-81.36952209999998, 48.47974669906393]]}, "properties": {"OBJECTID": 49171586}}, {"type": "Feature", "id": 49171602, "geometry": {"type": "LineString", "coordinates": [[-81.15939459999998, 48.494333499064005], [-81.15899989999997, 48.49435449906401], [-81.1587965, 48.494360699063975], [-81.15859359999996, 48.49437159906399], [-81.15818989999997, 48.494406999064], [-81.15798969999997, 48.49443159906401], [-81.15779089999995, 48.494460599063984], [-81.15720489999995, 48.49457469906402], [-81.15701389999998, 48.49462149906402], [-81.15680999999995, 48.49468009906401]]}, "properties": {"OBJECTID": 49171602}}, {"type": "Feature", "id": 49177986, "geometry": {"type": "LineString", "coordinates": [[-84.0836372, 48.310085499063256], [-84.08428649999996, 48.31052489906326], [-84.08501619999998, 48.31097529906324], [-84.0853894, 48.31129069906327], [-84.0858341, 48.31153589906326], [-84.08599369999996, 48.311575999063244], [-84.0861362, 48.311678599063285], [-84.08638869999999, 48.31198189906328], [-84.08708839999997, 48.31248549906328], [-84.08749269999998, 48.31272969906328], [-84.08783419999997, 48.31289129906329], [-84.08820679999997, 48.31298179906329], [-84.08866419999998, 48.31300239906325], [-84.08887089999996, 48.31292659906327], [-84.08955089999995, 48.312592899063276], [-84.09001119999999, 48.31232559906326], [-84.09031619999996, 48.312180399063294]]}, "properties": {"OBJECTID": 49177986}}, {"type": "Feature", "id": 49182914, "geometry": {"type": "LineString", "coordinates": [[-81.59074869999995, 48.12565359906256], [-81.59147959999996, 48.12727829906255], [-81.59529189999995, 48.13620159906262], [-81.59563969999999, 48.13722549906258], [-81.59573129999995, 48.138169699062644], [-81.59573699999999, 48.13866449906259], [-81.5955735, 48.139636999062645], [-81.5951182, 48.14094399906265], [-81.5944237, 48.14250399906264], [-81.59192389999998, 48.14839199906263], [-81.59158539999999, 48.149356399062675], [-81.59132199999999, 48.14983459906266], [-81.58925389999996, 48.15473959906268], [-81.58714459999999, 48.15959979906269], [-81.58697519999998, 48.16007749906266], [-81.5865422, 48.16102439906271], [-81.58637249999998, 48.161475099062685], [-81.58398799999998, 48.16702039906271], [-81.58282259999999, 48.16980639906272], [-81.58247029999995, 48.17076179906275], [-81.58232779999997, 48.17124839906273], [-81.58204889999996, 48.17275229906273], [-81.58197969999998, 48.17376929906272], [-81.58198549999997, 48.17428209906275], [-81.58215629999995, 48.17629649906278], [-81.58305999999999, 48.18481209906281], [-81.58318499999996, 48.1863498990628], [-81.58344199999999, 48.18884079906282], [-81.58349189999996, 48.18967719906278], [-81.58348389999998, 48.190154099062816], [-81.58340049999998, 48.19110819906283], [-81.5832231, 48.192071799062795], [-81.58313139999996, 48.19229719906283]]}, "properties": {"OBJECTID": 49182914}}, {"type": "Feature", "id": 49183538, "geometry": {"type": "LineString", "coordinates": [[-81.46742939999996, 48.4275595990637], [-81.466904, 48.427759699063714], [-81.46511069999997, 48.42825279906369], [-81.46439669999995, 48.428525499063745], [-81.4622286, 48.42944289906373], [-81.46062659999996, 48.43017809906375], [-81.45826999999997, 48.431195099063736], [-81.45781219999998, 48.431394799063725], [-81.45773079999998, 48.431368199063705], [-81.45692629999996, 48.43059769906373]]}, "properties": {"OBJECTID": 49183538}}, {"type": "Feature", "id": 49201602, "geometry": {"type": "LineString", "coordinates": [[-80.86440919999995, 48.55351349906421], [-80.86427779999997, 48.55355729906423], [-80.8641055, 48.55360349906422], [-80.86395849999997, 48.55363069906424], [-80.86375219999996, 48.553668599064245], [-80.8636912, 48.553682799064255]]}, "properties": {"OBJECTID": 49201602}}, {"type": "Feature", "id": 49201618, "geometry": {"type": "LineString", "coordinates": [[-80.8650146, 48.552264999064235], [-80.8654788, 48.55235959906425]]}, "properties": {"OBJECTID": 49201618}}, {"type": "Feature", "id": 49201650, "geometry": {"type": "LineString", "coordinates": [[-80.86452379999997, 48.55977209906426], [-80.86473749999999, 48.55990779906425], [-80.86478039999997, 48.55998069906429], [-80.864778, 48.56006489906429], [-80.86467449999998, 48.560143399064245], [-80.86450449999995, 48.56017459906426], [-80.86434309999999, 48.560184399064255], [-80.8641409, 48.56015989906426], [-80.86393019999997, 48.56009109906425], [-80.8637496, 48.56005939906424], [-80.86339019999997, 48.560074699064266], [-80.86314899999996, 48.560154499064254], [-80.86312749999996, 48.56016869906425], [-80.86307999999997, 48.56023569906426], [-80.8630905, 48.56031569906428], [-80.86318499999999, 48.56039439906425], [-80.86358249999995, 48.560586199064275], [-80.863765, 48.56072639906426], [-80.86391269999996, 48.56099789906426], [-80.86405639999998, 48.56116229906427], [-80.8641657, 48.56132239906424], [-80.86421689999997, 48.56151669906428], [-80.8642466, 48.56167099906429], [-80.86432779999996, 48.56186249906427], [-80.86435319999998, 48.56201389906425], [-80.86443659999998, 48.56223529906424], [-80.8645391, 48.56250399906428], [-80.8646976, 48.56277119906429], [-80.86487119999998, 48.56304559906426], [-80.86501909999998, 48.563242899064285], [-80.86525309999996, 48.56346449906426], [-80.86550209999996, 48.56368619906425], [-80.86580079999999, 48.56383219906428], [-80.865949, 48.563909499064266], [-80.8660779, 48.5640124990643], [-80.86618289999996, 48.564169699064294], [-80.86645019999997, 48.564791299064275], [-80.8665398, 48.56507559906425], [-80.86666589999999, 48.565415599064245], [-80.8667666, 48.565575699064276], [-80.86692109999996, 48.56572869906427], [-80.86718529999996, 48.56593179906431], [-80.8674815, 48.56620489906427], [-80.86773899999997, 48.56647509906431], [-80.86790869999999, 48.566589599064294], [-80.86825499999998, 48.566798199064316], [-80.86866979999996, 48.56698999906429], [-80.86876409999996, 48.56713439906431], [-80.868787, 48.567228699064316]]}, "properties": {"OBJECTID": 49201650}}, {"type": "Feature", "id": 49201666, "geometry": {"type": "LineString", "coordinates": [[-80.87447399999996, 48.55637749906421], [-80.87443739999998, 48.55645229906426], [-80.87437849999998, 48.55654399906425], [-80.87428589999996, 48.55670809906425], [-80.87420599999996, 48.55683869906423], [-80.87413859999998, 48.55695269906423], [-80.87411429999997, 48.55700319906422]]}, "properties": {"OBJECTID": 49201666}}, {"type": "Feature", "id": 49201682, "geometry": {"type": "LineString", "coordinates": [[-80.8628314, 48.56754799906431], [-80.86211069999996, 48.567397799064295], [-80.86177229999998, 48.56735169906428], [-80.86156289999997, 48.567336199064265], [-80.86138489999996, 48.56735699906427], [-80.86118379999999, 48.56744809906429], [-80.86100869999996, 48.56750689906426], [-80.86071299999998, 48.56756559906428]]}, "properties": {"OBJECTID": 49201682}}, {"type": "Feature", "id": 49205810, "geometry": {"type": "LineString", "coordinates": [[-81.01656709999997, 48.676634299064766], [-81.01689399999998, 48.676827399064756], [-81.01712039999995, 48.67696159906474], [-81.01745139999997, 48.677060899064756], [-81.01816009999999, 48.67721189906476], [-81.01942429999997, 48.67726609906472], [-81.01967589999998, 48.67720659906477], [-81.02004009999996, 48.67701459906473], [-81.02041079999998, 48.67672329906477], [-81.02056969999995, 48.676637199064736], [-81.02071539999997, 48.67659749906474], [-81.02083449999998, 48.676590799064776], [-81.0210199, 48.676623899064765], [-81.02123179999995, 48.676683499064744], [-81.02147009999999, 48.676796099064774], [-81.02166869999996, 48.67691529906475], [-81.0217614, 48.67700129906475], [-81.0218342, 48.67713369906474], [-81.02194679999997, 48.67725949906477], [-81.022066, 48.67737209906474], [-81.02273589999999, 48.67776789906478], [-81.02293989999998, 48.677948099064764], [-81.02311199999997, 48.67814009906474], [-81.02331729999997, 48.678298999064765], [-81.0236587, 48.67856539906475]]}, "properties": {"OBJECTID": 49205810}}, {"type": "Feature", "id": 49205826, "geometry": {"type": "LineString", "coordinates": [[-81.01118879999996, 48.67148849906471], [-81.01120989999998, 48.6715210990647], [-81.01147889999999, 48.67183709906471], [-81.01163279999997, 48.67206799906472], [-81.01186439999998, 48.672528699064756], [-81.01209979999999, 48.6730818990647], [-81.01220569999998, 48.673352599064756], [-81.01232339999996, 48.67374099906471], [-81.01237049999997, 48.67399999906474], [-81.01241979999998, 48.67437289906476]]}, "properties": {"OBJECTID": 49205826}}, {"type": "Feature", "id": 49209090, "geometry": {"type": "LineString", "coordinates": [[-81.34548509999996, 48.48924739906395], [-81.3454931, 48.49145999906398]]}, "properties": {"OBJECTID": 49209090}}, {"type": "Feature", "id": 49209298, "geometry": {"type": "LineString", "coordinates": [[-81.32553469999999, 48.47207059906387], [-81.3248064, 48.47207829906389]]}, "properties": {"OBJECTID": 49209298}}, {"type": "Feature", "id": 49210786, "geometry": {"type": "LineString", "coordinates": [[-81.16037059999996, 48.495230099063996], [-81.15799379999999, 48.49710779906401]]}, "properties": {"OBJECTID": 49210786}}, {"type": "Feature", "id": 49213762, "geometry": {"type": "LineString", "coordinates": [[-81.20624079999999, 48.48078009906391], [-81.20634319999999, 48.48078089906392]]}, "properties": {"OBJECTID": 49213762}}, {"type": "Feature", "id": 49214370, "geometry": {"type": "LineString", "coordinates": [[-83.39751339999998, 47.841915799061596], [-83.39652029999996, 47.84208449906155], [-83.39646289999996, 47.84209439906157], [-83.39641839999996, 47.84210399906156], [-83.39636659999996, 47.842140699061574]]}, "properties": {"OBJECTID": 49214370}}, {"type": "Feature", "id": 49214610, "geometry": {"type": "LineString", "coordinates": [[-81.33335679999999, 48.48691709906396], [-81.33448009999995, 48.48693179906397], [-81.33506239999997, 48.48698409906397]]}, "properties": {"OBJECTID": 49214610}}, {"type": "Feature", "id": 49215138, "geometry": {"type": "LineString", "coordinates": [[-81.35850499999998, 48.466263499063885], [-81.35249009999995, 48.46695099906385]]}, "properties": {"OBJECTID": 49215138}}, {"type": "Feature", "id": 49227906, "geometry": {"type": "LineString", "coordinates": [[-82.51456079999997, 48.15180439906265], [-82.5144439, 48.151836999062645], [-82.5140533, 48.151955399062665], [-82.51354079999999, 48.152107799062655], [-82.51320929999997, 48.15218169906267], [-82.5128441, 48.15222219906268], [-82.51230659999999, 48.15225009906265]]}, "properties": {"OBJECTID": 49227906}}, {"type": "Feature", "id": 49232562, "geometry": {"type": "LineString", "coordinates": [[-82.5063667, 48.15372209906269], [-82.50591509999998, 48.153710699062685], [-82.50435429999999, 48.153554099062646], [-82.5040128, 48.153582899062656], [-82.50298559999999, 48.15375599906268], [-82.5022272, 48.15372079906267], [-82.5018015, 48.153708999062694], [-82.50149159999995, 48.15375469906269], [-82.5009197, 48.15388709906267], [-82.50018, 48.15413629906265], [-82.4999527, 48.15416699906268], [-82.49971359999995, 48.15415279906267], [-82.49902419999995, 48.15399169906266], [-82.4988085, 48.15397549906264], [-82.49845209999995, 48.15411719906269], [-82.49807339999995, 48.154295599062664], [-82.49790719999999, 48.15446439906264], [-82.4978916, 48.15464159906271], [-82.49794499999996, 48.15487349906266], [-82.4979414, 48.15510609906267], [-82.49788139999998, 48.15518319906267], [-82.49777939999996, 48.15524359906265], [-82.49696229999995, 48.15550759906267], [-82.49685539999996, 48.15557839906266], [-82.49679579999997, 48.155669399062674], [-82.49671659999996, 48.15597589906271], [-82.49661069999996, 48.15608139906266], [-82.49634089999995, 48.156258499062695], [-82.49627079999999, 48.156346199062696], [-82.4962238, 48.15651339906265], [-82.49620809999999, 48.15668709906266], [-82.49620159999995, 48.15753409906268], [-82.49628339999998, 48.15802599906268], [-82.4965555, 48.158997799062675], [-82.49655919999998, 48.15912609906272], [-82.49654189999995, 48.1592443990627], [-82.49631879999998, 48.159778299062694], [-82.49626559999996, 48.16044539906269], [-82.49620419999997, 48.1608314990627], [-82.49603629999996, 48.161482799062725], [-82.49603289999999, 48.161722299062674], [-82.49607499999996, 48.161919599062706], [-82.49621499999995, 48.16209479906271], [-82.49642869999997, 48.16230719906271], [-82.49668699999995, 48.16244959906269], [-82.49699749999996, 48.162601799062685]]}, "properties": {"OBJECTID": 49232562}}, {"type": "Feature", "id": 49232578, "geometry": {"type": "LineString", "coordinates": [[-82.49739459999995, 48.16287429906268], [-82.49805579999997, 48.16330999906269]]}, "properties": {"OBJECTID": 49232578}}, {"type": "Feature", "id": 49232594, "geometry": {"type": "LineString", "coordinates": [[-82.87282809999999, 47.55379839906066], [-82.87280869999995, 47.55392919906067], [-82.872818, 47.554116499060676], [-82.87282639999995, 47.5542745990607], [-82.87284459999995, 47.55440899906067], [-82.87291819999996, 47.55458789906066], [-82.8729874, 47.55464019906064]]}, "properties": {"OBJECTID": 49232594}}, {"type": "Feature", "id": 49243874, "geometry": {"type": "LineString", "coordinates": [[-81.3546111, 48.490598999063984], [-81.35396659999998, 48.49097689906397]]}, "properties": {"OBJECTID": 49243874}}, {"type": "Feature", "id": 49244274, "geometry": {"type": "LineString", "coordinates": [[-81.4656397, 48.471352899063874], [-81.46563789999999, 48.47411479906388], [-81.46561319999995, 48.474366799063915], [-81.46553459999996, 48.47465499906394]]}, "properties": {"OBJECTID": 49244274}}, {"type": "Feature", "id": 49244498, "geometry": {"type": "LineString", "coordinates": [[-81.32718949999997, 48.468599999063905], [-81.32547139999997, 48.46860489906387]]}, "properties": {"OBJECTID": 49244498}}, {"type": "Feature", "id": 49245026, "geometry": {"type": "LineString", "coordinates": [[-81.36729349999996, 48.47392789906392], [-81.36746949999997, 48.47408259906391], [-81.36747969999999, 48.47409819906389], [-81.36748899999998, 48.47411399906393], [-81.36749759999998, 48.474129999063884], [-81.36750539999997, 48.474146099063915], [-81.36751229999999, 48.4741623990639], [-81.36751849999996, 48.47417889906391], [-81.36752379999996, 48.47419549906388], [-81.3675283, 48.47421219906389], [-81.36753189999996, 48.47422899906391], [-81.36753469999996, 48.474245799063894], [-81.36753669999996, 48.4742627990639], [-81.36753779999998, 48.474279699063885], [-81.36753799999997, 48.47428719906394], [-81.36753809999999, 48.47429669906391], [-81.36753759999999, 48.47431359906389], [-81.3675379, 48.474622099063915]]}, "properties": {"OBJECTID": 49245026}}, {"type": "Feature", "id": 49245362, "geometry": {"type": "LineString", "coordinates": [[-81.33566019999995, 48.491440599063985], [-81.3367121, 48.49144119906395]]}, "properties": {"OBJECTID": 49245362}}, {"type": "Feature", "id": 49247010, "geometry": {"type": "LineString", "coordinates": [[-81.32275319999997, 48.48123829906394], [-81.3227564, 48.48177219906393], [-81.32275699999997, 48.48178749906392], [-81.3227569, 48.48180279906394], [-81.32275599999997, 48.4818180990639], [-81.32275419999996, 48.48183329906393], [-81.32275169999997, 48.48184849906392], [-81.3227483, 48.48186359906391], [-81.32274419999999, 48.48187869906395], [-81.3227392, 48.481893599063945], [-81.32273349999997, 48.48190839906392], [-81.32272769999997, 48.4819214990639], [-81.32272699999999, 48.48192309906392], [-81.32271979999996, 48.481937599063954], [-81.32271179999998, 48.48195189906392], [-81.32270299999999, 48.48196609906394], [-81.32269349999996, 48.48197999906394], [-81.3226833, 48.48199369906395], [-81.32267229999997, 48.48200719906392], [-81.32266069999997, 48.48202029906396], [-81.32264829999997, 48.48203319906396], [-81.3226353, 48.48204589906392], [-81.32262169999996, 48.48205819906395], [-81.32260739999998, 48.48207009906396], [-81.32259249999998, 48.48208179906391], [-81.3225769, 48.48209309906396], [-81.32256079999996, 48.48210399906395], [-81.32254419999998, 48.48211449906394], [-81.32233579999996, 48.48227599906394]]}, "properties": {"OBJECTID": 49247010}}, {"type": "Feature", "id": 49247874, "geometry": {"type": "LineString", "coordinates": [[-81.44125639999999, 48.43662349906373], [-81.44102929999997, 48.43693929906373], [-81.44090189999997, 48.437145099063734], [-81.4407895, 48.43735399906375], [-81.44069299999995, 48.437572199063766], [-81.4406141, 48.43780889906379], [-81.44055379999998, 48.43801319906374], [-81.44051299999995, 48.43821869906379], [-81.44048409999999, 48.43845419906376], [-81.44047639999997, 48.43867769906376], [-81.44048879999997, 48.43891839906377], [-81.4405213, 48.439141299063756], [-81.44056519999998, 48.43934409906377], [-81.44062339999999, 48.43957299906374], [-81.44069299999995, 48.43977729906376], [-81.44131039999996, 48.441230299063776]]}, "properties": {"OBJECTID": 49247874}}, {"type": "Feature", "id": 49248642, "geometry": {"type": "LineString", "coordinates": [[-85.42750189999998, 48.169029199062706], [-85.42716429999996, 48.16951049906271], [-85.4269028, 48.16970479906273], [-85.42653489999998, 48.16986169906271], [-85.42566749999997, 48.17007479906272], [-85.4243831, 48.170291099062744], [-85.42397669999997, 48.170384499062706], [-85.42321499999997, 48.170661999062766], [-85.42241429999996, 48.17089389906271], [-85.42161549999997, 48.17106289906274], [-85.42123709999998, 48.17112069906272], [-85.42084689999996, 48.17112429906274], [-85.4200702, 48.1710146990627], [-85.41966679999996, 48.17100909906276], [-85.41927519999996, 48.171057699062715], [-85.41853049999997, 48.17121839906275], [-85.41815269999995, 48.17125819906273], [-85.41774879999997, 48.17127059906272], [-85.41737039999998, 48.17132839906276], [-85.41707119999995, 48.171432299062765], [-85.41682419999995, 48.171590799062756], [-85.4166568, 48.171786399062746], [-85.4165552, 48.17202799906273], [-85.41655979999996, 48.17231589906272], [-85.41667709999996, 48.17287539906273], [-85.41662789999998, 48.17316259906273], [-85.4164313, 48.17342979906273], [-85.41612829999997, 48.17365959906272], [-85.41571969999995, 48.173824899062716], [-85.41477129999998, 48.17404579906277], [-85.41428279999997, 48.17418299906275], [-85.41282519999999, 48.17477469906272], [-85.41094299999997, 48.175612399062764], [-85.41002789999999, 48.176058599062756], [-85.40956459999995, 48.176250099062734], [-85.40670939999995, 48.177227299062764], [-85.40621919999995, 48.17741839906276], [-85.4052365, 48.17787259906274], [-85.40319189999997, 48.17873499906276], [-85.40177019999999, 48.179461999062745], [-85.40127939999996, 48.179671099062745], [-85.40024649999998, 48.180007599062755], [-85.39609289999999, 48.18119139906278], [-85.39561629999997, 48.181373699062725], [-85.39431859999996, 48.18200329906278], [-85.39384229999996, 48.1821765990628], [-85.39279869999996, 48.182422999062794], [-85.3917295, 48.18262389906276], [-85.39122799999996, 48.18274289906281], [-85.39073879999995, 48.18289799906278], [-85.38937679999998, 48.18342769906279], [-85.38846539999997, 48.18374789906278], [-85.38700029999995, 48.18413219906279], [-85.38559179999999, 48.1844272990628], [-85.38518439999996, 48.184547599062796], [-85.38439509999995, 48.18483339906276], [-85.38394729999999, 48.184952999062766], [-85.3821451, 48.18535959906279], [-85.3811983, 48.1855171990628], [-85.38025009999996, 48.18571969906282], [-85.37784919999996, 48.1863336990628], [-85.37605669999999, 48.1868571990628], [-85.3756644, 48.186923599062766], [-85.37524779999995, 48.1869087990628], [-85.37437929999999, 48.18671649906282], [-85.37389709999997, 48.18664669906281], [-85.3733866, 48.186621499062774], [-85.37284779999999, 48.186640899062816], [-85.36976949999996, 48.18697509906281], [-85.36886389999995, 48.18710619906278], [-85.36843059999995, 48.187190099062775], [-85.36802319999998, 48.18731019906278], [-85.36689059999998, 48.18780699906279], [-85.3650255, 48.18849129906279], [-85.36343389999996, 48.1890353990628], [-85.3629297, 48.189235199062814], [-85.3601999, 48.19044689906283], [-85.35848429999999, 48.19107919906284], [-85.3580364, 48.19119879906279], [-85.35757619999998, 48.19128219906283], [-85.35598539999995, 48.191376399062804], [-85.35445069999997, 48.19139939906281], [-85.35311939999997, 48.191371399062824], [-85.35272759999998, 48.19141969906282], [-85.35234789999998, 48.191513299062784], [-85.35028839999995, 48.19237439906279], [-85.34984099999997, 48.19247599906278], [-85.34764139999999, 48.192669299062835], [-85.34652839999995, 48.192968199062776], [-85.3461471, 48.19310669906284], [-85.3457914, 48.19329049906284], [-85.34429309999996, 48.19426759906283], [-85.34337539999996, 48.194767299062825], [-85.34278799999998, 48.1950376990628], [-85.34244769999998, 48.1951587990628], [-85.34208159999997, 48.19524349906281], [-85.34090529999997, 48.1954153990628], [-85.340555, 48.195428399062834], [-85.34023329999997, 48.19538769906282], [-85.33993939999999, 48.195320499062845], [-85.33968709999999, 48.195217899062854], [-85.33873869999996, 48.19458339906279], [-85.33848689999996, 48.194462799062784], [-85.33751279999996, 48.19420579906281], [-85.33545609999999, 48.194139999062806], [-85.3343476, 48.19429489906283], [-85.33379229999997, 48.194403799062826], [-85.33277419999996, 48.19467689906284], [-85.3313119, 48.194952599062816], [-85.33041679999997, 48.19516459906279], [-85.33002089999997, 48.19533879906279], [-85.32924049999997, 48.195750299062844], [-85.32842139999997, 48.196107299062795], [-85.32664999999997, 48.19678329906286], [-85.32568499999996, 48.197075099062815], [-85.3252493, 48.19723069906284], [-85.32487989999998, 48.19741429906284], [-85.32461699999999, 48.19763539906283], [-85.32440789999998, 48.197857299062825], [-85.32398619999998, 48.19840899906284], [-85.32305459999998, 48.199735999062845], [-85.3224141, 48.200392399062814], [-85.3222313, 48.200632699062844], [-85.32210199999997, 48.20088269906284], [-85.32191039999998, 48.20139279906282], [-85.32176849999996, 48.20161559906285], [-85.32137919999997, 48.20199679906284], [-85.32064919999999, 48.202507999062846], [-85.32036139999997, 48.20266579906286], [-85.31967989999998, 48.20292569906286], [-85.31900199999995, 48.203077799062854], [-85.31865159999995, 48.20309059906281], [-85.31804769999997, 48.203036799062836], [-85.31751309999999, 48.20292099906283], [-85.31726049999997, 48.20282729906285], [-85.31671719999997, 48.202567499062866], [-85.31638469999996, 48.202445599062855], [-85.316037, 48.20237759906286], [-85.31568779999998, 48.20235439906288], [-85.31462389999996, 48.202374799062845], [-85.3142454, 48.20242329906285], [-85.31393309999999, 48.20250869906285], [-85.31361899999996, 48.20264799906284], [-85.31301349999995, 48.20305299906285], [-85.31248779999999, 48.20348609906285], [-85.31230549999998, 48.203708399062876], [-85.31221739999995, 48.203931999062846], [-85.31213179999997, 48.204488599062884], [-85.31204159999999, 48.20477519906287], [-85.31191139999999, 48.20505219906285], [-85.31174199999998, 48.20529259906283], [-85.31080809999997, 48.206268599062874], [-85.3104649, 48.20647049906287], [-85.31004309999997, 48.20660829906287], [-85.30875259999999, 48.20696719906286], [-85.30825239999996, 48.20703179906288], [-85.30775409999995, 48.20704249906284], [-85.30725719999998, 48.20700809906284], [-85.30680209999997, 48.20692949906285], [-85.3063889, 48.20680639906285], [-85.30600379999998, 48.20664779906289], [-85.30489269999998, 48.20605559906286], [-85.30459099999996, 48.20581719906286], [-85.3043434, 48.205570599062895], [-85.30413669999996, 48.20530659906288], [-85.30401079999996, 48.20504389906286], [-85.30395279999999, 48.204764099062864], [-85.30401239999998, 48.20418009906286], [-85.30400879999996, 48.20388319906284], [-85.30392409999996, 48.203593999062846], [-85.30357479999998, 48.20276109906287], [-85.3035433, 48.20249069906282], [-85.30361949999997, 48.20222189906286], [-85.3041571, 48.20142909906288], [-85.30437789999996, 48.20085649906287], [-85.30441429999996, 48.20056919906283], [-85.3043831, 48.20028979906282], [-85.30427159999999, 48.200000199062856], [-85.30407869999999, 48.1997274990628], [-85.30359819999995, 48.19919849906284], [-85.30332369999996, 48.19895149906284], [-85.30302119999999, 48.198740099062825], [-85.3026774, 48.19855509906282], [-85.30229149999997, 48.19842349906287], [-85.30187709999996, 48.19833639906284], [-85.301421, 48.198293599062815], [-85.30043719999998, 48.198333099062815], [-85.29905959999996, 48.19848359906283], [-85.29817839999998, 48.19867749906283], [-85.29696899999999, 48.19902849906281], [-85.2961843, 48.19915179906284], [-85.29536259999998, 48.19917559906287], [-85.292981, 48.19915829906282], [-85.29197039999997, 48.19919729906285], [-85.291024, 48.19932709906282], [-85.28968179999998, 48.1996220990628], [-85.28889199999998, 48.19989819906284], [-85.28781279999998, 48.20037699906283], [-85.28703589999998, 48.20067139906285], [-85.28578449999998, 48.20106659906286], [-85.28457499999996, 48.20141739906284], [-85.28100459999996, 48.20233579906282], [-85.27898629999999, 48.202719499062816], [-85.2781986, 48.20293259906282], [-85.27748909999997, 48.203218899062854], [-85.2762267, 48.20393769906286], [-85.27584489999998, 48.20408499906285], [-85.27541049999996, 48.20419539906284], [-85.27495069999998, 48.204260499062855], [-85.27352109999998, 48.204346999062885], [-85.27254819999996, 48.20445829906283], [-85.27162709999999, 48.20463339906286], [-85.27033789999996, 48.20494689906288], [-85.26947289999998, 48.20505089906285], [-85.26858599999997, 48.20501049906285], [-85.26814439999998, 48.204931899062856], [-85.26773069999996, 48.20482669906285], [-85.26650609999996, 48.204421299062865], [-85.2657625, 48.204122199062866], [-85.26502189999997, 48.20373309906284], [-85.26462379999998, 48.203565199062844], [-85.26194849999996, 48.202678999062876], [-85.26057659999998, 48.20225339906285], [-85.25971289999995, 48.20192539906288], [-85.25893079999997, 48.20157159906285], [-85.25660349999998, 48.20034869906282], [-85.25627179999998, 48.200208699062834], [-85.2558707, 48.20013069906286], [-85.25545369999998, 48.20012429906285], [-85.2550349, 48.20017199906283], [-85.25418129999997, 48.20033889906285], [-85.2529563, 48.20074319906286], [-85.25131979999998, 48.20137509906282], [-85.25055759999998, 48.201624399062844], [-85.24985169999997, 48.20180259906283], [-85.2492011, 48.20193669906286], [-85.24809189999996, 48.202099699062856], [-85.24768739999996, 48.20212059906282], [-85.24650359999998, 48.20210249906284], [-85.2444506, 48.20231409906285], [-85.24287399999997, 48.20237099906286], [-85.24169899999998, 48.20248799906285], [-85.24001629999998, 48.202498199062866], [-85.239598, 48.202527799062864], [-85.23920479999998, 48.202611699062864], [-85.23846729999997, 48.20292429906284], [-85.23808599999995, 48.203053399062874], [-85.2376941, 48.20310139906287], [-85.23728989999995, 48.203113199062855], [-85.23563559999997, 48.203078799062844], [-85.23480429999995, 48.20298509906285], [-85.23433409999996, 48.20295989906283], [-85.23337749999996, 48.202990199062874], [-85.23202729999997, 48.20311339906284], [-85.23162349999996, 48.20311609906288], [-85.23088539999998, 48.203050799062844], [-85.23048189999997, 48.20304459906283], [-85.23003609999995, 48.20309169906284], [-85.22857299999998, 48.203366099062876], [-85.22807309999996, 48.20342139906286], [-85.2248353, 48.203641299062845], [-85.2243886, 48.20371539906286], [-85.22282159999997, 48.20426699906287], [-85.2216257, 48.20459939906284], [-85.22128349999997, 48.204764999062846], [-85.22099409999998, 48.20495849906286], [-85.22046699999999, 48.20540919906285], [-85.22017739999995, 48.20561169906286], [-85.21984859999998, 48.205777499062854], [-85.21948069999996, 48.20590679906288], [-85.21910019999996, 48.206008899062866], [-85.2182881, 48.20614019906289], [-85.21743679999997, 48.206234999062886], [-85.21700349999998, 48.20630929906288], [-85.21656899999999, 48.206419499062875], [-85.2154205, 48.2069324990629], [-85.21509069999996, 48.207125299062874], [-85.21482729999997, 48.20734619906287], [-85.2146171, 48.20758579906285], [-85.2141052, 48.20836959906287], [-85.21386809999996, 48.20860889906286], [-85.21335469999997, 48.20905079906285], [-85.21292069999998, 48.20952989906285], [-85.21253989999997, 48.210027799062885], [-85.21229019999998, 48.210239899062884], [-85.2112358, 48.21075429906288], [-85.21093289999999, 48.210947499062904], [-85.21070979999996, 48.2111689990629], [-85.2103027, 48.21164849906289], [-85.20995819999996, 48.211877099062896], [-85.20812329999995, 48.2127661990629], [-85.20769719999998, 48.21302049906289], [-85.20732379999998, 48.213302599062885], [-85.20701649999995, 48.21362169906289], [-85.20677519999998, 48.21397779906288], [-85.20658679999997, 48.214361799062864], [-85.20614169999999, 48.21554249906291], [-85.20596599999999, 48.2163314990629], [-85.20595279999998, 48.216709199062905], [-85.20608969999995, 48.2177999990629], [-85.2061056, 48.218501999062894], [-85.20601779999998, 48.21947239906292], [-85.20606029999999, 48.2197968990629], [-85.20638439999999, 48.22092669906289], [-85.20652389999998, 48.22117179906294], [-85.20673139999997, 48.221399899062895], [-85.20721609999998, 48.221785399062945], [-85.20736879999998, 48.22203969906294], [-85.20742659999996, 48.22231049906295], [-85.2073499, 48.22257919906295], [-85.20713889999996, 48.222836899062905], [-85.20682059999996, 48.22308379906295], [-85.20608979999997, 48.22357629906295], [-85.20571859999995, 48.22379539906293], [-85.20466259999995, 48.22434569906292], [-85.20441339999996, 48.22453979906291], [-85.20424399999996, 48.22476209906293], [-85.2042083, 48.22501349906296], [-85.20427899999999, 48.22530249906291], [-85.20451459999998, 48.22588199906292], [-85.20455959999998, 48.22613459906294], [-85.20448379999999, 48.22637639906296], [-85.20404929999995, 48.22686439906293], [-85.2034964, 48.227656499062945], [-85.20322059999995, 48.22784119906291], [-85.2028125, 48.22796079906293], [-85.20085119999999, 48.22820899906298], [-85.2003492, 48.22831809906294], [-85.1998587, 48.22848139906295], [-85.19938029999997, 48.228680799062936], [-85.1973754, 48.22940519906295], [-85.1964764, 48.22969699906297], [-85.196056, 48.229780299062945], [-85.1956381, 48.229791799062966], [-85.19524939999997, 48.229740699062965], [-85.19430079999995, 48.229527799062964], [-85.19396459999996, 48.22951359906294], [-85.19359899999995, 48.22957079906297], [-85.19282239999995, 48.22982849906293], [-85.19087729999995, 48.23076059906295], [-85.19045469999998, 48.23090689906297], [-85.18836289999996, 48.23141379906298], [-85.1873731, 48.23160519906299], [-85.18643579999997, 48.231833299062934], [-85.18599969999997, 48.23197939906293], [-85.1851666, 48.23230809906295], [-85.18430909999995, 48.23256449906295], [-85.18335929999995, 48.23276539906295], [-85.18288629999995, 48.23281189906294], [-85.18238739999998, 48.23283099906297], [-85.18056939999997, 48.232829299062985], [-85.18022069999995, 48.232787799062976], [-85.17992779999997, 48.232693099062935], [-85.1797034, 48.232563599062985], [-85.17956079999999, 48.23240839906293], [-85.17949929999997, 48.23224549906297], [-85.17953669999997, 48.23194919906297], [-85.1796809, 48.231681499062965], [-85.17976769999996, 48.231511999062946], [-85.17997049999997, 48.23111029906295], [-85.17992429999998, 48.23089359906293], [-85.17974219999996, 48.23071079906294], [-85.17947659999999, 48.230607599062964], [-85.17837899999995, 48.230419299062916], [-85.17799279999997, 48.23029619906293], [-85.17682479999996, 48.22981879906296], [-85.17642389999997, 48.22973149906295], [-85.1760339, 48.229716299062936], [-85.1756949, 48.22978289906296], [-85.17505269999998, 48.230042599062976], [-85.1746996, 48.230126999062975], [-85.17429579999998, 48.23012059906294], [-85.17389589999999, 48.23000619906296], [-85.17270289999999, 48.229474399062944], [-85.17064499999998, 48.22864989906298], [-85.17015219999996, 48.228498099062946], [-85.16913579999999, 48.22830199906298], [-85.16812899999996, 48.22821399906297], [-85.16709169999996, 48.22822439906298], [-85.16609319999998, 48.22828049906297], [-85.1651857, 48.22842799906293], [-85.16473779999995, 48.22852879906298], [-85.16428819999999, 48.228674499062926], [-85.16386449999999, 48.22884769906294], [-85.1630682, 48.22927589906293], [-85.16187539999999, 48.229868599062975], [-85.16108119999996, 48.23023379906294], [-85.1606855, 48.23038039906293], [-85.16027749999995, 48.23049089906294], [-85.15984419999995, 48.23055589906295], [-85.1588595, 48.230603099062925], [-85.1583349, 48.230585699062935], [-85.15783819999996, 48.230541799062955], [-85.1573563, 48.23046209906294], [-85.1569298, 48.230338299062964], [-85.15439579999997, 48.229280899062964], [-85.15280109999998, 48.228688499062955], [-85.15244129999996, 48.22858369906292], [-85.1520802, 48.22851489906298], [-85.15169029999998, 48.22849959906295], [-85.151298, 48.22854729906292], [-85.15090419999996, 48.22863999906298], [-85.1498264, 48.22902749906295], [-85.14947319999999, 48.22911179906293], [-85.14906879999995, 48.229123299062955], [-85.14768879999997, 48.22893009906293], [-85.14720559999995, 48.22888629906292], [-85.14618179999997, 48.22889679906295], [-85.14519539999998, 48.22898879906294], [-85.14378569999997, 48.22924499906298], [-85.14128679999999, 48.22945649906295], [-85.14026659999996, 48.229368099062974], [-85.13889939999996, 48.229192999062946], [-85.13846769999998, 48.22921299906294], [-85.13803439999998, 48.22927789906292], [-85.13637819999997, 48.230015899062934], [-85.13588719999996, 48.23018789906296], [-85.13538399999999, 48.230323699062986], [-85.13431359999998, 48.23050419906298], [-85.13375879999995, 48.23057619906295], [-85.13262499999996, 48.230647799062986], [-85.13143939999998, 48.23066449906298], [-85.13034599999997, 48.23073669906295], [-85.125944, 48.23142979906293], [-85.125428, 48.23154729906299], [-85.12492409999999, 48.23170099906297], [-85.1244461, 48.23188219906296], [-85.12398059999998, 48.23209049906297], [-85.12268919999997, 48.232789199062964], [-85.12219639999995, 48.233006099062955], [-85.12134549999996, 48.233442099062984], [-85.12051159999999, 48.23377929906299], [-85.119598, 48.23408829906295], [-85.1186338, 48.23430649906295], [-85.1181709, 48.23444279906297], [-85.11733859999998, 48.23473509906298], [-85.11650899999995, 48.23495549906298], [-85.11611639999995, 48.23501199906299], [-85.11534879999999, 48.23500839906298], [-85.1150002, 48.23496669906299], [-85.11441389999999, 48.234795099062985], [-85.11385789999997, 48.23453409906297], [-85.1136075, 48.23438599906297], [-85.11313579999995, 48.234027399062946], [-85.1128453, 48.233869699062964], [-85.11252689999998, 48.23373849906296], [-85.11217969999996, 48.23366079906294], [-85.11145249999998, 48.23365779906294], [-85.11101259999998, 48.233902499062964], [-85.110659, 48.23399569906299], [-85.11031589999999, 48.234169999062956], [-85.10999769999995, 48.23439869906298], [-85.1094253, 48.23494709906294], [-85.10842389999999, 48.23617229906297], [-85.10810409999999, 48.236445899062986], [-85.1077593, 48.236665199062955], [-85.10705889999997, 48.23703159906297], [-85.1064369, 48.237462199062996], [-85.10621259999999, 48.237701399063006], [-85.10583059999999, 48.23819899906297], [-85.1056069, 48.238420199062965], [-85.10530409999996, 48.23859519906297], [-85.10493499999995, 48.23874209906299], [-85.10376379999997, 48.239091599062945], [-85.10342199999997, 48.23922989906296], [-85.1031327, 48.23940509906298], [-85.10288199999997, 48.239625899062986], [-85.10269769999996, 48.23987479906295], [-85.10240759999999, 48.24043679906297], [-85.1021829, 48.24068509906297], [-85.10189249999996, 48.240887199063], [-85.10155039999995, 48.241034499063], [-85.10115669999999, 48.241117999063], [-85.09997139999996, 48.241116399062996], [-85.09963289999996, 48.24116479906301], [-85.09789119999999, 48.241639799063], [-85.09745339999995, 48.24182149906301], [-85.09702749999997, 48.24204839906302], [-85.0959057, 48.24287559906302], [-85.0955194, 48.243121099062975], [-85.09512099999995, 48.24333039906303], [-85.09471119999995, 48.24348559906302], [-85.0942761, 48.24359529906301], [-85.0933556, 48.24371499906299], [-85.09289389999998, 48.24381539906301], [-85.09243089999995, 48.24395159906298], [-85.09200649999997, 48.244133499063025], [-85.09159369999998, 48.24436959906301], [-85.09049799999997, 48.245215199063004], [-85.0895888, 48.24611779906302], [-85.0885318, 48.24700889906302], [-85.08779919999995, 48.247509599063], [-85.0870309, 48.247883699063046], [-85.0858566, 48.248304999063], [-85.08548909999996, 48.24840689906302], [-85.0851606, 48.24854539906302], [-85.08489739999999, 48.248738899063035], [-85.08471229999998, 48.24900579906303], [-85.0844616, 48.249586399063], [-85.08428999999995, 48.24985349906303], [-85.0840665, 48.25006569906307], [-85.08367809999999, 48.25036509906302], [-85.08331899999996, 48.250602099063045], [-85.08183329999997, 48.25142299906306], [-85.08155629999999, 48.251625299063015], [-85.0813331, 48.25182859906302], [-85.08112409999995, 48.25237389906302], [-85.08099249999998, 48.25301049906304], [-85.0800648, 48.25583819906306], [-85.08004159999996, 48.25609869906303], [-85.0800984, 48.25637859906304], [-85.08050739999999, 48.257330099063076], [-85.0805532, 48.25754679906304], [-85.08055249999995, 48.25792469906308], [-85.08049559999995, 48.258364599063086], [-85.08035999999998, 48.258749299063076], [-85.08033, 48.25882969906308], [-85.0802711, 48.25896369906308], [-85.08011589999995, 48.25915009906305], [-85.07955809999999, 48.259653599063085], [-85.079318, 48.25994649906305], [-85.0788531, 48.26084749906306], [-85.0786147, 48.2610953990631], [-85.07848379999996, 48.26135409906305], [-85.07846079999996, 48.26160569906307], [-85.07857329999996, 48.26184149906307], [-85.07882169999999, 48.26204359906307], [-85.07983609999997, 48.26266339906306], [-85.0801381, 48.262875299063076], [-85.0803717, 48.263113199063085], [-85.08055049999996, 48.26337709906307], [-85.08127939999997, 48.2647837990631], [-85.0814322, 48.26502029906306], [-85.08196179999999, 48.26563199906311], [-85.08206149999995, 48.26584959906308], [-85.08202509999995, 48.266100899063105], [-85.08184029999995, 48.266358699063076], [-85.0811635, 48.267157199063114], [-85.08089919999998, 48.26737769906308], [-85.08056929999998, 48.26755219906309], [-85.08020019999998, 48.267689999063094], [-85.07979219999999, 48.26779109906308], [-85.07892479999998, 48.267920599063096], [-85.0780241, 48.26822039906309], [-85.07767899999999, 48.26843959906309], [-85.07726789999998, 48.26862169906311], [-85.07677659999996, 48.26878439906309], [-85.07645869999999, 48.268994999063096], [-85.07602069999996, 48.269176599063115], [-85.0756758, 48.26938679906309], [-85.0751057, 48.2698540990631], [-85.07477509999995, 48.27004649906312], [-85.07443289999998, 48.270184699063094], [-85.0740922, 48.27028699906308], [-85.0737403, 48.27032609906312], [-85.07336319999996, 48.27031979906311], [-85.0729753, 48.2702412990631], [-85.07260329999997, 48.270100099063114], [-85.07224599999995, 48.26992309906311], [-85.07154739999999, 48.26950649906311], [-85.07054959999999, 48.268805999063126], [-85.0701651, 48.268637599063105], [-85.06977889999996, 48.268514099063076], [-85.06908879999997, 48.26823259906311], [-85.06875579999996, 48.26812809906309], [-85.06843459999999, 48.26806869906308], [-85.0681376, 48.268081699063096], [-85.06791809999999, 48.268185999063085], [-85.06783009999998, 48.268373399063115], [-85.06793469999997, 48.26881609906311], [-85.06788619999998, 48.2690311990631], [-85.06773019999997, 48.269235499063115], [-85.06728469999996, 48.2696148990631], [-85.06703679999998, 48.26975469906311], [-85.06669599999998, 48.26985689906312], [-85.06539829999997, 48.26996109906313], [-85.0649363, 48.27006119906313], [-85.06449889999999, 48.270224799063136], [-85.06332959999997, 48.270852899063115], [-85.061575, 48.27163309906312], [-85.06002269999999, 48.27240769906312], [-85.05920329999998, 48.27269079906312], [-85.05788459999997, 48.27299239906313], [-85.0570386, 48.27326599906314], [-85.05618179999999, 48.27346749906314], [-85.0557349, 48.27352289906314], [-85.05221259999996, 48.27364319906313], [-85.05148629999997, 48.27360389906311], [-85.05113919999997, 48.27351709906315], [-85.0504484, 48.273253399063144], [-85.0494367, 48.27292139906312], [-85.04912959999996, 48.2728441990631], [-85.04879389999996, 48.27281149906314], [-85.0484697, 48.27283299906315], [-85.04817029999998, 48.2729088990631], [-85.0465438, 48.273502099063116], [-85.04424219999999, 48.2744795990631], [-85.04357329999999, 48.274702199063135], [-85.04322029999997, 48.27476819906313], [-85.0428283, 48.27479749906313], [-85.04241179999997, 48.27476339906313], [-85.04048389999997, 48.274424599063124], [-85.03949399999999, 48.2742277990631], [-85.0380998, 48.2740330990631], [-85.03671689999999, 48.27389249906316], [-85.03586769999998, 48.27389599906314], [-85.0354208, 48.27395129906313], [-85.0345494, 48.27417939906314], [-85.03376989999998, 48.27447189906313], [-85.03339969999996, 48.27463659906313], [-85.032804, 48.275058199063146], [-85.03240569999997, 48.2756002990631], [-85.03171599999996, 48.27671309906311], [-85.0313064, 48.27720099906316], [-85.03056449999997, 48.2779169990631], [-85.03035129999995, 48.27820129906315], [-85.03001839999996, 48.278798399063135], [-85.02964799999995, 48.279664799063156], [-85.02935789999998, 48.280199699063154], [-85.02914649999997, 48.280438999063136], [-85.0288812, 48.280677399063116], [-85.02869529999998, 48.28095309906316], [-85.02860339999995, 48.28123939906312], [-85.02835299999998, 48.28179299906318], [-85.0283025, 48.28205299906315], [-85.02837599999998, 48.282594099063175], [-85.02872409999998, 48.28370679906314], [-85.02871269999997, 48.284003499063175], [-85.02862009999996, 48.284307799063164], [-85.02787799999999, 48.28572569906315], [-85.02767899999998, 48.28599219906315], [-85.0274268, 48.28623979906319], [-85.02688369999998, 48.28668929906318], [-85.02659319999998, 48.28688229906315], [-85.02620969999998, 48.28703759906317], [-85.02532429999997, 48.28727439906315], [-85.0239507, 48.28758369906318], [-85.0222326, 48.28808499906317], [-85.0213766, 48.28825919906318], [-85.02000849999996, 48.2884245990632], [-85.01905769999996, 48.288606099063195], [-85.01763399999999, 48.288815499063155], [-85.01536799999997, 48.289190299063186], [-85.01447079999997, 48.28938169906319], [-85.0136119, 48.28962779906316], [-85.01284479999998, 48.289938499063155], [-85.01252649999998, 48.290148899063176], [-85.01224729999996, 48.29039599906319], [-85.0119939, 48.29067049906321], [-85.01112739999996, 48.29180719906322], [-85.01060889999997, 48.29231109906317], [-85.00998649999997, 48.292714199063205], [-85.00928399999998, 48.2930978990632], [-85.00863349999997, 48.29352749906322], [-85.0080888, 48.29401289906322], [-85.0074912, 48.2944703990632], [-85.00621799999999, 48.295312099063224], [-85.0054887, 48.29568639906321], [-85.0039319, 48.29619019906321], [-85.0035618, 48.2963456990632], [-85.00321759999997, 48.296528699063195], [-85.00288539999997, 48.29674779906324], [-85.00261989999996, 48.29698609906321], [-85.00219499999997, 48.2975095990632], [-85.0014167, 48.298791699063244], [-85.00100799999996, 48.29924349906323], [-85.00001299999997, 48.30020689906324], [-84.99930109999997, 48.30082429906324], [-84.9985509, 48.3013870990632], [-84.99745009999998, 48.30229459906324], [-84.996826, 48.30273359906322], [-84.99614979999996, 48.30312669906321], [-84.9959417, 48.30327599906325], [-84.99512949999996, 48.304386499063234]]}, "properties": {"OBJECTID": 49248642}}, {"type": "Feature", "id": 49249026, "geometry": {"type": "LineString", "coordinates": [[-81.33778559999996, 48.48285429906396], [-81.33507899999995, 48.482857799063936]]}, "properties": {"OBJECTID": 49249026}}, {"type": "Feature", "id": 49267410, "geometry": {"type": "LineString", "coordinates": [[-81.32962859999998, 48.45618449906381], [-81.3319434, 48.456190199063855]]}, "properties": {"OBJECTID": 49267410}}, {"type": "Feature", "id": 49267426, "geometry": {"type": "LineString", "coordinates": [[-81.44187159999996, 48.45031949906383], [-81.44194049999999, 48.45037939906382], [-81.44200949999998, 48.450421399063835], [-81.44215329999997, 48.4504722990638]]}, "properties": {"OBJECTID": 49267426}}, {"type": "Feature", "id": 49267458, "geometry": {"type": "LineString", "coordinates": [[-81.32260159999998, 48.48012039906394], [-81.32130989999996, 48.481217399063965]]}, "properties": {"OBJECTID": 49267458}}, {"type": "Feature", "id": 49267634, "geometry": {"type": "LineString", "coordinates": [[-81.3785507, 48.48302059906394], [-81.37845009999995, 48.48322919906395], [-81.37840539999996, 48.48330749906395], [-81.3783421, 48.48337819906393], [-81.3782564, 48.483437799063964], [-81.37816329999998, 48.483475099063945], [-81.37804779999999, 48.483516099063955], [-81.37777949999997, 48.483583099063964]]}, "properties": {"OBJECTID": 49267634}}, {"type": "Feature", "id": 49271522, "geometry": {"type": "LineString", "coordinates": [[-81.45599759999999, 48.47938039906393], [-81.45616359999997, 48.47979359906395]]}, "properties": {"OBJECTID": 49271522}}, {"type": "Feature", "id": 49272402, "geometry": {"type": "LineString", "coordinates": [[-81.31596339999999, 48.48467349906396], [-81.3159675, 48.485999999063964]]}, "properties": {"OBJECTID": 49272402}}, {"type": "Feature", "id": 49272978, "geometry": {"type": "LineString", "coordinates": [[-84.77562869999997, 47.99265999906208], [-84.7773482, 47.99403369906212], [-84.77756099999999, 47.99419199906208], [-84.77767019999999, 47.99424109906209], [-84.7778285, 47.99427929906209], [-84.77801949999997, 47.99429569906207], [-84.77836329999997, 47.99427389906209]]}, "properties": {"OBJECTID": 49272978}}, {"type": "Feature", "id": 49276706, "geometry": {"type": "LineString", "coordinates": [[-81.72316219999999, 47.66965419906103], [-81.72314639999996, 47.66947429906106], [-81.72310529999999, 47.669393599061024], [-81.72301169999997, 47.66936719906103], [-81.7229456, 47.66940359906102], [-81.72294669999997, 47.66948459906102], [-81.72302789999998, 47.66957399906101], [-81.72316219999999, 47.66965419906103]]}, "properties": {"OBJECTID": 49276706}}, {"type": "Feature", "id": 49276962, "geometry": {"type": "LineString", "coordinates": [[-81.3392533, 48.469584899063896], [-81.33925479999999, 48.470301399063906]]}, "properties": {"OBJECTID": 49276962}}, {"type": "Feature", "id": 49278530, "geometry": {"type": "LineString", "coordinates": [[-81.64668419999998, 48.663297199064715], [-81.6473512, 48.664471899064694]]}, "properties": {"OBJECTID": 49278530}}, {"type": "Feature", "id": 49279730, "geometry": {"type": "LineString", "coordinates": [[-84.54761239999999, 48.35052399906339], [-84.54742449999998, 48.3505019990634], [-84.54692469999998, 48.35050929906339], [-84.54644539999998, 48.35065209906344], [-84.54614089999995, 48.350807499063414], [-84.5458213, 48.35099869906343], [-84.54553499999997, 48.35105549906342], [-84.54414409999998, 48.35162869906345], [-84.54408839999996, 48.35166349906343], [-84.54400799999996, 48.35193169906341], [-84.5439159, 48.3521636990634], [-84.54400419999996, 48.35229149906344]]}, "properties": {"OBJECTID": 49279730}}, {"type": "Feature", "id": 49280162, "geometry": {"type": "LineString", "coordinates": [[-81.35541129999996, 48.478859899063934], [-81.35410079999997, 48.47885839906394], [-81.35402849999997, 48.47887039906391], [-81.35396219999996, 48.47890059906394], [-81.35392609999997, 48.47894279906392], [-81.35390799999999, 48.47900299906393], [-81.3538929, 48.479361499063934], [-81.353902, 48.47959949906391], [-81.35391399999997, 48.47965979906394], [-81.3539452, 48.47970349906394], [-81.35398929999997, 48.47973509906393], [-81.35405559999998, 48.4797470990639], [-81.35542039999996, 48.47975009906395]]}, "properties": {"OBJECTID": 49280162}}, {"type": "Feature", "id": 49280498, "geometry": {"type": "LineString", "coordinates": [[-83.43742899999995, 47.83981489906156], [-83.43731219999995, 47.839889399061555], [-83.43726599999997, 47.8400432990616], [-83.4372502, 47.84027759906158], [-83.43728869999995, 47.84052879906156]]}, "properties": {"OBJECTID": 49280498}}, {"type": "Feature", "id": 49301394, "geometry": {"type": "LineString", "coordinates": [[-81.7195284, 47.67082869906101], [-81.71965, 47.67095389906105], [-81.71973229999998, 47.671124399061], [-81.71977809999998, 47.67154699906105]]}, "properties": {"OBJECTID": 49301394}}, {"type": "Feature", "id": 49302146, "geometry": {"type": "LineString", "coordinates": [[-84.77249769999997, 47.9924876990621], [-84.772628, 47.992554099062076], [-84.77352689999998, 47.992933499062126]]}, "properties": {"OBJECTID": 49302146}}, {"type": "Feature", "id": 49302386, "geometry": {"type": "LineString", "coordinates": [[-81.2895322, 48.47447669906391], [-81.29166139999995, 48.47451959906388]]}, "properties": {"OBJECTID": 49302386}}, {"type": "Feature", "id": 49302802, "geometry": {"type": "LineString", "coordinates": [[-84.64906709999997, 48.03093879906221], [-84.64849719999995, 48.031377099062254], [-84.64749899999998, 48.03208539906225], [-84.64730279999998, 48.03227039906223], [-84.6469591, 48.03245229906226], [-84.64098589999998, 48.03663969906224], [-84.63994819999999, 48.03732929906223], [-84.63919849999996, 48.03788069906225], [-84.63828509999996, 48.03849179906226], [-84.63765279999996, 48.03882069906227], [-84.6368536, 48.03928119906224], [-84.63513519999998, 48.04018159906228], [-84.6350243, 48.04026029906225], [-84.63385769999996, 48.04083009906229], [-84.63325099999997, 48.041186499062285], [-84.63259189999997, 48.041514799062256], [-84.630721, 48.04251999906227], [-84.6300761, 48.04283059906225], [-84.62882359999998, 48.04351559906228], [-84.62717529999998, 48.044345399062244], [-84.62661369999995, 48.04459469906226], [-84.6260537, 48.04480809906227], [-84.62546859999998, 48.044984899062285], [-84.62504809999996, 48.04508419906225], [-84.62431749999996, 48.04521309906226]]}, "properties": {"OBJECTID": 49302802}}, {"type": "Feature", "id": 49305202, "geometry": {"type": "LineString", "coordinates": [[-81.34132, 48.46959359906386], [-81.34131929999995, 48.47033149906391]]}, "properties": {"OBJECTID": 49305202}}, {"type": "Feature", "id": 49305826, "geometry": {"type": "LineString", "coordinates": [[-81.18789049999998, 48.49565809906398], [-81.18785839999998, 48.49796129906401]]}, "properties": {"OBJECTID": 49305826}}, {"type": "Feature", "id": 49311330, "geometry": {"type": "LineString", "coordinates": [[-81.9459038, 48.24652049906302], [-81.94590669999997, 48.246673399063006]]}, "properties": {"OBJECTID": 49311330}}, {"type": "Feature", "id": 49311554, "geometry": {"type": "LineString", "coordinates": [[-81.33085359999995, 48.48690799906396], [-81.33008139999998, 48.48690789906393], [-81.3295594, 48.48690829906396]]}, "properties": {"OBJECTID": 49311554}}, {"type": "Feature", "id": 49319970, "geometry": {"type": "LineString", "coordinates": [[-82.1091907, 48.55294829906423], [-82.10858059999998, 48.55291809906419], [-82.10829529999995, 48.55288489906424], [-82.10703389999998, 48.55283399906421], [-82.10631619999998, 48.552858899064255], [-82.10585709999998, 48.55293529906422], [-82.10544049999999, 48.55309219906424], [-82.10505209999997, 48.5533028990642], [-82.10391529999998, 48.55399749906425], [-82.10320759999996, 48.55448109906424], [-82.10211139999996, 48.555175399064204], [-82.099828, 48.556744599064224], [-82.09928239999999, 48.55720859906425], [-82.09903049999997, 48.55746289906425], [-82.0988193, 48.557725899064266], [-82.0986115, 48.55805499906425], [-82.0982821, 48.558576699064226], [-82.09785419999997, 48.55947139906424], [-82.09781709999999, 48.560263399064226], [-82.09805089999998, 48.56104389906425], [-82.0984631, 48.561930599064276], [-82.09868849999998, 48.56232429906424], [-82.09877469999998, 48.56254839906427], [-82.099313, 48.563622899064285], [-82.09937169999995, 48.56382919906429], [-82.09936149999999, 48.56398229906428]]}, "properties": {"OBJECTID": 49319970}}, {"type": "Feature", "id": 49319986, "geometry": {"type": "LineString", "coordinates": [[-81.9067723, 48.553568899064224], [-81.90739659999997, 48.553617999064244], [-81.90912959999997, 48.55353229906423], [-81.91060439999995, 48.55340369906423], [-81.91210519999998, 48.553211899064216], [-81.9135364, 48.552921699064214], [-81.91394079999998, 48.552801499064245], [-81.91503389999997, 48.55254989906423], [-81.91558779999997, 48.55245559906423], [-81.91668069999997, 48.55219499906424], [-81.9186934, 48.551837099064194], [-81.91896299999996, 48.55176289906423], [-81.9194766, 48.55168689906426], [-81.92043739999997, 48.55161619906421], [-81.92139759999998, 48.55150959906422], [-81.92229139999995, 48.551475399064216], [-81.92437529999995, 48.55131479906421], [-81.92541849999998, 48.55130639906424], [-81.92581259999997, 48.551366199064226], [-81.92620749999998, 48.551470999064236], [-81.9265896, 48.55162079906422], [-81.92694519999998, 48.551797899064184], [-81.92859179999999, 48.55291819906423], [-81.9293902, 48.55359549906423], [-81.93143469999995, 48.55571109906422], [-81.93199879999997, 48.55617439906426], [-81.93280919999995, 48.55676159906423], [-81.9340565, 48.557525099064236], [-81.93427639999999, 48.557694299064266], [-81.93445409999998, 48.55777379906423], [-81.93464609999995, 48.55789819906425], [-81.93489199999999, 48.55800419906425], [-81.93501579999997, 48.558102099064264], [-81.93542599999995, 48.55829669906425], [-81.9367125, 48.55897899906424], [-81.93855819999999, 48.55984559906426], [-81.93961259999998, 48.560430799064235], [-81.94109049999997, 48.561192399064275], [-81.9413922, 48.56137889906427], [-81.94187409999995, 48.56178879906428], [-81.94204079999997, 48.56200329906425], [-81.94215449999996, 48.562290299064266], [-81.94214629999999, 48.56257819906427], [-81.94204339999999, 48.56287589906424], [-81.94129249999997, 48.56404259906429], [-81.94119129999996, 48.56443029906426], [-81.94126989999995, 48.56501439906426], [-81.94166479999996, 48.56657659906428], [-81.94209479999995, 48.56856129906427], [-81.94219449999997, 48.56882139906432], [-81.94236169999999, 48.569062899064264], [-81.9425554, 48.56927719906432], [-81.94280269999996, 48.56945509906429], [-81.94317139999998, 48.56959599906432], [-81.9436212, 48.5697272990643], [-81.94923549999999, 48.57057179906432], [-81.9504718, 48.57071449906427], [-81.95235779999996, 48.57080689906431], [-81.95543979999997, 48.571060299064264], [-81.96050649999995, 48.571602899064295], [-81.9609691, 48.57168899906434], [-81.96258559999995, 48.57186439906432], [-81.96478769999999, 48.57217889906432], [-81.96598559999995, 48.572438699064314], [-81.96834199999995, 48.57302169906431], [-81.96916009999995, 48.57326669906433], [-81.97078479999999, 48.57386479906431], [-81.97160349999996, 48.57413669906429], [-81.97296569999997, 48.57447609906432], [-81.9739591, 48.57467459906434], [-81.97494009999997, 48.574927199064334], [-81.9769306, 48.57550409906435], [-81.9784588, 48.576012899064324], [-81.97938529999999, 48.57624789906429], [-81.98100879999998, 48.57677389906434], [-81.98400669999995, 48.57755799906431], [-81.98574809999997, 48.57786699906434], [-81.98667219999999, 48.577975999064336], [-81.9875566, 48.5781393990643], [-81.9888636, 48.578415999064305], [-81.9900872, 48.57858549906433], [-81.99056349999995, 48.57868029906433], [-81.99128239999999, 48.57869209906431], [-81.99156619999997, 48.57864469906435], [-81.99208059999995, 48.5786042990643], [-81.99258229999998, 48.578608999064336], [-81.99336769999996, 48.57855719906434], [-81.99521089999996, 48.578523299064344], [-81.99545489999997, 48.578521199064326], [-81.9958752, 48.57851759906431], [-81.9971885, 48.578425199064334], [-81.9975129, 48.57837739906433], [-81.99917749999997, 48.578218999064354], [-82.00000059999996, 48.578022999064345], [-82.0006596, 48.57774739906432], [-82.00310179999997, 48.576466599064304], [-82.00393449999996, 48.57607249906431], [-82.00526239999999, 48.5753501990643], [-82.00655119999999, 48.57470919906431], [-82.0081467, 48.573813599064344], [-82.0085631, 48.57362099906428], [-82.0089936, 48.573455299064335], [-82.00988359999997, 48.57321359906432], [-82.01107099999996, 48.572933299064324], [-82.01173119999999, 48.57272949906431], [-82.01436839999997, 48.57173469906431], [-82.01479979999999, 48.57161399906428], [-82.01520349999998, 48.57146649906432], [-82.01598279999996, 48.57111769906428], [-82.0164006, 48.570997099064286], [-82.01685759999998, 48.57080409906432], [-82.01777349999998, 48.570508099064305], [-82.01881299999997, 48.570291999064274], [-82.02015129999995, 48.570109199064326], [-82.02054389999995, 48.57007879906429], [-82.02138449999995, 48.57008929906429], [-82.02333969999995, 48.570242899064304], [-82.02430329999999, 48.570297299064315], [-82.0247635, 48.57026619906433], [-82.02562769999997, 48.57009659906427], [-82.02884449999999, 48.56962709906433], [-82.03072219999996, 48.569304399064286], [-82.0335566, 48.56870319906428], [-82.0352954, 48.56821979906427], [-82.03583529999997, 48.56810689906429], [-82.03661719999997, 48.567892999064284], [-82.03727699999996, 48.567680099064276], [-82.03963679999998, 48.56707409906427], [-82.0404067, 48.566941199064296], [-82.04136739999996, 48.56686049906427], [-82.04521409999995, 48.56671769906428], [-82.04760999999996, 48.56655199906425], [-82.04801559999999, 48.56650329906428], [-82.04855749999996, 48.56648939906427], [-82.0495856, 48.56638999906426], [-82.05011379999996, 48.56636719906425], [-82.05137159999998, 48.56622979906429], [-82.05229029999998, 48.566086499064305], [-82.05272399999996, 48.56608249906431], [-82.0544549, 48.565886699064286], [-82.05699919999995, 48.56569249906428], [-82.06017779999996, 48.565366299064294], [-82.06232989999995, 48.565220599064276], [-82.0684665, 48.565046799064255], [-82.07328099999995, 48.56486459906427], [-82.07414129999995, 48.564832099064304], [-82.07463099999995, 48.56483569906426], [-82.07735429999997, 48.56485599906428], [-82.08071089999999, 48.564626699064284], [-82.08435319999995, 48.564448499064284], [-82.08528619999998, 48.56446949906427], [-82.08547879999998, 48.56447379906428], [-82.08679869999997, 48.5647132990643], [-82.08730129999998, 48.56476249906429], [-82.08994519999999, 48.56480049906429], [-82.0933063, 48.564777599064264], [-82.09417279999997, 48.564733399064274], [-82.09465969999997, 48.56468379906426], [-82.09584839999997, 48.564492599064245], [-82.09902699999998, 48.564183399064305]]}, "properties": {"OBJECTID": 49319986}}, {"type": "Feature", "id": 49320018, "geometry": {"type": "LineString", "coordinates": [[-82.51421059999996, 48.37307479906351], [-82.51534529999998, 48.373086799063486], [-82.51679209999998, 48.37314869906348], [-82.51934939999995, 48.37332189906348], [-82.520108, 48.37340189906351], [-82.52187329999998, 48.373729399063485], [-82.52256739999996, 48.37390919906348], [-82.52318179999997, 48.374134899063485], [-82.5244171, 48.37480239906351], [-82.52467869999998, 48.37496979906353], [-82.52580469999998, 48.375593699063515], [-82.5260806, 48.37578799906349], [-82.52626329999998, 48.37602839906349], [-82.52633829999996, 48.376279399063534], [-82.52643089999998, 48.37711489906352], [-82.52651169999996, 48.37846329906352], [-82.52662119999997, 48.37941559906351], [-82.52681089999999, 48.38033969906354], [-82.52702219999998, 48.381083699063545], [-82.52724759999995, 48.38229529906353], [-82.52728309999998, 48.383482399063574], [-82.5272215, 48.38638919906352], [-82.5272627, 48.387315399063574], [-82.52731749999998, 48.38779149906358], [-82.5274857, 48.388445999063585], [-82.52770029999999, 48.38884799906354], [-82.5278983, 48.38914229906354], [-82.5281354, 48.38939109906355], [-82.52888229999996, 48.38997489906357], [-82.52954309999996, 48.39038899906359], [-82.52978089999999, 48.39051809906355], [-82.5309987, 48.39117939906356], [-82.53295829999996, 48.3921068990636], [-82.5338893, 48.392517399063586], [-82.534626, 48.39275949906356], [-82.53611469999998, 48.39329739906356], [-82.53653739999999, 48.393426699063575], [-82.5372577, 48.39357009906359], [-82.538274, 48.39367339906358], [-82.5412776, 48.3938221990636], [-82.54276809999999, 48.393973099063594], [-82.54481729999998, 48.3942784990636], [-82.54600969999996, 48.394397399063564], [-82.55277429999995, 48.394720199063556], [-82.55549489999999, 48.39489039906358], [-82.5563765, 48.39500439906358], [-82.55644179999996, 48.39501899906363], [-82.55849859999995, 48.39547949906358]]}, "properties": {"OBJECTID": 49320018}}, {"type": "Feature", "id": 49322594, "geometry": {"type": "LineString", "coordinates": [[-84.46716529999998, 48.45594809906381], [-84.4662639, 48.45692899906381], [-84.46553849999998, 48.45764179906386], [-84.46523679999996, 48.45799499906385], [-84.46501439999997, 48.458385999063836], [-84.4644126, 48.45960539906386], [-84.46417929999996, 48.45994219906384], [-84.45975659999999, 48.464802199063854], [-84.45904309999997, 48.465542199063854], [-84.4589967, 48.4655870990639]]}, "properties": {"OBJECTID": 49322594}}, {"type": "Feature", "id": 49322610, "geometry": {"type": "LineString", "coordinates": [[-84.41052289999999, 48.52564999906412], [-84.41059059999998, 48.52618459906412], [-84.4110321, 48.527355199064154], [-84.41110959999997, 48.52795979906412], [-84.4110571, 48.52872339906415], [-84.41108739999999, 48.52919189906411], [-84.41137679999997, 48.53042209906413], [-84.4116108, 48.53114719906413], [-84.41177299999998, 48.53142069906412], [-84.41200359999999, 48.53164369906414]]}, "properties": {"OBJECTID": 49322610}}, {"type": "Feature", "id": 49322626, "geometry": {"type": "LineString", "coordinates": [[-84.41676969999997, 48.533826399064125], [-84.41687579999996, 48.533901799064154], [-84.41731279999999, 48.534100499064145], [-84.41782109999997, 48.534228899064146], [-84.41825459999995, 48.53422959906413], [-84.41869169999995, 48.53415849906418], [-84.41914509999998, 48.53403369906414], [-84.41994599999998, 48.53373669906414], [-84.42048009999996, 48.53362269906415], [-84.4210756, 48.533636099064154], [-84.42166549999996, 48.53375729906417], [-84.42349199999995, 48.53433799906418], [-84.42414689999998, 48.53451469906417], [-84.4257404, 48.53488319906415], [-84.4276059, 48.535230899064175], [-84.42860859999996, 48.53549619906414], [-84.42916789999998, 48.53568869906417], [-84.42962299999999, 48.535797799064156], [-84.43046019999997, 48.53585249906418], [-84.4319673, 48.535787199064146], [-84.43255019999998, 48.53578219906416], [-84.4330635, 48.53581159906418], [-84.43366979999996, 48.535879099064175], [-84.43490299999996, 48.53614059906414], [-84.43627199999997, 48.536395999064155], [-84.43903129999995, 48.536754399064144], [-84.43938129999998, 48.53683219906417]]}, "properties": {"OBJECTID": 49322626}}, {"type": "Feature", "id": 49322642, "geometry": {"type": "LineString", "coordinates": [[-84.4532625, 48.538259899064144], [-84.45366899999999, 48.53826689906414], [-84.45422109999998, 48.53833309906419], [-84.45478369999995, 48.53846259906415], [-84.45536849999996, 48.538653699064135]]}, "properties": {"OBJECTID": 49322642}}, {"type": "Feature", "id": 49322658, "geometry": {"type": "LineString", "coordinates": [[-84.40837219999997, 48.59703649906438], [-84.40826649999997, 48.5971310990644], [-84.4072084, 48.59792599906441], [-84.4064108, 48.59840289906439], [-84.40509319999995, 48.59896699906441], [-84.40456449999999, 48.59922499906444], [-84.40369769999995, 48.59972729906443], [-84.40190199999995, 48.60088339906445], [-84.39927289999997, 48.60241659906443], [-84.39768519999996, 48.60321739906442], [-84.3968112, 48.60359359906442], [-84.39532939999998, 48.60418089906444], [-84.39294959999995, 48.60508069906446], [-84.39206149999995, 48.60546549906446], [-84.39162569999996, 48.605761499064464], [-84.39122959999997, 48.606076399064435], [-84.39085919999997, 48.6064188990644], [-84.38985589999999, 48.607457899064464], [-84.38920809999996, 48.60818099906443], [-84.38895869999999, 48.608544199064475], [-84.38839559999997, 48.609728099064476], [-84.38833169999998, 48.610176499064465], [-84.38842109999996, 48.61054739906448], [-84.38860539999996, 48.61092049906447], [-84.38920359999997, 48.61195079906448], [-84.38953379999998, 48.6126510990645], [-84.38961279999995, 48.61289599906449]]}, "properties": {"OBJECTID": 49322658}}, {"type": "Feature", "id": 49322706, "geometry": {"type": "LineString", "coordinates": [[-84.89257139999995, 48.28982859906318], [-84.89339099999995, 48.29011749906315], [-84.89379479999997, 48.290229799063184], [-84.89428629999998, 48.29034569906321], [-84.89492209999997, 48.290465199063185], [-84.8975486, 48.29075009906318], [-84.89902599999999, 48.29089689906317], [-84.90004059999995, 48.29103379906321], [-84.90296169999999, 48.291606099063195], [-84.90647959999995, 48.292301199063154], [-84.91862429999998, 48.29473129906321], [-84.92028549999998, 48.29499529906322], [-84.9219362, 48.295187099063206], [-84.92349629999995, 48.29528729906322], [-84.93568369999997, 48.29566869906319], [-84.93701619999996, 48.29572869906322]]}, "properties": {"OBJECTID": 49322706}}, {"type": "Feature", "id": 49322722, "geometry": {"type": "LineString", "coordinates": [[-85.11756159999999, 48.46647249906387], [-85.1191728, 48.47005979906386], [-85.11934409999998, 48.470548399063915], [-85.11999959999997, 48.47193899906389], [-85.12013489999998, 48.472188699063885], [-85.12030819999995, 48.472480099063915], [-85.12056919999998, 48.47287479906387], [-85.1207182, 48.473059799063925], [-85.12089469999995, 48.473279199063924], [-85.12167599999998, 48.47408629906389], [-85.12208289999995, 48.47442589906391], [-85.12270219999999, 48.474876799063885], [-85.12334959999998, 48.475301299063894], [-85.12413219999996, 48.47572789906391], [-85.1251441, 48.47617619906389], [-85.12585149999995, 48.4764396990639], [-85.12729519999999, 48.4769219990639], [-85.12835039999999, 48.47730049906391], [-85.12944189999996, 48.477674699063925], [-85.13061619999996, 48.478088399063935], [-85.13147179999999, 48.4784095990639], [-85.1323635, 48.47880789906396], [-85.13266919999995, 48.4789671990639], [-85.13353409999996, 48.47947959906395], [-85.13408759999999, 48.479866599063946], [-85.13490479999996, 48.4805345990639], [-85.13544689999998, 48.481112799063915], [-85.1358735, 48.48164729906394], [-85.13627689999998, 48.48224599906394], [-85.1363283, 48.482330799063924], [-85.13649019999997, 48.482633999063935], [-85.13720709999996, 48.483967599063945], [-85.13768249999998, 48.48482839906395], [-85.137967, 48.485374699063954]]}, "properties": {"OBJECTID": 49322722}}, {"type": "Feature", "id": 49322754, "geometry": {"type": "LineString", "coordinates": [[-84.49933449999997, 48.32324869906331], [-84.49957109999997, 48.32347699906331], [-84.49978749999997, 48.323742599063294], [-84.50000939999995, 48.32417029906334], [-84.50012179999999, 48.324631699063296], [-84.5001239, 48.32478689906335]]}, "properties": {"OBJECTID": 49322754}}, {"type": "Feature", "id": 49330258, "geometry": {"type": "LineString", "coordinates": [[-80.87213169999995, 48.56718549906431], [-80.8718685, 48.56739209906426], [-80.8717024, 48.5675504990643], [-80.87161599999996, 48.567698899064304], [-80.87161129999998, 48.56785169906428], [-80.8716733, 48.567997399064296], [-80.87177829999996, 48.56819319906426], [-80.8719777, 48.568459099064306], [-80.87205269999998, 48.56858479906425], [-80.8721357, 48.568961999064264], [-80.87220159999998, 48.569299099064295], [-80.87227609999997, 48.56960759906431], [-80.87232939999996, 48.5698218990643], [-80.87244079999999, 48.570016299064285], [-80.8726211, 48.57020789906429], [-80.87285279999998, 48.57049519906432], [-80.8730223, 48.57069959906429], [-80.87333139999998, 48.571001299064314], [-80.87361479999998, 48.57126009906431], [-80.87386809999998, 48.571500299064304], [-80.8741119, 48.57173679906427], [-80.87436709999997, 48.57200399906433], [-80.87462239999996, 48.572283299064324], [-80.87489579999999, 48.572611199064326], [-80.87513279999996, 48.57287829906429], [-80.87543719999996, 48.57316579906433], [-80.87569829999995, 48.5734005990643], [-80.8759354, 48.57361929906432], [-80.8760403, 48.57372019906432], [-80.87617169999999, 48.57379639906434], [-80.87628219999999, 48.57383799906431], [-80.87662929999999, 48.573935399064325], [-80.87692169999997, 48.57400849906434], [-80.87710439999995, 48.57405729906434], [-80.87721679999999, 48.57411459906432], [-80.877363, 48.57420469906428], [-80.87766579999999, 48.5744749990643], [-80.87781579999995, 48.5746888990643], [-80.8779682, 48.57488089906434], [-80.87821709999997, 48.575065399064336], [-80.87847269999997, 48.575247699064334], [-80.87860029999996, 48.575369099064346], [-80.87870239999995, 48.57549409906432]]}, "properties": {"OBJECTID": 49330258}}, {"type": "Feature", "id": 49332578, "geometry": {"type": "LineString", "coordinates": [[-81.37073989999999, 48.47263969906387], [-81.37091319999996, 48.47295399906389], [-81.37092469999999, 48.47297509906392], [-81.37092989999996, 48.47298449906387], [-81.37094489999998, 48.47301539906388], [-81.37095829999998, 48.47304659906391], [-81.37097, 48.47307809906389], [-81.3709801, 48.473109799063906], [-81.37098859999998, 48.473141799063896], [-81.3709953, 48.47317389906389], [-81.37100029999999, 48.47320629906389], [-81.37100379999998, 48.473238599063876], [-81.37100549999997, 48.473270999063885], [-81.37101229999996, 48.47460499906388]]}, "properties": {"OBJECTID": 49332578}}, {"type": "Feature", "id": 49332930, "geometry": {"type": "LineString", "coordinates": [[-84.36674649999998, 48.315589099063274], [-84.3664756, 48.31560989906327], [-84.36625629999997, 48.31567689906329], [-84.36593249999999, 48.31567839906329], [-84.36576939999998, 48.31570169906329]]}, "properties": {"OBJECTID": 49332930}}, {"type": "Feature", "id": 49336626, "geometry": {"type": "LineString", "coordinates": [[-81.35664979999996, 48.67797349906474], [-81.35712909999995, 48.67852979906476], [-81.35851159999999, 48.67999189906473], [-81.35885339999999, 48.68030569906477], [-81.3592769, 48.68062819906474], [-81.3600275, 48.68111169906478], [-81.360859, 48.681504899064784], [-81.3622072, 48.681950499064776], [-81.36579989999996, 48.682784799064784], [-81.36664259999998, 48.68283609906479]]}, "properties": {"OBJECTID": 49336626}}, {"type": "Feature", "id": 49337282, "geometry": {"type": "LineString", "coordinates": [[-81.16140809999996, 48.496092199063995], [-81.1614179, 48.49703869906399]]}, "properties": {"OBJECTID": 49337282}}, {"type": "Feature", "id": 49337506, "geometry": {"type": "LineString", "coordinates": [[-81.52514249999996, 47.79785899906143], [-81.52418229999995, 47.79798039906144]]}, "properties": {"OBJECTID": 49337506}}, {"type": "Feature", "id": 49338866, "geometry": {"type": "LineString", "coordinates": [[-81.31158929999998, 48.48599749906392], [-81.31229309999998, 48.48601359906396], [-81.3159675, 48.485999999063964]]}, "properties": {"OBJECTID": 49338866}}, {"type": "Feature", "id": 49339346, "geometry": {"type": "LineString", "coordinates": [[-81.20849299999998, 48.48598569906394], [-81.2084931, 48.48671149906395]]}, "properties": {"OBJECTID": 49339346}}, {"type": "Feature", "id": 49339858, "geometry": {"type": "LineString", "coordinates": [[-81.72506809999999, 47.67261139906106], [-81.72433999999998, 47.67197719906103], [-81.7241927, 47.67192409906103], [-81.72400649999997, 47.67194329906103], [-81.7238208, 47.67200739906106], [-81.72232639999999, 47.67279969906105]]}, "properties": {"OBJECTID": 49339858}}, {"type": "Feature", "id": 49340386, "geometry": {"type": "LineString", "coordinates": [[-81.32595039999995, 48.48232899906396], [-81.3259516, 48.48333039906392]]}, "properties": {"OBJECTID": 49340386}}, {"type": "Feature", "id": 49341314, "geometry": {"type": "LineString", "coordinates": [[-81.97906969999997, 48.231118999062964], [-81.97889849999996, 48.23131839906295], [-81.97872519999999, 48.23140979906294], [-81.97841739999996, 48.23151139906299], [-81.97773219999999, 48.23159819906294], [-81.97741059999998, 48.231681899062956], [-81.97659449999998, 48.231958799062966], [-81.9764624, 48.23209479906296], [-81.97632339999996, 48.23257289906299], [-81.97620719999998, 48.23354549906299], [-81.97596299999998, 48.23415939906296], [-81.97598019999998, 48.23435719906298], [-81.97603699999996, 48.234509599062974]]}, "properties": {"OBJECTID": 49341314}}, {"type": "Feature", "id": 49341730, "geometry": {"type": "LineString", "coordinates": [[-81.63348259999998, 48.58730699906435], [-81.63299639999997, 48.59071929906441], [-81.63287959999997, 48.59114279906436], [-81.63248249999998, 48.59191869906438], [-81.63194829999998, 48.59258729906442], [-81.6315462, 48.5929673990644], [-81.6306586, 48.59356599906438], [-81.63013319999999, 48.593847799064406], [-81.62628639999997, 48.595335099064364], [-81.62573219999996, 48.595491099064375], [-81.6251772, 48.5955750990644], [-81.62459429999996, 48.59559619906444], [-81.62403769999997, 48.59555429906439], [-81.62350749999996, 48.5954491990644], [-81.62203669999997, 48.5949622990644], [-81.6206608, 48.59446599906439], [-81.62011539999997, 48.59422599906443], [-81.6193667, 48.59399609906441], [-81.61788189999999, 48.59346429906443], [-81.61731029999999, 48.59329649906438], [-81.61671209999997, 48.593173699064394], [-81.61491869999998, 48.59291339906441], [-81.61296279999999, 48.59266299906438], [-81.61236479999997, 48.59255819906441], [-81.61138549999998, 48.5923204990644], [-81.60917239999998, 48.5915931990644], [-81.60861409999995, 48.591398199064386], [-81.60836849999998, 48.591273499064364], [-81.60816309999996, 48.59111269906436], [-81.6077674, 48.59090789906439], [-81.6074673, 48.59076549906439], [-81.60718149999997, 48.59067709906442], [-81.60686849999996, 48.59058869906437], [-81.60650089999996, 48.5904646990644], [-81.60592889999998, 48.59026079906437], [-81.60553489999995, 48.590199899064366], [-81.6051827, 48.59023779906437], [-81.6048442, 48.59028449906435], [-81.6044786, 48.59033139906438], [-81.60419439999998, 48.59037789906437], [-81.60385649999995, 48.59046959906437], [-81.60355849999996, 48.59049819906437], [-81.60293529999996, 48.590555399064385], [-81.60235289999997, 48.59061249906438], [-81.60206849999997, 48.590649899064374], [-81.6017842, 48.59068739906439], [-81.60145889999995, 48.590707099064396], [-81.60111979999999, 48.59069989906436], [-81.60060529999998, 48.590671099064366]]}, "properties": {"OBJECTID": 49341730}}, {"type": "Feature", "id": 49342386, "geometry": {"type": "LineString", "coordinates": [[-81.3357418, 48.46579859906389], [-81.33437959999998, 48.46580429906386]]}, "properties": {"OBJECTID": 49342386}}, {"type": "Feature", "id": 49342594, "geometry": {"type": "LineString", "coordinates": [[-84.0839671, 48.31163249906328], [-84.0858096, 48.31291199906329], [-84.08631399999996, 48.31329369906327]]}, "properties": {"OBJECTID": 49342594}}, {"type": "Feature", "id": 49342962, "geometry": {"type": "LineString", "coordinates": [[-81.34315199999998, 48.492856599064], [-81.34317119999997, 48.492786099064], [-81.34319259999995, 48.492734899063976], [-81.3432115, 48.49268329906396], [-81.34322759999998, 48.492631199063965], [-81.34324099999998, 48.492578799064006], [-81.3432517, 48.49252609906399], [-81.34325969999998, 48.49247329906398], [-81.34326499999997, 48.49242019906399], [-81.3432674, 48.492367099063976], [-81.34326719999996, 48.49231399906397], [-81.34326749999997, 48.49230939906397], [-81.34326799999997, 48.49230479906396], [-81.34326879999998, 48.49230019906399], [-81.34326979999997, 48.49229569906395], [-81.34327099999996, 48.49229119906397], [-81.34327249999996, 48.492286699063975], [-81.3432742, 48.492282199064], [-81.34327619999999, 48.49227779906396], [-81.34327829999995, 48.492273399064004], [-81.34328069999998, 48.492269099063996], [-81.34328339999996, 48.49226489906397], [-81.34328619999997, 48.49226069906399], [-81.34328929999998, 48.49225659906398], [-81.34329249999996, 48.492252499063966], [-81.34329499999996, 48.492249699063954], [-81.34329599999995, 48.492248499063976], [-81.34329969999999, 48.49224469906397], [-81.34330359999996, 48.49224089906397], [-81.3433076, 48.49223709906396], [-81.3433119, 48.49223349906395], [-81.34331639999999, 48.492229999063966], [-81.343321, 48.49222659906399], [-81.3433258, 48.49222329906399], [-81.34333079999999, 48.49222019906397], [-81.3433359, 48.49221699906399], [-81.3433412, 48.49221409906395], [-81.34334669999998, 48.492211299063975], [-81.34335229999999, 48.492208599063986], [-81.34335799999997, 48.49220599906397], [-81.34336389999999, 48.492203599064], [-81.34336989999997, 48.49220129906399], [-81.34337599999998, 48.492199099064024], [-81.34338219999995, 48.492197099063965], [-81.3433885, 48.49219519906398], [-81.34339489999996, 48.492193499064], [-81.3434014, 48.49219189906398], [-81.34340799999995, 48.492190499063994], [-81.34341459999996, 48.492189199064], [-81.34341639999997, 48.49218889906398], [-81.34342129999999, 48.49218809906397], [-81.34342809999998, 48.49218709906398], [-81.34410989999998, 48.49218709906398], [-81.34413539999997, 48.49218709906398], [-81.34414199999998, 48.49218659906398], [-81.3441487, 48.49218609906398], [-81.34415539999998, 48.492185899064005], [-81.3441621, 48.49218579906397], [-81.34416879999998, 48.49218579906397], [-81.3441755, 48.492185999063956], [-81.34418219999998, 48.492186399063996], [-81.34418889999995, 48.49218689906398], [-81.34419549999996, 48.49218759906398], [-81.34420209999996, 48.492188399063984], [-81.34420869999997, 48.49218939906399], [-81.34421519999995, 48.492190499063994], [-81.34422159999997, 48.49219179906395], [-81.34422799999999, 48.49219319906399], [-81.34423429999998, 48.49219479906401], [-81.34424049999996, 48.49219649906397], [-81.34424659999996, 48.492198399063966], [-81.3442526, 48.492200399063954], [-81.34425849999997, 48.49220249906398], [-81.3442642, 48.492204799063984], [-81.34426989999997, 48.49220719906394], [-81.34427539999996, 48.492209699064006], [-81.34428079999998, 48.49221239906398], [-81.34428609999998, 48.49221519906399], [-81.34429119999999, 48.49221809906395], [-81.34429609999995, 48.49222109906395], [-81.34430089999995, 48.49222419906397], [-81.34430549999996, 48.492227499063986], [-81.34430999999995, 48.49223079906397], [-81.34431419999999, 48.49223429906397], [-81.3443183, 48.49223779906394], [-81.34432219999997, 48.49224139906397], [-81.3443259, 48.49224519906397], [-81.34432939999999, 48.49224899906397], [-81.3443327, 48.49225289906399], [-81.34433579999995, 48.49225679906396], [-81.34433869999998, 48.49226089906397], [-81.3443383, 48.49231429906399], [-81.344336, 48.49267029906399], [-81.344335, 48.49283709906399], [-81.34433479999996, 48.492859999063974], [-81.3443335, 48.49288289906399], [-81.34433229999996, 48.492894299064], [-81.34433099999995, 48.49290579906398], [-81.3443274, 48.492928599063994], [-81.34432249999998, 48.492951199064], [-81.34431649999999, 48.49297379906396], [-81.34430929999996, 48.492996199064024], [-81.34430099999997, 48.493018399064006], [-81.3442915, 48.493040399064], [-81.3442809, 48.49306219906395], [-81.34426909999996, 48.493083799063974], [-81.34425629999998, 48.49310499906397], [-81.34424229999996, 48.49312599906398], [-81.3442273, 48.493146599064005], [-81.34421119999996, 48.49316679906401], [-81.34419409999998, 48.49318669906398], [-81.344176, 48.493206199063984], [-81.34415679999995, 48.493225299063965], [-81.34412679999997, 48.493252399063984]]}, "properties": {"OBJECTID": 49342962}}, {"type": "Feature", "id": 49351394, "geometry": {"type": "LineString", "coordinates": [[-82.77175019999999, 48.25273759906307], [-82.77171239999996, 48.25336869906303], [-82.7716246, 48.253945899063034], [-82.77144849999996, 48.25430849906306], [-82.77126799999996, 48.25454519906301], [-82.77102059999999, 48.25479189906307], [-82.77071899999999, 48.25503049906306], [-82.76965239999998, 48.25574869906305], [-82.76824569999997, 48.25676009906305], [-82.76793649999996, 48.256955699063084], [-82.76769189999999, 48.257110499063046], [-82.7671757, 48.25737929906305], [-82.76645779999996, 48.257660299063026], [-82.76570449999997, 48.25808569906307], [-82.7656144, 48.25812879906306], [-82.76512119999995, 48.258364599063086], [-82.7644406, 48.25855499906304], [-82.76236999999998, 48.25907259906306], [-82.7608725, 48.25941049906304], [-82.75947149999996, 48.25980979906306], [-82.75772939999996, 48.260088399063065], [-82.755965, 48.26050219906307], [-82.75406089999996, 48.260774199063064], [-82.7526368, 48.26089489906309], [-82.75208699999996, 48.26097529906309], [-82.75168579999996, 48.261062399063064], [-82.75032469999996, 48.26145199906307], [-82.74942909999999, 48.261663599063056], [-82.74836119999998, 48.26195869906307], [-82.74715859999998, 48.26225589906307], [-82.74455869999997, 48.263069199063075], [-82.7443083, 48.263160299063095], [-82.74370689999995, 48.263378999063086], [-82.74248029999995, 48.263766499063095], [-82.74160179999996, 48.264085699063074], [-82.7403526, 48.264599499063095], [-82.73813969999998, 48.26570359906306], [-82.7375207, 48.266126899063075], [-82.7367213, 48.26679569906312], [-82.73651309999997, 48.26701479906309], [-82.73638729999999, 48.26727759906307], [-82.73621639999999, 48.267801999063074], [-82.73571899999996, 48.269033199063095], [-82.73566289999997, 48.2693668990631], [-82.73546719999996, 48.269954699063106], [-82.73540959999997, 48.27024349906315], [-82.73534859999995, 48.2727288990631], [-82.735319, 48.27393369906314], [-82.73527359999997, 48.27418629906309], [-82.73516209999997, 48.27447589906312], [-82.73495609999998, 48.274759999063114], [-82.73489169999999, 48.2748488990631], [-82.73379239999997, 48.2758191990631], [-82.73322619999999, 48.27621459906311], [-82.73285449999997, 48.27638209906315], [-82.73257459999996, 48.27647629906313], [-82.73079809999996, 48.27695289906313], [-82.72861179999995, 48.27766959906313], [-82.72617829999996, 48.2782549990631], [-82.72535159999995, 48.27851939906316], [-82.72460739999997, 48.27883639906316], [-82.72317629999998, 48.27956869906315], [-82.7225512, 48.279820999063155], [-82.72121879999997, 48.28028179906313], [-82.71993279999998, 48.280790799063155], [-82.71963579999999, 48.28090829906314], [-82.71860979999997, 48.28126549906313], [-82.71781319999997, 48.28162829906315], [-82.71739229999997, 48.28194049906313], [-82.71612099999999, 48.28302119906312], [-82.71473579999997, 48.28432839906319], [-82.7137098, 48.28537539906316], [-82.71367999999995, 48.285405799063184], [-82.71344769999996, 48.28559909906315], [-82.71217159999998, 48.286660899063165], [-82.71191059999995, 48.286916699063156], [-82.71170369999999, 48.287180699063164], [-82.7109595, 48.2887122990632], [-82.71062859999995, 48.28930209906319], [-82.71035769999997, 48.289665999063175], [-82.70991299999997, 48.29007749906315], [-82.70918539999997, 48.29049319906317], [-82.70608219999997, 48.29204179906321], [-82.70425899999998, 48.29276159906317], [-82.70367189999996, 48.2929836990632], [-82.70039749999995, 48.29422229906318], [-82.69933039999995, 48.29457099906319], [-82.69789229999998, 48.29511409906321], [-82.69745409999996, 48.295318499063185], [-82.69701829999997, 48.29559489906321], [-82.69531749999999, 48.297167499063185], [-82.69433409999999, 48.29800969906321], [-82.69397849999996, 48.29826689906323], [-82.69310719999999, 48.298828499063205], [-82.69240529999996, 48.29921669906323], [-82.68944369999997, 48.30059189906324], [-82.68887359999997, 48.3008880990632], [-82.68822709999995, 48.30132049906324], [-82.68724079999998, 48.30208169906323], [-82.68720569999999, 48.30210099906325], [-82.68648589999998, 48.30249769906321], [-82.68558629999995, 48.30290559906322]]}, "properties": {"OBJECTID": 49351394}}, {"type": "Feature", "id": 49351458, "geometry": {"type": "LineString", "coordinates": [[-82.48063299999995, 47.96546549906203], [-82.48118779999999, 47.965659499062], [-82.48318169999999, 47.966515499062], [-82.48508429999998, 47.967453699062006], [-82.48540979999996, 47.96759339906199], [-82.48551849999996, 47.967645999061986], [-82.4860473, 47.967864099062034], [-82.48646629999996, 47.96799359906199], [-82.4868841, 47.96807819906201], [-82.48779739999998, 47.96815629906202], [-82.4881757, 47.96826839906199], [-82.48832539999995, 47.968347399062004], [-82.4885721, 47.968542199061986], [-82.48892169999999, 47.96905049906202], [-82.48907259999999, 47.96917449906201], [-82.4893591, 47.96935079906203], [-82.48972529999998, 47.96950799906201], [-82.49021009999996, 47.969591699062015], [-82.49055679999998, 47.969533199062], [-82.49078079999998, 47.96940429906199], [-82.49124, 47.96906539906202], [-82.49255779999999, 47.96830149906198], [-82.49315239999999, 47.968014899062005], [-82.49358949999998, 47.967838199061994], [-82.49401409999996, 47.96769769906202], [-82.49445429999997, 47.967628999062036], [-82.49487019999998, 47.967650599062], [-82.49504559999997, 47.967693299061985], [-82.49538489999998, 47.967841799062015], [-82.49561899999998, 47.968063699062], [-82.49601639999997, 47.96883239906198], [-82.49669749999998, 47.969757299062024], [-82.49679729999997, 47.969892899062046], [-82.49707269999999, 47.97015019906203], [-82.4974411, 47.970379399062004], [-82.4982144, 47.970711199062045], [-82.49852719999996, 47.970869099062], [-82.49878759999996, 47.97107259906201], [-82.49890149999999, 47.97130499906203], [-82.49893609999998, 47.97157449906204], [-82.49880309999998, 47.972071099062035], [-82.49866409999998, 47.97236089906201], [-82.4985782, 47.972631899062], [-82.49861169999997, 47.97286539906204], [-82.4987913, 47.973051999061994], [-82.49911899999995, 47.973263699062024], [-82.50000189999997, 47.97367499906202], [-82.50075029999999, 47.97407009906201], [-82.50106569999997, 47.97431789906203], [-82.50182899999999, 47.975225699062015], [-82.50214539999996, 47.97550949906205], [-82.50302009999996, 47.976100899062025], [-82.5033358, 47.976357699062], [-82.5040411, 47.97711319906204], [-82.50457899999998, 47.97763709906204]]}, "properties": {"OBJECTID": 49351458}}, {"type": "Feature", "id": 49351506, "geometry": {"type": "LineString", "coordinates": [[-83.9678836, 47.68286149906105], [-83.96770749999996, 47.6830459990611], [-83.9651341, 47.68395849906106], [-83.96370089999999, 47.68453549906108], [-83.96228969999999, 47.68503089906107], [-83.95985579999996, 47.685822699061085], [-83.95943969999996, 47.68600439906106], [-83.95816969999998, 47.6866400990611], [-83.95697329999996, 47.68716589906109], [-83.9557079, 47.68764849906109], [-83.9553004, 47.68774899906106], [-83.95490379999995, 47.68780419906107], [-83.95174889999998, 47.68763349906105], [-83.95055739999998, 47.687538199061066], [-83.94904759999997, 47.687468999061075], [-83.94558059999997, 47.68719819906107], [-83.94457399999999, 47.68707109906107], [-83.94305099999997, 47.68676819906107], [-83.94268359999995, 47.68663369906106], [-83.94242009999999, 47.686451499061086], [-83.94224829999996, 47.68623989906108], [-83.9419661, 47.68572519906108], [-83.9417805, 47.68550499906108], [-83.94151499999998, 47.685286899061055], [-83.94079869999996, 47.68487329906111], [-83.94038889999996, 47.684694799061106], [-83.93999589999999, 47.684578899061066], [-83.9396198, 47.68452559906108], [-83.9392891, 47.684570099061084], [-83.93903009999997, 47.68470269906105], [-83.93857729999996, 47.6851821990611], [-83.93828589999998, 47.6854506990611], [-83.93759659999995, 47.68599029906107], [-83.93719719999996, 47.68623449906107], [-83.93635439999997, 47.6866519990611], [-83.93595399999998, 47.686878199061084], [-83.9342648, 47.68765039906106], [-83.93386959999998, 47.687732499061106], [-83.93349749999999, 47.6877509990611], [-83.93308339999999, 47.68773459906106], [-83.93215139999995, 47.68774939906109], [-83.9304798, 47.68764819906108], [-83.929303, 47.68781319906111], [-83.92662379999996, 47.6880436990611], [-83.9262276, 47.68810779906108], [-83.92462109999997, 47.68845469906108], [-83.9238163, 47.688601199061125], [-83.92256809999998, 47.68892099906112], [-83.92216309999998, 47.6890662990611], [-83.9214384, 47.68945369906106], [-83.9197972, 47.690134399061094], [-83.91948279999997, 47.69023239906108], [-83.91913929999998, 47.69028619906106], [-83.9188173, 47.690249399061095], [-83.91854609999996, 47.69016629906111], [-83.91806879999996, 47.68997149906108], [-83.91705309999998, 47.6896823990611], [-83.9159927, 47.6895473990611], [-83.91571219999997, 47.689536499061084], [-83.91542139999996, 47.68957989906108], [-83.9151741, 47.6896851990611], [-83.9142966, 47.6902023990611], [-83.91398879999997, 47.69041719906108], [-83.91302989999997, 47.691386399061074], [-83.91255749999999, 47.6917583990611], [-83.91233769999997, 47.69188099906109], [-83.91215439999996, 47.691939599061094], [-83.91137619999995, 47.69208539906107], [-83.91108729999996, 47.6921646990611], [-83.91082719999997, 47.69227929906107], [-83.91058229999999, 47.69242949906108], [-83.9104193, 47.69261359906108], [-83.91019189999997, 47.69307829906109], [-83.91009919999999, 47.69356659906108], [-83.91026629999999, 47.694174299061125], [-83.91055319999998, 47.694778899061106], [-83.91062299999999, 47.69507409906108], [-83.91072799999995, 47.69624119906111], [-83.91073749999998, 47.697608799061115], [-83.91084109999997, 47.69827209906109], [-83.91092369999996, 47.69855799906112], [-83.91104519999999, 47.69882479906111], [-83.9112465, 47.699089699061105], [-83.91151449999995, 47.699352799061145], [-83.91239609999997, 47.70010429906111], [-83.91262519999998, 47.700386499061125], [-83.91274869999995, 47.700689299061125], [-83.91280609999995, 47.70100279906114], [-83.9127848, 47.70133629906114], [-83.91266209999998, 47.7020052990611], [-83.91247499999997, 47.70343189906113], [-83.91238649999997, 47.703758099061126], [-83.91221619999999, 47.70405039906114], [-83.91198859999997, 47.70427209906114], [-83.91171749999995, 47.704431999061114], [-83.9103058, 47.704935699061146], [-83.90991549999995, 47.70510759906114], [-83.9091249, 47.70551459906113], [-83.90655269999996, 47.706965699061136], [-83.90550879999995, 47.70761309906113], [-83.90522289999996, 47.70774629906112], [-83.90452679999999, 47.70793489906112], [-83.90369399999997, 47.70806399906116], [-83.90286959999997, 47.70810279906113], [-83.90255509999997, 47.708200799061174], [-83.90231059999996, 47.708359999061145], [-83.90182809999999, 47.708795099061156], [-83.8976912, 47.71160839906117], [-83.89748639999999, 47.71224339906118], [-83.89683889999998, 47.71475239906115], [-83.89661079999996, 47.715927999061165], [-83.89617769999995, 47.71917849906116], [-83.89592119999998, 47.72080479906116], [-83.89578769999997, 47.72200499906119], [-83.8957307, 47.72314019906121], [-83.8956579, 47.7235109990612], [-83.8949758, 47.72539999906121], [-83.89479299999999, 47.72571049906123], [-83.8924083, 47.72816439906121], [-83.89131219999996, 47.72908289906123], [-83.89100289999999, 47.729279699061195], [-83.89058319999998, 47.72940719906123], [-83.8896317, 47.72956619906122], [-83.88867269999997, 47.7295903990612], [-83.88826179999995, 47.72963669906122], [-83.887881, 47.72974529906125], [-83.88758459999997, 47.72993269906121], [-83.88738489999997, 47.730180699061194], [-83.88720219999999, 47.73073419906122], [-83.88707159999996, 47.731025499061246], [-83.8867674, 47.73155509906124], [-83.88676649999996, 47.7317799990612], [-83.88688499999995, 47.731992999061234], [-83.8876262, 47.732613299061235], [-83.88779799999998, 47.73282489906123], [-83.8878765, 47.7330388990612], [-83.88788999999997, 47.73328149906124], [-83.88782759999998, 47.73384099906124], [-83.88773789999999, 47.73414919906126], [-83.887675, 47.73469969906123], [-83.88775449999997, 47.734931699061214], [-83.888351, 47.736068499061254], [-83.8891294, 47.73783959906125], [-83.88933589999999, 47.73843739906122], [-83.8893784, 47.738724199061274], [-83.88939599999998, 47.73928169906127], [-83.8894866, 47.739954299061246], [-83.88948769999996, 47.74021529906126], [-83.88940859999997, 47.74095519906127], [-83.8893898, 47.74181949906126], [-83.8894545, 47.74202479906125], [-83.88956999999999, 47.742183899061274], [-83.8897389, 47.74234159906127], [-83.89025219999996, 47.74269759906129], [-83.8919861, 47.743652799061245], [-83.89279119999998, 47.74421739906127], [-83.89292009999997, 47.744376099061256], [-83.89315569999997, 47.74477509906127], [-83.8934734, 47.74545099906125], [-83.89376419999996, 47.74588459906126], [-83.8943607, 47.74653539906128], [-83.89570609999998, 47.74769829906128], [-83.8966082, 47.74856639906126], [-83.89684319999998, 47.7487133990613], [-83.89744239999999, 47.74893219906127], [-83.89778149999995, 47.74903169906129], [-83.89813189999995, 47.749094799061275], [-83.89896299999998, 47.74916379906128], [-83.90011189999996, 47.74918869906131], [-83.90044449999999, 47.74917129906126], [-83.9007484, 47.7491185990613], [-83.90104939999998, 47.749011999061295], [-83.90170889999996, 47.74863539906125], [-83.90207399999997, 47.74848219906124], [-83.90243019999997, 47.74841019906127], [-83.90280229999996, 47.748382699061295], [-83.90313689999999, 47.74840129906125], [-83.90427889999995, 47.74854329906125], [-83.90467129999996, 47.74864139906125], [-83.90540779999998, 47.74892869906128], [-83.9060126, 47.7492462990613], [-83.90642399999996, 47.74968579906126], [-83.90661879999999, 47.75006779906127], [-83.90669489999999, 47.750236899061264], [-83.90686729999999, 47.75045749906129], [-83.90714229999998, 47.75060349906128], [-83.90749269999998, 47.7506665990613], [-83.90783969999995, 47.7506667990613], [-83.9081703, 47.75061339906128], [-83.9085255, 47.750523399061265], [-83.9088916, 47.75038809906126], [-83.9092152, 47.75020889906128], [-83.90942029999997, 47.7500597990613], [-83.90983419999998, 47.74982429906126], [-83.91019969999996, 47.74967999906127], [-83.91056779999997, 47.74958069906128], [-83.91132119999997, 47.7494535990613], [-83.9117061, 47.749416799061265], [-83.91258999999997, 47.749475399061254], [-83.91347739999998, 47.74959679906127], [-83.91386929999999, 47.749685799061254], [-83.91473079999997, 47.750059899061256], [-83.9160569, 47.750629099061285], [-83.9177421, 47.75093719906127], [-83.91959539999999, 47.75115099906132], [-83.92049209999999, 47.75120009906127], [-83.92119829999996, 47.75118209906126], [-83.92238839999999, 47.75098979906127], [-83.92360969999999, 47.7508776990613], [-83.92402479999998, 47.75090309906128], [-83.9258719, 47.75124289906129], [-83.92739109999997, 47.75144709906129], [-83.92787279999999, 47.751470799061316], [-83.92870869999996, 47.75138649906129], [-83.92906339999996, 47.751287499061306], [-83.92972479999997, 47.750946599061294], [-83.92997959999997, 47.75073309906131], [-83.93032899999997, 47.75030129906132], [-83.93053459999999, 47.75016099906132], [-83.93079799999998, 47.7501002990613], [-83.93111829999998, 47.75010109906126], [-83.93141549999996, 47.75016549906129], [-83.93199069999997, 47.750429799061266], [-83.93231609999998, 47.75052039906129], [-83.9330708, 47.75065409906128], [-83.93342329999996, 47.75075309906126], [-83.93398529999996, 47.75101759906127], [-83.93528039999995, 47.7515063990613], [-83.93561549999998, 47.751533799061264], [-83.93674299999998, 47.75141499906128], [-83.93714269999998, 47.75140469906129], [-83.9375316, 47.751439799061274], [-83.93784469999997, 47.75154869906126], [-83.93835689999997, 47.75187759906126], [-83.9395566, 47.75256669906131], [-83.939885, 47.75271129906131], [-83.94022469999999, 47.75281959906127], [-83.94057319999996, 47.75284659906127], [-83.94123689999998, 47.75278459906131], [-83.94158329999999, 47.7527756990613], [-83.9419461, 47.75282039906128], [-83.9430021, 47.75309029906126], [-83.9441736, 47.75327619906128], [-83.94510459999998, 47.75345919906127], [-83.94603869999997, 47.75369619906131], [-83.94689649999998, 47.75399809906131], [-83.94775059999995, 47.75423709906128], [-83.9492904, 47.75480039906128], [-83.95089519999999, 47.755335099061305], [-83.95128829999999, 47.75544189906133], [-83.95205489999995, 47.755548199061295], [-83.95238029999996, 47.75563879906131], [-83.95297059999996, 47.755929499061324], [-83.95333599999998, 47.75601909906127], [-83.9546115, 47.75615719906129], [-83.95609109999998, 47.756128099061286], [-83.95788329999999, 47.756198899061296], [-83.95819639999996, 47.756307799061275], [-83.95848489999997, 47.75645329906131], [-83.95870979999995, 47.75665449906131], [-83.95898599999998, 47.75681829906131], [-83.95912019999997, 47.7570667990613], [-83.9592022, 47.75733469906128], [-83.95940249999995, 47.75757249906132], [-83.95968069999998, 47.75777229906129], [-83.96009519999996, 47.7582564990613], [-83.96057579999996, 47.758729999061316], [-83.96085259999995, 47.75890279906133], [-83.961589, 47.759180799061305], [-83.96216649999997, 47.7594807990613], [-83.9624053, 47.7596905990613], [-83.96260669999998, 47.759946399061334], [-83.96361879999995, 47.76084709906134], [-83.96373819999997, 47.761068999061315], [-83.96379189999999, 47.761310599061304], [-83.96375189999998, 47.761545599061336], [-83.963593, 47.761801599061315], [-83.96348839999996, 47.762074299061304], [-83.96333089999996, 47.76235729906132], [-83.96277619999995, 47.76316349906133], [-83.96259979999996, 47.76334809906133], [-83.96235529999996, 47.76350739906133], [-83.96184419999997, 47.763673599061306], [-83.96079649999996, 47.76379059906136], [-83.96042639999996, 47.763854099061305], [-83.96007119999996, 47.763944299061336], [-83.9597713, 47.7640689990613], [-83.95954059999997, 47.76423699906134], [-83.95939139999996, 47.764429799061325], [-83.95904339999998, 47.76582459906133], [-83.95915149999996, 47.766082699061336], [-83.95947129999996, 47.766542399061365], [-83.959563, 47.76674699906132], [-83.95960539999999, 47.76725879906136], [-83.9595842, 47.76782629906133], [-83.95941109999995, 47.76924359906137], [-83.95940479999996, 47.76960369906132], [-83.95953929999996, 47.77103099906137], [-83.95934419999998, 47.77370869906137], [-83.9593337, 47.774932799061375], [-83.9592265, 47.77516049906135], [-83.9588162, 47.775458999061364], [-83.95815479999999, 47.77579999906135], [-83.95784809999998, 47.77604189906134], [-83.95709059999996, 47.77680829906137], [-83.95682239999996, 47.77702219906137], [-83.95648549999999, 47.777201899061374], [-83.95609479999996, 47.77737389906139], [-83.9556733, 47.77747479906139], [-83.9539274, 47.777762699061384], [-83.95362639999996, 47.77786949906136], [-83.95339459999997, 47.77801939906136], [-83.9531925, 47.778222599061394], [-83.95309909999997, 47.77845899906136], [-83.95311179999999, 47.77868359906137], [-83.9531753, 47.778861999061355], [-83.95436849999999, 47.7801269990614], [-83.95472569999998, 47.780540799061406], [-83.95496309999999, 47.780723599061396], [-83.95517529999995, 47.78093409906139], [-83.95621619999997, 47.782338099061356], [-83.95641609999996, 47.782566899061365], [-83.95708409999997, 47.78304459906141], [-83.95726859999996, 47.783237799061354], [-83.95741519999996, 47.7834679990614], [-83.95760429999996, 47.78397609906138], [-83.95769639999997, 47.78442359906141], [-83.95765019999999, 47.784784699061404], [-83.9575271, 47.78496789906139], [-83.95621549999998, 47.78632449906142], [-83.95555579999996, 47.786935399061385], [-83.95480999999995, 47.78744059906139], [-83.95392979999997, 47.78816519906142], [-83.95375429999996, 47.788367599061395], [-83.953508, 47.788733899061405], [-83.95329139999996, 47.7893873990614], [-83.95279959999999, 47.79060589906138], [-83.95271179999997, 47.7909410990614], [-83.95266549999997, 47.791302299061435], [-83.95271259999998, 47.79166099906143], [-83.95286269999997, 47.791954099061385], [-83.95330509999997, 47.79245559906144], [-83.95345529999997, 47.7927486990614], [-83.95349829999998, 47.79303559906138], [-83.95343349999996, 47.79330719906142], [-83.95316299999996, 47.79395299906145], [-83.95293809999998, 47.79469669906144], [-83.9527698, 47.7950249990614], [-83.9525347, 47.79535499906143], [-83.95182409999995, 47.79601219906142], [-83.9497318, 47.79773979906147], [-83.94820729999998, 47.79911979906143], [-83.94768689999995, 47.79983509906142], [-83.94723669999996, 47.800611499061425], [-83.94700209999996, 47.80095049906142], [-83.94671009999996, 47.801218999061426], [-83.94634629999996, 47.80139929906144], [-83.94592359999996, 47.80148209906147], [-83.94445299999995, 47.80145689906142], [-83.94400259999998, 47.801522499061456], [-83.94358399999999, 47.80167719906146], [-83.94324939999996, 47.80190169906146], [-83.9430251, 47.80218649906143], [-83.9428967, 47.80251369906146], [-83.94281079999996, 47.80288489906146], [-83.94229039999999, 47.805966699061436], [-83.94210809999998, 47.80723119906148], [-83.94234029999996, 47.80850309906143], [-83.94264169999997, 47.80981809906148], [-83.94312079999997, 47.81096669906145], [-83.94314939999998, 47.8112358990615], [-83.94302919999996, 47.81147299906149], [-83.94235359999999, 47.81228219906149], [-83.94103029999997, 47.81416079906147], [-83.94049669999998, 47.81511939906149], [-83.94024149999996, 47.8153328990615], [-83.93948509999996, 47.815658199061495], [-83.93912369999998, 47.81588339906148], [-83.93881929999998, 47.81617019906151], [-83.93857069999996, 47.816500499061505], [-83.93784719999996, 47.81812079906152], [-83.93742799999995, 47.818977399061474], [-83.93719679999998, 47.819379299061524], [-83.93667269999997, 47.8205084990615], [-83.93662169999999, 47.82078879906148], [-83.93671489999997, 47.82102039906149], [-83.93692519999996, 47.82119499906153], [-83.93706319999995, 47.821272399061485], [-83.93719859999999, 47.82130489906152], [-83.93886169999996, 47.821415299061506], [-83.93968209999997, 47.821511299061484], [-83.94007059999996, 47.821528299061505], [-83.9407233, 47.82149359906148], [-83.94100649999996, 47.821540299061525], [-83.94125329999997, 47.82165099906153], [-83.94145129999998, 47.82184389906152], [-83.9418655, 47.822553099061544], [-83.94206549999996, 47.82278199906151], [-83.94234449999999, 47.82299079906153], [-83.94308589999997, 47.82334069906151], [-83.94339159999998, 47.82354879906153], [-83.94359259999999, 47.82379559906153], [-83.9437878, 47.8244114990615], [-83.94423119999999, 47.825398999061505], [-83.94430189999997, 47.825703099061506], [-83.94428999999997, 47.825964399061526], [-83.94409109999998, 47.82646439906152], [-83.94402879999996, 47.82678099906154], [-83.94400229999997, 47.82843739906156], [-83.94388459999999, 47.828719399061534], [-83.94368279999998, 47.82893149906155], [-83.94324949999998, 47.82930259906153], [-83.9430749, 47.8295229990615], [-83.94297979999999, 47.82973239906153], [-83.94300379999999, 47.82992079906155], [-83.94310739999997, 47.830098099061566], [-83.94387059999997, 47.83106839906158], [-83.9441071, 47.83123329906154], [-83.944435, 47.831359799061545], [-83.94524939999997, 47.831581899061526], [-83.94564609999998, 47.83174269906153], [-83.9460186, 47.83194909906155], [-83.94634029999997, 47.832201799061544], [-83.94659679999995, 47.83248309906157], [-83.94700709999995, 47.83312049906153], [-83.94716039999997, 47.83346749906157], [-83.94751869999999, 47.83460109906157], [-83.94759399999998, 47.834986099061574], [-83.94755889999999, 47.83531099906159], [-83.9474793, 47.83555599906154], [-83.94723429999999, 47.83594919906155], [-83.94705909999999, 47.83616069906159], [-83.94680549999998, 47.83640119906155], [-83.94647269999996, 47.83666169906158], [-83.94526049999996, 47.837439699061555], [-83.94432599999999, 47.83793159906159], [-83.94333709999995, 47.83840689906155], [-83.94289709999998, 47.8386611990616], [-83.94256429999996, 47.838921699061565], [-83.94232649999998, 47.83920669906158], [-83.94217029999999, 47.839516699061605], [-83.9419019, 47.84020749906156], [-83.94181649999996, 47.84058759906161], [-83.94172829999997, 47.84139069906159], [-83.94165469999996, 47.84174359906159], [-83.94149749999997, 47.842035599061575], [-83.94124119999998, 47.84223109906161], [-83.94089979999995, 47.84233879906161], [-83.94050239999996, 47.84240299906161], [-83.94009419999998, 47.84251249906156], [-83.93924339999995, 47.8428311990616], [-83.9381287, 47.84321069906161], [-83.9379242, 47.843377899061565], [-83.93781579999995, 47.84358769906157], [-83.93776329999997, 47.84384099906157], [-83.9376901, 47.845147699061606], [-83.93764109999995, 47.84546389906159], [-83.93754899999999, 47.845727199061585], [-83.93737329999999, 47.84592969906158], [-83.93710169999997, 47.84608959906159], [-83.93676019999998, 47.84619729906159], [-83.93541959999999, 47.84636659906158], [-83.93438859999998, 47.846572999061614], [-83.93340009999997, 47.84682319906158], [-83.93300729999999, 47.84696819906162], [-83.93265699999995, 47.847157199061606], [-83.93237599999998, 47.84738929906161], [-83.93218999999999, 47.84764599906156], [-83.93209839999997, 47.84791829906158], [-83.93216699999999, 47.84818649906158], [-83.93276359999999, 47.849521099061604], [-83.93288049999995, 47.849747799061625]]}, "properties": {"OBJECTID": 49351506}}, {"type": "Feature", "id": 49359586, "geometry": {"type": "LineString", "coordinates": [[-83.73215719999996, 47.55931069906069], [-83.73198179999997, 47.55962099906072], [-83.73153679999996, 47.56052249906073], [-83.73102889999996, 47.561749399060666], [-83.73008319999997, 47.56376069906074], [-83.72981119999997, 47.56415409906069], [-83.72947039999997, 47.564504099060706], [-83.72885919999999, 47.56502259906072], [-83.72848669999996, 47.56527449906071], [-83.7276991, 47.56572519906073], [-83.727328, 47.566003999060705], [-83.72702559999999, 47.566326099060724], [-83.7268153, 47.566628099060694], [-83.72646299999997, 47.56701439906071], [-83.72555849999998, 47.56828669906073], [-83.72454719999996, 47.5695525990607], [-83.72427499999998, 47.569945999060714], [-83.72412199999997, 47.57032759906075], [-83.72408889999997, 47.57071529906072], [-83.72424609999996, 47.57374419906074], [-83.72422559999995, 47.57437459906071], [-83.7240491, 47.57507169906074], [-83.72365179999997, 47.57587299906071], [-83.72081849999995, 47.580988599060746], [-83.72061499999995, 47.58142539906073], [-83.71990889999995, 47.58268399906077], [-83.71964759999997, 47.58303209906076], [-83.7193461, 47.58337219906079], [-83.71895059999997, 47.58369659906074], [-83.71865529999997, 47.58390159906079], [-83.71799339999995, 47.584475199060776], [-83.71754399999998, 47.58504379906079], [-83.7175249, 47.585188199060745], [-83.71746539999998, 47.58532459906079], [-83.71744229999996, 47.58616199906075], [-83.71755089999999, 47.586717399060745], [-83.71764639999998, 47.587020999060805], [-83.7177529, 47.58727949906077], [-83.71779669999995, 47.58761139906077], [-83.71767599999998, 47.587848199060744], [-83.71744749999999, 47.58806059906077], [-83.7171366, 47.58822099906078], [-83.7167546, 47.588292999060776], [-83.71592719999995, 47.588240599060754], [-83.71546269999999, 47.58826059906077], [-83.7150289, 47.58836089906076], [-83.71452149999999, 47.58857989906077], [-83.7130204, 47.589389299060805], [-83.71187229999998, 47.59008239906079], [-83.7112702, 47.59052859906079], [-83.7102107, 47.591390499060815], [-83.70935349999996, 47.59204969906077], [-83.70894219999997, 47.59232939906081], [-83.70847599999996, 47.592574399060815], [-83.70747549999999, 47.592777999060786], [-83.70695969999997, 47.59283509906077], [-83.70640209999999, 47.59285729906082], [-83.70553339999998, 47.5927787990608], [-83.70454139999998, 47.59263129906082], [-83.70395719999999, 47.5926539990608], [-83.70315929999998, 47.59291579906078], [-83.70269109999998, 47.59312479906078], [-83.70253679999996, 47.59322749906078], [-83.70226429999997, 47.59335989906077], [-83.70189239999996, 47.59362959906082], [-83.70156129999998, 47.59391639906078], [-83.70105899999999, 47.594495099060794], [-83.70086529999998, 47.5948685990608], [-83.70073859999997, 47.59524959906082], [-83.70067789999996, 47.59561989906081], [-83.70056259999996, 47.59596459906078], [-83.70036339999996, 47.596230299060785], [-83.70004229999995, 47.59645379906078], [-83.69957419999997, 47.59666279906082], [-83.69899879999997, 47.59685629906079], [-83.69857089999999, 47.59707339906079], [-83.6982228, 47.597288499060824], [-83.69427739999998, 47.599990999060836], [-83.69334049999998, 47.600660899060834], [-83.6923592, 47.60124189906084], [-83.69111669999995, 47.601918899060834], [-83.68812209999999, 47.603455999060785], [-83.68553369999995, 47.60487549906087], [-83.68509569999998, 47.605155699060795], [-83.68457239999998, 47.60559089906085], [-83.68324329999996, 47.607178799060854], [-83.68223109999997, 47.60846229906085], [-83.68118959999998, 47.609692499060806], [-83.68065209999997, 47.61037089906084], [-83.6802237, 47.61110089906083], [-83.67996159999996, 47.61170089906084], [-83.67974949999996, 47.61249769906083], [-83.67960839999995, 47.61286099906084], [-83.6795507, 47.613294299060826], [-83.6795429, 47.61366339906083], [-83.67971539999996, 47.61443329906087], [-83.679935, 47.615084999060855], [-83.67996489999996, 47.615669199060854], [-83.67963909999997, 47.61632479906087], [-83.67909689999999, 47.617174299060885], [-83.6789938, 47.61750069906089], [-83.67900809999998, 47.618040299060866], [-83.6791227, 47.61846049906088], [-83.67982709999995, 47.62052279906085], [-83.68098319999996, 47.623348299060886], [-83.681423, 47.62413889906092], [-83.68156189999996, 47.624513599060876], [-83.68159549999996, 47.62490869906092], [-83.68121239999999, 47.626267499060894], [-83.68099889999996, 47.62677639906091], [-83.68017659999998, 47.62839739906092], [-83.67965269999996, 47.62934549906088], [-83.67939239999998, 47.629981499060925], [-83.67915949999997, 47.63037389906088], [-83.67883079999996, 47.63071449906089], [-83.67841959999998, 47.631003099060926], [-83.67801799999995, 47.63121949906093], [-83.67751549999997, 47.63154609906091], [-83.67711939999998, 47.631870299060886], [-83.67681539999995, 47.63217439906087], [-83.67647619999997, 47.63256929906089], [-83.67598929999997, 47.6334624990609], [-83.67530299999999, 47.634882299060905], [-83.6744291, 47.63680139906092], [-83.67327219999999, 47.63917699906092], [-83.67296779999998, 47.639733099060905], [-83.67242479999999, 47.640573599060964], [-83.67208819999996, 47.64102239906092], [-83.67037069999998, 47.64311409906097], [-83.66984789999998, 47.64382809906093], [-83.66970619999995, 47.64418239906096], [-83.6695727, 47.644959399060944], [-83.6695919, 47.64533689906094], [-83.66973999999999, 47.646413299060946], [-83.66970199999997, 47.64671109906094], [-83.66954329999999, 47.64699379906096], [-83.6689892, 47.647618599060976], [-83.66863279999995, 47.647941799060945], [-83.6681939, 47.64821299906093], [-83.6669321, 47.64884729906094]]}, "properties": {"OBJECTID": 49359586}}, {"type": "Feature", "id": 49359682, "geometry": {"type": "LineString", "coordinates": [[-83.4183018, 47.70767899906116], [-83.4180829, 47.70780749906113], [-83.41776399999998, 47.70804059906113], [-83.41756419999996, 47.708159599061155], [-83.41736429999997, 47.70826909906112], [-83.41706919999996, 47.708387999061145], [-83.41673129999998, 47.708478499061144], [-83.41624589999998, 47.70856889906116], [-83.41584139999998, 47.70859269906112], [-83.41527989999997, 47.708644999061185], [-83.4145375, 47.708716399061146], [-83.41421859999997, 47.708754499061115], [-83.41394739999998, 47.70880679906118], [-83.41372369999999, 47.70886869906116], [-83.41295279999997, 47.70911139906117], [-83.41262919999997, 47.70918279906114], [-83.41238169999997, 47.70921129906118], [-83.41204859999999, 47.70920179906115], [-83.41143469999997, 47.70917329906117], [-83.41042579999998, 47.70913999906117], [-83.41013069999997, 47.70916369906117], [-83.40985469999998, 47.70920179906115], [-83.40720869999996, 47.70953019906114], [-83.40664239999995, 47.70965389906117], [-83.4058905, 47.709787199061175], [-83.40463419999998, 47.71011549906115], [-83.40394889999999, 47.71029159906114], [-83.40370619999999, 47.710377299061136], [-83.4035634, 47.71045339906113], [-83.40337779999999, 47.710596199061136], [-83.40297959999998, 47.71089999906117]]}, "properties": {"OBJECTID": 49359682}}, {"type": "Feature", "id": 49361794, "geometry": {"type": "LineString", "coordinates": [[-80.88000309999995, 48.55003019906423], [-80.8798506, 48.550296799064206], [-80.8798056, 48.550468799064234], [-80.87980549999997, 48.55050429906419]]}, "properties": {"OBJECTID": 49361794}}, {"type": "Feature", "id": 49365602, "geometry": {"type": "LineString", "coordinates": [[-81.34105089999997, 48.49144339906398], [-81.3421626, 48.49144399906396]]}, "properties": {"OBJECTID": 49365602}}, {"type": "Feature", "id": 49368210, "geometry": {"type": "LineString", "coordinates": [[-82.4417666, 48.246355899063026], [-82.44217499999996, 48.246989599063], [-82.44248109999995, 48.247336599063026], [-82.44341429999997, 48.247945699063], [-82.4436356, 48.24814979906302], [-82.44369319999998, 48.24828409906303], [-82.44367079999995, 48.24844629906301], [-82.44330179999997, 48.24921569906304], [-82.44323649999995, 48.24928849906305], [-82.44295899999997, 48.249480899063045], [-82.44246579999998, 48.24966699906304]]}, "properties": {"OBJECTID": 49368210}}, {"type": "Feature", "id": 49373426, "geometry": {"type": "LineString", "coordinates": [[-81.319501, 48.48599149906394], [-81.3182933, 48.48599849906399]]}, "properties": {"OBJECTID": 49373426}}, {"type": "Feature", "id": 49375826, "geometry": {"type": "LineString", "coordinates": [[-81.17357219999997, 48.48452509906396], [-81.17373139999995, 48.484675999063946], [-81.17476219999998, 48.48543189906397], [-81.17482629999995, 48.48549599906394], [-81.1748538, 48.48553719906394], [-81.17485499999998, 48.48559449906397], [-81.17482179999996, 48.48567009906398], [-81.17413339999996, 48.48658749906397], [-81.17407499999996, 48.48666649906395], [-81.17399259999996, 48.48675929906394], [-81.173003, 48.48777969906396], [-81.1725323, 48.48829509906397], [-81.17242239999996, 48.488387899063966], [-81.17230339999998, 48.48847679906394]]}, "properties": {"OBJECTID": 49375826}}, {"type": "Feature", "id": 49376754, "geometry": {"type": "LineString", "coordinates": [[-84.53140079999997, 48.36112709906346], [-84.53151789999998, 48.36121959906347], [-84.5319417, 48.36139069906344]]}, "properties": {"OBJECTID": 49376754}}, {"type": "Feature", "id": 49380194, "geometry": {"type": "LineString", "coordinates": [[-81.21984459999999, 48.47782499906389], [-81.2194465, 48.47778039906393], [-81.21889169999997, 48.4777633990639], [-81.21749829999999, 48.47784709906393], [-81.21743069999997, 48.477856199063915], [-81.21615909999997, 48.47792149906393], [-81.21542869999996, 48.47796379906389]]}, "properties": {"OBJECTID": 49380194}}, {"type": "Feature", "id": 49383570, "geometry": {"type": "LineString", "coordinates": [[-81.72594479999998, 47.67723069906102], [-81.7265653, 47.677784599061034], [-81.72687509999997, 47.678025599061044]]}, "properties": {"OBJECTID": 49383570}}, {"type": "Feature", "id": 49384162, "geometry": {"type": "LineString", "coordinates": [[-81.33571409999996, 48.463247799063865], [-81.33571429999995, 48.464078399063844]]}, "properties": {"OBJECTID": 49384162}}, {"type": "Feature", "id": 49390114, "geometry": {"type": "LineString", "coordinates": [[-82.44070449999998, 48.24499259906304], [-82.43978929999997, 48.24549889906302]]}, "properties": {"OBJECTID": 49390114}}, {"type": "Feature", "id": 49390898, "geometry": {"type": "LineString", "coordinates": [[-81.3614192, 48.47708519906393], [-81.36150419999996, 48.47720789906389], [-81.36154969999996, 48.477289099063896], [-81.36156589999996, 48.477366999063904], [-81.36157939999998, 48.47786859906392], [-81.36157359999999, 48.478520099063935], [-81.36156039999997, 48.478581699063916], [-81.36154149999999, 48.478623099063945], [-81.3615092, 48.47865519906395], [-81.361471, 48.47867739906394], [-81.36141899999996, 48.47869449906391], [-81.36136199999999, 48.478701499063895], [-81.3612301, 48.47870209906392], [-81.3605493, 48.47868279906389]]}, "properties": {"OBJECTID": 49390898}}, {"type": "Feature", "id": 49391458, "geometry": {"type": "LineString", "coordinates": [[-81.2966629, 48.47531499906392], [-81.29820709999996, 48.47554529906392]]}, "properties": {"OBJECTID": 49391458}}, {"type": "Feature", "id": 49392098, "geometry": {"type": "LineString", "coordinates": [[-81.34891899999997, 48.49698229906398], [-81.34890669999999, 48.49858949906402]]}, "properties": {"OBJECTID": 49392098}}, {"type": "Feature", "id": 49395362, "geometry": {"type": "LineString", "coordinates": [[-81.3047866, 48.50256909906401], [-81.3069782, 48.50258399906402]]}, "properties": {"OBJECTID": 49395362}}, {"type": "Feature", "id": 49402642, "geometry": {"type": "LineString", "coordinates": [[-84.9234548, 47.961060799062], [-84.92361629999999, 47.96171159906197], [-84.92367819999998, 47.96183869906201], [-84.92376859999996, 47.961921299061984], [-84.92391449999997, 47.96195989906197], [-84.92411529999998, 47.96196349906199], [-84.92477409999998, 47.961903499061975], [-84.92544329999998, 47.961876599062]]}, "properties": {"OBJECTID": 49402642}}, {"type": "Feature", "id": 49403042, "geometry": {"type": "LineString", "coordinates": [[-81.32071509999997, 48.488842299063975], [-81.32071969999998, 48.489579999064]]}, "properties": {"OBJECTID": 49403042}}, {"type": "Feature", "id": 49405426, "geometry": {"type": "LineString", "coordinates": [[-81.33746119999995, 48.473203599063915], [-81.33571089999998, 48.47320729906389]]}, "properties": {"OBJECTID": 49405426}}, {"type": "Feature", "id": 49406578, "geometry": {"type": "LineString", "coordinates": [[-80.88576009999997, 48.60302699906441], [-80.88741469999997, 48.603127599064464], [-80.88863529999998, 48.60323669906443], [-80.88896059999996, 48.603317999064416], [-80.8892588, 48.603426199064415], [-80.89121, 48.604417699064406], [-80.89153519999996, 48.60456189906444], [-80.89188769999998, 48.60467919906445], [-80.89225379999999, 48.60473349906442], [-80.89256559999995, 48.60481479906446], [-80.89397599999995, 48.604986999064415], [-80.89457279999999, 48.60502359906446], [-80.89476279999997, 48.60499669906443]]}, "properties": {"OBJECTID": 49406578}}, {"type": "Feature", "id": 49407538, "geometry": {"type": "LineString", "coordinates": [[-81.37852559999999, 48.4697370990639], [-81.37854929999997, 48.47110549906389]]}, "properties": {"OBJECTID": 49407538}}, {"type": "Feature", "id": 49415906, "geometry": {"type": "LineString", "coordinates": [[-81.21543649999995, 48.47935459906392], [-81.21312639999996, 48.479354999063915]]}, "properties": {"OBJECTID": 49415906}}, {"type": "Feature", "id": 49415938, "geometry": {"type": "LineString", "coordinates": [[-81.2790918, 48.05461359906232], [-81.27831779999997, 48.05543419906233], [-81.27807789999997, 48.05574069906229], [-81.27718579999998, 48.057038399062314], [-81.27701289999999, 48.05733569906232], [-81.27689369999996, 48.05763289906234], [-81.27680299999997, 48.05824499906229], [-81.27669729999997, 48.058542099062315], [-81.27656439999998, 48.05879439906233], [-81.27636429999995, 48.05902879906233], [-81.27611049999996, 48.059254299062324], [-81.2750671, 48.05988659906234], [-81.27384859999995, 48.06042929906232], [-81.27296439999998, 48.06072829906237], [-81.27257599999996, 48.060882199062334], [-81.27228169999995, 48.061062899062335], [-81.27204119999999, 48.061279399062364], [-81.27192169999995, 48.06152259906235], [-81.27161799999999, 48.06246799906234], [-81.27136619999999, 48.063080399062365], [-81.27131419999995, 48.06340439906234], [-81.27127909999996, 48.06438519906232], [-81.27131249999996, 48.065635699062355], [-81.27124859999998, 48.06624759906232], [-81.27105059999997, 48.066886899062375], [-81.2708912, 48.06720219906234], [-81.2699594, 48.068697899062364], [-81.26984019999998, 48.06900399906233], [-81.269723, 48.06969709906239], [-81.26962279999998, 48.071073899062384], [-81.26963949999998, 48.07170359906239], [-81.26972169999999, 48.07200939906237], [-81.27038569999996, 48.07320439906236], [-81.27117279999999, 48.07480399906239], [-81.2713488, 48.07510049906239], [-81.27155159999995, 48.07536999906239], [-81.27219959999996, 48.076043199062376], [-81.27247059999996, 48.076519399062356], [-81.2725256, 48.07677119906236], [-81.272448, 48.07732919906239], [-81.27242429999995, 48.0779230990624], [-81.2723585, 48.078175099062385], [-81.27218519999997, 48.078409499062396], [-81.27191769999996, 48.0786079990624], [-81.27120829999996, 48.07901459906243], [-81.27044489999997, 48.07937629906242], [-81.26953509999998, 48.07999019906237], [-81.26921369999997, 48.0801348990624], [-81.2688516, 48.080216699062426], [-81.26842209999995, 48.08024469906242], [-81.26800609999998, 48.08029969906239], [-81.26665169999995, 48.08062669906243], [-81.26623619999998, 48.080762599062396], [-81.26552629999998, 48.08109719906242], [-81.26525889999999, 48.08130469906241], [-81.2650721, 48.08154809906242], [-81.26496609999998, 48.08180919906239], [-81.2649136, 48.08206129906241], [-81.26497009999997, 48.08260099906239], [-81.2649179, 48.08287999906244], [-81.26469249999997, 48.083438299062394], [-81.2645192, 48.08369969906241], [-81.2640652, 48.08418649906243], [-81.26358419999997, 48.084646499062416], [-81.26306239999997, 48.08501659906241], [-81.26279449999998, 48.08515209906241], [-81.26008759999996, 48.08623789906241], [-81.25977949999998, 48.08640059906244], [-81.25955219999997, 48.086589999062404], [-81.25919169999997, 48.08699569906245], [-81.2584286, 48.08746529906242], [-81.25828179999996, 48.08764559906245], [-81.25796229999997, 48.08819509906242], [-81.25755049999998, 48.089086699062406], [-81.25723099999999, 48.08964529906244], [-81.25685729999998, 48.09012289906245], [-81.25589539999999, 48.091123799062466], [-81.25562789999998, 48.09134029906243], [-81.25415449999997, 48.09212629906245], [-81.25379299999997, 48.09234299906245], [-81.25312389999999, 48.09282129906245], [-81.25277559999995, 48.09301099906247], [-81.25160969999996, 48.09351739906242], [-81.25080589999999, 48.09392409906247], [-81.25008279999997, 48.094375499062444], [-81.24948069999999, 48.09482669906243], [-81.24892009999996, 48.09554759906247], [-81.24869279999996, 48.095764099062436], [-81.2478898, 48.09635959906245], [-81.24766269999998, 48.09660299906246], [-81.24727559999997, 48.097098699062435], [-81.24690279999999, 48.097792299062476], [-81.24655559999997, 48.09819789906246], [-81.24634149999997, 48.098378299062475], [-81.2460074, 48.09872989906246], [-81.2457273, 48.09912629906247], [-81.2453008, 48.09982899906244], [-81.24507509999995, 48.10038729906248], [-81.2447573, 48.10135069906246], [-81.24451979999998, 48.10224189906249], [-81.24452249999996, 48.10280869906249], [-81.24474449999997, 48.10431969906248], [-81.24475939999996, 48.1046165990625], [-81.24472209999999, 48.10524649906249], [-81.24459239999999, 48.10621839906251], [-81.24459389999998, 48.106551299062524], [-81.24467619999996, 48.106892999062495], [-81.24482549999999, 48.10722559906253], [-81.24504189999999, 48.107530999062476], [-81.24556859999996, 48.10811469906252], [-81.2460552, 48.10874349906249], [-81.2466776, 48.1096687990625], [-81.24682669999999, 48.10995639906253], [-81.24704459999998, 48.110567699062535], [-81.24723749999998, 48.111565999062535], [-81.24737339999996, 48.111889599062536], [-81.24758989999998, 48.11220399906253], [-81.24814369999996, 48.11282359906252], [-81.24876459999996, 48.11342509906253], [-81.24943909999996, 48.11399039906254], [-81.25007349999998, 48.11460979906254], [-81.25065429999995, 48.11523839906251], [-81.25107399999996, 48.11588519906255], [-81.2513596, 48.11660439906253], [-81.2527786, 48.12100979906255], [-81.25332499999996, 48.12281699906253], [-81.2534609, 48.12313159906257], [-81.25363699999997, 48.12342809906255], [-81.25390719999996, 48.123715399062576], [-81.25487899999996, 48.124576999062576], [-81.25512229999998, 48.1248732990626], [-81.25531189999998, 48.12516979906258], [-81.25546129999998, 48.12548439906254], [-81.25557049999998, 48.125816999062586], [-81.25561249999998, 48.12615879906259], [-81.255562, 48.12682469906259], [-81.25549649999999, 48.12716669906259], [-81.25549989999996, 48.127850499062575], [-81.25561259999995, 48.128884899062555], [-81.25569469999999, 48.129190599062575], [-81.25603359999997, 48.12976569906257], [-81.25684479999995, 48.1307444990626], [-81.25740019999995, 48.131615999062575], [-81.25773989999999, 48.13236199906258], [-81.2582046, 48.1338993990626], [-81.25876699999998, 48.13615639906259], [-81.259616, 48.13925839906261], [-81.26027139999997, 48.14129029906264], [-81.26053009999998, 48.14192849906263], [-81.26090969999996, 48.14255739906265], [-81.26116659999997, 48.14286269906263], [-81.26207169999998, 48.14373339906264], [-81.26271959999997, 48.144253699062645], [-81.26572899999996, 48.14649599906264], [-81.2668769, 48.14748299906264], [-81.26712019999997, 48.14773439906268], [-81.2681738, 48.14869459906263], [-81.26944249999997, 48.14962729906266], [-81.26971249999997, 48.149851599062664], [-81.26990189999998, 48.15007609906266], [-81.27009299999997, 48.15062449906267], [-81.27013649999998, 48.15122719906269], [-81.27012479999996, 48.151551099062644], [-81.2700342, 48.152226099062645], [-81.26977019999998, 48.15315339906265], [-81.2697182, 48.153504399062676], [-81.2697086, 48.15423319906267], [-81.26979489999997, 48.15531259906266], [-81.26995969999996, 48.155968999062694], [-81.27029929999998, 48.1566159990627], [-81.2707868, 48.15727159906266], [-81.2710707, 48.15755879906266], [-81.2713144, 48.157882099062654], [-81.27238559999995, 48.15956199906272], [-81.2729961, 48.1605771990627], [-81.27368919999998, 48.16193409906268], [-81.2739077, 48.162572399062725], [-81.27397669999999, 48.16288709906271], [-81.27399349999996, 48.16351689906273], [-81.2739335, 48.164884499062715]]}, "properties": {"OBJECTID": 49415938}}, {"type": "Feature", "id": 49416466, "geometry": {"type": "LineString", "coordinates": [[-84.5331185, 48.360228299063444], [-84.53305279999995, 48.36019089906345], [-84.53294569999997, 48.36017059906343], [-84.5323153, 48.36036399906343], [-84.5317928, 48.36055969906345], [-84.53157089999996, 48.36068089906347], [-84.53142869999999, 48.36083079906347], [-84.5313961, 48.360947099063466], [-84.53140079999997, 48.36112709906346]]}, "properties": {"OBJECTID": 49416466}}, {"type": "Feature", "id": 49417858, "geometry": {"type": "LineString", "coordinates": [[-81.17070059999998, 48.49181649906398], [-81.17025889999996, 48.491839499063985], [-81.17013539999999, 48.49184589906399], [-81.1693697, 48.491860299064], [-81.1692794, 48.491872599063974], [-81.1692157, 48.49189309906399], [-81.16915419999998, 48.49191979906396], [-81.16910279999996, 48.491956699063955], [-81.1690577, 48.49201219906399], [-81.16903299999996, 48.492096299063974], [-81.16902369999997, 48.492232799063956], [-81.1690304, 48.493199399064]]}, "properties": {"OBJECTID": 49417858}}, {"type": "Feature", "id": 49418994, "geometry": {"type": "LineString", "coordinates": [[-81.61517609999999, 47.92585049906188], [-81.61516469999998, 47.92602149906188], [-81.61522209999998, 47.926345099061905], [-81.61524169999996, 47.9268668990619], [-81.61518089999998, 47.92738909906187], [-81.6146966, 47.9294429990619], [-81.6145287, 47.9299657990619], [-81.61430009999998, 47.93101069906186], [-81.6142261, 47.93154189906188], [-81.61419229999996, 47.9320819990619], [-81.61436559999999, 47.938801999061894], [-81.61431849999997, 47.939342099061925], [-81.61420429999998, 47.939873599061904], [-81.61403659999996, 47.94041429906193], [-81.61381539999996, 47.9409553990619], [-81.59926289999999, 47.970165499062]]}, "properties": {"OBJECTID": 49418994}}, {"type": "Feature", "id": 49421218, "geometry": {"type": "LineString", "coordinates": [[-81.72276169999998, 48.451015699063824], [-81.72459449999997, 48.451507999063836], [-81.72639859999998, 48.451883499063804], [-81.72676429999996, 48.45192619906379], [-81.72717009999997, 48.451932599063795], [-81.72764219999999, 48.45183969906384], [-81.7293386, 48.451307099063804], [-81.73025469999999, 48.45105839906382], [-81.73121229999998, 48.45088139906381], [-81.73226539999996, 48.45075769906378], [-81.73295439999998, 48.450708399063785], [-81.73448239999999, 48.450689599063814], [-81.73710619999997, 48.450699799063784], [-81.73767449999997, 48.450723199063816], [-81.73820319999999, 48.45080979906378], [-81.7387324, 48.45093229906383], [-81.73946609999996, 48.4511614990638], [-81.74048429999999, 48.45143389906384], [-81.74189519999999, 48.45173069906384], [-81.7424239, 48.45181719906385], [-81.74287239999995, 48.451967299063824], [-81.74328079999998, 48.452153599063834], [-81.74366269999996, 48.45237599906381], [-81.7444145, 48.45291989906384], [-81.74507269999998, 48.45353639906381], [-81.74650529999997, 48.455308499063804], [-81.74702789999998, 48.45589879906381], [-81.74863239999996, 48.45739979906383], [-81.74917819999996, 48.45772019906386], [-81.7496132, 48.457870299063835], [-81.75008829999996, 48.45798409906385], [-81.7515937, 48.45825319906381], [-81.75331739999996, 48.45865579906385], [-81.75426899999997, 48.45897339906387], [-81.75465059999999, 48.45916879906387], [-81.75495159999997, 48.45940079906385], [-81.75514439999995, 48.459633399063854], [-81.75533949999999, 48.46001899906387], [-81.75541229999999, 48.460369399063865], [-81.75550269999997, 48.46189819906384], [-81.75557599999996, 48.46228459906386], [-81.75555459999998, 48.46266259906387], [-81.75547899999998, 48.46304089906385], [-81.75534909999999, 48.463401599063836], [-81.75515099999996, 48.463726799063856], [-81.75461729999995, 48.46422509906385], [-81.75362819999998, 48.46503229906385], [-81.7534559, 48.46526729906388], [-81.75332549999996, 48.46560109906385], [-81.753264, 48.46601529906388], [-81.75327919999995, 48.46704079906388], [-81.7533823, 48.46760689906388], [-81.75369639999997, 48.46872039906385], [-81.75404279999998, 48.4701845990639], [-81.75429549999996, 48.47080369906391], [-81.7545174, 48.47117109906392], [-81.7552614, 48.47207489906387], [-81.75582529999997, 48.472691899063896], [-81.756237, 48.47308509906392], [-81.75720029999997, 48.474176299063885], [-81.75751589999999, 48.47447109906389], [-81.75776409999997, 48.47478439906392], [-81.75831789999995, 48.475626399063906], [-81.75899399999997, 48.476503599063896], [-81.75932359999996, 48.476834299063896], [-81.75995849999998, 48.477666799063904], [-81.76045429999999, 48.478248299063914], [-81.76075609999998, 48.47852519906394], [-81.76145329999997, 48.478997399063935], [-81.76287059999999, 48.47966279906393], [-81.76428919999995, 48.48041809906391], [-81.76464489999995, 48.48067659906394], [-81.76493289999996, 48.48092659906394], [-81.7652357, 48.48126639906395], [-81.76559459999999, 48.48174089906395], [-81.76582719999999, 48.481910199063925], [-81.76603179999995, 48.482016799063906], [-81.7664527, 48.48210399906396], [-81.7667237, 48.48212919906395], [-81.7674824, 48.48218709906394], [-81.76783359999996, 48.482148799063914], [-81.7681834, 48.48201149906392], [-81.7684916, 48.48181149906396], [-81.76967829999995, 48.48064299906396], [-81.770374, 48.48011659906393], [-81.77074999999996, 48.47992509906392], [-81.77115399999997, 48.47979649906392], [-81.77158599999996, 48.47973059906394], [-81.77214099999998, 48.479744899063924], [-81.77303589999997, 48.479864799063925], [-81.7739866, 48.48009229906394], [-81.77454469999998, 48.48030449906395], [-81.77588179999998, 48.481024199063945], [-81.77719059999998, 48.48166309906396], [-81.77765339999996, 48.48183989906392], [-81.77950139999996, 48.48234019906393], [-81.78137759999998, 48.48290329906395], [-81.78228719999998, 48.48309509906393], [-81.78395539999997, 48.48333559906395], [-81.78535409999995, 48.48364989906397], [-81.78627929999999, 48.48396749906392], [-81.78668859999999, 48.48418059906392], [-81.78741349999996, 48.48467949906395], [-81.78846829999998, 48.48549989906397], [-81.79023739999997, 48.48699919906396], [-81.791181, 48.48763149906396], [-81.79152189999996, 48.48779109906397], [-81.79187569999999, 48.48791459906396], [-81.79271699999998, 48.48806169906395], [-81.79461479999998, 48.48825559906394], [-81.79610549999995, 48.48838019906393], [-81.79668779999997, 48.488403199064], [-81.79739279999995, 48.48847929906394], [-81.79786839999997, 48.488601899063994], [-81.79824969999999, 48.488752199063974], [-81.79891829999997, 48.489098399064005], [-81.80029889999997, 48.489961499064], [-81.80218359999998, 48.491036999063965], [-81.8035615, 48.491729099063996], [-81.80436709999998, 48.49217329906401], [-81.80469579999999, 48.49241389906398], [-81.80494379999999, 48.492691099063954], [-81.80513779999995, 48.49297759906397], [-81.80529179999996, 48.49330039906397], [-81.80544799999996, 48.493758099063996], [-81.80549309999998, 48.49404569906398], [-81.80548439999995, 48.494351599063975], [-81.80520559999997, 48.495550099063976], [-81.80518339999998, 48.49585619906402], [-81.80524179999998, 48.496125599064], [-81.80535509999999, 48.49643969906398], [-81.8061356, 48.49785569906398], [-81.80675409999998, 48.499299799064], [-81.80686539999999, 48.49948799906403], [-81.80716789999997, 48.49978269906401], [-81.8076188, 48.50004949906402], [-81.80846489999999, 48.50047539906402], [-81.8088338, 48.500688699064], [-81.80953199999999, 48.501178599064], [-81.8098478, 48.50145529906402], [-81.81010939999999, 48.501732299063995], [-81.81055239999995, 48.502349899064015], [-81.81081969999997, 48.50297779906399], [-81.81090589999997, 48.50329209906401], [-81.81104669999996, 48.50363299906404], [-81.81123329999997, 48.50429739906405], [-81.81126569999998, 48.50462999906402], [-81.81120829999998, 48.50612389906406], [-81.81126, 48.50766189906404], [-81.81133929999999, 48.508389999064036], [-81.81176679999999, 48.50972749906403], [-81.81191959999995, 48.509969299064046], [-81.81213939999998, 48.51016569906405], [-81.81246699999997, 48.51033429906404], [-81.8128893, 48.51049329906404], [-81.813311, 48.51061629906406], [-81.81374579999999, 48.510712199064045], [-81.81416809999996, 48.51087109906407], [-81.81560939999997, 48.51124769906406], [-81.81699509999999, 48.51153479906409], [-81.82135439999996, 48.512331499064054], [-81.82265889999996, 48.512618999064074], [-81.82344669999998, 48.51276629906406], [-81.82484689999995, 48.51310719906408], [-81.82617979999998, 48.513475499064064], [-81.82738969999997, 48.51376369906407], [-81.8278257, 48.51393149906406], [-81.82816739999998, 48.51412689906406], [-81.82849759999999, 48.514448399064094], [-81.82863729999997, 48.514708299064054], [-81.82870969999999, 48.51499569906409], [-81.8288652, 48.51622709906409], [-81.8289651, 48.51654119906406], [-81.82913209999998, 48.516818899064084], [-81.8293529, 48.517069199064096], [-81.83029899999997, 48.51779109906406], [-81.8305464, 48.51801429906406], [-81.83075379999997, 48.518273699064075], [-81.83147759999997, 48.51947399906406], [-81.83168889999996, 48.51996719906407], [-81.83206479999996, 48.5205942990641], [-81.83332139999999, 48.52206959906409], [-81.83370659999997, 48.5224356990641], [-81.83415829999996, 48.52272929906411], [-81.83485259999998, 48.52294919906412], [-81.83558649999998, 48.523105799064076], [-81.83647059999998, 48.52333329906413], [-81.83709719999996, 48.52355359906409], [-81.83813319999996, 48.52395989906411], [-81.8386779, 48.524135899064134], [-81.84050079999997, 48.52462639906414], [-81.84231159999996, 48.52519789906411], [-81.8430358, 48.52557949906414], [-81.84336449999995, 48.525801999064086], [-81.84369239999995, 48.52597049906412], [-81.84400789999995, 48.526211099064106], [-81.84521709999996, 48.52725479906413], [-81.84563109999999, 48.52771059906414], [-81.8462093, 48.52827309906413], [-81.8465248, 48.52851369906412], [-81.8469212, 48.52872669906415], [-81.84783499999998, 48.52910679906413], [-81.84878879999997, 48.529441699064115], [-81.8497281, 48.529722599064115], [-81.85097919999998, 48.530019299064165], [-81.85199839999996, 48.53021869906415], [-81.85388609999995, 48.530510499064164], [-81.85486429999997, 48.53068319906411], [-81.85576209999999, 48.53091049906412], [-81.85613079999996, 48.53108759906414], [-81.85644609999997, 48.53131019906412], [-81.85701009999997, 48.531818799064126], [-81.8578781, 48.53268499906413], [-81.85903779999995, 48.53398079906412], [-81.85940869999996, 48.534283999064144], [-81.85985009999996, 48.53474849906416], [-81.86013829999996, 48.53497119906416], [-81.86045289999998, 48.53514879906414], [-81.86082119999998, 48.53529899906414], [-81.8610524, 48.53535129906414], [-81.86120239999997, 48.535413099064144], [-81.86146049999996, 48.535456199064136], [-81.86235529999999, 48.53549439906413], [-81.8629636, 48.535417899064164], [-81.86377399999998, 48.53527689906418], [-81.86497329999997, 48.53490799906417], [-81.86610459999997, 48.53452169906416], [-81.86663039999996, 48.534373799064156], [-81.8670894, 48.534280299064164], [-81.87144409999996, 48.53386059906415], [-81.87259289999997, 48.53370799906418]]}, "properties": {"OBJECTID": 49421218}}, {"type": "Feature", "id": 49423266, "geometry": {"type": "LineString", "coordinates": [[-83.40535169999998, 47.84168969906157], [-83.40421789999999, 47.84188079906156]]}, "properties": {"OBJECTID": 49423266}}, {"type": "Feature", "id": 49424066, "geometry": {"type": "LineString", "coordinates": [[-81.3380894, 48.478737899063894], [-81.33808099999999, 48.4793577990639]]}, "properties": {"OBJECTID": 49424066}}, {"type": "Feature", "id": 49424194, "geometry": {"type": "LineString", "coordinates": [[-80.87432329999996, 48.61474619906447], [-80.87516309999995, 48.61529579906448], [-80.8757048, 48.61571919906447], [-80.87585359999997, 48.61589029906452], [-80.8759887, 48.61613339906449]]}, "properties": {"OBJECTID": 49424194}}, {"type": "Feature", "id": 49424418, "geometry": {"type": "LineString", "coordinates": [[-81.34050259999998, 48.48146499906393], [-81.3417614, 48.48146869906396]]}, "properties": {"OBJECTID": 49424418}}, {"type": "Feature", "id": 49425234, "geometry": {"type": "LineString", "coordinates": [[-84.77234439999995, 47.997569799062106], [-84.77233479999995, 47.99844539906213]]}, "properties": {"OBJECTID": 49425234}}, {"type": "Feature", "id": 49427538, "geometry": {"type": "LineString", "coordinates": [[-83.3445461, 47.852125299061626], [-83.34454249999999, 47.852044399061604], [-83.34463839999995, 47.85179949906162], [-83.34460149999995, 47.851575299061636], [-83.34454239999997, 47.851450499061585], [-83.34420649999998, 47.85111549906165], [-83.3439717, 47.85094929906161], [-83.34382319999997, 47.8509162990616], [-83.3436633, 47.85092859906162], [-83.34350549999999, 47.85098579906164], [-83.34321249999999, 47.85100979906162], [-83.3426179, 47.85086899906164], [-83.34224229999995, 47.85084059906161], [-83.34208369999999, 47.85087989906159], [-83.34196309999999, 47.85087329906163], [-83.34188369999998, 47.8508928990616], [-83.34171419999996, 47.85098639906159], [-83.34165179999997, 47.85108659906161], [-83.3416494, 47.85132959906164], [-83.34159999999997, 47.85142059906163], [-83.34133859999997, 47.8515518990616], [-83.34093909999996, 47.85158709906161], [-83.3407671, 47.85162659906161], [-83.3406109, 47.851719699061626], [-83.34022679999998, 47.85179959906165], [-83.34002929999997, 47.85186659906164], [-83.33989609999998, 47.8518782990616], [-83.33977869999995, 47.851943699061636], [-83.33965369999999, 47.852135199061614], [-83.33952049999999, 47.852443799061604]]}, "properties": {"OBJECTID": 49427538}}, {"type": "Feature", "id": 49429602, "geometry": {"type": "LineString", "coordinates": [[-80.93737269999997, 48.61370269906449], [-80.93735119999997, 48.61384019906449], [-80.93732109999996, 48.61397759906446], [-80.93727769999998, 48.6141228990645], [-80.93722229999997, 48.61424399906451], [-80.9370634, 48.61460049906445], [-80.93699039999996, 48.614819599064504], [-80.93698179999996, 48.6149054990645], [-80.93699899999996, 48.614995699064465], [-80.93703049999999, 48.615080699064485], [-80.9371021, 48.6151975990645], [-80.93718369999999, 48.61530919906448], [-80.93724809999998, 48.61540799906447], [-80.93729539999998, 48.61551539906452], [-80.93731679999996, 48.615652899064514], [-80.93731679999996, 48.615794599064486], [-80.93729539999998, 48.61692429906452], [-80.93729539999998, 48.61799389906452], [-80.93729879999995, 48.61900789906452]]}, "properties": {"OBJECTID": 49429602}}, {"type": "Feature", "id": 49431250, "geometry": {"type": "LineString", "coordinates": [[-81.44205319999998, 48.44297579906377], [-81.44225749999998, 48.44295259906377], [-81.44236419999999, 48.442961899063754], [-81.44245709999996, 48.442998999063796], [-81.44251739999999, 48.44305469906376], [-81.44256209999998, 48.4431190990638], [-81.44260759999997, 48.443216499063766], [-81.44281999999998, 48.44385969906377]]}, "properties": {"OBJECTID": 49431250}}, {"type": "Feature", "id": 49432530, "geometry": {"type": "LineString", "coordinates": [[-85.05939939999996, 48.35107329906339], [-85.05973019999999, 48.35125499906344], [-85.06159229999997, 48.35233909906339], [-85.06217229999999, 48.352708699063456], [-85.06392109999996, 48.35393479906345], [-85.06610609999996, 48.35541119906346], [-85.06664389999997, 48.355825099063416], [-85.06716689999996, 48.35627469906344], [-85.06780039999995, 48.356947699063454], [-85.06811859999999, 48.35735719906344], [-85.06847069999998, 48.35788929906343], [-85.06869239999997, 48.35835089906343], [-85.06888329999998, 48.358723799063426], [-85.0704786, 48.36259239906347], [-85.07101569999998, 48.36374409906347], [-85.07140849999996, 48.36442539906346], [-85.07169039999997, 48.3648259990635], [-85.07214199999999, 48.36538239906349], [-85.07260909999997, 48.36588509906348]]}, "properties": {"OBJECTID": 49432530}}, {"type": "Feature", "id": 49433122, "geometry": {"type": "LineString", "coordinates": [[-81.17357219999997, 48.48452509906396], [-81.17166909999997, 48.48601229906396], [-81.1715084, 48.486154599063944], [-81.17141219999996, 48.48624049906393], [-81.17132979999997, 48.48634009906394], [-81.17126099999996, 48.48645689906393], [-81.17121639999999, 48.486563399063954], [-81.1711843, 48.48671479906395], [-81.17117149999996, 48.486948699063966], [-81.17119209999998, 48.48845779906399]]}, "properties": {"OBJECTID": 49433122}}, {"type": "Feature", "id": 49433554, "geometry": {"type": "LineString", "coordinates": [[-81.32592779999999, 48.477267199063924], [-81.3259291, 48.47845219906395]]}, "properties": {"OBJECTID": 49433554}}, {"type": "Feature", "id": 49436562, "geometry": {"type": "LineString", "coordinates": [[-81.61483049999998, 47.981383799062044], [-81.61482009999997, 47.981635799062076], [-81.61464049999995, 47.98231149906207], [-81.61465809999999, 47.98266229906204], [-81.6147856, 47.983246499062055], [-81.61516749999998, 47.98380229906208], [-81.61553399999997, 47.98419619906208], [-81.6158724, 47.98448229906207], [-81.61619639999998, 47.98467849906207], [-81.6168836, 47.98498969906207], [-81.61727409999997, 47.98514049906205], [-81.61825599999997, 47.985441199062066], [-81.61867379999995, 47.98563689906207], [-81.61894429999995, 47.98584229906206], [-81.61943289999999, 47.98635259906208], [-81.62018219999999, 47.98737419906209], [-81.62041219999998, 47.98755289906208], [-81.62069549999995, 47.98770429906208], [-81.62105879999996, 47.98782829906209], [-81.62209389999998, 47.988083599062094], [-81.62245719999999, 47.98819859906209], [-81.62271319999996, 47.98831419906211], [-81.62288889999996, 47.988439199062064], [-81.62316019999997, 47.988707699062076], [-81.62354319999997, 47.98934439906211], [-81.62372019999998, 47.989577399062085], [-81.62457549999999, 47.990481399062084], [-81.62532489999995, 47.99149409906208], [-81.62554219999998, 47.99172679906211], [-81.62593379999998, 47.99196759906207], [-81.62670049999997, 47.992188299062086], [-81.62741239999997, 47.99231039906208], [-81.62816409999999, 47.9924052990621], [-81.62832559999998, 47.99245839906211], [-81.6284875, 47.99254749906207], [-81.62881329999999, 47.9928785990621], [-81.62937319999997, 47.993730299062115], [-81.6297846, 47.994492799062115], [-81.62986839999996, 47.994771199062086], [-81.62992759999997, 47.995229799062066], [-81.62993269999998, 47.99565259906211], [-81.62984539999997, 47.99618389906208], [-81.62984989999995, 47.99655279906209], [-81.62992319999995, 47.997074199062126], [-81.63029999999998, 47.998295799062134], [-81.6303873, 47.998853099062124], [-81.63067739999997, 47.999562299062134], [-81.63100529999997, 48.00006439906214], [-81.63119539999997, 48.00026129906213], [-81.63139809999996, 48.000395099062146], [-81.63165419999996, 48.00051069906209], [-81.63190979999996, 48.000581199062104], [-81.63297119999999, 48.000773299062146], [-81.6338457, 48.00102939906215], [-81.63434469999999, 48.001269599062105], [-81.63527949999997, 48.0020651990621], [-81.63613579999998, 48.00302309906211], [-81.63690839999998, 48.00370269906212], [-81.63768349999998, 48.004589099062144], [-81.63790039999998, 48.004785799062155], [-81.63828139999998, 48.00524259906214], [-81.63852759999997, 48.00563709906212], [-81.63855699999999, 48.005843799062156], [-81.638533, 48.00606889906212], [-81.638442, 48.00630329906214], [-81.63800889999999, 48.00706149906214], [-81.63777389999996, 48.00757569906214], [-81.63772339999997, 48.007827899062114], [-81.63775319999996, 48.00807059906213], [-81.6380024, 48.00870799906214], [-81.63792329999995, 48.00881649906214]]}, "properties": {"OBJECTID": 49436562}}, {"type": "Feature", "id": 49436578, "geometry": {"type": "LineString", "coordinates": [[-81.52824339999995, 47.79945539906143], [-81.52789659999996, 47.799501999061434]]}, "properties": {"OBJECTID": 49436578}}, {"type": "Feature", "id": 49437458, "geometry": {"type": "LineString", "coordinates": [[-81.20258939999997, 48.470838999063886], [-81.2016463, 48.47083799906389], [-81.20156759999998, 48.47084789906389], [-81.20151849999996, 48.47087739906387], [-81.20148899999998, 48.47092979906389], [-81.20147589999999, 48.471005199063896], [-81.20148569999998, 48.47196869906393]]}, "properties": {"OBJECTID": 49437458}}, {"type": "Feature", "id": 49438626, "geometry": {"type": "LineString", "coordinates": [[-81.34215519999998, 48.486997699063956], [-81.3421406, 48.489246699063976]]}, "properties": {"OBJECTID": 49438626}}, {"type": "Feature", "id": 49442962, "geometry": {"type": "LineString", "coordinates": [[-81.32483459999997, 48.48123779906395], [-81.32484549999998, 48.48232769906396]]}, "properties": {"OBJECTID": 49442962}}, {"type": "Feature", "id": 49443010, "geometry": {"type": "LineString", "coordinates": [[-81.18543899999997, 48.49585179906399], [-81.18554539999997, 48.49593689906397], [-81.1856262, 48.49601779906398], [-81.18566449999997, 48.496077299064], [-81.18568149999999, 48.49613259906398], [-81.18567819999998, 48.49797449906398]]}, "properties": {"OBJECTID": 49443010}}, {"type": "Feature", "id": 49443634, "geometry": {"type": "LineString", "coordinates": [[-81.32242559999997, 48.48366349906395], [-81.32201379999998, 48.48397829906396]]}, "properties": {"OBJECTID": 49443634}}, {"type": "Feature", "id": 49443874, "geometry": {"type": "LineString", "coordinates": [[-81.36037289999996, 48.4797374990639], [-81.35920919999995, 48.479745799063956]]}, "properties": {"OBJECTID": 49443874}}, {"type": "Feature", "id": 49443890, "geometry": {"type": "LineString", "coordinates": [[-81.20847929999996, 48.481518099063926], [-81.20848179999996, 48.482978399063946]]}, "properties": {"OBJECTID": 49443890}}, {"type": "Feature", "id": 49453922, "geometry": {"type": "LineString", "coordinates": [[-81.32246239999995, 48.47669949906389], [-81.32172479999997, 48.47679269906393], [-81.32132529999996, 48.47683009906392], [-81.32090269999998, 48.47686159906388], [-81.32044829999995, 48.476881799063904], [-81.3201621, 48.476885599063905], [-81.31911639999998, 48.476865899063895], [-81.31745529999995, 48.4768625990639], [-81.31593899999996, 48.47682639906394], [-81.31531519999999, 48.47683709906391], [-81.31421179999995, 48.47686249906393], [-81.31394139999998, 48.47686849906391]]}, "properties": {"OBJECTID": 49453922}}, {"type": "Feature", "id": 49456578, "geometry": {"type": "LineString", "coordinates": [[-81.18352199999998, 48.497987499063996], [-81.18353129999997, 48.498072799064026], [-81.18354389999996, 48.498242899064], [-81.18358319999999, 48.49859789906403]]}, "properties": {"OBJECTID": 49456578}}, {"type": "Feature", "id": 49456866, "geometry": {"type": "LineString", "coordinates": [[-81.33193269999998, 48.45390879906383], [-81.33193569999997, 48.45456029906383]]}, "properties": {"OBJECTID": 49456866}}, {"type": "Feature", "id": 49462562, "geometry": {"type": "LineString", "coordinates": [[-84.62431749999996, 48.04521309906226], [-84.62429709999998, 48.045365599062286], [-84.62417189999996, 48.04546199906229], [-84.6231788, 48.045756399062284], [-84.62250949999998, 48.04601239906224], [-84.62092789999997, 48.04655559906229], [-84.61998549999998, 48.04691389906231], [-84.61668649999996, 48.04832119906229], [-84.6159045, 48.048691899062256], [-84.6155225, 48.04882789906232], [-84.61422059999995, 48.04941269906229], [-84.61268739999997, 48.05006469906228], [-84.61212439999997, 48.05034089906232], [-84.61194719999997, 48.05040019906228], [-84.60820629999995, 48.052067999062295], [-84.60782419999998, 48.05220399906229], [-84.60676639999997, 48.0524428990623]]}, "properties": {"OBJECTID": 49462562}}, {"type": "Feature", "id": 49465330, "geometry": {"type": "LineString", "coordinates": [[-81.32592779999999, 48.477267199063924], [-81.32504439999997, 48.477268899063894], [-81.32494809999997, 48.47728499906389], [-81.32488849999999, 48.477312499063935], [-81.32485179999998, 48.477355999063924], [-81.3248312, 48.477449999063936], [-81.3248284, 48.47845969906392]]}, "properties": {"OBJECTID": 49465330}}, {"type": "Feature", "id": 49467282, "geometry": {"type": "LineString", "coordinates": [[-81.78859999999997, 48.29906999906323], [-81.78880169999996, 48.2990326990632], [-81.78908619999999, 48.299120699063195], [-81.78936999999996, 48.29916369906321], [-81.78965219999998, 48.29909879906322]]}, "properties": {"OBJECTID": 49467282}}, {"type": "Feature", "id": 49468690, "geometry": {"type": "LineString", "coordinates": [[-83.40638839999997, 47.84396909906161], [-83.40572349999997, 47.844091899061596], [-83.40568309999998, 47.84409889906157]]}, "properties": {"OBJECTID": 49468690}}, {"type": "Feature", "id": 49469010, "geometry": {"type": "LineString", "coordinates": [[-81.319501, 48.48599149906394], [-81.32069819999998, 48.48599499906393]]}, "properties": {"OBJECTID": 49469010}}, {"type": "Feature", "id": 49472082, "geometry": {"type": "LineString", "coordinates": [[-81.53899509999997, 47.78670989906139], [-81.53869459999999, 47.78735009906141], [-81.53834069999999, 47.787981599061396], [-81.5373778, 47.78911979906141], [-81.53709029999999, 47.78972399906143], [-81.53672889999996, 47.79093129906141], [-81.5366113, 47.79118379906139], [-81.53636029999996, 47.79144589906143], [-81.53512809999995, 47.79237839906141], [-81.53408239999999, 47.793264999061414], [-81.5326384, 47.79437849906145], [-81.53213599999998, 47.79487559906141], [-81.53117359999999, 47.79608579906142], [-81.53097529999997, 47.796284599061444], [-81.53071009999996, 47.79646579906144], [-81.5303644, 47.796611399061426], [-81.5299784, 47.79673009906146], [-81.52909899999997, 47.79692309906143]]}, "properties": {"OBJECTID": 49472082}}, {"type": "Feature", "id": 49472674, "geometry": {"type": "LineString", "coordinates": [[-81.45969529999996, 48.479788499063936], [-81.45882949999998, 48.479809999063946], [-81.45616359999997, 48.47979359906395]]}, "properties": {"OBJECTID": 49472674}}, {"type": "Feature", "id": 49473378, "geometry": {"type": "LineString", "coordinates": [[-81.34215519999998, 48.486997699063956], [-81.34044889999996, 48.48700429906396]]}, "properties": {"OBJECTID": 49473378}}, {"type": "Feature", "id": 49489378, "geometry": {"type": "LineString", "coordinates": [[-81.21542869999996, 48.47796379906389], [-81.21543279999997, 48.478696999063914]]}, "properties": {"OBJECTID": 49489378}}, {"type": "Feature", "id": 49491810, "geometry": {"type": "LineString", "coordinates": [[-82.3271838, 48.230056499062975], [-82.32740409999997, 48.230242899062944], [-82.3310098, 48.233754999062974], [-82.33187269999996, 48.234311899062966], [-82.3322574, 48.23460429906295], [-82.3327223, 48.23487779906299], [-82.33373079999996, 48.23533399906297], [-82.3358217, 48.23598449906297], [-82.33780309999997, 48.23656429906294], [-82.33823839999997, 48.23673009906301], [-82.33917529999997, 48.23702509906299]]}, "properties": {"OBJECTID": 49491810}}, {"type": "Feature", "id": 49493362, "geometry": {"type": "LineString", "coordinates": [[-80.92211949999995, 48.54557209906419], [-80.94354049999998, 48.54595239906421]]}, "properties": {"OBJECTID": 49493362}}, {"type": "Feature", "id": 49496658, "geometry": {"type": "LineString", "coordinates": [[-81.20849299999998, 48.48598569906394], [-81.21042339999997, 48.48600269906396]]}, "properties": {"OBJECTID": 49496658}}, {"type": "Feature", "id": 49497634, "geometry": {"type": "LineString", "coordinates": [[-81.33439649999997, 48.46858469906387], [-81.33439449999997, 48.46886909906386]]}, "properties": {"OBJECTID": 49497634}}, {"type": "Feature", "id": 49499730, "geometry": {"type": "LineString", "coordinates": [[-81.33339259999997, 48.449877699063784], [-81.33347779999997, 48.450489599063815]]}, "properties": {"OBJECTID": 49499730}}, {"type": "Feature", "id": 49501106, "geometry": {"type": "LineString", "coordinates": [[-81.3343739, 48.465257199063835], [-81.33328029999996, 48.46527509906389]]}, "properties": {"OBJECTID": 49501106}}, {"type": "Feature", "id": 49502322, "geometry": {"type": "LineString", "coordinates": [[-84.77089379999995, 47.99671719906211], [-84.77089029999996, 47.99757379906209]]}, "properties": {"OBJECTID": 49502322}}, {"type": "Feature", "id": 49503634, "geometry": {"type": "LineString", "coordinates": [[-81.9459038, 48.24652049906302], [-81.94634839999998, 48.246525799063015], [-81.94671289999997, 48.24656779906302]]}, "properties": {"OBJECTID": 49503634}}, {"type": "Feature", "id": 49504514, "geometry": {"type": "LineString", "coordinates": [[-81.45609389999998, 48.429728299063726], [-81.45618959999996, 48.42985389906373], [-81.45654409999997, 48.43018529906372], [-81.45692629999996, 48.43059769906373]]}, "properties": {"OBJECTID": 49504514}}, {"type": "Feature", "id": 49507714, "geometry": {"type": "LineString", "coordinates": [[-83.40377029999996, 47.83248959906157], [-83.40361059999998, 47.83296159906155], [-83.40339359999996, 47.83343719906157], [-83.40304399999997, 47.83419619906154], [-83.40278309999997, 47.83476489906157], [-83.40251059999997, 47.835352399061584], [-83.40236579999998, 47.835676599061536], [-83.40231609999995, 47.835790299061586], [-83.40228189999999, 47.83585989906154], [-83.40225289999995, 47.83593449906153], [-83.4022286, 47.83600559906156], [-83.4021932, 47.83610389906155], [-83.40217419999999, 47.836178299061565], [-83.40214549999996, 47.83631339906153], [-83.40213549999999, 47.83636739906157], [-83.40211779999998, 47.83647199906155], [-83.4021108, 47.83653599906157], [-83.4020999, 47.836623699061555], [-83.40209869999995, 47.83670609906156], [-83.40209649999997, 47.836768399061576], [-83.4021004, 47.836852299061576], [-83.40210289999999, 47.836906099061565], [-83.40210479999996, 47.836977599061555], [-83.40211299999999, 47.83705349906156], [-83.40212659999997, 47.83714189906155], [-83.40213839999996, 47.837195499061544], [-83.40216279999999, 47.837315299061544], [-83.40218499999997, 47.83738779906159], [-83.402218, 47.837491499061535], [-83.40241379999998, 47.83796259906157], [-83.40282919999999, 47.83895629906154]]}, "properties": {"OBJECTID": 49507714}}, {"type": "Feature", "id": 49508210, "geometry": {"type": "LineString", "coordinates": [[-81.72107969999996, 47.71476389906119], [-81.71980449999995, 47.718982899061174], [-81.71963739999995, 47.71943379906121], [-81.71943019999998, 47.719875999061166], [-81.7189358, 47.720769899061224], [-81.71863509999997, 47.72120359906119], [-81.71795329999998, 47.72204469906119], [-81.7171773, 47.72283229906121], [-81.71630719999996, 47.72355759906123], [-81.71584519999999, 47.723902399061224], [-81.71485369999999, 47.72452939906116], [-81.71378139999996, 47.7251028990612], [-81.7125883, 47.725623199061204], [-81.7119515, 47.725861099061206], [-81.7106503, 47.726274099061186], [-81.70933429999997, 47.726588099061196], [-81.70799069999998, 47.726830399061214], [-81.70729839999996, 47.726915599061215], [-81.69888159999999, 47.7277499990612], [-81.69824269999998, 47.72784379906121], [-81.69760429999997, 47.72797369906119], [-81.69632889999997, 47.72833229906122], [-81.69571859999996, 47.72856999906124], [-81.6951353, 47.72883449906119], [-81.69406319999996, 47.72944379906121], [-81.68302469999998, 47.73789579906127], [-81.68207429999995, 47.73865729906123], [-81.67863409999995, 47.74182689906126], [-81.67569509999998, 47.744579499061274], [-81.67479789999999, 47.74534959906124], [-81.6742557, 47.745712699061265], [-81.67367279999996, 47.74603099906126], [-81.67304949999999, 47.74631359906126], [-81.67239899999998, 47.74656039906127], [-81.67170769999996, 47.74675329906126], [-81.67100259999995, 47.74690139906126], [-81.67029689999998, 47.74700449906125], [-81.66956389999996, 47.74706279906128], [-81.6688436, 47.747075999061295], [-81.66784209999997, 47.747000799061276]]}, "properties": {"OBJECTID": 49508210}}, {"type": "Feature", "id": 49509810, "geometry": {"type": "LineString", "coordinates": [[-83.32650919999998, 47.71060809906114], [-83.32804499999997, 47.711863699061176], [-83.3285583, 47.71231219906119], [-83.32944119999996, 47.71327509906118], [-83.33064049999996, 47.71475349906119], [-83.33108879999997, 47.715239299061146], [-83.3320089, 47.71643529906116], [-83.3330085, 47.71762079906118], [-83.334675, 47.7197014990612], [-83.33511009999995, 47.720187499061176], [-83.33714479999998, 47.72274659906121], [-83.3379319, 47.72364839906118], [-83.3403194, 47.7266320990612], [-83.34107599999999, 47.72744449906123], [-83.34149339999999, 47.7278318990612], [-83.34196299999996, 47.72819129906123], [-83.3424976, 47.72851329906121], [-83.34307089999999, 47.72880749906121], [-83.34366889999995, 47.72905629906122], [-83.34520809999998, 47.72947469906122], [-83.34639239999996, 47.729711499061196], [-83.34761509999998, 47.72991139906124], [-83.3508023, 47.73049399906122], [-83.35162119999995, 47.730612199061184], [-83.35209359999999, 47.73073749906123], [-83.35287339999996, 47.730874499061215], [-83.35323519999997, 47.73091199906124], [-83.3588833, 47.731938799061226], [-83.3596789, 47.732129399061215], [-83.3603981, 47.73240249906122], [-83.36109319999997, 47.73273019906125], [-83.36173609999997, 47.73308589906125], [-83.36298499999998, 47.73386099906126], [-83.36354559999995, 47.73416439906121], [-83.36624939999996, 47.73584529906125], [-83.36735819999996, 47.73647029906121], [-83.36878519999999, 47.73705269906128], [-83.3691124, 47.737207899061254], [-83.37097039999998, 47.737880399061204], [-83.37188089999995, 47.738248499061214], [-83.3738626, 47.73899939906123], [-83.3746074, 47.73924489906125], [-83.3764822, 47.739988899061245], [-83.37679359999998, 47.740090499061225], [-83.37976759999998, 47.74124359906125], [-83.38112709999996, 47.74180029906126], [-83.38178399999998, 47.74216459906126], [-83.38240179999997, 47.74254759906125], [-83.38349449999998, 47.74339779906125], [-83.3840535, 47.74395309906123], [-83.38482729999998, 47.744827799061234], [-83.3853679, 47.74556339906128], [-83.38600339999999, 47.746333099061275], [-83.38791879999997, 47.74883069906129]]}, "properties": {"OBJECTID": 49509810}}, {"type": "Feature", "id": 49512466, "geometry": {"type": "LineString", "coordinates": [[-82.43891279999997, 48.24402539906298], [-82.43842539999997, 48.244418399063]]}, "properties": {"OBJECTID": 49512466}}, {"type": "Feature", "id": 49514850, "geometry": {"type": "LineString", "coordinates": [[-84.6752912, 48.02770259906219], [-84.67536839999997, 48.0277761990622], [-84.6753627, 48.02790199906223], [-84.67530629999999, 48.02796389906223], [-84.67456519999996, 48.028335799062226], [-84.67443849999995, 48.02846819906222], [-84.67434589999999, 48.028736199062216], [-84.6744114, 48.02907049906225], [-84.6745373, 48.02925299906224], [-84.67485899999997, 48.02955639906223], [-84.6750548, 48.02967739906223], [-84.67536099999995, 48.029728599062196], [-84.67568469999998, 48.02969009906224], [-84.67864759999998, 48.02912919906221], [-84.6794562, 48.029046599062205], [-84.67983149999998, 48.02905419906223], [-84.68019129999999, 48.02910639906224], [-84.68069579999997, 48.02922459906221], [-84.68121079999997, 48.029405899062226], [-84.68145899999996, 48.02955489906225], [-84.68187369999998, 48.02987819906225], [-84.68197859999998, 48.03023129906223], [-84.68200909999996, 48.030447799062244], [-84.68189529999995, 48.03148929906224], [-84.68132249999996, 48.033790199062224], [-84.68122649999998, 48.034436099062276], [-84.68122499999998, 48.03506589906223], [-84.68162769999998, 48.03715259906224], [-84.68162989999996, 48.037404599062235], [-84.68140779999999, 48.03786799906223], [-84.68098789999999, 48.038255399062244], [-84.68056309999997, 48.038453799062246], [-84.67997739999998, 48.03864889906224], [-84.67981049999997, 48.03878049906228], [-84.67979059999999, 48.03892399906224], [-84.67991739999997, 48.03908859906225], [-84.6801534, 48.039210299062276], [-84.68142459999996, 48.03958689906226], [-84.68159319999995, 48.03971629906225], [-84.68160009999997, 48.03986039906225], [-84.68100329999999, 48.04090109906228], [-84.68013179999997, 48.04208019906228], [-84.6797517, 48.042477399062236], [-84.6796751, 48.04257639906227], [-84.67936789999999, 48.04297989906229], [-84.67910619999998, 48.04327129906227], [-84.6788742, 48.04344379906228]]}, "properties": {"OBJECTID": 49514850}}, {"type": "Feature", "id": 49515794, "geometry": {"type": "LineString", "coordinates": [[-81.34744279999995, 48.47468529906392], [-81.34743379999998, 48.475350999063934]]}, "properties": {"OBJECTID": 49515794}}, {"type": "Feature", "id": 49516290, "geometry": {"type": "LineString", "coordinates": [[-83.34431109999997, 47.83564549906152], [-83.34388419999999, 47.83596009906156]]}, "properties": {"OBJECTID": 49516290}}, {"type": "Feature", "id": 49516418, "geometry": {"type": "LineString", "coordinates": [[-81.5559078, 47.97897589906206], [-81.55592189999999, 47.979038799062046], [-81.55582849999996, 47.97908429906204], [-81.55491429999995, 47.98005139906207], [-81.55455589999997, 47.98036799906204], [-81.55406619999997, 47.98094619906203], [-81.55375049999998, 47.98149659906205], [-81.55334589999995, 47.98250619906208], [-81.55321409999999, 47.98271379906204], [-81.5530149, 47.98288569906203], [-81.55276189999995, 47.98303989906202], [-81.5519208, 47.98334079906204], [-81.55158819999997, 47.98356729906204], [-81.55083359999998, 47.98443469906206], [-81.55047459999997, 47.984706299062076], [-81.55005, 47.98510419906206], [-81.54930869999998, 47.98597149906205], [-81.5487918, 47.9865227990621], [-81.54755839999996, 47.98775229906206], [-81.54725179999997, 47.987906799062074], [-81.54703789999996, 47.9879617990621], [-81.54652929999997, 47.98802719906208], [-81.54620849999998, 47.98810069906207], [-81.54599529999996, 47.988218599062094], [-81.54587629999997, 47.98837219906207], [-81.54582429999999, 47.98852539906208], [-81.54573669999996, 47.98911959906209], [-81.5456322, 47.9893809990621], [-81.5455399, 47.98952539906211], [-81.5449706, 47.99019389906207], [-81.54474489999996, 47.990392899062094], [-81.54441219999995, 47.990619399062076], [-81.54417229999996, 47.99074649906207], [-81.5438648, 47.990819999062104], [-81.5431274, 47.990805499062084], [-81.54170689999995, 47.99083019906207], [-81.5398707, 47.990829799062084], [-81.5388524, 47.99087059906211], [-81.53739159999998, 47.99087739906211], [-81.53693609999999, 47.990906499062056], [-81.53666899999996, 47.990997799062065], [-81.53649639999998, 47.99115149906206], [-81.53637799999996, 47.9913679990621], [-81.53610499999996, 47.99218799906207], [-81.5359593, 47.9923506990621], [-81.53585279999999, 47.99242309906207], [-81.53541209999997, 47.99257809906208], [-81.53498409999997, 47.99267009906207], [-81.53454239999996, 47.99273509906207], [-81.53369849999996, 47.99278409906207], [-81.53328379999999, 47.99286699906212], [-81.53292299999998, 47.99296759906212], [-81.53270949999995, 47.993067599062094], [-81.53245699999997, 47.993275699062096], [-81.5323515, 47.9934470990621], [-81.5321965, 47.994014599062105], [-81.53206409999996, 47.99416819906213], [-81.53182419999996, 47.99430429906208], [-81.53126349999997, 47.99453179906208], [-81.53111689999997, 47.9946134990621], [-81.53098489999996, 47.994811999062094]]}, "properties": {"OBJECTID": 49516418}}, {"type": "Feature", "id": 49520802, "geometry": {"type": "LineString", "coordinates": [[-81.58539829999995, 48.020144699062165], [-81.5826798, 48.03119809906225], [-81.5822594, 48.03317959906226], [-81.58222489999997, 48.033683599062236], [-81.582244, 48.034187399062226], [-81.58242149999995, 48.03565299906224], [-81.5826975, 48.03753199906222], [-81.58281089999997, 48.038071299062246], [-81.5838, 48.04486809906228], [-81.58385139999996, 48.04585749906227], [-81.58375389999998, 48.04673069906228], [-81.58300199999996, 48.05144009906231], [-81.58290009999996, 48.05191739906232], [-81.58256189999997, 48.052872899062294], [-81.58224669999998, 48.05347729906229], [-81.58144279999999, 48.054785899062296], [-81.58120609999997, 48.055218999062305], [-81.5810626, 48.05557959906233], [-81.58094749999998, 48.05608399906229], [-81.58092569999997, 48.056533999062296], [-81.5809706, 48.056947599062305], [-81.5811367, 48.0573965990623], [-81.58135659999999, 48.0578543990623], [-81.58187519999996, 48.05861649906234], [-81.58237869999999, 48.059234799062324], [-81.5838637, 48.06118859906235], [-81.58492539999997, 48.06249679906234], [-81.58557959999996, 48.06337519906231], [-81.5859873, 48.06381399906236], [-81.58730959999997, 48.065606599062335], [-81.5887257, 48.067371799062386], [-81.59211849999997, 48.071762999062386], [-81.59319419999997, 48.0730889990624], [-81.59440859999995, 48.07479219906241], [-81.59516259999998, 48.076146899062394], [-81.59572979999996, 48.07759239906239], [-81.59600979999999, 48.07858969906239], [-81.59633559999997, 48.080063499062376], [-81.59649479999996, 48.08105239906242], [-81.5965387, 48.082527699062396], [-81.59648219999997, 48.08344569906242], [-81.59629309999997, 48.084517299062405], [-81.59616459999995, 48.0850127990624], [-81.5953609, 48.0875091990624], [-81.5917354, 48.09806349906247], [-81.59128339999995, 48.09964029906248], [-81.5909696, 48.10155829906248], [-81.59063859999998, 48.10432209906252], [-81.58927989999995, 48.11472069906252], [-81.58919629999997, 48.115638799062516], [-81.58910759999998, 48.116107099062525], [-81.58887549999997, 48.11813269906257], [-81.58875, 48.118906999062546], [-81.58870669999999, 48.11982499906258], [-81.588798, 48.12076019906254], [-81.58891079999995, 48.12122749906256], [-81.58943719999996, 48.12260129906257], [-81.59003009999998, 48.123920799062546], [-81.59074869999995, 48.12565359906256]]}, "properties": {"OBJECTID": 49520802}}, {"type": "Feature", "id": 49521010, "geometry": {"type": "LineString", "coordinates": [[-81.71601399999997, 47.67587149906105], [-81.71601469999996, 47.675925399061065], [-81.71625699999998, 47.676103899061076], [-81.71695399999999, 47.676414499061046]]}, "properties": {"OBJECTID": 49521010}}, {"type": "Feature", "id": 49522354, "geometry": {"type": "LineString", "coordinates": [[-81.7181324, 47.67684799906104], [-81.71842899999996, 47.67710709906102], [-81.71895589999997, 47.677634599061065], [-81.7191598, 47.67793029906104]]}, "properties": {"OBJECTID": 49522354}}, {"type": "Feature", "id": 49524338, "geometry": {"type": "LineString", "coordinates": [[-81.1574607, 48.50063059906401], [-81.15682899999996, 48.501066499064024], [-81.15673979999997, 48.501114699064004], [-81.15664609999999, 48.50115369906403], [-81.156518, 48.50119289906403], [-81.15639099999999, 48.501218799064], [-81.15627909999995, 48.50123439906403], [-81.1559226, 48.50124479906398]]}, "properties": {"OBJECTID": 49524338}}, {"type": "Feature", "id": 49528306, "geometry": {"type": "LineString", "coordinates": [[-81.32427429999996, 48.488689099063976], [-81.3248451, 48.488690499063964]]}, "properties": {"OBJECTID": 49528306}}, {"type": "Feature", "id": 49529170, "geometry": {"type": "LineString", "coordinates": [[-81.35682529999997, 48.48134089906393], [-81.3588709, 48.48135099906393]]}, "properties": {"OBJECTID": 49529170}}, {"type": "Feature", "id": 49532562, "geometry": {"type": "LineString", "coordinates": [[-81.68604469999997, 48.327473599063325], [-81.6860193, 48.327590699063336], [-81.68624129999995, 48.328048199063325], [-81.6861922, 48.32840829906334], [-81.68581969999997, 48.32980509906335], [-81.68591559999999, 48.330920099063334], [-81.6860188, 48.331576199063335], [-81.68598049999997, 48.331738399063326], [-81.6860021, 48.33234109906334], [-81.68594379999996, 48.33302519906333], [-81.6859867, 48.33320479906335], [-81.68615079999995, 48.33336579906335], [-81.68634099999997, 48.33346359906333], [-81.68716769999997, 48.33373759906333], [-81.6873718, 48.33386229906334], [-81.68749499999996, 48.33399649906334], [-81.6875789, 48.33421199906336], [-81.68759559999995, 48.33445479906332], [-81.68766599999998, 48.33467029906334], [-81.68783059999998, 48.334867199063346], [-81.68810209999998, 48.33499149906333], [-81.68846759999997, 48.335079299063345], [-81.68929219999995, 48.33519129906335], [-81.68956329999997, 48.335279699063335], [-81.68975359999996, 48.33538649906336], [-81.68990399999996, 48.33552949906334], [-81.69002809999995, 48.33572669906334], [-81.6900574, 48.33589749906337], [-81.69033389999998, 48.33639069906337]]}, "properties": {"OBJECTID": 49532562}}, {"type": "Feature", "id": 49535362, "geometry": {"type": "LineString", "coordinates": [[-81.33202879999999, 48.46408469906384], [-81.33203169999996, 48.46527419906385]]}, "properties": {"OBJECTID": 49535362}}, {"type": "Feature", "id": 49537298, "geometry": {"type": "LineString", "coordinates": [[-83.21354709999997, 47.86811609906164], [-83.21307149999996, 47.86825129906165], [-83.2094578, 47.86943669906165], [-83.20870459999998, 47.86964909906165], [-83.20788299999998, 47.869826899061664], [-83.20713849999999, 47.86993119906164], [-83.20665869999999, 47.86996739906166], [-83.20536269999997, 47.87000929906169]]}, "properties": {"OBJECTID": 49537298}}, {"type": "Feature", "id": 49539234, "geometry": {"type": "LineString", "coordinates": [[-81.29458999999997, 48.01666089906219], [-81.29444259999997, 48.01667929906219], [-81.29330489999995, 48.01706909906217], [-81.29202039999996, 48.017567199062185]]}, "properties": {"OBJECTID": 49539234}}, {"type": "Feature", "id": 49541490, "geometry": {"type": "LineString", "coordinates": [[-81.18349519999998, 48.49501919906397], [-81.1822153, 48.49565039906402]]}, "properties": {"OBJECTID": 49541490}}, {"type": "Feature", "id": 49541522, "geometry": {"type": "LineString", "coordinates": [[-81.53760509999995, 48.24450309906302], [-81.53822349999996, 48.24438329906302], [-81.53880239999995, 48.244362499063016], [-81.53985079999995, 48.24415069906301], [-81.54100879999999, 48.24410929906303], [-81.5413451, 48.24407169906299], [-81.54221839999997, 48.24386069906301], [-81.54246079999996, 48.243859499063014], [-81.54271719999997, 48.243903299062985], [-81.54352769999997, 48.24412439906302], [-81.5437852, 48.24427609906303], [-81.5440451, 48.244652699062996], [-81.54436129999999, 48.24525399906303], [-81.54448659999997, 48.245640299063055], [-81.54459689999999, 48.245873699063], [-81.544806, 48.246538499063035], [-81.54510649999997, 48.24693289906304]]}, "properties": {"OBJECTID": 49541522}}, {"type": "Feature", "id": 49542066, "geometry": {"type": "LineString", "coordinates": [[-84.76752009999996, 47.992100899062095], [-84.76749039999999, 47.99312409906212]]}, "properties": {"OBJECTID": 49542066}}, {"type": "Feature", "id": 49545202, "geometry": {"type": "LineString", "coordinates": [[-81.44111949999996, 48.44951049906381], [-81.44098169999995, 48.449702199063836], [-81.44090369999998, 48.44983709906381], [-81.44085579999995, 48.4499598990638], [-81.44081979999999, 48.45007979906382], [-81.44080789999998, 48.45017269906379], [-81.4408067, 48.450281999063805]]}, "properties": {"OBJECTID": 49545202}}, {"type": "Feature", "id": 49547714, "geometry": {"type": "LineString", "coordinates": [[-84.76851799999997, 47.99042039906207], [-84.76968359999995, 47.990433999062105]]}, "properties": {"OBJECTID": 49547714}}, {"type": "Feature", "id": 49549762, "geometry": {"type": "LineString", "coordinates": [[-81.37468159999997, 48.521434499064064], [-81.37372019999998, 48.522787799064076], [-81.37356159999996, 48.52304819906408], [-81.37352469999996, 48.523166099064106], [-81.37350999999995, 48.523283999064134], [-81.37350909999998, 48.52355319906412], [-81.37353949999999, 48.52701239906415], [-81.37352469999996, 48.52718189906411], [-81.3734953, 48.527329199064084], [-81.37342889999996, 48.527469199064136], [-81.3732015, 48.527773499064125]]}, "properties": {"OBJECTID": 49549762}}, {"type": "Feature", "id": 49551362, "geometry": {"type": "LineString", "coordinates": [[-83.397537, 47.81931159906153], [-83.39789139999999, 47.81946619906151], [-83.39855659999995, 47.8196951990615], [-83.3998312, 47.82010049906151]]}, "properties": {"OBJECTID": 49551362}}, {"type": "Feature", "id": 49551426, "geometry": {"type": "LineString", "coordinates": [[-81.3624001, 48.47667089906393], [-81.36221359999996, 48.476764599063905], [-81.36204599999996, 48.47684219906391], [-81.3618745, 48.476915799063924], [-81.3614192, 48.47708519906393]]}, "properties": {"OBJECTID": 49551426}}, {"type": "Feature", "id": 49552930, "geometry": {"type": "LineString", "coordinates": [[-83.40611689999997, 47.840230499061576], [-83.40654289999998, 47.84124569906157]]}, "properties": {"OBJECTID": 49552930}}, {"type": "Feature", "id": 49562034, "geometry": {"type": "LineString", "coordinates": [[-83.40000219999996, 47.84145669906159], [-83.4007919, 47.8431835990616]]}, "properties": {"OBJECTID": 49562034}}, {"type": "Feature", "id": 49563810, "geometry": {"type": "LineString", "coordinates": [[-81.3283887, 48.472078499063876], [-81.3295349, 48.4720822990639]]}, "properties": {"OBJECTID": 49563810}}, {"type": "Feature", "id": 49566418, "geometry": {"type": "LineString", "coordinates": [[-81.29119119999996, 48.476963399063926], [-81.29097209999998, 48.477002299063926], [-81.29064589999996, 48.477070499063906], [-81.2903465, 48.47714349906391], [-81.28995699999996, 48.47725549906391], [-81.28918049999999, 48.477501299063924], [-81.28767139999997, 48.47799889906394], [-81.28619629999997, 48.47841819906393], [-81.28568819999998, 48.478554699063906], [-81.28452039999996, 48.4788314990639]]}, "properties": {"OBJECTID": 49566418}}, {"type": "Feature", "id": 49569138, "geometry": {"type": "LineString", "coordinates": [[-80.8902046, 48.58012679906433], [-80.89049179999995, 48.58015409906432], [-80.89071629999995, 48.580170099064354], [-80.89079509999999, 48.58017989906433]]}, "properties": {"OBJECTID": 49569138}}, {"type": "Feature", "id": 49569394, "geometry": {"type": "LineString", "coordinates": [[-81.29868879999998, 48.47423969906388], [-81.29858519999999, 48.47455689906392], [-81.29850199999998, 48.47481159906389], [-81.29838519999998, 48.47510219906392]]}, "properties": {"OBJECTID": 49569394}}, {"type": "Feature", "id": 49574130, "geometry": {"type": "LineString", "coordinates": [[-84.76765309999996, 47.9919446990621], [-84.76752009999996, 47.992100899062095]]}, "properties": {"OBJECTID": 49574130}}, {"type": "Feature", "id": 49575378, "geometry": {"type": "LineString", "coordinates": [[-81.3510574, 48.49097289906398], [-81.35105549999997, 48.49158089906397], [-81.35105549999997, 48.49158399906399], [-81.35105549999997, 48.491584999064], [-81.35105579999998, 48.49158909906396], [-81.35105629999998, 48.49159319906397], [-81.35105699999997, 48.49159729906398], [-81.3510579, 48.491601299063966], [-81.35105899999996, 48.49160539906397], [-81.35106029999997, 48.491609399063975], [-81.35106179999997, 48.491613299064], [-81.35106359999997, 48.49161729906398], [-81.3510655, 48.49162119906396], [-81.35106759999996, 48.49162499906396], [-81.35106999999999, 48.49162879906395], [-81.35107249999999, 48.49163249906398], [-81.35107519999997, 48.491636199063976], [-81.35107819999996, 48.491639799064], [-81.35108129999998, 48.49164339906399], [-81.35108459999998, 48.49164679906396], [-81.351088, 48.49165019906399], [-81.35109169999998, 48.491653499063986], [-81.35109549999999, 48.49165669906397], [-81.35109939999995, 48.49165989906396], [-81.35110359999999, 48.49166289906395], [-81.35110789999999, 48.49166589906399], [-81.35111229999995, 48.49166869906399], [-81.35111689999997, 48.49167139906398], [-81.3511216, 48.491674099063964], [-81.35112649999996, 48.491676599063965], [-81.35113149999995, 48.49167899906399], [-81.35113659999996, 48.491681299063984], [-81.3511418, 48.49168349906397], [-81.35114709999999, 48.49168549906397], [-81.35115259999998, 48.491687399064], [-81.35115809999996, 48.491689199063934], [-81.35116369999997, 48.491690899064004], [-81.3511694, 48.49169249906395], [-81.3511752, 48.49169389906397], [-81.35118109999996, 48.49169519906399], [-81.35118699999998, 48.49169629906395], [-81.35119299999997, 48.491697299063944], [-81.35119899999995, 48.491698199063975], [-81.35139949999996, 48.49170259906394], [-81.3539639, 48.49170259906394]]}, "properties": {"OBJECTID": 49575378}}, {"type": "Feature", "id": 49577778, "geometry": {"type": "LineString", "coordinates": [[-81.36171539999998, 48.48216409906396], [-81.36125619999996, 48.48217279906392], [-81.36114839999999, 48.48216409906396], [-81.36104029999996, 48.482143099063954], [-81.3605513, 48.482005099063954], [-81.3604522, 48.48198109906396], [-81.36036519999999, 48.481969099063924], [-81.36026619999996, 48.481969099063924], [-81.3601822, 48.481969099063924], [-81.36009519999999, 48.48197809906396], [-81.36002919999999, 48.48200809906394], [-81.3600022, 48.48205609906392], [-81.35998719999998, 48.48213409906391], [-81.35998419999999, 48.48226009906394], [-81.35997519999995, 48.48236209906397], [-81.3599572, 48.482437199063966], [-81.3599271, 48.48251219906395], [-81.35987309999996, 48.482623199063944]]}, "properties": {"OBJECTID": 49577778}}, {"type": "Feature", "id": 49581186, "geometry": {"type": "LineString", "coordinates": [[-81.20976079999997, 48.47083179906391], [-81.20976669999999, 48.46907489906387], [-81.20972689999996, 48.469036999063874], [-81.20967149999996, 48.469008999063895], [-81.20959819999996, 48.468992899063906], [-81.20953359999999, 48.46898989906386], [-81.20946619999995, 48.46898959906391], [-81.2093322, 48.46899829906386], [-81.20920129999996, 48.46901909906389], [-81.20907589999996, 48.46905179906391], [-81.20895859999996, 48.46909569906387], [-81.208865, 48.46914899906388], [-81.20880119999998, 48.4692107990639], [-81.20875739999997, 48.46927989906387], [-81.20873509999996, 48.46936409906387], [-81.20870379999997, 48.4708435990639]]}, "properties": {"OBJECTID": 49581186}}, {"type": "Feature", "id": 49581378, "geometry": {"type": "LineString", "coordinates": [[-81.33718479999999, 48.425342999063695], [-81.33646049999999, 48.4261997990637], [-81.33605779999999, 48.42663279906374], [-81.33584339999999, 48.4269212990637], [-81.33570899999995, 48.427029699063745], [-81.33536089999996, 48.4275434990637], [-81.33509229999999, 48.427814199063704]]}, "properties": {"OBJECTID": 49581378}}, {"type": "Feature", "id": 49582018, "geometry": {"type": "LineString", "coordinates": [[-81.44369469999998, 48.50854999906403], [-81.44380279999996, 48.510183299064025], [-81.44382299999995, 48.51053789906406]]}, "properties": {"OBJECTID": 49582018}}, {"type": "Feature", "id": 49585122, "geometry": {"type": "LineString", "coordinates": [[-84.7694371, 47.9939743990621], [-84.7694416, 47.994857899062076]]}, "properties": {"OBJECTID": 49585122}}, {"type": "Feature", "id": 49585186, "geometry": {"type": "LineString", "coordinates": [[-81.32071079999997, 48.48815859906396], [-81.31947919999999, 48.48816199906398]]}, "properties": {"OBJECTID": 49585186}}, {"type": "Feature", "id": 49585698, "geometry": {"type": "LineString", "coordinates": [[-81.32250289999996, 48.47800669906393], [-81.32226559999998, 48.478035899063904]]}, "properties": {"OBJECTID": 49585698}}, {"type": "Feature", "id": 49586274, "geometry": {"type": "LineString", "coordinates": [[-81.33508119999999, 48.48198309906396], [-81.33778699999999, 48.48198569906392]]}, "properties": {"OBJECTID": 49586274}}, {"type": "Feature", "id": 49586642, "geometry": {"type": "LineString", "coordinates": [[-83.3576736, 47.85299909906164], [-83.35745019999996, 47.85308469906161], [-83.35712529999995, 47.85328929906162], [-83.35568339999998, 47.853921799061624], [-83.35512599999998, 47.8540141990616], [-83.35451769999997, 47.85416169906161]]}, "properties": {"OBJECTID": 49586642}}, {"type": "Feature", "id": 49590354, "geometry": {"type": "LineString", "coordinates": [[-81.20365339999995, 48.472300499063884], [-81.20434749999998, 48.4724043990639]]}, "properties": {"OBJECTID": 49590354}}, {"type": "Feature", "id": 49599458, "geometry": {"type": "LineString", "coordinates": [[-84.54871879999996, 48.3468765990634], [-84.5480718, 48.34742069906343]]}, "properties": {"OBJECTID": 49599458}}, {"type": "Feature", "id": 49600114, "geometry": {"type": "LineString", "coordinates": [[-81.21316769999999, 48.48522249906395], [-81.21317169999998, 48.48562709906398]]}, "properties": {"OBJECTID": 49600114}}, {"type": "Feature", "id": 49603474, "geometry": {"type": "LineString", "coordinates": [[-81.34249839999995, 48.433595099063766], [-81.34335499999997, 48.434330299063724], [-81.34350439999997, 48.43442879906377], [-81.34398089999996, 48.43491319906377], [-81.34456569999998, 48.43543319906376], [-81.34558429999998, 48.43610489906377], [-81.34589689999996, 48.43634689906378], [-81.34600589999997, 48.436472499063754], [-81.3462121, 48.436975699063716], [-81.34635099999997, 48.43751509906377], [-81.34636569999998, 48.43769489906374], [-81.34648899999996, 48.43792849906373]]}, "properties": {"OBJECTID": 49603474}}, {"type": "Feature", "id": 49608594, "geometry": {"type": "LineString", "coordinates": [[-81.33076989999995, 48.45955729906385], [-81.32846739999997, 48.46308039906386], [-81.32842569999997, 48.46317129906383], [-81.32840669999996, 48.46323569906389], [-81.32839159999997, 48.463334199063866], [-81.32840669999996, 48.46409169906389]]}, "properties": {"OBJECTID": 49608594}}, {"type": "Feature", "id": 49613346, "geometry": {"type": "LineString", "coordinates": [[-84.77352689999998, 47.992933499062126], [-84.77343459999997, 47.99306809906208], [-84.7734132, 47.993137099062096], [-84.77341079999997, 47.9932417990621], [-84.77341389999998, 47.99397449906212]]}, "properties": {"OBJECTID": 49613346}}, {"type": "Feature", "id": 49620450, "geometry": {"type": "LineString", "coordinates": [[-84.796222, 47.963130199061986], [-84.796247, 47.96324439906198], [-84.79621129999998, 47.96334439906201], [-84.79604, 47.96351209906197], [-84.7953119, 47.964158099062], [-84.79275989999996, 47.96643649906203], [-84.7926243, 47.96650069906202], [-84.79248859999996, 47.96652929906202], [-84.79233159999995, 47.96650069906202], [-84.79201749999999, 47.96632939906198], [-84.7905164, 47.96557069906197]]}, "properties": {"OBJECTID": 49620450}}, {"type": "Feature", "id": 49623826, "geometry": {"type": "LineString", "coordinates": [[-84.79139189999995, 47.97896749906202], [-84.7917147, 47.97914089906203], [-84.79385609999997, 47.98026779906207], [-84.79536289999999, 47.98106829906203], [-84.79618679999999, 47.981478199062074], [-84.79811899999999, 47.982485699062075], [-84.7992054, 47.983056999062065], [-84.80160329999995, 47.98433719906207]]}, "properties": {"OBJECTID": 49623826}}, {"type": "Feature", "id": 49623938, "geometry": {"type": "LineString", "coordinates": [[-84.55684159999998, 48.08845399906242], [-84.55814299999997, 48.08848169906246]]}, "properties": {"OBJECTID": 49623938}}, {"type": "Feature", "id": 49624274, "geometry": {"type": "LineString", "coordinates": [[-81.33077609999998, 48.46857459906386], [-81.32952339999997, 48.468584399063865]]}, "properties": {"OBJECTID": 49624274}}, {"type": "Feature", "id": 49624386, "geometry": {"type": "LineString", "coordinates": [[-83.4002456, 47.84511989906162], [-83.40026659999995, 47.84517839906158], [-83.40040169999997, 47.845499499061596], [-83.40052689999999, 47.84560489906158]]}, "properties": {"OBJECTID": 49624386}}, {"type": "Feature", "id": 49626098, "geometry": {"type": "LineString", "coordinates": [[-81.44378289999997, 48.46541629906386], [-81.44377179999998, 48.46608159906385], [-81.44376079999995, 48.466740999063866], [-81.44378649999999, 48.46754729906389]]}, "properties": {"OBJECTID": 49626098}}, {"type": "Feature", "id": 49628098, "geometry": {"type": "LineString", "coordinates": [[-81.6297955, 47.88624579906175], [-81.62928489999996, 47.887166299061754], [-81.62911679999996, 47.88764409906175], [-81.62897609999999, 47.88817569906176], [-81.62866149999996, 47.889814899061754], [-81.62833759999995, 47.890680499061745], [-81.62807609999999, 47.891185799061745], [-81.62783889999997, 47.89148399906178], [-81.62760079999998, 47.891701199061714], [-81.6267259, 47.892371799061756], [-81.62650099999996, 47.89257999906174], [-81.6263032, 47.89281499906178], [-81.62598799999995, 47.89330259906177], [-81.62534219999998, 47.894115799061744], [-81.62475989999996, 47.89464089906175], [-81.62433729999998, 47.89510199906174], [-81.62398189999999, 47.89558079906175], [-81.623536, 47.89632999906178], [-81.62209709999996, 47.89794839906177], [-81.62196619999997, 47.898191999061744], [-81.62187569999998, 47.8984533990618], [-81.6218581, 47.899218299061786], [-81.62179469999995, 47.899515499061756], [-81.62182229999996, 47.89958739906178], [-81.62180279999995, 47.90019029906178], [-81.62151439999997, 47.90068669906175], [-81.62121189999999, 47.901129199061764], [-81.62019579999998, 47.90231339906179], [-81.61964339999997, 47.90311709906179], [-81.61922169999997, 47.90365929906177], [-81.61898389999999, 47.90391249906181], [-81.61793749999998, 47.90480879906178], [-81.6176466, 47.905107299061775], [-81.6174757, 47.90536019906179], [-81.61726719999996, 47.905829199061806], [-81.61719189999997, 47.9062523990618], [-81.61716489999998, 47.907359299061774], [-81.61695169999996, 47.90855709906177], [-81.61653579999995, 47.91185229906181], [-81.6165661, 47.91214909906182], [-81.61684909999997, 47.913443199061824], [-81.6170075, 47.91437809906182], [-81.61736589999998, 47.91525789906183], [-81.61744979999997, 47.91556329906183], [-81.61747359999998, 47.91643599906185], [-81.61727629999996, 47.918974299061816], [-81.6173306, 47.92016159906185], [-81.61723949999998, 47.920387099061855], [-81.61727099999996, 47.92078279906187], [-81.6171817, 47.92115209906186], [-81.61688479999998, 47.92207149906184], [-81.6164819, 47.92309029906184], [-81.61618099999998, 47.923676799061845], [-81.6159336, 47.92426289906186], [-81.61563579999995, 47.92511029906187], [-81.61550439999996, 47.92531789906188], [-81.6154282, 47.92566019906188], [-81.61534899999998, 47.92575959906189], [-81.61517609999999, 47.92585049906188]]}, "properties": {"OBJECTID": 49628098}}, {"type": "Feature", "id": 49628290, "geometry": {"type": "LineString", "coordinates": [[-81.33206899999999, 48.47208079906389], [-81.33207709999999, 48.47376069906389]]}, "properties": {"OBJECTID": 49628290}}, {"type": "Feature", "id": 49629490, "geometry": {"type": "LineString", "coordinates": [[-81.2013619, 48.49575399906401], [-81.20135799999997, 48.49653609906398]]}, "properties": {"OBJECTID": 49629490}}, {"type": "Feature", "id": 49630818, "geometry": {"type": "LineString", "coordinates": [[-83.4002084, 47.82103739906151], [-83.40036809999998, 47.821312999061526], [-83.40053739999996, 47.82150749906148], [-83.40108119999996, 47.8219999990615], [-83.40154229999996, 47.82272819906151]]}, "properties": {"OBJECTID": 49630818}}, {"type": "Feature", "id": 49631410, "geometry": {"type": "LineString", "coordinates": [[-84.78529259999999, 47.98307899906206], [-84.78625419999997, 47.98308609906208], [-84.78694899999999, 47.98309089906206], [-84.78729169999997, 47.98311469906207], [-84.78757249999995, 47.983157499062045], [-84.78777229999997, 47.98322409906207], [-84.78795789999998, 47.98332409906204], [-84.78813399999996, 47.98346209906204], [-84.78822919999999, 47.98360009906207], [-84.7882768, 47.98378569906203], [-84.78847669999999, 47.98497539906204], [-84.78859559999995, 47.98554649906204], [-84.78871459999999, 47.985912899062065], [-84.78885259999998, 47.98616039906207], [-84.78902389999996, 47.98631739906208], [-84.78932369999995, 47.98646969906209], [-84.78959979999996, 47.98662199906206], [-84.78980439999998, 47.986750499062076], [-84.78998999999999, 47.986936099062085], [-84.79004709999998, 47.987078899062084], [-84.7900348, 47.9872103990621]]}, "properties": {"OBJECTID": 49631410}}, {"type": "Feature", "id": 49631522, "geometry": {"type": "LineString", "coordinates": [[-83.3979933, 47.846177799061586], [-83.39702719999997, 47.84701639906161]]}, "properties": {"OBJECTID": 49631522}}, {"type": "Feature", "id": 49631986, "geometry": {"type": "LineString", "coordinates": [[-81.25713389999999, 47.5615118990607], [-81.25725349999999, 47.5614936990607], [-81.25754609999996, 47.56153799906071], [-81.25769259999998, 47.56158269906071], [-81.25777269999998, 47.561663499060685], [-81.25777319999997, 47.5617623990607], [-81.25773379999998, 47.56185249906071], [-81.25764089999996, 47.5618976990607], [-81.25720239999998, 47.56192569906069]]}, "properties": {"OBJECTID": 49631986}}, {"type": "Feature", "id": 49632402, "geometry": {"type": "LineString", "coordinates": [[-81.33081019999997, 48.47725119906391], [-81.32955349999997, 48.477256799063916]]}, "properties": {"OBJECTID": 49632402}}, {"type": "Feature", "id": 49632690, "geometry": {"type": "LineString", "coordinates": [[-81.36756059999999, 48.478203399063936], [-81.36757169999998, 48.479732699063895]]}, "properties": {"OBJECTID": 49632690}}, {"type": "Feature", "id": 49638402, "geometry": {"type": "LineString", "coordinates": [[-83.39883659999998, 47.83871629906157], [-83.39919469999995, 47.839537799061574], [-83.39925639999996, 47.839692599061586]]}, "properties": {"OBJECTID": 49638402}}, {"type": "Feature", "id": 49639410, "geometry": {"type": "LineString", "coordinates": [[-82.44425329999996, 48.25047229906303], [-82.44583259999996, 48.251746399063016]]}, "properties": {"OBJECTID": 49639410}}, {"type": "Feature", "id": 49640818, "geometry": {"type": "LineString", "coordinates": [[-84.76851799999997, 47.99042039906207], [-84.76753869999999, 47.99043729906206]]}, "properties": {"OBJECTID": 49640818}}, {"type": "Feature", "id": 49642674, "geometry": {"type": "LineString", "coordinates": [[-81.32705549999997, 48.48123729906394], [-81.32594899999998, 48.48123749906393]]}, "properties": {"OBJECTID": 49642674}}, {"type": "Feature", "id": 49646402, "geometry": {"type": "LineString", "coordinates": [[-81.42911269999996, 48.45504119906385], [-81.42865169999999, 48.45530369906381], [-81.4282844, 48.45551289906384], [-81.42816999999997, 48.455562599063825], [-81.4280531, 48.45560959906381], [-81.42793389999997, 48.455653899063826], [-81.42782879999999, 48.45568989906384], [-81.4278124, 48.45569549906385], [-81.4276888, 48.4557341990638], [-81.42621829999996, 48.45620169906382], [-81.42438139999996, 48.45678989906387], [-81.42365049999995, 48.45702419906386], [-81.4233003, 48.45713649906386], [-81.42266039999998, 48.45733779906383]]}, "properties": {"OBJECTID": 49646402}}, {"type": "Feature", "id": 49648642, "geometry": {"type": "LineString", "coordinates": [[-81.34163159999997, 48.48429239906394], [-81.34048279999996, 48.48431919906395]]}, "properties": {"OBJECTID": 49648642}}, {"type": "Feature", "id": 49649522, "geometry": {"type": "LineString", "coordinates": [[-80.85901049999995, 48.525152299064096], [-80.85923969999999, 48.5255304990641], [-80.859441, 48.526196399064105], [-80.85988519999995, 48.527204599064106], [-80.86018239999999, 48.527474799064144], [-80.8603311, 48.527573999064124], [-80.86100749999997, 48.52787169906416], [-80.86126469999999, 48.52793489906416], [-80.8617658, 48.52793549906411], [-80.86183349999999, 48.527962599064125]]}, "properties": {"OBJECTID": 49649522}}, {"type": "Feature", "id": 49651570, "geometry": {"type": "LineString", "coordinates": [[-81.33288089999996, 48.46015489906385], [-81.3328287, 48.460224099063836], [-81.33278009999998, 48.46029449906386], [-81.33273499999996, 48.46036589906383], [-81.33269339999998, 48.46043829906385], [-81.33265549999999, 48.46051149906382], [-81.33262129999997, 48.46058559906383], [-81.33259069999997, 48.46066029906386], [-81.33256389999997, 48.46073569906387], [-81.33229599999999, 48.46152639906386]]}, "properties": {"OBJECTID": 49651570}}, {"type": "Feature", "id": 49653074, "geometry": {"type": "LineString", "coordinates": [[-83.42287969999995, 47.84825749906162], [-83.42432789999998, 47.84835289906159]]}, "properties": {"OBJECTID": 49653074}}, {"type": "Feature", "id": 49662050, "geometry": {"type": "LineString", "coordinates": [[-81.33778699999999, 48.48198569906392], [-81.34049909999999, 48.48199359906392]]}, "properties": {"OBJECTID": 49662050}}, {"type": "Feature", "id": 49664658, "geometry": {"type": "LineString", "coordinates": [[-81.20847069999996, 48.4772609990639], [-81.2073474, 48.47727139906391]]}, "properties": {"OBJECTID": 49664658}}, {"type": "Feature", "id": 49669890, "geometry": {"type": "LineString", "coordinates": [[-81.3785507, 48.48302059906394], [-81.37854599999997, 48.48357659906398]]}, "properties": {"OBJECTID": 49669890}}, {"type": "Feature", "id": 49673298, "geometry": {"type": "LineString", "coordinates": [[-81.3320769, 48.47725449906391], [-81.33204919999997, 48.4784405990639]]}, "properties": {"OBJECTID": 49673298}}, {"type": "Feature", "id": 49674002, "geometry": {"type": "LineString", "coordinates": [[-81.29119119999996, 48.476963399063926], [-81.29149529999995, 48.47691639906393], [-81.29184349999997, 48.47687819906394], [-81.29222569999996, 48.4768489990639], [-81.29269799999997, 48.476839199063924], [-81.29446519999999, 48.476895199063904], [-81.29833159999998, 48.4770327990639]]}, "properties": {"OBJECTID": 49674002}}, {"type": "Feature", "id": 49674786, "geometry": {"type": "LineString", "coordinates": [[-81.2267923, 48.47987129906392], [-81.22638999999998, 48.48000929906391], [-81.22594409999999, 48.48018629906392], [-81.22558319999996, 48.48035179906395], [-81.22524749999997, 48.480526499063906], [-81.22494869999997, 48.480694299063934], [-81.22447519999997, 48.48099079906393], [-81.21987949999999, 48.48403209906395], [-81.21916399999998, 48.484438299063946], [-81.21881019999995, 48.48459809906395], [-81.2186216, 48.48467629906396], [-81.218302, 48.48479349906395], [-81.21795259999999, 48.48490159906394], [-81.2176192, 48.48499119906394], [-81.21732259999999, 48.485055599063934], [-81.2170122, 48.48511079906395], [-81.21675239999996, 48.48514529906392], [-81.21651989999998, 48.48517509906399], [-81.21625169999999, 48.48519699906395], [-81.21598269999998, 48.48521339906395], [-81.215713, 48.48522409906396], [-81.21544289999997, 48.48522919906398], [-81.21517269999998, 48.485228699063974]]}, "properties": {"OBJECTID": 49674786}}, {"type": "Feature", "id": 49677682, "geometry": {"type": "LineString", "coordinates": [[-84.8068515, 48.07392479906241], [-84.80563759999995, 48.073909999062366], [-84.80315349999995, 48.073924299062405], [-84.80219689999996, 48.073852899062366], [-84.80148309999998, 48.07378159906237], [-84.8006408, 48.07378159906237], [-84.80009819999998, 48.07381009906234], [-84.7991988, 48.07405279906237], [-84.79782819999997, 48.07446679906239], [-84.79728569999997, 48.07459529906235], [-84.7960008, 48.07475239906238], [-84.79463019999997, 48.07486659906237], [-84.79315969999999, 48.0749664990624], [-84.7908612, 48.075109299062376], [-84.78959049999997, 48.075123599062394], [-84.78542169999997, 48.075166399062354], [-84.78370849999999, 48.07515209906239], [-84.78202389999996, 48.07515209906239], [-84.78119579999998, 48.075237799062386], [-84.78028209999997, 48.07540909906238], [-84.77931129999996, 48.07570889906236], [-84.77884009999997, 48.0758230990624], [-84.778212, 48.07578029906237], [-84.77718399999998, 48.07553759906238], [-84.77408599999995, 48.0746095990624], [-84.77163039999999, 48.07405279906237], [-84.7669333, 48.0729820990624], [-84.76627659999997, 48.0728677990624], [-84.76597679999998, 48.07288209906237], [-84.76560559999996, 48.07306769906238], [-84.76393519999999, 48.07405279906237], [-84.76319279999996, 48.07435259906236], [-84.7624361, 48.074623899062374], [-84.76063729999998, 48.07500939906236], [-84.75842439999997, 48.07556619906239], [-84.75782469999996, 48.07579459906236], [-84.75741069999998, 48.07603729906236], [-84.75693959999995, 48.076522699062366], [-84.75633999999997, 48.07719369906237], [-84.7558831, 48.07755059906236], [-84.755155, 48.07776479906238], [-84.75384149999996, 48.07815019906241], [-84.75237099999998, 48.07856429906241], [-84.75194269999997, 48.07870699906237], [-84.75097189999997, 48.0789211990624], [-84.749844, 48.079121099062384], [-84.74844489999998, 48.07927809906239], [-84.7477025, 48.0793494990624], [-84.74743129999996, 48.07934949906241], [-84.74694579999999, 48.079178199062376], [-84.7459111, 48.07882369906242]]}, "properties": {"OBJECTID": 49677682}}, {"type": "Feature", "id": 49679826, "geometry": {"type": "LineString", "coordinates": [[-81.37055929999997, 48.470961799063865], [-81.37057279999999, 48.47205159906391], [-81.37058189999999, 48.472178199063904], [-81.3705994, 48.47227859906391], [-81.37063159999997, 48.47238629906391], [-81.37068699999998, 48.47251909906388], [-81.37073989999999, 48.47263969906387]]}, "properties": {"OBJECTID": 49679826}}, {"type": "Feature", "id": 49679954, "geometry": {"type": "LineString", "coordinates": [[-81.32484979999998, 48.470895299063876], [-81.32522469999998, 48.470886799063884], [-81.3253628, 48.470886799063884], [-81.32547549999998, 48.470895299063876], [-81.32557699999995, 48.470914999063915]]}, "properties": {"OBJECTID": 49679954}}, {"type": "Feature", "id": 49680882, "geometry": {"type": "LineString", "coordinates": [[-80.902578, 48.617582999064496], [-80.90253669999998, 48.617723999064474], [-80.902469, 48.61787359906446], [-80.90237989999997, 48.61802679906448], [-80.90228729999995, 48.618169299064505], [-80.90218039999996, 48.618304699064495], [-80.90206279999995, 48.618436599064474], [-80.90191669999996, 48.618575499064505], [-80.90178129999998, 48.618685999064496], [-80.9016638, 48.618771499064515], [-80.90153189999995, 48.618856899064504], [-80.90140009999999, 48.61894249906448], [-80.90124329999998, 48.61902799906449], [-80.90108299999997, 48.619113499064504], [-80.90083919999995, 48.619225199064495], [-80.8960586, 48.62136209906449], [-80.89472739999997, 48.621990599064496], [-80.89297539999995, 48.62271769906451], [-80.89255449999996, 48.62286119906454], [-80.8917126, 48.623103299064525], [-80.89100669999999, 48.62325559906455]]}, "properties": {"OBJECTID": 49680882}}, {"type": "Feature", "id": 49681042, "geometry": {"type": "LineString", "coordinates": [[-80.85107719999996, 48.85580319906554], [-80.85118599999998, 48.85588429906552], [-80.85285519999996, 48.85848619906552], [-80.853137, 48.85894769906555], [-80.85369459999998, 48.85984659906555], [-80.85442949999998, 48.860962099065524], [-80.85511009999999, 48.86205369906559], [-80.85524379999998, 48.862240499065585], [-80.85553489999995, 48.86271079906554], [-80.85567659999998, 48.86293359906556], [-80.85690199999999, 48.864874599065566], [-80.8584975, 48.86738959906558], [-80.85858969999998, 48.86753849906558], [-80.85912629999996, 48.86827259906557], [-80.85949339999996, 48.86867779906557], [-80.86032309999996, 48.8694254990656], [-80.86149339999997, 48.870281499065605]]}, "properties": {"OBJECTID": 49681042}}, {"type": "Feature", "id": 49682178, "geometry": {"type": "LineString", "coordinates": [[-81.31539099999998, 48.46616789906386], [-81.31578359999997, 48.46622079906387], [-81.31669569999997, 48.46623499906389]]}, "properties": {"OBJECTID": 49682178}}, {"type": "Feature", "id": 49682914, "geometry": {"type": "LineString", "coordinates": [[-81.16139659999999, 48.49428589906398], [-81.1613926, 48.49460959906401]]}, "properties": {"OBJECTID": 49682914}}, {"type": "Feature", "id": 49683106, "geometry": {"type": "LineString", "coordinates": [[-81.20038449999998, 48.47179499906391], [-81.20148569999998, 48.47196869906393]]}, "properties": {"OBJECTID": 49683106}}, {"type": "Feature", "id": 49683378, "geometry": {"type": "LineString", "coordinates": [[-81.20870379999997, 48.4708435990639], [-81.20873899999998, 48.472099999063886]]}, "properties": {"OBJECTID": 49683378}}, {"type": "Feature", "id": 49685058, "geometry": {"type": "LineString", "coordinates": [[-84.0836372, 48.310085499063256], [-84.08334249999996, 48.31028499906326], [-84.08340469999996, 48.31037649906326], [-84.08413389999998, 48.31083589906326], [-84.08454649999999, 48.311170299063264], [-84.0839671, 48.31163249906328]]}, "properties": {"OBJECTID": 49685058}}, {"type": "Feature", "id": 49688786, "geometry": {"type": "LineString", "coordinates": [[-81.18129419999997, 48.49822369906403], [-81.18072569999998, 48.498242599064], [-81.18053629999997, 48.498269899064006], [-81.17940049999999, 48.498622499064], [-81.17923829999995, 48.498703699063995]]}, "properties": {"OBJECTID": 49688786}}, {"type": "Feature", "id": 49690914, "geometry": {"type": "LineString", "coordinates": [[-81.21040769999996, 48.48079819906395], [-81.21313899999996, 48.480818799063925]]}, "properties": {"OBJECTID": 49690914}}, {"type": "Feature", "id": 49696018, "geometry": {"type": "LineString", "coordinates": [[-81.27840139999995, 48.47045579906389], [-81.27839179999995, 48.47124309906391], [-81.27840949999995, 48.471273799063866], [-81.2784302, 48.47129459906389], [-81.27848589999996, 48.47132029906388], [-81.28043589999999, 48.47201949906391], [-81.28045909999997, 48.4720239990639], [-81.2804865, 48.472026499063894], [-81.28052079999998, 48.47202499906391], [-81.28052109999999, 48.47202489906388], [-81.28055029999996, 48.47202239906388], [-81.28057709999996, 48.472016999063925], [-81.2805975, 48.47201019906388], [-81.28061459999998, 48.47200369906389], [-81.28063949999995, 48.47198869906388], [-81.28066539999998, 48.47195959906392], [-81.28068029999997, 48.471942899063926], [-81.28114269999998, 48.47142489906391]]}, "properties": {"OBJECTID": 49696018}}, {"type": "Feature", "id": 49699634, "geometry": {"type": "LineString", "coordinates": [[-81.03681569999998, 48.19357229906281], [-81.03805389999997, 48.19386879906281], [-81.03852499999999, 48.194030599062806], [-81.03945379999999, 48.19442609906284], [-81.03987109999997, 48.19465089906279], [-81.04024809999999, 48.1949026990628], [-81.04058469999995, 48.19519949906281], [-81.04090789999998, 48.195532199062804], [-81.04148709999998, 48.19623379906282], [-81.04273979999999, 48.19762779906283], [-81.04357499999998, 48.198689199062855], [-81.0441677, 48.199372699062835], [-81.0447873, 48.19997519906286], [-81.04512399999999, 48.20023599906285], [-81.04547409999998, 48.20043379906287], [-81.04585099999997, 48.20057759906285], [-81.04752019999995, 48.201053799062834], [-81.04850289999996, 48.20135929906286], [-81.04994349999998, 48.201943399062834], [-81.05131689999996, 48.202599599062864], [-81.05264999999997, 48.20330069906283], [-81.05310779999996, 48.203516499062864], [-81.0545755, 48.20410059906284], [-81.05503329999999, 48.204316299062846], [-81.0554239, 48.20456799906284], [-81.05576059999999, 48.20483769906288], [-81.05624569999998, 48.20530529906287], [-81.05639379999997, 48.20540419906287]]}, "properties": {"OBJECTID": 49699634}}, {"type": "Feature", "id": 49701298, "geometry": {"type": "LineString", "coordinates": [[-81.9703149, 48.179721299062784], [-81.9682795, 48.180935099062744], [-81.96701659999997, 48.181737499062756], [-81.96281219999997, 48.18423789906278], [-81.96049449999998, 48.18548089906278], [-81.96009599999996, 48.185754199062785], [-81.95979159999996, 48.186026599062814], [-81.95959399999998, 48.186253199062776], [-81.95928189999995, 48.186831599062785], [-81.959068, 48.187625099062814], [-81.95897579999996, 48.188453599062775], [-81.9589977, 48.18890329906282], [-81.95908219999995, 48.18910949906281], [-81.95930369999996, 48.18944059906279], [-81.96197049999995, 48.19173949906283], [-81.96303569999998, 48.19257629906283], [-81.96408599999995, 48.1933322990628], [-81.9657264, 48.194694999062826], [-81.96597349999996, 48.194953899062824], [-81.96612619999996, 48.19520449906284], [-81.96617319999996, 48.19555499906281], [-81.966094, 48.19635639906282], [-81.96610859999998, 48.19712999906282], [-81.96579959999997, 48.198590099062876], [-81.96582179999996, 48.19905779906287], [-81.96599829999997, 48.19985699906282], [-81.9665827, 48.20158859906286], [-81.9667796, 48.20203679906286], [-81.96690459999996, 48.20224259906286], [-81.96694779999996, 48.202395199062835], [-81.9668972, 48.20256659906284], [-81.9669288, 48.202818199062854], [-81.96664199999998, 48.20402619906288], [-81.96664629999998, 48.20497089906288], [-81.96670209999996, 48.20578919906287], [-81.9666838, 48.20624819906285], [-81.96659059999996, 48.207013699062855], [-81.9661413, 48.20888879906287], [-81.96557239999999, 48.21084599906286], [-81.96532919999999, 48.21151379906289], [-81.96506959999999, 48.21202879906291], [-81.96432439999995, 48.213204699062864], [-81.96409079999995, 48.213665499062934], [-81.96399199999996, 48.21414309906288], [-81.96433919999998, 48.215426799062925], [-81.96447269999999, 48.21608249906291], [-81.96448099999998, 48.21652319906292], [-81.96441959999999, 48.216838599062896], [-81.96430399999997, 48.21713649906292], [-81.96410839999999, 48.217470999062925], [-81.9636481, 48.21805069906293], [-81.9632944, 48.21857549906293], [-81.96307299999995, 48.218973199062944], [-81.96278429999995, 48.21937149906292], [-81.9626561, 48.2197144990629], [-81.96204749999998, 48.221006099062905], [-81.96164809999999, 48.22196319906291], [-81.96157249999999, 48.222242699062946], [-81.96149479999997, 48.22240529906295], [-81.961499, 48.222630199062934], [-81.9613885, 48.2231978990629], [-81.96137279999999, 48.223800799062964], [-81.9614176, 48.22475409906294], [-81.9613875, 48.22530319906296], [-81.9614636, 48.225770399062945], [-81.96182519999996, 48.22638819906295], [-81.96278749999999, 48.22744179906292], [-81.96289859999996, 48.22762079906293], [-81.96301189999997, 48.22791669906296], [-81.96319459999995, 48.229039799062946], [-81.96350379999996, 48.22972999906295], [-81.9640427, 48.23046319906296], [-81.9660194, 48.23246199906294], [-81.96666389999996, 48.233077299063], [-81.96696809999997, 48.23349759906296], [-81.96706799999998, 48.23379369906298], [-81.96709929999997, 48.23402729906297], [-81.96705269999995, 48.234414599062994], [-81.9669121, 48.234811699062966], [-81.96688989999996, 48.235063799062985], [-81.96671939999999, 48.23530809906295], [-81.96654709999996, 48.235453499062956], [-81.9664429, 48.235643299063], [-81.96648549999998, 48.235759899062955], [-81.9664497, 48.236003099062955], [-81.96662349999997, 48.23664949906296], [-81.96660099999997, 48.23688359906295]]}, "properties": {"OBJECTID": 49701298}}, {"type": "Feature", "id": 49701810, "geometry": {"type": "LineString", "coordinates": [[-81.3380894, 48.478737899063894], [-81.33882399999999, 48.47874139906395], [-81.3389659, 48.47876439906394]]}, "properties": {"OBJECTID": 49701810}}, {"type": "Feature", "id": 49712306, "geometry": {"type": "LineString", "coordinates": [[-81.3374738, 48.47103539906387], [-81.3374786, 48.47174609906389]]}, "properties": {"OBJECTID": 49712306}}, {"type": "Feature", "id": 49715362, "geometry": {"type": "LineString", "coordinates": [[-81.29170369999997, 48.475681999063895], [-81.29169709999996, 48.47610309906394], [-81.29169869999998, 48.47638049906391]]}, "properties": {"OBJECTID": 49715362}}, {"type": "Feature", "id": 49716498, "geometry": {"type": "LineString", "coordinates": [[-81.69170599999995, 47.69140669906109], [-81.68977189999998, 47.69228219906109], [-81.68719009999995, 47.6935752990611], [-81.68648869999998, 47.69394839906109], [-81.68517969999999, 47.69473909906113], [-81.68420169999996, 47.695365699061114], [-81.68355479999997, 47.69583749906113], [-81.68240699999996, 47.6967350990611], [-81.68214259999996, 47.696898599061086], [-81.68183769999996, 47.697026399061116], [-81.68147899999997, 47.69711849906114], [-81.67681269999997, 47.69802789906108], [-81.6757634, 47.6983039990611], [-81.67394569999999, 47.69894449906113], [-81.67016329999996, 47.700208399061104], [-81.66899599999999, 47.70064709906113], [-81.66317039999996, 47.70267839906113], [-81.66175149999998, 47.70326239906114], [-81.6614204, 47.703426299061164], [-81.65848749999998, 47.70551259906115], [-81.6582775, 47.70577479906115], [-81.65779079999999, 47.70629039906112], [-81.65739769999999, 47.706832599061165], [-81.65726759999995, 47.70708519906111], [-81.65696149999997, 47.70818469906113], [-81.65684489999995, 47.70845529906116], [-81.6566747, 47.708699199061144], [-81.65647739999997, 47.70891629906112], [-81.65576539999995, 47.70954119906117], [-81.65556829999997, 47.70976729906114], [-81.6544217, 47.710826599061164], [-81.65386869999998, 47.71137859906117], [-81.65361739999997, 47.71154199906115]]}, "properties": {"OBJECTID": 49716498}}, {"type": "Feature", "id": 49717122, "geometry": {"type": "LineString", "coordinates": [[-81.32955709999999, 48.483326999063955], [-81.32829779999997, 48.483329199063924]]}, "properties": {"OBJECTID": 49717122}}, {"type": "Feature", "id": 49719490, "geometry": {"type": "LineString", "coordinates": [[-83.20172939999998, 47.6202895990609], [-83.20369549999998, 47.620836699060895], [-83.20436799999999, 47.62100369906086], [-83.20501199999995, 47.62112629906087], [-83.20789929999995, 47.62142169906089], [-83.20803189999998, 47.62141019906087], [-83.2083313, 47.621251399060846]]}, "properties": {"OBJECTID": 49719490}}, {"type": "Feature", "id": 49722498, "geometry": {"type": "LineString", "coordinates": [[-81.34133069999996, 48.47320109906392], [-81.34132189999997, 48.473902899063916]]}, "properties": {"OBJECTID": 49722498}}, {"type": "Feature", "id": 49723314, "geometry": {"type": "LineString", "coordinates": [[-81.37853369999999, 48.4744988990639], [-81.3785292, 48.47632379906394]]}, "properties": {"OBJECTID": 49723314}}, {"type": "Feature", "id": 49728754, "geometry": {"type": "LineString", "coordinates": [[-81.33744329999996, 48.464077899063845], [-81.3400153, 48.46407369906387], [-81.34010619999998, 48.46408239906385], [-81.34017079999995, 48.464098599063846], [-81.34022669999996, 48.46412969906385], [-81.34026719999997, 48.46418879906389], [-81.34029829999997, 48.464257199063866], [-81.3403113, 48.46441459906385], [-81.3403121, 48.465150599063854]]}, "properties": {"OBJECTID": 49728754}}, {"type": "Feature", "id": 49730050, "geometry": {"type": "LineString", "coordinates": [[-81.35202499999997, 48.499867699064026], [-81.35201909999995, 48.50041789906399]]}, "properties": {"OBJECTID": 49730050}}, {"type": "Feature", "id": 49730306, "geometry": {"type": "LineString", "coordinates": [[-84.80748079999995, 47.94682929906196], [-84.80775619999997, 47.94696959906195], [-84.80795419999998, 47.94703629906194]]}, "properties": {"OBJECTID": 49730306}}, {"type": "Feature", "id": 49730562, "geometry": {"type": "LineString", "coordinates": [[-84.7735371, 47.98698709906208], [-84.77563079999999, 47.98698919906209]]}, "properties": {"OBJECTID": 49730562}}, {"type": "Feature", "id": 49731618, "geometry": {"type": "LineString", "coordinates": [[-81.21984459999999, 48.47782499906389], [-81.22013379999999, 48.47787569906393], [-81.22050969999998, 48.477941099063905], [-81.22089539999996, 48.47802949906395], [-81.2244111, 48.47912349906391], [-81.2246781, 48.479199799063906], [-81.2249233, 48.479259699063896], [-81.22521209999996, 48.47930869906394], [-81.2254628, 48.4793468990639], [-81.22631189999998, 48.47943459906396]]}, "properties": {"OBJECTID": 49731618}}, {"type": "Feature", "id": 49732562, "geometry": {"type": "LineString", "coordinates": [[-81.20543409999999, 48.47241059906392], [-81.20652379999996, 48.472416899063916]]}, "properties": {"OBJECTID": 49732562}}, {"type": "Feature", "id": 49734690, "geometry": {"type": "LineString", "coordinates": [[-82.61496999999997, 48.37329669906351], [-82.613204, 48.37510279906352], [-82.61296959999999, 48.37537599906349], [-82.61258249999997, 48.3759482990635], [-82.6121387, 48.37686319906349], [-82.61158749999998, 48.377797599063506], [-82.61138089999997, 48.378097399063506], [-82.6111335, 48.378388799063536], [-82.60873449999997, 48.38068959906355], [-82.60764999999998, 48.38184739906354], [-82.60615429999996, 48.38324479906352], [-82.60546729999999, 48.383731299063555], [-82.605096, 48.38395239906352], [-82.60469689999996, 48.384146899063545], [-82.603816, 48.38448299906358], [-82.60083379999998, 48.385433299063564], [-82.59891919999995, 48.38597269906356], [-82.5970605, 48.38657439906356], [-82.59569569999996, 48.38698919906354], [-82.59343919999998, 48.38783019906352], [-82.59129959999996, 48.388525599063584], [-82.59041769999999, 48.38883469906356], [-82.58961799999997, 48.38917859906357], [-82.58729, 48.39033539906358], [-82.58703799999995, 48.390482799063584], [-82.58674759999997, 48.39070279906359], [-82.58630139999997, 48.391122799063545], [-82.58520599999997, 48.39238849906359], [-82.58386789999997, 48.3941072990636], [-82.58311089999995, 48.394963499063586], [-82.58088099999998, 48.39711739906358], [-82.58061649999996, 48.397300999063596]]}, "properties": {"OBJECTID": 49734690}}, {"type": "Feature", "id": 49734930, "geometry": {"type": "LineString", "coordinates": [[-81.7268886, 47.67420149906106], [-81.72777909999996, 47.67500559906104]]}, "properties": {"OBJECTID": 49734930}}, {"type": "Feature", "id": 49736002, "geometry": {"type": "LineString", "coordinates": [[-84.77835779999998, 47.99472679906209], [-84.77829229999998, 47.994846899062104], [-84.7782105, 47.994966999062115], [-84.7781013, 47.9950651990621], [-84.77789389999998, 47.995185199062114], [-84.7775198, 47.9954153990621]]}, "properties": {"OBJECTID": 49736002}}, {"type": "Feature", "id": 49736482, "geometry": {"type": "LineString", "coordinates": [[-81.28191569999996, 48.47171469906389], [-81.28234699999996, 48.471924399063916], [-81.28253839999996, 48.472039199063914], [-81.28264869999998, 48.47211759906392], [-81.28277489999999, 48.472208599063926], [-81.28282529999996, 48.47224679906393], [-81.2830808, 48.47244059906391], [-81.28326039999996, 48.472583499063916], [-81.28338809999997, 48.47268989906391], [-81.28355639999995, 48.472830099063884], [-81.28358349999996, 48.47285269906391], [-81.28387509999999, 48.473068199063874], [-81.28402669999997, 48.47315909906392], [-81.28442939999996, 48.47340049906391], [-81.2856165, 48.47412069906389], [-81.28581979999996, 48.4742212990639], [-81.2861244, 48.4743188990639], [-81.286359, 48.4743709990639], [-81.28637809999998, 48.47437529906391], [-81.28638819999998, 48.47437659906391], [-81.28673839999999, 48.47442229906391]]}, "properties": {"OBJECTID": 49736482}}, {"type": "Feature", "id": 49736770, "geometry": {"type": "LineString", "coordinates": [[-81.26532809999998, 48.016408299062185], [-81.26536879999998, 48.01649819906215], [-81.26563829999998, 48.01674949906216], [-81.26646089999997, 48.017638299062206], [-81.26699969999999, 48.01810489906218], [-81.26857409999997, 48.019144899062184], [-81.26930099999998, 48.01967409906219], [-81.26955659999999, 48.01982639906216], [-81.26990589999997, 48.0199425990622], [-81.27032199999996, 48.02001359906219], [-81.27077809999997, 48.02003949906216], [-81.2716633, 48.02004639906218], [-81.27206539999997, 48.020009399062204], [-81.27244049999996, 48.01992759906219], [-81.27276159999997, 48.0197918990622], [-81.27332289999998, 48.01942159906221], [-81.27367079999999, 48.019276899062184], [-81.2749033, 48.01903099906221], [-81.27530539999998, 48.01898499906221], [-81.2757077, 48.01898409906218], [-81.2760968, 48.01902809906217], [-81.27645949999999, 48.019135199062205], [-81.27741429999998, 48.01963679906217], [-81.27776359999996, 48.0197438990622], [-81.27816629999995, 48.019805899062156], [-81.2785821, 48.01982289906218], [-81.27945369999998, 48.019802799062205], [-81.2830065, 48.019623099062215]]}, "properties": {"OBJECTID": 49736770}}, {"type": "Feature", "id": 49740546, "geometry": {"type": "LineString", "coordinates": [[-83.38463529999996, 47.79706899906144], [-83.38484489999996, 47.79715249906145], [-83.38522889999996, 47.79735159906142]]}, "properties": {"OBJECTID": 49740546}}, {"type": "Feature", "id": 49740738, "geometry": {"type": "LineString", "coordinates": [[-83.34450169999997, 47.833985899061545], [-83.34482409999998, 47.834197099061576]]}, "properties": {"OBJECTID": 49740738}}, {"type": "Feature", "id": 49740754, "geometry": {"type": "LineString", "coordinates": [[-83.3431076, 47.834400299061556], [-83.34290569999996, 47.834556899061525]]}, "properties": {"OBJECTID": 49740754}}, {"type": "Feature", "id": 49740770, "geometry": {"type": "LineString", "coordinates": [[-83.3418236, 47.83636699906154], [-83.34186409999995, 47.83665479906158]]}, "properties": {"OBJECTID": 49740770}}, {"type": "Feature", "id": 49740786, "geometry": {"type": "LineString", "coordinates": [[-83.33083549999998, 47.834653699061576], [-83.33079649999996, 47.83467899906152], [-83.33012869999999, 47.83529379906159]]}, "properties": {"OBJECTID": 49740786}}, {"type": "Feature", "id": 49740802, "geometry": {"type": "LineString", "coordinates": [[-83.32665909999997, 47.834818199061566], [-83.3269277, 47.834829499061556], [-83.32718459999995, 47.83489629906158], [-83.32725589999995, 47.834931299061594]]}, "properties": {"OBJECTID": 49740802}}, {"type": "Feature", "id": 49743586, "geometry": {"type": "LineString", "coordinates": [[-81.36621479999997, 48.48250949906396], [-81.36684979999995, 48.48288599906393], [-81.36708119999997, 48.48301379906396]]}, "properties": {"OBJECTID": 49743586}}, {"type": "Feature", "id": 49744034, "geometry": {"type": "LineString", "coordinates": [[-81.34315199999998, 48.492856599064], [-81.34341839999996, 48.492893799064], [-81.34357519999998, 48.49293529906397], [-81.34374109999999, 48.493018299063976], [-81.34412679999997, 48.493252399063984]]}, "properties": {"OBJECTID": 49744034}}, {"type": "Feature", "id": 49744210, "geometry": {"type": "LineString", "coordinates": [[-82.53841619999997, 48.17669729906274], [-82.53938519999997, 48.177161199062745], [-82.53944079999997, 48.17722339906273], [-82.53999969999995, 48.177467899062734], [-82.54019199999999, 48.17760029906273], [-82.54045129999997, 48.178172599062776], [-82.54056109999999, 48.17869299906274], [-82.54068719999998, 48.178862199062756]]}, "properties": {"OBJECTID": 49744210}}, {"type": "Feature", "id": 49744354, "geometry": {"type": "LineString", "coordinates": [[-81.33506669999997, 48.43419279906374], [-81.33506519999997, 48.43682709906375], [-81.3350868, 48.44026089906374], [-81.33508319999999, 48.44114899906374], [-81.33506519999997, 48.44197959906377], [-81.33499039999998, 48.44315349906381], [-81.33491419999996, 48.444392199063785], [-81.33491419999996, 48.44450369906381], [-81.33490339999997, 48.444622299063816], [-81.33487459999998, 48.4447445990638], [-81.33483509999996, 48.4449063990638], [-81.33474669999998, 48.44516049906381], [-81.3346373, 48.445391799063806], [-81.33387539999995, 48.446952599063806], [-81.33381749999995, 48.4470888990638], [-81.33378519999997, 48.44722189906382], [-81.3337636, 48.44733339906384], [-81.33374199999997, 48.4475023990638], [-81.3337204, 48.44788349906381], [-81.33370969999999, 48.44801289906382], [-81.33369169999997, 48.44813879906382], [-81.33365569999995, 48.44828619906382], [-81.33351189999996, 48.44868169906379], [-81.33342919999996, 48.44893699906379], [-81.33337889999996, 48.44917789906378], [-81.33336449999996, 48.44936849906382], [-81.33336509999998, 48.449680099063805], [-81.33339259999997, 48.449877699063784]]}, "properties": {"OBJECTID": 49744354}}, {"type": "Feature", "id": 49744738, "geometry": {"type": "LineString", "coordinates": [[-81.30766769999997, 48.503603299064004], [-81.30790759999996, 48.50364829906402], [-81.3080425, 48.503681199064026], [-81.30815939999997, 48.50371119906399], [-81.30829129999995, 48.503759199064056], [-81.30872699999998, 48.503994699064016]]}, "properties": {"OBJECTID": 49744738}}, {"type": "Feature", "id": 49745250, "geometry": {"type": "LineString", "coordinates": [[-84.55148989999998, 48.34848319906341], [-84.55189179999996, 48.348545799063395], [-84.55434169999995, 48.348687899063414]]}, "properties": {"OBJECTID": 49745250}}, {"type": "Feature", "id": 49747106, "geometry": {"type": "LineString", "coordinates": [[-81.33747, 48.47249279906387], [-81.3392695, 48.47249649906391]]}, "properties": {"OBJECTID": 49747106}}, {"type": "Feature", "id": 49747458, "geometry": {"type": "LineString", "coordinates": [[-81.34320309999998, 48.48503699906396], [-81.3432229, 48.48601399906394]]}, "properties": {"OBJECTID": 49747458}}, {"type": "Feature", "id": 49747874, "geometry": {"type": "LineString", "coordinates": [[-81.31307479999998, 48.465697499063864], [-81.31377899999995, 48.46582149906384], [-81.31461889999997, 48.46601709906388], [-81.31539099999998, 48.46616789906386]]}, "properties": {"OBJECTID": 49747874}}, {"type": "Feature", "id": 49749906, "geometry": {"type": "LineString", "coordinates": [[-81.32308069999999, 48.47347869906392], [-81.32281319999998, 48.473965299063906], [-81.32257119999997, 48.47420889906389], [-81.32242449999995, 48.47454219906391], [-81.32246239999995, 48.47669949906389]]}, "properties": {"OBJECTID": 49749906}}, {"type": "Feature", "id": 49752370, "geometry": {"type": "LineString", "coordinates": [[-81.32705549999997, 48.48123729906394], [-81.3270291, 48.48332989906391]]}, "properties": {"OBJECTID": 49752370}}, {"type": "Feature", "id": 49752466, "geometry": {"type": "LineString", "coordinates": [[-81.33327929999996, 48.46408489906389], [-81.33328029999996, 48.46527509906389]]}, "properties": {"OBJECTID": 49752466}}, {"type": "Feature", "id": 49756178, "geometry": {"type": "LineString", "coordinates": [[-81.72502369999995, 47.67517599906104], [-81.7259406, 47.675970999061015]]}, "properties": {"OBJECTID": 49756178}}, {"type": "Feature", "id": 49756418, "geometry": {"type": "LineString", "coordinates": [[-81.32714189999996, 48.46524309906386], [-81.32840119999997, 48.46525069906386]]}, "properties": {"OBJECTID": 49756418}}, {"type": "Feature", "id": 49759474, "geometry": {"type": "LineString", "coordinates": [[-81.66784209999997, 47.747000799061276], [-81.66772519999995, 47.74724449906127], [-81.6676233, 47.74762299906128], [-81.6674554, 47.74805579906128], [-81.66722059999995, 47.74847109906127], [-81.66706259999995, 47.74863399906129], [-81.66572809999997, 47.74964939906126], [-81.66527969999999, 47.75005689906128], [-81.66459749999996, 47.75096959906128], [-81.66436439999995, 47.751519899061265], [-81.66430159999999, 47.75182609906129], [-81.66421909999997, 47.752681399061295], [-81.66411539999996, 47.752924899061306], [-81.66344669999995, 47.753846599061305], [-81.66306479999997, 47.75424469906129], [-81.66257619999999, 47.754643399061294], [-81.66232479999996, 47.75480679906131], [-81.66200649999996, 47.754961599061275], [-81.65943149999998, 47.7560290990613], [-81.65622399999995, 47.75773909906133], [-81.65492989999996, 47.7588171990613], [-81.65475959999998, 47.75907009906132], [-81.65464379999997, 47.75941259906133], [-81.65460659999997, 47.76069949906134], [-81.6543886, 47.76140259906129], [-81.65415969999998, 47.76230359906129], [-81.65421989999999, 47.7628521990613], [-81.65422419999999, 47.76319399906129], [-81.65440289999998, 47.76360689906133], [-81.65471649999995, 47.76414499906134], [-81.6549746, 47.76450339906134], [-81.65504319999997, 47.7646559990613], [-81.65500309999999, 47.76570889906136], [-81.65491959999997, 47.76650119906135], [-81.65481489999996, 47.76666369906134], [-81.65418009999996, 47.76712619906132], [-81.65379779999995, 47.76750629906135], [-81.65342779999997, 47.76779639906133], [-81.65259329999998, 47.768304999061314], [-81.6521568, 47.76861339906137], [-81.65166639999995, 47.76888609906136], [-81.65044979999999, 47.76979269906135], [-81.64938179999996, 47.770842499061345], [-81.64929039999998, 47.771004999061326], [-81.6492394, 47.77119419906135], [-81.6494381, 47.77214679906135], [-81.64952159999996, 47.772416299061355], [-81.6497, 47.77281119906137], [-81.65006839999995, 47.77345689906137], [-81.65041919999999, 47.774831599061365], [-81.65058519999997, 47.77529849906137], [-81.6505502, 47.77570359906137], [-81.65040929999998, 47.776172299061386], [-81.65042689999996, 47.77651409906139], [-81.6505239, 47.77680149906137], [-81.65064639999997, 47.77698969906134], [-81.65083569999996, 47.77718659906138], [-81.65177969999996, 47.77795499906138], [-81.6529238, 47.778713299061394], [-81.6533824, 47.779088599061375], [-81.65351829999997, 47.77928579906137], [-81.65375839999996, 47.78033709906136], [-81.65376069999996, 47.78051709906134], [-81.65386989999996, 47.78070539906141], [-81.65391239999997, 47.780903099061405], [-81.65414429999998, 47.781297699061405], [-81.6544017, 47.7816020990614], [-81.65448369999996, 47.781754599061344], [-81.65513339999995, 47.78246169906136], [-81.6556592, 47.78287259906139], [-81.6558068, 47.78293469906137], [-81.65624839999998, 47.78301319906139], [-81.65679699999998, 47.783117999061375], [-81.65701079999997, 47.7831347990614], [-81.6574377, 47.78310539906138], [-81.6589012, 47.78271009906139], [-81.6593145, 47.782671699061396], [-81.6597688, 47.7827050990614], [-81.66000989999998, 47.78276669906138], [-81.66058649999997, 47.782970299061404], [-81.66098839999995, 47.78307599906137], [-81.66140209999998, 47.78306459906142], [-81.66177619999996, 47.78308939906137], [-81.6626971, 47.78307509906138], [-81.6631792, 47.78318929906138], [-81.66394539999999, 47.78360779906139], [-81.6641866, 47.7836782990614], [-81.66474849999997, 47.78376509906141], [-81.6665266, 47.78397069906136], [-81.66686119999997, 47.78403169906138], [-81.66707639999998, 47.78415649906135], [-81.66736029999998, 47.784433699061395], [-81.6675353, 47.784549699061394], [-81.66797779999996, 47.784700099061375], [-81.66831359999998, 47.78486009906138]]}, "properties": {"OBJECTID": 49759474}}, {"type": "Feature", "id": 49761794, "geometry": {"type": "LineString", "coordinates": [[-81.65361739999997, 47.71154199906115], [-81.65368479999995, 47.71159559906115], [-81.65369869999995, 47.71164049906118], [-81.65348229999995, 47.71246049906115], [-81.65304649999996, 47.71492829906115], [-81.65305609999996, 47.715693099061156], [-81.65333699999996, 47.71790489906117], [-81.65349429999998, 47.71874979906118], [-81.6539242, 47.72007899906116], [-81.65513519999996, 47.723077299061174], [-81.65543539999999, 47.72362449906121], [-81.6556119, 47.723875399061164], [-81.656071, 47.72433169906123], [-81.65770169999996, 47.7256989990612], [-81.66031519999996, 47.72797549906121]]}, "properties": {"OBJECTID": 49761794}}]}