{"type": "FeatureCollection", "features": [{"type": "Feature", "id": 897, "geometry": {"type": "LineString", "coordinates": [[-81.80301688211229, 47.66148141935746], [-81.80209198186819, 47.66196471948248], [-81.80106148159722, 47.66251181962307], [-81.80016328136291, 47.66300401974796], [-81.79951598119301, 47.66335041983671], [-81.79896158105133, 47.66367821991748], [-81.7980100807996, 47.664170720045334], [-81.7930149794818, 47.66678772072153], [-81.78991167915609, 47.67246092175789], [-81.78977437914178, 47.67271272180384], [-81.78685257886033, 47.678260922810914], [-81.78673067884858, 47.67849232285293], [-81.77945617733472, 47.685632224344104], [-81.77915757724013, 47.68565902436478], [-81.77835167698463, 47.6857297244203], [-81.76339387224223, 47.68704492545159], [-81.75611327026051, 47.69036832636186], [-81.7536965697662, 47.6928137268683], [-81.74696086750849, 47.692407827180546]]}, "properties": {"OBJECTID": 897}}, {"type": "Feature", "id": 898, "geometry": {"type": "LineString", "coordinates": [[-84.14468713014737, 48.31682698084729], [-84.14438713005542, 48.31686608087121], [-84.14156432922155, 48.317465181129954], [-84.1397713286889, 48.31782358129109], [-84.13800122815434, 48.3181136814409], [-84.13446092705531, 48.3184757817087], [-84.13193582627534, 48.31876288190383], [-84.12909742540022, 48.31909778212499], [-84.12642712456628, 48.31933468232165], [-84.12458072400054, 48.31957838246927], [-84.12201712320794, 48.31986518266672], [-84.1201633226367, 48.32008648281147], [-84.11937722239253, 48.32016628287088], [-84.11906452229515, 48.32019618289417], [-84.11844632210197, 48.32025008293955], [-84.1170809216631, 48.320280383026834], [-84.1153564211015, 48.32026528312933], [-84.11418162071885, 48.32025438319905], [-84.1135100204973, 48.32022758323589], [-84.11275472020634, 48.31989148323278], [-84.11090061943406, 48.318640283162885], [-84.10987101910737, 48.31869408323319], [-84.10412571732527, 48.31929598366954], [-84.10248541679611, 48.31931888377243], [-84.1021190166783, 48.31932648379578], [-84.1000972160217, 48.31932258391785], [-84.0988381156184, 48.31936108399985], [-84.09820501541712, 48.31939168404272], [-84.09770131526147, 48.319449084081654], [-84.0970301150598, 48.319567284139566], [-84.09645791488822, 48.31967048418934], [-84.09580181469502, 48.31981518425027], [-84.09487091439865, 48.319857184312795], [-84.09339841392026, 48.31985298440153], [-84.09276501371532, 48.319857584440605], [-84.09079681307344, 48.31983408455657], [-84.08886651244748, 48.31983768467416], [-84.08438781099616, 48.31985338494801], [-84.0843345109783, 48.31984918495065], [-84.08267861042425, 48.31972708503325], [-84.07784140880443, 48.31936078527312], [-84.0773074086182, 48.31926598529167], [-84.07694130848476, 48.319158785298235], [-84.07279070693806, 48.31769408533625], [-84.07231780677053, 48.3175907853498], [-84.07204310667315, 48.317530685357724], [-84.07083750624965, 48.317294085396284], [-84.0690673056236, 48.31691618544846], [-84.06770950514496, 48.31663758549013], [-84.06518390425356, 48.31611108556634], [-84.06510750422672, 48.31609618556881], [-84.06204820313808, 48.315393785651764]]}, "properties": {"OBJECTID": 898}}, {"type": "Feature", "id": 899, "geometry": {"type": "LineString", "coordinates": [[-83.4892869312988, 47.663335523333025], [-83.49092043163421, 47.66183332301192], [-83.49440483235146, 47.658644022329206], [-83.4953664324182, 47.65674242198757], [-83.49659613250503, 47.65432202155237], [-83.49674253251617, 47.654039921501465], [-83.49738763256117, 47.65276602127252], [-83.49763143257927, 47.65229282118725], [-83.49925273298696, 47.65138462095591], [-83.50044623328753, 47.65071972078623], [-83.50390883415713, 47.64877242029099], [-83.50461213433216, 47.648364520188586], [-83.50463443433773, 47.64835162018533]]}, "properties": {"OBJECTID": 899}}, {"type": "Feature", "id": 900, "geometry": {"type": "LineString", "coordinates": [[-83.50465023434298, 47.64835242018453], [-83.50467103434843, 47.64834292018186], [-83.50472183436169, 47.64831822017519], [-83.50479093438068, 47.64829192016719], [-83.50482083438912, 47.64828232016401], [-83.50486633440197, 47.64826782015915], [-83.50494433442204, 47.64822782014855], [-83.50502313444353, 47.64819692013935], [-83.50510133446427, 47.6481614201294], [-83.50535443453732, 47.64809292010427], [-83.50553743457056, 47.64789092006324], [-83.50555693457451, 47.64787252005936], [-83.5055955345834, 47.647844720052916], [-83.50581083444446, 47.64622021979655], [-83.5060933342219, 47.64377541941309], [-83.50614253418803, 47.64338741935199], [-83.5065613338787, 47.63992281880751], [-83.50661893383293, 47.63942101872881], [-83.5067118337595, 47.63861471860235], [-83.50676833371521, 47.638127518525884], [-83.50763833390168, 47.637388618364], [-83.50781153393886, 47.63724201833185], [-83.50831653404744, 47.63681591823826], [-83.51014733444363, 47.63529101790204], [-83.51357653518117, 47.63239931726691], [-83.51463893541074, 47.631512217071474], [-83.51718593596141, 47.629386616603064], [-83.51887163632648, 47.627985216293865], [-83.52047353667332, 47.62665301599992], [-83.52199853700351, 47.625384415720035], [-83.52243873709939, 47.62502271563996], [-83.52283083718476, 47.62470021556856], [-83.52343243731515, 47.62420111545832], [-83.52568283790335, 47.62311671516361], [-83.52707563826992, 47.62246511498407], [-83.5285095386531, 47.62183951480609], [-83.52959053893939, 47.621347814668866], [-83.53188363954932, 47.620325314380835], [-83.53407164012899, 47.61933211410343], [-83.53431184013782, 47.61879591400882], [-83.53460004014816, 47.61815061389499], [-83.53484034015702, 47.617614413800396], [-83.53538794016275, 47.61627941356783], [-83.53569664016351, 47.61550771343388], [-83.53668654017935, 47.613137213019805], [-83.53735484019145, 47.6115476127419], [-83.53823754020644, 47.609440412373644], [-83.53872374020641, 47.60821481216105], [-83.53907004021349, 47.60739731201797], [-83.53919074021985, 47.60714261197263], [-83.53982254022954, 47.60562591170778], [-83.54012004023251, 47.604899411581215], [-83.54033444023544, 47.60438171149086], [-83.54103714024474, 47.60268341119455], [-83.54153784025286, 47.6014845109851], [-83.54212064025836, 47.60005871073668], [-83.54272744026471, 47.598578510478724], [-83.54279934026701, 47.598414910449975], [-83.54369314028102, 47.596271410075474], [-83.54457454029348, 47.5941462097045], [-83.54532624030816, 47.592365709392894], [-83.54590794031111, 47.5909220091418], [-83.54661034032047, 47.58922370884542], [-83.5474448403352, 47.58723440849753], [-83.54858814035201, 47.5844824080169], [-83.54937324036138, 47.5825752076842], [-83.55002754036921, 47.58098590740692], [-83.55081444038375, 47.57911460707953], [-83.55238754041156, 47.57536310642332], [-83.55275564041419, 47.5744550062652], [-83.55337474042346, 47.57296540600494], [-83.55360044042544, 47.572411505908406], [-83.55412234042777, 47.57111300568263], [-83.55577704045301, 47.56713470498738], [-83.55632634046647, 47.565853604762545], [-83.55644564046895, 47.56557200471316], [-83.55657464046534, 47.56521810465238], [-83.55676394046489, 47.56473700456893], [-83.55700284047114, 47.5641827044716], [-83.55753664047391, 47.562857004240946], [-83.55819354049078, 47.56133050397282], [-83.55865974050407, 47.56025820378425], [-83.5590644405105, 47.55928630361432], [-83.55967564053228, 47.557913903372075], [-83.5601444405534, 47.556895503191384], [-83.56057384056305, 47.555887103014534], [-83.56180174058889, 47.55298900250661], [-83.56206324059204, 47.55235320239564], [-83.56339204060185, 47.54907500182454], [-83.56391484060805, 47.547803401602586], [-83.56481864062117, 47.545623501221556], [-83.56582864063378, 47.54317120079338], [-83.56801974067587, 47.53796579988156], [-83.56885054068411, 47.53593139952667], [-83.56885504068411, 47.53592009952471], [-83.5691818406843, 47.53509609938152], [-83.57512564212799, 47.53138109847406], [-83.58025674337483, 47.52817909769137], [-83.58344324414257, 47.526139997197696], [-83.5834642441477, 47.52612709719449], [-83.58522934457424, 47.525007496922534], [-83.58548634463462, 47.52483069688082], [-83.58550004463794, 47.524822496878826], [-83.58590664473594, 47.524562496815825], [-83.58592434474018, 47.524550796813], [-83.58816484527851, 47.52310549646413], [-83.58834484532113, 47.52298439643533], [-83.59072724589441, 47.521454796065434], [-83.59200634617923, 47.52045399583975], [-83.59437564671497, 47.51866359543137], [-83.59720464735169, 47.51650279494018], [-83.59746024740814, 47.5162989948945], [-83.60005824799163, 47.51430539444203], [-83.6026183485687, 47.51235749399864]]}, "properties": {"OBJECTID": 900}}, {"type": "Feature", "id": 901, "geometry": {"type": "LineString", "coordinates": [[-81.85040278414138, 47.5505001997943], [-81.85068548426084, 47.55072299981261], [-81.85088758434743, 47.55089249982732], [-81.85615158657018, 47.55502850016692], [-81.85834608749532, 47.55673970030644], [-81.8613487887626, 47.55909270049902], [-81.86208928907394, 47.559663000545], [-81.8682306916695, 47.56450270094291], [-81.87138309300441, 47.56700720115013]]}, "properties": {"OBJECTID": 901}}, {"type": "Feature", "id": 902, "geometry": {"type": "LineString", "coordinates": [[-81.85040278414138, 47.5505001997943], [-81.85087398414136, 47.54922799957372], [-81.85133328414834, 47.548045799367536], [-81.85176648415013, 47.54689079916701], [-81.85384718419222, 47.54162049824598]]}, "properties": {"OBJECTID": 902}}, {"type": "Feature", "id": 904, "geometry": {"type": "MultiLineString", "coordinates": [[[-82.72864017440213, 47.5823393551581], [-82.72818557425302, 47.582328155182346], [-82.72771977410021, 47.582317155207335], [-82.7259443735231, 47.58231685530875], [-82.72530677331704, 47.58232635534659], [-82.7242625729752, 47.582307155403356], [-82.7235101727189, 47.58221275543209], [-82.72266077242428, 47.582064655458204], [-82.72264997242065, 47.58206365545866], [-82.72180847213298, 47.581950255489545], [-82.72174437211196, 47.58194895549301], [-82.71945507139218, 47.58214405565341], [-82.71874317116547, 47.58218165569975], [-82.7180773709458, 47.58215565573385], [-82.7173915707209, 47.58214005577064], [-82.7166341704472, 47.581919655780524], [-82.71661907044177, 47.58191535578075], [-82.71658527043016, 47.5819102557819], [-82.7165507704187, 47.58190855578363], [-82.71653947041507, 47.581908655784304], [-82.71560027011598, 47.58195865584553], [-82.7149127698873, 47.58191715587849], [-82.71419236963793, 47.58179525590117], [-82.7141531696247, 47.58179125590282], [-82.71314266929247, 47.581761355956004], [-82.71214526896334, 47.58172225600707], [-82.71212946895827, 47.581722456007974], [-82.71131076869361, 47.58173465605662], [-82.71033136837256, 47.58171325610934], [-82.7091517679868, 47.58169475617392], [-82.70769236750174, 47.58160955624435], [-82.70768196749822, 47.581608556244795], [-82.70700646727664, 47.58159275628095], [-82.70627076701616, 47.58142145629703], [-82.70625986701235, 47.581419356297324], [-82.7054883667433, 47.58127335631929], [-82.70497866655614, 47.5811009563223], [-82.70431446630283, 47.58080145631481], [-82.70429046629383, 47.580791756314746], [-82.70357806603324, 47.580559356320215], [-82.70354876602279, 47.58055185632075], [-82.7030132658351, 47.58044285633481], [-82.7029490658135, 47.580437056337615], [-82.70196576549674, 47.58046055639731], [-82.70126036526989, 47.58048005644054], [-82.70123626526222, 47.58048155644214], [-82.70048096502707, 47.58056465649785], [-82.70044876501734, 47.58057075650063], [-82.69961716477093, 47.580763056577226], [-82.69958956476289, 47.58077015657988], [-82.69865596450033, 47.58109885668299], [-82.69757666420041, 47.581507356806505], [-82.69688106399377, 47.58166385686993], [-82.69595026370605, 47.58178325694118], [-82.69520286346881, 47.581829156990786], [-82.6944042632162, 47.581885957044946], [-82.6943869632109, 47.581888457046375], [-82.6936188629738, 47.58198975710557], [-82.6935940629662, 47.581993457107515], [-82.69287906275389, 47.58215465717279], [-82.69175166240719, 47.582314157261315], [-82.69173806240309, 47.58231655726242], [-82.69058366205537, 47.58253825736191], [-82.68970536178375, 47.58265015742903], [-82.68968886177875, 47.58265255743032], [-82.68875976149828, 47.58282595750961], [-82.6882396613367, 47.5828864575485], [-82.68818896132159, 47.582897357553044], [-82.68750436112606, 47.58311435762496], [-82.68748706112113, 47.583120157626816], [-82.68697506098026, 47.58332565768724], [-82.68692936096858, 47.583351057693655], [-82.68646176086006, 47.583699857773176], [-82.68604626076385, 47.58401185784418], [-82.68562046065202, 47.58422505790081], [-82.6851596605285, 47.58443645795913], [-82.68475796040998, 47.58453345799675], [-82.6842387602518, 47.5846186580393], [-82.683616760055, 47.58466265808147], [-82.68303765987116, 47.58469815811991], [-82.68223445961368, 47.584727858170226], [-82.68166485942292, 47.584683358196], [-82.68076525912129, 47.58460985823622], [-82.68026285893737, 47.584445158239895], [-82.67966525870433, 47.58413445822693], [-82.67943095860909, 47.58398155821714], [-82.67899795843117, 47.583684158196824], [-82.67899155842858, 47.583679758196496], [-82.67840785819274, 47.583310358173826], [-82.67837705818076, 47.58329505817329], [-82.67771645793127, 47.58301675816876], [-82.6776812579184, 47.58300495816901], [-82.67701085767919, 47.582834758181455], [-82.676952357659, 47.58282545818339], [-82.676446357492, 47.582805858209326], [-82.67638875747379, 47.58281005821323], [-82.6759115573282, 47.5828867582521], [-82.67529295713253, 47.58293065829403], [-82.67488445700157, 47.5829455583196], [-82.67445745686041, 47.58292705834114], [-82.67405465671752, 47.5828316583497], [-82.67365845657692, 47.582737358358], [-82.67326205642084, 47.58251925834753], [-82.67308645634166, 47.58234185833069], [-82.67305405632794, 47.58231645832872], [-82.67260655614847, 47.582044058312945], [-82.67255175612767, 47.58202005831243], [-82.6717865558511, 47.58179725832232], [-82.67177905584836, 47.581795158322464], [-82.67062585543623, 47.58149695834303], [-82.6706137554319, 47.581493758343235], [-82.6694489550227, 47.581249758372714], [-82.66942015501283, 47.581245658373724], [-82.66938565500143, 47.58124395837543], [-82.66937565499816, 47.58124405837604], [-82.66836485467562, 47.581293558441196], [-82.667607454409, 47.58113025845965], [-82.66629935394832, 47.58084665849123], [-82.66624225392889, 47.58083955849347], [-82.66557705371152, 47.580831258530104], [-82.66556085370627, 47.5808314585311], [-82.66493665350664, 47.580858558570775], [-82.66491635350022, 47.58085995857217], [-82.65867015155759, 47.5815711590362], [-82.65778895127691, 47.58161875909362], [-82.65772775125836, 47.58162975909881], [-82.65650205090347, 47.58198035922183], [-82.65645355089002, 47.58199905922743], [-82.65621825082958, 47.58212845926046], [-82.65618935082267, 47.58214795926505], [-82.655748750725, 47.58251425934569], [-82.65574315072388, 47.58251995934691], [-82.65532545063556, 47.58290165942858], [-82.65495775053596, 47.58306215947386], [-82.65458035042944, 47.5831924595151], [-82.6538624502103, 47.58330735957346], [-82.65385295020741, 47.583308659574215], [-82.65276914988152, 47.583522259668364], [-82.65274104987326, 47.58352935967107], [-82.652254649734, 47.58368145972184], [-82.65168754957172, 47.58385945978115], [-82.65117384942461, 47.58401975983474], [-82.65115704941987, 47.58402565983661]], [[-81.84714777364057, 47.47241138802668], [-81.84843857406335, 47.47241988795649], [-81.8493007743421, 47.472395487904926], [-81.85127247498673, 47.47239888779621], [-81.85217017528248, 47.47241918774957], [-81.85287177551666, 47.472460087716925], [-81.85383777584539, 47.47256878768004], [-81.85467377611859, 47.47256928763376], [-81.85510207627618, 47.47271568763248], [-81.85749777709128, 47.47298458754083], [-81.85809247729497, 47.4730622875198], [-81.85853007744758, 47.47314218750777], [-81.859232977698, 47.4733146874952], [-81.86098527833855, 47.473878587484464], [-81.88715018788884, 47.482182487304655], [-81.89006028894262, 47.48303608727384], [-81.89037618908002, 47.483319387299645], [-81.89082028920957, 47.483191087255314], [-81.89581209083693, 47.48316338697399], [-81.89868789176722, 47.4830880868028], [-81.90009439220606, 47.48291728669851], [-81.90200379279194, 47.48260428654463], [-81.90387469337189, 47.482346586401256], [-81.90745629449066, 47.4819234861376], [-81.92196859875078, 47.47795428472382], [-81.92258429892689, 47.477747984658016], [-81.92335939913632, 47.477386384559566], [-81.92481799950657, 47.47650848434415], [-81.92589819977437, 47.475805784176586], [-81.92628109988026, 47.475647484131066], [-81.92680630003254, 47.47548808407745], [-81.92725050017225, 47.47544398404605], [-81.9333452022219, 47.47593558378259], [-81.93450970260442, 47.47595418372075], [-81.9381301038629, 47.47658488361603], [-81.94012850455024, 47.47687218354888], [-81.942960505509, 47.477153783434545], [-81.94491090615806, 47.47725468334155], [-81.94590400649471, 47.47735678330195], [-81.94632850664325, 47.477438783290914], [-81.9475067070688, 47.477776583277105], [-81.94835450738493, 47.478101383279686], [-81.94960630786672, 47.47870518330248], [-81.95084490833607, 47.47924158331568], [-81.9586480112869, 47.48257118339112], [-81.96287881288684, 47.48437588343189], [-81.96356621314503, 47.4846546834363], [-81.96421401337491, 47.484806683423514], [-81.97003161527797, 47.48483638310428], [-81.9706670154765, 47.484762383057586], [-81.97127641565672, 47.484607683000014], [-81.9720892159042, 47.484460182932175], [-81.97239541600156, 47.484438482911834], [-81.97738501762653, 47.48440508262899], [-81.98027011854474, 47.484209482438445], [-81.98123181885444, 47.484174282379506], [-81.98221061917297, 47.484165882323765], [-81.9831112194726, 47.48421218228065], [-81.98579712034666, 47.4841890821276], [-81.98684072069186, 47.484226282075205], [-81.98815612114316, 47.48440728202962], [-81.99165622238365, 47.48521498195823], [-81.9925656226973, 47.48535338192873], [-81.99305992285517, 47.485324381896774], [-81.99393272312435, 47.48519418182824], [-81.9952935235322, 47.48489448170658], [-81.99642272387955, 47.48471928161689], [-81.99937512482589, 47.48457548143043], [-82.00024572511475, 47.48461408138788], [-82.00061802524296, 47.48466928137554], [-82.0019017257033, 47.48501018135618], [-82.00282692602455, 47.485168581328836], [-82.00331102618831, 47.48521608130912], [-82.01576383026479, 47.48531358063011], [-82.01704633068759, 47.4853482805639], [-82.01777373093675, 47.48544538053819], [-82.018389831159, 47.485619880530535], [-82.0189331313618, 47.485829880532336], [-82.02017193184244, 47.48645888055949], [-82.02055923199887, 47.48670628057574], [-82.0210516322012, 47.487049380600766], [-82.02733223484061, 47.49190638099307], [-82.02883493546328, 47.49299528107575], [-82.03038963609534, 47.49402168114593], [-82.03110303637015, 47.49436738115901], [-82.03208493671565, 47.49457338113573], [-82.03414763740302, 47.49468978103841], [-82.03526493779067, 47.494878781005006], [-82.0358128379761, 47.49493348098276], [-82.03662803823926, 47.494909280933605], [-82.03769793857512, 47.494799480857104], [-82.03812313871575, 47.49481478083576], [-82.03935963913804, 47.494968980790325], [-82.0409114396754, 47.49522368074265], [-82.04215074009791, 47.49537218069623], [-82.04422354079165, 47.49551418060223], [-82.04505504106321, 47.49551568055605], [-82.04869234218073, 47.49494368026567], [-82.04985714254963, 47.494850980186506], [-82.05155284310545, 47.49487148009501], [-82.05485864420575, 47.495048079937426], [-82.05583464451782, 47.4949952798749], [-82.05732194496952, 47.49471837974952], [-82.05848744530495, 47.494348879628035], [-82.05979914569416, 47.49402967950599], [-82.06024474581204, 47.4938028794465], [-82.06037754584088, 47.49368347942082], [-82.06056014581286, 47.492963079300495], [-82.06087764583407, 47.49228527917923], [-82.06109874579064, 47.49133397902147], [-82.06137694582762, 47.49089157893832], [-82.06171414591977, 47.49074447889702], [-82.06184084594732, 47.49063087887261], [-82.06188474591829, 47.4902738788156], [-82.06212944595768, 47.48994097875106], [-82.06246564603063, 47.489638678686056], [-82.0628832461362, 47.48938617862415], [-82.06376724637428, 47.488971978511536], [-82.06517364674085, 47.48821207831681], [-82.06693544722047, 47.48742867809873], [-82.0677270474519, 47.48720757802076], [-82.06848224767928, 47.48705097795463], [-82.07022384821587, 47.48679067781762], [-82.07064814835132, 47.486766477790255], [-82.07104854848738, 47.48681107777467], [-82.071833148757, 47.48692297774801], [-82.07279774909698, 47.4871310777259], [-82.07494754983615, 47.487441677653344], [-82.07562215007361, 47.48758487763751], [-82.07624385029558, 47.48774217762684], [-82.07878745122018, 47.48852137760385], [-82.08080065194304, 47.48906487757444], [-82.0819574523511, 47.4893171775484], [-82.08319335279397, 47.48964297752911], [-82.08638845390404, 47.49019987743574], [-82.08670405401857, 47.49029477743259], [-82.08750995429969, 47.49044457741047], [-82.08832125460283, 47.49076087741343], [-82.08948035504422, 47.491280777428116], [-82.09087665560843, 47.49217407748657], [-82.09406445687897, 47.49406937759796], [-82.0954441575001, 47.495474577735536], [-82.0957727576607, 47.49591347778421], [-82.0967402580999, 47.49692887788522], [-82.09758385847272, 47.497730677960554], [-82.09814245869659, 47.498072877981585], [-82.09884095896665, 47.49841937799548], [-82.09924205911611, 47.498571877996305], [-82.10018035945683, 47.49885647798736], [-82.10213406018258, 47.499582377988965], [-82.10239516028975, 47.49976317800199], [-82.10291466048862, 47.5000045780098], [-82.10506996127157, 47.50065977798932], [-82.10591096159807, 47.50108807800772], [-82.10754756221394, 47.50176067801895], [-82.10985866307463, 47.502637078023504], [-82.1107347633995, 47.502958178023526], [-82.11202376386815, 47.50335287801172], [-82.11382006454463, 47.5040958780247], [-82.11461966482631, 47.504266878006035], [-82.11627666537892, 47.504365577928425], [-82.11718206566678, 47.50430387786835], [-82.1175095657691, 47.50426697784439], [-82.11794966589689, 47.50413777780005], [-82.11865436609186, 47.50385087771683], [-82.11904116619442, 47.50365697766557], [-82.12043996647446, 47.502210377366424], [-82.12074606654241, 47.50194867730932], [-82.12318136717232, 47.50059877696695], [-82.12418896741863, 47.499923076807406], [-82.12712006816126, 47.498171176375834], [-82.1290647686699, 47.49713977610953], [-82.12969776885163, 47.49693667604311], [-82.13014416898503, 47.496836676002836], [-82.13075116917324, 47.496756475956616], [-82.13154246942696, 47.49672057590682], [-82.1325369697534, 47.49673777585381], [-82.1333715700382, 47.49684087582283], [-82.13380367016376, 47.49671517577951], [-82.13484777050536, 47.49672397572241], [-82.13724327127831, 47.49665527557786], [-82.13832787163636, 47.49669067552255], [-82.13867527175509, 47.49673557550994], [-82.14256657312107, 47.497530375413454], [-82.144072273665, 47.49796417539538], [-82.14485607392079, 47.49796537535168], [-82.14623357435805, 47.49786727525957], [-82.14648377442988, 47.49778717523335], [-82.14773267476764, 47.49721677507636], [-82.14856207500036, 47.49690707498264], [-82.14957547529247, 47.49659207487779], [-82.15014527546701, 47.49649977483179], [-82.15053017559204, 47.496495874809625], [-82.15201177609099, 47.49662497474634], [-82.15341807654784, 47.496610874665464], [-82.15601217741036, 47.49674677454096], [-82.15688027769346, 47.49674707449239], [-82.16177817933314, 47.49709577427124], [-82.16381978003174, 47.49736527419801], [-82.165081580478, 47.4976505741709], [-82.16631738090194, 47.49782247412791], [-82.1666864810239, 47.49783557410922], [-82.16801688144945, 47.497768074024385], [-82.16925568185954, 47.49781847396261], [-82.17085358237857, 47.49780227387066], [-82.1724879829251, 47.49791387379608], [-82.17343328324782, 47.49803247376121], [-82.17501588380304, 47.49835367372153], [-82.17550588398073, 47.49850057371649], [-82.17975678545548, 47.49922757358925], [-82.18209238627348, 47.49969057352895], [-82.1851268873199, 47.50015767343017], [-82.18588858756947, 47.50016777338899], [-82.1862183876725, 47.500130673364815], [-82.18988138878765, 47.49948317306066], [-82.19123408919748, 47.499227372945725], [-82.19149608927265, 47.4991436729183], [-82.1919669894171, 47.4990690728805], [-82.19240758956265, 47.49908477285821], [-82.19366848999339, 47.49924597281208], [-82.19446079027088, 47.49940317279163], [-82.19566129070509, 47.4997539727778], [-82.19722179126298, 47.50015617275171], [-82.2019344929211, 47.501153072639454]], [[-82.7518288822143, 47.584545054166306], [-82.75269898254443, 47.58492425417396], [-82.75414068309652, 47.58559285419271], [-82.75494728339861, 47.585912354195], [-82.75529318353, 47.586064554198245], [-82.7559980838026, 47.58641255421059], [-82.75637358395484, 47.58665425422571], [-82.75679898412643, 47.58692105424179], [-82.75780608454511, 47.58765245429491], [-82.75798818462465, 47.587815054309054], [-82.75840458480332, 47.58816175433775], [-82.75896668503466, 47.58855135436456], [-82.76025298555442, 47.58936505441415], [-82.76052758567394, 47.589607154435114], [-82.7607057857546, 47.5897889544524], [-82.76087738584269, 47.5900472544817], [-82.76095938591301, 47.59039685452994], [-82.76096328591656, 47.590414854532455]], [[-82.2019344929211, 47.501153072639454], [-82.20198339292106, 47.50102207261672], [-82.20292319324709, 47.50118327258863], [-82.2038633935733, 47.501344372560496], [-82.20533359408383, 47.50160007251699], [-82.20687589462185, 47.50188867247448], [-82.20735729478781, 47.501962372458735], [-82.20766509489198, 47.50199397244629], [-82.20798429499884, 47.50201657243185], [-82.2084100951382, 47.50202107240863], [-82.2088517952765, 47.50197477237678], [-82.20949219546631, 47.50181957231717], [-82.21094219589318, 47.50144437217855], [-82.21253889636321, 47.50103167202597], [-82.2147310970079, 47.50045967181569], [-82.21672239759509, 47.49995267162657], [-82.21733139777342, 47.499787671567226], [-82.21764999786349, 47.499675171532196], [-82.2180378979654, 47.499474271479784], [-82.21835629804625, 47.499286371433236], [-82.21882229816052, 47.49897887136014], [-82.21899829819678, 47.498806071323926], [-82.2191210982167, 47.49864167129193], [-82.21913439821927, 47.49862687128895], [-82.21944959828379, 47.49831427122355], [-82.21993059838604, 47.497868271128546], [-82.21994479838915, 47.49785567112578], [-82.2204539985094, 47.49748137104009], [-82.2204612985112, 47.49747677103898], [-82.22097129863612, 47.49713847095872], [-82.2209798986382, 47.49713267095737], [-82.22122389870022, 47.496989570921826], [-82.22143219875097, 47.49684897088867], [-82.22168019881128, 47.496680970849155], [-82.22169039881373, 47.496674170847555], [-82.22171869882126, 47.49666037084382], [-82.22174999883018, 47.49664987084048], [-82.22178349884038, 47.49664387083772], [-82.22181789885128, 47.496641270835354], [-82.221853198863, 47.49664317083364], [-82.22252999909276, 47.496718070807106], [-82.22308909928309, 47.49678407078581], [-82.22310539928863, 47.49678617078522], [-82.22367819948776, 47.49688807076861], [-82.22421109967284, 47.49698137075295], [-82.2242443996848, 47.49699007075238], [-82.22455199979674, 47.497085770749734], [-82.22457919980678, 47.49709557074969], [-82.22500859997041, 47.49728897075511], [-82.22503669998147, 47.49730447075591], [-82.22539660012755, 47.497540170771636], [-82.22561020021243, 47.49766497077872], [-82.22588020031479, 47.49778247078148], [-82.22614420041495, 47.49789777078425], [-82.22649440053992, 47.49798627077812], [-82.22687640067478, 47.49807107076955], [-82.22718540078358, 47.49813747076237], [-82.22772610096872, 47.49821047074317], [-82.2284099011983, 47.49826507071311], [-82.22882140133628, 47.49829667069481], [-82.2288468013449, 47.49829977069388], [-82.22935330152033, 47.498384270678294], [-82.22936710152507, 47.49838637067786], [-82.22991420171809, 47.49850657066551], [-82.2299255017222, 47.49850977066535], [-82.23045160191073, 47.498649270657076], [-82.23123980219518, 47.49887477064724], [-82.23494240353129, 47.49993287060077], [-82.23527490365136, 47.50002837059666], [-82.23585040385791, 47.500184070588084], [-82.23847020480184, 47.50092077055335], [-82.24312340647845, 47.50222937049161], [-82.24423350687948, 47.50255027047817], [-82.24536880728981, 47.50287987046471], [-82.2472565079698, 47.503409470439436], [-82.24763760810784, 47.50352227043525], [-82.2484960084171, 47.50376377042381], [-82.2489919085957, 47.50390237041709], [-82.24990100892381, 47.504162470405696], [-82.24990690892596, 47.50416467040571], [-82.25060250917929, 47.50438207039978], [-82.25062510918761, 47.50438967039968], [-82.25089340928898, 47.50450377040198], [-82.25090600929387, 47.504510370402286], [-82.2511345093824, 47.50462487040689], [-82.25115420939017, 47.504635870407505], [-82.25157240956, 47.504910270425796], [-82.25157750956207, 47.50491357042603], [-82.25195520971769, 47.50517937044537], [-82.25238730989538, 47.505480570466986], [-82.25239190989731, 47.505483970467274], [-82.25295891013405, 47.50590857050014], [-82.25365741042421, 47.50641947053883], [-82.25391001052687, 47.5065853705499], [-82.25435921069798, 47.506787470555516], [-82.25474881084358, 47.506939570556774], [-82.25520831101115, 47.50708527055319], [-82.25547631110858, 47.50716777055073], [-82.25575071120495, 47.50722437054393], [-82.25633101140525, 47.50731597052524], [-82.25634141140877, 47.50731697052481], [-82.25702891164943, 47.50745227050683], [-82.25792931195912, 47.507585270476504], [-82.2596511125522, 47.50784647041955], [-82.26048851284148, 47.50798007039283], [-82.26119221308312, 47.508080370368624], [-82.26122221309367, 47.508086770367875], [-82.2614853131877, 47.50815477036344], [-82.26252291355408, 47.50838517034026], [-82.26404671409267, 47.508728370306905], [-82.26586251473597, 47.50914927026904], [-82.26751751532153, 47.50952697023358], [-82.26921551592221, 47.50991317019698], [-82.27235421703553, 47.51065227013313], [-82.27315561731986, 47.510841370116886], [-82.27555101816898, 47.511400770067496], [-82.27592301830185, 47.51149557006102], [-82.27768631892806, 47.511916970026085], [-82.27933091951351, 47.512321569995215], [-82.28011851979447, 47.51251966998114], [-82.28233722058391, 47.51306186993896], [-82.28388812113677, 47.5134494699108], [-82.2850106215374, 47.513733869891], [-82.28538482167097, 47.51382866988439], [-82.28540572167854, 47.51383516988418], [-82.2858076218266, 47.51397456988284], [-82.28583482183699, 47.51398666988315], [-82.28611802194646, 47.51412746988867], [-82.28646762208203, 47.514303569895816], [-82.28649332209227, 47.514318969896706], [-82.28677432220852, 47.51452056991164], [-82.28706782232774, 47.51471296992447], [-82.2870860223353, 47.51472626992544], [-82.28734122244542, 47.51494606994462], [-82.2875961225534, 47.515149069961204], [-82.28760662255787, 47.515157969961976], [-82.28787862267812, 47.515415869985986], [-82.28788372268033, 47.51542026998634], [-82.28809072277438, 47.515637270007794], [-82.28830572287342, 47.51587337003168], [-82.28862102301309, 47.516174670059826], [-82.28890812313286, 47.51638847007624], [-82.28918082324462, 47.516575470089435], [-82.28947312335934, 47.51673417009715], [-82.28982212349165, 47.51688547010054], [-82.29040922371065, 47.517111770102], [-82.2921414243589, 47.51779527010871], [-82.29373842495875, 47.518443170117536], [-82.29405872507921, 47.51857447011948], [-82.2955880256505, 47.519169170124044], [-82.29739862632958, 47.51989557013283], [-82.29916872699206, 47.52059427013962], [-82.3005299275019, 47.52113447014528], [-82.3009115276414, 47.52125837014268], [-82.30117862773542, 47.52131497013625], [-82.30119742774224, 47.52132037013605], [-82.30144492783164, 47.521391870132994], [-82.30191592799243, 47.5214517701156], [-82.30225412810026, 47.52143217009359], [-82.30254152819033, 47.52140307007298], [-82.30283072827808, 47.52135027004861], [-82.30307832834919, 47.52127207002279], [-82.30308902835219, 47.52126857002166], [-82.30336612843327, 47.52119346999461], [-82.3033785284369, 47.52118996999339], [-82.30372192853949, 47.52111406996247], [-82.30373972854497, 47.5211115699611], [-82.30405732864249, 47.52106296993579], [-82.30408462865094, 47.52105936993369], [-82.30448262877786, 47.52103676990789], [-82.30449582878211, 47.5210366699071], [-82.30453032879362, 47.52103856990542], [-82.30456412880525, 47.521043769904324], [-82.30457542880936, 47.52104696990417], [-82.3048830289202, 47.52113346990004], [-82.304925428936, 47.52114986990016], [-82.30514692902183, 47.52126096990462], [-82.30540612911946, 47.521368269906354], [-82.30581732926085, 47.52142876989242], [-82.30609312935348, 47.52145156988036], [-82.3064944294858, 47.52146386985963], [-82.3069616296331, 47.52142366982718], [-82.30748462979517, 47.52135586978742], [-82.30749832979947, 47.52135456978644], [-82.30813373000007, 47.52130236974273], [-82.30882713021829, 47.52123936969405], [-82.30958293045796, 47.521185769643346], [-82.30959163046082, 47.521185669642875], [-82.31020203065658, 47.521160669604626], [-82.31022943066563, 47.52116146960322], [-82.3106592308084, 47.5211835695824], [-82.31100513092389, 47.52120666956647], [-82.31104303093687, 47.52121186956509], [-82.311376831054, 47.521279969556694], [-82.31139933106199, 47.52128536955622], [-82.3118945312414, 47.5214326695508], [-82.3119154312492, 47.52144036955077], [-82.31215693133966, 47.52153656955186], [-82.3121695313445, 47.521542069551955], [-82.31250513147306, 47.52169906955697], [-82.31296123164755, 47.521909769563365], [-82.31297933165463, 47.52191966956386], [-82.31336933180978, 47.5221480695767], [-82.3135841318949, 47.52227156958339], [-82.31359383189876, 47.522277069583694], [-82.31382213199147, 47.52242636959358], [-82.3141848321377, 47.522654969608], [-82.31469843234419, 47.522974169627666], [-82.31517083253503, 47.523274669646824], [-82.31518263253982, 47.5232824696474], [-82.31554813269263, 47.52355716966863], [-82.31557373270398, 47.52358166967092], [-82.31575173278824, 47.52379556969346], [-82.31591433286503, 47.5239893697138], [-82.31615173297504, 47.524255469741014], [-82.31634633305833, 47.524417469754695], [-82.31635483306204, 47.52442526975537], [-82.31661603317801, 47.52467646977893], [-82.31703893336821, 47.52510356982018], [-82.31789553375413, 47.52597326990441], [-82.31854633404123, 47.52658446996081], [-82.31854983404291, 47.52658886996131], [-82.31889083419594, 47.52693026999404], [-82.31908403427356, 47.52704957000133], [-82.3192977343572, 47.52716407000678], [-82.31976163453146, 47.52735217000923], [-82.32003033462566, 47.52740647000241], [-82.32032573472898, 47.52746376999446], [-82.32058923481863, 47.5274945699843], [-82.32087673491502, 47.527517069971545], [-82.3211506350039, 47.52751396995562], [-82.32164243516125, 47.52749026992432], [-82.32283603554622, 47.52745856985226], [-82.32552883641206, 47.527364569686156], [-82.32827903729532, 47.527260769515365], [-82.32996463783878, 47.52721426941331], [-82.33215503854481, 47.527152869280506], [-82.33216543854822, 47.52715276927989], [-82.3331540388711, 47.52715926922514], [-82.33388103911022, 47.52717786918702], [-82.33499273947189, 47.52717396912373], [-82.33500933947745, 47.52717486912298], [-82.3352916395712, 47.527189569109304], [-82.3360101398109, 47.52723526907575], [-82.33603053981777, 47.5272372690749], [-82.33676374006886, 47.527336669048715], [-82.33679964008147, 47.52734416904782], [-82.3373347402738, 47.52749086904], [-82.33737624028923, 47.52750616903997], [-82.3379546405122, 47.527787369050195], [-82.33797644052079, 47.52779946905079], [-82.33840884069646, 47.528082369069494], [-82.33844404071176, 47.52811346907227], [-82.33862214079603, 47.52832736909478], [-82.33864214080668, 47.528360869098734], [-82.33875634088241, 47.52867446914008], [-82.33875914088442, 47.52868346914126], [-82.33881794093116, 47.528907669172135], [-82.33882114093552, 47.52893466917606], [-82.33880504098119, 47.52934876924002], [-82.33880444098195, 47.52935666924121], [-82.33876014101207, 47.529719369298974], [-82.33871634103518, 47.53002356934778], [-82.33875204109488, 47.53041456940527], [-82.33879714114519, 47.53070416944679], [-82.33889974120667, 47.53093246947577], [-82.33911734131429, 47.53123136950904], [-82.33942134144581, 47.531495469532075], [-82.3398053416008, 47.531738469547435], [-82.34024144175982, 47.53187626954385], [-82.34109414206722, 47.532117169532434], [-82.3411012420698, 47.53211926953236], [-82.342260542492, 47.53248146952213], [-82.34512974351985, 47.533238569475564], [-82.3464920440058, 47.53358146945096], [-82.34652434401765, 47.53359226945077], [-82.3473968443449, 47.533941969454816], [-82.34740774434901, 47.53394636945489], [-82.34842714473926, 47.53441916946931], [-82.34958734517929, 47.53492406948075], [-82.35062804556529, 47.5353055694801], [-82.35231414619152, 47.53593136948027], [-82.35524314726528, 47.53690346946295], [-82.35843014842722, 47.53790856943615], [-82.36288975005402, 47.53932246939965], [-82.36393905043485, 47.5396395693887], [-82.36503165082294, 47.53990096936681], [-82.36572685106337, 47.54001426934476], [-82.36692445146157, 47.54007986928718], [-82.36792545178506, 47.54005896922752], [-82.36951415230028, 47.54004006913492], [-82.37103535278692, 47.53996786903808], [-82.37105035279181, 47.53996776903719], [-82.37254375327896, 47.53997356895378], [-82.37256035328451, 47.539974468953005], [-82.37322325350524, 47.54001376892151], [-82.37468575397948, 47.53999626883634], [-82.37588555435335, 47.53985816874757], [-82.37675595462144, 47.53973306867939], [-82.37757545486417, 47.539536568603225], [-82.37761805487725, 47.5395303685999], [-82.37838715512001, 47.53946716854685], [-82.37840745512648, 47.5394658685455], [-82.37973585555717, 47.53944986846803], [-82.37974785556109, 47.53944976846732], [-82.38039865577545, 47.5394689684335], [-82.39002495893865, 47.53969486792424], [-82.39097525925119, 47.539719367874284], [-82.39131915936517, 47.53973536785731], [-82.39160355945945, 47.53974886784326], [-82.39198525958638, 47.53977006782491], [-82.40376786346376, 47.54009466720858], [-82.40517596393018, 47.54015846713874], [-82.40618506426281, 47.54019116708669], [-82.40624506428337, 47.540199367084526], [-82.40668656444095, 47.540310967076564], [-82.40673566445916, 47.54032946707662], [-82.40707446459048, 47.54049966708332], [-82.40906146532717, 47.54122666708164], [-82.4141612672188, 47.543098667078084], [-82.4141675672211, 47.54310076707806], [-82.41661436813789, 47.54407396708772], [-82.41735256840435, 47.544285367078146], [-82.41737526841287, 47.54429406707815], [-82.41783696858579, 47.54447736707991], [-82.41929676909572, 47.54475736703999], [-82.42068596956585, 47.54490106698325], [-82.42228637010895, 47.54507926691984], [-82.42397937068431, 47.54527426685377], [-82.42399517068974, 47.545276366853216], [-82.42506327106034, 47.54546106682088], [-82.42509717107244, 47.54546966682027], [-82.42542007119002, 47.54557026681728], [-82.42578057130754, 47.5455713667971], [-82.42581017131744, 47.54557326679568], [-82.42584387132901, 47.54557846679461], [-82.42587577134059, 47.54558816679424], [-82.42590477135164, 47.545601366794614], [-82.42591907135743, 47.545610166795136], [-82.42624647149101, 47.54582876680989], [-82.42944617267761, 47.547001566807246], [-82.42947517268868, 47.547014766807564], [-82.42950007269884, 47.54703126680867], [-82.42952057270786, 47.547050166810386], [-82.42952997271244, 47.547062366811716], [-82.42963337276457, 47.54721186682864], [-82.43012627294969, 47.54741156683112], [-82.43014907295847, 47.54742246683148], [-82.4301739729686, 47.54743906683257], [-82.43017997297109, 47.547443466832924], [-82.43043417308084, 47.54766186685175], [-82.43253277395826, 47.549234066972076], [-82.43812267629531, 47.553420467292185], [-82.44480057908761, 47.55842176767436], [-82.44640267976028, 47.55964336776931], [-82.44894148082659, 47.56158206792015], [-82.44978408117974, 47.562219267969276], [-82.45154998192235, 47.56357486807527], [-82.4523615822639, 47.5642000681243], [-82.45293978250206, 47.56460336815278], [-82.45329628264804, 47.56484516816936], [-82.4538132828505, 47.565120968181986], [-82.45382338285447, 47.56512646818222], [-82.45424048302189, 47.56538206819746], [-82.45520688338318, 47.56575906819999], [-82.46126098566036, 47.568230968232555], [-82.46238898608698, 47.568710368241504], [-82.46330328642998, 47.569076668245316], [-82.46441838685026, 47.569538268252266], [-82.46515538712674, 47.56983366825533], [-82.46624148753216, 47.57025176825728], [-82.46804288820277, 47.57093066825834], [-82.46906728858492, 47.571323568259956], [-82.46959248878187, 47.571532868262], [-82.47019638900872, 47.57177706826484], [-82.470881189265, 47.572046068266886], [-82.47090008927228, 47.57205486826715], [-82.47131818943447, 47.57226546827544], [-82.47133718944204, 47.572276468276044], [-82.47162158955757, 47.57246176828807], [-82.47163518956323, 47.57247176828879], [-82.4718254896438, 47.57262226830087], [-82.47184128965075, 47.57263666830218], [-82.4720167897307, 47.57282116832024], [-82.47219178980816, 47.572986468335394], [-82.47219998981195, 47.5729953683363], [-82.4729960901813, 47.57388496842627], [-82.47299989018309, 47.57388946842673], [-82.4734683904062, 47.57445936848673], [-82.47407269069527, 47.57520516856573], [-82.4747021909881, 47.57591466863775], [-82.47471909099663, 47.575939268640546], [-82.47486969108125, 47.576226368675584], [-82.47544349136298, 47.57699286875949], [-82.47581169154172, 47.5774683688108], [-82.47643829183004, 47.57814866887856], [-82.47683589201233, 47.578575468920796], [-82.4768397920142, 47.5785799689213], [-82.47713029215095, 47.57892036895649], [-82.4776886924167, 47.57959816902774], [-82.47831269269206, 47.5801806690808], [-82.47831959269523, 47.58018846908159], [-82.47888719295482, 47.58079186914099], [-82.47927589312245, 47.58112316916927], [-82.47953479323417, 47.58134476918819], [-82.4795454932389, 47.58135476918915], [-82.48028509357445, 47.5821190692632], [-82.4802954935793, 47.582131369264516], [-82.48075239380235, 47.582730569329556], [-82.48123609404145, 47.58338906940208], [-82.48165019424476, 47.58394166946246], [-82.48190279436842, 47.58427576949883], [-82.48214099447023, 47.5844717695151], [-82.48258239465062, 47.584767569534975], [-82.48295389479318, 47.58494156954031], [-82.48341889496814, 47.5851312695427], [-82.48343789497537, 47.585140069543], [-82.48411659524021, 47.58549346955816], [-82.48414159525038, 47.5855099695592], [-82.48416169525925, 47.58552886956096], [-82.48430029532354, 47.585683369576564], [-82.48509639564925, 47.58621976961282], [-82.48510439565253, 47.586225269613166], [-82.48552569582922, 47.58654376963762], [-82.48555519584238, 47.58657256964029], [-82.48571289591995, 47.58678426966351], [-82.48610989609294, 47.58713676969447], [-82.4865997963048, 47.587558969730765], [-82.48702869647379, 47.58779526974232], [-82.48705039648262, 47.587809569743236], [-82.4875122966758, 47.58815456976937], [-82.48752469668106, 47.58816446977018], [-82.48773289677234, 47.58835416978718], [-82.48792439685785, 47.58854056980462], [-82.48793639686338, 47.58855396980597], [-82.48851569714259, 47.58928426988392], [-82.48852959714988, 47.58930656988653], [-82.4886285972076, 47.589512269912106], [-82.48863579721245, 47.58953236991473], [-82.48873969729884, 47.58995626997321], [-82.48902569748475, 47.590704970070576], [-82.48922679762092, 47.59127487014566], [-82.48937309771, 47.59160927018809], [-82.48951639777441, 47.59175247020171], [-82.48978899788116, 47.59189737020826], [-82.48980979788959, 47.59191067020905], [-82.49012619802028, 47.59213377022494], [-82.49041749813478, 47.59229197023244], [-82.49081379827726, 47.59240037022641], [-82.49104779835145, 47.592383870210625], [-82.49195579861734, 47.59214377012268], [-82.49198929862754, 47.59213767011984], [-82.4920236986384, 47.592134970117506], [-82.4920582986499, 47.59213677011581], [-82.49251189880351, 47.592184870097334], [-82.49254569881522, 47.59219007009624], [-82.4925792988275, 47.59220087009595], [-82.49287509893786, 47.59231407009632], [-82.49288099894, 47.59231617009633], [-82.4933250991074, 47.59249937009893], [-82.49334659911561, 47.5925092700992], [-82.4933715991258, 47.592525770100295], [-82.49339209913482, 47.592544670101994], [-82.49340769914264, 47.59256687010447], [-82.4935618992272, 47.592843870137784], [-82.49357309923447, 47.59287297014151], [-82.49366569932023, 47.593321670204396], [-82.49366679932172, 47.59333057020564], [-82.49370349937784, 47.59368667025761], [-82.49374969942724, 47.593963870297024], [-82.49384439949227, 47.5942393703335], [-82.494125699636, 47.594659670381276], [-82.4943090997251, 47.59489687040687], [-82.4945635998372, 47.59513207042807], [-82.49511110008267, 47.59567377047922], [-82.4951180000859, 47.59568157048001], [-82.49551840027284, 47.59613747052643], [-82.4960140005071, 47.59672487058744], [-82.49602140051059, 47.59673377058837], [-82.49627100063614, 47.59709047062833], [-82.49627710063925, 47.59709937062933], [-82.49652920077673, 47.597545970682766], [-82.49653320077915, 47.597554970683866], [-82.49671770088915, 47.597957470734464], [-82.49672300089254, 47.597970870736205], [-82.49672660089666, 47.5979944707396], [-82.4967258008982, 47.59800907074185], [-82.49667080093063, 47.59841467080652], [-82.49666560093158, 47.59843617081007], [-82.49656170093223, 47.59871417085813], [-82.49658190097226, 47.598983870897875], [-82.49661190105458, 47.59956827098486], [-82.49661200105528, 47.59957397098569], [-82.49660850109643, 47.59991477103758], [-82.49661210117115, 47.600507471127315], [-82.49673160127448, 47.601026671199264], [-82.49673320127627, 47.601036771200725], [-82.49678550134917, 47.60148707126607], [-82.49688060142117, 47.601817671310805], [-82.49720410157538, 47.60221157135218]], [[-82.49720410157538, 47.60221157135218], [-82.49740250165307, 47.6023169713569], [-82.49741100165654, 47.60232247135725], [-82.49774300178923, 47.602520571368466], [-82.49827620199623, 47.60278927137895], [-82.49829140200227, 47.60279807137941], [-82.49853340209954, 47.60294667138821], [-82.49893250224925, 47.60310567138966], [-82.49895690225858, 47.603116671389984], [-82.49921370235965, 47.60325727139667], [-82.49922390236382, 47.6032638713971], [-82.49956930250306, 47.603479771410235], [-82.4999601026555, 47.603682771418846], [-82.5007338029487, 47.60401457142526], [-82.50116060310309, 47.604138371419786], [-82.50156130324746, 47.60425007141398], [-82.50157590325273, 47.6042543714138], [-82.50197910340124, 47.604393071411984], [-82.50198490340341, 47.60439527141195], [-82.50201400341452, 47.604408371412305], [-82.5020390034247, 47.6044248714134], [-82.50205950343373, 47.60444377141509], [-82.5020651034364, 47.60445047141582], [-82.50224300352278, 47.60467977144048], [-82.502536503631, 47.604781671439284], [-82.50256390364144, 47.60479367143951], [-82.50302160381892, 47.60502277144829], [-82.5036361040442, 47.60522507144408], [-82.50365750405223, 47.60523377144415], [-82.50406550420733, 47.60541287144817], [-82.50467350443074, 47.60561747144463], [-82.50468690443564, 47.605621771444525], [-82.50521730463502, 47.60583637144701], [-82.50547750473027, 47.60592077144502], [-82.50549810473788, 47.605928371445025], [-82.50902750607489, 47.60743857147358], [-82.50971740633588, 47.60773097147872], [-82.50999270643653, 47.60781957147654], [-82.51071970667574, 47.60783927143823], [-82.51074220668329, 47.607841171437215], [-82.51077600669494, 47.60784637143611], [-82.51079030670016, 47.607850671435955], [-82.51135130690305, 47.608013171428716], [-82.5173917088185, 47.60759717102256], [-82.51775220893262, 47.6075709709981], [-82.51864140921406, 47.60750527093761], [-82.51865920921983, 47.60750497093653], [-82.51869380923132, 47.60750677093487], [-82.51872760924294, 47.60751197093377], [-82.51873350924517, 47.60751417093373], [-82.51920100941209, 47.607632770925186], [-82.51987150961008, 47.6074686708622], [-82.51992320962601, 47.60746127085812], [-82.52058580983734, 47.60742547081508], [-82.52220601035181, 47.607319670706964], [-82.52254331044082, 47.60715207066238], [-82.52291501054012, 47.60697737061477], [-82.52331351062972, 47.60665377054307], [-82.5233322106341, 47.60663997053993], [-82.52365401071417, 47.6064411704915], [-82.52409361081844, 47.606128270419084], [-82.52414641083233, 47.60610167041204], [-82.5247214109946, 47.60590057034891], [-82.52503351108132, 47.60578067031298], [-82.52506281108988, 47.60577237031007], [-82.52536661117935, 47.605696370281265], [-82.52538521118478, 47.60569157027947], [-82.52567061127151, 47.605641670255714], [-82.52574781127991, 47.605506770230846], [-82.52575891128141, 47.605489770227685], [-82.52577831128532, 47.60547047022363], [-82.52580241129104, 47.605453270219655], [-82.52583061129847, 47.60543937021594], [-82.52586191130742, 47.60542887021259], [-82.52589541131755, 47.60542277020976], [-82.52592991132846, 47.605420070207344], [-82.52596441133988, 47.605421870205674], [-82.52598491134695, 47.60542497020501], [-82.52662061156802, 47.605537970186], [-82.5273061117944, 47.60556367015093], [-82.52733151180294, 47.6055655701498], [-82.52778221195676, 47.605622570132795], [-82.52815171208177, 47.60566037011756], [-82.52863491223944, 47.60566297009053], [-82.52909781238718, 47.6056387700605], [-82.52961001255198, 47.60562297002903], [-82.53004951268609, 47.60555076999309], [-82.53054931282956, 47.60539566994118], [-82.53108971298565, 47.60523546988621], [-82.53157321312509, 47.60509066983673], [-82.53250251337329, 47.604653169717615], [-82.53251851337764, 47.60464616971567], [-82.53322911357542, 47.60437576963425], [-82.5332761135891, 47.60436276962964], [-82.53375511373447, 47.6042775695895], [-82.53436121391225, 47.6041198695311], [-82.53492381407455, 47.60395156947364], [-82.53494241407998, 47.603946769471825], [-82.53541831422187, 47.60384146942885], [-82.53542491422382, 47.603840269428254], [-82.53582181434344, 47.603762969394005], [-82.53636411450681, 47.603656669347096], [-82.53641551452294, 47.603651569343384], [-82.53685441466511, 47.60364566931751], [-82.53687231467089, 47.60364536931645], [-82.53731201481669, 47.60366646929469], [-82.53736841483622, 47.60367586929291], [-82.53797161505175, 47.603829769281944], [-82.53800471506385, 47.60384056928169], [-82.5388127153681, 47.60417166928595], [-82.53882371537217, 47.604175969285954], [-82.53937691558494, 47.60443856929438], [-82.53938661558878, 47.60444396929462], [-82.53977861574258, 47.604654669304296], [-82.5397951157492, 47.604664569304866], [-82.54020101591519, 47.60493696932306], [-82.54047521602668, 47.605115469334535], [-82.54068871610923, 47.60522056933832], [-82.54091741619601, 47.60531986934042], [-82.54114341627913, 47.60539666933921], [-82.54146551639062, 47.60544976932893], [-82.5418759165314, 47.60550716931433], [-82.54190091654004, 47.60551136931352], [-82.5424100167206, 47.605630469302646], [-82.5424281167272, 47.605635869302446], [-82.54286031688464, 47.60577066929833], [-82.54366251716756, 47.60594546927919], [-82.5441003173204, 47.60602846926689], [-82.54412081732774, 47.606033769266524], [-82.54484511758808, 47.60623096925524], [-82.54485641759214, 47.606234169255075], [-82.54528621774926, 47.60637236925158], [-82.5452934177519, 47.60637456925153], [-82.5463153181299, 47.606738669248564], [-82.54634061813942, 47.6067495692488], [-82.54679801831655, 47.6069762692572], [-82.54730951851344, 47.60722016926507], [-82.54734341852706, 47.60724106926629], [-82.54765651865866, 47.60747976928469], [-82.54766161866087, 47.60748416928508], [-82.54786611874836, 47.607652369298926], [-82.54787941875423, 47.607664569300034], [-82.54805791883557, 47.60785116931816], [-82.54807431884338, 47.60787116932027], [-82.54818421890107, 47.60804736934073], [-82.548351018985, 47.60828586936737], [-82.54862961910237, 47.60850026938401], [-82.54888581920859, 47.608683569397236], [-82.54891361922097, 47.6087101693997], [-82.54909451930637, 47.60892366942183], [-82.54949051943046, 47.60888456939333], [-82.54954241944723, 47.608883869390276], [-82.54982251954124, 47.60890596937774], [-82.5503142197005, 47.60889926934871], [-82.55032881970521, 47.608899169347836], [-82.55066181981519, 47.60891146933081], [-82.55130642001332, 47.60881726927984], [-82.55177792015611, 47.60873106923996], [-82.55184052017582, 47.60872576923561], [-82.55237042035081, 47.608745569208466], [-82.55338942067313, 47.60866986913905], [-82.5538925208263, 47.608584369097514], [-82.5539215208353, 47.60858056909528], [-82.55474482109648, 47.6085255690401], [-82.55529112126351, 47.608438368995806], [-82.55568802138532, 47.60837896896423], [-82.55646092162239, 47.608261668902486], [-82.55734882188784, 47.60807186882323], [-82.55815192212569, 47.60788216874878], [-82.55816262212889, 47.607879768747836], [-82.55915402242758, 47.60768636866213], [-82.55961892256722, 47.60759226862141], [-82.56004492269092, 47.60747176857893], [-82.56005272269331, 47.607470568578265], [-82.56039612279446, 47.607384868545736], [-82.56040692279765, 47.607382468544785], [-82.56077962290942, 47.607305468511896], [-82.56079952291542, 47.607301768510226], [-82.56083392292629, 47.607299068507885], [-82.56085892293453, 47.60729986850657], [-82.56144392313014, 47.60734136847955], [-82.5615815231403, 47.60706286842953], [-82.56159542314214, 47.607041268425505], [-82.56161482314602, 47.607021868421405], [-82.5616388231517, 47.60700466841743], [-82.56166712315917, 47.60699076841373], [-82.56169592316738, 47.60698136841066], [-82.56255922341926, 47.60674696832606], [-82.56323632361085, 47.60651506825236], [-82.5632502236148, 47.6065103682509], [-82.56395952382111, 47.60631286818059], [-82.56469912403381, 47.606086868104256], [-82.56604842442474, 47.605698367968586], [-82.56664312459826, 47.60553726791038], [-82.56731632479499, 47.60535716784475], [-82.56732292479685, 47.60535486784402], [-82.56799662499597, 47.60519266778114], [-82.56800402499826, 47.605191467780536], [-82.568955925283, 47.604989467695766], [-82.56897622528912, 47.60498576769402], [-82.56949302544865, 47.604915767654006], [-82.56951372545507, 47.604913267652435], [-82.57023082568283, 47.6048674676047], [-82.57027912569875, 47.604868967602194], [-82.57074612585663, 47.60491656758284], [-82.57075622586004, 47.60491756758241], [-82.57141082608435, 47.6050075675588], [-82.57143542609289, 47.605011767558025], [-82.57246962645925, 47.60525066753539], [-82.57296542663548, 47.60536986752528], [-82.57298852664375, 47.605376267524925], [-82.57344812681286, 47.60553306752251], [-82.57371702691229, 47.605628367521646], [-82.57372502691514, 47.60563046752152], [-82.57403462703108, 47.605752167522375], [-82.57404732703601, 47.60575876752266], [-82.57454742722761, 47.60599036752925], [-82.57505522740558, 47.60609246751587], [-82.57537572751474, 47.60613086750346], [-82.57598712772163, 47.60619446747826], [-82.57601812773241, 47.60619966747733], [-82.57691542804866, 47.60639426745574], [-82.57692372805148, 47.60639526745542], [-82.5780809284644, 47.60668636743363], [-82.57859062864738, 47.606823367425385], [-82.57860402865226, 47.60682766742528], [-82.57932132891493, 47.60706186741996], [-82.58038292927961, 47.60721596738286], [-82.58106752951555, 47.60732126735988], [-82.58191442979955, 47.60738836732186], [-82.58222432990101, 47.60739306730491], [-82.5822552299113, 47.60739486730345], [-82.58271843006914, 47.60745146728564], [-82.58322913024107, 47.60749726726352], [-82.58386183045137, 47.60753246723285], [-82.58534883094289, 47.60759286715735], [-82.58582393109337, 47.6075593671252], [-82.5858401310986, 47.607559067124214], [-82.58621593122027, 47.60755396710209], [-82.58674033137942, 47.607461167058176], [-82.58700943145902, 47.60739676703304], [-82.58704213146886, 47.60739066703026], [-82.587386831576, 47.60734986700449], [-82.58739513157869, 47.60734976700399], [-82.58775343169135, 47.60731786697873], [-82.58777543169833, 47.607316466977316], [-82.58809423180156, 47.60731206695844], [-82.58846213190745, 47.60720116692074], [-82.58873463198476, 47.60710966689135], [-82.58874943198902, 47.60710496688981], [-82.58913463210125, 47.60699956685186], [-82.58916813211142, 47.60699346684908], [-82.5892025321223, 47.60699076684668], [-82.58922873213089, 47.606991566845316], [-82.58973553230054, 47.607029466822205], [-82.58979103231981, 47.60703886682047], [-82.5901803324604, 47.607150466815234], [-82.59020343246897, 47.60715906681524], [-82.59062093262544, 47.607324266816455], [-82.59063863263215, 47.60733186681661], [-82.59098273276555, 47.60750376682307], [-82.59126223287072, 47.607617966824414], [-82.5921241331852, 47.60789056681669], [-82.59432113398317, 47.608556266792455], [-82.59478863414442, 47.60862966677691], [-82.59523573428514, 47.60859086674561], [-82.59549863436604, 47.60855346672496], [-82.5957684344471, 47.60849906670135], [-82.59611613454688, 47.60839186666531], [-82.59628583458726, 47.60827256663756], [-82.59650803463133, 47.608045666590556], [-82.59655243464175, 47.60801356658318], [-82.5970631347746, 47.60774546651346], [-82.59707383477738, 47.60773976651198], [-82.59766023493498, 47.607472866438115], [-82.59806603504143, 47.60726706638382], [-82.59836123511379, 47.6070762663381], [-82.59866163518858, 47.60689206629312], [-82.59868333519424, 47.60688056629011], [-82.59894573526462, 47.6067598662569], [-82.59898733527636, 47.6067458662524], [-82.59954183543908, 47.60660316619917], [-82.59957403544877, 47.606597066196464], [-82.59960853545971, 47.606594366194045], [-82.59963843546952, 47.6065950661925], [-82.6006123357971, 47.60668046614995], [-82.60065033581024, 47.606686666148704], [-82.60114573598555, 47.6068000661377], [-82.60360083685514, 47.60736646608363], [-82.60500143735251, 47.60770006605444], [-82.60538133748736, 47.60779036604644], [-82.60564713758129, 47.6078496660403], [-82.60565473758388, 47.60785066604002], [-82.60663353793319, 47.6080978660217], [-82.60664363793688, 47.60810116602163], [-82.60765903830462, 47.608400666009146], [-82.6088986387471, 47.60871406598604], [-82.6099468391186, 47.60895796596326], [-82.61051863931672, 47.609054565945314], [-82.61086283943328, 47.60909136593126], [-82.6112524395583, 47.60907696590687], [-82.61183583974493, 47.609050765869696], [-82.61184913974921, 47.6090505658689], [-82.61307334014772, 47.60905136579923], [-82.61314004017042, 47.609059465796655], [-82.61352084030574, 47.6091507657888], [-82.61388754043324, 47.60921646577785], [-82.61390094043784, 47.609218565777425], [-82.61393284044945, 47.60922826577709], [-82.61396194046056, 47.60924136577741], [-82.6139784404671, 47.60925116577794], [-82.61449494067914, 47.60960386580192], [-82.61450474068333, 47.60961156580258], [-82.61481834081623, 47.60985916582219], [-82.61484894083019, 47.60989136582534], [-82.6152788410508, 47.6105387658989], [-82.61558234119805, 47.61092816594059], [-82.61619624145382, 47.6113772659736], [-82.61654084159073, 47.611575965984066], [-82.61729174187356, 47.611884865988046], [-82.61771994202593, 47.611989065979444], [-82.61810874216089, 47.61205666596755], [-82.61879034237941, 47.612030165924686], [-82.61939114256948, 47.61198686588389], [-82.61995184274437, 47.61192606584269], [-82.62049834291254, 47.6118486657998], [-82.62110884308971, 47.61167576573883], [-82.62187124330673, 47.61142656565764], [-82.6223871434472, 47.61120676559497], [-82.62240324345169, 47.61120086559316], [-82.62306154363782, 47.610975665521515], [-82.62306724363943, 47.61097326552079], [-82.62396334389575, 47.61069066542692], [-82.62400054390682, 47.610682265423506], [-82.62471874412567, 47.610563065364545], [-82.62536764432448, 47.61046386531252], [-82.62538584433024, 47.6104624653113], [-82.62598594451885, 47.61040896526893], [-82.62663724471786, 47.610305265216155], [-82.62744214495282, 47.610089165137495], [-82.62745124495564, 47.6100879651368], [-82.62819694517688, 47.60991656506833], [-82.62900914541167, 47.60968006498623], [-82.62968314558591, 47.60931846489303], [-82.6303844457502, 47.6088057647754], [-82.6311102459123, 47.60821166464404], [-82.63169314604497, 47.60775466454159], [-82.63199394611178, 47.60750516448665], [-82.63264304626013, 47.60700106437329], [-82.63337054642611, 47.606433964245895], [-82.63337494642714, 47.606430564245116], [-82.63416814661312, 47.6058523641123], [-82.6349712468004, 47.60525836397656], [-82.63541204689942, 47.60490226389751], [-82.6356316469396, 47.60465166384703], [-82.63581764696927, 47.604403863798865], [-82.63596324698861, 47.6041790637565], [-82.63606684699423, 47.60395376371645], [-82.63611754697416, 47.603660663669196], [-82.63604754691927, 47.60340296363413], [-82.6360465469184, 47.60339846363349], [-82.6359691468496, 47.60304866358497], [-82.6359669468468, 47.60303186358251], [-82.63596914684457, 47.60300816357881], [-82.63597754684449, 47.60298556357489], [-82.63599144684632, 47.60296396357086], [-82.63599664684732, 47.602958263569654], [-82.6363954469225, 47.60252066348065], [-82.63641444692644, 47.6025024634768], [-82.6367919470127, 47.602209163410826], [-82.63720764710791, 47.60188826333855], [-82.63721374710933, 47.601883663337496], [-82.63765634721445, 47.601571463264975], [-82.63769514722446, 47.60155066325961], [-82.6379783473018, 47.60143186322545], [-82.63834354739835, 47.60125346317763], [-82.63852174741744, 47.60094166312021], [-82.63871914742809, 47.60051136304376], [-82.63872614742866, 47.60049776304131], [-82.63899214746328, 47.60008126296302], [-82.63924434749342, 47.599664862885625], [-82.63925914749586, 47.59964556288182], [-82.63951634754427, 47.59936296282435], [-82.63953334754783, 47.59934696282094], [-82.63988084762589, 47.59906636275862], [-82.64017354767017, 47.59865736267999], [-82.64039494769833, 47.59830546261405], [-82.64056234770261, 47.59790266254346], [-82.6406890476886, 47.597459962469145], [-82.64068844763646, 47.59704276240599], [-82.64058314754533, 47.59658646234284], [-82.64058154754358, 47.5965763623414], [-82.64052764747007, 47.59612726227647], [-82.64045614737407, 47.59554336219203], [-82.64040164729809, 47.59507626212438], [-82.64040174729534, 47.59505376212097], [-82.64044424726652, 47.59471126206667], [-82.64044604726583, 47.59470106206499], [-82.64058754723986, 47.59412326196941], [-82.64059174723964, 47.59411076196726], [-82.64083864724205, 47.59348526185838], [-82.64115764724716, 47.59269336172023], [-82.64139614722188, 47.591867861581534], [-82.64139954722174, 47.59185766157982], [-82.64162174722523, 47.591305561483445], [-82.64162444722525, 47.59129876148225], [-82.64208674725715, 47.59034746131175], [-82.64209034725744, 47.59034066131052], [-82.6432703473835, 47.588271060929664], [-82.64342844740219, 47.58800786088074], [-82.64343914740364, 47.58799196087773], [-82.64431044755551, 47.58693576066801], [-82.64433424756044, 47.586912960663184], [-82.64459394761974, 47.586711260617804], [-82.64461754762556, 47.586696260614175], [-82.64486594768907, 47.58655776057903], [-82.64541494782972, 47.58625296050151], [-82.64544284783703, 47.5862390604978], [-82.6457582479245, 47.58611756046143], [-82.64577134792833, 47.586114060460176], [-82.6465506481504, 47.58586216037754], [-82.64785334850508, 47.58530806021931], [-82.64786154850734, 47.58530456021832], [-82.64945044894858, 47.5846980600358], [-82.65115704941987, 47.58402565983661]]]}, "properties": {"OBJECTID": 904}}, {"type": "Feature", "id": 915, "geometry": {"type": "LineString", "coordinates": [[-81.4874524225135, 48.81305730926261], [-81.48726002242621, 48.81287820924716], [-81.48641142208926, 48.812459009233535], [-81.48271042059916, 48.81047290915103], [-81.48077061981834, 48.80943300910786], [-81.48046491963929, 48.80883610903749], [-81.47985471928202, 48.807646608897294], [-81.47993211924958, 48.80719650882686], [-81.48027141916104, 48.80563880857896], [-81.48070111905366, 48.80370280827041], [-81.48070491903748, 48.80356790825039], [-81.48201321878827, 48.79827280739889]]}, "properties": {"OBJECTID": 915}}, {"type": "Feature", "id": 1939, "geometry": {"type": "LineString", "coordinates": [[-83.32599040049101, 47.83486285857525], [-83.32530650023276, 47.83458145857326], [-83.31887089815919, 47.83469875896771], [-83.3174103976956, 47.834779559065346], [-83.31101419564308, 47.83496125946699], [-83.31101279564265, 47.83496125946707], [-83.31084979559031, 47.834965959477294]]}, "properties": {"OBJECTID": 1939}}, {"type": "Feature", "id": 1940, "geometry": {"type": "LineString", "coordinates": [[-83.31084979559031, 47.834965959477294], [-83.30852659484478, 47.8350318596232]]}, "properties": {"OBJECTID": 1940}}, {"type": "Feature", "id": 2181, "geometry": {"type": "LineString", "coordinates": [[-80.99298164287922, 47.88678159820507], [-80.99285284285116, 47.88690199823036], [-80.9926656428066, 47.887045898262464], [-80.99230444271757, 47.88729779832046], [-80.99201014263978, 47.88745979836111], [-80.9917024425565, 47.88761269840111], [-80.99134124245666, 47.88777469844539], [-80.99092654233804, 47.887927598491245], [-80.99035134217286, 47.888134498554], [-80.99004364208524, 47.888251398588544], [-80.98970924198233, 47.88831439861635], [-80.98917414181739, 47.88841329866045], [-80.98887984172556, 47.88845829868331], [-80.9881842415033, 47.88852119873075], [-80.98779624137728, 47.88853919875455], [-80.98731474121813, 47.888539098780754], [-80.98675284103467, 47.88855709881406], [-80.98599044078384, 47.88856599885682], [-80.98564264067325, 47.88860189888121], [-80.98521454053285, 47.88861089890589], [-80.98466614035486, 47.88863779893977], [-80.98422464020794, 47.888628798962436], [-80.9835290399824, 47.88866469900572], [-80.98302073981456, 47.888665699033524], [-80.98245893963107, 47.88868359906678], [-80.98220473954706, 47.88868359908059], [-80.98164293936037, 47.88867449910976], [-80.98093393912498, 47.88866539914693], [-80.98039893894924, 47.88867429917739], [-80.97975683873598, 47.888665199210905], [-80.97918163854706, 47.88867419924353], [-80.97831213826076, 47.88868299929219], [-80.97780383809389, 47.888691899321145], [-80.97746933798443, 47.888700799340704], [-80.97689413779433, 47.88870069937198], [-80.97655973768494, 47.8887096993915], [-80.97626543758874, 47.888718599408875], [-80.97599793750251, 47.88873659942616], [-80.97563673738748, 47.888772499451264], [-80.97528893727467, 47.88879039947288], [-80.97478053711313, 47.88884429950869], [-80.97407153688535, 47.88889809955546], [-80.97353643671393, 47.888942999591364], [-80.9730013365403, 47.88896989962458], [-80.97245293636013, 47.888978699655695], [-80.97203823622421, 47.888987599679616], [-80.97150313605057, 47.88901449971275], [-80.97111523592241, 47.88901439973387], [-80.97064703576876, 47.889023299760616], [-80.97016543561068, 47.88903219978816], [-80.96973743546707, 47.88901409980868], [-80.96897493520856, 47.88895989984186], [-80.9682927349745, 47.888887799867966], [-80.96777113479777, 47.88885159989084], [-80.96698193452178, 47.88872539991451], [-80.96632653429224, 47.88861729993364], [-80.9656042340416, 47.88851809995784], [-80.96486863378878, 47.888436899985436], [-80.96423993357452, 47.88838280001137], [-80.96208643284437, 47.888229100105], [-80.96165833269853, 47.88819300012279], [-80.96053473232504, 47.888174700181025], [-80.95971883205212, 47.88814740022121], [-80.95909013184216, 47.88812920025259], [-80.95847483163772, 47.88812000028465], [-80.95793973146088, 47.888119800313646], [-80.9574046312883, 47.888155600348206], [-80.95681603110135, 47.888218400389704], [-80.95610693087761, 47.88830690044171], [-80.95523743060429, 47.88842360050675], [-80.9545684303961, 47.888531300559485], [-80.95383263016589, 47.888639000615846], [-80.95328412999427, 47.888719800657924], [-80.95268212980505, 47.88880050070293], [-80.9518927295592, 47.888926100764905], [-80.95100972928356, 47.8890607008334], [-80.94944442879208, 47.88927600095117], [-80.94890932862597, 47.8893658009939], [-80.9483741284631, 47.889482501040725], [-80.94787902831136, 47.88958130108265], [-80.94704952805442, 47.889724901149556], [-80.94599252773202, 47.88994930124117], [-80.94514952747708, 47.89014690131701], [-80.94436002724093, 47.890353501391346], [-80.94327622691073, 47.89058690148568], [-80.94276782675561, 47.890694601529695], [-80.9426833267295, 47.890709201536545], [-80.94217912657291, 47.8907933015767], [-80.9414833263569, 47.89090990163226], [-80.94102842621736, 47.89099970167066], [-80.94100162621065, 47.89101760167482], [-80.93932922568366, 47.89123270179836], [-80.93787092521988, 47.891384901900715], [-80.93625212469662, 47.89148300200354], [-80.93441932409824, 47.89154500211251], [-80.93379062388928, 47.89153570214517], [-80.93330902372357, 47.89148140216306], [-80.9327874235425, 47.891409102180376], [-80.93234282338238, 47.89129980218791], [-80.93223912334506, 47.89127390218957], [-80.93074142279694, 47.89083210220365], [-80.92896292215063, 47.89034520222606], [-80.92796002178771, 47.89008360224063], [-80.9273448215681, 47.88994830225345], [-80.9269837214401, 47.889876102262036], [-80.9264888212732, 47.88984880228473], [-80.92388052039463, 47.88971220240548], [-80.92131231952924, 47.88957550252404], [-80.91831601852343, 47.889447502667124], [-80.91534661752532, 47.88931040280741], [-80.91459751727545, 47.88929190284521], [-80.914049017093, 47.88928250287352], [-80.91364771696246, 47.88930020289797], [-80.91327311683968, 47.88930890291966], [-80.91314811679985, 47.8893212029283], [-80.91245701657951, 47.88938920297613], [-80.91170781634041, 47.889460703027645], [-80.91113241615984, 47.88954120307116], [-80.90924581556615, 47.88979170321162], [-80.90802821518403, 47.889961703303584], [-80.90770701508856, 47.890051403334645], [-80.90632881465655, 47.890248203439334], [-80.9052048143064, 47.890427303527595], [-80.9049104142123, 47.89045400354762], [-80.90339871371987, 47.890515703639], [-80.9027029134973, 47.89057810368622], [-80.90232831337558, 47.89059580370924], [-80.90188681323608, 47.890649403741335], [-80.90143181309524, 47.89073000377827], [-80.90066911285165, 47.89080140383054], [-80.90025441271911, 47.89083920385882], [-80.90018751269776, 47.890845903863415], [-80.90010721267123, 47.89084590386778], [-80.89978621256508, 47.89084560388511], [-80.89917091235512, 47.89079110391021], [-80.89863581217594, 47.89077260393641], [-80.89800711196801, 47.89077210397042], [-80.89348521049077, 47.89092090423824], [-80.89204041001722, 47.89095560432186], [-80.89072940958361, 47.890954404392765], [-80.88891010897966, 47.89093460448835], [-80.88775960860019, 47.890942504551944], [-80.88648870818413, 47.89097730462609], [-80.88585990797935, 47.89100370466423], [-80.88531130780544, 47.891066104703455], [-80.88476260763474, 47.891155504746784], [-80.8844013075217, 47.89120920477458], [-80.88370540730877, 47.89135240483405], [-80.88312990713024, 47.89145080488026], [-80.88215300682434, 47.891593804955015], [-80.88045350629342, 47.89185300508655], [-80.87959700602842, 47.89200500515613], [-80.87797780551757, 47.89221030527515], [-80.87603730491116, 47.89250510542521], [-80.87543510472386, 47.89260350547283], [-80.87514060463285, 47.89265710549694], [-80.87468540449845, 47.8927916055421], [-80.87431060438958, 47.892917205581526], [-80.87368110421579, 47.893204405659375], [-80.8730383040376, 47.893491605737935], [-80.87235520385147, 47.893823805825534], [-80.87156510362786, 47.89413780591618], [-80.87065460336106, 47.894424706009204], [-80.87007890319538, 47.89463100607183], [-80.86965060306235, 47.89470250610588], [-80.86904830287492, 47.894800806153484], [-80.86813850257822, 47.89483570620808], [-80.86601110188407, 47.89491430633529], [-80.8640580012314, 47.89485800643252], [-80.86296100086626, 47.894838706489], [-80.86201120055092, 47.89482860653891], [-80.86170350044587, 47.89480120655134], [-80.86134240032314, 47.894773806566796], [-80.86072670011326, 47.89472130659217], [-80.85848009934698, 47.89452740668429], [-80.85711589887948, 47.89439080673733], [-80.85536369828245, 47.89424460680995], [-80.85524959824373, 47.89423660681492], [-80.8539592978059, 47.894143906870625], [-80.8530229974885, 47.894079706911555], [-80.85109679683728, 47.893961406997825], [-80.85108349683271, 47.89396030699841], [-80.8493043962322, 47.89385900707925], [-80.84729809555212, 47.89372140716694], [-80.84634849522926, 47.89364820720716], [-80.84535859489847, 47.89361980725647], [-80.8443420945524, 47.89353750729894], [-80.84410129447053, 47.8935192073092], [-80.84279059402496, 47.89341840736474], [-80.84178749368328, 47.89333610740652], [-80.84094479340011, 47.89329890744645], [-80.83985079303577, 47.893278307502506], [-80.83834959253585, 47.89325030757949], [-80.83785299237033, 47.89323950760474], [-80.83699849208551, 47.89322150764823], [-80.8363963918916, 47.89326560768753], [-80.8358475917186, 47.89333680772807], [-80.8350042914578, 47.89348850779682], [-80.83442879127917, 47.89358670784293], [-80.83402739114848, 47.893604107867304], [-80.8334121909352, 47.89352220788811], [-80.83269019068118, 47.8933952079078], [-80.83160709030334, 47.8932317079415], [-80.83075119000927, 47.89314050797393], [-80.82988178971722, 47.89310320801525], [-80.82878498934454, 47.893020608062024], [-80.82839718921298, 47.89299300807879], [-80.82679268865071, 47.892729708125444], [-80.82629788847834, 47.89265700814115], [-80.82580298831128, 47.8926292081637], [-80.82485338798948, 47.89256480820525], [-80.8228869873332, 47.892516808304315], [-80.82112128674339, 47.8924691083925], [-80.82042588650675, 47.89241400842172], [-80.81981068629564, 47.89235010844526], [-80.81916898606708, 47.89221410845926], [-80.81830028575263, 47.891987808471725], [-80.81824008573084, 47.891972008472614], [-80.8180997856798, 47.89193350847431], [-80.81772538554942, 47.89187890848624], [-80.8173641854288, 47.8918694085043], [-80.81690928528035, 47.89188660853152], [-80.81657478517393, 47.891922108555065], [-80.81606608501528, 47.89200230859478], [-80.81573128491841, 47.892118708630576], [-80.81540968483023, 47.89227110867124], [-80.8150747847323, 47.892378608705705], [-80.81463278460424, 47.89253080875279], [-80.81451388457306, 47.89259920876966], [-80.81435128453045, 47.8926923087926], [-80.81338528430531, 47.893482508965285], [-80.81153418385279, 47.894820109269176], [-80.81121248376778, 47.89499960931392], [-80.81078348365588, 47.89525080937538], [-80.81047538356681, 47.89535820940839], [-80.81007358344883, 47.89548350944923], [-80.80909588315855, 47.89576080954434], [-80.80875438305598, 47.89584800957609], [-80.8077567827561, 47.89610050966849], [-80.80561428210598, 47.896591809859196], [-80.80510528195786, 47.89676190991261], [-80.80453568178704, 47.896909409965836], [-80.80410088165652, 47.897021110006364], [-80.80112718078279, 47.89794271030754], [-80.80035028055565, 47.89819331038775], [-80.799854480413, 47.89837241044181], [-80.7995207803173, 47.89849551047859], [-80.79728197967525, 47.8993216107255], [-80.79677297952391, 47.899464710774815], [-80.796478279436, 47.89954511080301], [-80.79404127868825, 47.90003571100942], [-80.79350567852163, 47.90012471105194], [-80.79317097841725, 47.900178111078176], [-80.79270267826323, 47.90018621110473], [-80.78977267728767, 47.90013591125536], [-80.78523667579208, 47.900181511507384], [-80.7847682756402, 47.90020761153668], [-80.78281427501031, 47.90034791166361], [-80.78239947487295, 47.900347111685896], [-80.7818376746826, 47.900310111710645], [-80.78124897448768, 47.90030901174225], [-80.78056687425317, 47.90023571176795], [-80.77991147403074, 47.90018951179631], [-80.77916287376455, 47.90003511181317], [-80.77873527360791, 47.899908311816986], [-80.77805387335428, 47.899673011817946], [-80.77761297319002, 47.8995192118183], [-80.77706537298394, 47.89931121181619], [-80.77637047272911, 47.89910291182198], [-80.77316327156163, 47.89821491185983], [-80.77280247143138, 47.898124211865515], [-80.77248137132295, 47.89810561188003], [-80.77213347120879, 47.89811391190006], [-80.77186567112761, 47.89817641192408], [-80.77083417081927, 47.89845321202194], [-80.76974897049965, 47.898784012130925], [-80.76864977019359, 47.89926761226397], [-80.76795266999922, 47.89957211234804], [-80.76744346984991, 47.89973311240007], [-80.76698796971408, 47.89985811244368], [-80.76650616955989, 47.899902112476404], [-80.76587726935269, 47.89990981251155], [-80.7653690691779, 47.89985481253064], [-80.76464696892906, 47.89977241255702], [-80.76427276879328, 47.899672612562014], [-80.76263746820842, 47.8993071125946], [-80.76236136810972, 47.89924581260016], [-80.76210946802036, 47.89919581260612], [-80.76185346792968, 47.89914581261235], [-80.76026276736413, 47.898818612648334], [-80.759620867144, 47.898754312673205], [-80.7591125669735, 47.89873521269771], [-80.75863076681608, 47.89875221272633], [-80.7580281666304, 47.89886791277646], [-80.75733176641585, 47.89900141283441], [-80.75663566619605, 47.89908991288545], [-80.75575206591624, 47.899196012949304], [-80.75461436555211, 47.89930041302668], [-80.75383796530458, 47.899379713080634], [-80.75331576514128, 47.89945961312102], [-80.752873565012, 47.899602613166635], [-80.75245796489472, 47.89977261321501], [-80.75095586448622, 47.900516213409354], [-80.7496275641375, 47.90127811359722], [-80.74850056383946, 47.901906613753766], [-80.74698466343496, 47.90272201395985], [-80.74641446328255, 47.90302671403709], [-80.7456430630764, 47.90343881414152], [-80.74491596294612, 47.904364014321736]]}, "properties": {"OBJECTID": 2181}}, {"type": "Feature", "id": 3061, "geometry": {"type": "LineString", "coordinates": [[-81.28132121045891, 48.47247657048339], [-81.28082481030208, 48.47254077052058], [-81.28056791022082, 48.47257287053965], [-81.28037741016041, 48.47259587055368], [-81.2800516100574, 48.47263717057798], [-81.27725250913417, 48.47268897074148], [-81.27162790727425, 48.47275647106456], [-81.27126340715158, 48.47274377108292], [-81.27101180706694, 48.472735371095716]]}, "properties": {"OBJECTID": 3061}}, {"type": "Feature", "id": 3062, "geometry": {"type": "LineString", "coordinates": [[-81.24418479785231, 48.47033117222995], [-81.24456609815452, 48.47172707241653]]}, "properties": {"OBJECTID": 3062}}, {"type": "Feature", "id": 3063, "geometry": {"type": "LineString", "coordinates": [[-81.27101180706694, 48.472735371095716], [-81.27568370836211, 48.47069547053215], [-81.27587860841604, 48.47060957050847], [-81.27593320840754, 48.47039797047395], [-81.27600730839478, 48.470100970425634], [-81.27604250838893, 48.46996137040288], [-81.2760443083886, 48.469954170401735]]}, "properties": {"OBJECTID": 3063}}, {"type": "Feature", "id": 3064, "geometry": {"type": "LineString", "coordinates": [[-81.2760443083886, 48.469954170401735], [-81.27714050888238, 48.47098437049406], [-81.2805672101747, 48.472208570485485], [-81.28132121045891, 48.47247657048339]]}, "properties": {"OBJECTID": 3064}}, {"type": "Feature", "id": 3065, "geometry": {"type": "LineString", "coordinates": [[-81.27571820824167, 48.46964727037422], [-81.27604240838778, 48.46995237040157], [-81.2760443083886, 48.469954170401735]]}, "properties": {"OBJECTID": 3065}}, {"type": "Feature", "id": 3066, "geometry": {"type": "LineString", "coordinates": [[-81.27617500836699, 48.46943747031759], [-81.27617110836589, 48.46943927031808], [-81.27599150831654, 48.46952067034018], [-81.27571820824167, 48.46964727037422]]}, "properties": {"OBJECTID": 3066}}, {"type": "Feature", "id": 3067, "geometry": {"type": "LineString", "coordinates": [[-81.2760443083886, 48.469954170401735], [-81.27613600837353, 48.46959237034278], [-81.27617120836766, 48.46945277032004], [-81.27617500836699, 48.46943747031759]]}, "properties": {"OBJECTID": 3067}}, {"type": "Feature", "id": 3068, "geometry": {"type": "LineString", "coordinates": [[-81.24577499802237, 48.467481371717255], [-81.24268759719638, 48.46907037212546]]}, "properties": {"OBJECTID": 3068}}, {"type": "Feature", "id": 3069, "geometry": {"type": "LineString", "coordinates": [[-81.25340600031603, 48.46556077100705], [-81.2525653003288, 48.46788377139967]]}, "properties": {"OBJECTID": 3069}}, {"type": "Feature", "id": 3070, "geometry": {"type": "LineString", "coordinates": [[-81.27617500836699, 48.46943747031759], [-81.27629200834717, 48.468971170241645], [-81.27640060837079, 48.468871970220874], [-81.28004440916497, 48.46556586952598], [-81.28055960933254, 48.46553756949309], [-81.28449691061864, 48.46536596924843], [-81.28534261089473, 48.465327869195704]]}, "properties": {"OBJECTID": 3070}}, {"type": "Feature", "id": 3071, "geometry": {"type": "LineString", "coordinates": [[-81.3165270211603, 48.464611567352385], [-81.31652692116256, 48.46462956735509], [-81.31652652118733, 48.46482746738453], [-81.3165253212232, 48.46511536742744], [-81.31652532123114, 48.46517836743682]]}, "properties": {"OBJECTID": 3071}}, {"type": "Feature", "id": 3072, "geometry": {"type": "LineString", "coordinates": [[-81.28132121045891, 48.47247657048339], [-81.28313441106572, 48.47251257038785], [-81.2859215119917, 48.47251467023302], [-81.2915931138759, 48.47251826991773], [-81.29713311571636, 48.472521969609794], [-81.29857951614304, 48.47209536946575], [-81.29891631624233, 48.471995569432146], [-81.30231731724605, 48.47099696909413], [-81.30569151824136, 48.470002868758264], [-81.30621021839417, 48.46984856870643], [-81.30783921881392, 48.46888606847245], [-81.31320872059345, 48.46885806816915], [-81.315848421468, 48.46884186801966], [-81.31570182109512, 48.46626926764504], [-81.31564392094896, 48.46526176749833], [-81.31560702085513, 48.46461416740405]]}, "properties": {"OBJECTID": 3072}}, {"type": "Feature", "id": 3073, "geometry": {"type": "LineString", "coordinates": [[-81.28534261089473, 48.465327869195704], [-81.286359511227, 48.465284769132666], [-81.2881207118029, 48.465212869023894], [-81.28936111220766, 48.465155768946346], [-81.2900527124196, 48.465014568886865], [-81.2913239128136, 48.464790968782786], [-81.29157641289113, 48.46474086876131], [-81.29182891296871, 48.464690668739756], [-81.29243091315084, 48.464549668685265], [-81.29279811326025, 48.46444976864994], [-81.29311821335062, 48.46432306861326], [-81.29315321335991, 48.464304968608644], [-81.29360701347763, 48.46404286854439], [-81.29362471348247, 48.464034568542104]]}, "properties": {"OBJECTID": 3073}}, {"type": "Feature", "id": 3074, "geometry": {"type": "LineString", "coordinates": [[-81.29362471348247, 48.464034568542104], [-81.29430431366822, 48.46371716845707], [-81.2944161137008, 48.463680968445445], [-81.29475541379979, 48.46357206841036], [-81.29503871388695, 48.46351736838641], [-81.29523181394931, 48.463503368373615], [-81.30186381616538, 48.46361206802049], [-81.30214871626046, 48.46361576800516], [-81.30227681630352, 48.46361996799863], [-81.3028848165069, 48.46363186796655], [-81.30379811681443, 48.46366536792069], [-81.30465221708415, 48.46355516785671], [-81.30488361715697, 48.46352306783906], [-81.30535081730402, 48.46345886780349], [-81.31022461891848, 48.46342776752737], [-81.31274711975692, 48.463434367387784], [-81.31319871990107, 48.46338816735576], [-81.31653152096627, 48.46305966712122], [-81.3165270211603, 48.464611567352385]]}, "properties": {"OBJECTID": 3074}}, {"type": "Feature", "id": 3075, "geometry": {"type": "LineString", "coordinates": [[-81.27020000556612, 48.462949169684244], [-81.27036100562631, 48.46300266968324], [-81.27230310637434, 48.46382126969706], [-81.27461020725423, 48.46472436970315], [-81.27417860717155, 48.465206769798975], [-81.2731953069833, 48.466306670017396], [-81.27266210687318, 48.466838770126245], [-81.27461260774626, 48.46862887028415], [-81.27527670804363, 48.46923907033806], [-81.27571820824167, 48.46964727037422]]}, "properties": {"OBJECTID": 3075}}, {"type": "Feature", "id": 3076, "geometry": {"type": "LineString", "coordinates": [[-81.27020050554817, 48.46280516966275], [-81.26996540547637, 48.462855169683316], [-81.26800460487179, 48.463226469847655]]}, "properties": {"OBJECTID": 3076}}, {"type": "Feature", "id": 3077, "geometry": {"type": "LineString", "coordinates": [[-81.27020050554817, 48.46280516966275], [-81.27020000556612, 48.462949169684244]]}, "properties": {"OBJECTID": 3077}}, {"type": "Feature", "id": 3078, "geometry": {"type": "LineString", "coordinates": [[-81.24912239857926, 48.4630646708736], [-81.24968019861852, 48.46190287066956], [-81.25804590116267, 48.46003536992643], [-81.25907100147292, 48.45979466983359], [-81.26057950192944, 48.459440369696914], [-81.26309840269472, 48.458872269472245], [-81.2646774033991, 48.460303569597585], [-81.26800460487179, 48.463226469847655]]}, "properties": {"OBJECTID": 3078}}, {"type": "Feature", "id": 3079, "geometry": {"type": "LineString", "coordinates": [[-81.27215840347034, 48.44110076632155], [-81.27077810303503, 48.44128406642561], [-81.27024580286292, 48.44132126646076], [-81.26973310269679, 48.441353966494106], [-81.26927840260585, 48.44183186659059], [-81.26861080247477, 48.4425531667352], [-81.26843940244221, 48.4427470667736], [-81.26830790241722, 48.44289576680307], [-81.26813190238367, 48.44309406684238], [-81.26737450223862, 48.443941567010754], [-81.26688550214529, 48.444491467119875], [-81.2668317021348, 48.444550067131615], [-81.26325610110669, 48.44581796751928]]}, "properties": {"OBJECTID": 3079}}, {"type": "Feature", "id": 3080, "geometry": {"type": "LineString", "coordinates": [[-81.28210400681762, 48.44145886582171], [-81.28209890686345, 48.44183676587835], [-81.28208470698705, 48.44285796603122], [-81.27825660577027, 48.44329016630858], [-81.27364910430221, 48.44378266663815], [-81.27259720385887, 48.443033966585126], [-81.27257120383614, 48.442921666569845], [-81.27215840347034, 48.44110076632155]]}, "properties": {"OBJECTID": 3080}}, {"type": "Feature", "id": 3081, "geometry": {"type": "LineString", "coordinates": [[-81.29281421000493, 48.43852606478898], [-81.28733980827572, 48.43922816519816], [-81.28733060827435, 48.43924176520069], [-81.2845802074039, 48.43958146540435], [-81.28304560691522, 48.439747265514384], [-81.28180200651965, 48.43988526560413], [-81.2787173055467, 48.440293165836444], [-81.27665550489607, 48.44056366599141], [-81.27665340489541, 48.440563665991526], [-81.27632110479081, 48.44060946601683], [-81.27492210434592, 48.44076576611795], [-81.27468140426947, 48.44079336613545], [-81.27431530415309, 48.44083466616191], [-81.27354970390931, 48.4409175662169], [-81.27237290353813, 48.44107326630553], [-81.27215840347034, 48.44110076632155]]}, "properties": {"OBJECTID": 3081}}, {"type": "Feature", "id": 3082, "geometry": {"type": "LineString", "coordinates": [[-81.32341691980925, 48.43570896266574], [-81.31521721725453, 48.437036263320046], [-81.314804417125, 48.43709586335195], [-81.31467011708273, 48.43711426336216], [-81.3144034169994, 48.437155463383135], [-81.31295161651632, 48.43714596346252], [-81.31053641571206, 48.43712546359399], [-81.30973991544678, 48.43711866363727], [-81.30346591336175, 48.43709946398367], [-81.30074791245865, 48.43709306413403], [-81.29582761094103, 48.43801456454515], [-81.29364641026794, 48.43842046472697], [-81.29281421000493, 48.43852606478898]]}, "properties": {"OBJECTID": 3082}}, {"type": "Feature", "id": 3083, "geometry": {"type": "LineString", "coordinates": [[-81.27378000266391, 48.43039086463554], [-81.2738120027626, 48.43109256473831], [-81.27387280294995, 48.432423864933334], [-81.2740046033568, 48.43531596535697], [-81.27410180365628, 48.4374434656686], [-81.274109903681, 48.43761886569428], [-81.27411040368285, 48.437632365696224], [-81.2736600036317, 48.43841616583807], [-81.2721458034594, 48.441046866314196], [-81.27215840347034, 48.44110076632155]]}, "properties": {"OBJECTID": 3083}}, {"type": "Feature", "id": 3084, "geometry": {"type": "LineString", "coordinates": [[-81.35960543109107, 48.42992925978827], [-81.35782143054514, 48.430294659942106], [-81.35315192911591, 48.43124926034462], [-81.34530762670958, 48.43281146101454], [-81.34366432620507, 48.43313576115441], [-81.34147282553243, 48.433569661341174], [-81.33794642445008, 48.4342682616417], [-81.33757132433482, 48.43434136167349]]}, "properties": {"OBJECTID": 3084}}, {"type": "Feature", "id": 3085, "geometry": {"type": "LineString", "coordinates": [[-81.35960543109107, 48.42992925978827], [-81.36031073130667, 48.42978305972715], [-81.3658878330138, 48.42864535924671], [-81.3697837343082, 48.428659859031605], [-81.37022223445405, 48.42866295900761], [-81.37108233473963, 48.42866465895988], [-81.37125253479604, 48.42866415895033], [-81.37426803579807, 48.42867685878402], [-81.37463183591916, 48.42868015876421], [-81.37573693628649, 48.42868555870334], [-81.37606053639372, 48.42868455868515], [-81.37977763762696, 48.42868575847794], [-81.38099583803006, 48.428677258408726], [-81.3841593390549, 48.42848225820314], [-81.38498563932247, 48.42843005814929]]}, "properties": {"OBJECTID": 3085}}, {"type": "Feature", "id": 3086, "geometry": {"type": "LineString", "coordinates": [[-81.01163740401445, 48.33739196523271], [-81.01179310410289, 48.33768886526861], [-81.01134120404406, 48.338426665404036], [-81.00725430282876, 48.33957856580138]]}, "properties": {"OBJECTID": 3086}}, {"type": "Feature", "id": 3087, "geometry": {"type": "LineString", "coordinates": [[-81.60236403155015, 48.58660926942009], [-81.59652692969291, 48.58723346984162], [-81.59446832903755, 48.58745106998986], [-81.59320882863761, 48.587592470081816], [-81.58455142539867, 48.58473987014822], [-81.58402062519977, 48.584562670151946], [-81.58306772484265, 48.584243570158534], [-81.58182912437934, 48.583836070168054], [-81.57408512148564, 48.58131097023118], [-81.56961051999745, 48.58128817047993], [-81.56658681899334, 48.58128517064984], [-81.56391551810486, 48.58127127079826], [-81.56335961792067, 48.58127397082997], [-81.56295291778588, 48.58127597085317], [-81.5555497153283, 48.58127597127015], [-81.55298721447802, 48.58127937141497], [-81.55190241411741, 48.581275571475494], [-81.54954321333453, 48.581277871608684], [-81.54835011293916, 48.581283571676664], [-81.54216721088675, 48.581285872025106], [-81.52665560573422, 48.5812679728954], [-81.50962550007633, 48.58124567384997], [-81.50539499867035, 48.58123737408662]]}, "properties": {"OBJECTID": 3087}}, {"type": "Feature", "id": 3088, "geometry": {"type": "LineString", "coordinates": [[-81.61515203479827, 48.57884066755021], [-81.61110983473515, 48.58881226925226], [-81.60806603394852, 48.590555769681664], [-81.60706893354097, 48.58995826964965]]}, "properties": {"OBJECTID": 3088}}, {"type": "Feature", "id": 3089, "geometry": {"type": "LineString", "coordinates": [[-81.58850452589247, 48.578350268980614], [-81.59655122878462, 48.58008116878284]]}, "properties": {"OBJECTID": 3089}}, {"type": "Feature", "id": 3090, "geometry": {"type": "LineString", "coordinates": [[-81.61615173306882, 48.56274966511429], [-81.61542343316061, 48.565353565540576], [-81.61325713348612, 48.57350686686849], [-81.61229453359725, 48.57686766741977], [-81.60911903395811, 48.58790516923052], [-81.60706893354097, 48.58995826964965]]}, "properties": {"OBJECTID": 3090}}, {"type": "Feature", "id": 3091, "geometry": {"type": "LineString", "coordinates": [[-81.49182396367111, 48.340565639085426], [-81.48814616271439, 48.34264153960076], [-81.48331436146766, 48.34545104028996], [-81.47920446037355, 48.34757344083628]]}, "properties": {"OBJECTID": 3091}}, {"type": "Feature", "id": 3092, "geometry": {"type": "LineString", "coordinates": [[-81.18994237571876, 47.61858744652307], [-81.19040687582968, 47.61823574644387], [-81.19234527631995, 47.61699974614888], [-81.1942302767906, 47.61574584585405], [-81.19608867725566, 47.6145189455648], [-81.1964868773544, 47.61424834550168]]}, "properties": {"OBJECTID": 3092}}, {"type": "Feature", "id": 3093, "geometry": {"type": "LineString", "coordinates": [[-81.19963937752084, 47.60693664420891], [-81.1999271774644, 47.605667443998584], [-81.20028227745051, 47.60456904381081], [-81.20070377745729, 47.603461543618025], [-81.20188547777278, 47.60284764345955], [-81.20306707808821, 47.60223364330107], [-81.20253227782896, 47.601532743222656], [-81.20269937770519, 47.60002984298305], [-81.20284047758882, 47.59866194276554], [-81.20420447784862, 47.597075842448014], [-81.20554197810608, 47.595543842140216], [-81.2068925783636, 47.59397574182617], [-81.20771347851769, 47.59300244163218]]}, "properties": {"OBJECTID": 3093}}, {"type": "Feature", "id": 3094, "geometry": {"type": "LineString", "coordinates": [[-81.22261778323997, 47.59151654059297], [-81.22297648334491, 47.59140784055676], [-81.22550068409365, 47.59072794031506], [-81.22771768470618, 47.58975174004458], [-81.22786368474661, 47.58968854002693], [-81.2300938853634, 47.58871223975573], [-81.23223088595064, 47.58774503949099], [-81.23452708658051, 47.58669663920512], [-81.23675708719821, 47.58572913893524], [-81.23763248742362, 47.585205438807186], [-81.23768548743566, 47.585160338797415], [-81.23920998780994, 47.58409543855098], [-81.23952818788871, 47.5838787385004], [-81.23960768790735, 47.583815638486406], [-81.23962088790951, 47.58379763848292], [-81.24281448866373, 47.581316337928286], [-81.24301318871079, 47.58116303789392], [-81.24470968912325, 47.579944637614595], [-81.24659178958379, 47.57861783730848], [-81.24842049002471, 47.57727313700252], [-81.24973219033863, 47.576289536780166], [-81.25028869047104, 47.57586533668476], [-81.25393209134059, 47.57311293606389], [-81.25528359166866, 47.57213823584071]]}, "properties": {"OBJECTID": 3094}}, {"type": "Feature", "id": 3095, "geometry": {"type": "LineString", "coordinates": [[-81.25574379169345, 47.571075435652546], [-81.25517589094949, 47.56638873496411], [-81.25499629072472, 47.56499443475989], [-81.25495459066612, 47.56461663470414], [-81.25580259087594, 47.56403883456928]]}, "properties": {"OBJECTID": 3095}}, {"type": "Feature", "id": 3096, "geometry": {"type": "LineString", "coordinates": [[-81.25751969117103, 47.56177653412844], [-81.25871049142602, 47.560631133887746], [-81.26006109174195, 47.55955733364932]]}, "properties": {"OBJECTID": 3096}}, {"type": "Feature", "id": 3097, "geometry": {"type": "MultiLineString", "coordinates": [[[-81.2658280930529, 47.55465083258193], [-81.26587179306489, 47.55463103257649]], [[-81.26325029244845, 47.5566886330352], [-81.26335619247143, 47.556589433014175], [-81.264784392769, 47.555146432714835], [-81.26559319298737, 47.55474863260972], [-81.26563309299938, 47.554739532606156], [-81.2658280930529, 47.55465083258193]]]}, "properties": {"OBJECTID": 3097}}, {"type": "Feature", "id": 3098, "geometry": {"type": "LineString", "coordinates": [[-81.26668079328974, 47.554287232479616], [-81.27080529443134, 47.552495931979855]]}, "properties": {"OBJECTID": 3098}}, {"type": "Feature", "id": 3105, "geometry": {"type": "LineString", "coordinates": [[-81.53169150949395, 47.79638085491907], [-81.53391290996453, 47.79424705447208]]}, "properties": {"OBJECTID": 3105}}, {"type": "Feature", "id": 3106, "geometry": {"type": "LineString", "coordinates": [[-81.5509854121445, 47.76603954924007], [-81.55128421230174, 47.7665251492974], [-81.5513386123316, 47.76662384930943], [-81.55032721203268, 47.766898649407125], [-81.54984531216343, 47.76927634979532], [-81.54825041171684, 47.769913849980455], [-81.54721601160728, 47.771808250325684], [-81.54641651136029, 47.77193805038962], [-81.54469231092033, 47.772979850643324], [-81.54437281082535, 47.77306235067355], [-81.54374331074793, 47.77412705087021], [-81.54246341034445, 47.77426805096236], [-81.54128651008632, 47.77532635118833], [-81.54131631013331, 47.77563215123316], [-81.54099821005413, 47.77584055128245], [-81.5398847097796, 47.77659265145834], [-81.53997820996673, 47.777878851648715], [-81.54019931012687, 47.77859765174581], [-81.53824770961124, 47.77963255201103], [-81.53499500875218, 47.781359552453296], [-81.53478340870656, 47.78155625249491], [-81.53473060869581, 47.78161055250606], [-81.53468540893579, 47.783706052827135], [-81.5362378094897, 47.78406435279583], [-81.53620090951453, 47.78436815284405], [-81.53613900970852, 47.78612975311526], [-81.53612910974577, 47.786462753166454], [-81.53436800918207, 47.78658795328279], [-81.53516460970626, 47.788743653566456], [-81.53516740974003, 47.78901355360732], [-81.53460120964725, 47.789781053755256], [-81.53387900955259, 47.79095405397346], [-81.53314100942535, 47.79190225415838], [-81.53216810928569, 47.793382354437085], [-81.53049350898686, 47.79545065484398], [-81.52893610853371, 47.79593465500356], [-81.52823100833405, 47.79619885508268], [-81.52668790789659, 47.79677285525522], [-81.52458590730083, 47.79755625549041], [-81.524293307219, 47.79767455552455], [-81.52400080713721, 47.79779285555868], [-81.52400100714055, 47.79781985556276], [-81.52628290787096, 47.79765645541182], [-81.528669808615, 47.79732155522904], [-81.53030710909105, 47.796810155060854], [-81.53169150949395, 47.79638085491907]]}, "properties": {"OBJECTID": 3106}}, {"type": "Feature", "id": 3111, "geometry": {"type": "LineString", "coordinates": [[-81.48201321878827, 48.79827280739889], [-81.48210451877092, 48.797903507339505], [-81.48374241881294, 48.794010306675204], [-81.48491181886091, 48.791369506221265], [-81.48534651890196, 48.79056710607885], [-81.48535871890311, 48.79054450607484], [-81.48699721894832, 48.78667380541366], [-81.48817281898332, 48.783916004942114], [-81.48831061869427, 48.78132450455348], [-81.48834971769666, 48.77350230340165], [-81.48831881624882, 48.76236970176666], [-81.48822441618259, 48.762100201732366], [-81.4883682160382, 48.7606108015052], [-81.488419215206, 48.75402990053445], [-81.48844451500666, 48.75241950029615], [-81.4884374149103, 48.75169080018932], [-81.48844441355644, 48.74117429864161], [-81.48843451197419, 48.72892159683871], [-81.48843421197061, 48.728894596834714], [-81.48841871139774, 48.72448649618659], [-81.48841251095082, 48.72103199567825], [-81.48839271032001, 48.71618309496524], [-81.48837550972385, 48.7115951942904], [-81.48837350969656, 48.71138819425998], [-81.48832940909514, 48.70682739359057], [-81.48834750880027, 48.70448829324492], [-81.48843050794402, 48.697614792227284], [-81.48842640788713, 48.69718299216387], [-81.48841880778399, 48.69640039204898], [-81.4884239076735, 48.69552769192005], [-81.48841620702572, 48.690507791180536], [-81.48840090663691, 48.687521190741045], [-81.48839780641511, 48.685802890487864], [-81.48839040541091, 48.67800318933814], [-81.48838900539191, 48.67785918931695], [-81.48837580521196, 48.67649188911606], [-81.48832800456205, 48.6715530883902], [-81.48832100446621, 48.67082448828317], [-81.48831300435735, 48.669996788161505], [-81.48831250435026, 48.66994288815356], [-81.48832350360006, 48.66406818728619], [-81.48832610345552, 48.66293468711872], [-81.48832680328493, 48.66160318692223], [-81.48833920309404, 48.66008278669715], [-81.48834310296728, 48.65908418654957], [-81.48835140289965, 48.6585353864681], [-81.48833310211029, 48.652426985567494], [-81.48828740040965, 48.63927458362813], [-81.48825739946189, 48.63195178254821], [-81.4882682994298, 48.631672782506335], [-81.4882683994252, 48.63163688250105], [-81.48825799905907, 48.628804182083144], [-81.48825189884732, 48.62716578184143], [-81.48824069851548, 48.62460188146325], [-81.48822129771241, 48.61837648054435], [-81.48821919768416, 48.618160580512566], [-81.4882078975296, 48.61698208033905], [-81.4881722961465, 48.606258578755764], [-81.48816429585756, 48.60401857842502], [-81.48809789495495, 48.59712767740966], [-81.48797239486846, 48.59677727736489], [-81.48736799456573, 48.59597917728083], [-81.48448329311947, 48.59215887687786], [-81.475967988849, 48.58086237568474], [-81.47093058632323, 48.57417737497807], [-81.44381917275678, 48.53833547118897], [-81.44330097252774, 48.53788767115161], [-81.42785326739684, 48.53787867201592], [-81.40635286025412, 48.5378621732175], [-81.40632586024631, 48.53787127322037], [-81.40623106021602, 48.537880573227056], [-81.40300655914069, 48.537846873402586], [-81.40025655822848, 48.53785647355794], [-81.3946884563757, 48.5378307738657], [-81.39332025592182, 48.53783547394299], [-81.38604475304146, 48.534180573807845], [-81.3787567501582, 48.53053427367444]]}, "properties": {"OBJECTID": 3111}}, {"type": "Feature", "id": 3112, "geometry": {"type": "LineString", "coordinates": [[-81.6320609423809, 48.59421396886766], [-81.63117304299927, 48.60132606996837], [-81.63111174304709, 48.60185717005027], [-81.63090114318304, 48.60345967029888], [-81.6277510428087, 48.60868577124855], [-81.62607494259792, 48.61137587174045], [-81.62575594256045, 48.61190837183711], [-81.62650554298557, 48.6132806719974], [-81.62810254389605, 48.6162407723442], [-81.62980364493245, 48.61991097278985], [-81.63004034507328, 48.62039547284802], [-81.63013794513337, 48.6206108728743], [-81.63088984558024, 48.62214517305828], [-81.63223954637205, 48.62481867337653], [-81.63363244720263, 48.62768087372021], [-81.6346633478184, 48.629807273975715], [-81.63577884849349, 48.63217617426212], [-81.63706084925973, 48.634822974580096], [-81.63762224963449, 48.636286274764245], [-81.63762234963563, 48.63629527476559], [-81.63804325005302, 48.63845207505989], [-81.63809355016696, 48.63920747516847], [-81.63816565037268, 48.64061947537268], [-81.63820265048574, 48.641401975486], [-81.63820575051807, 48.641644875521635], [-81.63826785075639, 48.643335775767476], [-81.63830765089814, 48.644334175912476], [-81.63898235135693, 48.64615667614308], [-81.64122295279354, 48.65153297680908], [-81.64172715311709, 48.65274467695919], [-81.64269425374363, 48.65511427725378], [-81.64290445387934, 48.65562587731729], [-81.64324055409395, 48.656424677416005], [-81.64501855522474, 48.660615977933155], [-81.64570335564771, 48.66213247811787], [-81.64631565600027, 48.663289578253746], [-81.6468254563111, 48.664386578386555], [-81.6479600569676, 48.66655497864188], [-81.64865085728862, 48.66726517870743], [-81.64915555749116, 48.66753557871867], [-81.6528785589855, 48.66953427880241], [-81.65345285921876, 48.669863878818425], [-81.6552344599431, 48.67089167886901], [-81.65722436075133, 48.67203297892444], [-81.6615118624681, 48.67430137901575], [-81.66563426416356, 48.676828079154404], [-81.66718606485239, 48.678170779264235], [-81.6675557650279, 48.678579179303426], [-81.66769826509514, 48.678733479318076], [-81.668104065312, 48.67936877938863], [-81.66863406567725, 48.68083317957422], [-81.6689667662634, 48.68451418009735], [-81.66903146641985, 48.68555848024742], [-81.66939966731054, 48.69150288110156], [-81.66951706754665, 48.69302708131924], [-81.66960526772377, 48.69417028148251], [-81.6698471685041, 48.699582382265234], [-81.6698519685153, 48.699656582275885], [-81.67006276901819, 48.70300198275618], [-81.67007826917418, 48.704168082926834], [-81.66952186910137, 48.70503378308576], [-81.66856886890714, 48.705979483278895], [-81.66575126818238, 48.70761288367892], [-81.66327036754006, 48.70901938402642], [-81.662102767191, 48.70931958413678], [-81.66134626696504, 48.70951618420856], [-81.66101546695262, 48.71026928433811], [-81.65995036674066, 48.71136618455979], [-81.65988876673292, 48.711464384577766], [-81.65883756660035, 48.713139184883694], [-81.65822176704802, 48.71817838565975], [-81.65781016733493, 48.721450886164334], [-81.65686226776549, 48.7272082870646], [-81.65639846808399, 48.7308566876272], [-81.65637666810967, 48.731110987665815], [-81.65625616817346, 48.73191228779047], [-81.6558212682434, 48.73356788805849], [-81.6552119682118, 48.734886988286924], [-81.65313636782518, 48.73722768874862], [-81.65212376760637, 48.738136388939594], [-81.65150596748421, 48.73877868906902], [-81.64931376703474, 48.74093328950992], [-81.64842186693362, 48.742440689782036], [-81.64853736778657, 48.7487238906987], [-81.64865276798163, 48.74993209086966], [-81.64936636836651, 48.75107059099643], [-81.65000136867094, 48.751790091066106], [-81.65104166914936, 48.752811991157245], [-81.6511669692446, 48.75322519121085], [-81.65207916969193, 48.754335491322195], [-81.65254776990811, 48.754800691363954], [-81.65412037064691, 48.7564650915192], [-81.65496417106691, 48.75753979162919], [-81.65544987132262, 48.75826579170822], [-81.65574307149458, 48.75883979177593], [-81.65597077167057, 48.759612191876386], [-81.65610507183303, 48.76052009200211], [-81.65606677198149, 48.761761792186604], [-81.65521317255086, 48.7683338932], [-81.65474337286936, 48.771988993763244], [-81.6546454729467, 48.772835193893], [-81.65472207305741, 48.773491493985006], [-81.65478057311775, 48.77380599402785], [-81.65493377320364, 48.774074994058594], [-81.65501817325853, 48.77428149408415], [-81.65511537331061, 48.77443379410096], [-81.65536477343781, 48.77477429413677], [-81.65561407356378, 48.775105694171266], [-81.65594617372771, 48.77551759421289], [-81.65630417388861, 48.77583949423984], [-81.65678687411184, 48.77632249428329], [-81.65729507432727, 48.77667949430687], [-81.65789927458034, 48.77708089433147], [-81.66170537620108, 48.77981189451623], [-81.66203197633882, 48.78003609453058], [-81.66268057661233, 48.78048099455902], [-81.66334047689564, 48.78097199459363], [-81.66371367707562, 48.78140169463547], [-81.66411347725854, 48.781786194669195], [-81.664335877378, 48.78213579470786], [-81.66448827745546, 48.78234179472942], [-81.66457177750073, 48.7824762947444], [-81.66468397757069, 48.78272749477494], [-81.66479757765515, 48.78308669482118], [-81.6648968777279, 48.78339199486031], [-81.66498237779365, 48.78367939489762], [-81.66502627783869, 48.78391309492943], [-81.66504297787463, 48.784146894962774], [-81.66506107792506, 48.78448859501193], [-81.66506357795045, 48.78467749503944], [-81.66498847798988, 48.7851726951164], [-81.66466397830689, 48.788440195614164]]}, "properties": {"OBJECTID": 3112}}, {"type": "Feature", "id": 3113, "geometry": {"type": "MultiLineString", "coordinates": [[[-81.54459056879931, 48.24230822145339], [-81.54524546900815, 48.242247321407696]], [[-81.54459056879931, 48.24230822145339], [-81.54398986860772, 48.24236412149533], [-81.54132546775554, 48.24259262167835], [-81.53999196731438, 48.242589921752455]]]}, "properties": {"OBJECTID": 3113}}, {"type": "Feature", "id": 3115, "geometry": {"type": "LineString", "coordinates": [[-81.54240426796314, 48.24140222143995], [-81.54178276772988, 48.241180221441425], [-81.54170976770341, 48.24116142144273], [-81.54121846752487, 48.241032221450816], [-81.54059936732052, 48.241035121485815], [-81.54003826715426, 48.241188421540116], [-81.53942196697905, 48.24141622160864], [-81.53925396693302, 48.241492421629395], [-81.5389723668401, 48.24149372164534], [-81.5385658667013, 48.24145852166274]]}, "properties": {"OBJECTID": 3115}}, {"type": "Feature", "id": 3116, "geometry": {"type": "LineString", "coordinates": [[-81.35278363554589, 48.483218868098], [-81.35404413596252, 48.48320376802541]]}, "properties": {"OBJECTID": 3116}}, {"type": "Feature", "id": 3117, "geometry": {"type": "LineString", "coordinates": [[-81.35308533528872, 48.4803885676604], [-81.35224583504609, 48.480674467749765]]}, "properties": {"OBJECTID": 3117}}, {"type": "Feature", "id": 3118, "geometry": {"type": "LineString", "coordinates": [[-81.35279673451154, 48.47499146687399], [-81.35337963463336, 48.47442296675694]]}, "properties": {"OBJECTID": 3118}}, {"type": "Feature", "id": 3119, "geometry": {"type": "LineString", "coordinates": [[-81.21335858795932, 48.473115774357325], [-81.21309108787457, 48.473148874377124]]}, "properties": {"OBJECTID": 3119}}, {"type": "Feature", "id": 3120, "geometry": {"type": "LineString", "coordinates": [[-81.1938734786957, 48.45089187212838], [-81.18906347662102, 48.447089971828554]]}, "properties": {"OBJECTID": 3120}}, {"type": "Feature", "id": 3121, "geometry": {"type": "LineString", "coordinates": [[-80.97537441809017, 48.547460398597885], [-80.9736237174581, 48.54707099863653], [-80.97361561745512, 48.54706869863663]]}, "properties": {"OBJECTID": 3121}}, {"type": "Feature", "id": 3122, "geometry": {"type": "LineString", "coordinates": [[-81.38872564523024, 48.46542706344584], [-81.38921724548305, 48.466137263524]]}, "properties": {"OBJECTID": 3122}}, {"type": "Feature", "id": 3123, "geometry": {"type": "LineString", "coordinates": [[-81.36752953902267, 48.47198216560424], [-81.36542263837408, 48.4723846657817]]}, "properties": {"OBJECTID": 3123}}, {"type": "Feature", "id": 3124, "geometry": {"type": "LineString", "coordinates": [[-81.35055003353716, 48.473181066730156], [-81.35062153356091, 48.47318086672611], [-81.35096483367475, 48.47317976670683], [-81.35113013372954, 48.47317926669752]]}, "properties": {"OBJECTID": 3124}}, {"type": "Feature", "id": 3125, "geometry": {"type": "MultiLineString", "coordinates": [[[-81.26668079328974, 47.554287232479616], [-81.26587179306489, 47.55463103257649]], [[-81.26325029244845, 47.5566886330352], [-81.26269469232818, 47.557211833145765]]]}, "properties": {"OBJECTID": 3125}}, {"type": "Feature", "id": 3126, "geometry": {"type": "LineString", "coordinates": [[-81.26269469232818, 47.557211833145765], [-81.26186279214113, 47.5579367333024]]}, "properties": {"OBJECTID": 3126}}, {"type": "Feature", "id": 3129, "geometry": {"type": "MultiLineString", "coordinates": [[[-81.22261778323997, 47.59151654059297], [-81.20771347851769, 47.59300244163218]], [[-81.19963937752084, 47.60693664420891], [-81.1964868773544, 47.61424834550168]]]}, "properties": {"OBJECTID": 3129}}, {"type": "Feature", "id": 3130, "geometry": {"type": "MultiLineString", "coordinates": [[[-81.2783062964058, 47.54838383093978], [-81.27080529443134, 47.552495931979855]], [[-81.28175039728654, 47.546278930428855], [-81.28043899694936, 47.547064930621026]], [[-81.28721889864413, 47.542594129564996], [-81.28626609841707, 47.54331632972782]], [[-81.25574379169345, 47.571075435652546], [-81.25528359166866, 47.57213823584071]], [[-81.25751969117103, 47.56177653412844], [-81.25580259087594, 47.56403883456928]], [[-81.26186279214113, 47.5579367333024], [-81.26006109174195, 47.55955733364932]]]}, "properties": {"OBJECTID": 3130}}, {"type": "Feature", "id": 3131, "geometry": {"type": "LineString", "coordinates": [[-81.47859076005149, 48.34662834072956], [-81.48032616064638, 48.34678914065657], [-81.49158936358829, 48.340524839092424], [-81.48733196191394, 48.338419739016224], [-81.48599276124955, 48.33666203882874], [-81.48001005902084, 48.334689938868664], [-81.47833695828577, 48.33324843874695], [-81.4812350590279, 48.331517938326705], [-81.48035585852593, 48.3298392381252], [-81.48123405873562, 48.329194037979825]]}, "properties": {"OBJECTID": 3131}}, {"type": "Feature", "id": 3132, "geometry": {"type": "LineString", "coordinates": [[-81.36299864394506, 48.522809973408904], [-81.33439573262135, 48.5084068728674], [-81.31284572270454, 48.48655967082226]]}, "properties": {"OBJECTID": 3132}}, {"type": "Feature", "id": 3133, "geometry": {"type": "LineString", "coordinates": [[-81.36299864394506, 48.522809973408904], [-81.3787567501582, 48.53053427367444]]}, "properties": {"OBJECTID": 3133}}, {"type": "Feature", "id": 3134, "geometry": {"type": "LineString", "coordinates": [[-81.5278877689918, 48.287909129206426], [-81.5246204690369, 48.29687993072949], [-81.52500246917384, 48.29696413072071], [-81.52535586931452, 48.2971532307292], [-81.52536026934357, 48.29737283076181], [-81.52523466933009, 48.29759643080219], [-81.5250554692862, 48.29771913083058], [-81.5249241692576, 48.29783743085559], [-81.52515676933355, 48.29782933084138], [-81.52551876945812, 48.29786763082682], [-81.52579796956333, 48.29796963082649], [-81.5258643696077, 48.298148330849465], [-81.52573956958474, 48.29829413087821], [-81.52556106953419, 48.29836193089834], [-81.52541616949995, 48.29847103092276], [-81.52576466961885, 48.298500030907604], [-81.52610576974055, 48.29857023089898], [-81.52626146980938, 48.2987082309109], [-81.52621126981919, 48.298918430945136], [-81.52605876979104, 48.2990961309802], [-81.5259474697748, 48.29926033101098], [-81.52637686993268, 48.299385831005694], [-81.52674977009187, 48.299671131027495], [-81.5269437702044, 48.30005633107418], [-81.52701537026834, 48.30037683111804], [-81.52693607028804, 48.3007424311771], [-81.52657027020415, 48.30103803124171], [-81.52603597003679, 48.30111333128283], [-81.52558376989613, 48.30118443131875], [-81.52520836976481, 48.301127831331236], [-81.52486046963917, 48.30104383133818], [-81.52473746959784, 48.30103873134427], [-81.52474946962074, 48.30118973136616], [-81.52462986961729, 48.301477331415796], [-81.52441626956431, 48.301618231448785], [-81.52414176948425, 48.30170383147691], [-81.52388246939199, 48.301652331483744], [-81.52369116932684, 48.30163773149226], [-81.52368276934128, 48.30177493151321], [-81.5235216693304, 48.30211263157265], [-81.52337686929566, 48.302217231596345], [-81.52313036921683, 48.30223893161336], [-81.52276196908494, 48.30215943162212], [-81.52279136914812, 48.30258503168402], [-81.52298386927566, 48.30309363174928], [-81.52302666934673, 48.303546731814514], [-81.52308456940558, 48.3038626318585], [-81.52286606939673, 48.30436793194618], [-81.52284936943605, 48.30472493200044], [-81.52273676944137, 48.30506413205739], [-81.5224046693662, 48.30534043211723], [-81.52195656925619, 48.30564483218774], [-81.5215896691626, 48.305866332241344], [-81.5213456691073, 48.30606903228525], [-81.52233836960636, 48.30742723243264], [-81.52193526947846, 48.30747063246163], [-81.52145146933883, 48.307633332512964], [-81.51809996822628, 48.30760523269617], [-81.51375726711392, 48.310190433325], [-81.51284296699929, 48.311686933599574], [-81.51172876688136, 48.31368313395996], [-81.50932496653917, 48.317292034633255], [-81.5078959663184, 48.319299035012776], [-81.50557246590617, 48.32213883556664], [-81.5046062657313, 48.323292335792836], [-81.49778806392094, 48.32684593670439], [-81.49627276346284, 48.32719223684081], [-81.49441036291189, 48.327714137022774], [-81.49205956216852, 48.32799143719551], [-81.4876030607477, 48.32842563750934], [-81.48523705998083, 48.32855643766102], [-81.48314485930672, 48.32870403779999], [-81.48208465895978, 48.3287368378641], [-81.48123405873562, 48.329194037979825]]}, "properties": {"OBJECTID": 3134}}, {"type": "Feature", "id": 3135, "geometry": {"type": "LineString", "coordinates": [[-81.5278877689918, 48.287909129206426], [-81.52789976896086, 48.287630729164135], [-81.52795286893917, 48.287317729114385], [-81.5279494688972, 48.28699252906602], [-81.5279250688201, 48.2864421289851], [-81.52786396874023, 48.28596702891749], [-81.52782046865366, 48.285391828833994], [-81.5280800687049, 48.28511532877814], [-81.52841706881148, 48.28507632875351], [-81.52871776892016, 48.28514992874765], [-81.52892556900919, 48.28531162876025], [-81.52886666895677, 48.285049228724326], [-81.5289001689192, 48.284661228664405], [-81.52904606891872, 48.28427272859819], [-81.52958136899579, 48.283475928449214], [-81.5308450692812, 48.282419228220654], [-81.53263706978503, 48.28171032801451], [-81.53435187023821, 48.28080172778286], [-81.53599177066663, 48.279893327555406], [-81.53769917102942, 48.278284027219414], [-81.53821607110594, 48.27753102707799], [-81.53882697119253, 48.27661092690628]]}, "properties": {"OBJECTID": 3135}}, {"type": "Feature", "id": 3136, "geometry": {"type": "LineString", "coordinates": [[-81.53882697119253, 48.27661092690628], [-81.5390863711691, 48.27574022676161], [-81.53916797113943, 48.275288726689546], [-81.5391989710815, 48.2747447266065], [-81.53918567103742, 48.274428726560004], [-81.54190997130915, 48.269411825657656], [-81.54169207092554, 48.26692702529828], [-81.5418814709938, 48.2669719252944], [-81.54234777116295, 48.26709102528616], [-81.54295527136594, 48.26710762525466], [-81.54341547151175, 48.26705722522144], [-81.54371557159337, 48.26691672518362], [-81.54385057160391, 48.26664482513544], [-81.54389667158544, 48.26637572509261], [-81.54384137153025, 48.266081725051734], [-81.54373037147899, 48.26596512504048], [-81.54362597143037, 48.26585322502961], [-81.54348077136768, 48.26573592502019], [-81.54344887135073, 48.26568492501435], [-81.54366657142556, 48.26570752500553], [-81.54400037153908, 48.26573242499062], [-81.54420167159694, 48.265663224969046], [-81.54424287159055, 48.265503824942876], [-81.54417407154985, 48.26536062492533], [-81.54404777149806, 48.26528032492035], [-81.54391397144543, 48.26521362491786], [-81.54384977141257, 48.265120824907555], [-81.54423157154147, 48.26514202488938], [-81.54458037165595, 48.26513522486888], [-81.54474647170497, 48.26508812485259], [-81.54483657171205, 48.26490692482042], [-81.54487357169687, 48.264687924785655], [-81.54478747164119, 48.26447112475802], [-81.54464117158156, 48.26438132475273], [-81.54446527151838, 48.264341224756606], [-81.54458277153398, 48.26415592472233], [-81.54510907164965, 48.2636903246233], [-81.54593627186438, 48.263221524506925], [-81.54703627219008, 48.262918324400076], [-81.54846937263075, 48.262653724280426], [-81.54973077303659, 48.26256422419652], [-81.5510363734675, 48.26255792412261], [-81.55259207398856, 48.262611524043656], [-81.55451057460874, 48.26249822391944], [-81.55589477507493, 48.26256662385234], [-81.55669567533596, 48.262536623803015], [-81.5573326755424, 48.26250342376246], [-81.55810467579417, 48.26247542371507]]}, "properties": {"OBJECTID": 3136}}, {"type": "Feature", "id": 3137, "geometry": {"type": "LineString", "coordinates": [[-81.55810467579417, 48.26247542371507], [-81.55818467586924, 48.26286342376866], [-81.55880437615832, 48.26353462383439], [-81.55979357654866, 48.26403912385449], [-81.5610131770014, 48.264433823845295], [-81.5625048775281, 48.26470102380184], [-81.56432377816556, 48.26498842374307], [-81.56605157874043, 48.26501762365076], [-81.56777447930797, 48.26500102355194], [-81.56951377987289, 48.26492062344262], [-81.57056638022058, 48.2649183233834], [-81.57099088035852, 48.264899223356814]]}, "properties": {"OBJECTID": 3137}}, {"type": "Feature", "id": 3138, "geometry": {"type": "LineString", "coordinates": [[-81.54459056879931, 48.24230822145339], [-81.54468716883771, 48.242359821455715], [-81.54484266891299, 48.24255052147559], [-81.54493736896629, 48.24272632149665], [-81.54501936903202, 48.24303462153817], [-81.54506766906586, 48.24317742155681], [-81.54498386906256, 48.24337252159069], [-81.54510016910072, 48.2433702215839], [-81.54526916916161, 48.243410221580405], [-81.54537026919874, 48.243439721579215], [-81.54542286922198, 48.243486521583236], [-81.54541486922272, 48.24351382158775], [-81.54532966920353, 48.24358532160326], [-81.545211269171, 48.24363792161775], [-81.54509996913963, 48.2436814216305], [-81.54504436912399, 48.24370322163681], [-81.54514216916972, 48.24381042164738], [-81.54535166924522, 48.24386032164318], [-81.54547246929124, 48.24390852164362], [-81.54555986932434, 48.24394222164379], [-81.54563166935742, 48.24401692165093], [-81.54562866936503, 48.24408552166138], [-81.54555696935086, 48.24416192167684], [-81.54549466933243, 48.24417892168289], [-81.54541176930769, 48.24420022169066], [-81.54551236934634, 48.24424342169155], [-81.54570166941454, 48.244288321687684], [-81.54583586946553, 48.2443413216881], [-81.54598826952947, 48.2444496216958], [-81.5459992695406, 48.24450932170412], [-81.54593516952667, 48.24456752171637], [-81.54582276949843, 48.24463852173333], [-81.5456904694618, 48.24469542174924], [-81.54581206950573, 48.244725221746904], [-81.54596106955881, 48.24475562174307], [-81.54604176958914, 48.24478472174293], [-81.54614906963002, 48.24482802174342], [-81.54617196965029, 48.24492922175731], [-81.54609306963488, 48.24501452177444], [-81.54599506960909, 48.2450675217879], [-81.54591276958286, 48.24507512179363], [-81.5460341696273, 48.24510952179201], [-81.54615496967327, 48.24515762179241], [-81.54623446970658, 48.245214121796444], [-81.54629186973716, 48.245306821807105], [-81.54629526974809, 48.24538472181856], [-81.5462263697268, 48.245397021824246], [-81.54613066969554, 48.24539972183003], [-81.54601376965887, 48.245415721838924], [-81.54615466971269, 48.2454734218397], [-81.54622756974331, 48.24552522184335], [-81.54629356977159, 48.24557692184745], [-81.54631746978927, 48.24565512185778], [-81.54630856979203, 48.24570072186512], [-81.54623746977636, 48.245763421878465], [-81.54618146976175, 48.24579432188624], [-81.54604156972486, 48.24586932190525], [-81.54597946970593, 48.24588182191062], [-81.54631336981885, 48.245902221894994], [-81.54644866986735, 48.24593232189196], [-81.5465463699131, 48.24603952190254], [-81.54654536991565, 48.24606242190599], [-81.54650736991385, 48.24614862192101], [-81.54643066989287, 48.24618372193054], [-81.54638066988252, 48.24623302194072], [-81.54648286991716, 48.24623962193599], [-81.5466410699664, 48.24621532192352], [-81.54673606999974, 48.24623092192058], [-81.54678967002044, 48.24625482192114], [-81.54675867002048, 48.24633662193514], [-81.54669437000707, 48.2463994219481], [-81.5466301699937, 48.24646222196111], [-81.5467819700397, 48.2464286219476], [-81.54715637014779, 48.246303321907895], [-81.54781207034551, 48.246151521848574], [-81.5489673707446, 48.24628872180453], [-81.54940487090812, 48.246439221802625], [-81.54973597106654, 48.246830221842615], [-81.5498795711717, 48.24729072190352], [-81.54970597118039, 48.24781812199209], [-81.54952657116475, 48.24816702205432], [-81.54923847109231, 48.24834892209766], [-81.54890107100742, 48.24856192214836], [-81.54854087090237, 48.24867382218526], [-81.54822227080943, 48.24877282221786], [-81.54780967068066, 48.24883332224998], [-81.54817457081248, 48.24892292224296], [-81.54864637098683, 48.24906952223853], [-81.5490263711392, 48.24928292224923], [-81.54958667136304, 48.249591422264096], [-81.54982527146262, 48.24975632227545], [-81.55019217162837, 48.25011142230805], [-81.55029537169945, 48.250406322346414], [-81.55031967175456, 48.250782122401276], [-81.5502397717612, 48.251045922445236], [-81.54948447150278, 48.25097612247699], [-81.54964617177566, 48.252727622729985], [-81.54850937148478, 48.25340532289488], [-81.5480736713941, 48.25383152298299], [-81.54781347132923, 48.25400032302277], [-81.5471742711284, 48.25408382307099], [-81.54715827112993, 48.254138423080065], [-81.5474145712239, 48.25421212307673], [-81.54751717127704, 48.25436512309389], [-81.54749897130309, 48.254621023133204], [-81.54739297127807, 48.25470132315113], [-81.54719057122325, 48.25479802317693], [-81.5470654711879, 48.25484592319104], [-81.54692007114521, 48.25488882320563], [-81.54670677107876, 48.254921223222404], [-81.54661727105123, 48.254937723229844], [-81.5467780711134, 48.25500952323159], [-81.54694607117686, 48.25507242323161], [-81.54700507122284, 48.255284023259954], [-81.54696117123578, 48.25550292329522], [-81.54686077121609, 48.25561072331692], [-81.54672847117946, 48.25566762333282], [-81.54661057114537, 48.255706423345245], [-81.54684007122927, 48.25577052334197], [-81.54696407128661, 48.255901123354555], [-81.54696387130662, 48.25606122337854], [-81.54688767130364, 48.25623822340929], [-81.5467948712842, 48.256327923427875], [-81.54664047124477, 48.25642102345045], [-81.54645267119196, 48.25649512347203], [-81.54630027114752, 48.25654242348763], [-81.54659117125185, 48.25660762348112], [-81.54666867129033, 48.256709923492075], [-81.54665437130674, 48.25687892351819], [-81.54657297129742, 48.2570192235437], [-81.5464811712755, 48.257086023558855], [-81.5462962712156, 48.25709612357069], [-81.54607597114735, 48.25713292358848], [-81.54635197125022, 48.25722532358691], [-81.54646407129901, 48.25731912359462], [-81.54657057136146, 48.25753632362117], [-81.54657617138628, 48.25771942364825], [-81.54649717139033, 48.25796042368874], [-81.54624897131455, 48.2580105237101], [-81.54600897123746, 48.258028623726204], [-81.54586457119227, 48.25804862373729], [-81.54611597129893, 48.25823672375135], [-81.54622407135727, 48.258417323772285], [-81.54622827138569, 48.25863252380426], [-81.54616857138011, 48.25874572382451], [-81.54601007135085, 48.258930223861014], [-81.54574937126742, 48.258952523878875], [-81.54548047118534, 48.25900672390201], [-81.54579937129728, 48.25905882389199], [-81.54591217134401, 48.259134223897], [-81.54586917135494, 48.259334723929385], [-81.54567237130547, 48.259459023958954], [-81.54549957125361, 48.25950132397495], [-81.54533437120263, 48.25953012398852], [-81.54517567115437, 48.25956362400236], [-81.5453493712231, 48.25965402400619], [-81.54548847128146, 48.2597528240132], [-81.54557177132473, 48.25987802402727], [-81.54556167135006, 48.26010672406203], [-81.54540977132358, 48.26029592409878], [-81.54517197126036, 48.260419324130545], [-81.5449982712111, 48.26048452414999], [-81.54484437117019, 48.26056392417047], [-81.54474517114744, 48.26064432418804], [-81.55808897577941, 48.262399323704585], [-81.55810467579417, 48.26247542371507]]}, "properties": {"OBJECTID": 3138}}, {"type": "Feature", "id": 3139, "geometry": {"type": "LineString", "coordinates": [[-81.54831456400329, 48.19410391402545], [-81.55628846661243, 48.19390321355025], [-81.5560229665081, 48.19377011354516], [-81.55511756615743, 48.19335681353375], [-81.5542881658067, 48.19274241348792], [-81.55379966557271, 48.192160613427966], [-81.55328316535116, 48.19175261339563], [-81.55290256518762, 48.191450013371515], [-81.5526656650579, 48.19103791332295], [-81.55256606494959, 48.190433813237966], [-81.55254106487851, 48.18993051316393], [-81.55280876492303, 48.189578713096225], [-81.55322606502612, 48.189300413031226], [-81.55371106516532, 48.18913191297891], [-81.55432536535865, 48.189055212933106], [-81.55501456557676, 48.188978612883155], [-81.55531476567367, 48.188960812863705]]}, "properties": {"OBJECTID": 3139}}, {"type": "Feature", "id": 3140, "geometry": {"type": "LineString", "coordinates": [[-81.5474331637149, 48.19412611407798], [-81.54831456400329, 48.19410391402545]]}, "properties": {"OBJECTID": 3140}}, {"type": "Feature", "id": 3141, "geometry": {"type": "LineString", "coordinates": [[-81.5543953134348, 47.76743584926398], [-81.55410041337528, 47.767743149327], [-81.55406991343692, 47.768332649418326], [-81.55371061339734, 47.768977749536326], [-81.55395611377226, 47.77139694989061], [-81.55188831373637, 47.776688450809495], [-81.55072681347242, 47.777656751020935], [-81.55798711596815, 47.77855745075645], [-81.56459991837778, 47.780500050686065], [-81.57024012023395, 47.780521650377395], [-81.57586762217484, 47.781274150180415]]}, "properties": {"OBJECTID": 3141}}, {"type": "Feature", "id": 3142, "geometry": {"type": "LineString", "coordinates": [[-81.6667942523967, 47.78415824557999], [-81.66875065330387, 47.78632434580032]]}, "properties": {"OBJECTID": 3142}}, {"type": "Feature", "id": 3143, "geometry": {"type": "LineString", "coordinates": [[-81.5509854121445, 47.76603954924007], [-81.5543953134348, 47.76743584926398]]}, "properties": {"OBJECTID": 3143}}, {"type": "Feature", "id": 3144, "geometry": {"type": "LineString", "coordinates": [[-81.65537334848136, 47.782811446009134], [-81.65369444772952, 47.781169945852966]]}, "properties": {"OBJECTID": 3144}}, {"type": "Feature", "id": 3145, "geometry": {"type": "LineString", "coordinates": [[-81.65259744704926, 47.778548845515665], [-81.65262114706361, 47.77860274552257], [-81.6526924471073, 47.77876874554381], [-81.65369444772952, 47.781169945852966]]}, "properties": {"OBJECTID": 3145}}, {"type": "Feature", "id": 3146, "geometry": {"type": "LineString", "coordinates": [[-81.66650884802817, 47.749132240273894], [-81.66844444831662, 47.74628673973397], [-81.6693152483052, 47.743847739314795], [-81.66921624804414, 47.74197233903514], [-81.66900714777499, 47.7403269387965], [-81.66933414777354, 47.73943433864264], [-81.66999624785332, 47.738305738434285], [-81.66967254752754, 47.73650353817815], [-81.6693255473322, 47.73583523809571], [-81.66088134360474, 47.727984237369505], [-81.65522414119519, 47.72344143699168], [-81.6542613406544, 47.72159333676376], [-81.65325374002673, 47.71915173644796], [-81.65295493957919, 47.71627863602721], [-81.6532518391562, 47.71199853535927]]}, "properties": {"OBJECTID": 3146}}, {"type": "Feature", "id": 3147, "geometry": {"type": "LineString", "coordinates": [[-81.6532518391562, 47.71199853535927], [-81.65670213992117, 47.70897813470831], [-81.65672283983386, 47.70820423458934], [-81.65716083982582, 47.706955534374984], [-81.6576066398919, 47.70629613424989], [-81.65964074033478, 47.70444893385598], [-81.66081184063238, 47.70373593368253], [-81.66261484110618, 47.70276723343518], [-81.66496244176047, 47.70181343315993], [-81.67348854422012, 47.69903733226488], [-81.68211784683731, 47.69728133151938], [-81.68474464736943, 47.69457083096102], [-81.6872836480379, 47.69321953061451]]}, "properties": {"OBJECTID": 3147}}, {"type": "Feature", "id": 3148, "geometry": {"type": "LineString", "coordinates": [[-81.690602948848, 47.69092763008152], [-81.69054854893464, 47.69178723021547], [-81.6872836480379, 47.69321953061451]]}, "properties": {"OBJECTID": 3148}}, {"type": "Feature", "id": 3149, "geometry": {"type": "LineString", "coordinates": [[-81.71971405814189, 47.68885022815111], [-81.72283075905474, 47.687953327841605], [-81.72295905907862, 47.68780412781176], [-81.72185905860273, 47.686857227728616], [-81.71894765727717, 47.683807327425626], [-81.7178884567906, 47.68266222731001], [-81.71852815689094, 47.68176292713755], [-81.71865205687403, 47.681289727058605], [-81.71916215693913, 47.680449826902375], [-81.71959195703268, 47.680060226819194], [-81.72074165739231, 47.679918026733795], [-81.7212416575559, 47.679914826705534], [-81.72165585770229, 47.680002226695926], [-81.72250325797782, 47.67998342664604], [-81.72282925808447, 47.679981326627626]]}, "properties": {"OBJECTID": 3149}}, {"type": "Feature", "id": 3150, "geometry": {"type": "LineString", "coordinates": [[-81.70978285484256, 47.68849822864828], [-81.71032595504379, 47.68868832864712], [-81.71007925501337, 47.68910372872407], [-81.70914825476187, 47.68954582884301], [-81.70842925454305, 47.689685228904125], [-81.70430535306359, 47.688639928973565], [-81.70383495289214, 47.6884988289782], [-81.69857825122361, 47.68895382933891], [-81.69670765064433, 47.68923512948542], [-81.69616395043691, 47.68899552947907], [-81.690602948848, 47.69092763008152]]}, "properties": {"OBJECTID": 3150}}, {"type": "Feature", "id": 3151, "geometry": {"type": "LineString", "coordinates": [[-81.57586762217484, 47.781274150180415], [-81.57793822287506, 47.7814369500906], [-81.57926282332981, 47.78159675004159], [-81.58053672375586, 47.78165774998037], [-81.58066742395985, 47.78297975017401], [-81.58089122413132, 47.783783850283854], [-81.58277432526815, 47.78803465082552], [-81.5834540256923, 47.78968225103824], [-81.58481422654211, 47.792986451464934], [-81.58702532792903, 47.7984007521649], [-81.58893052912084, 47.803038152763705], [-81.59232683118215, 47.81078105375121], [-81.59455833255036, 47.81597915441666]]}, "properties": {"OBJECTID": 3151}}, {"type": "Feature", "id": 3152, "geometry": {"type": "LineString", "coordinates": [[-81.59455833255036, 47.81597915441666], [-81.59610423301464, 47.8156201542765]]}, "properties": {"OBJECTID": 3152}}, {"type": "Feature", "id": 3153, "geometry": {"type": "LineString", "coordinates": [[-81.54831456400329, 48.19410391402545], [-81.54857146411402, 48.19431101404212], [-81.54863846416987, 48.19458101407886], [-81.5485011641479, 48.19476841411461], [-81.54831626410622, 48.1949236141482], [-81.54792666399798, 48.19508761419451], [-81.54829486412196, 48.19510661417682], [-81.54906486440105, 48.19530461416353], [-81.54977306466718, 48.195562014162604], [-81.5506571650337, 48.19615821420264], [-81.55134206537211, 48.19705611429898], [-81.55165786560734, 48.19810421443842], [-81.55196806580817, 48.1988916145391], [-81.55203216594131, 48.19978841466996], [-81.55187886597976, 48.20050181478541], [-81.5516360660098, 48.20138431493121], [-81.55129836599019, 48.20212031506038], [-81.55088586593834, 48.202796615184745], [-81.55027526583027, 48.203545915331105], [-81.54979626571016, 48.203851615403686], [-81.54905816549986, 48.20412021548511], [-81.5486482653786, 48.204233915525016], [-81.54930826564485, 48.20461931554595], [-81.55017826602275, 48.20534361560591], [-81.55100036638886, 48.20609981567335], [-81.55150216664056, 48.20678691574825], [-81.55182636683632, 48.20749651583649], [-81.55193816698936, 48.20842541596942], [-81.55184566706053, 48.20923961609656], [-81.55175416710634, 48.20984791619281], [-81.55188096722655, 48.21047481627964], [-81.55200816733725, 48.21102401635484], [-81.55239496752347, 48.21149131640321], [-81.55290476774688, 48.21193131644068], [-81.55258906769056, 48.212315116515825], [-81.5521556676428, 48.21307831665434], [-81.55207086769366, 48.21370951675362], [-81.55221886780095, 48.21417641681528], [-81.55242856792115, 48.214583916864605], [-81.55236506792895, 48.21481411690265], [-81.55265396803769, 48.21492051690247], [-81.55298496815706, 48.21500021689587], [-81.5534393683158, 48.215068716880765], [-81.5532650682686, 48.215152216903014], [-81.5530501682068, 48.21522581692606], [-81.55291546817627, 48.2153375169503], [-81.55287816817304, 48.215410016963226], [-81.55289516818839, 48.215488216973995], [-81.5530558682505, 48.21556001697579], [-81.55328056832643, 48.21557361696526], [-81.55347096839155, 48.215591016957234], [-81.55366116845711, 48.21561311694995], [-81.55373626848211, 48.21561461694596], [-81.5536178684496, 48.215667216960476], [-81.55348516841401, 48.21573321697775], [-81.55332526836933, 48.21579871699651], [-81.55320806835323, 48.21597941703011], [-81.55322326837317, 48.21609871704712], [-81.55334126842618, 48.216210917057325], [-81.55351856848517, 48.21621441704798], [-81.55370336854497, 48.216204317036166], [-81.55386816859702, 48.21618471702399], [-81.55399796863964, 48.216182717016444], [-81.55408766866661, 48.216161517008274], [-81.55404446865853, 48.21621101701809], [-81.55396276865021, 48.21636041704503], [-81.55395656866592, 48.216502217066605], [-81.55402656870352, 48.21661801708006], [-81.55414896874542, 48.21662961707495], [-81.5543188688037, 48.21664661706801], [-81.5545303688741, 48.21665081705682], [-81.55470146892932, 48.21664041704569], [-81.5547831689571, 48.21664661704207], [-81.55468586892987, 48.216685917053425], [-81.5545265688837, 48.21673771707009], [-81.55435336883347, 48.21679381708816], [-81.55425546880778, 48.21684681710154], [-81.55424576881254, 48.216910617111644], [-81.55433846885141, 48.216976517116336], [-81.55444036888649, 48.21698771711232], [-81.55456196893039, 48.21701751710999], [-81.55476486900312, 48.21706271710542], [-81.55467536897562, 48.21707931711289], [-81.55451726892639, 48.21710361712536], [-81.554364568883, 48.21716011714238], [-81.55421946883985, 48.2171984171562], [-81.55414116882295, 48.21727011717134], [-81.55415676884186, 48.21738031718697], [-81.5542623688873, 48.2174647171937], [-81.55440936894486, 48.21753631719621], [-81.554523568988, 48.21757971719634], [-81.5546108690211, 48.217613517196504], [-81.55454756900514, 48.217653417206016], [-81.55448376899082, 48.21770711721763], [-81.55441816898096, 48.21780191723549], [-81.55439726899463, 48.217966217261285], [-81.55442816901403, 48.21804011727062], [-81.55449396904284, 48.21809631727538], [-81.55458086907689, 48.21813921727694], [-81.55466106910818, 48.21817741727819], [-81.55450976906127, 48.218201817290264], [-81.5543446690103, 48.2182306173038], [-81.55418616896212, 48.218264117317695], [-81.55403406891718, 48.21830691733261], [-81.55395056889401, 48.218341917342485], [-81.55392866889068, 48.21837351734845], [-81.55391786889854, 48.21846481736272], [-81.55394926891645, 48.21852491736995], [-81.55403516895304, 48.218590717375044], [-81.55416376899869, 48.21861611737163], [-81.55426586903326, 48.21862271736691], [-81.55440776908452, 48.218657517364235], [-81.55421416902752, 48.21871321738337], [-81.5540630689801, 48.21873311739482], [-81.55393946894124, 48.21874891740406], [-81.55375946888876, 48.21880491742253], [-81.55366836886527, 48.21885801743557], [-81.55355996884637, 48.21899321746188], [-81.5534985688454, 48.2191476174884], [-81.55365446890013, 48.21917351748361], [-81.55379666895031, 48.2191992174795], [-81.5539389690006, 48.21922491747538], [-81.55404666904047, 48.21925911747448], [-81.55386626898897, 48.21932421749429], [-81.5537073689418, 48.219366817509574], [-81.55354156889234, 48.219409317525205], [-81.55340276885299, 48.21946151754074], [-81.55328376882193, 48.219527817557335], [-81.55321046881184, 48.21964071757837], [-81.5532676688429, 48.21973801758974], [-81.55332586887145, 48.219812317597615], [-81.55350016893804, 48.21988441759867], [-81.55365066898702, 48.21987821758931], [-81.55380796903826, 48.219872217579656], [-81.55395086908693, 48.219884217573444], [-81.55403936911698, 48.21989051756943], [-81.55388766907105, 48.219924117583], [-81.55366066900062, 48.21996081760112], [-81.55339946891944, 48.22000141762182], [-81.55327356888611, 48.22006761763875], [-81.55325146890277, 48.220259417668686], [-81.55335056894492, 48.22033461767447], [-81.5535030690083, 48.220438317681484], [-81.55365836906454, 48.220477917678714], [-81.55390176915192, 48.22053311767341], [-81.55363386906784, 48.22056901769374], [-81.55337136898962, 48.2206370177186], [-81.55321646895176, 48.220743817743205], [-81.5531907689581, 48.220862317762375], [-81.55332236901569, 48.22097471777189], [-81.55350676907648, 48.220973817761426], [-81.55365726912545, 48.2209676177521], [-81.55387536919862, 48.22097651774126], [-81.55367446914033, 48.22104121776219], [-81.55346806907676, 48.22107831777925], [-81.55328826902375, 48.221129717797005], [-81.55324206902326, 48.22124771781724], [-81.55332366907045, 48.22140951783691], [-81.55347036912904, 48.221490217840824], [-81.55365116919897, 48.22157161784292], [-81.55347236914344, 48.22160011785716], [-81.55304646900969, 48.2216558178893], [-81.5527503689191, 48.22171401791452], [-81.55258036888027, 48.22185251794478], [-81.5525391688866, 48.222011917970946], [-81.55262986893052, 48.22212351798262], [-81.55282526900244, 48.222182317980476], [-81.55306946908775, 48.22221911797233], [-81.55329336916569, 48.222251017964616], [-81.5530381690888, 48.22231011798775], [-81.55276926900723, 48.22236881801151], [-81.55261026896002, 48.22241151802679], [-81.55254386895227, 48.222524618047466], [-81.55263536899416, 48.222617918056315], [-81.55281776906007, 48.222662718052845], [-81.55306136914686, 48.2227132180468], [-81.55331276923346, 48.22274111803696], [-81.55339406926221, 48.22275641803468], [-81.55318776919812, 48.22278901805108], [-81.55289996910568, 48.2228107180704], [-81.5527743690719, 48.22287231808669], [-81.55273996908048, 48.223031818112474], [-81.55282126912877, 48.223202818133515], [-81.55305616921787, 48.22329441813412], [-81.5534147693458, 48.22337011812546], [-81.55322796929106, 48.223425918144216], [-81.55289926918505, 48.223446918165735], [-81.55272706913229, 48.223480118180284], [-81.55256506909268, 48.22359131820602], [-81.55260036912044, 48.223720218223356], [-81.5528000692013, 48.223838518229925], [-81.55303616928735, 48.22390271822634], [-81.55325326936304, 48.22393441821892], [-81.55345656943474, 48.22397041821297], [-81.55328236938705, 48.22404941823457], [-81.55301246930802, 48.22413101826186], [-81.55279936924167, 48.22416341827862], [-81.55268016921116, 48.22423431829586], [-81.55270156923487, 48.22436741831463], [-81.55284126929173, 48.224452618319575], [-81.55309866938252, 48.22449881831211], [-81.55326786944289, 48.224534218307944], [-81.55345066950777, 48.224569918303104], [-81.55324996944897, 48.22463001832331], [-81.55300146937425, 48.22468911834601], [-81.55279276931618, 48.22477661837077], [-81.55273316931067, 48.22488981839104], [-81.55287926937075, 48.22498421839704], [-81.55300686941902, 48.22503251839714], [-81.55318866948636, 48.22509101839573], [-81.55338426955781, 48.22514521839293], [-81.55315706948787, 48.225186518411824], [-81.55291666941241, 48.225218318429995], [-81.55276476936699, 48.225256518444226], [-81.5525753693188, 48.22537181847206], [-81.55254516931679, 48.22543531848327], [-81.55257666933471, 48.225495418490475], [-81.55268346937716, 48.22555241849305], [-81.55281146942433, 48.22559161849176], [-81.55299406948971, 48.22563181848757], [-81.55312206953693, 48.2256709184863], [-81.55297736949274, 48.22570011849874], [-81.55273756941578, 48.225718218514835], [-81.55241246932015, 48.22581251854711], [-81.55226026929466, 48.22601091858537], [-81.55223456930095, 48.22612941860452], [-81.55231866934216, 48.226236318615825], [-81.55242556938404, 48.22628871861771], [-81.5525740694381, 48.22632831861532], [-81.5527645695032, 48.22634581860732], [-81.55273166948881, 48.22631771860497], [-81.5528927695499, 48.2263803186053], [-81.55263586947696, 48.22647591863396], [-81.55248576944646, 48.22662861866522], [-81.55247426945579, 48.22673361868161], [-81.55256516949925, 48.22684071869255], [-81.55269936955023, 48.22689371869302], [-81.55286216960727, 48.2269198186878], [-81.55299216964944, 48.226913218679584], [-81.55308746968173, 48.22691961867518], [-81.5529915696704, 48.22708251870496], [-81.55289516966005, 48.22725451873611], [-81.5529029696793, 48.22738741875554], [-81.55310886976385, 48.22751961876384], [-81.55334626984691, 48.22755631875608], [-81.55357886992263, 48.22754711874169], [-81.55370386995799, 48.227499318727546], [-81.55382086999407, 48.22747871871796], [-81.55375986999206, 48.22762391874308], [-81.5537487700004, 48.22771981875807], [-81.55377247001859, 48.22780271876915], [-81.55389247006653, 48.227869118772354], [-81.55418987017357, 48.22793901876625], [-81.55425067019559, 48.22795401876513], [-81.5540900701524, 48.228033218785896], [-81.55384107007924, 48.22810611881074], [-81.55372097005069, 48.22819521883083], [-81.55368947005222, 48.22829071884686], [-81.55382267010576, 48.2283666188508], [-81.55404047017997, 48.22838461884129], [-81.55418177023274, 48.22843311884064], [-81.55432937028874, 48.228491018841076], [-81.55417767024282, 48.228524618854635], [-81.55392257016533, 48.228579118877], [-81.5537772701227, 48.228622018891535], [-81.55370197011769, 48.22878071891953], [-81.553751770148, 48.22889151893332], [-81.55389407019824, 48.228917218929254], [-81.55401607024118, 48.228937918925524], [-81.55414487028631, 48.228958718921405], [-81.55413247027874, 48.228931018917976], [-81.55427457032951, 48.228961318914564], [-81.55410837028101, 48.22901291893156], [-81.55386607021009, 48.22908591895604], [-81.55374427018617, 48.229216318982324], [-81.55376507021138, 48.22936311900319], [-81.55381047023342, 48.229418919009], [-81.55394287028894, 48.22951311901568], [-81.55406467033235, 48.22953841901267], [-81.5542360703871, 48.22952341900088], [-81.55440707044292, 48.22951761899048], [-81.5545158704803, 48.22952891898608], [-81.55440347045203, 48.229600019003], [-81.55422707040991, 48.22972921903221], [-81.55420797041904, 48.22985241905168], [-81.55423827044, 48.22993991906309], [-81.55435277048213, 48.22997421906186], [-81.55449567053081, 48.229986219055654], [-81.5546526705831, 48.22998931904736], [-81.55464797059474, 48.230094519063364], [-81.55453717058188, 48.23028451909799], [-81.55445547057356, 48.23043391912491], [-81.55441817057033, 48.23050641913784], [-81.55458447063772, 48.23060581914344], [-81.55468647067285, 48.230616919139415], [-81.55480227071199, 48.23062381913398], [-81.5549246707539, 48.230635419128866], [-81.55508747081097, 48.23066151912369], [-81.55501657079479, 48.23071961913634], [-81.55487027075466, 48.230785319154336], [-81.55479877074004, 48.2308571191691], [-81.55477527074076, 48.230925319180606], [-81.55487507078148, 48.23098681918426], [-81.55508417085798, 48.23104581918142], [-81.55523907091526, 48.231094619180084], [-81.55537997096907, 48.231152319180815], [-81.55517947090975, 48.23120791920038], [-81.55497087085118, 48.23129071922439], [-81.55485767082494, 48.23138001924411], [-81.55477817081106, 48.23147911926339], [-81.55481657083128, 48.231539419270234], [-81.55490347086536, 48.231582319271844], [-81.55501877090548, 48.23159831926776], [-81.55516047095726, 48.23163771926573], [-81.5550017709096, 48.231675819280326], [-81.55485627086742, 48.23172321929554], [-81.55473817083382, 48.23176671930865], [-81.55465127081922, 48.23187941933036], [-81.55459987081238, 48.23196071934545], [-81.55461177082152, 48.232002219350996], [-81.55461877084278, 48.23215331937321], [-81.55471427089405, 48.23231081939144], [-81.54667996735704, 48.225264518785245], [-81.54684316745148, 48.22558811882459], [-81.54714056761631, 48.226120318887666], [-81.54744406778552, 48.226670918953175], [-81.54778376799938, 48.22748311905579], [-81.5480641682067, 48.22839941917736], [-81.54819626832108, 48.22896491925464], [-81.54820036838831, 48.229491319333235], [-81.54812156841132, 48.22988331939631], [-81.54792756839367, 48.23025481946279], [-81.5476741683505, 48.23057931952551], [-81.5473969682897, 48.23082551957784], [-81.54714236823014, 48.23102191962145], [-81.54704236820946, 48.23112061964183], [-81.54725756829023, 48.23119801964141], [-81.54757416840712, 48.23129581963836], [-81.5479532685614, 48.23152761965188], [-81.54821046869174, 48.23188961969171], [-81.54826926875717, 48.232256919743406], [-81.54827586879883, 48.23257281979037], [-81.5479776687322, 48.23282781984518], [-81.54774026866862, 48.23294671987626], [-81.54746056859435, 48.23309221991364], [-81.54723096853054, 48.23318831994086], [-81.54774006874645, 48.23356911996943], [-81.54842536910179, 48.23459862008522], [-81.54867826932006, 48.235674520232195], [-81.54880476944867, 48.23636812032893], [-81.54889666956694, 48.23707012042887], [-81.54877206960798, 48.237726720534106], [-81.54852996961382, 48.23841302065035], [-81.54825446956791, 48.23877362071975], [-81.54778866945637, 48.23911232079644], [-81.5472461693043, 48.23933042085937], [-81.54681096917429, 48.23944082090024], [-81.54631176901093, 48.23945382093005], [-81.54628296902483, 48.239640820959636], [-81.54617946903215, 48.23997292101515], [-81.54604736899502, 48.24002522103035], [-81.54576756890185, 48.24001972104518], [-81.54554296882536, 48.24000152105499], [-81.54541286878315, 48.240008121063255], [-81.54559916885893, 48.240121621069825], [-81.54575766892663, 48.24024372107926], [-81.54575076894385, 48.24039922110292], [-81.54564176892644, 48.240548121131305], [-81.54540966884915, 48.240543521143564], [-81.54524606879407, 48.240535721151545], [-81.54549836889815, 48.240700821162164], [-81.54552376895074, 48.24105372121355], [-81.54531406891412, 48.24131502126435], [-81.54492196879211, 48.24137592129535], [-81.54459316868609, 48.24139692131687], [-81.54434786860323, 48.24138292132846], [-81.544219868556, 48.241343721329805], [-81.54422966857018, 48.2414309213423], [-81.54412516856057, 48.24163022137794], [-81.54399426852042, 48.241655021388944], [-81.54371306843076, 48.24168152140861], [-81.54344486834718, 48.24172202142968], [-81.54334846831736, 48.241738421437496], [-81.54370516845047, 48.241859821435774], [-81.54412666861492, 48.24206042144227], [-81.54459056879931, 48.24230822145339]]}, "properties": {"OBJECTID": 3153}}, {"type": "Feature", "id": 3154, "geometry": {"type": "LineString", "coordinates": [[-81.65537334848136, 47.782811446009134], [-81.65611264875334, 47.783050146004385], [-81.65689494902672, 47.78318514598149], [-81.65736334918027, 47.78318244595512], [-81.65827134944762, 47.78292984586636], [-81.65884194961757, 47.782787045813016], [-81.65936164977964, 47.782716645773476], [-81.66058915022478, 47.78306044575758], [-81.66126715045961, 47.78316004573509], [-81.66272445093495, 47.78313364565023], [-81.66337875118343, 47.78340874565565], [-81.66411195146661, 47.78375544566764], [-81.66564935199185, 47.78392194560759], [-81.66666655234661, 47.78409154557694], [-81.6667942523967, 47.78415824557999]]}, "properties": {"OBJECTID": 3154}}, {"type": "Feature", "id": 3155, "geometry": {"type": "LineString", "coordinates": [[-81.65259744704926, 47.778548845515665], [-81.65147464657582, 47.77769144544775], [-81.65069484619943, 47.776706145341315], [-81.65041384597009, 47.775583045186295], [-81.65053334587199, 47.77445774500869], [-81.64967384533888, 47.77240214474406], [-81.64939354511527, 47.771323944595785], [-81.64938954507556, 47.77100914454816], [-81.65017984523574, 47.77019484438061], [-81.65120414547422, 47.76939274420195], [-81.65322174596797, 47.768009143879844], [-81.65487364635557, 47.76674004359539], [-81.65510384639805, 47.76646884354143], [-81.65515474626106, 47.76520884334712], [-81.65511444618089, 47.76466024326601], [-81.65433124576512, 47.763360043111845], [-81.65415314559706, 47.762461342985134], [-81.65457414561155, 47.761446642807535], [-81.65463384556358, 47.76089294272011], [-81.65461694539347, 47.75954344251594], [-81.65523734547055, 47.75850514232373], [-81.65702444591892, 47.75737024205212], [-81.65977594666401, 47.756072341702264], [-81.66252814741368, 47.7548102413578], [-81.66335164758469, 47.75399574118833], [-81.66423734773223, 47.75282094096061], [-81.66435934766245, 47.75192044081697], [-81.66491034769378, 47.75069354059989], [-81.66556704781014, 47.74987994043976], [-81.66650884802817, 47.749132240273894]]}, "properties": {"OBJECTID": 3155}}, {"type": "Feature", "id": 3156, "geometry": {"type": "LineString", "coordinates": [[-81.6532518391562, 47.71199853535927], [-81.65143253856043, 47.71200893546155], [-81.64986813792842, 47.711032535399575], [-81.64888493759771, 47.71096613544387], [-81.64801083731471, 47.71099803549712], [-81.6448008362898, 47.71123213571049], [-81.64401713605227, 47.71139393577853], [-81.64249483565541, 47.712239235991504], [-81.64093103522256, 47.71290033617873], [-81.64003133497057, 47.713256236282746], [-81.63860643459738, 47.71403353647994], [-81.63765623441196, 47.71507353669088], [-81.6372474343147, 47.71537723675975], [-81.63595543394071, 47.71578933689402], [-81.63520993371131, 47.7159149369544], [-81.63411033335774, 47.715974937024406], [-81.63101273241367, 47.71657233728675], [-81.63013043214328, 47.716730237359656], [-81.62908983181222, 47.71681683743042], [-81.62832263155438, 47.716767137465325], [-81.62635343086451, 47.716408937519766], [-81.62504563032624, 47.71551183745554], [-81.62021262875288, 47.715619037739245], [-81.61967522870583, 47.71668363793109], [-81.61729382809294, 47.7180731382744], [-81.61639422784027, 47.718424338377666], [-81.6152154274574, 47.71845773844795], [-81.61313212677324, 47.71845533856279], [-81.61171762630981, 47.71846293864221], [-81.61011372586462, 47.71913273883295], [-81.60882512552938, 47.719854939014155], [-81.60726722516755, 47.721086839287885], [-81.60575162485128, 47.722579539598925], [-81.60513352476133, 47.72350953977475], [-81.60453992494065, 47.72658984027647], [-81.60425152511672, 47.72881824063166], [-81.60434702532842, 47.73030244085229], [-81.60365232523635, 47.731421741061055], [-81.60202852498799, 47.73376514150757], [-81.59443312367546, 47.743486243406984], [-81.59122932284463, 47.74530684386122], [-81.58762092176462, 47.74617114419228], [-81.5833980206384, 47.74831614475214], [-81.57790991903266, 47.74993644530217], [-81.57304281753966, 47.750806645703655], [-81.56832971605883, 47.751360946048486], [-81.56441541498195, 47.75308084652655], [-81.5628430144789, 47.753192046630375], [-81.56191631436852, 47.754789146924594], [-81.5607264147521, 47.76116074795959], [-81.55986441462039, 47.76240664819676], [-81.55873881435348, 47.763253348387764], [-81.55620081379999, 47.76556014887888], [-81.5543953134348, 47.76743584926398]]}, "properties": {"OBJECTID": 3156}}, {"type": "Feature", "id": 3157, "geometry": {"type": "LineString", "coordinates": [[-81.72652696131871, 47.696596428952425], [-81.72362506018187, 47.695074528881776], [-81.7223951596711, 47.6941915288156], [-81.7217103593507, 47.69340402873371], [-81.72099675896006, 47.69211732857736], [-81.71971405814189, 47.68885022815111]]}, "properties": {"OBJECTID": 3157}}, {"type": "Feature", "id": 3158, "geometry": {"type": "LineString", "coordinates": [[-81.71971405814189, 47.68885022815111], [-81.71887905760931, 47.68672302787349], [-81.71692275658354, 47.68356352750085], [-81.71585235599326, 47.681595227260374], [-81.71542445572086, 47.68050912711868], [-81.71565355570776, 47.679783426995435]]}, "properties": {"OBJECTID": 3158}}, {"type": "Feature", "id": 3159, "geometry": {"type": "LineString", "coordinates": [[-81.71565355570776, 47.679783426995435], [-81.71383955538512, 47.682021627436974], [-81.71316475525029, 47.682732127582575], [-81.71279225534178, 47.68448902787085], [-81.71189255505895, 47.68458912793599], [-81.70978285484256, 47.68849822864828]]}, "properties": {"OBJECTID": 3159}}, {"type": "Feature", "id": 3306, "geometry": {"type": "LineString", "coordinates": [[-81.37053986755807, 48.688590997524315], [-81.37067686762319, 48.6887434975391], [-81.3708138676883, 48.68889599755393]]}, "properties": {"OBJECTID": 3306}}, {"type": "Feature", "id": 3307, "geometry": {"type": "LineString", "coordinates": [[-81.37101866777367, 48.68903029756226], [-81.37146126782064, 48.688246197421755], [-81.37189026786307, 48.68746209728193]]}, "properties": {"OBJECTID": 3307}}, {"type": "Feature", "id": 3308, "geometry": {"type": "LineString", "coordinates": [[-81.37150646767681, 48.68700459723597], [-81.3717515677675, 48.68707579723269], [-81.3719966678582, 48.68714689722944]]}, "properties": {"OBJECTID": 3308}}, {"type": "Feature", "id": 3309, "geometry": {"type": "LineString", "coordinates": [[-81.37028436728204, 48.68709849731836], [-81.37039166729465, 48.68691819728576], [-81.37049916730851, 48.686746897254416]]}, "properties": {"OBJECTID": 3309}}, {"type": "Feature", "id": 3310, "geometry": {"type": "LineString", "coordinates": [[-81.3721442678762, 48.68690359718525], [-81.37167956767333, 48.686527197155776], [-81.37122836747385, 48.686141797124236]]}, "properties": {"OBJECTID": 3310}}, {"type": "Feature", "id": 3311, "geometry": {"type": "LineString", "coordinates": [[-81.2723900094802, 48.488264573329424], [-81.28586571386695, 48.48754787247252], [-81.28835221461168, 48.486902872238076]]}, "properties": {"OBJECTID": 3311}}, {"type": "Feature", "id": 3312, "geometry": {"type": "LineString", "coordinates": [[-81.28835221461168, 48.486902872238076], [-81.29047211531491, 48.48689487211884]]}, "properties": {"OBJECTID": 3312}}, {"type": "Feature", "id": 3313, "geometry": {"type": "LineString", "coordinates": [[-81.28622411443494, 48.4911095729822], [-81.28774641478368, 48.489864272712225], [-81.29047211531491, 48.48689487211884]]}, "properties": {"OBJECTID": 3313}}, {"type": "Feature", "id": 3314, "geometry": {"type": "LineString", "coordinates": [[-81.29047211531491, 48.48689487211884], [-81.2910821154338, 48.48623027198595]]}, "properties": {"OBJECTID": 3314}}, {"type": "Feature", "id": 3315, "geometry": {"type": "LineString", "coordinates": [[-81.28835221461168, 48.486902872238076], [-81.29212141574455, 48.485956571887385], [-81.2937443162322, 48.48554867173636], [-81.29705661726224, 48.48499137146894]]}, "properties": {"OBJECTID": 3315}}, {"type": "Feature", "id": 3316, "geometry": {"type": "LineString", "coordinates": [[-81.29047211531491, 48.48689487211884], [-81.2919279157978, 48.48688927203689], [-81.29499701681578, 48.486876971864085], [-81.29705661726224, 48.48499137146894]]}, "properties": {"OBJECTID": 3316}}, {"type": "Feature", "id": 3317, "geometry": {"type": "LineString", "coordinates": [[-81.26927280801597, 48.484862372996815], [-81.270485608618, 48.4864428731644], [-81.2709620088407, 48.48695457321401], [-81.27646621066734, 48.48693797290515], [-81.28835221461168, 48.486902872238076]]}, "properties": {"OBJECTID": 3317}}, {"type": "Feature", "id": 3318, "geometry": {"type": "LineString", "coordinates": [[-81.29705661726224, 48.48499137146894], [-81.29811691758916, 48.48479067138002], [-81.29931691796409, 48.48460307128524], [-81.30046651832292, 48.484420171193975], [-81.30238891889675, 48.48390677101053], [-81.30287031904058, 48.483779570964785], [-81.30425011945196, 48.483407070832534]]}, "properties": {"OBJECTID": 3318}}, {"type": "Feature", "id": 3319, "geometry": {"type": "LineString", "coordinates": [[-81.27041410690146, 48.47299777116801], [-81.27101180706694, 48.472735371095716]]}, "properties": {"OBJECTID": 3319}}, {"type": "Feature", "id": 3320, "geometry": {"type": "LineString", "coordinates": [[-81.27101180706694, 48.472735371095716], [-81.27076020698236, 48.47272707110843], [-81.27041260686529, 48.47271437112594], [-81.27025530681253, 48.472710271134055]]}, "properties": {"OBJECTID": 3320}}, {"type": "Feature", "id": 3621, "geometry": {"type": "LineString", "coordinates": [[-84.87421711856032, 47.97251578594029], [-84.87471731870619, 47.97240808589372], [-84.87651471923247, 47.9720364857287], [-84.88101422055193, 47.971120785317666], [-84.88286552109437, 47.970740985148076]]}, "properties": {"OBJECTID": 3621}}, {"type": "Feature", "id": 3622, "geometry": {"type": "LineString", "coordinates": [[-84.76248558353184, 47.978823593730574], [-84.76071048302276, 47.979274793905596], [-84.75931328262638, 47.979661494048024], [-84.75828838235918, 47.98011839417784], [-84.75666978195595, 47.98097749440305], [-84.7542992813568, 47.98217289472366], [-84.75306158101566, 47.98258959486063], [-84.75228188081448, 47.982952194961626], [-84.7516624806664, 47.9833269950545], [-84.75101228047895, 47.98348519511763], [-84.75031828024669, 47.983417695150315]]}, "properties": {"OBJECTID": 3622}}, {"type": "Feature", "id": 3623, "geometry": {"type": "LineString", "coordinates": [[-84.76248558353184, 47.978823593730574], [-84.76330918411469, 47.98116109402258], [-84.76514178517893, 47.98465199442159], [-84.76540518532063, 47.98507109446687], [-84.76600518564985, 47.986072494576696], [-84.76747348643691, 47.98838659482561], [-84.7677809865807, 47.988716494855055], [-84.7683307867564, 47.98870919482025]]}, "properties": {"OBJECTID": 3623}}, {"type": "Feature", "id": 3624, "geometry": {"type": "LineString", "coordinates": [[-84.75335827787384, 47.958786691353], [-84.75313827782091, 47.95891739138566], [-84.75287697775828, 47.959074191424634], [-84.752863177755, 47.95908299142682], [-84.7520933775692, 47.95953579154044], [-84.75090927724672, 47.9599624916756], [-84.74807557648394, 47.96104969200874], [-84.74653167608153, 47.96173919220453], [-84.74549757579904, 47.962105892321674], [-84.7448586756642, 47.96262419243686], [-84.74373317534477, 47.96293499255146], [-84.74286437510114, 47.963196892643126], [-84.74184357482295, 47.963563692759486]]}, "properties": {"OBJECTID": 3624}}, {"type": "Feature", "id": 3625, "geometry": {"type": "LineString", "coordinates": [[-84.76248558353184, 47.978823593730574], [-84.76230048338, 47.97814509364251], [-84.76224168333525, 47.97795499361826], [-84.76212688323805, 47.9775118935604], [-84.76194138308735, 47.976842393473646], [-84.76166078282617, 47.97558619330675], [-84.76067418194584, 47.97144589276041], [-84.76059328187924, 47.971147392721626], [-84.76005078151498, 47.96975109255021], [-84.75967228127729, 47.96889789244836], [-84.75907198090785, 47.967599492294845], [-84.75817828039804, 47.96596239210966], [-84.75785158022488, 47.96546109205621], [-84.75775078017267, 47.96531519204098], [-84.75576277912982, 47.962342991727056], [-84.75519547883596, 47.961522091641505], [-84.75498127872497, 47.96121199160915], [-84.75334257787608, 47.95884039136181], [-84.75335827787384, 47.958786691353]]}, "properties": {"OBJECTID": 3625}}, {"type": "Feature", "id": 3626, "geometry": {"type": "LineString", "coordinates": [[-84.75335827787384, 47.958786691353], [-84.75370997789241, 47.958091791229485], [-84.7538605778886, 47.957707791163934], [-84.75394577781717, 47.95698059105209], [-84.75426857779092, 47.95602419089202], [-84.75467077775126, 47.95478129068503], [-84.75511577771694, 47.953476290466334], [-84.75552417765974, 47.952089590237925], [-84.75445747730201, 47.95197879028705], [-84.75004847585052, 47.95172149051959], [-84.7486172753844, 47.95167539060054]]}, "properties": {"OBJECTID": 3626}}, {"type": "Feature", "id": 3627, "geometry": {"type": "LineString", "coordinates": [[-84.78568668531184, 47.93709988618925], [-84.78615738562681, 47.93830568633725], [-84.78757988658494, 47.94199528679125], [-84.78750788662032, 47.94242578685887], [-84.78734788669448, 47.943349487004156], [-84.78713428683689, 47.94490208724496], [-84.78683228697633, 47.94664188751867], [-84.78654968714538, 47.948552987816335], [-84.78609418751047, 47.95231438839586], [-84.78576338764687, 47.95409858867782], [-84.78532968790654, 47.95703258913463], [-84.78495668807828, 47.959175889471744], [-84.78457898809306, 47.96017638964165], [-84.78142688802828, 47.96714289085628], [-84.77926238799337, 47.97199599170042], [-84.77863678799154, 47.97345959195334], [-84.77861888821238, 47.97512379219831], [-84.7786659884604, 47.97683439244605], [-84.77873918859191, 47.9776275925578], [-84.78064178945951, 47.97950899271666]]}, "properties": {"OBJECTID": 3627}}, {"type": "Feature", "id": 3628, "geometry": {"type": "LineString", "coordinates": [[-84.7474040719262, 47.929066587356836], [-84.74797187317816, 47.936950988479474]]}, "properties": {"OBJECTID": 3628}}, {"type": "Feature", "id": 3629, "geometry": {"type": "LineString", "coordinates": [[-84.71345245813833, 47.907789486309554], [-84.71378045822269, 47.90763408626666], [-84.71382375821679, 47.90748758624252]]}, "properties": {"OBJECTID": 3629}}, {"type": "Feature", "id": 3630, "geometry": {"type": "LineString", "coordinates": [[-84.71405095821366, 47.90692518614591], [-84.71405285821353, 47.90691958614496], [-84.71410095820472, 47.90674058611572], [-84.71405615816344, 47.90654178608927], [-84.71402045813852, 47.90644208607677]]}, "properties": {"OBJECTID": 3630}}, {"type": "Feature", "id": 3631, "geometry": {"type": "LineString", "coordinates": [[-84.65535283700517, 47.88952058717282], [-84.65425553665325, 47.88952518724042]]}, "properties": {"OBJECTID": 3631}}, {"type": "Feature", "id": 3633, "geometry": {"type": "LineString", "coordinates": [[-84.50603199844961, 47.959717106599506], [-84.50519839818975, 47.959780006659535]]}, "properties": {"OBJECTID": 3633}}, {"type": "Feature", "id": 3634, "geometry": {"type": "LineString", "coordinates": [[-84.50366799770582, 47.95984570676235], [-84.50410889777623, 47.959315406657495]]}, "properties": {"OBJECTID": 3634}}, {"type": "Feature", "id": 3635, "geometry": {"type": "LineString", "coordinates": [[-84.50410889777623, 47.959315406657495], [-84.5049708980782, 47.95949610663164], [-84.50520959816178, 47.95954630662446], [-84.50603199844961, 47.959717106599506]]}, "properties": {"OBJECTID": 3635}}, {"type": "Feature", "id": 3636, "geometry": {"type": "LineString", "coordinates": [[-84.5201964199244, 48.084530424045276], [-84.51653891845524, 48.08239982395681], [-84.50931961622612, 48.083125324503854], [-84.50616031514178, 48.0826428246261], [-84.50548141490613, 48.08252002464956], [-84.50447491457987, 48.08250722470917], [-84.5021044137974, 48.082374624834436]]}, "properties": {"OBJECTID": 3636}}, {"type": "Feature", "id": 3637, "geometry": {"type": "LineString", "coordinates": [[-84.54798232615109, 48.0644589194093], [-84.54804582625864, 48.06509911949915], [-84.54825592668554, 48.067740019873014], [-84.54860122711483, 48.070077820194165], [-84.54885452743224, 48.071810820432376]]}, "properties": {"OBJECTID": 3637}}, {"type": "Feature", "id": 3638, "geometry": {"type": "LineString", "coordinates": [[-84.53563791540375, 48.01458841285372], [-84.5365275161734, 48.01815271332228]]}, "properties": {"OBJECTID": 3638}}, {"type": "Feature", "id": 3639, "geometry": {"type": "LineString", "coordinates": [[-84.53892966094283, 48.33941816003709], [-84.5431429626864, 48.34217156017737], [-84.54341416288696, 48.34298716027897], [-84.54369616340993, 48.34610646071397], [-84.54398926405986, 48.350116661277404]]}, "properties": {"OBJECTID": 3639}}, {"type": "Feature", "id": 3640, "geometry": {"type": "LineString", "coordinates": [[-84.87421711856032, 47.97251578594029], [-84.86666301634557, 47.97405838663104], [-84.85956341449995, 47.977237487533365], [-84.85594561355744, 47.97884358799111], [-84.85417091309478, 47.979629288215314], [-84.85017101205061, 47.98139008871919], [-84.84686591119198, 47.98287578913999], [-84.84559531086293, 47.98345478930294], [-84.83439050709062, 47.98218228980573], [-84.81474770046299, 47.97984839067146], [-84.81306789998155, 47.98027529083725], [-84.8090894988269, 47.98118029121426], [-84.80334939716785, 47.98253719176569], [-84.79968189609788, 47.98333189210738], [-84.79842559573125, 47.98360359222434], [-84.79497499472762, 47.984374192549176], [-84.79416229449382, 47.98457449262843], [-84.79045219342203, 47.985456992985576], [-84.78775729263378, 47.986026993234546], [-84.78569129202931, 47.98646299342533], [-84.78333709134263, 47.98697539364493]]}, "properties": {"OBJECTID": 3640}}, {"type": "Feature", "id": 3641, "geometry": {"type": "LineString", "coordinates": [[-84.78568668531184, 47.93709988618925], [-84.78564308528213, 47.93698428617495], [-84.78459138456863, 47.93421738583349], [-84.78312428356946, 47.93032888535282], [-84.78281818336166, 47.92952208525317], [-84.78261898322631, 47.92899638518825], [-84.77851748178853, 47.92810728530926], [-84.76721887782766, 47.92565648564209], [-84.76429787719194, 47.927885186148266], [-84.75954237533718, 47.925470986085294], [-84.75552067376884, 47.92343078603214], [-84.75383867312735, 47.92268368602546], [-84.75190287242914, 47.92211938606119], [-84.75036387188091, 47.921721486097006], [-84.74955057159113, 47.92151088611591], [-84.7420124688677, 47.91927988624993], [-84.74090646846807, 47.91895218626949], [-84.738027067353, 47.91754798623956]]}, "properties": {"OBJECTID": 3641}}, {"type": "Feature", "id": 3642, "geometry": {"type": "LineString", "coordinates": [[-84.7474040719262, 47.929066587356836], [-84.7471406713687, 47.92557918686094], [-84.74479587032995, 47.92347258669525], [-84.74451257020408, 47.92321498667476], [-84.7405950684829, 47.91979968641306], [-84.73841736752618, 47.91790098626748], [-84.738027067353, 47.91754798623956]]}, "properties": {"OBJECTID": 3642}}, {"type": "Feature", "id": 3643, "geometry": {"type": "LineString", "coordinates": [[-84.738027067353, 47.91754798623956], [-84.73336426528407, 47.913330285905396], [-84.72714256302095, 47.91137498599893], [-84.72604426262156, 47.91103048601546], [-84.72491406225625, 47.9110136860822], [-84.72253846151362, 47.91116448624969], [-84.72044376086198, 47.91132088640087]]}, "properties": {"OBJECTID": 3643}}, {"type": "Feature", "id": 3644, "geometry": {"type": "LineString", "coordinates": [[-84.7678027886343, 48.00373449705308], [-84.76413248790844, 48.007064297765965], [-84.76219528751689, 48.00875969813307], [-84.76200018747744, 48.00893029817002], [-84.76113608730286, 48.009687198333886], [-84.76034198714116, 48.010373598483135], [-84.7576370865969, 48.01275919899844], [-84.75703218647531, 48.01329399911384], [-84.75687008644269, 48.013437099144745], [-84.75483378603414, 48.01524189953394], [-84.75326488569733, 48.016470899810194], [-84.75033908509972, 48.01898700035807]]}, "properties": {"OBJECTID": 3644}}, {"type": "Feature", "id": 3645, "geometry": {"type": "LineString", "coordinates": [[-84.81134161652774, 48.10523150920544], [-84.81333551721356, 48.10555400912956], [-84.81574301804173, 48.105944009038076], [-84.81745251862972, 48.10622060897298], [-84.81817931884288, 48.10607020890627], [-84.81960741926183, 48.10577560877528]]}, "properties": {"OBJECTID": 3645}}, {"type": "Feature", "id": 3646, "geometry": {"type": "LineString", "coordinates": [[-84.71685265959773, 47.91050268650032], [-84.71665075924857, 47.90840208620396], [-84.71650165904198, 47.907229286040696], [-84.71533695846385, 47.90572138589033], [-84.71455785822246, 47.90578688594762], [-84.7137787579811, 47.905852386004916], [-84.71308875770036, 47.9054156859829], [-84.71004335645834, 47.90346538588248], [-84.70653125502142, 47.90118168576149], [-84.70117065316091, 47.900156585938525], [-84.69322045040921, 47.89869228620915], [-84.68784584854771, 47.89769338639069], [-84.68225354666782, 47.897076686641746], [-84.67698114489524, 47.89649318687798], [-84.67201404310723, 47.895069786971966], [-84.671644242974, 47.894963286978886], [-84.666343040717, 47.89086038669903], [-84.66458553996658, 47.88948388660382], [-84.65915243822553, 47.88951718694037], [-84.65784133780431, 47.889517387020405]]}, "properties": {"OBJECTID": 3646}}, {"type": "Feature", "id": 3647, "geometry": {"type": "LineString", "coordinates": [[-84.62368022747485, 47.89432208981177], [-84.62335492738275, 47.8944143898452], [-84.6223642271052, 47.89471778995028], [-84.62008132643548, 47.89519239015932], [-84.61825442590866, 47.89564039033666], [-84.61790012577441, 47.89548909033603], [-84.61748062561412, 47.8953003903338], [-84.61413652434067, 47.89382719032084], [-84.61205222354477, 47.89289299031045], [-84.61016382294342, 47.8929346904317], [-84.6075126220971, 47.89297839059973], [-84.60731172203319, 47.892983190612696], [-84.60227762042511, 47.89305809093057], [-84.59957261956252, 47.89310959110297], [-84.5978793190013, 47.8929841911877], [-84.59725271879321, 47.892935091218654], [-84.59556841813068, 47.8920358911889]]}, "properties": {"OBJECTID": 3647}}, {"type": "Feature", "id": 3648, "geometry": {"type": "LineString", "coordinates": [[-84.591467516522, 47.88988029112139], [-84.5898907158931, 47.88897439108404], [-84.5876797149992, 47.887614191018415], [-84.58706821475243, 47.88724139100077]]}, "properties": {"OBJECTID": 3648}}, {"type": "Feature", "id": 3649, "geometry": {"type": "LineString", "coordinates": [[-84.57709281149417, 47.886860191552145], [-84.57694531144759, 47.88686609156202], [-84.57355571037243, 47.88697449178435], [-84.57309551020133, 47.88680269178703], [-84.56919940876566, 47.88544249182392]]}, "properties": {"OBJECTID": 3649}}, {"type": "Feature", "id": 3650, "geometry": {"type": "LineString", "coordinates": [[-84.54371640049268, 47.88485469328803], [-84.54359910044617, 47.88478919328549], [-84.54341670037371, 47.88468639328147], [-84.54236189995284, 47.884078893256124], [-84.5417111996921, 47.88369599323924], [-84.53948319880715, 47.88244249319009]]}, "properties": {"OBJECTID": 3650}}, {"type": "Feature", "id": 3651, "geometry": {"type": "LineString", "coordinates": [[-84.54516250091594, 47.88454379315427], [-84.54593830112775, 47.884263393065744], [-84.5496014021214, 47.882892992641004]]}, "properties": {"OBJECTID": 3651}}, {"type": "Feature", "id": 3652, "geometry": {"type": "LineString", "coordinates": [[-84.51758230329307, 47.96804790712076], [-84.52113740505584, 47.97262390757663], [-84.5217726053704, 47.973438407657646], [-84.52641000765657, 47.979306308237156], [-84.52823050855217, 47.981595008462385], [-84.52834410860858, 47.98174140847692], [-84.53034230958997, 47.984240908722235], [-84.53170821026136, 47.985953008890405], [-84.53349411113132, 47.988132909101644]]}, "properties": {"OBJECTID": 3652}}, {"type": "Feature", "id": 3653, "geometry": {"type": "LineString", "coordinates": [[-84.50603199844961, 47.959717106599506], [-84.50767629902637, 47.960067806550974], [-84.50892579947971, 47.96044590653052], [-84.50991899984125, 47.960755406515524], [-84.51035419999839, 47.96088180650761], [-84.51254850079512, 47.96155020647226], [-84.51364680133774, 47.96295080661127]]}, "properties": {"OBJECTID": 3653}}, {"type": "Feature", "id": 3654, "geometry": {"type": "LineString", "coordinates": [[-84.52231040255285, 47.951287504369034], [-84.52155710254124, 47.952998904666586], [-84.51988960251809, 47.95680510532771], [-84.51918310239425, 47.9575727054836], [-84.51780830212616, 47.95886570575737], [-84.51504730126447, 47.95906690595506], [-84.51107170002264, 47.95934970623872], [-84.50603199844961, 47.959717106599506]]}, "properties": {"OBJECTID": 3654}}, {"type": "Feature", "id": 3655, "geometry": {"type": "LineString", "coordinates": [[-84.50410889777623, 47.959315406657495], [-84.50431799780898, 47.95905900660713], [-84.50517879794296, 47.957997906398695], [-84.50551899799522, 47.95757340631556]]}, "properties": {"OBJECTID": 3655}}, {"type": "Feature", "id": 3656, "geometry": {"type": "LineString", "coordinates": [[-84.53149071320247, 48.008200612169496], [-84.53190351341952, 48.0088214122354], [-84.53296791397632, 48.01040091240224]]}, "properties": {"OBJECTID": 3656}}, {"type": "Feature", "id": 3657, "geometry": {"type": "LineString", "coordinates": [[-84.44564102362946, 48.28764295824159], [-84.44921452444854, 48.28519395766654], [-84.45878012718647, 48.28260755670436], [-84.45946372738116, 48.28241575663459], [-84.46043362765943, 48.28215825653774], [-84.46041802751077, 48.281114156386806], [-84.46039672740625, 48.28040395628481], [-84.4603022269348, 48.27719755582414], [-84.46030442692937, 48.277152655817495], [-84.46166862710123, 48.275194255448966], [-84.46858362929879, 48.27491485498468], [-84.4693869295362, 48.27475265491188], [-84.47001522971652, 48.274586454849185], [-84.47374813088774, 48.27432665458267], [-84.47632123164826, 48.273807354349444], [-84.47849523207675, 48.271812553926054]]}, "properties": {"OBJECTID": 3657}}, {"type": "Feature", "id": 3662, "geometry": {"type": "LineString", "coordinates": [[-84.80743381074834, 48.072280204638], [-84.8795150382624, 48.10383110479534], [-84.93802535701954, 48.103454401124104], [-84.96882966677256, 48.10239829906398], [-84.98449667168867, 48.101548397970035], [-85.0159797816281, 48.10029469583664], [-85.0198519828498, 48.100136495573594], [-85.04794599240479, 48.10399479439237], [-85.06869099943333, 48.1066543934915], [-85.11595261452474, 48.10608739047221], [-85.11746881499914, 48.10599979036522], [-85.13240851978313, 48.10592768942554], [-85.13529722029371, 48.10292558880945], [-85.14515312314849, 48.10070978787418], [-85.16923923037844, 48.09713288585512], [-85.1983350390957, 48.09271408340072], [-85.21163354305843, 48.090546582256984], [-85.23164645146653, 48.10488228309138], [-85.24228825486514, 48.10478918241392], [-85.24641645616153, 48.10459588212818], [-85.24689565631618, 48.10460318209933], [-85.2654045622634, 48.10470878095921], [-85.30572077511547, 48.10422767837039], [-85.33847038563813, 48.1044541763549], [-85.39967290524153, 48.10449317252744], [-85.41834071109689, 48.10363277123231], [-85.421538512278, 48.10475977119508], [-85.42185941239136, 48.104836171186015]]}, "properties": {"OBJECTID": 3662}}, {"type": "Feature", "id": 3664, "geometry": {"type": "LineString", "coordinates": [[-84.65080303554652, 47.88954448745399], [-84.64690943429687, 47.88955478769309], [-84.64468673370759, 47.890480987965056], [-84.64354113340423, 47.89096138810564], [-84.64044223239378, 47.8908526882787], [-84.63857213178404, 47.89078728838317], [-84.63854543177536, 47.890786688384686], [-84.6366624311602, 47.890711888488575], [-84.63640883107678, 47.890697688501945], [-84.63146122967694, 47.892107389011215], [-84.62857392885985, 47.892929589308366]]}, "properties": {"OBJECTID": 3664}}, {"type": "Feature", "id": 3665, "geometry": {"type": "LineString", "coordinates": [[-84.518662603655, 47.96815230707031], [-84.53080900765936, 47.96884620643232], [-84.53111520775884, 47.968852806414645], [-84.5317728079724, 47.96886690637669], [-84.53317820842895, 47.96889710629546]]}, "properties": {"OBJECTID": 3665}}, {"type": "Feature", "id": 3667, "geometry": {"type": "LineString", "coordinates": [[-84.36526610141576, 48.315260367176705], [-84.36376910096588, 48.315513967305094], [-84.36100700009872, 48.315711567502724], [-84.35837999927442, 48.31590316769119], [-84.35797209911513, 48.315704767687286], [-84.35694479871617, 48.315222267679864], [-84.3528817974075, 48.31527276793554], [-84.34558349503607, 48.31521346837295], [-84.34446769467347, 48.315204568439825], [-84.34317239425488, 48.31521066851986], [-84.34303989424119, 48.31542356855892], [-84.34280469421623, 48.315796068627456], [-84.34240499414483, 48.31621866871339], [-84.33952389341023, 48.317663669099595], [-84.33179709143182, 48.32147957012669], [-84.3299972913597, 48.32519887077755], [-84.32782829082575, 48.32642617108852]]}, "properties": {"OBJECTID": 3667}}, {"type": "Feature", "id": 3668, "geometry": {"type": "LineString", "coordinates": [[-84.28311417776489, 48.336814275329374], [-84.28034087663974, 48.33516507525875], [-84.27659397513548, 48.333051775179925], [-84.27541357466512, 48.33241197515887], [-84.27299937370572, 48.3311219751185], [-84.26574877115948, 48.32968997535232], [-84.26546137104192, 48.329512275344015], [-84.26494927083974, 48.32924807533678], [-84.26409547046892, 48.32856197528902], [-84.26264476984353, 48.32742967521273], [-84.26100756918667, 48.326508875178526], [-84.26040496894501, 48.32617057516603], [-84.2590521684121, 48.32548147514823], [-84.25809446803196, 48.32497267513259], [-84.25656906736734, 48.32373057504479], [-84.25655706735968, 48.32370327504156], [-84.25585066703962, 48.32303857498785], [-84.25344496627056, 48.323116075145805], [-84.25175386573423, 48.323201675261316], [-84.25075626540887, 48.32318677531992], [-84.24998196513688, 48.32303327534476], [-84.23691956042998, 48.31957967563789], [-84.23662696032429, 48.31950067564426], [-84.2297532578408, 48.31763457579114], [-84.22687495678375, 48.316728375834494], [-84.22443965601217, 48.31685857600172], [-84.2228535555174, 48.31700017611887], [-84.22050965478313, 48.31718647628877], [-84.21498635304083, 48.31753867667624], [-84.21342005253643, 48.317563676775265], [-84.21040885156746, 48.317616576966216], [-84.20556745002736, 48.317831877292264], [-84.20282164915508, 48.317963077478424], [-84.20039774839191, 48.31812897765006], [-84.19917144802469, 48.31835107775706], [-84.19746364752433, 48.3187413779178], [-84.19583964704404, 48.31907967806589], [-84.19376044637399, 48.319109878196755], [-84.18785094445902, 48.319118378557505], [-84.18117344229223, 48.31910777896208], [-84.17742644100187, 48.31855687910965], [-84.17627724060199, 48.318357679150516], [-84.17601324050194, 48.318252279151224], [-84.17415183979737, 48.31751367915674], [-84.17300463936003, 48.317035579156816], [-84.17151303879506, 48.31644097916088], [-84.17134143873024, 48.31637377916152], [-84.16966033813878, 48.31603537921443], [-84.16920333798663, 48.316006179237945], [-84.16735723738297, 48.31596967934486], [-84.16701843727687, 48.31599727936948], [-84.16554953679676, 48.315970079454786], [-84.16397383627923, 48.31592227954358], [-84.16097263528836, 48.315794179707304], [-84.15531813345996, 48.31583428005674], [-84.15360373290677, 48.31585488016394], [-84.15253543256645, 48.31590038023547], [-84.14979223172148, 48.31622828044993], [-84.14628993063877, 48.3166182807195], [-84.1446871301476, 48.316828580847485]]}, "properties": {"OBJECTID": 3668}}, {"type": "Feature", "id": 3673, "geometry": {"type": "LineString", "coordinates": [[-84.52725159405855, 47.87637549303958], [-84.52347459259498, 47.87452139299584], [-84.5238578920911, 47.86985049228388], [-84.52421799172002, 47.866222891727126], [-84.52450539156814, 47.864402491441155], [-84.5247922914173, 47.862590991156594], [-84.52535229111247, 47.858976690589515], [-84.52493719049139, 47.855341390078436], [-84.52453458987695, 47.851724389569334], [-84.52434108956923, 47.84989348931093], [-84.52410748924856, 47.84806178905483], [-84.52370548863333, 47.84443578854418], [-84.5232775880074, 47.840791188032284], [-84.52287688738922, 47.837138187517446], [-84.52246128677113, 47.833520887008646], [-84.52222828644969, 47.83168008675101], [-84.52189218593469, 47.8286402863226], [-84.5218467858224, 47.82791038621758], [-84.5204774851374, 47.82608108603058], [-84.51910578445892, 47.82430568585168], [-84.51776128378806, 47.82252178566979], [-84.51646178285615, 47.81867818518096], [-84.51524518198143, 47.815061384720444], [-84.51396838106922, 47.81130828424342], [-84.51445888078916, 47.808034383729876], [-84.5147109806508, 47.80639308347201], [-84.51443038007514, 47.80276048295218], [-84.51404687923187, 47.797370982178826], [-84.51117627789735, 47.79428508189671], [-84.51208547796254, 47.792586081590365], [-84.51252217800202, 47.79183068145219], [-84.5126826780156, 47.79154618140042], [-84.51301827804386, 47.790950581291945], [-84.51332377807202, 47.79042628119591], [-84.51335467807483, 47.79037288118619], [-84.5139776781338, 47.78931558099206], [-84.51289327753238, 47.78742028077753], [-84.51177867689363, 47.78531748053415], [-84.51077447631828, 47.78342388031494], [-84.5108026758759, 47.78004097981285], [-84.5108099757834, 47.77933027970733], [-84.51081297573882, 47.77898837965654], [-84.5108155757324, 47.778934379648426], [-84.5108219757165, 47.778799579628085], [-84.5108485754274, 47.7765684792964], [-84.5109128747845, 47.771593578556505], [-84.50923737378193, 47.76811067814266], [-84.50803567306255, 47.76560987784539], [-84.50679837231976, 47.763018377536795], [-84.50536297147086, 47.760107477192854], [-84.50429357083536, 47.75791557693315], [-84.50266706986352, 47.754541576532134], [-84.50398916980309, 47.750898875912696], [-84.5060193697062, 47.74527387495675], [-84.50749386964021, 47.74122057426717], [-84.50780446935764, 47.738347773822774], [-84.50811296908046, 47.735519873385165], [-84.5083066689002, 47.73369737310343], [-84.51017036898803, 47.72985937242197], [-84.51011556875129, 47.72821147218109], [-84.50911396802479, 47.725166171790434], [-84.5081415673007, 47.722067471390034], [-84.50810786693813, 47.71942117099985], [-84.50809206645704, 47.71583927046986], [-84.50788616618473, 47.71428707025217], [-84.50731366577573, 47.71259187003549], [-84.50641636512773, 47.709881769687954], [-84.50585816457289, 47.707052969302204], [-84.50535246407453, 47.70452236895753], [-84.50501686375084, 47.70289526873655], [-84.50472856345915, 47.701395268531485], [-84.5029471626517, 47.69961966837588], [-84.49847876092996, 47.6974524683246], [-84.49390615916849, 47.69523776827248], [-84.49184845811654, 47.69228606795893], [-84.49025345729807, 47.689974467712325], [-84.48864735647017, 47.687617567459604], [-84.48971325659227, 47.6859581671489], [-84.49079285671768, 47.68429006683605], [-84.49162665681716, 47.68302156659738], [-84.4929504569715, 47.68098086621444], [-84.49625495736898, 47.675977865272024], [-84.49801085757146, 47.67325366476139], [-84.49839905761733, 47.67265926464972], [-84.50059775787857, 47.6693057640189], [-84.5016877580133, 47.667682763712016], [-84.50198055807114, 47.66741016365382], [-84.50269015821505, 47.666777763517004], [-84.5042075584095, 47.66457006309746], [-84.50448555805977, 47.6612555625884], [-84.50475275766257, 47.65760786203044], [-84.50503195727298, 47.65398746147577], [-84.50513315709853, 47.652423861237295], [-84.50468795671271, 47.650587460991346], [-84.5040523562034, 47.64827886068672], [-84.50299745550365, 47.64554726034452], [-84.50285835518018, 47.643438560039584], [-84.50268795471213, 47.6403122595852], [-84.50250415412918, 47.636348759007156], [-84.50236985383117, 47.63442005872852], [-84.50342165383616, 47.63190535829116], [-84.50521325383556, 47.62755295753581], [-84.50683085385482, 47.623772656876035], [-84.50729685385583, 47.62264895668079], [-84.50699845340625, 47.61996975630029], [-84.50656445277272, 47.61622585576966], [-84.50671245248321, 47.61367335538101], [-84.50702155198333, 47.60913565468729], [-84.50731125153078, 47.605002554054764], [-84.50756795112231, 47.601282553485696], [-84.5079469505612, 47.5961074526926], [-84.50822545013634, 47.5922080520953], [-84.50841824984751, 47.589548551687756], [-84.50816524936124, 47.58647445124531], [-84.50803164909861, 47.58480675100507], [-84.50793764892356, 47.5837068508469], [-84.50759714828348, 47.57967695026733], [-84.50634964750792, 47.57682404991765], [-84.5058220471797, 47.57561574976946], [-84.50462484642878, 47.57282694942625], [-84.5033404456344, 47.56991924907047], [-84.5030681451602, 47.566979648648896], [-84.50274224459653, 47.56348994814853], [-84.50236024394972, 47.55950404757756], [-84.50037464314323, 47.55820984750432], [-84.49821034222222, 47.55647974737684], [-84.49636494144102, 47.55503554727278], [-84.49458304068862, 47.55365574717445], [-84.49424654033614, 47.55179454691725], [-84.4938907399207, 47.54950104659669], [-84.49338223936485, 47.546511246181545], [-84.4932769392185, 47.54565404606003], [-84.49311943901623, 47.54449864589725], [-84.49284893868642, 47.5426479456375], [-84.49335763847377, 47.53978844518038], [-84.49393223821036, 47.53638134463755], [-84.49445103797275, 47.53330604414755], [-84.4948772377773, 47.53077764374465], [-84.49531533755267, 47.527997443303484], [-84.49465793688431, 47.524509442822584], [-84.49427233650579, 47.52256624255577], [-84.49393473615704, 47.520732042302356], [-84.49356283578186, 47.5187801420334], [-84.49335203534429, 47.51595874162497], [-84.49332383526671, 47.51543624154864], [-84.4932122350265, 47.51387694132258], [-84.49314083487123, 47.51286744117622], [-84.49302073454216, 47.510651040852544], [-84.49288573417647, 47.50819134049339], [-84.49286263412304, 47.5078399404423], [-84.49269593376128, 47.505487540101065], [-84.49262323360928, 47.50450503995875], [-84.49248483328859, 47.50239623965212], [-84.49227663280864, 47.49924193919354], [-84.49209963236243, 47.49626843876005], [-84.49186883193784, 47.49359073837393], [-84.49177263173348, 47.49226573818176], [-84.49160763140446, 47.49015633787655], [-84.49167783119738, 47.48840313761037], [-84.49168173118805, 47.48832223759806], [-84.4928463311696, 47.48533303708136], [-84.49284513091715, 47.48340723679366], [-84.492792230681, 47.48173233654653], [-84.49273923051787, 47.48061523638278], [-84.49271223043729, 47.48006573630222], [-84.492732430279, 47.47880633611281], [-84.49275813014366, 47.47770903594729], [-84.49237022973578, 47.475540735646454]]}, "properties": {"OBJECTID": 3673}}, {"type": "Feature", "id": 4244, "geometry": {"type": "LineString", "coordinates": [[-86.35535450309165, 48.740705702069995], [-86.35489120288756, 48.7403323020479], [-86.35402120253272, 48.739820702033036], [-86.35165950151911, 48.73809570194541], [-86.34806789995271, 48.73530400178851], [-86.34475619850808, 48.7327273016434], [-86.34120789696448, 48.72999400149162], [-86.33809289560412, 48.72755900135338], [-86.33453949405487, 48.724797301197796], [-86.33084619244727, 48.721944001038466], [-86.32618119041055, 48.71829730083101], [-86.32171948846967, 48.714855700638914], [-86.31747948662071, 48.711554000451876], [-86.31390288506023, 48.7087623002931], [-86.30950118314598, 48.705367300103255], [-86.30512948123706, 48.70194229990712], [-86.30162287971223, 48.69923729975564], [-86.29773947801944, 48.69621229958365], [-86.29437787655172, 48.69357729943236], [-86.2918511754526, 48.69162399932242], [-86.28791287373807, 48.688568999149474], [-86.28309787163394, 48.68477899893019], [-86.27881946977028, 48.68145069874078], [-86.27498116809566, 48.678445698568], [-86.27164116664203, 48.67585399842085], [-86.26747286482544, 48.67260229823462], [-86.26360116311601, 48.66943229804047], [-86.26169446218594, 48.667275697860994], [-86.2582961605054, 48.663277297519215], [-86.2547144587489, 48.659160697172545], [-86.2526794577402, 48.65674899696528], [-86.24888785587467, 48.65234729659187], [-86.24606945448726, 48.64906899631332], [-86.24344445319414, 48.64600899605284], [-86.23971785135875, 48.64166569568302], [-86.2372128501241, 48.63873899543332], [-86.23413114860372, 48.635127295124484], [-86.23100944706876, 48.63150229481623], [-86.22770444543936, 48.627633994485414], [-86.22479284400698, 48.62424569419667], [-86.22222444273994, 48.62123229393837], [-86.2194994413986, 48.61805399366691], [-86.2156894395203, 48.61358899328424], [-86.21254113797357, 48.6099339929728], [-86.21012443678423, 48.60711399273161], [-86.20703113525931, 48.60348569242013], [-86.20318613336484, 48.59898069203349], [-86.19992113176234, 48.59519569171069], [-86.19678943022012, 48.5915289913959], [-86.19553942960363, 48.590058991269295], [-86.19318282844613, 48.58731899103498], [-86.18987282681809, 48.58345399070349], [-86.18645612513795, 48.57946569036131], [-86.18466782425561, 48.5773572901792], [-86.18133282261253, 48.573440689841625], [-86.17895782144166, 48.570645689600326], [-86.17644612020685, 48.56771228934822], [-86.17259441831305, 48.56321068896109], [-86.17012781709741, 48.5603072887101], [-86.16760111585582, 48.55735728845635], [-86.16425611420915, 48.553430688117324], [-86.16244281331863, 48.55131568793541], [-86.16036941229525, 48.54886228772239], [-86.15856611140975, 48.54675898754142], [-86.15523110976764, 48.54283728720204], [-86.15324280878748, 48.54049068699848], [-86.15071440754565, 48.53753728674383], [-86.1487011065826, 48.53536068656583], [-86.14397940468463, 48.53271398649637], [-86.14086280343, 48.530953986448615], [-86.13750940208946, 48.5291239864062], [-86.132381100039, 48.526322286340765], [-86.12839439844356, 48.524133986288355], [-86.12580279740634, 48.522710686254136], [-86.12030439520636, 48.51969398618188], [-86.11559609332258, 48.51711068611981], [-86.11118779155844, 48.51468898606121], [-86.10603938949752, 48.51185568599197], [-86.10116938755112, 48.50919568592917], [-86.09771778616827, 48.507287285881254], [-86.09317438435062, 48.50479228582061], [-86.08729438199619, 48.50154898573989], [-86.0851293811307, 48.500363985711424], [-86.08044937925816, 48.49779068564816], [-86.07751107808288, 48.4961772856087], [-86.07280277619951, 48.49359068554523], [-86.0681660743435, 48.49103398548123], [-86.06258437211314, 48.48798228540774], [-86.06000937107885, 48.486537285368506], [-86.05461776892353, 48.48358228529631], [-86.05003436708908, 48.48105398523245], [-86.04815436634063, 48.48004398521013], [-86.04363106456289, 48.477772285178766], [-86.04141106370989, 48.47679068518223], [-86.03492936121464, 48.473892285187766], [-86.03343436063936, 48.47322568518929], [-86.0276360584041, 48.47061068519091], [-86.02262605647633, 48.468375685195674], [-86.01679275422904, 48.4657539851983], [-86.01229605249738, 48.46373728520083], [-86.00595435005617, 48.4608989852051], [-86.0027627488288, 48.459478985208406], [-85.99923604746886, 48.45788398520828], [-85.99477104575047, 48.45588728521129], [-85.99066774417034, 48.45404568521307], [-85.98860774337753, 48.45312398521436], [-85.9831177412643, 48.450665685217345], [-85.97793273926952, 48.44835068522103], [-85.9729893373625, 48.446107285219256], [-85.96894773580648, 48.44429398522072], [-85.96376933381428, 48.441980685223875], [-85.95972103225522, 48.44016068522463], [-85.95541603059475, 48.43820728522283], [-85.95142272905917, 48.436427285225626], [-85.94480102650961, 48.43345228522678], [-85.94186272538116, 48.43215228523008], [-85.93863272415732, 48.43083728524997], [-85.93288432199955, 48.428637285305186], [-85.93035602104803, 48.427652285326964], [-85.92559271925887, 48.42582068537135], [-85.92153101773543, 48.42427398541135], [-85.91848271658937, 48.42309398543852], [-85.91312101457628, 48.421037285489], [-85.90636931203936, 48.41843398555045], [-85.9036260110117, 48.417397285578396], [-85.89917930933922, 48.41567068561704], [-85.89194270662013, 48.412878985682255], [-85.88933600564248, 48.41188568570755], [-85.88599100438648, 48.41060068573834], [-85.88066430238653, 48.40855568578763], [-85.87467600013667, 48.40624568584125], [-85.87033599850695, 48.40457728588091], [-85.86701929727649, 48.40340568592588], [-85.86047429486754, 48.40122728603362], [-85.85719769366291, 48.40014568608878], [-85.85253099194578, 48.39859568616592], [-85.8491342906967, 48.39747228622272], [-85.84426768890658, 48.39585898630344], [-85.8386892868542, 48.394007286395585], [-85.83302098476503, 48.392098986485244], [-85.82745428271863, 48.39026228657858], [-85.82175928062334, 48.38837068667212], [-85.81732097898981, 48.38689228674437], [-85.81265267727166, 48.38533728682026], [-85.80684927513623, 48.383407286914945], [-85.80291767369064, 48.38210728698009], [-85.79735767164082, 48.380230687066756], [-85.79140426945168, 48.37826068716498], [-85.78510266713292, 48.376163987267226], [-85.78181266592347, 48.375077287321666], [-85.7743692631829, 48.372588987440515], [-85.76989096153508, 48.37109898751293], [-85.76581266003474, 48.36974398757909], [-85.7596742577753, 48.36769568767728], [-85.75493425603081, 48.366115687753286], [-85.75145595475112, 48.36495898780938], [-85.74517265243793, 48.362858987909114], [-85.73883595010719, 48.36075568801168], [-85.73399924832492, 48.35912728808653], [-85.72920094656051, 48.35753728816438], [-85.72433264476837, 48.355910688241366], [-85.71851424262432, 48.353950688331004], [-85.71564264156697, 48.352988988376], [-85.71109423988713, 48.351430688442186], [-85.706990938358, 48.3499289884881], [-85.70242093665391, 48.34824898853815], [-85.69710263466631, 48.34626228859168], [-85.69228763286951, 48.34448228864277], [-85.688460931441, 48.343063988682836], [-85.68457262998855, 48.34161568872237], [-85.6806859285387, 48.34018228876394], [-85.675665926663, 48.33830898881439], [-85.67064922478936, 48.33644228886548], [-85.6666459232932, 48.33494568890521], [-85.66146762135952, 48.33302068895806], [-85.65845762022235, 48.33180898897542], [-85.65354591835936, 48.32978068899636], [-85.64888091658833, 48.32784228901441], [-85.64421591482044, 48.325925689035586], [-85.63819421253403, 48.32342068905823], [-85.63322921065114, 48.321370689079046], [-85.62656920812404, 48.3186106891054], [-85.62235920652967, 48.31688728912498], [-85.61787260482583, 48.31501728914102], [-85.61266090285007, 48.31286898916291], [-85.60796920107092, 48.31093068918196], [-85.60343259935, 48.30905228919971], [-85.59934419780002, 48.3073656892165], [-85.59683089684293, 48.30629898922254], [-85.59281589532199, 48.30465068924007], [-85.5877608934043, 48.302555689259236], [-85.5837291918764, 48.30089568927602], [-85.57700588932501, 48.29810228930021], [-85.573820888118, 48.296790689313305], [-85.5693875864364, 48.29495398932991], [-85.56362088424834, 48.29255898935049], [-85.55906418252025, 48.290672289367514], [-85.55411258064314, 48.28862728938665], [-85.5490608787276, 48.286537289405594], [-85.5435675766428, 48.284250689424006], [-85.53891417487773, 48.282320689440596], [-85.53311757268038, 48.27992568946235], [-85.52923587120931, 48.27832398947721], [-85.5229275688167, 48.27570728949923], [-85.51967416758366, 48.274363989511386], [-85.51601256619527, 48.27284728952437], [-85.50929416364802, 48.270065689548154], [-85.50512256206227, 48.26830898955864], [-85.50082586041074, 48.266370689550754], [-85.49627415865938, 48.264303989540394], [-85.49214755707283, 48.2624389895322], [-85.4874141552527, 48.26029728952236], [-85.48199085316742, 48.257843989511045], [-85.4760408508774, 48.25513568949605], [-85.47055084876573, 48.25264568948344], [-85.46640754717511, 48.25078728947679], [-85.46281584579283, 48.24915228946748], [-85.45663414341445, 48.24634228945198], [-85.4519708416208, 48.244225689440675], [-85.44825754019355, 48.24254728943255], [-85.4424091379451, 48.239898989418954], [-85.43868913651492, 48.23821398941022], [-85.4339275346815, 48.236037289396045], [-85.42951753298578, 48.23403728938511], [-85.42521253132801, 48.2320672893718], [-85.42064912957242, 48.2299906893593], [-85.41447082719463, 48.22717228934129], [-85.41027252557689, 48.22524228932679], [-85.40807912473664, 48.22426898932424], [-85.40195412237783, 48.221462289304206], [-85.39764582072216, 48.21951228929357], [-85.39385081926817, 48.217825689288546], [-85.39042251796691, 48.21638898929651], [-85.38526581600952, 48.214227289308376], [-85.38136751453092, 48.21260068931832], [-85.376329112617, 48.210477289328075], [-85.37039751036782, 48.208005689343516], [-85.36715750913761, 48.206643989350184], [-85.36188410713753, 48.2044422893631], [-85.35542910468791, 48.201737289377306], [-85.35094750298673, 48.199855689386574], [-85.34510910077034, 48.19740228939822], [-85.34231909971318, 48.19624398940572], [-85.33660409754695, 48.193865689420306], [-85.33172249569171, 48.19179898942754], [-85.3264640936968, 48.18959728943875], [-85.3219307919763, 48.187693989447624], [-85.31788249044035, 48.18599728945586], [-85.31249748839726, 48.18374068946678], [-85.30671748620243, 48.1813039894763], [-85.30325578488923, 48.179853989483234], [-85.30076748394141, 48.178783989484245], [-85.29490078168628, 48.17611398946511], [-85.29326078105325, 48.175348989457056], [-85.28818077909641, 48.17300728943606], [-85.28315907716139, 48.17068728941443], [-85.28116247639288, 48.16977068940667], [-85.27492247399081, 48.1669039893819], [-85.269839072031, 48.16454728935853], [-85.26446246996149, 48.16207728933702], [-85.26005746826415, 48.1600406893174], [-85.25583406663677, 48.15808728929835], [-85.25223076525045, 48.156435689284265], [-85.24641246300995, 48.15375398925922], [-85.24094906090384, 48.15121898923315], [-85.23806575979464, 48.14989728922166], [-85.23395405821125, 48.148000689203506], [-85.22798575591253, 48.145243989176485], [-85.22394905436677, 48.1434439891675], [-85.21857245232603, 48.1411756891742], [-85.21533075109457, 48.13980068917709], [-85.21056744928408, 48.13777228918006], [-85.20563074740899, 48.13567898918436], [-85.19911904493446, 48.132908989188635], [-85.19692744410197, 48.131978989190365], [-85.19194744220943, 48.129858989193245], [-85.18515903963291, 48.12699228920033], [-85.18105743807232, 48.125232289200504], [-85.17617403621811, 48.123163989204514], [-85.17085573419455, 48.12088068920436], [-85.16677743264597, 48.119152289207435], [-85.16119403052453, 48.11677568921004], [-85.15517242823663, 48.114212289212645], [-85.15274402731399, 48.113178989213715], [-85.14671572502202, 48.11060068921439], [-85.14398572397633, 48.109377289206535], [-85.13802742166965, 48.10653068916361], [-85.13402242011693, 48.10460068913225], [-85.12929071828746, 48.102355689100236], [-85.1226824157284, 48.099190689051106], [-85.11808401394923, 48.096998989018296], [-85.11314241203713, 48.094642288982776], [-85.10678400957725, 48.09161228893729], [-85.10320070819095, 48.08990398891144], [-85.09695400577331, 48.08691898886527], [-85.09177070376809, 48.08444728882756], [-85.08598070152793, 48.08168398878493], [-85.08164069984859, 48.07961068875261], [-85.07705569807499, 48.07742398871893], [-85.074103996932, 48.07600728869589], [-85.07053069555016, 48.07430568866991], [-85.06387399297606, 48.07113568862131], [-85.0599156914455, 48.069250688592305], [-85.05427738926234, 48.06654398854775], [-85.04938238736943, 48.06421068851135], [-85.04487738562541, 48.0620489884757], [-85.04078398404252, 48.06009728844501], [-85.03709568261657, 48.05834068841758], [-85.03318898110535, 48.05647398838762], [-85.02737567883786, 48.05355898832289], [-85.02262897698695, 48.05118228827041], [-85.01800237518225, 48.04886068821842], [-85.0134656734122, 48.04658068816684], [-85.00684897083377, 48.043277288094664], [-85.00404896973991, 48.04185898806106], [-84.99781066730631, 48.03872398798977], [-84.99488896616795, 48.03726568795773], [-84.99065396451596, 48.035137287909144], [-84.9837306618163, 48.03166398783041], [-84.98098236074381, 48.030278987798226], [-84.97715235924905, 48.02834728775304], [-84.97280735755629, 48.026177287704805], [-84.97015735652232, 48.02484228767367], [-84.9635989539645, 48.02154568759756], [-84.96022065264863, 48.019858987559964], [-84.9536756500958, 48.01656568748322], [-84.95114894909996, 48.01521898744255], [-84.94828234796057, 48.01362068738606], [-84.94413234631463, 48.01133228730793], [-84.9415106452754, 48.009890687259144], [-84.93637564323389, 48.00702228715691], [-84.93082064102941, 48.00394728705024], [-84.92764563976844, 48.00218228698812], [-84.92399563831991, 48.00016068691771], [-84.9206756370024, 47.99832228685369], [-84.91729563565933, 47.99643728678656], [-84.91199893355642, 47.99349568668291], [-84.90813063202097, 47.991348986607434], [-84.902862329929, 47.98841898650355], [-84.89988562874736, 47.98676568644507], [-84.89683062753488, 47.98507068638532], [-84.89298062600713, 47.98293568631007], [-84.8879873240263, 47.980170686212986], [-84.88428732255689, 47.97810898613915], [-84.87927392056775, 47.97532898604085], [-84.87715891972721, 47.97414568599783], [-84.87167561755217, 47.97110728589046], [-84.86860061633183, 47.96939898582958], [-84.86489061485722, 47.96732068575352], [-84.8608723132621, 47.965083985673125], [-84.85740561188665, 47.963158985604416], [-84.85437061068185, 47.96146898554351], [-84.84997890893958, 47.95903068545635], [-84.84523390705759, 47.956398985362405], [-84.84131890550367, 47.95421898528365], [-84.83634730353145, 47.95145728518442], [-84.83187390175601, 47.94896568509402], [-84.82748730002413, 47.94658898501512], [-84.82421729886654, 47.945797285099864], [-84.81810889671776, 47.944418985272904], [-84.81152889440398, 47.94294068546016], [-84.80622889253812, 47.94173398560854], [-84.8004838905157, 47.940427285769495], [-84.79509888862273, 47.939222285923144], [-84.78749388594528, 47.93749068613572], [-84.78191728398396, 47.936235686293614], [-84.77586228185268, 47.93486068646317], [-84.77188728045505, 47.933968986576005], [-84.76431557778953, 47.932247286787465], [-84.76251387715887, 47.93186398684168], [-84.75663557512387, 47.9307806870429], [-84.75154727335973, 47.929823987214206], [-84.74648227160286, 47.92886568738382], [-84.74242057019516, 47.92810568752101], [-84.73635056808895, 47.92695228772336], [-84.73206726660345, 47.92614398786698], [-84.72669386473999, 47.92513068804712], [-84.72160386297587, 47.924178988218856], [-84.7157788609539, 47.92306728841209], [-84.71086055924808, 47.92213898857666], [-84.70480385714714, 47.92099398877897], [-84.69981055541464, 47.920047288945305], [-84.69400225339885, 47.91894228913813], [-84.6889838516585, 47.9179972893061], [-84.68270054947922, 47.91681228951603], [-84.67718384756472, 47.915763989699144], [-84.66991054504108, 47.914385689940964], [-84.66439224312487, 47.9133289901227], [-84.65688224051927, 47.9119072903724], [-84.6539922395159, 47.911355690467786], [-84.6481355374839, 47.91024729066239], [-84.64138223513936, 47.90895899088517], [-84.63720883369173, 47.9081722910242], [-84.6298172311274, 47.90677569126986], [-84.6242438291915, 47.90570569145244], [-84.61660552654165, 47.904263991706244], [-84.61496552597218, 47.90395069176015], [-84.61178882486979, 47.90334899186534], [-84.60581722279213, 47.90217729205703], [-84.6019605214554, 47.90145899218641], [-84.59858882018855, 47.90010229219229], [-84.59305881810656, 47.89784569219713], [-84.58998051694827, 47.89659399220043], [-84.58674051572744, 47.895263992202025], [-84.58297221431569, 47.89377729221271], [-84.57629881197666, 47.89234069240757], [-84.57118881018287, 47.89122069255385], [-84.56442380780945, 47.88974729274871], [-84.56017380631887, 47.888825692871634], [-84.55467880438759, 47.887603993026104], [-84.55025050278964, 47.88631069310505], [-84.54585380120373, 47.88503069318394], [-84.54545850108212, 47.88507199321404], [-84.54477380087972, 47.885203993275155]]}, "properties": {"OBJECTID": 4244}}, {"type": "Feature", "id": 4248, "geometry": {"type": "LineString", "coordinates": [[-83.41308842984425, 47.843320754728516], [-83.41344012997864, 47.84347735473124], [-83.41439843020628, 47.84283575457923], [-83.41584513055065, 47.84187235435047], [-83.41737843091613, 47.84085575410875], [-83.4183834311291, 47.83998405391966], [-83.41968513142143, 47.838982353693716], [-83.42111683173977, 47.83785575344149], [-83.42237513201779, 47.83685235321785], [-83.42379343233212, 47.83572905296696], [-83.42503683260058, 47.83468905273873], [-83.4264034330137, 47.83445735262382], [-83.42815513354178, 47.83414905247492], [-83.430563434267, 47.8337190522692], [-83.43278343493527, 47.833320752079366], [-83.43512183563907, 47.83290075187923], [-83.43744343633765, 47.83248235168036], [-83.43954343696991, 47.83210735150102], [-83.44192843768728, 47.831675751296416], [-83.44430343840173, 47.83124735109286], [-83.44664013910555, 47.83083235089361], [-83.44912183985119, 47.83037735067984], [-83.4513784405305, 47.829974050486975], [-83.45380184125976, 47.82953905027959], [-83.45627844200534, 47.829097350068054], [-83.45903014283321, 47.8286023498324], [-83.46094684343359, 47.82844074969557], [-83.46321184414342, 47.828252349534225], [-83.46535514481441, 47.82806904938087], [-83.46782684558883, 47.82786234920461], [-83.46977684619992, 47.8277007490658], [-83.47228844698678, 47.827490748886746], [-83.4742418475975, 47.82731734874595], [-83.47679514839763, 47.827105748564165], [-83.47848184892594, 47.82696404844376], [-83.48105514973275, 47.82675404826103], [-83.48362845053865, 47.82653734807727], [-83.48583185122746, 47.82634234791855], [-83.48811685194319, 47.82615074775547], [-83.49013185257368, 47.825977347610966], [-83.4925818533424, 47.825782347437716], [-83.49398515378053, 47.825654047335945], [-83.49628185450035, 47.825465747172665], [-83.49764345492694, 47.82535234707561], [-83.5001984557272, 47.82513904689334], [-83.5019118562625, 47.82498574676962], [-83.50461685711097, 47.82476904657801], [-83.50633515764872, 47.824622346454944], [-83.50845345831134, 47.82443904630286], [-83.5106334589943, 47.82425904614763], [-83.51329185982674, 47.8240357459578], [-83.51559686054802, 47.82383904579268], [-83.51802186130736, 47.823635745619534], [-83.52023846200042, 47.823442345460094], [-83.52244186269027, 47.82325734530273], [-83.524240163253, 47.823104045173885], [-83.52666346401061, 47.82289234499952], [-83.52841346455854, 47.82274574487455], [-83.53074016528723, 47.8225523447086], [-83.53282346593896, 47.82237404455929], [-83.53532516672104, 47.82215574437927], [-83.53713186728577, 47.82199734424922], [-83.53904686788513, 47.82183574411222], [-83.5411234685353, 47.82166234396398], [-83.54362516931862, 47.82145404378545], [-83.54590517003203, 47.82126074362218], [-83.54814347073261, 47.821072343462184], [-83.55034347141984, 47.82087734330337], [-83.5520068719407, 47.82073904318467], [-83.55434687267324, 47.820544043017605], [-83.55608017321516, 47.82039404289307], [-83.55861347400777, 47.82017904271158], [-83.56045847458513, 47.820024042579654], [-83.56291517535334, 47.819812342403246], [-83.56505687602224, 47.81962234224856], [-83.5663834764372, 47.8195090421534], [-83.56835687705441, 47.81934074201192], [-83.57094517790323, 47.81942234187138], [-83.57290187854521, 47.819485741765384], [-83.57540017936485, 47.81956734163019], [-83.57781518015607, 47.81963734149811], [-83.58021848094386, 47.81971074136721], [-83.58269018175292, 47.819777341231294], [-83.58464018239243, 47.819839041125405], [-83.58719348322941, 47.81991734098637], [-83.58938188394697, 47.81998574086743], [-83.5915601846603, 47.820047340748], [-83.59391518543178, 47.820115740619144], [-83.5962084861845, 47.82019404049546], [-83.59784018671913, 47.82024234040631], [-83.6002801875161, 47.82029574027016], [-83.60274518833398, 47.82044734014724], [-83.60512188913411, 47.820682340041856], [-83.6070501897825, 47.82086733995554], [-83.60928189053259, 47.82107903985529], [-83.61178849137431, 47.82131073974179], [-83.61432519222596, 47.82154403962668], [-83.61608019281564, 47.82170903954757], [-83.61854689364485, 47.82194403943684], [-83.62099849446847, 47.8221740393263], [-83.62342019528137, 47.82239573921622], [-83.6258584961011, 47.822629039106886], [-83.62808849684906, 47.82282903900488], [-83.63026019757969, 47.823040738908055], [-83.63239689829699, 47.823237338811055], [-83.63478019909958, 47.823475738705696], [-83.63732019995133, 47.82370233858927], [-83.63964520073174, 47.823915738483606], [-83.64177690144719, 47.82411073838662], [-83.64405190221096, 47.82432073828336], [-83.6463269029745, 47.82452903817985], [-83.64857520372935, 47.82473733807793], [-83.65091020451297, 47.82495073797162], [-83.65246850503408, 47.825079037898576], [-83.6548535058482, 47.82540233780566], [-83.65634350638284, 47.82580403777732], [-83.65867520721864, 47.826425737731974], [-83.660068507717, 47.82678903770366], [-83.66230020851518, 47.827370737658235], [-83.66477690940353, 47.82803573761067], [-83.66696851018743, 47.828607337566076], [-83.66903521092678, 47.8291473375242], [-83.67006021129423, 47.82942073750426], [-83.67243691214588, 47.83005233745757], [-83.67478521298595, 47.830665737409916], [-83.67706851380191, 47.83125573736259], [-83.67931191460563, 47.83185073731836], [-83.68144191536891, 47.83241733727655], [-83.68370191617934, 47.833022337232784], [-83.68606351702347, 47.83363403718403], [-83.68834851784048, 47.83422733713701], [-83.69012691847757, 47.83469903710186], [-83.69252851933712, 47.83532903705338], [-83.69355351970383, 47.8355973370326], [-83.69597692057083, 47.836230736983275], [-83.69825852138736, 47.83682903693717], [-83.69947692182323, 47.837147336912366], [-83.7013769225032, 47.83764573687391], [-83.70379192336657, 47.838272336824026], [-83.70618022422177, 47.83890233677623], [-83.70844022503107, 47.83949903673108], [-83.70963852545978, 47.83981233670668], [-83.71144852610871, 47.84029573667133], [-83.71290692663139, 47.84068403664265], [-83.71491022734698, 47.8411990366005], [-83.71698692808933, 47.84173733655743], [-83.71895852879616, 47.842264036518905], [-83.72130522963596, 47.84287903647122], [-83.72315193029671, 47.843362336433636], [-83.72462193082228, 47.84374403640323], [-83.72702693168246, 47.8443707363538], [-83.72834853215525, 47.84471573632671], [-83.73062523296974, 47.84531073628021], [-83.73293353379553, 47.84591403623295], [-83.73436693430861, 47.846290736203954], [-83.73583193483277, 47.84667403617403], [-83.73767023549152, 47.84716233613757], [-83.7400235363347, 47.84778733609087], [-83.74228853714436, 47.84837403604368], [-83.74443193786114, 47.84855233594301], [-83.74678353864898, 47.848759035834156], [-83.74924353947415, 47.84898233572136], [-83.75135354018225, 47.849177335625136], [-83.7536535409521, 47.84937403551784], [-83.75567854163033, 47.84955073542388], [-83.75807694243416, 47.84976403531319], [-83.76055194326321, 47.84998073519846], [-83.7629535440681, 47.85019403508755], [-83.76537354487819, 47.850402334974795], [-83.76715524547505, 47.85055903489225], [-83.7692019461609, 47.85074073479775], [-83.77132194687096, 47.850925734699324], [-83.7735719476263, 47.851135734596845], [-83.77605024845408, 47.851335734479356], [-83.77852194928177, 47.8515507343645], [-83.78079355006942, 47.85195403428942], [-83.78328025092927, 47.85237733420462], [-83.78498855154385, 47.852850734173416], [-83.78732855238377, 47.85348403412846], [-83.78942695313727, 47.8540540340885], [-83.79150025387978, 47.854602334046724], [-83.79342855457253, 47.85512903401031], [-83.79551195531918, 47.85568403396894], [-83.79755695605344, 47.856239033929874], [-83.7998502568763, 47.85685733388535], [-83.80156355749119, 47.857320733852326], [-83.80390695833202, 47.857952333806814], [-83.80579525900947, 47.85846073377005], [-83.8081602598577, 47.85909573372371], [-83.80951356034396, 47.85946573369814], [-83.81148356104997, 47.85999073365899], [-83.81271026149027, 47.86032233363526], [-83.81506526233457, 47.86095233358874], [-83.81682856296786, 47.86143233355509], [-83.81858696359939, 47.86191073352156], [-83.82065526434184, 47.86247073348164], [-83.8226585650597, 47.86300403344161], [-83.8247169657972, 47.86355073340033], [-83.82666356649545, 47.864074033362186], [-83.8284902671517, 47.864572333327466], [-83.83069026794085, 47.865164033284316], [-83.83288196872495, 47.865737333238975], [-83.83517356947274, 47.865789033110254], [-83.83746357021852, 47.865829032979875], [-83.83977357097031, 47.86586573284772], [-83.84223527177261, 47.865914032708325], [-83.8440202723526, 47.86593573260527], [-83.84662857320319, 47.86599073245809], [-83.84877027390047, 47.86602733233596], [-83.85102357463406, 47.86606573220743], [-83.85314527532731, 47.86612073208926], [-83.8555069760797, 47.86603573193593], [-83.85804527688866, 47.86594733177163], [-83.85999527751277, 47.865899031648276], [-83.86203697816296, 47.86582403151545], [-83.86443027892659, 47.8657473313615], [-83.86684197969615, 47.86567073120641], [-83.86840198019345, 47.8656173311055], [-83.87055528088054, 47.86554903096703], [-83.87216198139315, 47.86549733086363], [-83.87412358201998, 47.86544233073851], [-83.87664858289038, 47.865854030649146], [-83.87855698355033, 47.86618073058382], [-83.88080028432613, 47.866565730507276], [-83.88318358515006, 47.86697233042548], [-83.88522028585314, 47.86731233035448], [-83.8875702866637, 47.86769903027177], [-83.88971698740605, 47.86806733019841], [-83.8921885882592, 47.868479030112056], [-83.89444358903745, 47.86885403003324], [-83.89681698985794, 47.86925902995175], [-83.89913359065828, 47.86965072987168], [-83.9014719914672, 47.87005402979197], [-83.90394699232182, 47.87046902970591], [-83.90636359315646, 47.870875729622036], [-83.90876199398387, 47.87127232953774], [-83.91116859481573, 47.87168232945493], [-83.91351029562547, 47.87208402937474], [-83.91436199591897, 47.872222329344424], [-83.91686199678317, 47.87264902925854], [-83.91880529745404, 47.87297402919073], [-83.92007529789257, 47.87318732914652], [-83.92248199872228, 47.8735807290612], [-83.9250435996083, 47.874022328973744], [-83.92650030011094, 47.874264028922596], [-83.92800200062919, 47.874514028869996], [-83.9303886014534, 47.874915728787045], [-83.93291360232475, 47.875335728698545], [-83.93537860317586, 47.8757490286126], [-83.93745200389135, 47.87609402853994], [-83.93991030474156, 47.876517328455826], [-83.94139360525365, 47.87676572840406], [-83.94372700605956, 47.87715902832295], [-83.94622530692138, 47.87757232823494], [-83.94859200773845, 47.87796902815236], [-83.9509736085615, 47.87837402807008], [-83.95319030932698, 47.87874732799291], [-83.95566031018008, 47.87916402790708], [-83.95802861099745, 47.87955902782404], [-83.96059201188334, 47.87999572773554], [-83.96316701277298, 47.88043232764631], [-83.96494201338429, 47.8807190275827], [-83.96717701415662, 47.88109902750537], [-83.9695336149717, 47.88150572742473], [-83.97191201579098, 47.881890727339545], [-83.97428201660927, 47.88228902725685], [-83.97629861730546, 47.882627327186384], [-83.97793861787186, 47.882904027129264], [-83.98016031863874, 47.883275727051455], [-83.98147031908967, 47.8834857270042], [-83.98331701972882, 47.88380732694137], [-83.98548702040864, 47.88364732678784], [-83.98730532102711, 47.88388232671383], [-83.98929032169963, 47.88411902663015], [-83.99162532249046, 47.88439572653146], [-83.99389362325802, 47.88465902643468], [-83.99599862397169, 47.884914026346465], [-83.99784202459517, 47.88512572626751], [-83.99988532528445, 47.88534732617799], [-84.00234032613366, 47.885772326094], [-84.00463532694599, 47.886309026036116], [-84.0063703275593, 47.886709025991514], [-84.00813032818048, 47.88710732594515], [-84.01063862906635, 47.887679025879606], [-84.01237862968105, 47.888077325834416], [-84.01430033036023, 47.88851902578471], [-84.01661203117588, 47.88904072572353], [-84.01898703201402, 47.88957732566071], [-84.02123033280718, 47.89009572560317], [-84.02337363356516, 47.89059232554827], [-84.02488863409866, 47.890925725506904], [-84.02729363494795, 47.89147402544399], [-84.02935863567625, 47.89193732538883], [-84.03132703637048, 47.8923790253363], [-84.03378203723842, 47.89294572527304], [-84.03621203809627, 47.89349732520907], [-84.03856363889393, 47.89378572511086], [-84.0408286396614, 47.89405732501527], [-84.04323204047509, 47.89434072491313], [-84.04524364115761, 47.89458902482931], [-84.0470586417735, 47.89481402475377], [-84.04905704244975, 47.89504732466849], [-84.0515486432926, 47.89533572456177], [-84.05392204412419, 47.89582732449223], [-84.05622704493169, 47.89630402442451], [-84.05865534578147, 47.89679902435212], [-84.06105204662008, 47.89728732428065], [-84.06343204745248, 47.89776902420913], [-84.06581864828722, 47.89825232413752], [-84.06827364914824, 47.89876732406637], [-84.06993034972777, 47.899104024016836], [-84.07224535053719, 47.899570723946994], [-84.07456535134862, 47.900040723877254], [-84.07695865218703, 47.90053572380685], [-84.07946705306462, 47.90104572373176], [-84.08195035393408, 47.90155572365817], [-84.08438865478921, 47.90206732358747], [-84.08683535562717, 47.902429023494044], [-84.08930535647441, 47.90280402340124], [-84.09164205727572, 47.90315732331314], [-84.09400535808763, 47.903525723225734], [-84.09618535883503, 47.90385402314342], [-84.09836035958186, 47.90419072306258], [-84.10082706042778, 47.9045640229696], [-84.10183366077354, 47.9047207229323], [-84.10321206124686, 47.904934022881086], [-84.1056836620941, 47.90530572278753], [-84.10816206294446, 47.9056840226946], [-84.11054206376252, 47.90605902260707], [-84.11298036460016, 47.90643902251669], [-84.11485036524168, 47.906724022446475], [-84.11725866606774, 47.907090722355974], [-84.11965366688939, 47.90745572226599], [-84.12117536741111, 47.90768572220853], [-84.12322366811371, 47.907997322131436], [-84.12571206896676, 47.9083723220373], [-84.12699536940714, 47.90856902198923], [-84.12845706990797, 47.9087873219336], [-84.13052707061911, 47.909110721856976], [-84.13493207212909, 47.90977402169019], [-84.1364703726575, 47.9100140216331], [-84.13886867348009, 47.910379021542816], [-84.14074707412495, 47.91066902147269], [-84.14439707537746, 47.911229021335934], [-84.14589037588999, 47.91145902128007], [-84.14910707699354, 47.91195072115922], [-84.15231537809353, 47.91243572103789], [-84.15389537863581, 47.91267902097879], [-84.15617207941688, 47.91302732089325], [-84.15823368012478, 47.913347320816435], [-84.16071708097546, 47.913717320721624], [-84.16227208150968, 47.91396072066405], [-84.16463538232004, 47.91431902057468], [-84.16649038295589, 47.914599020504426], [-84.16859868367932, 47.91492232042525], [-84.17114368455206, 47.91530902032914], [-84.17344708534081, 47.915650720240954], [-84.17550368604638, 47.91596572016366], [-84.17793708688224, 47.91634572007326], [-84.1803653877148, 47.91671401998141], [-84.18245538843159, 47.91703231990256], [-84.18465038918406, 47.917364019819345], [-84.18920709074666, 47.91805731964721], [-84.19186869165809, 47.91845231954522], [-84.19366209227336, 47.91872731947776], [-84.19841539390494, 47.919462319299896], [-84.20081539472748, 47.91982401920867], [-84.20429039591838, 47.92034731907648], [-84.2073770969773, 47.92082071896029], [-84.21227869865712, 47.92155901877382], [-84.21473709949997, 47.921932318680696], [-84.2167737001981, 47.92224071860341], [-84.22018370136756, 47.92276071847459], [-84.22213370203526, 47.92305071839974], [-84.22338040246436, 47.92325231835434], [-84.22592370333506, 47.92362901825655], [-84.22837210417599, 47.92401231816545], [-84.2304821048998, 47.92433571808586], [-84.23178540534641, 47.92453231803629], [-84.23400370610561, 47.924859017950695], [-84.236478706954, 47.92523401785666], [-84.23899710781862, 47.92562571776253], [-84.24143870865399, 47.92598401766807], [-84.24287710914797, 47.92620901761442], [-84.24400540953438, 47.92637731757119], [-84.24446370969132, 47.926445717553605], [-84.24752711074152, 47.926910717437345], [-84.25004371160438, 47.92729401734199], [-84.25256711247013, 47.92768231724694], [-84.25491041327285, 47.928034017157366], [-84.25739041412217, 47.92840401706221], [-84.2598771149749, 47.9287840169681], [-84.26238041583302, 47.92916401687302], [-84.26488371669046, 47.92953901677712], [-84.26736541754207, 47.929922316683765], [-84.26984541839262, 47.93030231659004], [-84.27220041919863, 47.93065071649915], [-84.27415711987047, 47.930955716425984], [-84.27596212048907, 47.931229016357186], [-84.27798712118332, 47.93153731628033], [-84.28045712202925, 47.93190731618562], [-84.28283712284487, 47.93226731609491], [-84.28499542358456, 47.932594016012665], [-84.28734042438685, 47.93293901592177], [-84.28900212495655, 47.93319231585868], [-84.2908987256065, 47.93347901578635], [-84.29295872631373, 47.93380071570927], [-84.29545372716886, 47.93417901561419], [-84.29801212804439, 47.93455731551531], [-84.29994042870544, 47.934850715442], [-84.301147129119, 47.93503401539601], [-84.30363872997258, 47.93540901530066], [-84.30583713072578, 47.9357407152166], [-84.30837373159603, 47.936132315120915], [-84.31005373217073, 47.936379015055664], [-84.3125304330192, 47.936752314960906], [-84.31462713373824, 47.93707401488147], [-84.31717043460843, 47.937449014782906], [-84.31893873521443, 47.937717314715414], [-84.3210821359499, 47.93804901463462], [-84.32312713665047, 47.93835731455634], [-84.32484713723909, 47.93861231448983], [-84.32726713806969, 47.938989014398885], [-84.32978713893164, 47.939359014300926], [-84.33233043980199, 47.939735714202456], [-84.33481214065273, 47.940114014107984], [-84.33702374141026, 47.940447314023245], [-84.3395254422679, 47.94082901392802], [-84.3419804431102, 47.94120901383537], [-84.34418044386354, 47.94153901375074], [-84.3457821444125, 47.941782313689615], [-84.34825214525716, 47.942144013593314], [-84.35080544613177, 47.94252901349538], [-84.35260044674786, 47.942809013427954], [-84.35416874728513, 47.94304571336783], [-84.35835044871588, 47.94366401320557], [-84.35970044917917, 47.9438740131547], [-84.36407045067483, 47.944524012985674], [-84.36581715127357, 47.94479071291911], [-84.3701404527553, 47.945449012754054], [-84.37311715377498, 47.9458990126399], [-84.3751871544826, 47.94620071255889], [-84.37960545599599, 47.94686731238921], [-84.38226715690764, 47.94726901228696], [-84.38403375751187, 47.947529012218105], [-84.38649545835577, 47.94790571212432], [-84.39189376020504, 47.94872231191718], [-84.39327216067582, 47.94892071186277], [-84.3952671613599, 47.94922731178695], [-84.39773216220455, 47.949602311692594], [-84.39979716291207, 47.94991571161349], [-84.4017571635501, 47.9499640115017], [-84.40427546436824, 47.95001401135625], [-84.40611376496658, 47.95005901125134], [-84.40814046562629, 47.95010901113567], [-84.410005466233, 47.9501523110289], [-84.41284876715848, 47.95022231086664], [-84.41653046835675, 47.95031231065642], [-84.4185504690134, 47.95035571054019], [-84.42049546964603, 47.95040071042874], [-84.4221804701947, 47.95044401033282], [-84.42453547096125, 47.95050231019841], [-84.42704717177888, 47.950565710055294], [-84.4295904726047, 47.950614009907916], [-84.43111217309983, 47.95065070982091], [-84.43367547393494, 47.95072070967555], [-84.43610547472466, 47.95077230953557], [-84.43774547525855, 47.95081400944211], [-84.43987547595184, 47.95086730932062], [-84.44246377679231, 47.950917309170734], [-84.44385217724356, 47.95094730909079], [-84.44662217814451, 47.95101230893206], [-84.45052547941609, 47.95111900871063], [-84.45415218059537, 47.95120230850247], [-84.45767548174223, 47.95129230830161], [-84.46027218258665, 47.95135230815265], [-84.46292218344841, 47.95141400800066], [-84.4654354842643, 47.95146230785498], [-84.46800218509965, 47.951527307708524], [-84.46920378548998, 47.95155230763914], [-84.47150718623872, 47.95160400750669], [-84.47397878704159, 47.95165570736405], [-84.4764721878522, 47.951712307220745], [-84.47904548869005, 47.95178070707432], [-84.4815387895003, 47.951835706930794], [-84.48406049031902, 47.951885706784765], [-84.48598879094422, 47.95191730667213], [-84.4883304917326, 47.95217230656718], [-84.49190219303699, 47.9533173065183], [-84.49415049385665, 47.954027306485955], [-84.49634549465709, 47.954722306454634], [-84.49849879544072, 47.95539230642214], [-84.50038219612699, 47.9559840063945], [-84.50264379695024, 47.95668900636052], [-84.50533719792018, 47.95745070630856], [-84.50679879811574, 47.95541230591989], [-84.50833379852494, 47.954782305733794], [-84.5104904990938, 47.9538523054658], [-84.51369379994496, 47.952517305074515], [-84.51545880050735, 47.95247400496069], [-84.51806050119558, 47.95136730463959], [-84.51947220156924, 47.95076900446562], [-84.52247050241635, 47.94989400415439], [-84.52431720294112, 47.94937730396597], [-84.52630380337163, 47.947829003617365], [-84.52850380385152, 47.9461373032346], [-84.53013380420711, 47.94488400295107], [-84.53234380469019, 47.943192302567724], [-84.53168550405572, 47.940059002146974], [-84.53130720369322, 47.93827400190743], [-84.53239050379418, 47.936437301571345], [-84.5339305039464, 47.93389070110295], [-84.53514880406252, 47.93184400072767], [-84.53627380417042, 47.92995900038184], [-84.5372655042685, 47.928319000080144], [-84.53866380440769, 47.92601399965589], [-84.54081550484642, 47.924132299248015], [-84.54248550518315, 47.922643998927335], [-84.54404220550097, 47.921285698632666], [-84.5439072050549, 47.91829729820111], [-84.5437788046447, 47.91555899780585], [-84.54370550443436, 47.914172297606264], [-84.54359880409834, 47.911932297283], [-84.54348720374418, 47.90956899694187], [-84.5439455035384, 47.90694569652778], [-84.5442388034299, 47.905438996288105], [-84.54477880324016, 47.902738995857675], [-84.54515720310523, 47.90083229555387], [-84.54560380294882, 47.898602295198295], [-84.54611220278312, 47.89615569480704], [-84.54660380261225, 47.89371069441698], [-84.54709720244156, 47.891262294026326], [-84.54754880229225, 47.88907229367626], [-84.54798380213424, 47.88685729332343], [-84.54632380139003, 47.885292293193885], [-84.54583880111238, 47.88438729309006], [-84.54518050092041, 47.88453399315168], [-84.54477380087972, 47.885203993275155]]}, "properties": {"OBJECTID": 4248}}, {"type": "Feature", "id": 4249, "geometry": {"type": "LineString", "coordinates": [[-84.54477380087972, 47.885203993275155], [-84.5440255006532, 47.885308993336174], [-84.5428455003026, 47.885523993439584], [-84.53669719808306, 47.883720693547886], [-84.53201879638918, 47.88231229362482], [-84.52749549461053, 47.87990069354439], [-84.52220879241474, 47.87621069332181], [-84.52049549170239, 47.87500899324876], [-84.51789879062582, 47.87321069314147], [-84.51452878922638, 47.870858992999466], [-84.51020718743247, 47.86784729281789], [-84.50748048630159, 47.86595399270426], [-84.50384878479295, 47.863413992550164], [-84.49958048302118, 47.860437292370236], [-84.49478048102917, 47.85709229216808], [-84.4912437795398, 47.85446569199517], [-84.48762217800518, 47.851703991807355], [-84.48476717679283, 47.84950729165639], [-84.47970217464605, 47.84563899139259], [-84.4767104733768, 47.84334399123522], [-84.47220877146927, 47.83990729100073], [-84.46756216949927, 47.83635069075721], [-84.46532216854465, 47.83459899063426], [-84.46078216662347, 47.83114899039973], [-84.45744546520739, 47.828582290222734], [-84.45353716354931, 47.82557899001576], [-84.45088376242514, 47.82355068987674], [-84.44576876025609, 47.81962568960643], [-84.4430287590942, 47.81752228946139], [-84.44069215810256, 47.81572228933677], [-84.43591375607652, 47.812053989083644], [-84.43164045426661, 47.80878728885922], [-84.42701375230433, 47.805228988612875], [-84.42358545085067, 47.802593988430516], [-84.42085214969164, 47.80049228828491], [-84.41692544802908, 47.79749068807832], [-84.41310544640932, 47.79455228787449], [-84.40882214459417, 47.79126398764675], [-84.4045821428358, 47.78829728746389], [-84.40154374157336, 47.78615228732998], [-84.3976137399416, 47.7833856871578], [-84.39323213812344, 47.780308986966915], [-84.38920873645408, 47.77748398679156], [-84.38521873479715, 47.77467068661579], [-84.38193543343085, 47.772333986467885], [-84.3773504315133, 47.768997286250325], [-84.37372712999738, 47.766355686077596], [-84.37007872847288, 47.763708985905495], [-84.36595212674644, 47.76069898570832], [-84.36199372509186, 47.757822285520646], [-84.35925212394568, 47.75582728539028], [-84.35529542229146, 47.75294728520184], [-84.35013872013663, 47.74920068495712], [-84.34653871863027, 47.74656898478381], [-84.34429211769259, 47.744943984678116], [-84.34121371640556, 47.74270068453087], [-84.3382971151838, 47.740557284388586], [-84.33303041298433, 47.73673568413882], [-84.33013711177693, 47.73464228400242], [-84.32729041058568, 47.73255728386439], [-84.32268370866187, 47.729212283645204], [-84.31992710750657, 47.72717898350932], [-84.31594710583285, 47.72419898330642], [-84.31248210437502, 47.721598983128885], [-84.30882040283709, 47.71887068294403], [-84.3046504010832, 47.71574398273041], [-84.29999209912422, 47.71225228249188], [-84.29606209747286, 47.70931568229191], [-84.29047369512327, 47.70512728200548], [-84.28736369381832, 47.702815681848804], [-84.28359039223135, 47.6999822816544], [-84.27843539006248, 47.69610398138758], [-84.27373708809013, 47.69260068114891], [-84.2693036862268, 47.68927728092091], [-84.26454208422624, 47.6857122806765], [-84.2617653830596, 47.683632280533814], [-84.25700538105903, 47.680060680288136], [-84.25300207937423, 47.677038980078684], [-84.24882207761893, 47.67391227986414], [-84.24408867562958, 47.67035727961892], [-84.24061537417612, 47.6677956794459], [-84.23528037194323, 47.66385727917939], [-84.23312867104448, 47.66228227907385], [-84.2305736699769, 47.66040897894803], [-84.22634366820628, 47.657282278735856], [-84.22206866641723, 47.65412397852154], [-84.21853706494029, 47.651522278345496], [-84.21522206355085, 47.649055678176545], [-84.2102470614728, 47.64540727793074], [-84.20654035992287, 47.642675677745544], [-84.20354365866815, 47.64045397759376], [-84.19911705681842, 47.637198977373494], [-84.19516865516684, 47.63428227717487], [-84.19029705313108, 47.630697276931734], [-84.18768205203699, 47.62876227679954], [-84.18303865009534, 47.6253339765659], [-84.17913864846464, 47.62245397636946], [-84.17490204669419, 47.61933227615693], [-84.16990364460668, 47.615657275907296], [-84.16756364362841, 47.613928975789165], [-84.16397204212802, 47.61128397560899], [-84.1588503399888, 47.60751397535212], [-84.1573286393524, 47.60638727527481], [-84.15473863827006, 47.60447567514407], [-84.14957203611048, 47.60065727488237], [-84.14546533439427, 47.59762397467447], [-84.14211703299492, 47.595148974504596], [-84.13777863118209, 47.59194397428471], [-84.13475362992025, 47.58972567413372], [-84.13122032844583, 47.587128973956496], [-84.12820362718439, 47.58489227380213], [-84.1244636256239, 47.58214397361446], [-84.12121702427103, 47.579770673453226], [-84.11713202256831, 47.57678067324975], [-84.11358532108868, 47.57417397307143], [-84.10888201912786, 47.57072567283607], [-84.10593701790043, 47.56856897268897], [-84.10302861668896, 47.56644397254434], [-84.09770361446795, 47.56252897227583], [-84.09454701315323, 47.56022227211872], [-84.09090201163244, 47.557537271933946], [-84.08613030964541, 47.5540506716962], [-84.08158030774798, 47.550703971466035], [-84.07906860670158, 47.548863971340026], [-84.07599860542298, 47.54661727118632], [-84.07143860351833, 47.54323727095149], [-84.06711200168888, 47.539857270702626], [-84.06492530076457, 47.53815067057706], [-84.0621202995795, 47.53596567041654], [-84.05785359777614, 47.532635670171324], [-84.05371199602521, 47.5293989699325], [-84.04997199444351, 47.526470669715934], [-84.04558199258823, 47.523042269462884], [-84.04232359121058, 47.52049226927423], [-84.03854198961153, 47.517530669054835], [-84.0343019878202, 47.5142206688103], [-84.03124358652742, 47.51182726863295], [-84.02742528491326, 47.50883726841115], [-84.0231435831055, 47.50550066816482], [-84.01892198131996, 47.50218566791792], [-84.01496697965042, 47.499103967690175], [-84.01173027828338, 47.49657566750274], [-84.00729857640962, 47.493097267243506], [-84.00319697467599, 47.48988066700386], [-83.9989869728962, 47.48657566675723], [-83.99487197114924, 47.483287266507304], [-83.99128696961448, 47.4803222662745], [-83.98711696782946, 47.47687396600362], [-83.98349526627953, 47.473880665768476], [-83.98027696490323, 47.47122726556044], [-83.97621026316368, 47.46787066529684], [-83.97188356131191, 47.46429066501498], [-83.96918356015657, 47.46205726483912], [-83.96644025898418, 47.45979896466195], [-83.96300025751155, 47.456947264436835], [-83.95825525548219, 47.45302726412809], [-83.95540525426357, 47.45067396394277], [-83.95341855341393, 47.44903226381339], [-83.94882355144733, 47.44522226351203], [-83.94598195027595, 47.44321396337791], [-83.94260354888972, 47.4408756632258], [-83.93960694765813, 47.438785663088446], [-83.93599524617483, 47.436273962923934], [-83.93100024412354, 47.43280066269627], [-83.92642024224233, 47.42961226248688], [-83.92503024167202, 47.428648962423985], [-83.92055353983145, 47.42551726221688], [-83.91666193818897, 47.4224622619866], [-83.91378853697297, 47.4201806618126], [-83.91015353543561, 47.417300661593394], [-83.90625523379322, 47.41426066136552], [-83.90123523167092, 47.41028726106305], [-83.89796193028747, 47.40769896086609], [-83.89590522941805, 47.40607066074201], [-83.89122352743802, 47.40235566045819], [-83.88818852615596, 47.3999589602759], [-83.88494522478575, 47.39739566008063], [-83.88193022351221, 47.39501395989925], [-83.87921692238794, 47.39304065976157], [-83.87526192076429, 47.390282259578676], [-83.87123691911019, 47.38746065939024], [-83.86677521727712, 47.384335659181644], [-83.86239691547907, 47.381273958977566], [-83.85803191368538, 47.37821225877254], [-83.85307851164899, 47.37472895853846], [-83.84880520989589, 47.3717522583407], [-83.84468690820378, 47.36886225814669], [-83.84193190707107, 47.366922258015904], [-83.83871020574827, 47.36466725786495], [-83.83575020453272, 47.36259395772594], [-83.8319135029559, 47.35989565754404], [-83.8283302014844, 47.35738395737539], [-83.82361519954789, 47.35407565715277], [-83.81980349798029, 47.35138395697009], [-83.8153501961351, 47.34813065674022], [-83.81141189450388, 47.34525725653732], [-83.80754519289898, 47.34240895633391], [-83.80293689098833, 47.3390289560936], [-83.79866688921659, 47.33588565586907], [-83.79480848761705, 47.333055655667636], [-83.79171018633346, 47.33078895550666], [-83.78798848479073, 47.328058955312166], [-83.78371688301664, 47.324897255084494], [-83.779971881465, 47.322153954889174], [-83.7753584795519, 47.3187606546463], [-83.7725268783777, 47.31667725449703], [-83.7697301772167, 47.314608954348024], [-83.76552847547785, 47.31154395413039], [-83.76140847376818, 47.30850065391113], [-83.75811517240217, 47.30607225373641], [-83.755010171116, 47.303795653573644], [-83.75136686958596, 47.30095895335745], [-83.74870516847109, 47.298908953202854], [-83.74561846717542, 47.296508953020115], [-83.7416968655318, 47.2934789527907], [-83.7376501638346, 47.29034225255237], [-83.73543686290647, 47.28862725242201], [-83.73105346106759, 47.28522395216284], [-83.72765685964576, 47.28261065196548], [-83.72492845850093, 47.28048895180346], [-83.72006685645778, 47.276682251510735], [-83.7163418548971, 47.27380225129186], [-83.71250515328798, 47.2708222510643], [-83.7089301517879, 47.26803895085112], [-83.70581845048393, 47.26562895066745], [-83.70217344895735, 47.26281225045317], [-83.69842844738658, 47.25989895022996], [-83.69533514609334, 47.25752565005052], [-83.69024014400453, 47.25394224980428], [-83.6862368423643, 47.251133949611784], [-83.68239684078969, 47.248428949425346], [-83.67937683955464, 47.246327249282565], [-83.67462183760708, 47.242993949053954], [-83.6704334358912, 47.24005394885184], [-83.66653513429675, 47.23733724866664], [-83.66196683242678, 47.23414064844756], [-83.65906343123106, 47.23205064829934], [-83.65488682950247, 47.22897564807563], [-83.65092182786671, 47.226097247869376], [-83.64698342623986, 47.22322064766176], [-83.64164512403683, 47.21933724738252], [-83.63785012247236, 47.2165889471858], [-83.63306012049314, 47.213082246931585], [-83.62956681904927, 47.21052064674549], [-83.6259901175735, 47.20791724655779], [-83.62296341632408, 47.20570894639808], [-83.62135841566142, 47.2045372463133], [-83.6168518138021, 47.2012556460763], [-83.61390681258514, 47.19909564591902], [-83.60948011075581, 47.19584724568227], [-83.60505010893539, 47.19267724545749], [-83.60172010756787, 47.190300645289405], [-83.59815510610449, 47.18776064511004], [-83.59399180439178, 47.18476394489578], [-83.58882510226992, 47.18107224463393], [-83.58646010129787, 47.179375644512994], [-83.58155009928205, 47.17587064426445], [-83.5780150978279, 47.17332394408182], [-83.57405839620138, 47.17048064387844], [-83.57015179459097, 47.16763724367208], [-83.56782839363075, 47.16592564354614], [-83.56365839190494, 47.162833943317], [-83.56008679043157, 47.16022394312651], [-83.5567783890656, 47.15779564294831], [-83.5518683870375, 47.154183942682494], [-83.55003508627992, 47.152832242582754], [-83.5452267842957, 47.14930894232437], [-83.54312838342794, 47.147755642209134], [-83.54149508275046, 47.14653064211703], [-83.53818338138656, 47.144123941941864], [-83.53614338054304, 47.142613941829765], [-83.53126677852927, 47.13902564156498], [-83.52835007732574, 47.13688564140747], [-83.52332507525087, 47.13318724113416], [-83.51848177324995, 47.129612240869086], [-83.51478677172571, 47.12690224066934], [-83.5108767701112, 47.12402064045582], [-83.50857676916172, 47.12232724033039], [-83.50373006715834, 47.11873724006273], [-83.49961676546307, 47.11572893984126], [-83.49693676435507, 47.11374063969262], [-83.49229506243925, 47.11032223943893], [-83.48943006125624, 47.10820723928149], [-83.4847900593423, 47.10479723902871], [-83.47969335723732, 47.10102893874747], [-83.47640675588194, 47.098613938568306], [-83.47257505428841, 47.09569063834286], [-83.46948675300557, 47.09334563816279], [-83.46539175130043, 47.0902022379187], [-83.46235505003949, 47.08789893774187], [-83.45924504874681, 47.085528937559026], [-83.45540834715268, 47.082608937333916], [-83.45226174584424, 47.08020563714794], [-83.4476983439467, 47.076718936877896], [-83.44489174277845, 47.07456393671009], [-83.44095504114146, 47.0715539364766], [-83.4369617394796, 47.06848893623785], [-83.43302173784325, 47.06549063600613], [-83.42944173635783, 47.06277723579716], [-83.4248450344944, 47.05964723558293], [-83.42358333398532, 47.058807235527055], [-83.41948673232889, 47.056050635341045], [-83.41405333013441, 47.05241393509711], [-83.41102172890854, 47.05037223495901], [-83.40618172695494, 47.04714063474273], [-83.4025317254789, 47.04468063457602], [-83.3978833236005, 47.041557234365044], [-83.39392332200043, 47.038897234185285], [-83.3896733202843, 47.03605063399357], [-83.3850367184108, 47.03293393378261], [-83.38114671682538, 47.030207233588314], [-83.37847501574322, 47.028388933463205], [-83.3751550143896, 47.02605723329658], [-83.37179671302012, 47.02369563312752], [-83.36614671072157, 47.01976563284949], [-83.36079830854734, 47.016057232587976], [-83.3581967074897, 47.014252232460535], [-83.35543170636605, 47.01233723232556], [-83.34929830387273, 47.00808063202461], [-83.34714830299797, 47.00658223191811], [-83.34396670170365, 47.00436563176055], [-83.34158830073454, 47.00269563164074], [-83.33716169892769, 46.99956063141355], [-83.33420669767655, 46.99710063120536], [-83.33069329618472, 46.994140630952444], [-83.3270416946323, 46.99104723068683], [-83.3240416933627, 46.988552230475655], [-83.32074999196577, 46.98578223023892], [-83.31826169090783, 46.98367223005745], [-83.31425168920663, 46.980300629769246], [-83.3109866878206, 46.97754722953333], [-83.3067949860405, 46.97400562922922], [-83.30344998462428, 46.97121392899169], [-83.29928668287033, 46.967808928706724], [-83.29549998135029, 46.965327228542066], [-83.29179327986384, 46.96290892838249], [-83.28814997840051, 46.96051222822249], [-83.28561667738242, 46.95884062811042], [-83.28022167521758, 46.955307227875714], [-83.27594327350012, 46.952498927688474], [-83.27079497143298, 46.94911392746221], [-83.2656116693539, 46.94572222723674], [-83.26205826792871, 46.943397227082095], [-83.2588349666322, 46.941257226937005], [-83.25423496478797, 46.93825222673733], [-83.25070496337219, 46.9359406265832], [-83.24654666170032, 46.93318392639632], [-83.24518326115692, 46.93231892634105], [-83.23925495877513, 46.928400626076254], [-83.23454495688414, 46.92529722586722], [-83.23085665524829, 46.921592225506956], [-83.22792995391995, 46.91840222518251], [-83.22547325280192, 46.91569892490612], [-83.22236325139629, 46.912355624568285], [-83.21877494976822, 46.908445624170284]]}, "properties": {"OBJECTID": 4249}}, {"type": "Feature", "id": 4291, "geometry": {"type": "LineString", "coordinates": [[-81.40319813004629, 47.48666661464353], [-81.40340613011972, 47.486710814638954], [-81.40363723018085, 47.48658771460742], [-81.40406943031667, 47.486538014576126], [-81.40399273030333, 47.4866374145956], [-81.4049844309749, 47.489550814989244], [-81.40588273159989, 47.49232911536711], [-81.40676113220157, 47.494965815724335], [-81.40765443281498, 47.49765911608936], [-81.40859443346201, 47.500505816475375], [-81.4095461341133, 47.50335581686117], [-81.41038443472871, 47.50621581725467], [-81.41121773535905, 47.509214117669636], [-81.41198773594068, 47.51197741805194], [-81.41288943662417, 47.51523241850246], [-81.41340613714755, 47.518202418930244], [-81.41387613763204, 47.52097411933012], [-81.4146511384146, 47.52540581996804], [-81.41519273896704, 47.528549120420855], [-81.41569273941951, 47.53096742076466], [-81.41606943986397, 47.53365742115688], [-81.41665944042062, 47.53670082159157], [-81.41724774090359, 47.53913082193223], [-81.41825614164416, 47.54256412240382], [-81.41873944214414, 47.54542412281608], [-81.41913114258432, 47.54803412319493], [-81.41999444327979, 47.551485823677076], [-81.42104774397973, 47.554452424074334], [-81.42212614468784, 47.55741742446993], [-81.42336944550472, 47.560839124926446], [-81.42430444612407, 47.5634541252761], [-81.42509114664442, 47.565647425569274], [-81.42599114723431, 47.568110825897506], [-81.4269777478852, 47.57084582626265], [-81.42806774860513, 47.57387412666698], [-81.4290911492804, 47.57671082704555], [-81.43013614996843, 47.579594127430056], [-81.43137775079343, 47.58308242789641], [-81.43164275123327, 47.586029128333244], [-81.4319877518483, 47.590219128956065], [-81.4322327522907, 47.593240829405396], [-81.43251275277704, 47.596532429894026], [-81.43275945320518, 47.59942913032401], [-81.43298445361187, 47.60220583073679], [-81.43323275405444, 47.60521743118416], [-81.43345615445931, 47.60798243159513], [-81.43365945479391, 47.610215831925835], [-81.4339161552666, 47.613454132407284], [-81.43413445565903, 47.61612743280442], [-81.43439445611796, 47.61924083326647], [-81.43459775647256, 47.62163913362225], [-81.43484945692497, 47.62471913407962], [-81.43508775734797, 47.62759083450575], [-81.43532615777572, 47.63050083493778], [-81.4355627581875, 47.63328243535019], [-81.43579445859979, 47.63608083576532], [-81.43606445908596, 47.63938913625638], [-81.43627775944921, 47.641829136617694], [-81.43654945994449, 47.64520743711921], [-81.43684446047038, 47.64877583764845], [-81.4370561608953, 47.65173083808843], [-81.43735276137639, 47.65492083855966], [-81.43763616188733, 47.65839413907482], [-81.4378661622705, 47.66095083945283], [-81.43829446269801, 47.66333413979341], [-81.43865116304046, 47.665205840059734], [-81.43916946354555, 47.66798744045614], [-81.43979946415547, 47.671334140932665], [-81.44042776476147, 47.67465244140489], [-81.44076446509233, 47.676480841665615], [-81.44126776557394, 47.679105842038744], [-81.44194776622831, 47.682682442547424], [-81.44251276677895, 47.685710842978686], [-81.44292616718039, 47.68791414329224], [-81.44367616790224, 47.69185744385285], [-81.44417276838, 47.69446584422364], [-81.44496446914313, 47.69863584481639], [-81.44563776979173, 47.702177445319705], [-81.4461611703, 47.70496414571604], [-81.44670277082506, 47.70783914612475], [-81.4472427713472, 47.71069414653048], [-81.44797617205174, 47.71453244707547], [-81.44863617268537, 47.717982447565284], [-81.44911447315084, 47.72053414792798], [-81.44973117374892, 47.723805848392836], [-81.45037777436792, 47.727169148869905], [-81.45070117468481, 47.728910849117554], [-81.45138277534514, 47.73251914963002], [-81.45195447589262, 47.73549245005158], [-81.45234947627709, 47.73759745035062], [-81.4530611769696, 47.74138745088886], [-81.45365947754321, 47.74450245133049], [-81.45413117799885, 47.74698585168276], [-81.45487117872115, 47.75094245224467], [-81.455426179254, 47.75383585265472], [-81.45598947979911, 47.756807453076156], [-81.45656118034765, 47.759784153497925], [-81.45717778094681, 47.763055853962], [-81.45785278159961, 47.76661085446596], [-81.45833618207071, 47.76918585483122], [-81.4589411826524, 47.772342455278306], [-81.45941118310708, 47.774817455629034], [-81.45990278357861, 47.77737245599075], [-81.46044118409316, 47.78015415638425], [-81.46104948468569, 47.78338915684289], [-81.46161778523283, 47.78635745726308], [-81.46213278573481, 47.78909745765141], [-81.46268948626839, 47.79198415805976], [-81.46321118677233, 47.794720858447185], [-81.46370118724622, 47.79729585881169], [-81.46427948779866, 47.8002774592331], [-81.46475948826676, 47.80283085959481], [-81.46540778889627, 47.80625586007968], [-81.46605948952838, 47.80969246056603], [-81.4666911900614, 47.81236746093773], [-81.46750949074406, 47.81576746140923], [-81.46843949149932, 47.81946086191905], [-81.46930449222717, 47.82310416242481], [-81.46998949288474, 47.82665586292651], [-81.47045619337953, 47.8294591633265], [-81.47090119385064, 47.832125863706935], [-81.47150119449397, 47.8357874642298], [-81.4719794950054, 47.8386941646447], [-81.47250779556744, 47.84188086509934], [-81.47310949620655, 47.84550086561563], [-81.47360619673239, 47.84847416603949], [-81.474209497381, 47.85216586656643], [-81.47466119786802, 47.854940866962544], [-81.47507619829935, 47.8573574673063], [-81.47556119881777, 47.86029916772581], [-81.47619119949263, 47.86413086827225], [-81.47675120008904, 47.86750746875348], [-81.47729620066717, 47.8707741692188], [-81.47774280114609, 47.87349246960633], [-81.4781878016263, 47.87622586999624], [-81.47867280213957, 47.8791208704083], [-81.47911780261285, 47.881795870789254], [-81.47971450324931, 47.88539747130222], [-81.48016950372913, 47.8880974716863], [-81.48062280421472, 47.890849172078234], [-81.48113620476519, 47.893969172522674], [-81.48169950537233, 47.89741747301396], [-81.48214450584477, 47.90008247339313], [-81.4827545064848, 47.90367247390319], [-81.48333620711014, 47.90721747440801], [-81.48377120758143, 47.90989747478983], [-81.48428450814197, 47.913095875245745], [-81.48463620849634, 47.91504417552134], [-81.48521780912877, 47.91864417603418], [-81.48571450965818, 47.921630876458835], [-81.48619951017193, 47.9245208768695], [-81.48671121073137, 47.92771087732397], [-81.4872095112646, 47.930722477752184], [-81.48776621185478, 47.934040878223534], [-81.48819281231962, 47.936685878600095], [-81.48865621281178, 47.93945417899327], [-81.48912281331137, 47.94227417939402], [-81.4895195137324, 47.94464087973003], [-81.48981121405568, 47.94649247999394], [-81.49037121466233, 47.949932480483206], [-81.4907845150896, 47.95230418081898], [-81.49250281607421, 47.955712481239146], [-81.49408451697711, 47.958820881621456], [-81.49530451767247, 47.961209181914896], [-81.49647281834042, 47.96351248219831], [-81.49790451915888, 47.96633418254547], [-81.5000845204064, 47.970639183075214], [-81.50173452135155, 47.973904183477075], [-81.50317782217893, 47.97676418382916], [-81.50467452303383, 47.97970418419034], [-81.50644282404312, 47.98317088461589], [-81.50792282488946, 47.986084184973784], [-81.5094428257575, 47.98906588533978], [-81.51041452631291, 47.99097588557423], [-81.51142122688894, 47.99295918581784], [-81.51326452794814, 47.996625886269115], [-81.51435452856632, 47.99872748652587], [-81.51591282945598, 48.00177918690003], [-81.51750453036358, 48.00488588728053], [-81.51886283114457, 48.007589187613085], [-81.5199012317362, 48.009610887860475], [-81.52162953272625, 48.01301918827874], [-81.52342283375253, 48.0165458887112], [-81.52502283466933, 48.01970088909822], [-81.526397835453, 48.02237748942553], [-81.52796453635649, 48.02551248981127], [-81.52816783672563, 48.027959190168914], [-81.52844953728409, 48.031729190721634], [-81.52862953763474, 48.034087491067176], [-81.52883123801709, 48.03664419144138], [-81.52902953842064, 48.039380891842825], [-81.52923283882093, 48.04207749223796], [-81.52954453944515, 48.0462958928563], [-81.52983784002157, 48.050175893424644], [-81.53007784048863, 48.053312493883865], [-81.53027124087156, 48.05589249426172], [-81.53047624127629, 48.058617494660794], [-81.53064454162056, 48.060950895002875], [-81.53090784212401, 48.064317495495295], [-81.53112624256615, 48.06730749593334], [-81.53133124297217, 48.07004089633351], [-81.53163954357376, 48.07407749692408], [-81.53189454407446, 48.0774408974162], [-81.53207284444652, 48.07996919778683], [-81.532281244838, 48.08257419816731], [-81.53257954542845, 48.08654419874812], [-81.53276954582067, 48.089202499137535], [-81.53300954625509, 48.09206749955519], [-81.53323784670796, 48.095112500000575], [-81.533492847225, 48.09860250051135], [-81.53368784761518, 48.101229200895574], [-81.53391784805798, 48.10418590132745], [-81.53416624853746, 48.10738920179532], [-81.53439624899444, 48.11045920224409], [-81.53462124944238, 48.113469202684094], [-81.5348145498032, 48.11586090303284], [-81.53506785031217, 48.11928590353357], [-81.53527955068927, 48.12175920389351], [-81.53543955106426, 48.12435250427431], [-81.53564955144944, 48.12689420464458], [-81.53585785184652, 48.129535905029925], [-81.53610955234787, 48.13290090552144], [-81.53637455282247, 48.136014205974355], [-81.53658625327601, 48.13909920642595], [-81.5368212537514, 48.14229750689322], [-81.5370162541403, 48.144905907274065], [-81.53725125458719, 48.14787420770671], [-81.53742785492763, 48.150140908037194], [-81.53763125533747, 48.15289420843923], [-81.5379078558768, 48.15649250896401], [-81.53813285633193, 48.1595509094105], [-81.53838955682565, 48.16283420988894], [-81.5385995572361, 48.165572510288186], [-81.53882455767776, 48.168520910718044], [-81.53902125807338, 48.1711742111052], [-81.5392578585302, 48.17421251154781], [-81.53940625891416, 48.17689921194254], [-81.53953955928071, 48.179485912323095], [-81.53967455966679, 48.1822242127263], [-81.5398095600598, 48.185017513137666], [-81.5400078605908, 48.18874921368612], [-81.54021286116827, 48.19283421428718], [-81.5403495615621, 48.19562751469831], [-81.54054126204984, 48.19902751519726], [-81.54066956244708, 48.20186921561597], [-81.54083956294053, 48.20537091613127], [-81.54097956334533, 48.20824091655351], [-81.54112626376127, 48.21118251698609], [-81.54128456421097, 48.21436251745366], [-81.54143626453647, 48.216565917775235], [-81.54151786484925, 48.21885251811319], [-81.54164456521765, 48.22146421849733], [-81.54184456576891, 48.225344219067196], [-81.54200456622203, 48.22854421953744], [-81.54213956660128, 48.23121921993043], [-81.54227786703466, 48.23431752038652], [-81.54115956691155, 48.236287520743915], [-81.53996786675118, 48.23815422108989], [-81.53793126647761, 48.24134752168157], [-81.53667626631187, 48.24333752204953], [-81.5349495660765, 48.24601752254705], [-81.53336286586551, 48.248522523010514], [-81.53178956565314, 48.250980923466265], [-81.53028126544937, 48.25333592390286], [-81.52830956518396, 48.256422524474786], [-81.52612456488855, 48.259832525107], [-81.52403456460871, 48.26311592571486], [-81.52232626437907, 48.26579252621058], [-81.52086956418277, 48.26807092663274], [-81.51948286399757, 48.27025252703641], [-81.51791126378559, 48.272709227491625], [-81.51582956348471, 48.27580252807041], [-81.51381126318648, 48.27874922862373], [-81.5113328626155, 48.28073422905891], [-81.50842786194367, 48.28304092956602], [-81.50559126128603, 48.285280930059265], [-81.50276286063256, 48.28753253055381], [-81.50047626010213, 48.28933593095105], [-81.49759285943497, 48.29162423145411], [-81.49468785876108, 48.29391593195886], [-81.4917678580858, 48.296235932468605], [-81.48886125741127, 48.298527532973345], [-81.48598625674636, 48.30081253347535], [-81.48322455611098, 48.303034233961526], [-81.48054455552476, 48.305432534469475], [-81.47900285538203, 48.30836253499331], [-81.47740455524041, 48.31145093554395], [-81.47595625510772, 48.31421423603756], [-81.47448785497443, 48.31702593653952], [-81.4731762548554, 48.319537536987866], [-81.47173455472559, 48.32230593748184], [-81.47019625458513, 48.3252442380065], [-81.46872285445322, 48.32807923851208], [-81.46730785432558, 48.330794238996475], [-81.46569455417796, 48.3338725395461], [-81.46443625406332, 48.336277539975384], [-81.46295785392921, 48.339107540480406], [-81.46140125378804, 48.34208754101208], [-81.45977785363488, 48.34514754155942]]}, "properties": {"OBJECTID": 4291}}, {"type": "Feature", "id": 4293, "geometry": {"type": "LineString", "coordinates": [[-81.26905120552162, 48.4656292701471], [-81.27034280580159, 48.46444426989888], [-81.27039120569941, 48.46350426975623], [-81.27037120560765, 48.46282756965663], [-81.27362280644404, 48.460890969187396], [-81.27785280753136, 48.45836596857614], [-81.28099280833668, 48.45647756812029], [-81.28507450938335, 48.454022567527616], [-81.2898528106112, 48.45116926683683], [-81.29318951145042, 48.449032566332946], [-81.29495621189469, 48.4479009660661], [-81.29456121150304, 48.44582926577957], [-81.29389621084533, 48.44235426529904], [-81.29311951019135, 48.43920256487275], [-81.29224620944647, 48.435582564382116], [-81.29124620860742, 48.43154596383631], [-81.29055450801229, 48.4286359634411], [-81.28960450721762, 48.42481926292519], [-81.28880780654353, 48.42155596248307], [-81.28801280586839, 48.41827926203882], [-81.28730950517402, 48.414605961530285], [-81.28703950459848, 48.41073256096777], [-81.28677950396452, 48.406365960331], [-81.28657620346218, 48.40289755982502], [-81.28630620282436, 48.39852425918767], [-81.28609620224965, 48.3944942585981], [-81.28584620170398, 48.39080095806089], [-81.28559950109876, 48.386622557451034], [-81.28533280046345, 48.382255956814085], [-81.28505279983014, 48.377939256185314], [-81.28480779920504, 48.373594255550195], [-81.28454449857638, 48.369267554918714], [-81.2842877979617, 48.36503425430073], [-81.28399949732463, 48.360704253669994], [-81.28374949667659, 48.356184253008614], [-81.28349619608537, 48.352125952416316], [-81.28324449546943, 48.34786425179346], [-81.28300119489907, 48.34394425122111], [-81.28274119426693, 48.339572550582034], [-81.28248619364142, 48.335239249948344], [-81.28220449299383, 48.33079924930011], [-81.28197779240999, 48.32672254870299], [-81.281712791777, 48.32235254806408], [-81.28146779116099, 48.3180642474362], [-81.28118449049127, 48.313445946760936], [-81.28093278988976, 48.30928924615289], [-81.28070948928783, 48.30505254553121], [-81.28043448866333, 48.30077094490558], [-81.28016118800424, 48.29620594423734], [-81.27991118738647, 48.29190924360785], [-81.27968448685371, 48.28823254306986], [-81.2794661863143, 48.284479242519815], [-81.27925448577537, 48.2807109419671], [-81.27899618516363, 48.276480941347714], [-81.27874278454462, 48.272177540716996], [-81.27848948394193, 48.26800424010567], [-81.27827948339736, 48.264182539544535], [-81.27805618285068, 48.260377538986546], [-81.27783448232178, 48.25671093844912], [-81.27756778168309, 48.25227923779943], [-81.27702778115163, 48.24943923740347], [-81.27589448034057, 48.24592923693982], [-81.27471117949132, 48.242244236452656], [-81.27361277872413, 48.23899253602566], [-81.27197117757747, 48.23413093538709], [-81.27074777671794, 48.23046593490488], [-81.26974447602328, 48.22754253452162], [-81.26819277493692, 48.22292253391404], [-81.26693777406075, 48.21920423342529], [-81.26583777329606, 48.2159709330007], [-81.26432617224927, 48.21155923242186], [-81.26324617150013, 48.208395932006475], [-81.26196447061933, 48.204707531523376], [-81.26062946970333, 48.20087593102157], [-81.25949276891697, 48.19756093058638], [-81.25809116794909, 48.19348593005154], [-81.25677446704056, 48.18966252954971], [-81.25564946626652, 48.18641252912335], [-81.25454116550512, 48.1832192287046], [-81.2531111645161, 48.179044228155895], [-81.25154616343832, 48.17451092756068], [-81.24997776235779, 48.16996252696329], [-81.24854446137113, 48.16581092641796], [-81.24730276051686, 48.162217525945934], [-81.24597275958547, 48.158234225420024], [-81.24507275889657, 48.155062524992424], [-81.24413775818022, 48.15176092454717], [-81.24284275718111, 48.14713092392173], [-81.24191275643605, 48.14358092343861], [-81.24094945565234, 48.139805922923415], [-81.23979615471916, 48.13532592231242], [-81.23868115382488, 48.13105752173107], [-81.23764615298923, 48.127049221184386], [-81.23652445207279, 48.122615920578326], [-81.23556775130433, 48.11894092007737], [-81.23460115051576, 48.11512751955596], [-81.23375444983395, 48.111859219110066], [-81.23297774920097, 48.108799218691615], [-81.23191944835825, 48.10478921814544], [-81.23086614749528, 48.100599217571734], [-81.22989444672118, 48.09691251706934], [-81.22893274594668, 48.093194216561535], [-81.22787614512684, 48.089360916041564], [-81.22671774426362, 48.085447515514986], [-81.22556774340971, 48.081585914995685], [-81.22483614285694, 48.079050914653436], [-81.2238344421207, 48.075747514210065], [-81.22221274104359, 48.07133421363322], [-81.2207544400758, 48.067370913115255], [-81.21933273912458, 48.063442512600375], [-81.21806273828064, 48.05997921214727], [-81.21698773756161, 48.057009211757894], [-81.21544613654201, 48.05284251121339], [-81.21374773549276, 48.04885591070458], [-81.21221273455825, 48.045364210261475], [-81.21045113347968, 48.041305909745134], [-81.20880273247596, 48.03755250926852], [-81.20695613134379, 48.033282508724625], [-81.20517443025643, 48.02920250820578], [-81.20353612925332, 48.02542250772431], [-81.20186442823336, 48.02159420723726], [-81.2002144272139, 48.01770920674038], [-81.19865272621034, 48.013714206221835], [-81.19703772516571, 48.009525905676924], [-81.19542942413142, 48.00540250514137], [-81.19381272309026, 48.001244204600845], [-81.19202442194076, 47.99666090400534], [-81.19058612101315, 47.99294750352218], [-81.18899441999623, 47.988915902999125], [-81.1877477191977, 47.9857409025868], [-81.18587441804463, 47.98135250202502], [-81.1843277170899, 47.977705901557506], [-81.18279611615897, 47.974212501112305], [-81.18097941504723, 47.97000590057462], [-81.17918441394951, 47.965854200043935], [-81.17758111296757, 47.96213249956782], [-81.17579771188151, 47.958042499045646], [-81.17412441085875, 47.95417249855067], [-81.1728727100928, 47.95126919817913], [-81.17148440924332, 47.94804919776694], [-81.17023440847852, 47.94514919739564], [-81.1687594075735, 47.94170589695419], [-81.16702770651635, 47.93770589644227], [-81.16596770586571, 47.93522749612436], [-81.16440940491886, 47.93166249566881], [-81.16264770385058, 47.92764919515622], [-81.16096770288867, 47.92428919473826], [-81.15900110176601, 47.92038249425291], [-81.15671110045723, 47.915819193685515], [-81.15499439947496, 47.912387493258386], [-81.15268109815908, 47.90782589269222], [-81.15073609704447, 47.90392089220556], [-81.14876939592365, 47.9000224917209], [-81.14681769480735, 47.89611919123462], [-81.14479769365583, 47.892109190735745], [-81.1429493926018, 47.88843589027854], [-81.14093439143952, 47.88432088976321], [-81.13921269043965, 47.880747489314096], [-81.13776268959099, 47.87768248892735], [-81.13693268887681, 47.87403588841818], [-81.13614938818485, 47.8704441879148], [-81.13548768758896, 47.86731588747514], [-81.13472108690107, 47.86371088696865], [-81.13384608612189, 47.85964418639774], [-81.13286268525698, 47.85516248576953], [-81.13195438444622, 47.85092248517386], [-81.13110108368411, 47.84693418461339], [-81.13006108276251, 47.84213248393926], [-81.12897608179703, 47.83708748323036], [-81.12821268111182, 47.833487482723804], [-81.12758108054257, 47.83048918230166], [-81.12674937980233, 47.82661748175732], [-81.12586607901315, 47.82247918117509], [-81.12498767822674, 47.81834918059379], [-81.12414107746476, 47.81433418002812], [-81.12332937680381, 47.811062479573806], [-81.12224437598314, 47.807210879045904], [-81.12137937532685, 47.80412247862231], [-81.12032267451893, 47.80029747809677], [-81.11918607365762, 47.796245877540926], [-81.11771767254226, 47.79098747681903], [-81.1166760718226, 47.787852476397646], [-81.11501767081855, 47.784040875906555], [-81.11378107007276, 47.78122247554397], [-81.11229766918463, 47.77789417511691], [-81.11029606797393, 47.773299174524716], [-81.1089743671779, 47.7702924741378], [-81.1074493662682, 47.76689587370237], [-81.10576936524943, 47.76301417320122], [-81.1037476640374, 47.758457472615504], [-81.10195106295926, 47.75439747209328], [-81.10032106197582, 47.75066917161256], [-81.09854436090653, 47.74662587109157], [-81.09733106017839, 47.743880870738174], [-81.09558935913167, 47.73992747022886], [-81.09361105794298, 47.735437469650336], [-81.09219605709038, 47.732204169233114], [-81.09000765577468, 47.72722746859127], [-81.08877935503975, 47.72446246823538], [-81.08709765402178, 47.720577467732724], [-81.08581765321088, 47.717317467303744], [-81.08457605223282, 47.712549166641935], [-81.08342265132201, 47.70809916602386], [-81.08249605058505, 47.704479165520326], [-81.08157604985949, 47.700935865028136], [-81.08083604926985, 47.698034164624275], [-81.07952764823294, 47.692949163917035], [-81.07851934742487, 47.68895416336027], [-81.07741764655745, 47.68471746277138], [-81.0763760457338, 47.68068086220981], [-81.07539764495945, 47.67688246168121], [-81.07435764413702, 47.67284916111987], [-81.0734310434044, 47.669255860619735], [-81.07271264283067, 47.66642086022438], [-81.07162934197355, 47.66221245963833], [-81.07061934117814, 47.65831915909646], [-81.06953764032666, 47.65415085851626], [-81.06887263979404, 47.651510858147674], [-81.06776933892415, 47.64724585755362], [-81.0668160381668, 47.64351085703262], [-81.06608763758277, 47.640610856627454], [-81.0650926368061, 47.6368274561011], [-81.06391103586066, 47.632137455445786], [-81.06296763511675, 47.62848415493646], [-81.06183433422294, 47.624092454323986], [-81.06105433359805, 47.62098745388983], [-81.06004263280579, 47.6171124533499], [-81.05889933189489, 47.612600852719325], [-81.05811763127639, 47.60955085229347], [-81.05701763041122, 47.60530245170075], [-81.05605602965252, 47.601567451179285], [-81.05522762899743, 47.598335850727835], [-81.05429602825951, 47.59469085021842], [-81.05360102763193, 47.59131914973809], [-81.05296432691307, 47.58701244911093], [-81.05245432633139, 47.58351244860071], [-81.05168762548672, 47.57850084787202], [-81.05117762489704, 47.57493084735088], [-81.05069432435407, 47.571680846877456], [-81.05016432376905, 47.568204146371606], [-81.04958432309898, 47.564145845778995], [-81.04894762238224, 47.559849145152675], [-81.04842932180689, 47.55641914465319], [-81.047874321176, 47.55261914409867], [-81.0473526206396, 47.5495274436513], [-81.04674102002963, 47.54606084315098], [-81.04622261949393, 47.5429641427025], [-81.04545431873136, 47.53863914207845], [-81.04471931799175, 47.534414141467906], [-81.04400601726995, 47.530279140869915], [-81.04325761650972, 47.525914140238314], [-81.04252931578348, 47.52178083964121], [-81.04196601521, 47.51848243916366], [-81.04118261442804, 47.514027438519804], [-81.04053101375948, 47.51016583796014], [-81.0398743131079, 47.50646243742503], [-81.03914261236524, 47.50219243680655], [-81.03845101166603, 47.49817913622541], [-81.03772101092771, 47.49393913561131], [-81.03703261023672, 47.489984135038775], [-81.03641930962046, 47.486454134527634], [-81.03583430903512, 47.483107434043156], [-81.03521100841522, 47.47957243353166], [-81.03460930780776, 47.47608243302587], [-81.03410930725043, 47.472734132536395], [-81.03360260666331, 47.4691491320107], [-81.03304260597349, 47.46483743137564], [-81.03253600533402, 47.46080413078058], [-81.03198600464523, 47.456470830141534], [-81.0314643040132, 47.45254082956301], [-81.03099100341142, 47.44873242900064], [-81.0304276027267, 47.44446742837249], [-81.02990600207458, 47.44036242776675], [-81.02940260145472, 47.436480827194416], [-81.0289193008455, 47.432632426626064], [-81.02861100046196, 47.43022082627012], [-81.02804429976922, 47.42589082563172], [-81.02750429908906, 47.42159242499662], [-81.02695759841157, 47.41733412436798], [-81.02651929787338, 47.413962423870466], [-81.02590929711634, 47.40919912316703], [-81.0254059965133, 47.40545242261486], [-81.0247325957887, 47.40114242198472], [-81.02411929512469, 47.39718082140506], [-81.02351929449782, 47.39349912086797], [-81.02288929383187, 47.38956582029342], [-81.02251259342304, 47.3871224199357], [-81.02161929248015, 47.38155411912223], [-81.02135099219008, 47.37982241886869], [-81.02047099124216, 47.37417081804137], [-81.01988599061396, 47.370429117493686], [-81.01943259013217, 47.36757241707584], [-81.01865098940858, 47.36356411649728], [-81.01786428872906, 47.35994741597956], [-81.01706258801872, 47.35610741542801], [-81.01616258723455, 47.3519091148261], [-81.0153959865707, 47.348367414318695], [-81.01474758599524, 47.34525081387074], [-81.0139275852798, 47.3414141133203], [-81.01330758474134, 47.33853411290733], [-81.0123675839236, 47.33415411227905], [-81.0112175829113, 47.3286924114942], [-81.01063098239678, 47.32592081109602], [-81.00949428146767, 47.32113411041491], [-81.00847928063872, 47.31686410980729], [-81.00746757980485, 47.312540809191056], [-81.00646927899021, 47.30834410859364], [-81.00600757850837, 47.30549740817683], [-81.00549927794333, 47.30206410767138], [-81.00493427731469, 47.298242407108724], [-81.00447427681685, 47.295250806669095], [-81.00389257616229, 47.291250806079454], [-81.003405975631, 47.28804410560782], [-81.00273597487548, 47.283420804925974], [-81.0018842739565, 47.27789910411424], [-81.00142757344312, 47.27475910365109], [-81.00096097294812, 47.27180580321742], [-81.00050927243247, 47.268630802748476], [-80.99988757175755, 47.264560802149504], [-80.99924097104474, 47.26023240151163], [-80.99864597036421, 47.25603580089138], [-80.9980092696012, 47.251242400180516], [-80.99724926872396, 47.24580909937666], [-80.9969375683658, 47.24359409904898], [-80.99649426784075, 47.24030739856168], [-80.99621596750865, 47.23822239825242], [-80.99596096720227, 47.236294097966194], [-80.99541256655804, 47.23227239737007], [-80.99505426614776, 47.229735796994746], [-80.99455756554067, 47.225887396422706], [-80.99422926505783, 47.22263579593442], [-80.99388596436167, 47.217577395165726], [-80.99368256393245, 47.214434094687405], [-80.99345096344753, 47.21088739414785], [-80.99325256304469, 47.20795739370236], [-80.9930092625194, 47.20409239311374], [-80.99282256213779, 47.2013123926909], [-80.99224926149405, 47.19735579210555], [-80.99122596072449, 47.19358579157317], [-80.99045256014227, 47.19073079116994], [-80.98963595953677, 47.18779579075645], [-80.98884925893577, 47.18481409033408], [-80.98808925836126, 47.181985789934075], [-80.98733755778879, 47.17915078953255], [-80.98623095695936, 47.17509238895938], [-80.9848009558726, 47.16971578819784], [-80.98353095492311, 47.16507578754247], [-80.98257095419622, 47.16148738703433], [-80.9817342535656, 47.15838408659522], [-80.98061755272195, 47.15422408600619], [-80.97934595176287, 47.14949908533718], [-80.97818425088072, 47.145129084717595], [-80.97708925005962, 47.141099084147356], [-80.97598094921729, 47.136920783554594], [-80.97544094880912, 47.13490408326874], [-80.97419424786472, 47.13022908260567], [-80.97322094713176, 47.12661578209366], [-80.97229594637022, 47.1226140815183], [-80.97118424540395, 47.11735738075685], [-80.97054754485009, 47.114342380320025], [-80.96984594423043, 47.1109373798257], [-80.96907254356107, 47.107302379299206], [-80.96840424298111, 47.10414737884202], [-80.96766924233478, 47.10060237832736], [-80.96680754158346, 47.09650077773243], [-80.96600754083887, 47.092280777115626], [-80.96537424023136, 47.088780776602356], [-80.96473423962729, 47.08532907609695], [-80.96409753902365, 47.081870775590275], [-80.96323093821302, 47.07725907491542], [-80.96271753771371, 47.074359074489294], [-80.96189923693599, 47.06989407383457], [-80.9612592363182, 47.06631737330923], [-80.96056923560042, 47.06200737267178], [-80.9598475348563, 47.05755577201376], [-80.95907423413043, 47.05341077140628], [-80.95817093337278, 47.0493590708203], [-80.95713753251968, 47.04484237016839], [-80.95604253161267, 47.04002736947291], [-80.95545093111356, 47.037345769084496], [-80.95413093001571, 47.03149906823922], [-80.95332592934817, 47.02794906772605], [-80.95242422859836, 47.02395406714827], [-80.95170422799502, 47.02072236668029], [-80.95064252711242, 47.0160173659996], [-80.94966422629821, 47.011672365370764], [-80.94890922566556, 47.00828076487938], [-80.94813422502328, 47.00486076438453], [-80.94722092427067, 47.00086736380705], [-80.94637422356163, 46.99706406325581], [-80.94572592302755, 46.99422906284577], [-80.94489422233497, 46.990525762309176], [-80.94403092161474, 46.98666906175019], [-80.9430975208375, 46.98251076114749], [-80.94225592013332, 46.978730760599184], [-80.941489219495, 46.97531406010389], [-80.94077251890735, 46.97219905965313], [-80.9400675183279, 46.96912235920771], [-80.93931091769316, 46.96570575871168], [-80.93857591708462, 46.96245735824078], [-80.93788921651716, 46.95943075780212], [-80.93676421558743, 46.95447075708311], [-80.93593921489808, 46.95076575654505], [-80.93516091425037, 46.947292356040904], [-80.9342642135052, 46.94329905546128], [-80.93348251285057, 46.93977235494872], [-80.93256091209409, 46.93574905436548], [-80.93167591135239, 46.931749053783925], [-80.93105751083343, 46.92894735337641], [-80.93049751020115, 46.92497405278164], [-80.92996420957776, 46.9210007521853], [-80.92955250909888, 46.917954051728195], [-80.92917090864485, 46.91503905129007], [-80.92862420801056, 46.91100575068483], [-80.92821090751751, 46.907835750208264], [-80.92776420700176, 46.904560749716815], [-80.92725590639111, 46.90062234912425], [-80.92653590554856, 46.89524074831573], [-80.9261225050536, 46.89205074783573], [-80.92552420436132, 46.88764574717419], [-80.92500590374546, 46.88368574657839], [-80.92446590312039, 46.87970574598048], [-80.9240192025776, 46.87618404544975], [-80.9234859019645, 46.87228904486473], [-80.92300920139765, 46.86863904431515], [-80.92252420082966, 46.86500234376813], [-80.92213590035811, 46.86194074330644], [-80.92158919971546, 46.85781734268587], [-80.92102919905653, 46.853587342049074], [-80.92056089850267, 46.85002404151239], [-80.92017589804662, 46.84708734106997], [-80.91963919740355, 46.84292734044274], [-80.91906089675062, 46.83879903982261], [-80.91848249606744, 46.83440073915985], [-80.91806589557011, 46.83118573867495], [-80.9174491948496, 46.82656403797881], [-80.91682419411305, 46.821822337264], [-80.91654419377821, 46.8196540369368], [-80.91606589322281, 46.81609733640105], [-80.91555249266032, 46.812579035873135], [-80.91487919197607, 46.808439035255496], [-80.91434249143671, 46.80519233477149], [-80.91360419068211, 46.80061233408767], [-80.91303919013316, 46.797360733604286], [-80.91224088944952, 46.79358573305051], [-80.91159748890487, 46.790599032612946], [-80.91073418816624, 46.786520732014594], [-80.90999248753401, 46.78303733150368], [-80.90917918684299, 46.77923573094622], [-80.90848748625812, 46.77602733047597], [-80.90746248538476, 46.7712123297694], [-80.90692248492589, 46.76868572939868], [-80.90617418429318, 46.765212328889326], [-80.90509748337567, 46.760149028145996], [-80.90391918237792, 46.75466232734091], [-80.90327588183392, 46.75167232690214], [-80.90280248143213, 46.74945902657719], [-80.90220248092488, 46.74667072616795], [-80.90163748043713, 46.743954025768154], [-80.90098917989347, 46.740979025331875], [-80.90016247918874, 46.737082324759164], [-80.89926417842246, 46.73284232413583], [-80.89855747783083, 46.72960572366102], [-80.89774587713065, 46.725702323086225], [-80.89750417666549, 46.72223902255087], [-80.89764587631223, 46.71865732197654], [-80.89780417590913, 46.714579021322635], [-80.8978791757454, 46.71289072105138], [-80.89801587545502, 46.7098857205684], [-80.89815587509091, 46.70620901997892], [-80.89829587477146, 46.70293231945264], [-80.89845087435117, 46.69870571877513], [-80.89859087400646, 46.695200718212554], [-80.89872587370752, 46.69212071771755], [-80.89889917328665, 46.68783231702906], [-80.8990574729224, 46.68409571642865], [-80.89922587251219, 46.679915715757375], [-80.89935247218597, 46.676612315227175], [-80.89949917182504, 46.672937314636975], [-80.89966587147498, 46.66930071405172], [-80.89978917112862, 46.665824013494], [-80.89994747075174, 46.661969012874465], [-80.90014417034506, 46.65773231219228], [-80.90031416992667, 46.65346731150686], [-80.90049086950908, 46.64918901081894], [-80.90066746921072, 46.645984010301234], [-80.90418247011651, 46.64382900977422], [-80.90857087124704, 46.6411357091158], [-80.91309747241408, 46.638367308438184], [-80.91659587331172, 46.63618900790824], [-80.91637587294956, 46.63357230750463], [-80.91609587248715, 46.6302273069885], [-80.91588917212913, 46.62760730658357], [-80.91588247206552, 46.627054006496074], [-80.91722547225338, 46.62480490606837]]}, "properties": {"OBJECTID": 4293}}, {"type": "Feature", "id": 4294, "geometry": {"type": "LineString", "coordinates": [[-81.43967455881884, 48.43918595669522], [-81.4411895594421, 48.440142556752825], [-81.44308286021865, 48.441319256822034], [-81.44434286073421, 48.442092556866584], [-81.44604956143502, 48.44315925692976], [-81.44765126208941, 48.44413425698525], [-81.44942786281662, 48.44522595704818], [-81.45115286352228, 48.44628255710886], [-81.45295786426185, 48.44739755717367], [-81.45470126497598, 48.448472557235995], [-81.45638286566474, 48.449509257296036], [-81.45790786628898, 48.45044595735], [-81.4597495670448, 48.451592557417435], [-81.46133286773876, 48.452927557527296], [-81.46283126839238, 48.45416595762752], [-81.46435286905687, 48.45542925773014], [-81.46584786971233, 48.45669095783404], [-81.46734457036567, 48.457930957934565], [-81.46882787101754, 48.459194258039304], [-81.47041627170915, 48.46049595814382], [-81.47189287235585, 48.46173595824541], [-81.4733412729884, 48.462937558342865], [-81.47475287360686, 48.46412425844016], [-81.4763012742838, 48.46541425854509], [-81.47750957481162, 48.466417558626475], [-81.47859127528403, 48.46731425869911], [-81.4801345759591, 48.46860255880406], [-81.48137127650043, 48.46963755888852], [-81.48292457718058, 48.47093925899487], [-81.484491277865, 48.472239259100206], [-81.48591127848852, 48.47344255919935], [-81.4875028791846, 48.4747692593072], [-81.48908787987772, 48.47608925941443], [-81.49062128054838, 48.47736755951835], [-81.49215128121949, 48.47865755962414], [-81.49372128190663, 48.47996925973088], [-81.4952662825844, 48.4812725598378], [-81.4968395832731, 48.482587559944804], [-81.49840958395907, 48.48388926005001], [-81.4999962846535, 48.48521426015776], [-81.50157288534317, 48.48652756026429], [-81.50313128602832, 48.48785256037356], [-81.50460128666975, 48.48906426047098], [-81.50616628735412, 48.490365960576376], [-81.50769128802105, 48.49163426067906], [-81.50926288870794, 48.49293756078431], [-81.51088788941824, 48.49428596089322], [-81.51234789005669, 48.49549926099136], [-81.51381789070291, 48.496747561094075], [-81.51542629140377, 48.49806426119919], [-81.51700629209753, 48.49939926130855], [-81.51857289278202, 48.50069596141298], [-81.52001629341405, 48.50190096151075], [-81.52151789406916, 48.5031359616096], [-81.52308789475764, 48.504454261717036], [-81.5245145953822, 48.50564426181342], [-81.52606959606469, 48.50695426192039], [-81.52766289676264, 48.50828596202839], [-81.52914629741161, 48.50951926212798], [-81.53065629807202, 48.51077256222899], [-81.53223959876544, 48.51209426233604], [-81.53381459945615, 48.51341596244353], [-81.53540790015255, 48.51473426254945], [-81.53701630085736, 48.5160792626585], [-81.53846790149065, 48.51727096275357], [-81.54000290216499, 48.51856756285952], [-81.54123790270503, 48.519590962941805], [-81.54279460338704, 48.52089096304702], [-81.5440363039296, 48.52191596312916], [-81.54562630462479, 48.523232563234906], [-81.54656960503648, 48.52400756329671], [-81.54758130548214, 48.524870963367796], [-81.54882630607548, 48.5262859635075], [-81.55003460665016, 48.52764926364154], [-81.55108790715637, 48.5288792637646], [-81.55238290776641, 48.530294263901446], [-81.55361290835127, 48.53168096403765], [-81.55479790891404, 48.53301096416804], [-81.55583130940674, 48.53418596428403], [-81.55689460991172, 48.53537926440094], [-81.55769461029283, 48.53628596449027], [-81.55899131090912, 48.53774426463328], [-81.56011631144483, 48.539017564758616], [-81.56131791201558, 48.54036596489069], [-81.56254291260024, 48.5417625650286], [-81.56379461319447, 48.54316426516571], [-81.56499961376765, 48.544522565299005], [-81.56624461436166, 48.54593926543869], [-81.56754131497792, 48.54739596558139], [-81.56875131555114, 48.54874096571241], [-81.57002291615804, 48.55018926585523], [-81.57124631673985, 48.55156596599019], [-81.57255791736479, 48.55305096613611], [-81.57378961794576, 48.55439926626634], [-81.57503461854351, 48.55584426641006], [-81.57631961915523, 48.55729426655233], [-81.57757961975398, 48.5587075666905], [-81.57884462035804, 48.56014926683261], [-81.58016632098457, 48.56161926697567], [-81.58135132154749, 48.5629459671052], [-81.58258632213847, 48.56436256724525], [-81.58391132276554, 48.56582756738733], [-81.58512292334349, 48.56720256752246], [-81.5864479239732, 48.56868756766747], [-81.58771632457903, 48.57013256780971], [-81.58896632517511, 48.5715492679488], [-81.59023462578074, 48.572992568090775], [-81.59151132638492, 48.574402568227306], [-81.59278792699183, 48.57583426836708], [-81.59400962757763, 48.57724256850647], [-81.59528962818555, 48.57867256864572], [-81.5965963288079, 48.58014596878989], [-81.59786292941122, 48.58157426892964], [-81.59896962994097, 48.58284256905472], [-81.60025633055189, 48.584277569194285], [-81.60146963113007, 48.58564756932837], [-81.60271793172235, 48.58703596946319], [-81.60411293239166, 48.588645969622426], [-81.60568793314192, 48.590420969795915]]}, "properties": {"OBJECTID": 4294}}, {"type": "Feature", "id": 4296, "geometry": {"type": "LineString", "coordinates": [[-81.45977785363488, 48.34514754155942], [-81.45746455317884, 48.347615942056954], [-81.45499125269113, 48.35025424258873], [-81.45225125215015, 48.35317094317695], [-81.44997625170046, 48.35558924366476], [-81.44757125122617, 48.35815424418172], [-81.44551125081938, 48.36034754462392], [-81.44359285044072, 48.362390945035834], [-81.44078784988432, 48.36535754563497], [-81.4372212491028, 48.368540946308855], [-81.43475954856187, 48.37072594677213], [-81.43084784770029, 48.374182547505974], [-81.42812784711076, 48.37666254802767], [-81.42558784656178, 48.37899094851659], [-81.42309954602322, 48.381265948994674], [-81.42061784548532, 48.38352924947067], [-81.41820784496387, 48.38573424993392], [-81.41566454441231, 48.38805095042123], [-81.4128078437647, 48.39043095093545], [-81.4100612431142, 48.39249755139675], [-81.40716954242306, 48.39462425187513], [-81.40439124175968, 48.396672552335396], [-81.40148124106413, 48.398812552816715], [-81.39864124038733, 48.40091755328891], [-81.39580623970964, 48.40300255375782], [-81.39297453903448, 48.40509925422823], [-81.38877953803214, 48.40818925492267], [-81.38544783723658, 48.410647555474824], [-81.38244623652002, 48.41286425597253], [-81.37937953578714, 48.41512255648001], [-81.37656123511348, 48.41719755694633], [-81.37355123439467, 48.41941925744516], [-81.3707078337158, 48.42151925791653], [-81.3676445329832, 48.42377255842301], [-81.36409623213517, 48.42638755901036], [-81.36110123144152, 48.42877095953231], [-81.35838623082168, 48.43100256001606], [-81.35550283018846, 48.43357256055954], [-81.35297622964993, 48.435954261055066], [-81.35078782920665, 48.4382009615116], [-81.3485612287754, 48.440644261999566], [-81.34600952828183, 48.4434492625594], [-81.3432995277606, 48.446452563157564], [-81.3405362272249, 48.449480963762404], [-81.33920452696744, 48.4509459640547], [-81.33782782670295, 48.452474264358926], [-81.33586122630756, 48.45451756477272], [-81.33337952578844, 48.45693596527092], [-81.33073282521258, 48.45933926577613], [-81.32816282466429, 48.461759266279465], [-81.32399952369491, 48.46503596699909]]}, "properties": {"OBJECTID": 4296}}, {"type": "Feature", "id": 4297, "geometry": {"type": "LineString", "coordinates": [[-81.45977785363488, 48.34514754155942], [-81.46009955374663, 48.34518924154767], [-81.4628812547046, 48.34548094143585], [-81.46586285573021, 48.34578424131462], [-81.4682495565512, 48.34602754121763], [-81.47105955751809, 48.3463159411037], [-81.47425455861726, 48.34664254097393], [-81.47754125974573, 48.346960940837846], [-81.47853856009905, 48.347144140809434], [-81.47897456029905, 48.34758624085102]]}, "properties": {"OBJECTID": 4297}}, {"type": "Feature", "id": 4298, "geometry": {"type": "LineString", "coordinates": [[-81.32236452306658, 48.46435756698931], [-81.32424952368548, 48.464302566876036], [-81.32425452380033, 48.465200967009466], [-81.3242545238434, 48.465542567060254], [-81.32424952386947, 48.46576256709328]]}, "properties": {"OBJECTID": 4298}}, {"type": "Feature", "id": 4299, "geometry": {"type": "LineString", "coordinates": [[-81.32399952369491, 48.46503596699909], [-81.3240345237551, 48.46542126705447], [-81.3230472234463, 48.46557226713199]]}, "properties": {"OBJECTID": 4299}}, {"type": "Feature", "id": 4300, "geometry": {"type": "LineString", "coordinates": [[-81.32399952369491, 48.46503596699909], [-81.32382282368557, 48.465427567067216], [-81.3230472234463, 48.46557226713199]]}, "properties": {"OBJECTID": 4300}}, {"type": "Feature", "id": 4301, "geometry": {"type": "LineString", "coordinates": [[-81.26905120552162, 48.4656292701471], [-81.26785860499827, 48.4646178700629], [-81.26712950473173, 48.46442427007466], [-81.268689204999, 48.462429969690966], [-81.27044780558336, 48.46243226959349], [-81.27166090599212, 48.462478469532904], [-81.27494120712406, 48.46281596940065], [-81.27797780816178, 48.46304756926618], [-81.2821178095718, 48.463325969077175], [-81.28494451053382, 48.46351096894739], [-81.28894781189548, 48.46376596876253], [-81.29228121301617, 48.463874268593045], [-81.29582781420697, 48.46397756841099], [-81.29920621534082, 48.464072568237], [-81.30250451644848, 48.464170968067954], [-81.30594451760342, 48.46427096789124], [-81.30980281889802, 48.46437756769221], [-81.31451952048313, 48.46452756745172], [-81.31777622157836, 48.464637567286644], [-81.31926282203777, 48.46436596716336], [-81.32081122255063, 48.464355967075605], [-81.32236452306658, 48.46435756698931], [-81.32236782314659, 48.46498426708237], [-81.32237952318137, 48.46522926711818], [-81.32238282319653, 48.4653409671346], [-81.3230472234463, 48.46557226713199]]}, "properties": {"OBJECTID": 4301}}, {"type": "Feature", "id": 4302, "geometry": {"type": "LineString", "coordinates": [[-81.25472990243782, 48.478933472923835], [-81.25609120281659, 48.47834927276119], [-81.25803120335395, 48.47749757252654], [-81.25989120386811, 48.47667257230034], [-81.26163120434927, 48.47590257208891], [-81.26368450492068, 48.47502257184374], [-81.2649512052744, 48.47448927169393], [-81.26657120572386, 48.47378427149889], [-81.26864450629809, 48.472874271248074], [-81.26972120659744, 48.47241097111924], [-81.27066450685895, 48.47199927100545], [-81.27269780742384, 48.471120970761596], [-81.27422120784533, 48.47044927057686], [-81.27533780815521, 48.46996427044255], [-81.27647620847024, 48.46946257030452], [-81.2784045090054, 48.46862597007272], [-81.28026950952376, 48.46782256984937], [-81.2813845098322, 48.46733096971411], [-81.28292621025952, 48.4666575695281], [-81.2849928108324, 48.46575596927885], [-81.28705951140508, 48.46485256902939], [-81.28901621194758, 48.46399926879345], [-81.2913862127441, 48.46407426867266], [-81.29266781317347, 48.464104268605794], [-81.29505781397638, 48.464177568483635], [-81.29672951453766, 48.464225968397734], [-81.29918451536321, 48.464307568273156], [-81.30147621613179, 48.464367568154486], [-81.30310621667832, 48.4644092680699], [-81.30522621738989, 48.46446926796077], [-81.30715121803581, 48.46452256786148], [-81.30911121869465, 48.464585967761714], [-81.31010121902654, 48.46461096771028], [-81.31202621967248, 48.46466426761102], [-81.31434782045214, 48.46473426749209], [-81.31635952112856, 48.46480096738991], [-81.31762122155504, 48.464860967328484], [-81.31955452228897, 48.465590967329426], [-81.32137122289008, 48.46557426722568], [-81.32175452301709, 48.46557256720409], [-81.3230472234463, 48.46557226713199]]}, "properties": {"OBJECTID": 4302}}, {"type": "Feature", "id": 4303, "geometry": {"type": "LineString", "coordinates": [[-81.3230472234463, 48.46557226713199], [-81.32391362375269, 48.465720867105794], [-81.32400282384042, 48.466181967169426], [-81.32419282402377, 48.46713596730075], [-81.32429122443916, 48.47017256774708], [-81.32385622459603, 48.47256256812684], [-81.32218122425377, 48.47425926847262], [-81.31954282367239, 48.476597568967456], [-81.31788952331536, 48.47812026928609], [-81.31770122328022, 48.47833756932894], [-81.31617952281395, 48.47864756945983], [-81.31468782235424, 48.478930969585114], [-81.31307782185824, 48.4792375697205], [-81.31272952185901, 48.48016096987722], [-81.31233622186136, 48.481215970056056], [-81.3119778218716, 48.48224097022843], [-81.31168122189307, 48.48319257038649], [-81.31136282191159, 48.48417757055073], [-81.31113452196271, 48.48518427071316], [-81.31095122203257, 48.48622097087753], [-81.31082122207388, 48.48689097098441], [-81.31052782213918, 48.48818097119256], [-81.30954282206342, 48.49017427154388], [-81.3078262219148, 48.493515972136336], [-81.30626622179341, 48.49666097269083], [-81.30504122176923, 48.49969427320998], [-81.30404952180791, 48.502610973698786], [-81.30312282185078, 48.505389274163335], [-81.30219122196125, 48.50871597470963], [-81.30164452205737, 48.510915975067014], [-81.30115622232032, 48.51428257559442], [-81.30081452249685, 48.51657927595465], [-81.29937782235253, 48.51921597642648], [-81.29780122218995, 48.522075976939206], [-81.29616782202115, 48.52503597746987], [-81.29612252201785, 48.52512927748627]]}, "properties": {"OBJECTID": 4303}}, {"type": "Feature", "id": 4304, "geometry": {"type": "LineString", "coordinates": [[-81.29766122261627, 48.52581757750267], [-81.29761452261394, 48.52592227752083], [-81.29766622263392, 48.525944277521226], [-81.29777782264696, 48.525754277486804], [-81.29788622265924, 48.5255659774528], [-81.29696122232333, 48.52534097747096], [-81.29601952198087, 48.5251075774888], [-81.29612252201785, 48.52512927748627]]}, "properties": {"OBJECTID": 4304}}, {"type": "Feature", "id": 4305, "geometry": {"type": "LineString", "coordinates": [[-81.29612252201785, 48.52512927748627], [-81.29460952186278, 48.52788097797932], [-81.29336952173249, 48.53011097837962], [-81.29169622155806, 48.53313097892134]]}, "properties": {"OBJECTID": 4305}}, {"type": "Feature", "id": 4306, "geometry": {"type": "LineString", "coordinates": [[-81.29544281672617, 48.484990971558794], [-81.29258781570823, 48.484439271635765], [-81.28925621452126, 48.483802571726585], [-81.28673621362218, 48.48331097179382], [-81.28358951249936, 48.48269597187758], [-81.2806045114431, 48.48218257196738], [-81.27794121050084, 48.48172597204776], [-81.27472450936297, 48.48117597214498], [-81.27171450829833, 48.48066257223614], [-81.26882950727799, 48.48017097232353], [-81.26740620670651, 48.47938757228618], [-81.265726206038, 48.47851097224927], [-81.26398120534482, 48.477609272212156], [-81.26276280488463, 48.47716927221449], [-81.26120450431112, 48.47672597223519], [-81.26074950414383, 48.47659757224141], [-81.26061780412839, 48.47682257228221]]}, "properties": {"OBJECTID": 4306}}, {"type": "Feature", "id": 4307, "geometry": {"type": "LineString", "coordinates": [[-81.26687280467479, 48.464649270122436], [-81.26608780447253, 48.46511427023529], [-81.26526780421166, 48.46520597029458], [-81.26447620396048, 48.4652992703525], [-81.26231280324204, 48.46530097047307], [-81.26034950258946, 48.46529757058175], [-81.25829950190347, 48.46525757068983], [-81.25726450156216, 48.465277570750374], [-81.25623780122822, 48.46533427081587], [-81.25435450060577, 48.465359270924324], [-81.25248949998789, 48.465372571030024], [-81.25065449938079, 48.46539257113504], [-81.2496294988989, 48.46426757102453], [-81.24889119853924, 48.463357570930036], [-81.24831779828759, 48.46287097088947], [-81.24818649822306, 48.46270427087192]]}, "properties": {"OBJECTID": 4307}}, {"type": "Feature", "id": 4308, "geometry": {"type": "LineString", "coordinates": [[-81.26687280467479, 48.464649270122436], [-81.26583280449931, 48.46600097038148], [-81.26657780497135, 48.46778597060573], [-81.2659128048997, 48.468972570819396], [-81.2650228048024, 48.47054927110356], [-81.26398950468752, 48.472364271431196], [-81.26288620452421, 48.4739792717329], [-81.26169120432895, 48.47558257203797], [-81.26062450404292, 48.4761259721782], [-81.25947450372755, 48.476655972321005], [-81.25884620360965, 48.47737757246336], [-81.25550450268668, 48.47886597287071], [-81.2552113026054, 48.478994172906106]]}, "properties": {"OBJECTID": 4308}}, {"type": "Feature", "id": 4309, "geometry": {"type": "LineString", "coordinates": [[-81.26905120552162, 48.4656292701471], [-81.26810620536834, 48.46690597038972], [-81.26780780531448, 48.4672659704599], [-81.26667780511777, 48.468685970734136], [-81.26533950477427, 48.469489270928165], [-81.26425280465376, 48.47140097127316], [-81.26307950449926, 48.47327097161673], [-81.261797804305, 48.475110971961875], [-81.26061780412839, 48.47682257228221]]}, "properties": {"OBJECTID": 4309}}, {"type": "Feature", "id": 4310, "geometry": {"type": "LineString", "coordinates": [[-81.26905120552162, 48.4656292701471], [-81.26758950495562, 48.46498927013315], [-81.26687280467479, 48.464649270122436]]}, "properties": {"OBJECTID": 4310}}, {"type": "Feature", "id": 4313, "geometry": {"type": "LineString", "coordinates": [[-80.90655039918506, 48.57971730719112], [-80.90666269921486, 48.57965600717578], [-80.90860769974688, 48.5787243069301], [-80.91046610025504, 48.5778326066951], [-80.9123194007694, 48.57700430646976], [-80.9140894012677, 48.576269306262965], [-80.91570440172256, 48.575601006074535], [-80.91813440240834, 48.574606005792646], [-80.91996940292576, 48.57385100557922], [-80.92208610352222, 48.57297760533267], [-80.92399940406152, 48.57218930510995], [-80.92592110460335, 48.57139930488655], [-80.92782110513883, 48.57061600466535], [-80.92978770569208, 48.5697976044352], [-80.93169440622911, 48.56900930421283], [-80.93358440676258, 48.56823760399388], [-80.93548110729752, 48.5674593037735], [-80.93739440783608, 48.56666600355004], [-80.93929770837292, 48.56588600332911], [-80.94124110892064, 48.565086003102905], [-80.9432361094832, 48.56426760287116], [-80.9450627099978, 48.5635143026584], [-80.9466177104358, 48.562872602477185], [-80.94848611096349, 48.56211260226112], [-80.95030611147558, 48.56135760204842], [-80.95226771202762, 48.56054430181924], [-80.95417271256451, 48.559761001597664], [-80.95605441309488, 48.55898760137882], [-80.95788771361096, 48.55822930116485], [-80.9599311141864, 48.55738600092669], [-80.96186771473126, 48.55658260070033], [-80.96382441528237, 48.55577600047242], [-80.96563771579294, 48.555027600261], [-80.96761941635047, 48.55420600002945], [-80.96886611670271, 48.5537009998855], [-80.97188611756447, 48.552545999547036], [-80.97519941850868, 48.55126929917423], [-80.97801271931318, 48.55020759886103], [-80.9801044199135, 48.549435998630784], [-80.98224612052607, 48.54862929839254], [-80.98395442101638, 48.54799929820453], [-80.98562772149603, 48.54737759801965], [-80.98733942198658, 48.54674099783044], [-80.98941272258132, 48.545974297601916], [-80.99123442310432, 48.54530429740163], [-80.99335272371214, 48.54452259716836], [-80.99542272430428, 48.54374429693828], [-80.99705942477439, 48.543144296758626], [-80.99920112538699, 48.54233929652062], [-81.0011311259412, 48.54163099630862], [-81.00308442650082, 48.54090429609262], [-81.0050977270778, 48.540155995870094], [-81.0070977276508, 48.53941259564898], [-81.00901772820103, 48.538699295436814], [-81.01070772868584, 48.53807599525071], [-81.01262272923412, 48.53736099503857], [-81.01464272981381, 48.53661759481632], [-81.01657443036635, 48.53589259460172], [-81.01851943092454, 48.535177594387854], [-81.02032113144065, 48.5345075941886], [-81.02224773199353, 48.53379929397676], [-81.02430773258438, 48.53303929374982], [-81.02572443298894, 48.53250259359168], [-81.02714113338574, 48.53190429342438], [-81.02919613396065, 48.53103099318082], [-81.03111443449775, 48.53021929295402], [-81.03318943507891, 48.52934259270889], [-81.035271135662, 48.52846429246312], [-81.03732613623725, 48.52759429222009], [-81.0391761367541, 48.52680259199995], [-81.04106443728317, 48.52600759177728], [-81.0430961378521, 48.52514929153722], [-81.04498113837921, 48.52434759131368], [-81.04686273890692, 48.52355929109231], [-81.04875273943614, 48.52276099086902], [-81.05082444001515, 48.52187759062298], [-81.05273444054994, 48.52107099039734], [-81.05447614103677, 48.52032929019063], [-81.05643944158594, 48.519495989958024], [-81.05845774215088, 48.518642589719406], [-81.06035944268446, 48.517849289496155], [-81.06220444319878, 48.517052589275494], [-81.0639911436987, 48.516295989064076], [-81.06585114421961, 48.515512588844594], [-81.06780944476742, 48.514682588612715], [-81.06918944515431, 48.51410428845027], [-81.07110444569017, 48.513294288223754], [-81.07302614622675, 48.51247258799516], [-81.07488774674668, 48.51167758777379], [-81.07681614728632, 48.51086258754579], [-81.07876774783246, 48.51003758731503], [-81.08081444840498, 48.50917098707279], [-81.08271444893654, 48.508367586848], [-81.08467614948704, 48.50755098661793], [-81.08676115019084, 48.50763098651441], [-81.08915445100082, 48.50773928639811], [-81.09092275159847, 48.50781258631115], [-81.0931827523624, 48.50790758620019], [-81.09530115307817, 48.5079942860958], [-81.0974944538201, 48.508090985988815], [-81.09975615458495, 48.50818928587821], [-81.10204945536016, 48.5082859857656], [-81.10385115596966, 48.50836598567776], [-81.10623115677431, 48.508467585561085], [-81.10832275748274, 48.508567585460106], [-81.11053445822994, 48.508657585351], [-81.11284445901065, 48.50875428523749], [-81.11494945972206, 48.50884258513401], [-81.11718446047797, 48.508940985024815], [-81.11943116123695, 48.50903258491399], [-81.12160616197312, 48.50913258480833], [-81.12300116244475, 48.50919258473997], [-81.12528446321609, 48.509285984627375], [-81.12757276398946, 48.509382584514945], [-81.12985276476036, 48.50948098440319], [-81.13214946553612, 48.50957428428976], [-81.13426276625003, 48.50966098418552], [-81.13619616690406, 48.50974758409126], [-81.1382461675973, 48.509837583990986], [-81.1392011679206, 48.50988258394474]]}, "properties": {"OBJECTID": 4313}}, {"type": "Feature", "id": 4314, "geometry": {"type": "LineString", "coordinates": [[-81.11182116287081, 48.542202590269405], [-81.1089477620315, 48.54313429056722], [-81.1055111610269, 48.54424259092244], [-81.10224446007294, 48.54530429126129], [-81.09893945910615, 48.5463659916023], [-81.09611445827898, 48.54726759189282], [-81.0940177575326, 48.546882591951764], [-81.09185945676187, 48.54646759200967], [-81.09142115666519, 48.54685929209215], [-81.09094615656362, 48.54730929218536], [-81.0906431564648, 48.547325592204594]]}, "properties": {"OBJECTID": 4314}}, {"type": "Feature", "id": 4315, "geometry": {"type": "LineString", "coordinates": [[-81.0906431564648, 48.547325592204594], [-81.09093115658771, 48.54754099222067], [-81.09053775650035, 48.54788759229399], [-81.09135775682026, 48.548260992304066], [-81.09210775711412, 48.54861259231476], [-81.09226595717608, 48.54868659231699], [-81.092265457176, 48.54868729231711], [-81.09146115708468, 48.55009099257034], [-81.0897311565709, 48.550585992739784], [-81.087191155818, 48.55132429299026], [-81.08460445505247, 48.55208599324677], [-81.08213775432225, 48.55281099349114], [-81.07992445366634, 48.55345599370956], [-81.07763275277215, 48.552412593681446], [-81.07517445180554, 48.55123429364243], [-81.0756811518964, 48.55061429352218], [-81.07673945212672, 48.549642593319135], [-81.0769934521763, 48.549364293263714]]}, "properties": {"OBJECTID": 4315}}, {"type": "Feature", "id": 4316, "geometry": {"type": "LineString", "coordinates": [[-81.10242446010457, 48.545079291217874], [-81.0993827592139, 48.54604929153062], [-81.09728045859887, 48.54672429174745], [-81.09637615833637, 48.54703099184316], [-81.09558945805742, 48.54689529186658], [-81.09382445742742, 48.546557591914194], [-81.09166115665339, 48.546129291970345], [-81.09091495648063, 48.546731792101276], [-81.09050645640134, 48.54718299219096], [-81.0906431564648, 48.547325592204594]]}, "properties": {"OBJECTID": 4316}}, {"type": "Feature", "id": 4317, "geometry": {"type": "LineString", "coordinates": [[-81.0906431564648, 48.547325592204594], [-81.09018945630476, 48.54725429221912], [-81.0899077562529, 48.54758759228426], [-81.08902615590932, 48.54718929227391], [-81.0881177555539, 48.54676759226153], [-81.0865761549527, 48.54606759224285], [-81.08386445389158, 48.54480759220572], [-81.08127615288001, 48.543614292171625], [-81.07933275229388, 48.544099292351376], [-81.07795115187636, 48.54443759247819], [-81.07749245176716, 48.5447842925551], [-81.07758445182583, 48.54500759258323], [-81.077777451927, 48.5453012926162]]}, "properties": {"OBJECTID": 4317}}, {"type": "Feature", "id": 4318, "geometry": {"type": "LineString", "coordinates": [[-81.10229446004243, 48.544929291202806], [-81.10242446010457, 48.545079291217874], [-81.10255776018305, 48.54535099125084], [-81.10305946042928, 48.54598099131668], [-81.1036294607045, 48.54666099138624], [-81.10411116093465, 48.547215991441995], [-81.104302761024, 48.54741929146161], [-81.10449946111211, 48.547599291477454]]}, "properties": {"OBJECTID": 4318}}, {"type": "Feature", "id": 4319, "geometry": {"type": "LineString", "coordinates": [[-81.11217946295343, 48.54191099020622], [-81.11215776285192, 48.5411609900959], [-81.11215276269441, 48.53992098991182], [-81.11213946253261, 48.53866928972653], [-81.11214946237594, 48.537395989536606], [-81.11022776173505, 48.53738598964166], [-81.10825116107759, 48.53738928975171], [-81.10613776037347, 48.53738428986802], [-81.10427945975559, 48.5373892899718], [-81.10229945909612, 48.537385990081006], [-81.10032775844043, 48.53739099019099], [-81.09843115780937, 48.537392590296335], [-81.09634275711417, 48.537392590412026], [-81.09428945643026, 48.53738929052527], [-81.09232115577572, 48.53739429063502], [-81.09041615514181, 48.53739599074077], [-81.08849775450213, 48.53738759084577], [-81.08652615384037, 48.537344290948546], [-81.085747453581, 48.537343290991544], [-81.08584945356131, 48.53691629092238]]}, "properties": {"OBJECTID": 4319}}, {"type": "Feature", "id": 4320, "geometry": {"type": "LineString", "coordinates": [[-81.11217946295343, 48.54191099020622], [-81.10941276214292, 48.54278929049016], [-81.10600116114811, 48.54390929084571], [-81.10256446014425, 48.54502429120194], [-81.10242446010457, 48.545079291217874]]}, "properties": {"OBJECTID": 4320}}, {"type": "Feature", "id": 4321, "geometry": {"type": "LineString", "coordinates": [[-81.13770617040753, 48.53362928755954], [-81.13742617025882, 48.53318758750938], [-81.13519116949097, 48.53299598760488], [-81.1327827686638, 48.53279098770797], [-81.13048946787632, 48.53259758780641], [-81.12817616707952, 48.53238258790268], [-81.125876166289, 48.53218258800048], [-81.1235777654975, 48.53197098809646], [-81.12356276539133, 48.53116598797755], [-81.12356446531086, 48.530520987881594], [-81.12357116522027, 48.52978258777143], [-81.12358116513063, 48.52904258766082], [-81.12359776504148, 48.528289287547835], [-81.12360446496871, 48.52769258745875], [-81.12360946487283, 48.52691598734299], [-81.1236261647762, 48.526102587221054], [-81.12364616468375, 48.52531428710271], [-81.12360616457688, 48.52456928699411], [-81.12308276428233, 48.5236109868806], [-81.12258616401488, 48.52279758678713], [-81.12201446373425, 48.52207758671172], [-81.12148946347769, 48.52142598664391], [-81.12093116320548, 48.520737586572444], [-81.12041276294653, 48.52004928649876], [-81.11938116259722, 48.520000986548794], [-81.11833946224498, 48.51995598659981], [-81.11728276189037, 48.519932586654875], [-81.11637446169448, 48.52077928683116], [-81.11597446160746, 48.52114598690787], [-81.11561746152661, 48.521448286972664]]}, "properties": {"OBJECTID": 4321}}, {"type": "Feature", "id": 4322, "geometry": {"type": "LineString", "coordinates": [[-81.13770617040753, 48.53362928755954], [-81.13474776954442, 48.53459428786711], [-81.13152116860125, 48.535632588200386], [-81.12832276766851, 48.53667928853338], [-81.12519276675427, 48.5376925888576], [-81.12202616582991, 48.538722589186335], [-81.1187644648763, 48.53977258952325], [-81.11556946394245, 48.54080258985349], [-81.11267446309827, 48.54175259015521], [-81.11217946295343, 48.54191099020622]]}, "properties": {"OBJECTID": 4322}}, {"type": "Feature", "id": 4323, "geometry": {"type": "LineString", "coordinates": [[-81.26061780412839, 48.47682257228221], [-81.25750620326575, 48.47818257265771], [-81.25491780254755, 48.47930927296934], [-81.25282450196717, 48.48022427322194], [-81.24984280114, 48.481524273581186], [-81.24690450032328, 48.4827925739333], [-81.2440094995198, 48.4840525742818], [-81.24114279872431, 48.48530097462694], [-81.23828619793039, 48.48653597496956], [-81.2351761970688, 48.487902575345785], [-81.23194949617323, 48.48930757573423], [-81.22875279528459, 48.49068927611748], [-81.22605949453664, 48.491859276441254], [-81.22310779371662, 48.49313927679577], [-81.22031119294013, 48.4943559771322], [-81.21750949216208, 48.495574277469146], [-81.214727791388, 48.4967709778018], [-81.2124711907567, 48.49771597806779], [-81.20983619005686, 48.49911597842245], [-81.20707278931576, 48.500527578785956], [-81.20399618849352, 48.50212257919415], [-81.20134618778276, 48.50347597954271], [-81.1987361870831, 48.50481257988651], [-81.19661948651512, 48.50589258016475], [-81.19381778576556, 48.50733928053552], [-81.19077278495139, 48.50891598093914], [-81.18802778421406, 48.51031098129907], [-81.18520448345836, 48.51176758167247], [-81.18240278270697, 48.51320098204129], [-81.17956948194835, 48.514660982415684], [-81.17681278120868, 48.51606928277825], [-81.17392948043566, 48.51754758315813], [-81.17120447970477, 48.51894258351685], [-81.16858777900438, 48.520294283863116], [-81.16623947837401, 48.521492584171654], [-81.16334277759702, 48.522975984553064], [-81.16015447674334, 48.524620984974604], [-81.15736447599484, 48.526049285341806], [-81.15499777535949, 48.52725758565279], [-81.15263117473438, 48.52854758597596], [-81.15003947403312, 48.52982758631007], [-81.14712617318074, 48.53075758660998], [-81.14414447230901, 48.53171428691766], [-81.14121947145647, 48.53267428722261], [-81.13824117058682, 48.53363928753131], [-81.1353244697353, 48.53458598783384], [-81.13234446886605, 48.53555928814382], [-81.12935116799126, 48.53652428845329], [-81.12642446713653, 48.5374725887566], [-81.1233544662403, 48.538470989075265], [-81.1204244653844, 48.5394192893787], [-81.11747276452229, 48.54037598968459], [-81.11450776365547, 48.54133098999092], [-81.11182116287081, 48.542202590269405]]}, "properties": {"OBJECTID": 4323}}, {"type": "Feature", "id": 4324, "geometry": {"type": "LineString", "coordinates": [[-81.2552113026054, 48.478994172906106], [-81.25312120202462, 48.47989757315681], [-81.24989280112871, 48.48130257354543], [-81.24673620025227, 48.48267257392483], [-81.24344119933707, 48.48410097432062], [-81.23983279833638, 48.48567757475586], [-81.23691449752592, 48.486944275106566], [-81.2338961966885, 48.48826097547031], [-81.23149449602029, 48.48929427575752], [-81.22762949494778, 48.49097927622309], [-81.22478619415854, 48.49221757656536], [-81.22169449330072, 48.49356757693805], [-81.21855949242978, 48.494927577314584], [-81.21540279155155, 48.49628757769237], [-81.21247119073406, 48.497535978041], [-81.21012279010766, 48.498762578353954], [-81.20749618940536, 48.50012097870198], [-81.20416618851254, 48.501824279140344], [-81.20157948781922, 48.503149279481136], [-81.19907278714867, 48.50444427981298], [-81.19653118646735, 48.50574598014777], [-81.19330778560267, 48.50739258057175], [-81.1902761847902, 48.508947580971416], [-81.1881677842258, 48.51003428125016], [-81.18564778355005, 48.51132428158196], [-81.18280118278915, 48.51280098195967], [-81.1800494820503, 48.51420258232092], [-81.17724618129893, 48.51564098269047], [-81.17422448048849, 48.51718758308821], [-81.17127117969676, 48.51870258347744], [-81.16847777894768, 48.52013428384543], [-81.16590277825867, 48.52146598418643], [-81.16314947751972, 48.522872584548395], [-81.16003277668334, 48.52446598495831], [-81.1587961763533, 48.52511258512306], [-81.15591117557972, 48.52659258550325], [-81.15279117474464, 48.52820598591627], [-81.15010447402388, 48.529582586270045], [-81.14697617311451, 48.53062758659897], [-81.14405117226076, 48.53157758690247], [-81.14094447135305, 48.53257928722377], [-81.13788447045995, 48.53357428754143], [-81.13770617040753, 48.53362928755954]]}, "properties": {"OBJECTID": 4324}}, {"type": "Feature", "id": 4325, "geometry": {"type": "LineString", "coordinates": [[-81.1392011679206, 48.50988258394474], [-81.1391094680088, 48.51082758409043], [-81.13755446764348, 48.512037584356634], [-81.13622276733193, 48.513084284586206], [-81.13463616696174, 48.5143392848609], [-81.13312946660928, 48.51552428512076], [-81.13160616625551, 48.516742585386396], [-81.1301611659123, 48.517837585629415], [-81.13027116608919, 48.518954285789455], [-81.12893446577547, 48.51999758601875], [-81.12762616546912, 48.521024286244], [-81.12685616528917, 48.52163098637692], [-81.1252827649212, 48.52286928664836], [-81.12396776461385, 48.52390598687543], [-81.12240776424949, 48.52513758714507], [-81.12164446407276, 48.525752587278895], [-81.12036776361336, 48.525477587308714], [-81.11878346304793, 48.52517328735128]]}, "properties": {"OBJECTID": 4325}}, {"type": "Feature", "id": 4326, "geometry": {"type": "LineString", "coordinates": [[-81.1392011679206, 48.50988258394474], [-81.14012446823236, 48.50991928389903], [-81.14157946872518, 48.50998928382875], [-81.14380116941462, 48.50959428364676], [-81.14611277013265, 48.509189283458326], [-81.14853117088477, 48.50877258326218], [-81.1505861715214, 48.5083992830927], [-81.15308617229765, 48.5079592828886], [-81.15550777304992, 48.507535982691266], [-81.15778117375623, 48.5071392825061], [-81.16013277448623, 48.506724282313925], [-81.16248277521585, 48.50631098212202], [-81.16468277589833, 48.50591928194171], [-81.16689447658463, 48.50552758176068], [-81.1693111773358, 48.50510928156437], [-81.1713027779535, 48.50475428140101], [-81.17342117860998, 48.50437258122666], [-81.17556777927733, 48.50400258105249], [-81.17767447993138, 48.50363258088048], [-81.18007118067499, 48.50320758068421], [-81.18246278141677, 48.502782580488194], [-81.18445448203487, 48.502430980325336], [-81.18681448276784, 48.502019280133084], [-81.18921448351203, 48.501590979936076], [-81.19151778422693, 48.50118597974793], [-81.19392778497522, 48.500764279551355], [-81.19527948539421, 48.500522579440315], [-81.19695948591634, 48.50023257930387], [-81.19899618654712, 48.49986427913596], [-81.20118278722467, 48.49947097895601], [-81.20334118789485, 48.49909427878008], [-81.20545278855013, 48.49872257860746], [-81.20763278922662, 48.4983392784293], [-81.20943778978605, 48.49801597828093], [-81.21170949049174, 48.497622578096184], [-81.21366779103661, 48.496779277861926], [-81.21547449153722, 48.49598427764329], [-81.21733279205407, 48.49518257742073], [-81.21919619257113, 48.49436927719618], [-81.22111449310353, 48.4935325769651], [-81.22303949363773, 48.49269257673312], [-81.22490779415743, 48.49188757650948], [-81.22665779464323, 48.49112597629893], [-81.22839119512545, 48.49037927609151], [-81.23045619569918, 48.48948427584354], [-81.23193119610906, 48.488845975666585], [-81.23383949663823, 48.48801097543626], [-81.2354677970915, 48.487312575241795], [-81.23752449766174, 48.48641257499354], [-81.23917119811884, 48.485695974795384], [-81.24124949869832, 48.48481257454835], [-81.24310449921155, 48.48399257432322], [-81.24482449968858, 48.48324097411572], [-81.2467678002286, 48.48240097388269], [-81.24863620074748, 48.481590973658264], [-81.25054450127841, 48.48077097343009], [-81.25255280183559, 48.479895973188164], [-81.25437450233915, 48.47908757296656], [-81.25472990243782, 48.478933472923835]]}, "properties": {"OBJECTID": 4326}}, {"type": "Feature", "id": 4327, "geometry": {"type": "LineString", "coordinates": [[-81.1692694797558, 48.52446428444535], [-81.17067948022331, 48.52445258436531], [-81.17211278069867, 48.524440984284006], [-81.17351778116473, 48.52443098420448], [-81.17512448169668, 48.52441098411228], [-81.17675448223716, 48.524397584019766], [-81.1781994827157, 48.52438098393708], [-81.17964278319346, 48.524362583854206], [-81.18102948365346, 48.524352583775666], [-81.18273948422076, 48.52434098367896], [-81.18449778480287, 48.52431928357809], [-81.18558948516473, 48.52430928351599], [-81.18701948563844, 48.52429428343431], [-81.18860948616562, 48.52428098334401], [-81.19029448672373, 48.52426258324762], [-81.19112778699937, 48.5242509831996], [-81.1926194874945, 48.524242583115516], [-81.19395948793866, 48.524230983039295], [-81.1953677884056, 48.524219282959336], [-81.19676278886766, 48.524204282879566], [-81.19814948932712, 48.52419098280056], [-81.19961278981295, 48.52418428271823], [-81.20097449026393, 48.52416928264029], [-81.2024427907491, 48.52414428255497], [-81.2039577912508, 48.52412758246828], [-81.20543449173731, 48.52409098238078], [-81.20700619225201, 48.524027582284], [-81.20870779280925, 48.523959282179234], [-81.21032779334126, 48.523905982081274], [-81.21191119386047, 48.523847581984555], [-81.21332949432542, 48.523794281897786], [-81.21477119479725, 48.523734281808686], [-81.21640119533295, 48.523684281710636], [-81.21775949577831, 48.52363428162767], [-81.21919279624825, 48.52358098154008], [-81.22060119671048, 48.523532581454525], [-81.222297797274, 48.52352758135943], [-81.22410449787304, 48.52351428125694], [-81.22548119833064, 48.523512581180135], [-81.22710779887123, 48.52351098108938], [-81.22879279943152, 48.52351098099565], [-81.23020779990054, 48.523499280915246], [-81.23159620036195, 48.52349758083772], [-81.23336280094954, 48.52349928073971], [-81.23506280151459, 48.52349758064484], [-81.23661450202945, 48.523489280557264], [-81.23832120259691, 48.5234892804623], [-81.23947450298076, 48.52349258039861], [-81.24073280339893, 48.5234909803284], [-81.24222280389493, 48.523495980246196], [-81.2438878044491, 48.523500980154246], [-81.24553950499885, 48.52350598006304], [-81.24738620561241, 48.52350257995978], [-81.24894950613276, 48.5235075798735], [-81.25054280666262, 48.52350927978504], [-81.25233280725752, 48.52350757968514], [-81.2539595077985, 48.52350927959482], [-81.25571280838116, 48.52350757949696], [-81.25748450897015, 48.523507579398306], [-81.25924120955412, 48.523507579300485], [-81.26105451015712, 48.52350927919974], [-81.26226781055982, 48.52350427913146], [-81.26354281098432, 48.523509279061166], [-81.26493281144695, 48.52351427898448], [-81.26638451193081, 48.52352427890515], [-81.26788621242936, 48.52351927882077], [-81.26946451295527, 48.52352927873432], [-81.27108781349527, 48.52353257864437], [-81.27266781403203, 48.523624278569955], [-81.27392951449393, 48.523960978549674], [-81.27534951501895, 48.52438097853297], [-81.27646121547521, 48.525067578573], [-81.27761781595754, 48.52584257862371], [-81.27887451647923, 48.526665978675986], [-81.28016951700904, 48.52745257872061], [-81.28149951754187, 48.52817097875319], [-81.28263281798937, 48.52873097877318], [-81.28399781852644, 48.529390978795156], [-81.28542281908838, 48.53008927881939], [-81.28659781955096, 48.53065927883857], [-81.28804622012146, 48.53136427886249], [-81.28942782066814, 48.53205597888818], [-81.29018622097188, 48.53246427890653], [-81.29107622132813, 48.53294257892792], [-81.29139452145459, 48.53310597893445]]}, "properties": {"OBJECTID": 4327}}, {"type": "Feature", "id": 4328, "geometry": {"type": "LineString", "coordinates": [[-81.31627784728056, 48.671269298007516], [-81.31642754733048, 48.67126999799922], [-81.31653994739763, 48.671503098027365], [-81.32067784884562, 48.672054597877214], [-81.32476805027571, 48.67259029772733], [-81.32890495172276, 48.67313739757649], [-81.33296255314183, 48.673672097428195], [-81.33584405415024, 48.674057197323634], [-81.33766635478399, 48.67426939725289], [-81.34034355573584, 48.67474429717303], [-81.34422505713846, 48.675608997083245], [-81.3482141585786, 48.67648809698954], [-81.3521683600065, 48.677361596896844], [-81.3560088613932, 48.67820889680669], [-81.35891066244093, 48.678849296738555], [-81.36245786372073, 48.67962419665408], [-81.36561686486169, 48.68032399658018], [-81.36873846598964, 48.68101899650771], [-81.37093676680625, 48.681682996482444], [-81.37145176700069, 48.68186299648013], [-81.37156476704322, 48.681901396479454], [-81.37184166713523, 48.68189999646368]]}, "properties": {"OBJECTID": 4328}}, {"type": "Feature", "id": 4340, "geometry": {"type": "LineString", "coordinates": [[-81.44513556954944, 48.50963796685832], [-81.4446240691087, 48.50750226657001], [-81.43366986506031, 48.504250866700836], [-81.37845254461033, 48.48750776730217], [-81.37726474421643, 48.48751166736915], [-81.34077203067108, 48.47619546772391]]}, "properties": {"OBJECTID": 4340}}, {"type": "Feature", "id": 4346, "geometry": {"type": "LineString", "coordinates": [[-81.26905120552162, 48.4656292701471], [-81.26916950568001, 48.46657597028149], [-81.26866120560129, 48.467292570416404], [-81.26845780556731, 48.46755927046741], [-81.26792780547572, 48.46823097059688], [-81.26509280494543, 48.47150097124129], [-81.26335950467116, 48.47389757169439], [-81.26211780453148, 48.476065972086175], [-81.26056950436089, 48.478797572578806], [-81.25842120412689, 48.48260927326549], [-81.25658950392298, 48.48582427384567], [-81.2544962036987, 48.489567574518986], [-81.25339280357444, 48.49149257486673], [-81.25493950450068, 48.49476597526756], [-81.25689780566631, 48.49885257576632], [-81.25856620665655, 48.5023109761877], [-81.2602778076752, 48.505879276622906], [-81.26196450868147, 48.5094142770545], [-81.263702809716, 48.51303597749601], [-81.26534951069412, 48.51645097791182], [-81.26708781173187, 48.52009597835663], [-81.26883951277064, 48.52371257879635], [-81.27058281380887, 48.52734597923899], [-81.27242621490964, 48.531209279710055], [-81.27424281599086, 48.53498758016994], [-81.27609951709657, 48.538852580640295], [-81.27802621824272, 48.542852581126766], [-81.27963951920358, 48.54620928153507], [-81.2812662201774, 48.54963258195248], [-81.28305782123846, 48.55331098239843], [-81.28484952230818, 48.557055982854166], [-81.28665282338548, 48.5608292833134], [-81.28790622413338, 48.56344428363138], [-81.28975282522391, 48.56720598408624], [-81.29167782635054, 48.571045984548306], [-81.29366952751225, 48.574985985021364], [-81.29561122864816, 48.578852585486175], [-81.29759622980845, 48.58279598595991], [-81.29950623092697, 48.58660598641792], [-81.30145783207035, 48.59050098688611], [-81.30336283318185, 48.59426598733751], [-81.30530123431674, 48.59812598780107], [-81.30721953543916, 48.60193928825871], [-81.30915283656992, 48.60577758871911], [-81.31109783770641, 48.60962928918073], [-81.3129012387623, 48.61321598961096], [-81.31470783981962, 48.61680429004114], [-81.31646784085372, 48.62033099046473], [-81.31842284199529, 48.624190990926614], [-81.32030954315289, 48.628354291437134], [-81.3217512441544, 48.6324525919628], [-81.32310284509651, 48.63631929245917], [-81.32439624600141, 48.640044292937695], [-81.32573284693358, 48.64386929342853], [-81.32709454787746, 48.64771929392156], [-81.32847784884439, 48.651692594431516], [-81.32980784977015, 48.65548099491706], [-81.33108125066086, 48.6591409953867], [-81.33234285153843, 48.66272759584601], [-81.33359785241603, 48.66633099630816], [-81.3348428532852, 48.66989259676459], [-81.3361295541832, 48.67357099723586], [-81.33746125511402, 48.67738759772492], [-81.3388262560672, 48.68129099822481], [-81.34015285699364, 48.68508429871058], [-81.3414595579109, 48.6888559991941], [-81.34286285888773, 48.69284099970364], [-81.34423455985335, 48.69681930021391], [-81.34558626079796, 48.700684300708446], [-81.34688786170497, 48.70438430118132], [-81.34821456263903, 48.70822930167414], [-81.34959956360544, 48.71217430217831], [-81.35094626454925, 48.716041002673], [-81.35225626546625, 48.71979260315267], [-81.35362786643365, 48.72377600366296], [-81.35475956733623, 48.727876004203885], [-81.35568286815848, 48.73188930474356], [-81.3566845690457, 48.73620430532317], [-81.35760956986458, 48.74018430585766], [-81.35844127060479, 48.743792606342545], [-81.35929957136062, 48.747452606833484], [-81.36010957207654, 48.75092600729954], [-81.36097127283786, 48.75461760779477], [-81.36184627361335, 48.7583843083002], [-81.36270457437529, 48.76208760879722], [-81.36359957517382, 48.765979309319796], [-81.36424957591787, 48.77008100988692], [-81.36488957667218, 48.77428761047002], [-81.36540287727087, 48.77761101093016], [-81.36604287801693, 48.7817510115032], [-81.36665787874027, 48.78577761206094], [-81.36730287947564, 48.7898193126191], [-81.36790128019182, 48.79383101317536], [-81.36854788093001, 48.797887613735455], [-81.36916458165575, 48.80192431429414], [-81.36980458239981, 48.806041014863254], [-81.37039458310817, 48.81000931541326], [-81.37101128383222, 48.814029315969286], [-81.37167128458384, 48.818149316537465], [-81.37229128529876, 48.82208761708114], [-81.3728978860221, 48.82612431763985], [-81.3735428867506, 48.83010101818756], [-81.37415458747962, 48.83416601874999], [-81.37475788819859, 48.8381743193045], [-81.37538458892793, 48.842201019860276], [-81.37602458966361, 48.84624102041724], [-81.37664459038733, 48.85023932096903], [-81.37725289110152, 48.854192621514855], [-81.37785789180052, 48.85803602204462], [-81.37839959244528, 48.86162262254022], [-81.379002893144, 48.86546602306992], [-81.3796045938507, 48.86937432360913], [-81.38020459453327, 48.873099324121526], [-81.38077629522243, 48.87694762465343], [-81.38137459591918, 48.88078432518214], [-81.38197629660934, 48.88456102570175], [-81.38258789732417, 48.88850102624464], [-81.38321289805744, 48.89254762680229], [-81.38382959876843, 48.896442627338125], [-81.38437789941867, 48.90004432783478], [-81.38496290009597, 48.90375932834589], [-81.38553460076635, 48.90745432885472], [-81.38607460139556, 48.910912629330674], [-81.38663790206171, 48.91459432983791], [-81.38719790272427, 48.91825603034228], [-81.38782960345827, 48.92228263089601], [-81.38842630413941, 48.925991031405005], [-81.38900790482688, 48.929786031927506], [-81.38963290555914, 48.933812632481285], [-81.39041630633898, 48.93779763301997], [-81.39133130715949, 48.94175603354724], [-81.39220790795736, 48.94563763406538], [-81.3931346087851, 48.949619334595205], [-81.39398630956389, 48.95341603510218], [-81.39497131044551, 48.95765933566676], [-81.39579131118573, 48.961239336143635], [-81.39671451201978, 48.96527373668105], [-81.39749131272167, 48.96866763713303], [-81.39831631345962, 48.97221433760455], [-81.39916131422638, 48.975929338099455], [-81.40006791504754, 48.979902638628474], [-81.40094791584104, 48.983731039137815], [-81.40176961658233, 48.98730763961352], [-81.40263291735536, 48.99101934010658], [-81.40353131817066, 48.9949643406316], [-81.40439631895448, 48.998752641135546], [-81.40525791973626, 49.00253264163842], [-81.40612632052044, 49.00631264214083], [-81.40699792130758, 49.01010604264491], [-81.40787792209619, 49.013887643146724], [-81.40873792288345, 49.01770934365543], [-81.40965962371261, 49.02169264418407], [-81.41053962449791, 49.025446044681495], [-81.41139132527346, 49.02919604517998], [-81.41225792605412, 49.03294604567753], [-81.41298462679147, 49.0367210461865], [-81.41365292751506, 49.04053934670508], [-81.41432962824356, 49.04437264722526], [-81.41501292897445, 49.048206047744955], [-81.4156763296953, 49.052012648261865], [-81.41639293045752, 49.05599764880159], [-81.41708133120783, 49.05996264933995], [-81.41775793193898, 49.06381104986188], [-81.41844133268637, 49.06776435039868], [-81.41913633342378, 49.07161105091916], [-81.4197813341267, 49.07532105142253], [-81.42041963481563, 49.078941051913034], [-81.42117293560163, 49.083006052461755], [-81.42179633629112, 49.08666605295887], [-81.42249793706367, 49.090757653514174], [-81.42319133780205, 49.09460935403497], [-81.42390293857824, 49.09870105458955], [-81.42462463936063, 49.10281265514635], [-81.42537464015855, 49.10696935570803], [-81.4260546409005, 49.110877656237506], [-81.42670634161122, 49.11461935674422], [-81.42742634237827, 49.118614357283796], [-81.42809634310176, 49.12240435779641], [-81.42881634385225, 49.126271058317194], [-81.42958794463352, 49.130239358849714], [-81.43037964542802, 49.134256059388], [-81.43117464622776, 49.138302659930424], [-81.4319213469845, 49.14214436044566], [-81.43265634772683, 49.14590606094996], [-81.4334229484795, 49.149664361451805], [-81.43413134920578, 49.15336936194922], [-81.43483964991783, 49.156966062430804], [-81.43555635064229, 49.16063436292225], [-81.43632465141238, 49.16451606344159], [-81.43705465215109, 49.168256063942486], [-81.43776795286091, 49.171819364418695], [-81.43847795358018, 49.17546106490629], [-81.43937135446744, 49.17990766550016], [-81.43982635494191, 49.18234266582722], [-81.44040965553532, 49.185351066230055], [-81.44103465615375, 49.18844266664254], [-81.44179795692123, 49.19230936715941], [-81.44257465770619, 49.19627266768937], [-81.44332135846021, 49.20007766819806], [-81.44411295921424, 49.20376766868746], [-81.44513466007768, 49.20770106919894], [-81.44614466092303, 49.211526069695296], [-81.44713636175602, 49.215302670185636], [-81.44810636256396, 49.21894437065756], [-81.44904136335651, 49.22255767112729], [-81.45002796418515, 49.22631107161426], [-81.45087636489102, 49.22948767202561], [-81.45190466574977, 49.2333610725274], [-81.45294466663097, 49.23737267304846], [-81.45396796747737, 49.241162673538284], [-81.45488136824298, 49.24462107398637], [-81.45587136907601, 49.248392674475305], [-81.45686296990262, 49.2521110749564], [-81.45785637073689, 49.25588107544471], [-81.45878637151522, 49.25938937589877], [-81.45977967234907, 49.26315437638622], [-81.46070967313165, 49.26669267684444], [-81.46167797394145, 49.27033767731582], [-81.46260967473934, 49.273984377789446], [-81.46349967551869, 49.27759607826036], [-81.46441297633157, 49.281399378757506], [-81.46541967722249, 49.285552679299755], [-81.46636137806945, 49.28953767982133], [-81.46735637895038, 49.29364268035706], [-81.46836297984315, 49.297806080900514], [-81.46932968069807, 49.30178438141938], [-81.47018298146396, 49.30537938188936], [-81.47105638223448, 49.30895768235566], [-81.47195638302786, 49.31263938283533], [-81.47279798377598, 49.31612768329036], [-81.47383468469008, 49.32036768384255], [-81.4742863851035, 49.32232768409935], [-81.47525798597506, 49.32641108463253], [-81.47622968683197, 49.33038268514949], [-81.4771696876565, 49.33419108564468], [-81.47810138847869, 49.33800108614046], [-81.47896968925673, 49.34163938661502], [-81.47985299003484, 49.34523938708316], [-81.48085799092554, 49.349374387621324], [-81.48179299175926, 49.35325768812712], [-81.48276969263632, 49.35735938866187], [-81.48374299350151, 49.361379389185025], [-81.48476799440408, 49.36554768972643], [-81.48570639523199, 49.36937439022353], [-81.4866363960641, 49.37325269072844], [-81.48724969676307, 49.3769293912224], [-81.4877329974192, 49.38061109172437], [-81.48819969804484, 49.38410609220045], [-81.48870469872195, 49.38788769271542], [-81.48919799940728, 49.391759393243944], [-81.48970970007639, 49.39546269374717], [-81.49019970074754, 49.39923439426131], [-81.49071300143672, 49.403081094784866], [-81.49122140211608, 49.4068660952998], [-81.491723002796, 49.410671095817875], [-81.49224300348065, 49.414464396333116], [-81.49271800415146, 49.41826609685208], [-81.49324470484355, 49.42209609737205], [-81.49373470549097, 49.42568439785933], [-81.49423140615332, 49.42936609835959], [-81.49466640676258, 49.43280609882861], [-81.49516300741523, 49.43641439931819], [-81.49566640810468, 49.440277699843875], [-81.496191408795, 49.44409270036137], [-81.4966864094707, 49.44787270087538], [-81.49720641016911, 49.45175770140303], [-81.49772801087062, 49.455661101933146], [-81.49825141157584, 49.459586102466105], [-81.49876141226163, 49.46339940298377], [-81.4992747129473, 49.467202703499765], [-81.4997830136308, 49.471001104015194], [-81.50028301431881, 49.47485270453872], [-81.50082471503381, 49.47879940507334], [-81.50135301575142, 49.4827977056161], [-81.50190801647753, 49.48679110615644], [-81.5024397171626, 49.490537706662785], [-81.50294801783679, 49.49426110716697], [-81.50351801856743, 49.49824770770529], [-81.50407141928953, 49.50221110824112], [-81.50458141996495, 49.505936108745274], [-81.50513802067239, 49.50978110926383], [-81.50568142138503, 49.513696109793074], [-81.50617302203976, 49.51731111028223], [-81.50671642275316, 49.52122941081179], [-81.50726302344924, 49.52501111132151], [-81.50780972414026, 49.52875441182567], [-81.50835802485706, 49.5326827123561], [-81.50887142552708, 49.536351112851335], [-81.50940142621698, 49.54012441336048], [-81.50991972688638, 49.54377441385259], [-81.51043972757208, 49.54753941436099], [-81.51096472824625, 49.55120611485501], [-81.51149642894816, 49.55505941537516], [-81.51206972967843, 49.55901771590789], [-81.51262643040853, 49.563014416447], [-81.5131497310958, 49.56677771695455], [-81.51368143178696, 49.57054771746248], [-81.51422303248232, 49.57432271797052], [-81.51476143318166, 49.57813441848386], [-81.51529303387933, 49.58194941899804], [-81.51583643457865, 49.58574611950883], [-81.51637643527535, 49.58953112001806], [-81.51690643598086, 49.59340442054038], [-81.51744473667065, 49.597141121042625], [-81.51789473727462, 49.6004644214909], [-81.51840803792498, 49.60397112196165], [-81.51939143874004, 49.60752442241193], [-81.52077803976478, 49.61161942291619], [-81.52204304070833, 49.61541772338501], [-81.52318304154956, 49.61877272379774], [-81.52446804250424, 49.622601124269586], [-81.52569974342094, 49.62628112472319], [-81.52698474437004, 49.63006612518865], [-81.52828144533169, 49.63391272566213], [-81.52954304627184, 49.637687726127275], [-81.53076974718046, 49.64131612657352], [-81.53203644811815, 49.645057727033496], [-81.53330304905431, 49.64878772749168], [-81.53454474998394, 49.65252942795296], [-81.53581475092204, 49.65626272841125], [-81.53705305184283, 49.65994612886421], [-81.53830975277428, 49.66366112932052], [-81.53951805367566, 49.667274429765115], [-81.54076645460579, 49.670997730222915], [-81.54211305560274, 49.6749661307098], [-81.54337975654111, 49.678702731168286], [-81.54465305748724, 49.68247773163175], [-81.54592645843643, 49.6862744320982], [-81.54718145937164, 49.69001273255727], [-81.54846806032201, 49.69378273301901], [-81.54973806126671, 49.69755113348138], [-81.55105806224557, 49.70144443395847], [-81.55230306317392, 49.705152734413566], [-81.5535780641183, 49.7089027348727], [-81.55483806505595, 49.71263943533083], [-81.55609806599328, 49.7163727357883], [-81.55742146697732, 49.72028943626809], [-81.5586680679036, 49.723972736719105], [-81.5599530688574, 49.727761137182675], [-81.56126476983647, 49.731666137661236], [-81.56256807079902, 49.735471138125966], [-81.56388147177508, 49.739347738600195], [-81.56519807275212, 49.743222739073886], [-81.5665280737371, 49.747121139550025], [-81.56784147472287, 49.751064440033396], [-81.56916477570127, 49.754929440505045], [-81.57050647670566, 49.75893614099558], [-81.57166307760829, 49.76265614145608], [-81.57276307848028, 49.76629114190777], [-81.57381977933318, 49.76989274235707], [-81.57493808021718, 49.77356774281321], [-81.57598308105791, 49.77710774325433], [-81.57711148195665, 49.78086274372103], [-81.57829148289728, 49.78479444420961], [-81.57942148379753, 49.78855444467675], [-81.5805297846858, 49.7922794451401], [-81.58168148560917, 49.7961511456216], [-81.58279808649894, 49.79986444608265], [-81.58392808740007, 49.80362614654966], [-81.58503648828693, 49.80733614701053], [-81.5861930892082, 49.81117614748689], [-81.58731979011468, 49.814981147959955], [-81.58849809105025, 49.81886944844177], [-81.5896664919873, 49.82279114892873], [-81.59079309288389, 49.82652114939095], [-81.59189979377133, 49.83023274985159], [-81.59299809466008, 49.833972750316725], [-81.59413809555723, 49.83767115077339], [-81.59529309649223, 49.841604451262356], [-81.5964530974064, 49.84537445172783], [-81.59741649817715, 49.84858775212602], [-81.59869979857359, 49.848322752014155], [-81.5988114986723, 49.848762752069796], [-81.59903309886434, 49.84960775217634], [-81.59921979903184, 49.850361152271965]]}, "properties": {"OBJECTID": 4346}}, {"type": "Feature", "id": 4373, "geometry": {"type": "LineString", "coordinates": [[-81.61615173306882, 48.56274966511429], [-81.61713123315437, 48.56088006478253], [-81.61830803339679, 48.55972396454513], [-81.61862573342839, 48.55914746444189], [-81.61824763274211, 48.55476596381504], [-81.61789573234056, 48.55254026350557], [-81.61756053211927, 48.5516797633971], [-81.61668593173786, 48.55096586334077], [-81.6135308305188, 48.54961736331914], [-81.61210212981614, 48.547828463135005], [-81.60830742848646, 48.54727366326678], [-81.60700442800919, 48.54692126328808], [-81.60428012690522, 48.54535466320976], [-81.59759172492072, 48.5471860638578], [-81.58760852132163, 48.54493796408745], [-81.58248431920278, 48.54165846389047], [-81.58019381824249, 48.54008906378708]]}, "properties": {"OBJECTID": 4373}}, {"type": "Feature", "id": 4374, "geometry": {"type": "LineString", "coordinates": [[-81.33757132433482, 48.43434136167349], [-81.32341691980925, 48.43570896266574]]}, "properties": {"OBJECTID": 4374}}, {"type": "Feature", "id": 4375, "geometry": {"type": "LineString", "coordinates": [[-81.6033543320235, 48.58773796953104], [-81.60706893354097, 48.58995826964965]]}, "properties": {"OBJECTID": 4375}}, {"type": "Feature", "id": 4464, "geometry": {"type": "LineString", "coordinates": [[-80.87692112612781, 48.871646052027906], [-80.87993272738929, 48.87363435215382], [-80.88293942864858, 48.87561765227923], [-80.88610442997329, 48.87769765241008], [-80.88935773133672, 48.879849352546444], [-80.89241943261779, 48.88185765267232], [-80.89560613393911, 48.883852652789265], [-80.89881613527017, 48.885862652907036], [-80.90193613656353, 48.88781265302096], [-80.9051927379144, 48.88985435314072], [-80.9083561392256, 48.89182935325574], [-80.9115727405592, 48.89383935337297], [-80.91473774187082, 48.89581265348755], [-80.91805274324595, 48.89788935360902], [-80.92131444459783, 48.89992265372694], [-80.9247644460283, 48.902077653852245], [-80.92819274745032, 48.90422265397728], [-80.93154444884037, 48.90631765409911], [-80.93480945019422, 48.9083560542174], [-80.93831445164642, 48.910534354342815], [-80.9414877529364, 48.91231265442786], [-80.94513775439334, 48.914147654494705], [-80.94884945585656, 48.91586935454134], [-80.95234775723361, 48.917476054582956], [-80.95586115861721, 48.91909435462534], [-80.95943116002263, 48.92073435466772], [-80.96299116142322, 48.92236265470891], [-80.96673776290001, 48.92409765475537], [-80.97052446439069, 48.92583605479995], [-80.974647766014, 48.92772935484856], [-80.97828946744791, 48.92940265489157], [-80.9818194688385, 48.93102935493394], [-80.98555447031013, 48.93275265497898], [-80.98876117165173, 48.93484105510697], [-80.99180617292927, 48.936851055232395], [-80.99491447423017, 48.93887765535672], [-80.99807117555288, 48.94094765548464], [-81.0012444768834, 48.94303435561404], [-81.00462777829948, 48.945239355749024], [-81.00778277962313, 48.947319355878285], [-81.01143948115622, 48.94972105602676], [-81.01471118252678, 48.95186105615825], [-81.01791118386808, 48.95395935628753], [-81.02109778520345, 48.95604605641582], [-81.02409118645797, 48.95800605653625], [-81.02717448775047, 48.9600276566606], [-81.03021948902668, 48.962021056782945], [-81.0332494902955, 48.96399605690338], [-81.03655119168091, 48.96616935703763], [-81.04030279325248, 48.96861765718705], [-81.04378279471369, 48.970914357329306], [-81.04691619602471, 48.97294605745205], [-81.04999449731591, 48.97496605757603], [-81.05274619845734, 48.97667265767238], [-81.0559461997847, 48.97865605778412], [-81.05906120107628, 48.98058265789224], [-81.06227450240878, 48.98257105800391], [-81.06538950370033, 48.98449605811172], [-81.06865450505568, 48.98652605822645], [-81.07180620636173, 48.98846765833454], [-81.07477280759188, 48.99030105843703], [-81.0778345088697, 48.99225605855201], [-81.08112621024412, 48.99436265867622], [-81.08442451162063, 48.996467658799816], [-81.0874878129, 48.99842935891548], [-81.090596214198, 49.00041765903248], [-81.09372281550384, 49.00241935915035], [-81.09686951681779, 49.00443105926856], [-81.09991281808811, 49.00637265938223], [-81.10297451936725, 49.008334359497724], [-81.10596122061466, 49.01024435960982], [-81.10918622196242, 49.0123126597317], [-81.1122262232334, 49.01426605984703]]}, "properties": {"OBJECTID": 4464}}, {"type": "Feature", "id": 4466, "geometry": {"type": "LineString", "coordinates": [[-80.67233884448434, 48.7677098479625], [-80.67233604448418, 48.767716047963525], [-80.66917264360531, 48.76915264834975], [-80.67007934400608, 48.769926048414504], [-80.6738810455094, 48.77175934847723], [-80.67720934681967, 48.773317648525165], [-80.68164264843428, 48.77435264843498], [-80.68581434995312, 48.775322648349515], [-80.68883105104727, 48.77599104828274], [-80.69236605226259, 48.776242648125795], [-80.69573265341793, 48.77646604797396], [-80.69968605477433, 48.776726047795215], [-80.70339765604723, 48.77696604762683], [-80.70842435777156, 48.77729434739914], [-80.71260265918701, 48.77742604718898], [-80.71676266059593, 48.77755434697932], [-80.72089436199533, 48.77768264677113], [-80.72563936360311, 48.777836046532954], [-80.72973606498927, 48.77795264632487], [-80.73208436594979, 48.77933764640057], [-80.73552436736057, 48.78139604651579], [-80.73923606888305, 48.783617646640096], [-80.7422793701307, 48.78543434674124], [-80.74572937154659, 48.787504346857425], [-80.74926937299789, 48.789616046974736], [-80.75231107424479, 48.7914293470753], [-80.75578767567058, 48.79350604719086], [-80.75937267714139, 48.79565104731041], [-80.76213767827456, 48.797296047401204], [-80.76539607961172, 48.79924764751006], [-80.76884108102487, 48.801306047624394], [-80.77209438235795, 48.80323764773047], [-80.77528768366757, 48.8051426478359], [-80.77873608508229, 48.80720264795004], [-80.78215108648358, 48.809244348063324], [-80.78535108779691, 48.81115934816966], [-80.78757608872701, 48.812624348263356], [-80.79026608985326, 48.814409348378526], [-80.79326769110878, 48.816391048505515], [-80.79639939242034, 48.81847104863979], [-80.79959109375521, 48.82057604877441], [-80.80279609509657, 48.82269604891043], [-80.80605939646122, 48.824846049047636], [-80.80893269766422, 48.82674934916986], [-80.8120043989499, 48.82878104930003], [-80.81507610023588, 48.83081434943038], [-80.81819770154158, 48.832871049561405], [-80.82137110287043, 48.834972649696134], [-80.82446270416435, 48.83701434982649], [-80.8276344054921, 48.83911104996044], [-80.83081440682331, 48.84121265009462], [-80.83395770813935, 48.843291050227364], [-80.837117709463, 48.8453843503613], [-80.84024441077068, 48.847439350491385], [-80.84336941207891, 48.849502650622696], [-80.84648271338246, 48.85155935075367], [-80.84892111440352, 48.853171050856346], [-80.85204111570924, 48.85522605098656], [-80.8551677170176, 48.85728435111685], [-80.85827441831964, 48.85934435124848], [-80.8614194196364, 48.861419351380114], [-80.8645944209648, 48.863506051511735], [-80.86758442221756, 48.86548435163756], [-80.87063442349557, 48.867502651765975], [-80.87379942482144, 48.86959435189873], [-80.87692112612781, 48.871646052027906]]}, "properties": {"OBJECTID": 4466}}, {"type": "Feature", "id": 4467, "geometry": {"type": "LineString", "coordinates": [[-80.89372743164333, 48.87077135096792], [-80.89373943158533, 48.8702843508956], [-80.89376273156259, 48.870044350858954], [-80.89306443132901, 48.87004605089789], [-80.89087113059452, 48.8700443510192], [-80.88809112966355, 48.87004265117303], [-80.88532612873824, 48.8700460513267], [-80.88257272781664, 48.87004765147951], [-80.88009942698831, 48.870046051616264], [-80.8787327265305, 48.87004435169174], [-80.87736442607107, 48.87003435176604], [-80.87729272618942, 48.8711526519347], [-80.87667772602596, 48.87148605201785], [-80.87692112612781, 48.871646052027906]]}, "properties": {"OBJECTID": 4467}}, {"type": "Feature", "id": 4699, "geometry": {"type": "LineString", "coordinates": [[-81.31627784728056, 48.671269298007516], [-81.31562284734602, 48.67349099837241], [-81.31497954741266, 48.67569099873342], [-81.31433954748205, 48.67790429909618], [-81.31369784754966, 48.68010759945749], [-81.31315454761709, 48.6820525997752], [-81.31313954787007, 48.68407260007435], [-81.31315124815558, 48.68627760039926], [-81.3131478484316, 48.688447600719904], [-81.31315454871718, 48.69066600104708], [-81.31315954899782, 48.69284930136915], [-81.3131562492755, 48.695031001691376], [-81.31315954955562, 48.69721430201345], [-81.31315784983407, 48.699397602335814], [-81.31314285011096, 48.701602602662085], [-81.31314625039589, 48.703822602989554], [-81.31313285066528, 48.70596430330632], [-81.31313625095268, 48.70820260363641], [-81.31313785118687, 48.71002930390588], [-81.31312625146288, 48.712217604229366], [-81.31312955175099, 48.71446100456014], [-81.31312125203334, 48.71668930488926], [-81.3131228523216, 48.718937605220795], [-81.31312955261455, 48.72120930555549], [-81.31312785289369, 48.72339430587781], [-81.31313125315708, 48.72544260617969], [-81.31313125344559, 48.727696006512005], [-81.31313285372674, 48.72988760683499], [-81.31312955401339, 48.73213430716642], [-81.31313455429625, 48.734329307489766], [-81.31313625457908, 48.73653260781446], [-81.31312955485613, 48.738712608136126], [-81.31313955514761, 48.74096100846699], [-81.31313955540179, 48.742944308759284], [-81.31313955565984, 48.74495760905596], [-81.313141255945, 48.747177609382966], [-81.31313955622993, 48.7494043097112], [-81.31312955650162, 48.75154931002778], [-81.31314125677764, 48.75367101033968], [-81.31313955707209, 48.75597101067855], [-81.31314955733646, 48.75800601097779], [-81.31313785760844, 48.76015601129509], [-81.31314955788754, 48.762301011610376], [-81.3131412581455, 48.76433261190998], [-81.31314125840541, 48.766357612208154], [-81.31318955871419, 48.768637612541205], [-81.31319285900801, 48.770917612876715], [-81.31320455930192, 48.773176013208555], [-81.31320285958917, 48.775417613538615], [-81.31321625988306, 48.777671013869515], [-81.31321626017123, 48.77991431419975], [-81.313227860464, 48.78216261452995], [-81.31323456073197, 48.784231014834006], [-81.3132295610079, 48.78639101515214], [-81.31324626130287, 48.78864261548247], [-81.31324626159746, 48.790934315819655], [-81.31314786185027, 48.79315601615202], [-81.31303626209824, 48.79537431648459], [-81.31293456235178, 48.7976093168191], [-81.31284126260618, 48.799829317150824], [-81.3128312628933, 48.80208761748353], [-81.31283626318192, 48.80431761781118], [-81.31283626346713, 48.80653431813716], [-81.31285126376551, 48.80881431847154], [-81.31284286404885, 48.81103761879892], [-81.31285126434516, 48.81331761913362], [-81.31286456465044, 48.81565431947638], [-81.3128645649378, 48.81788601980439], [-81.31285786523515, 48.82021262014674], [-81.3128628655322, 48.82250602048354], [-81.31285956583315, 48.824851020828305], [-81.31287626610776, 48.826939321134226], [-81.3133345665394, 48.82910262142635], [-81.31381786699646, 48.83139762173636], [-81.3143028674536, 48.8336893220458], [-81.31479626791992, 48.83602932236182], [-81.31528956838208, 48.83833762267314], [-81.31576626883799, 48.84063932298442], [-81.31624786929169, 48.84291102329095], [-81.31671286972842, 48.84509432358544], [-81.31715627014366, 48.8471660238647], [-81.31765957061639, 48.849527624183125], [-81.31813627106601, 48.85177932448694], [-81.31860957151697, 48.854049324793515], [-81.31909457197378, 48.8563343251017], [-81.31956957242238, 48.85858102540473], [-81.32006457288631, 48.860894325716366], [-81.3204995733105, 48.86305432600891], [-81.32036287343254, 48.86435262620711], [-81.32021287355239, 48.86566762640846], [-81.31994787375548, 48.86792432675451], [-81.31969787395113, 48.87008432708547], [-81.31944627414498, 48.872234327414986], [-81.31919957434309, 48.87440432774722], [-81.31893127454651, 48.876671028094734], [-81.31866957474958, 48.87891762843899], [-81.31841457494698, 48.88110262877379], [-81.31816627514294, 48.883259329104014], [-81.31789457535318, 48.885586029460434], [-81.31763287555616, 48.887831029804346], [-81.31735957576439, 48.890146030159116], [-81.31710457596347, 48.89234263049547], [-81.31682787616651, 48.894626030845785], [-81.31656957636821, 48.89685103118645], [-81.31632127656164, 48.89898603151335], [-81.31603127674848, 48.90117763185079], [-81.31456957650786, 48.90308933221325], [-81.31302457624592, 48.905051032587615], [-81.31150287598891, 48.906991032957485], [-81.30996287572884, 48.9089543333318], [-81.30836957545719, 48.91096603371619], [-81.30677457518713, 48.91299433410311], [-81.30518287491688, 48.9150126344883], [-81.30364957465687, 48.916959334859754], [-81.30212627439806, 48.91888933522814], [-81.30067127415403, 48.920757635583655], [-81.2990845738814, 48.92274433596395], [-81.29749787361646, 48.92479103635293], [-81.2959378733497, 48.926754336728216], [-81.29433957307832, 48.9287810371149], [-81.2927128727985, 48.9308160375044], [-81.2911745725405, 48.932791037880136], [-81.2896178722772, 48.93477263825787], [-81.28802457200705, 48.936796038643706], [-81.28654457175688, 48.93868103900295], [-81.28511127151296, 48.940494339349], [-81.28358287125306, 48.942429339718224], [-81.28199627098537, 48.944454340103896], [-81.28045457072166, 48.94639434047456], [-81.27885287045065, 48.94843264086296], [-81.27726287018052, 48.950447641247315], [-81.27572456991795, 48.952387641617726], [-81.27407786963776, 48.95447104201524], [-81.27265126940624, 48.956362642372305], [-81.272274569543, 48.95838764268977], [-81.27193126971194, 48.96057434302898], [-81.27157456987554, 48.96275434336797], [-81.27121287002795, 48.964861043696445], [-81.27087457019651, 48.96703104403292], [-81.27055457035448, 48.96907264434952], [-81.27022127050725, 48.97110764466586], [-81.26988287065872, 48.97314604498301], [-81.26955457081513, 48.975196045301246], [-81.26925287097977, 48.977241045617234], [-81.2694128713138, 48.97940104592405], [-81.26959627166222, 48.98161104623682], [-81.26978457201162, 48.98381604654857], [-81.26997957235619, 48.98596604685188], [-81.27017957272976, 48.98832604718559], [-81.27036787307064, 48.99046434748745], [-81.27051957339089, 48.992537647781894], [-81.27031957360607, 48.99470764811029], [-81.27011127381358, 48.9968393484335], [-81.2698728740288, 48.99910764877829], [-81.26967457423383, 49.00119434909433], [-81.26944457445867, 49.003514349446185], [-81.2692128746884, 49.0058760498042], [-81.26900457488307, 49.007907650112685], [-81.26878787510138, 49.010142650451286], [-81.2685862753176, 49.012322650781016], [-81.26865787563291, 49.01456105110387], [-81.2687378759519, 49.016806051427174], [-81.26881787628419, 49.01915265176524], [-81.26890457662006, 49.02150935210441], [-81.26898627695475, 49.02386935244433], [-81.26907457727476, 49.02609935276486], [-81.26912287756602, 49.02821105307036], [-81.26893627777153, 49.03026765338101], [-81.26870287798398, 49.03249765371961], [-81.26847957819204, 49.03466765404886], [-81.26824127840037, 49.03687765438473], [-81.26801127861474, 49.03911265472379], [-81.26779627882848, 49.04130435505566], [-81.26759787902093, 49.04328935535641], [-81.26737957922386, 49.04540605567744], [-81.26717787944197, 49.04759605600823], [-81.26770287988984, 49.049682656282954], [-81.26825458035282, 49.05181605656302], [-81.26884128084556, 49.05408765686118], [-81.26940128131642, 49.05625935714628], [-81.26994628177492, 49.05837435742392], [-81.27052958226253, 49.060614357717576], [-81.27108128272815, 49.06276605800016], [-81.27164958320085, 49.06492935828346], [-81.27215628363389, 49.06694605854882], [-81.27216458390984, 49.069037658853155], [-81.27217288420456, 49.071272659178376], [-81.27216458449185, 49.07349265950236], [-81.27216628478685, 49.07574605983062], [-81.27216958508482, 49.07801766016137], [-81.27217958538382, 49.080279360490316], [-81.27217958567054, 49.082472660809806], [-81.27216288595345, 49.08467936113215], [-81.27217788622737, 49.086736061430884], [-81.27217128650915, 49.08890766174751], [-81.27215958680154, 49.09117266207798], [-81.27216288709849, 49.09343436240716], [-81.27215628739522, 49.0957193627402], [-81.27215128768704, 49.09796266306712], [-81.27218788798704, 49.10016106338511], [-81.27257788831004, 49.10163106357707], [-81.272617888527, 49.10318606380113], [-81.27281788881042, 49.10483936403054], [-81.27350628917672, 49.105876064142564], [-81.27416958952281, 49.10682266424287], [-81.27408528959555, 49.107593964359864], [-81.2744225897366, 49.107808364372026], [-81.2743655897677, 49.10819136443097], [-81.2743085897795, 49.108427364468575], [-81.273657589571, 49.10850036451595]]}, "properties": {"OBJECTID": 4699}}, {"type": "Feature", "id": 4700, "geometry": {"type": "LineString", "coordinates": [[-81.29169622155806, 48.53313097892134], [-81.29010452139222, 48.53600427943669], [-81.28862282123852, 48.53868427991718], [-81.28695782099842, 48.54116258037792], [-81.2848228206499, 48.54401928092102], [-81.28327452039208, 48.54605098130895], [-81.28125782006438, 48.548760981823605], [-81.27967781979768, 48.5508059822152], [-81.27783451949034, 48.55322098267635], [-81.27576621915408, 48.55599928320394], [-81.27572951950523, 48.55887098363209], [-81.27570451992703, 48.56226928413766], [-81.27569282031976, 48.56540258460313], [-81.27568282066952, 48.56819098501726], [-81.27565952102815, 48.57108428544766], [-81.27564452139042, 48.57398428587856], [-81.27730622227672, 48.576617586176354], [-81.27894282315837, 48.57927928647967], [-81.28061622405333, 48.58194928678215], [-81.2822462249262, 48.5845575870778], [-81.28385622579054, 48.58715098737237], [-81.28555282669797, 48.589855987678554], [-81.28731282764029, 48.59266928799722], [-81.28885452846951, 48.59516258828061], [-81.29037452928253, 48.59758428855448], [-81.29187623008737, 48.599989288826926], [-81.29299783068836, 48.6017842890302], [-81.2949895317552, 48.60496758939044], [-81.29699283282473, 48.608140989748485], [-81.29858123365618, 48.610525990012924], [-81.29965453418843, 48.61190429015705], [-81.30123453496425, 48.61387259036024], [-81.30278453572676, 48.61581429056105], [-81.3043528364975, 48.61777259076331], [-81.30596123729057, 48.619800990973616], [-81.30753783806486, 48.621764291176085], [-81.30909453883316, 48.62373259138037], [-81.31056453955507, 48.625562591569015], [-81.31203784028223, 48.62742429176213], [-81.31352284101222, 48.62927759195332], [-81.3149928417349, 48.63111259214256], [-81.31646624246241, 48.63297599233582], [-81.31795454319236, 48.63481929252527], [-81.31941624391455, 48.63667099271744], [-81.32088784463988, 48.638520992908724], [-81.32236784536758, 48.64036759309899], [-81.32237124552925, 48.64162759328514], [-81.32237454561742, 48.64231099338602], [-81.32237284586768, 48.644279293677165], [-81.32236954611547, 48.6462325939662], [-81.32238624637232, 48.648204294256814], [-81.32236284661305, 48.650154294546375], [-81.3218228466851, 48.65212929486859], [-81.32118284675025, 48.65431099522689], [-81.32055454681884, 48.656489295584066], [-81.31992284688701, 48.65867259594208], [-81.3192812469519, 48.660855996300725], [-81.31864284701851, 48.66304429665984], [-81.31807624708328, 48.66503099698512], [-81.31752784714656, 48.66695759730049], [-81.31688784721439, 48.669159297661615], [-81.31627784728056, 48.671269298007516]]}, "properties": {"OBJECTID": 4700}}, {"type": "Feature", "id": 5313, "geometry": {"type": "LineString", "coordinates": [[-81.16537495260326, 48.31761125379545], [-81.1647535523271, 48.317047653745355], [-81.1645270522147, 48.316747653712966], [-81.16249805153255, 48.31667525381421], [-81.16125745109781, 48.316489153854924], [-81.16069365090148, 48.31641465387486], [-81.15979045054125, 48.31592675385169], [-81.15911325027, 48.31555205383298], [-81.15819194990915, 48.31510725381727], [-81.15674054935955, 48.31455915381535], [-81.15455914853409, 48.313739853813125], [-81.15225064772729, 48.313410653891296], [-81.15082964724454, 48.31331985395615], [-81.14973394691312, 48.31357875405545], [-81.14948694683505, 48.31361005407376], [-81.14801834628024, 48.31306595407334], [-81.14618044566177, 48.31299625416439], [-81.1452876454884, 48.31398625436198], [-81.1449404454441, 48.314557854466784], [-81.14442484532813, 48.315001754561735], [-81.14372574520013, 48.315839854725866], [-81.14298914503225, 48.31645635485886], [-81.14202994474465, 48.31670375494889], [-81.13899554378007, 48.317044955167525], [-81.13808124350824, 48.31729955525613], [-81.13715824319904, 48.31727605530355], [-81.13582624277376, 48.31741095539726], [-81.13470414239863, 48.31738845545583]]}, "properties": {"OBJECTID": 5313}}, {"type": "Feature", "id": 5340, "geometry": {"type": "LineString", "coordinates": [[-81.11182116287081, 48.542202590269405], [-81.11180946280032, 48.5416725901913], [-81.11181276272384, 48.54105599009945], [-81.11181446259769, 48.540047589949445], [-81.11178116228052, 48.537612589589216], [-81.10869116125102, 48.53760428975926], [-81.10526446011174, 48.537614289950675], [-81.10282615930076, 48.537619290086504], [-81.09918275808762, 48.53761599028788], [-81.09498615669112, 48.53761929052086], [-81.09073115527471, 48.53761929075654], [-81.08709775406456, 48.53761429095706], [-81.08348775286296, 48.53761599115721], [-81.08104275204968, 48.53762099129331], [-81.07841275117454, 48.53762429143942], [-81.07481614997843, 48.537634291640046], [-81.07103614863401, 48.53694929174737], [-81.0671027472387, 48.53626599186343], [-81.0630494457999, 48.535554291981846], [-81.05911944440507, 48.53486599209691], [-81.05517774300634, 48.53417759221256], [-81.05122944160523, 48.533487592328264], [-81.047167740164, 48.53277929244753], [-81.04330273879312, 48.53210929256155], [-81.03926273735888, 48.53139929267928], [-81.03590273616615, 48.53080929277716], [-81.03197613477617, 48.53015099289624], [-81.02891273391722, 48.53143759325703], [-81.02591113307362, 48.532682593608136], [-81.02229943203875, 48.53402259400714], [-81.0192111311543, 48.53517259434891], [-81.0161127302658, 48.53631759469049], [-81.01315942941935, 48.5374125950166], [-81.01014272855465, 48.53853099534966], [-81.00730612774237, 48.53958929566377], [-81.00352772665894, 48.54098759608053], [-80.99991112561935, 48.54230599647642], [-80.99653612465495, 48.54358259685277], [-80.9935111237885, 48.54471099718767], [-80.9900827228058, 48.54598429756639], [-80.98650112177782, 48.54730429796053], [-80.98301612077991, 48.54860759834682], [-80.98132442029474, 48.54923429853344], [-80.9781744193902, 48.55039259887961], [-80.97539441859746, 48.55145929919176], [-80.97203611763825, 48.55273599956706], [-80.9690227167801, 48.553902599906856], [-80.96593441590933, 48.555167600265456], [-80.96293611506536, 48.55640760061536], [-80.95983111419079, 48.55768760097707], [-80.95660611328269, 48.55901930135307], [-80.95372111246989, 48.56020760168899], [-80.95006441143926, 48.561711002114315], [-80.94637111039954, 48.563239302545355], [-80.94291940942814, 48.56467100294868], [-80.93962770849922, 48.5660160033302], [-80.93639770758972, 48.5673526037071], [-80.93310770666167, 48.56870100408909], [-80.92989110575554, 48.570029304463944], [-80.92666270484625, 48.5713643048405], [-80.92349940395324, 48.572656005206944], [-80.92006270298504, 48.57407600560754], [-80.91753110227145, 48.57511930590222], [-80.91439270138426, 48.57639260626457], [-80.91157940059982, 48.57762100660227], [-80.90845939974103, 48.57907260699006], [-80.90550269893475, 48.5805093073666], [-80.90274269817964, 48.5818310077152], [-80.90035439752724, 48.58298260801804], [-80.89761109678287, 48.58434600837184], [-80.8931876953892, 48.58499930871263], [-80.88927269415736, 48.58559100901624], [-80.88654939329982, 48.585997609226624], [-80.88248609203865, 48.58675100956238], [-80.87866609085397, 48.58746760987928], [-80.87482608966408, 48.588196010198935], [-80.87065608837027, 48.58897431054421], [-80.86688268720037, 48.589686010857726], [-80.86370768621464, 48.59027431111993], [-80.85953608492053, 48.5910560114657], [-80.85516608356494, 48.59187601182802], [-80.85184108253276, 48.59249431210287], [-80.84880108158941, 48.59306261235459], [-80.84488108037384, 48.593802612680236], [-80.84105937918746, 48.59451431299624], [-80.83693937791148, 48.5953060133405], [-80.83306937672906, 48.59617931368315], [-80.82927437557117, 48.59704931402117], [-80.82594437455623, 48.59782101431893], [-80.82209107337964, 48.5986976146611], [-80.81837267224591, 48.59955761499333], [-80.81480937115998, 48.60038601531231], [-80.81167607020421, 48.601107615591786], [-80.80911436942236, 48.60169431581976], [-80.8059793685769, 48.603304316231394], [-80.80244606762423, 48.605121016695634], [-80.79950766683241, 48.60663601708237], [-80.79629766596886, 48.60830261750647], [-80.79307936509974, 48.609947617927816], [-80.78981606421974, 48.61162601835659], [-80.78643436330722, 48.613361018800255], [-80.78305266239524, 48.61510101924467], [-80.77977936151278, 48.616787619675115], [-80.77642606060728, 48.61850432011441], [-80.77451766009231, 48.61948432036488], [-80.77209765944106, 48.62074102068456], [-80.76973265881392, 48.622044321008154], [-80.76670105800902, 48.62370762142176], [-80.76377605723347, 48.6253210218221], [-80.76110435652551, 48.62679762218828], [-80.75820105575526, 48.62839602258518], [-80.75457605479383, 48.63039432308113], [-80.75236765420735, 48.631606023382396], [-80.74905105332971, 48.63345102383859], [-80.74647265264396, 48.6348576241891], [-80.74388435195796, 48.63628932454383], [-80.74082265114455, 48.63796762496121], [-80.73773605032548, 48.639667625383126], [-80.73505934961545, 48.641144325749394], [-80.73188764877328, 48.64288762618239], [-80.72965764818083, 48.644111026486485], [-80.72703104748346, 48.64555602684524], [-80.7244510467946, 48.646944327193026], [-80.72335264650329, 48.64755102734339], [-80.72005434563148, 48.64939762779855], [-80.71737434492033, 48.65087602816515], [-80.71441604413447, 48.6525010285688], [-80.71162264338909, 48.65400932894598], [-80.71007264300604, 48.65509102919168], [-80.7092814428081, 48.65562412931425]]}, "properties": {"OBJECTID": 5340}}, {"type": "Feature", "id": 5343, "geometry": {"type": "LineString", "coordinates": [[-80.68045003065512, 48.63545562789556], [-80.68177103106993, 48.63524102779136], [-80.68356103163109, 48.63494262764898], [-80.68567103229456, 48.63460762748371], [-80.68774933294685, 48.63426762731935], [-80.68983103359963, 48.633922627154085], [-80.69147433411524, 48.63365262702399], [-80.69380263484665, 48.63327762684072], [-80.69590263550529, 48.632931026674186], [-80.6981326362059, 48.632572626498806], [-80.70029603688366, 48.632209326326304], [-80.70269603763589, 48.63180932613537], [-80.70443103818118, 48.63153262599922], [-80.70552103852384, 48.63135932591373], [-80.7074143391181, 48.631051025764194], [-80.70964103981544, 48.63067602558646], [-80.71190604052642, 48.63030762540762], [-80.71389434115092, 48.629987625251076], [-80.71602434181816, 48.629631025081366], [-80.71787104239765, 48.62932932493529], [-80.71982934301268, 48.62901432478116], [-80.72185934364884, 48.6286760246196], [-80.72415104436821, 48.62830432443877], [-80.72621764501648, 48.6279660242752], [-80.72852604574076, 48.62758932409267], [-80.73073764643313, 48.62721602391595], [-80.73296104713167, 48.62686102374126], [-80.73516934782434, 48.626499323566456], [-80.7373893485217, 48.62614432339193], [-80.73970934924935, 48.62576432320822], [-80.74141434978382, 48.62548262307283], [-80.74317765033629, 48.62518932293252], [-80.74539935103272, 48.62482262275618], [-80.74702435154249, 48.624557622627655], [-80.74908435218886, 48.624222622464856], [-80.75147265293695, 48.62382432227466], [-80.75300605341774, 48.623572622153105], [-80.75532765414624, 48.62319602196976], [-80.75732435477282, 48.62287262181213], [-80.75951765546009, 48.62250932163778], [-80.76170605614698, 48.6221560214652], [-80.76388935683266, 48.6218076212936], [-80.76606935751607, 48.62144932112069], [-80.76820605818413, 48.62108432094919], [-80.77026605883077, 48.62075262078681], [-80.7721076594096, 48.6204626206426], [-80.773662659828, 48.61965432043713], [-80.77497766018314, 48.61898102026482], [-80.77622436051891, 48.61833602010048], [-80.77807936101897, 48.61737931985645], [-80.78005936155367, 48.61636601959707], [-80.78203766208772, 48.61535261933777], [-80.78371436253902, 48.61448261911639], [-80.78562106305354, 48.61350431886621], [-80.7873726635256, 48.61260101863572], [-80.78923766402868, 48.61164261839086], [-80.79092436448384, 48.61077761816958], [-80.7927493649756, 48.609836017929375], [-80.79463266548352, 48.608867617681916], [-80.79655766600382, 48.6078876174305], [-80.79837766649345, 48.60694261719002], [-80.79987606689673, 48.60616601699225], [-80.80163606737085, 48.605257616760476], [-80.80324436780474, 48.604432616549424], [-80.80520606833292, 48.60341761629072], [-80.80700106881721, 48.602497616055295], [-80.80877766929603, 48.60158261582166], [-80.81074766982894, 48.60058431556498], [-80.81261437033028, 48.59960931531738], [-80.81462607095519, 48.59923601515134], [-80.81676937162021, 48.59883261497362], [-80.81888437227455, 48.598419314795876], [-80.82110767296565, 48.598011014612986], [-80.82289107352045, 48.59768761446692], [-80.82508107420017, 48.597277614285545], [-80.82697937478943, 48.59692261412846], [-80.82914937546244, 48.59651261394816], [-80.83110107606863, 48.596151013787136], [-80.8333193767575, 48.595739313603936], [-80.8355126774374, 48.59532261342143], [-80.83750607805683, 48.59495601325731], [-80.83967437872982, 48.594551013077854], [-80.84180937939233, 48.594151012900966], [-80.84394608005451, 48.593744312723004], [-80.846352680802, 48.59329931252445], [-80.84848768146485, 48.592902612348034], [-80.85069608214965, 48.592486012164635], [-80.85218768261238, 48.59220601204097], [-80.85388108313828, 48.59189261190117], [-80.85619768385496, 48.59144261170682], [-80.85856768459175, 48.591011011512286], [-80.86064438523634, 48.59062431134049], [-80.86305768598422, 48.59016601113957], [-80.8652626866678, 48.58974931095624], [-80.8674060873341, 48.58935931078032], [-80.86964268802632, 48.58892761059307], [-80.87194938874254, 48.58850101040265], [-80.8743260894806, 48.58806261020663], [-80.87640769012667, 48.587676010034556], [-80.87869109083401, 48.5872410098442], [-80.88064109143903, 48.58687760968282], [-80.88264109205889, 48.58649930951644], [-80.88501609279523, 48.58605260931926], [-80.88740939354294, 48.58564760912724], [-80.88903109405365, 48.58540600900204], [-80.8913160947718, 48.5850543088239], [-80.89348109545348, 48.5847310086566], [-80.89567939614481, 48.58439600848572], [-80.89749269671226, 48.58409760834144], [-80.89920939718121, 48.5832693081237], [-80.90014269743577, 48.58281600800493], [-80.901582697828, 48.582112607820974], [-80.90318109826558, 48.581349307619405], [-80.90499939876064, 48.58045930738692], [-80.90655039918506, 48.57971730719112]]}, "properties": {"OBJECTID": 5343}}, {"type": "Feature", "id": 5371, "geometry": {"type": "LineString", "coordinates": [[-84.05120389998051, 48.31805518669692], [-84.05042889979863, 48.3185672868186], [-84.04956199955753, 48.31886328691427], [-84.04865639930706, 48.319183087015766], [-84.04773729904883, 48.31947768711444], [-84.04675209874925, 48.319626387195754], [-84.04572539842862, 48.31971938727149], [-84.04482019808961, 48.31938778727797], [-84.04393009775491, 48.31905168728288], [-84.04299389740842, 48.318739187293986], [-84.04227769710708, 48.318233487263576], [-84.04166599683936, 48.31772548722648], [-84.04083959649842, 48.31719208719871], [-84.04033149628366, 48.316825987176124], [-84.04009829614286, 48.31634758712043], [-84.03917509578783, 48.315940987116996], [-84.03833919546614, 48.315571387113685], [-84.03740229510387, 48.315144487108135], [-84.03658169478656, 48.314770287103215], [-84.03642269467082, 48.31429888704408], [-84.03633469455126, 48.31363028695181], [-84.03612849439092, 48.31294378686416], [-84.03561899417446, 48.31256848684019]]}, "properties": {"OBJECTID": 5371}}, {"type": "Feature", "id": 5380, "geometry": {"type": "LineString", "coordinates": [[-81.66809784826506, 47.74679703983074], [-81.66836504835648, 47.74682703982048], [-81.6690777485926, 47.74684533978375], [-81.66972624880339, 47.74682803974519], [-81.67005144890717, 47.74680363972341], [-81.67071364911416, 47.746718839673775], [-81.67134714930799, 47.746602639620995], [-81.67195454948826, 47.74644613956352], [-81.67253284965517, 47.746258339502894], [-81.673084449809, 47.7460346394383], [-81.67334394987968, 47.74591613940591], [-81.67359324994655, 47.745793239373384], [-81.67407455007071, 47.745515939304546], [-81.67451585017847, 47.74521193923382], [-81.67471595022484, 47.745053339198584], [-81.67531145035842, 47.74454593908847], [-81.67688055069299, 47.74306553877629], [-81.68113505160642, 47.73910393793797], [-81.68205195180904, 47.73829773776452], [-81.68206715181238, 47.738284137761624], [-81.68352545215276, 47.73715073750838], [-81.6932375544318, 47.729700835836624], [-81.69373865455199, 47.7293379357536], [-81.69376095455713, 47.72931983574964], [-81.69430325469409, 47.72898363566842], [-81.69431895469813, 47.72897453566616], [-81.69460435477238, 47.72881533562607], [-81.6946230547774, 47.728806235623644], [-81.69522255493798, 47.728510135545335], [-81.69525735494778, 47.72849643554137], [-81.69622125521781, 47.728117235430226], [-81.69625645522771, 47.72810353542619], [-81.69692635542235, 47.727897035357614], [-81.69696625543429, 47.72788773535393], [-81.69799375574325, 47.72765653526181], [-81.69802745575369, 47.72765183525923], [-81.69872485596888, 47.72753963520342], [-81.69875055597673, 47.72753503520134], [-81.69945755619888, 47.7274542351498], [-81.7057185581804, 47.72685803471174], [-81.70759065877012, 47.726657534577335], [-81.70888105916838, 47.72645163447438], [-81.70982205945171, 47.726243334390475], [-81.71044205963541, 47.726082034331526], [-81.71137465990721, 47.725801834237124], [-81.71198176008016, 47.72558663417075], [-81.71257956024783, 47.725353534102105], [-81.71345736048907, 47.72497013399505], [-81.71400736063566, 47.724692333922256], [-81.71452636077098, 47.724405633849855], [-81.71502486089793, 47.724105633776574], [-81.71573226107242, 47.723633333665454], [-81.71639116122714, 47.72312983355233], [-81.71701396136628, 47.72259503343638], [-81.71774306151221, 47.721830233279576], [-81.71822526159703, 47.72122883316131], [-81.71851546164208, 47.72081763308269], [-81.71878046167784, 47.72039763300408], [-81.71901796170347, 47.71996873292568], [-81.7192249617191, 47.71954003284894], [-81.71947826172084, 47.71887263273335], [-81.71962506171458, 47.71842633265736], [-81.72152176155012, 47.71197203157011], [-81.72326686140198, 47.70605853057347], [-81.72347576139583, 47.70544543046858], [-81.72348626139649, 47.705422830464535], [-81.72367556141184, 47.70503923039568], [-81.7236897614132, 47.70501213039077], [-81.72403986146362, 47.7044835302909], [-81.72405496146635, 47.704465430287264], [-81.72432126151404, 47.70413983022293], [-81.72433926151722, 47.70411723021854], [-81.72476816160545, 47.70368713012927], [-81.72484056161765, 47.703592230110786], [-81.72489736162966, 47.70353793009937], [-81.72501766165804, 47.70344713007886], [-81.72530496172577, 47.70322943002978], [-81.72560626179583, 47.70299352997722], [-81.7256326618023, 47.702975429972966], [-81.72602896190125, 47.70272092991223], [-81.72604346190491, 47.70271182991005], [-81.7261318619278, 47.702661829897544], [-81.72618636194122, 47.70262542988899], [-81.72627116196351, 47.70257992987736], [-81.72632436197709, 47.70254812986953], [-81.72645626201147, 47.702475329851126], [-81.7264992620228, 47.70245252984531], [-81.72693366214241, 47.70226532979268], [-81.7274107622755, 47.70207332973696], [-81.72743356228189, 47.70206422973431], [-81.72788456241081, 47.70190842968559], [-81.72793646242613, 47.70189452968061], [-81.72849446259336, 47.70176502962991], [-81.72927316282835, 47.70159812956128], [-81.72931176283993, 47.701588929557786], [-81.72989706302157, 47.70150422951239], [-81.72991376302697, 47.70150412951144], [-81.73057916323589, 47.701427929462874], [-81.73063066325221, 47.70142302945931], [-81.73108036339825, 47.70141122943251], [-81.73203586370751, 47.70137812937444]]}, "properties": {"OBJECTID": 5380}}, {"type": "Feature", "id": 5382, "geometry": {"type": "LineString", "coordinates": [[-81.66775054821437, 47.747316439928994], [-81.66772674820658, 47.747316639930325], [-81.66674754786943, 47.74718733996496], [-81.66577554753292, 47.747044539997155], [-81.66471074716715, 47.746911240035885], [-81.66468154715706, 47.74690694003687], [-81.66438864705451, 47.74685464004516], [-81.66298134659354, 47.74686274012442], [-81.66263974648439, 47.746887240147075], [-81.66044864579024, 47.74709334029991], [-81.65285294339137, 47.74787004083908], [-81.64406274061405, 47.748761041461684], [-81.6426501401655, 47.74888594155894], [-81.64262934015866, 47.748886041560134], [-81.64191893992972, 47.748921441604864], [-81.6419001399236, 47.748921541605895], [-81.64082763957383, 47.7489410416683], [-81.6408126395689, 47.74894114166917], [-81.64009553933288, 47.74893614170816], [-81.64008053932795, 47.74893624170897], [-81.639006138971, 47.74890174176326], [-81.63899153896622, 47.74890184176406], [-81.63840373876924, 47.748869141791694], [-81.63549133778483, 47.74863784191786], [-81.63484023756877, 47.74861894195102], [-81.63453823747143, 47.748634141970065], [-81.63423803737692, 47.748667241991726], [-81.63394513728694, 47.74871834201572], [-81.63365383720085, 47.74879644204374], [-81.63338213712164, 47.74887894207133], [-81.63256543688694, 47.749153342158344], [-81.63137073652615, 47.7494118422638]]}, "properties": {"OBJECTID": 5382}}, {"type": "Feature", "id": 5383, "geometry": {"type": "LineString", "coordinates": [[-81.58053672375586, 47.78165774998037], [-81.58065982371514, 47.78099134987229], [-81.58066372371309, 47.780964249867935], [-81.58083552368234, 47.78024814974956], [-81.58084402368182, 47.780221049745016], [-81.58112072368765, 47.77952234962348], [-81.58112882368813, 47.779504349620346], [-81.58139782371225, 47.778976649525234], [-81.58140772371326, 47.778958549521946], [-81.58164782374547, 47.778574949450345], [-81.58165812374719, 47.77856144944769], [-81.58198272379994, 47.77811884936246], [-81.58199382380192, 47.77810534935984], [-81.58235782386924, 47.77767604927446], [-81.58237102387194, 47.77766254927165], [-81.58277312395394, 47.77725114918684], [-81.58278922395706, 47.77723304918322], [-81.58605172467743, 47.77434614856385], [-81.58607112468214, 47.77433254856073], [-81.58679002485212, 47.773789048438324], [-81.5868102248571, 47.77377544843516], [-81.58732992498648, 47.77343534835468], [-81.58735182499198, 47.7734217483514], [-81.58819782521192, 47.77294504823215], [-81.58822472521906, 47.772931448228555], [-81.5888317253836, 47.772644948151445], [-81.58884662538738, 47.772635848149235], [-81.59472282701122, 47.77011764744123], [-81.59787422787305, 47.76869324705022], [-81.6042531296165, 47.76580304625771], [-81.6050860298424, 47.76541174615213], [-81.60558942997294, 47.76512564608078], [-81.60581953003026, 47.76497604604531], [-81.60626483013625, 47.76464524597034], [-81.60666143022243, 47.76428324589334], [-81.60724673033816, 47.763654845765416], [-81.60780373045064, 47.76307604564656], [-81.60781573045288, 47.76306244564386], [-81.6082402305444, 47.76266884556048], [-81.60825473054807, 47.76265974555831], [-81.6084810305998, 47.76247414551756], [-81.6084905306018, 47.76246504551566], [-81.60897213071529, 47.76209804543321], [-81.60899733072134, 47.76207994542902], [-81.60979043092053, 47.761576345308555], [-81.60981113092565, 47.761562745305355], [-81.61037833107382, 47.76124934522631], [-81.61039823107923, 47.76124024522382], [-81.61100863124372, 47.760944545145094], [-81.61583923256359, 47.75875484454466], [-81.6158944325789, 47.75873204453814], [-81.61593213258908, 47.758713844533276], [-81.6159525325947, 47.758704744530746], [-81.61600893260986, 47.75867744452349], [-81.62226093431984, 47.75585894374873], [-81.6222883343272, 47.75584534374514], [-81.6232600346018, 47.755480143635765], [-81.62329493461215, 47.75547094363248], [-81.62598863540016, 47.754677943362736], [-81.62730453578594, 47.75429744323197], [-81.62789063595167, 47.754078243166184], [-81.62814853602138, 47.75395534313319], [-81.62838913608384, 47.753819043099135], [-81.6286030361369, 47.7536784430659], [-81.62900543622773, 47.75333884299194], [-81.62933863629199, 47.752968142917176], [-81.62946613631125, 47.75278294288191], [-81.63077573643909, 47.75030144243204], [-81.63102113646742, 47.74987264235323], [-81.63103873646993, 47.74984554234817], [-81.631348136522, 47.74943904226917], [-81.63137073652615, 47.7494118422638]]}, "properties": {"OBJECTID": 5383}}, {"type": "Feature", "id": 5392, "geometry": {"type": "LineString", "coordinates": [[-82.05143058706645, 48.63819685148716], [-82.05531928826933, 48.637551051169304], [-82.05728308882217, 48.636806450947326], [-82.05835548912323, 48.63639295082504], [-82.05908508935725, 48.63633575077478], [-82.06192729036172, 48.636824250683645], [-82.0707673935325, 48.638700050452336], [-82.07177509388326, 48.63883195041396], [-82.0727390942315, 48.63905515039144], [-82.07332529447221, 48.63941295041036], [-82.0749530954703, 48.64292965083369], [-82.07751199660154, 48.645105551006544], [-82.08422499945759, 48.649956951333884], [-82.08534879999569, 48.651227951456015], [-82.08593170021432, 48.6514242514514], [-82.08818250101906, 48.65188155138935], [-82.08923750140599, 48.65217005137116], [-82.08998850171503, 48.652632251395886], [-82.09017300181165, 48.65290415142524], [-82.09149510263616, 48.65586225178369], [-82.09239680326236, 48.658367552099755], [-82.09299770373025, 48.66042335236702], [-82.09404430438423, 48.662773452651905], [-82.09510170492435, 48.66422545280425], [-82.09638260551908, 48.66552975292214], [-82.09785900613312, 48.66648685297781], [-82.09879000656746, 48.667450553065756], [-82.10181220835999, 48.67349805377954]]}, "properties": {"OBJECTID": 5392}}, {"type": "Feature", "id": 5496, "geometry": {"type": "LineString", "coordinates": [[-83.48921873128475, 47.663397723346336], [-83.48801013103508, 47.66449712358208], [-83.48564943055204, 47.66668092404802], [-83.48258112987212, 47.669114024592766], [-83.47913652902636, 47.67120422510816], [-83.47710362852808, 47.67244492541344], [-83.47676702844561, 47.67265022546394], [-83.47476022795455, 47.673881325766175], [-83.4733392275797, 47.67454192594853], [-83.47088302688088, 47.67528772620434], [-83.46973732654683, 47.675573326314314], [-83.4681167260721, 47.67595922646718], [-83.46577122538444, 47.67651362668778], [-83.45872862323024, 47.67748362724592], [-83.45425392182466, 47.677813527557554], [-83.45335092154072, 47.677877827620065], [-83.45077442098567, 47.6800475280964], [-83.4491204206283, 47.68143262840099], [-83.4485557205049, 47.68189462850338], [-83.4464911200586, 47.68362142888322], [-83.44511841976028, 47.684757529134004], [-83.44433621959134, 47.685413129278125], [-83.44350241941045, 47.686105729430814], [-83.44141171895801, 47.687851029815], [-83.43883341839985, 47.690002530288574], [-83.4369732179971, 47.69155383063012], [-83.4351762176053, 47.69303173095693], [-83.43445781744983, 47.693631831088965], [-83.43235451699671, 47.69540423147785], [-83.43223881697116, 47.695496631498514], [-83.42971181642595, 47.69761983196477], [-83.4279543160468, 47.699096832289115], [-83.42596621561903, 47.700776632657345], [-83.42284601493878, 47.7033441332249], [-83.41908461412201, 47.70646503391293], [-83.4173278137465, 47.70796883424119], [-83.41038271161118, 47.70885283478037], [-83.40994531147649, 47.708907034814125], [-83.40735381069749, 47.70937543503603], [-83.40489420995732, 47.709813935245705], [-83.40456070988606, 47.710099935308115], [-83.40372760970983, 47.710828235466046], [-83.40193990931381, 47.71225143578401], [-83.4002706089523, 47.713645136090584], [-83.39964560882903, 47.71426113621947], [-83.39837430855371, 47.71532253645299], [-83.3976039083872, 47.71596853659485], [-83.39572750797647, 47.71750153693444], [-83.39565120795886, 47.7175568369472], [-83.39441340768767, 47.71856603717087], [-83.39418340771961, 47.71939403730842], [-83.39399220772434, 47.719912337397226], [-83.39262470746253, 47.72132163768848], [-83.39270100765438, 47.722621737878775], [-83.39176740745836, 47.72344933805746], [-83.39081000723483, 47.7241229382144], [-83.38963310686198, 47.72418843829312]]}, "properties": {"OBJECTID": 5496}}, {"type": "Feature", "id": 5497, "geometry": {"type": "MultiLineString", "coordinates": [[[-83.39132910904635, 47.73689934009779], [-83.39141670900328, 47.73634414000949], [-83.39180940880992, 47.73385233961335], [-83.39226350858425, 47.73095443915267], [-83.39263980841459, 47.72868793879118], [-83.39196370805735, 47.727613238669775], [-83.39171950792912, 47.727231438626845], [-83.39169870791801, 47.72719703862291], [-83.39145990779019, 47.726804938578155], [-83.38963310686198, 47.72418843829312]], [[-83.37010540497438, 47.75869614460382], [-83.37592640628272, 47.754205043590744], [-83.37879600692746, 47.75198944309106], [-83.38090100739655, 47.750334242719994], [-83.38192620763333, 47.749592642548976], [-83.38285790783962, 47.74885004238322], [-83.38473600826084, 47.747394542055325], [-83.3857547084901, 47.74661104187837], [-83.38624340859616, 47.74620474178896], [-83.38799370899247, 47.744877841487764], [-83.38911920924406, 47.743999141290296], [-83.39024880949617, 47.743114241091654], [-83.39046020940843, 47.74190044089757], [-83.39087820923062, 47.739466840508676], [-83.39106270912151, 47.738154440301315], [-83.39127920903739, 47.73695554010913]]]}, "properties": {"OBJECTID": 5497}}, {"type": "Feature", "id": 5553, "geometry": {"type": "LineString", "coordinates": [[-83.36906580487091, 47.76050954493609], [-83.3699637053137, 47.76168784505987], [-83.37078370572199, 47.76279404517739], [-83.37159710612679, 47.76388994529375], [-83.37249970657743, 47.76511694542454], [-83.37327630696163, 47.76614504553288], [-83.37406330735266, 47.76720004564465], [-83.37485010774284, 47.76824874575551], [-83.3755756081053, 47.76923644586077], [-83.37572270832516, 47.77057244605202], [-83.3758595085559, 47.77201864626041], [-83.37601060877975, 47.77337534645447], [-83.37614130900002, 47.77475524665326], [-83.37628570922016, 47.77609954684586], [-83.37635820940513, 47.77735194702894], [-83.37642930959451, 47.77864174721768], [-83.3765041097867, 47.77994394740805], [-83.37665491018383, 47.78264384780303], [-83.37671001033142, 47.783649547950205], [-83.37679041053242, 47.78500564814824], [-83.3768610107115, 47.78621654832521], [-83.37694301084795, 47.78706804844768], [-83.377115811079, 47.78842424864036], [-83.37769031142633, 47.78967254879331], [-83.37845351182845, 47.790871148927785], [-83.37921311222762, 47.79205534906031], [-83.37999251263716, 47.79327024919623], [-83.38075601303966, 47.79447094933098], [-83.38158881347766, 47.79577194947659], [-83.38227831383853, 47.79683504959507], [-83.38303951424254, 47.798052449732424], [-83.38463491507972, 47.800529150009034], [-83.38542521549662, 47.80177285014852], [-83.38621661590801, 47.80297085028118], [-83.38701631631965, 47.804150050410456], [-83.38783131673569, 47.805324750538155], [-83.38864881716844, 47.80662185068406], [-83.3892554175113, 47.80775305081746], [-83.39041371831934, 47.81109825124927], [-83.39127721874154, 47.81219815136292], [-83.39272771945213, 47.81405635155538], [-83.39364551989803, 47.81520275167273], [-83.39449972031477, 47.81628315178403], [-83.3949817205495, 47.816889651846346], [-83.3951186206169, 47.81706735186483], [-83.39549422079935, 47.81753635191279], [-83.39567262088636, 47.81776145193595], [-83.39639862124255, 47.81869515203282]]}, "properties": {"OBJECTID": 5553}}, {"type": "Feature", "id": 5554, "geometry": {"type": "LineString", "coordinates": [[-81.87138309300441, 47.56700720115013], [-81.8738086941143, 47.56961580141355], [-81.87465169449526, 47.570482501499036], [-81.87328609457758, 47.57483980224012], [-81.87145709462708, 47.580173803156], [-81.86615409355922, 47.58566380428875], [-81.86362369334257, 47.590694805197124], [-81.8609379929945, 47.59506190601278], [-81.86006159332165, 47.60011280683205], [-81.86087339391584, 47.6028154071991], [-81.86096019405458, 47.603723107332755], [-81.85498669280146, 47.609493308544955], [-81.84758969139135, 47.61780401022358], [-81.84147779015785, 47.62410981152481], [-81.83902098993379, 47.62887801238825], [-81.83348418853397, 47.632271013213234], [-81.82481018626164, 47.63693591440647], [-81.82371728606185, 47.638234814665175], [-81.8238238863327, 47.640173714954734], [-81.82317188630898, 47.64173281522853], [-81.82090418586051, 47.64414921572279], [-81.81274988379072, 47.64908381692796], [-81.81208578367121, 47.64988861708746], [-81.81209878377753, 47.650726717214425], [-81.81266968432956, 47.65372471763939], [-81.81307478467623, 47.65548201788453], [-81.8124716846138, 47.65659111808701], [-81.81031348422891, 47.659235118609736], [-81.80301688211229, 47.66148141935746]]}, "properties": {"OBJECTID": 5554}}, {"type": "Feature", "id": 5555, "geometry": {"type": "LineString", "coordinates": [[-81.73245366386614, 47.70155542937824], [-81.7346667645852, 47.70150072924705], [-81.73520056476583, 47.70154682922445], [-81.73597886504837, 47.701771329215404], [-81.73636986520427, 47.70199822922826], [-81.73686016541231, 47.702386429260095], [-81.73727836560285, 47.70282462930357], [-81.73861036624415, 47.70450312948501], [-81.73905176643022, 47.704842229512096], [-81.73954056662798, 47.70514952953171], [-81.7401014668427, 47.70540232953902], [-81.7407820670829, 47.70554192952248], [-81.7414607673071, 47.705555529486865], [-81.76436697485649, 47.70587312826265], [-81.76567517527992, 47.70582842818317], [-81.7677535759141, 47.705441128008744], [-81.76972917646798, 47.704672027781896], [-81.77145957691424, 47.70367972753476], [-81.77222297706398, 47.702855727367016], [-81.77302697716337, 47.70150962711751], [-81.77339787714905, 47.700395926927484], [-81.77413297705641, 47.6976602264704], [-81.77628317711319, 47.69234602554224], [-81.77884977714282, 47.68568812438632]]}, "properties": {"OBJECTID": 5555}}, {"type": "Feature", "id": 5556, "geometry": {"type": "LineString", "coordinates": [[-83.37010540497438, 47.75869614460382], [-83.36938150481195, 47.75925704473012], [-83.36877330467502, 47.75972454483572], [-83.36906580487091, 47.76050954493609], [-83.36779320454073, 47.76114864510626], [-83.36459610373349, 47.76292784555971], [-83.36310080334444, 47.76367054575839], [-83.36234430320727, 47.76450984592828], [-83.36160780307323, 47.76532264609304], [-83.36064660286014, 47.76608764626379], [-83.35798120215887, 47.767351846609], [-83.35654430178455, 47.76806234679947], [-83.3550969014074, 47.768777646991246], [-83.35532950156626, 47.76942554707458], [-83.35537230166425, 47.77007844716975], [-83.35492190157879, 47.77054894726653], [-83.3542401014403, 47.77118984740236], [-83.35375980134528, 47.771660947500926], [-83.35266580109126, 47.772442447681925], [-83.35180710088343, 47.77299074781423], [-83.35060630060312, 47.77383704801118], [-83.34919070026586, 47.77478184823543], [-83.34851420010656, 47.77524804834472], [-83.3482224002319, 47.77695564861732], [-83.34800740035486, 47.77845134885364], [-83.34782510046787, 47.77978724906418], [-83.34750510058913, 47.78153354934418], [-83.34711590065154, 47.782996949585865], [-83.34633210052148, 47.78396014977583], [-83.34545720038666, 47.78511544999984], [-83.34459250025597, 47.78627725022422], [-83.34193279963594, 47.78815875066135], [-83.34022639923882, 47.7893712509426], [-83.33955039908196, 47.789855251054526], [-83.33841099876102, 47.79023225117762], [-83.33748089849816, 47.790533351277105]]}, "properties": {"OBJECTID": 5556}}, {"type": "Feature", "id": 5557, "geometry": {"type": "LineString", "coordinates": [[-81.74696086750849, 47.692407827180546], [-81.74688626748352, 47.69240362718408], [-81.74430636614422, 47.688351426710454], [-81.7440697659803, 47.68764212661556], [-81.74241546496388, 47.683747826114505], [-81.7402595641751, 47.68307392613151], [-81.74006386410362, 47.683013626133224], [-81.73667856270387, 47.68063092595825], [-81.73631916254787, 47.68031752593042], [-81.73591816234088, 47.67969622585809], [-81.73438796161577, 47.67785972566326], [-81.73092696029798, 47.67635312562582]]}, "properties": {"OBJECTID": 5557}}, {"type": "Feature", "id": 5558, "geometry": {"type": "LineString", "coordinates": [[-81.73203586370751, 47.70137812937444], [-81.73235626381177, 47.701371229355644], [-81.73224766366899, 47.70049142922777], [-81.7320708635581, 47.70005722917146], [-81.73178436340461, 47.699568429113], [-81.73123236317295, 47.69915222908028], [-81.73055486290146, 47.69874712905628], [-81.72782456184916, 47.69745852901165], [-81.72650006133166, 47.69677492898109]]}, "properties": {"OBJECTID": 5558}}, {"type": "Feature", "id": 5561, "geometry": {"type": "LineString", "coordinates": [[-81.76835225631929, 48.34985462494134], [-81.76764275621213, 48.35085702513049], [-81.76658145586406, 48.35087822519357], [-81.76599315571073, 48.3512019252749], [-81.76445445530975, 48.352049025487744], [-81.763552855023, 48.35213732555177], [-81.76287425481776, 48.35228752561242], [-81.76267115476303, 48.35238532563842], [-81.7624678547369, 48.352708725698015], [-81.76230815473563, 48.353114225767385], [-81.76201545469944, 48.353591025854826], [-81.7618499547288, 48.35425282596263], [-81.76144255461743, 48.35443642601296], [-81.76108615449846, 48.35442702603165], [-81.76065735434007, 48.35429592603635], [-81.75971035398277, 48.35394712603785], [-81.75899035373511, 48.35387082606711], [-81.75856475356908, 48.35367122606143], [-81.75835215345501, 48.353326326022085], [-81.75837505342832, 48.35305622598058], [-81.75863045346742, 48.35269922591304], [-81.75905635356727, 48.35237702584108], [-81.75966205370477, 48.35188332573346], [-81.76014005381876, 48.35153692565493], [-81.76035105385223, 48.3512510256005], [-81.76035935380543, 48.35086072554195], [-81.76004805363503, 48.35032912548039], [-81.75890265295777, 48.34797592519474], [-81.75866725282741, 48.347561825146386], [-81.7596951529373, 48.34575112481889], [-81.75991185291399, 48.34500302469531], [-81.75988475284338, 48.344517324624576], [-81.75880195244189, 48.34417342463444], [-81.75844695216256, 48.34289672446438], [-81.75928185227315, 48.3415935242233], [-81.75995025246146, 48.34133702414744], [-81.75960225224487, 48.34053642404781], [-81.75841495185016, 48.34051772411201], [-81.75734875138953, 48.339664324045074], [-81.75645585100283, 48.33894202398788], [-81.75567855068503, 48.338461623960164], [-81.75156484911233, 48.336780123941736], [-81.7506948486882, 48.335702823830324], [-81.7505347485822, 48.33528372377697], [-81.75209954894883, 48.334097123512066], [-81.75238774899411, 48.33370312343711], [-81.75229664890253, 48.333218323370055], [-81.74980214793828, 48.33211422334623], [-81.74775694713277, 48.33109122330914], [-81.74533144624219, 48.330388723341215], [-81.74414294567997, 48.32905142320893], [-81.7428177452323, 48.32897452327218], [-81.73953844387492, 48.326813923135084], [-81.7385799434239, 48.32575392303114], [-81.73874894337318, 48.32491292289636], [-81.73840204316309, 48.32415892280352], [-81.73807454300665, 48.32377832276529]]}, "properties": {"OBJECTID": 5561}}, {"type": "Feature", "id": 5562, "geometry": {"type": "LineString", "coordinates": [[-81.75988485284344, 48.34451732462457], [-81.76166985349964, 48.34503982460165], [-81.76222415378557, 48.34584942469087], [-81.76262325403927, 48.34680872481118]]}, "properties": {"OBJECTID": 5562}}, {"type": "Feature", "id": 5563, "geometry": {"type": "LineString", "coordinates": [[-81.78606526036037, 48.33558352181768], [-81.78338245953734, 48.33608232204333], [-81.78120415902738, 48.33773492241227], [-81.78023145872531, 48.3378869224898], [-81.78008395873118, 48.3383174225622], [-81.77984815867246, 48.338468422598005], [-81.77943295869204, 48.33970352280525], [-81.7785309585797, 48.34116612307389], [-81.77821405851795, 48.34150432314212], [-81.7775584583232, 48.34167682320478], [-81.77548015758848, 48.341298723265744], [-81.77473215729337, 48.34092102325173], [-81.7745178571872, 48.34064232322235], [-81.77246605644817, 48.340161323266464], [-81.77093035597991, 48.34047042339915], [-81.76823275501381, 48.33988162346367], [-81.76753315475969, 48.33970092347619], [-81.76515415377756, 48.33815632338041], [-81.76405575324378, 48.33680982324187], [-81.76094365206642, 48.33563542324253], [-81.76009375158266, 48.33403532305216], [-81.75572964996734, 48.332669023094766], [-81.75331514923741, 48.333204623310614], [-81.75230984891539, 48.33328522337928]]}, "properties": {"OBJECTID": 5563}}, {"type": "Feature", "id": 5564, "geometry": {"type": "LineString", "coordinates": [[-81.76753365475989, 48.33970122347619], [-81.76854095532099, 48.34149952368711], [-81.768916955467, 48.34167122369146]]}, "properties": {"OBJECTID": 5564}}, {"type": "Feature", "id": 5565, "geometry": {"type": "LineString", "coordinates": [[-81.79809335678938, 48.27606301226982], [-81.7976610566321, 48.27594771227701], [-81.79578765601742, 48.27597761238711], [-81.7948241556895, 48.275899712429776], [-81.79273915493037, 48.275339412463765], [-81.79121605438662, 48.27501601250136], [-81.79224115445517, 48.27288211212526], [-81.79465775518992, 48.27238421191475], [-81.79675785561079, 48.270231211475206], [-81.79723195560443, 48.26894331125632], [-81.79622525508285, 48.26744651108975], [-81.79617755486032, 48.26581091084836], [-81.79631605489709, 48.265740110829974], [-81.79570325462812, 48.26521261078582], [-81.7955520545879, 48.26528921080578], [-81.79550025456425, 48.26523731080094], [-81.79390435401191, 48.26503491086071]]}, "properties": {"OBJECTID": 5565}}, {"type": "Feature", "id": 5566, "geometry": {"type": "LineString", "coordinates": [[-81.79121605438662, 48.27501601250136], [-81.79099115437263, 48.2754923125851], [-81.78600065264918, 48.27489181277676], [-81.7857490525655, 48.274886612790176]]}, "properties": {"OBJECTID": 5566}}, {"type": "Feature", "id": 5567, "geometry": {"type": "LineString", "coordinates": [[-81.84147706705284, 48.24402360504242], [-81.8416056671796, 48.24469070513473], [-81.8415219672625, 48.24556460526987], [-81.84194016750004, 48.246351905363795], [-81.8419398675579, 48.24681020543222], [-81.84208896774187, 48.247876105582904], [-81.84228446783078, 48.24806890560063], [-81.84375526843161, 48.248983205654106], [-81.84408706859567, 48.249414605699755], [-81.84409756867976, 48.2500522057943], [-81.84377206861662, 48.25040160586483], [-81.84351206858847, 48.25085730594754], [-81.84330446861576, 48.25161440607223], [-81.84360516882624, 48.25249380618644], [-81.8440552690896, 48.25340140629648], [-81.84389326909006, 48.25382770636926], [-81.84385746920182, 48.25480410651698], [-81.84497326960839, 48.25510820649938]]}, "properties": {"OBJECTID": 5567}}, {"type": "Feature", "id": 5568, "geometry": {"type": "LineString", "coordinates": [[-81.84031446632429, 48.24129440470064], [-81.84058796645618, 48.241624204734414], [-81.84052956654187, 48.24245430486159], [-81.8405528665777, 48.2426768048935], [-81.8406751666538, 48.242959704928836], [-81.84112506689398, 48.24368560501183], [-81.84147706705284, 48.24402360504242], [-81.842115667248, 48.243901004988096], [-81.84449606809063, 48.244355204921575], [-81.84562766846894, 48.24439490486365], [-81.84561876849803, 48.244648204901935], [-81.84529456841179, 48.24481210494473], [-81.84524696853202, 48.2458866051078]]}, "properties": {"OBJECTID": 5568}}, {"type": "Feature", "id": 5569, "geometry": {"type": "LineString", "coordinates": [[-81.84829336873774, 48.239567803992706], [-81.84845146889909, 48.24043120411266], [-81.84902496917493, 48.241116904182675], [-81.8498166693923, 48.24077040408626], [-81.85147066993956, 48.240784403995036], [-81.85269777033099, 48.24067920391008], [-81.85318967050551, 48.24077600389674]]}, "properties": {"OBJECTID": 5569}}, {"type": "Feature", "id": 5584, "geometry": {"type": "LineString", "coordinates": [[-81.93307029683403, 48.24069329937048], [-81.93316139689803, 48.24096089940527], [-81.93358969718294, 48.24209419955007], [-81.93431639766109, 48.243975899789625], [-81.9352113982591, 48.246364200095115], [-81.93597639876164, 48.248337500346125], [-81.93676969929152, 48.25045250061661], [-81.93766299988422, 48.25280250091643], [-81.93864140053323, 48.25537420124448], [-81.93423799922469, 48.25650250166196], [-81.93076639819247, 48.25738750199039], [-81.92795299735579, 48.25810420225648], [-81.92380799612278, 48.25915750264809], [-81.92014469503289, 48.26008750299402], [-81.91666139399781, 48.26098250332455], [-81.91252139276519, 48.26202750371454], [-81.90925139179278, 48.262862504023985], [-81.90730639121396, 48.26335590420756], [-81.90399639022695, 48.264180904517794], [-81.90001968904254, 48.26518250489202], [-81.89628468793349, 48.266150905247635], [-81.89311468699022, 48.2669575055471], [-81.88998968605986, 48.26774920584181], [-81.88678298510531, 48.268562506144356], [-81.88333968407981, 48.26943250646872], [-81.87997298307847, 48.27029420678745], [-81.8766946821027, 48.271127507097], [-81.87398638129672, 48.27181750735293], [-81.87173138062525, 48.27238920756556], [-81.8676513794104, 48.27342420795042], [-81.86569797882848, 48.273917508134346], [-81.86208137775249, 48.27484250847658], [-81.8591796768887, 48.27558090875057], [-81.85717467629073, 48.27608250893861], [-81.85457137551366, 48.27672920918208], [-81.85062137433955, 48.27774920955722], [-81.84656967312887, 48.27874590993465], [-81.84294297205028, 48.27967921027858], [-81.83930797100847, 48.28092421066947], [-81.83728797043517, 48.28166091089331], [-81.83446466963495, 48.28269921120748], [-81.83165296883747, 48.28372921151978], [-81.82864296798293, 48.284825911853176], [-81.82520136700666, 48.286085912235286], [-81.82190966607105, 48.28727751259872], [-81.81888636521393, 48.28838921293502], [-81.81589466436445, 48.28947921326632], [-81.8126463634416, 48.29065921362552], [-81.80934296250499, 48.291874213993026], [-81.80628796163909, 48.29300091433332], [-81.80328966078683, 48.29408751466443], [-81.8003296599468, 48.29517091499288], [-81.79795465927172, 48.29603251525526], [-81.79476965836724, 48.297194215608066], [-81.79051795716028, 48.29874921607963], [-81.78884635668511, 48.29935591626431], [-81.78485965555309, 48.300812516706266], [-81.78255295489768, 48.30165251696151], [-81.77982795412336, 48.30264421726293], [-81.77713635335897, 48.30362751756126], [-81.77433465256279, 48.30464751787121], [-81.77168465180937, 48.30560921816394], [-81.76766135066703, 48.30708251861028], [-81.7655846500767, 48.30783751883986], [-81.76153634892601, 48.30931091928762], [-81.75921294826591, 48.31015921954496], [-81.75666294754048, 48.31108251982623], [-81.75404964679913, 48.31204592011704], [-81.75079794587347, 48.313219220475126], [-81.74714964483717, 48.31455422087958], [-81.74434464403996, 48.315577521190065], [-81.74189464334313, 48.316467521460744], [-81.73770964215304, 48.31798922192323], [-81.73510964141502, 48.31894592221219], [-81.73214964057345, 48.32002422253958], [-81.72938133978566, 48.32102752284501], [-81.72696463909757, 48.32190092311123], [-81.72415963830038, 48.32292592342187], [-81.72122963746688, 48.32399092374556], [-81.7182879366307, 48.32506592407131], [-81.71566293588357, 48.326017524360864], [-81.7124713349766, 48.32718592471462], [-81.70978633421248, 48.328160925011055], [-81.70692133339796, 48.329207525328236], [-81.70347463241644, 48.330454225707946], [-81.70090463168629, 48.33139752599311], [-81.69819633091524, 48.33237922629179], [-81.69541633012462, 48.33339422659941], [-81.69228962923498, 48.33453252694489], [-81.68928632837981, 48.33562092727603], [-81.68625962751892, 48.33672592761093], [-81.68400292687677, 48.337547527860266], [-81.6815779261863, 48.338427528127745], [-81.67840792528426, 48.33958252847815], [-81.67681132482953, 48.34016092865411], [-81.6745963241987, 48.34096422889833], [-81.67165462336054, 48.34202752922214], [-81.66854462247605, 48.343165929566624], [-81.66521962152959, 48.344375929933825], [-81.66217132066147, 48.34548253027007], [-81.65905131977273, 48.346614230614016], [-81.65615961894956, 48.34766753093351], [-81.65304961806368, 48.348795931276385], [-81.65005631721108, 48.34988253160648], [-81.64630961614313, 48.35123753201887], [-81.64296791519119, 48.35245093238743], [-81.64065631453084, 48.35327593264017], [-81.63808631381684, 48.354352532944965], [-81.63538631306929, 48.3555042332682], [-81.63240631224615, 48.356790933627245], [-81.62956631146014, 48.35800593396776], [-81.62669791066881, 48.35925253431456], [-81.6235729098041, 48.360590934689434], [-81.62095630908057, 48.36171593500395], [-81.61822130832397, 48.36288923533229], [-81.6152746075086, 48.36415253568593], [-81.61248960673898, 48.36535423602132], [-81.61001460605397, 48.366414236318136], [-81.60723790528613, 48.367609236652015], [-81.60435630448802, 48.36883923699694], [-81.60152960370547, 48.37004923733583], [-81.59911960304017, 48.37109593762702], [-81.59619130223004, 48.37235423797872], [-81.59353460149482, 48.37349423829761], [-81.59080790074043, 48.37466593862513], [-81.58799289996195, 48.37587923896378], [-81.58544959925767, 48.37696753926856], [-81.58246459843112, 48.37824593962642], [-81.57966459765632, 48.37944923996274], [-81.5768695968827, 48.380649240298204], [-81.57423789615447, 48.381780940614334], [-81.57145629538432, 48.382974240948066], [-81.56876789463941, 48.384122541269846], [-81.56506629361454, 48.385710941713995], [-81.56298629303849, 48.38660254196339], [-81.56022289227303, 48.38778594229454], [-81.55714129142028, 48.389112542664904], [-81.55441959066664, 48.39028094299146], [-81.55143628984042, 48.39156094334931], [-81.54846128901696, 48.39284094370667], [-81.54546458818604, 48.39411924406496], [-81.54253288737489, 48.39538424441762], [-81.53965128657615, 48.396615944762516], [-81.5367895857824, 48.39783594510451], [-81.53390788498416, 48.399072545450146], [-81.53126458425223, 48.400209245767506], [-81.52873958355165, 48.40128424606899], [-81.52592288277125, 48.40249254640673], [-81.52371128215862, 48.40344254667205], [-81.52060128129722, 48.404779247045305], [-81.51847458070654, 48.40568094729866], [-81.51608128004375, 48.406710947586056], [-81.5135428793394, 48.407792547889215], [-81.5106495785376, 48.40903424823614], [-81.50765457770652, 48.410310948593924], [-81.5048112769185, 48.41153094893476], [-81.5021478761804, 48.41267424925405], [-81.49957627546804, 48.4137809495628], [-81.49670957467214, 48.41500094990489], [-81.49373787384712, 48.41626595025954], [-81.49081457303618, 48.41751595060928], [-81.48798457225114, 48.41872595094776], [-81.48537957152857, 48.41984095125956], [-81.4826912707826, 48.42098925158094], [-81.47956786991615, 48.42232595195466], [-81.47650286906588, 48.423637552321395], [-81.4736862682844, 48.424842552658404], [-81.47079626748231, 48.42607755300384], [-81.46776786664115, 48.427365953365054], [-81.46491456584991, 48.42859095370696], [-81.46233786513308, 48.42967925401312], [-81.45947286433899, 48.4309125543569], [-81.45646786350454, 48.432194254715704], [-81.45342786265864, 48.43347755507671], [-81.45040286181933, 48.43477425543886], [-81.44745286100276, 48.43605425579433], [-81.44420626009854, 48.43741925617895], [-81.44176455942123, 48.43846755647148], [-81.4408262591515, 48.43879595657283], [-81.43967455881884, 48.43918595669522]]}, "properties": {"OBJECTID": 5584}}, {"type": "Feature", "id": 5585, "geometry": {"type": "MultiLineString", "coordinates": [[[-81.60765603388954, 48.59115736979368], [-81.61254453568198, 48.59248266971368], [-81.631982541749, 48.58949276817454], [-81.63617554306607, 48.58891426785223], [-81.64991834741176, 48.58724656682952], [-81.65597584940734, 48.587136866471035], [-81.66732585315705, 48.587015165811486], [-81.67683125629576, 48.58690326525752], [-81.69231986124103, 48.58540856416061], [-81.71702447035199, 48.592543563815795], [-81.73208717590701, 48.59689206360438], [-81.74380298022872, 48.60028126344049], [-81.75048718268593, 48.602148863337085], [-81.77508368951499, 48.59186616042457], [-81.7877158930149, 48.58653695892126], [-81.82534050555275, 48.58707365686358], [-81.84624621251439, 48.587345455715166], [-81.85777031721572, 48.59417935606742], [-81.87958752448884, 48.59453195487754], [-81.8810595249815, 48.59457125479946]], [[-81.88105512497998, 48.594570554799645], [-81.88225852538278, 48.594602654735844], [-81.88311842569814, 48.594838754721664], [-81.88455792625747, 48.5954762547337], [-81.88582802672927, 48.59587085471954], [-81.88796872749842, 48.596335054666035], [-81.89155642878042, 48.597058054568215], [-81.89247472908622, 48.5970703545177], [-81.89703303052015, 48.59648445417168], [-81.89817153089486, 48.59646645410414], [-81.89932553129788, 48.59662665406198], [-81.9011936319972, 48.59724915404729], [-81.90343193286041, 48.59819005405838], [-81.90466013330229, 48.59846075402826], [-81.91080283562322, 48.60067165400392], [-81.91383023675823, 48.60169265398175], [-81.91638243768632, 48.60233125393031], [-81.91867393849043, 48.602680153851054], [-81.91951723881161, 48.60300295385051], [-81.92184203976224, 48.604396453923215], [-81.92310414027288, 48.605111153956514], [-81.9243046408292, 48.60633475406828], [-81.92486364105282, 48.60663145408008], [-81.92667464171053, 48.607078154042576], [-81.92833624236654, 48.60789325406784], [-81.93123824337101, 48.60822755395152], [-81.93219554373226, 48.60856805394705], [-81.93277774402587, 48.60934475402823], [-81.93337304426929, 48.60970145404681], [-81.93455144470792, 48.61007405403441], [-81.93593164528693, 48.61101355409401], [-81.93668814586538, 48.613539754422824], [-81.93769154626507, 48.614058754441956], [-81.94192234766662, 48.61406185420094], [-81.94293404802755, 48.61426075417245], [-81.94568774903433, 48.61499125412278], [-81.94848735007832, 48.61589075409537], [-81.95151175118062, 48.616665954036804], [-81.95550195255734, 48.617091953871636], [-81.96050375413068, 48.61645285349188], [-81.96264785482788, 48.61635415335482], [-81.96444595543838, 48.616470353269264], [-81.96674835622977, 48.61669325317051], [-81.97588755910162, 48.615506052473556], [-81.9770278594714, 48.61544595239954], [-81.98381506171499, 48.61541845200757], [-81.9855821623112, 48.61550425191914], [-81.99804696754532, 48.624014752458585], [-82.00625827100616, 48.629715452827355], [-82.00834987193684, 48.63154375297655], [-82.01067717300324, 48.6338147531773], [-82.01152967337386, 48.63449275322819], [-82.01495737491776, 48.637631253493396], [-82.01589667530143, 48.63818855352158], [-82.01844407626943, 48.639144353516215], [-82.01985037677032, 48.63941445347538], [-82.02640987911875, 48.64076895329887], [-82.03448198187898, 48.64144145293526], [-82.04129648420762, 48.641997652626536], [-82.04221538444884, 48.641515052502946], [-82.04650048561874, 48.639609351977285], [-82.04856708618055, 48.638672251721125], [-82.05124448700887, 48.638227751502384]]]}, "properties": {"OBJECTID": 5585}}, {"type": "Feature", "id": 5601, "geometry": {"type": "LineString", "coordinates": [[-81.52433928192455, 48.39994374611602], [-81.55853589159067, 48.386807142243434], [-81.55365448952932, 48.38328624199281]]}, "properties": {"OBJECTID": 5601}}, {"type": "Feature", "id": 5603, "geometry": {"type": "LineString", "coordinates": [[-82.01642662302956, 48.23067759315441], [-82.01453512249107, 48.231342993360904], [-82.0128092219742, 48.23174929351939], [-82.01182772167938, 48.23197329360846], [-82.00991382115711, 48.232825093844035], [-82.00896122087906, 48.23310639394], [-82.00707262027761, 48.23326919407138], [-82.00540111973902, 48.23336389418026], [-82.00401981931256, 48.233588794292146], [-82.00325901912564, 48.23409049441008], [-82.00261841909962, 48.23554679466357], [-82.00151941886764, 48.23657059487852], [-82.0004930185764, 48.2369399949918], [-81.99888811810376, 48.23738169514867], [-81.99637461733636, 48.23785929536235], [-81.99296391623702, 48.238051295584356], [-81.98748021438419, 48.23768909584121], [-81.98369091313317, 48.23766959605305], [-81.98189851252596, 48.23753869613512], [-81.978232111347, 48.23776819637709], [-81.97602251061228, 48.2377161964945], [-81.97467791015163, 48.23757739654998], [-81.97239140937073, 48.23736139664735], [-81.96266620604612, 48.23641739705738], [-81.95957730501918, 48.236346197221714], [-81.95720410430488, 48.23688069743578], [-81.95487660358602, 48.23726049762422], [-81.95243370279887, 48.23740199778362], [-81.95044470219625, 48.2378192979585], [-81.94786350139579, 48.23821519816368], [-81.94715050121577, 48.23864879826866], [-81.94478280050868, 48.23922679848891], [-81.94324120004447, 48.23957299862783], [-81.93721539812864, 48.24012749905153], [-81.9352582974441, 48.239816699115956], [-81.93289159670138, 48.24011159929384], [-81.9330668968319, 48.2406850993695]]}, "properties": {"OBJECTID": 5603}}, {"type": "Feature", "id": 5604, "geometry": {"type": "LineString", "coordinates": [[-82.11056595234814, 48.21749728584221], [-82.10660165106948, 48.21770138609814], [-82.10299554995532, 48.21827228638826], [-82.08722194479375, 48.218510187320504], [-82.08679354457328, 48.21788628725185], [-82.08645984442855, 48.21761188722994], [-82.08611034431394, 48.217615187250296], [-82.0834151435155, 48.21831248750739], [-82.07973574240073, 48.21907038782947], [-82.07684744150701, 48.219519188060524], [-82.07547584109079, 48.21979688817987], [-82.07458764079905, 48.219801888231075], [-82.0731934402863, 48.21937918824726], [-82.06933283896447, 48.21897958840703], [-82.06763503839684, 48.218911188493244], [-82.06651753808131, 48.219322588618056], [-82.06479383771041, 48.22086828894645], [-82.06183843692281, 48.22232638933168], [-82.06056693653963, 48.22260498944545], [-82.05932083614788, 48.22275058953791], [-82.05447063470388, 48.223953689992726], [-82.05243503409075, 48.22440299017531], [-82.04812893275525, 48.22505129051643], [-82.04519473188057, 48.225771090790346], [-82.04418503158136, 48.226032790886684], [-82.03970373006672, 48.22572679109541], [-82.03878622981848, 48.22615099121079], [-82.03701652924273, 48.22620659131952], [-82.035675528848, 48.22657509145056], [-82.03417142844621, 48.22731139164566], [-82.0325935281153, 48.2287959919566], [-82.0320377279788, 48.22916239204279], [-82.02947882726039, 48.230140792333884], [-82.02813402688825, 48.23069739249317], [-82.02710832662459, 48.231280792638316], [-82.02632632643585, 48.23182249276345], [-82.02569252624922, 48.23199649282536], [-82.02488592599077, 48.23205319287961], [-82.02424002576994, 48.23198959290676], [-82.02336962546158, 48.231819092930735], [-82.02146892476405, 48.23125679295473], [-82.01930842393091, 48.23030069293474], [-82.01773172337373, 48.23000279297976], [-82.01642612302942, 48.230677693154476]]}, "properties": {"OBJECTID": 5604}}, {"type": "Feature", "id": 5605, "geometry": {"type": "LineString", "coordinates": [[-82.11057255235033, 48.21749738584188], [-82.11314775316568, 48.21724458565772], [-82.11453205364866, 48.21745998561103], [-82.11621265424175, 48.21777418556229], [-82.11945305526852, 48.21746298533155], [-82.1241311568385, 48.217702485101015], [-82.12961665851765, 48.21671398464153], [-82.13255985986655, 48.21969868491879], [-82.14143686320375, 48.22296278489976], [-82.15498436828251, 48.22783018485312], [-82.16440777184711, 48.2314644848574], [-82.16928167374998, 48.23380728492834], [-82.17101497426103, 48.23334358476055], [-82.17183047443413, 48.23259778460301], [-82.1726172742135, 48.22884358399912], [-82.1732792743619, 48.228300083880455], [-82.17495187481087, 48.22750678366697], [-82.17625077499616, 48.22561138331063], [-82.1778319754464, 48.22506368313889], [-82.17909987577039, 48.224334482958035], [-82.17991677582779, 48.22267938266497], [-82.17993367535826, 48.218958082109744], [-82.18033057533493, 48.217752581907526], [-82.18150447556114, 48.21649988165399], [-82.19027617802143, 48.21317158065811], [-82.1914637781123, 48.21082348024059], [-82.19147657794497, 48.20947938003955], [-82.19200237798765, 48.208458779857516], [-82.19300627819001, 48.207457479651104], [-82.19583747885335, 48.20535957917712], [-82.19746177916426, 48.20361017882383], [-82.19961677957417, 48.20126897835203], [-82.20078177976781, 48.19978457806444], [-82.2017216799903, 48.199106277909735], [-82.20330378039587, 48.198207777685596], [-82.2056919809197, 48.196158477244], [-82.2097758821974, 48.19564927693524], [-82.21118938266078, 48.19563847685298]]}, "properties": {"OBJECTID": 5605}}, {"type": "Feature", "id": 5606, "geometry": {"type": "LineString", "coordinates": [[-82.22077017690967, 48.12574996587926], [-82.22189407735972, 48.12638656591033]]}, "properties": {"OBJECTID": 5606}}, {"type": "Feature", "id": 5607, "geometry": {"type": "LineString", "coordinates": [[-82.20134037130364, 48.13186196789874], [-82.21064457398839, 48.12893566693184], [-82.22077037691074, 48.1257577658804], [-82.2214104769235, 48.124203765611796]]}, "properties": {"OBJECTID": 5607}}, {"type": "Feature", "id": 5608, "geometry": {"type": "LineString", "coordinates": [[-82.23683108947652, 48.18299697350591], [-82.23804718981074, 48.18248387336], [-82.23885089003184, 48.182146573263886], [-82.23964769027073, 48.181966573191595], [-82.24022359045465, 48.18192457315246], [-82.24108149075452, 48.18206537312448], [-82.24284779141102, 48.18266067311239], [-82.24376189174389, 48.18291507309814], [-82.24707079315502, 48.18545097328721], [-82.25210289531537, 48.18941827359111], [-82.25392719609503, 48.19082837369703]]}, "properties": {"OBJECTID": 5608}}, {"type": "Feature", "id": 5609, "geometry": {"type": "LineString", "coordinates": [[-81.94123709940736, 48.23975749876877], [-81.94127489943297, 48.239861498782105], [-81.94182709971294, 48.24063369886605], [-81.941980699785, 48.2408029988826], [-81.94236509995282, 48.24112679890913], [-81.94260670005303, 48.24128929891974], [-81.9432463003112, 48.24166239893916], [-81.94342180038694, 48.24180349895029], [-81.94354910044768, 48.2419516989652], [-81.94372800054502, 48.24225379900012], [-81.94377030057832, 48.242406699020535], [-81.94386710068, 48.24295619909697], [-81.94403640077168, 48.24323909912958], [-81.94446400096784, 48.243674199170286], [-81.94473680108409, 48.243882199185826], [-81.94497400118381, 48.2440517991977], [-81.94533310133596, 48.24431789921708], [-81.94546450139421, 48.24443559922717], [-81.94557030144594, 48.244568799241044], [-81.94585380159697, 48.2450222992926], [-81.94599590171144, 48.2455551993641], [-81.94606660181756, 48.246208099457434], [-81.94638330192757, 48.246251899446044]]}, "properties": {"OBJECTID": 5609}}, {"type": "Feature", "id": 5610, "geometry": {"type": "LineString", "coordinates": [[-82.22169748549712, 48.190793475531486], [-82.22429768601178, 48.18812857498594], [-82.22481108615082, 48.18789577492193], [-82.22695568684217, 48.18778917478371], [-82.23159818805831, 48.18536137415694], [-82.23291608842025, 48.18480317399853]]}, "properties": {"OBJECTID": 5610}}, {"type": "Feature", "id": 5611, "geometry": {"type": "LineString", "coordinates": [[-82.23290838841778, 48.18480327399901], [-82.23398628870856, 48.18430587386332], [-82.23462498888088, 48.18401107378293], [-82.23541008909305, 48.18365177368461], [-82.23614188929008, 48.18331107359202], [-82.23683368947634, 48.18298867350454], [-82.2371174895049, 48.182481773412775], [-82.23735028953178, 48.18209237334144], [-82.2374393895345, 48.18188447330531], [-82.23708188937617, 48.18156447327805], [-82.23657478915295, 48.181121173240925], [-82.23657348915238, 48.18112007324083], [-82.23565268874661, 48.18031127317276], [-82.23488308840749, 48.179635673116], [-82.2340720880491, 48.17891567305493], [-82.23305518760151, 48.1780268729804], [-82.23235468729423, 48.177422572930304], [-82.23166778699253, 48.17682707288067], [-82.23036138641628, 48.175674872783425], [-82.22909758585394, 48.174522072683615], [-82.22835658553487, 48.17392947263751], [-82.22751818516409, 48.17318267257397], [-82.22674908482634, 48.17251607251844], [-82.2254850842693, 48.171404872424795], [-82.22445468381511, 48.17049817234835], [-82.2234245833622, 48.16960037227318], [-82.2228750831204, 48.16912037223294], [-82.22206468276349, 48.16840927217311], [-82.22139168246756, 48.16782257212392], [-82.22049888207451, 48.167040372058146], [-82.21924898152446, 48.16594697196629], [-82.21815008103987, 48.16497787188443], [-82.21703798055215, 48.164017971804626], [-82.21602148010369, 48.163120071728635], [-82.21489557960919, 48.16214227164688], [-82.2137970791259, 48.16118217156627], [-82.21264377861901, 48.160177671482096], [-82.21166877818997, 48.159324171410354], [-82.21069417776219, 48.15847977133988], [-82.21021807743112, 48.157108171162314], [-82.21000137727889, 48.15647167107969], [-82.20125187124314, 48.13161466786682], [-82.20223887140703, 48.13035226762204]]}, "properties": {"OBJECTID": 5611}}, {"type": "Feature", "id": 5612, "geometry": {"type": "LineString", "coordinates": [[-81.97789331008903, 48.22873719504937], [-81.97699030980422, 48.228837295115454], [-81.97618250962728, 48.22954039526603], [-81.97603170983777, 48.23159029558039], [-81.97559100972389, 48.231837295642194], [-81.9755670097448, 48.2320642956774], [-81.97546190972221, 48.232159195697534], [-81.97528060971113, 48.232542695765005], [-81.97505310965623, 48.23270059580142], [-81.97474540957852, 48.232887195846686], [-81.97440140948687, 48.233058095891664], [-81.97404690938949, 48.23321119593455], [-81.97378090935717, 48.233647296014674], [-81.97333480923723, 48.23386029607174], [-81.97468620976264, 48.23449159608937], [-81.97565631048685, 48.23767839650965]]}, "properties": {"OBJECTID": 5612}}, {"type": "Feature", "id": 6401, "geometry": {"type": "LineString", "coordinates": [[-81.86776451192057, 49.28553355619507], [-81.85864510883766, 49.28528015668571], [-81.83184269975092, 49.28435185810024], [-81.81738669488347, 49.28410425889899], [-81.79022938568322, 49.28323206033984], [-81.78713608465263, 49.283262160522504], [-81.78644498439179, 49.28304206053068], [-81.78368998342799, 49.28272796064424], [-81.73480176601639, 49.2748728623282], [-81.69558765153421, 49.26473526312145], [-81.6804234458905, 49.260489863380094], [-81.68035064586378, 49.260472263381764], [-81.67588704414028, 49.2587578633907], [-81.67046324213125, 49.25730976349311], [-81.66451303990901, 49.255585663585826], [-81.6623275392859, 49.25639426382784], [-81.6592766380871, 49.25506686381137], [-81.65702793715622, 49.25373486374818], [-81.65129723510535, 49.25274186393357], [-81.64423023284296, 49.25351016444967], [-81.6392870312607, 49.25405036481101], [-81.63797523095678, 49.25506056503201], [-81.62722312730841, 49.25469216559508], [-81.62541912669617, 49.254630065689504], [-81.61955452428258, 49.251261365539236], [-81.61533562248442, 49.24837396536404], [-81.61064212067319, 49.2465772653734], [-81.59850881608534, 49.24263786549915], [-81.59556911495439, 49.241537665508474], [-81.59315691405844, 49.24087536555087], [-81.58452161077138, 49.237905965615894], [-81.58142030961638, 49.23703106566692], [-81.55933100125355, 49.22977296588083], [-81.54794169691213, 49.225806565958116], [-81.5124152834807, 49.2142576663154], [-81.5092396822412, 49.21293146630461], [-81.50561298057845, 49.209556066022984], [-81.50241077907144, 49.20628226573176], [-81.48631657245684, 49.19704536531158], [-81.4702211657411, 49.18703716477844], [-81.4649904635922, 49.18403596464131], [-81.44761655677321, 49.17646746453269], [-81.4416000543882, 49.17366606446863], [-81.4376301527189, 49.17109406432132], [-81.43630665216236, 49.1702364642722], [-81.42269784668596, 49.16327506403574], [-81.41269304269595, 49.158426763900486], [-81.4112872421244, 49.15766266386945], [-81.40049233772993, 49.15175016362401], [-81.39346783490669, 49.14817616350371], [-81.38936433322986, 49.14587816340282], [-81.38441473114926, 49.142665463217], [-81.38340913046292, 49.14001066288845], [-81.37646672783819, 49.13773066295086], [-81.3689291250068, 49.135393663038506], [-81.36376202305335, 49.1336964630847], [-81.35006471786491, 49.12911966319535], [-81.33738451309658, 49.125145463335414], [-81.33109611054068, 49.12171846319302], [-81.32467650812707, 49.11970816326382], [-81.3121030034205, 49.11592876342507], [-81.30811330190059, 49.11452726344674], [-81.29829509818066, 49.11123366352239], [-81.28761079416282, 49.10787846363769], [-81.27812689077098, 49.106233063933736], [-81.27344648913656, 49.105722564123596], [-81.27197648867485, 49.10595656424059], [-81.27011948809154, 49.106252064388386], [-81.26464398613676, 49.105329264563096], [-81.2607870847566, 49.10465436468241], [-81.25664188319863, 49.10335936472775], [-81.2447532785886, 49.09855906469923], [-81.24281927774962, 49.09709686459535], [-81.2342758741596, 49.09152386426511], [-81.22645597116804, 49.08867436429059], [-81.2213820693223, 49.08755526441329], [-81.1965291604809, 49.08360176523617], [-81.18719345702569, 49.08108946539509], [-81.18576545623517, 49.078694465126254], [-81.17176305098724, 49.074420865290335], [-81.15441654451358, 49.069335865523335], [-81.13129003574043, 49.061457365672034], [-81.1260922337401, 49.05946616567302], [-81.12487263315224, 49.058086665540074], [-81.1218292319057, 49.05634026545585], [-81.11792593046638, 49.055327865526934], [-81.11536572949733, 49.05447136554543], [-81.1065952261107, 49.05102096553335], [-81.09957562347988, 49.048872765613005], [-81.08900931951692, 49.045616065729256], [-81.08376231737444, 49.042651365589975], [-81.08056851603236, 49.04055316546226], [-81.08018341588107, 49.04038166545875], [-81.0767680145395, 49.03886016542765], [-81.07324661318502, 49.03751306542787], [-81.07104111221203, 49.03570636528729], [-81.06873371108387, 49.03296406501557], [-81.0666287100271, 49.030248664736405], [-81.06439880905721, 49.02852726460949], [-81.06249830822267, 49.026999064492365], [-81.05879930665363, 49.02445066432667], [-81.05565700519962, 49.02134876404879], [-81.04843670185079, 49.014155563400266], [-81.0376981968776, 49.00350416244168], [-81.03678169643997, 49.00249246234479], [-81.03501969561874, 49.00070286218127], [-81.03381699505626, 48.99946636206744], [-81.03275249414855, 48.99519376150138], [-81.0322415937309, 48.99328226125002], [-81.02780949225325, 48.99333736150556], [-81.02243248937735, 48.9849995605846], [-81.01733288696761, 48.97955356007135], [-81.01619628638325, 48.97797205990307], [-81.00960998325371, 48.97079845921918], [-81.0072451821479, 48.9683599589936], [-81.00670708189317, 48.967780658938715], [-81.00713588190786, 48.96677815876783], [-81.00612768141427, 48.965566158646354], [-81.00490038087574, 48.964575458569556], [-81.0034101803346, 48.96424845860472], [-81.00292038010052, 48.963703658552156], [-81.00217487969118, 48.96246235841171], [-81.00191207898622, 48.957662857722596], [-81.0002836779852, 48.95411725729332], [-80.99789387672156, 48.95051105689758], [-80.99579337559942, 48.947250856536336], [-80.9945593749552, 48.94545205634116], [-80.99307737419115, 48.94336655611775], [-80.99056937285529, 48.93950205569035], [-80.98959797247893, 48.93910415568605], [-80.98747137175567, 48.93901745579176], [-80.98613257125187, 48.93858495580286], [-80.98542397089696, 48.93766815570771], [-80.98495177058241, 48.93644875555508], [-80.98366596989447, 48.934442255332144], [-80.98321996963863, 48.93361205523506], [-80.9835616696022, 48.932435955043445], [-80.98015016809944, 48.92962485482063], [-80.97755206705205, 48.92824075476201], [-80.97521646612341, 48.92709705472406], [-80.97012656394686, 48.92341185446609], [-80.9637258611998, 48.91869695412961], [-80.95858535897462, 48.91476045383722], [-80.95787815853859, 48.913203553647755], [-80.949919955128, 48.907372553233266], [-80.94279125207912, 48.90219425286823], [-80.93184134739026, 48.89418955229948], [-80.92863424605238, 48.89212105217333], [-80.92230594335275, 48.887569651855095], [-80.91197283935175, 48.883325151804016], [-80.90620263709813, 48.88080185175273], [-80.89671573305989, 48.87403795128321], [-80.89188033098617, 48.87046665102542], [-80.89112193064595, 48.869789350967764], [-80.88351662723515, 48.8629964503888], [-80.8794314252261, 48.85795464987247], [-80.87534832317917, 48.85260674931069], [-80.87284302193424, 48.84941044897837], [-80.8717294213967, 48.84811384884893], [-80.86568641900668, 48.84522374875744], [-80.85881671589095, 48.83879704819012], [-80.8424848084886, 48.82353674684252], [-80.8334813046682, 48.817168446400316], [-80.81671379661182, 48.797851144474116], [-80.81486079576617, 48.79606694431288], [-80.81198809445856, 48.79332754406673], [-80.80966739355756, 48.792343144049276], [-80.80458719076213, 48.78367154304821], [-80.80042638864778, 48.777951942432225], [-80.7977384875071, 48.77604004229779], [-80.79756618702321, 48.77266174180781], [-80.79636558638123, 48.77075694159237], [-80.78599778168231, 48.76099994072057], [-80.77886387868242, 48.75613314039344], [-80.77758767755905, 48.75060253964533], [-80.77417707565913, 48.74457303894066], [-80.7731105739611, 48.7339106374207], [-80.77686177418165, 48.72568653599628], [-80.7765958737297, 48.72279823558306], [-80.7761413733074, 48.720647235289434], [-80.77327217208496, 48.71855453513721], [-80.76957267045707, 48.715443534879725], [-80.76726086943654, 48.71347323471489], [-80.76589356866394, 48.71096103441776]]}, "properties": {"OBJECTID": 6401}}, {"type": "Feature", "id": 8001, "geometry": {"type": "LineString", "coordinates": [[-81.43967455881884, 48.43918595669522], [-81.43678955798958, 48.44019595700682], [-81.43374625708928, 48.44105925730541], [-81.43065955617752, 48.44194595760993], [-81.4272628551759, 48.44293595794711], [-81.42416455426098, 48.44382925825317], [-81.42104285333849, 48.44472425856081], [-81.41780285238242, 48.44566425888177], [-81.41477955148976, 48.44653755918059], [-81.4115645505398, 48.44746095949767], [-81.40862954967321, 48.44830925978785], [-81.4057862488326, 48.449122560067686], [-81.402081247738, 48.45018926043339], [-81.39923624689632, 48.45099926071281], [-81.39690284628117, 48.45225926103059], [-81.39467124569175, 48.45345596133324], [-81.39252784512466, 48.454597561622755], [-81.39009784448179, 48.45589256195114], [-81.38856284407362, 48.45669426215614], [-81.38557124328364, 48.45830096256216], [-81.38299284260131, 48.45967426291042], [-81.37995624157445, 48.459522563057405], [-81.37659454043812, 48.4593592632208], [-81.37322623929776, 48.45918096338229], [-81.36968453809895, 48.45899596355246], [-81.36623283693045, 48.45881426371808], [-81.36269453573377, 48.458637563889255], [-81.35973123473212, 48.458494264033234], [-81.35601783347477, 48.458297564211186], [-81.353247832536, 48.45814426434287], [-81.34988953142462, 48.45817096453414], [-81.34541622994294, 48.458195964787336], [-81.34237782893409, 48.458194264956504], [-81.34030622824643, 48.45819426507204], [-81.33806452740082, 48.45738926507722], [-81.33636452675434, 48.456737565075], [-81.33522782637851, 48.45674926514014], [-81.33351622581323, 48.45677256523901], [-81.33171952522265, 48.456819265346105], [-81.32986952461899, 48.456902565461654], [-81.32880952442478, 48.458154265706966], [-81.3267495237417, 48.45816096582279], [-81.32463282304066, 48.45817426594272], [-81.32462622324547, 48.45981756618766], [-81.32462452337616, 48.4608592663428], [-81.32461622350989, 48.46194256650441], [-81.32463122369144, 48.46334426671219], [-81.32462282381493, 48.46434596686172], [-81.32464282391503, 48.46508756697092], [-81.32399952369491, 48.46503596699909]]}, "properties": {"OBJECTID": 8001}}, {"type": "Feature", "id": 8017, "geometry": {"type": "LineString", "coordinates": [[-81.13470414239863, 48.31738845545583], [-81.1309724411608, 48.31739275566244], [-81.12736543996422, 48.31739685586211], [-81.12494213916038, 48.31739955599619], [-81.12195583819762, 48.3176277561952], [-81.1209416378844, 48.31781655627942], [-81.12026553766015, 48.31781735631685], [-81.11964523744038, 48.31770555633431], [-81.1196461374873, 48.31808115639052], [-81.11981673762783, 48.318757956482486], [-81.12015703783862, 48.31954705658196], [-81.12027123796034, 48.320222856676885], [-81.12032973808704, 48.32108755680315], [-81.11999373810613, 48.322140556979434], [-81.11965923818641, 48.323682757228895], [-81.11960773841182, 48.32563735752445], [-81.1195556386277, 48.32751665780875], [-81.11955693869345, 48.32804295788755], [-81.1192760386608, 48.328531257976145], [-81.11927823877818, 48.329471458116814], [-81.11927963885336, 48.330073158206844], [-81.11928183897534, 48.33105035835309], [-81.1196223391863, 48.33183945845241], [-81.1204138395888, 48.332965558577364], [-81.12092413989356, 48.33405585871243], [-81.12103834001535, 48.334731658807314], [-81.12087184009549, 48.33582265897982], [-81.12076074013797, 48.336461559081634], [-81.12053694015698, 48.33721305920645], [-81.12020004011528, 48.33777795930965], [-81.12025864026543, 48.33883055946396], [-81.12043014044833, 48.339844759606365], [-81.1203611406828, 48.34191725992041], [-81.12045564087373, 48.34320186010741], [-81.12031484098063, 48.344438760300356], [-81.11958684093264, 48.34599846057395], [-81.11847414071902, 48.34725226082305], [-81.11779994057424, 48.34788866095546], [-81.1176594406338, 48.34874396109124], [-81.11755294073195, 48.34981826125791], [-81.11787874095201, 48.35071876137468], [-81.11797834102484, 48.351038661417], [-81.11779684113407, 48.352402661631146], [-81.11792304122261, 48.352777961680324], [-81.11846844154464, 48.35391226181991], [-81.11824914162506, 48.355144962016446], [-81.11733064140154, 48.35580046216524], [-81.11491004083182, 48.35768346258061], [-81.11393084056557, 48.35815756270562], [-81.11246854019764, 48.359104362928], [-81.11156624001899, 48.36007726312334], [-81.11066673988395, 48.36139396336997], [-81.10987863971569, 48.36214596352596], [-81.10834423933707, 48.363199563768305], [-81.10695063903806, 48.36451706404228], [-81.10627483889309, 48.365156464175236], [-81.10548633871548, 48.36583426432015], [-81.10435983844422, 48.3666618645061], [-81.10362773827597, 48.36726416463663], [-81.1032203381879, 48.36764446471595], [-81.10263593804629, 48.368066364811376], [-81.10083173760817, 48.36936236510476], [-81.09903043717844, 48.370718265407], [-81.09704713675269, 48.372592565796786], [-81.09653873667861, 48.37335506593888], [-81.09548243650003, 48.37474076620436], [-81.09552483672373, 48.37642596645408], [-81.09552513693153, 48.37809646670382], [-81.09595103738522, 48.38060616705555], [-81.09615253760282, 48.38181726722552], [-81.0964378378846, 48.38332056743449], [-81.09672863805196, 48.38388906750347], [-81.09739793843676, 48.38519486766167]]}, "properties": {"OBJECTID": 8017}}, {"type": "Feature", "id": 8033, "geometry": {"type": "LineString", "coordinates": [[-81.09739793843676, 48.38519486766167], [-81.09801553873183, 48.38591736773557], [-81.09847983891767, 48.386170767747835], [-81.10089993982577, 48.387007167739256], [-81.10327074074222, 48.38804226776301], [-81.10390104100101, 48.388438867787485], [-81.10434914119786, 48.388824567820414], [-81.10646674223018, 48.391465168098115], [-81.10724904271122, 48.39324076832022], [-81.10788164310405, 48.39470766850449], [-81.10851544356193, 48.396693068766105]]}, "properties": {"OBJECTID": 8033}}, {"type": "Feature", "id": 8049, "geometry": {"type": "LineString", "coordinates": [[-81.20974438623603, 48.468957573938866], [-81.20966858615525, 48.46851467387711], [-81.209188685808, 48.46701927368105], [-81.20918808579047, 48.46688147366056], [-81.20986478588608, 48.465851573469614], [-81.20986398585985, 48.46564477343886], [-81.2086376850708, 48.46260517305419], [-81.20812988476196, 48.461488872916135], [-81.2061695839072, 48.4598680727835], [-81.2040173830017, 48.45835097267695], [-81.20158278195869, 48.45648487253408], [-81.19633607972695, 48.452590772244946], [-81.19257387812166, 48.4497571720314], [-81.18317437412227, 48.442763471510155], [-81.175972671064, 48.43744897111698], [-81.17522347073943, 48.4368447710684], [-81.1748075705397, 48.43635317101811], [-81.17421217020892, 48.435290870892686], [-81.17385416998168, 48.43442517078346], [-81.17370236978836, 48.43328347062158], [-81.173550169582, 48.43203837044431], [-81.17326026916184, 48.42944987007428], [-81.17322946910421, 48.42907087001943], [-81.17341926907856, 48.42836186990319], [-81.17325126882818, 48.42680666968046], [-81.17329396877956, 48.426304569603246], [-81.17336606873641, 48.42576796951917], [-81.17352756874448, 48.425403469455865], [-81.17498476897097, 48.42334386906784], [-81.17507256896566, 48.42306806902184], [-81.17510136894569, 48.42283176898494], [-81.17496686885241, 48.42244316893447], [-81.17449176862695, 48.421902468880084], [-81.17422486851248, 48.42169606886411], [-81.17391366838702, 48.42151936885499], [-81.17256616787931, 48.42103906885798], [-81.17169256754867, 48.42071546885809], [-81.17113036735464, 48.42065726888052], [-81.16908216668078, 48.42070956900177], [-81.16332936477802, 48.42077686933044], [-81.1629817646626, 48.42077736934976], [-81.1593565633863, 48.42020166946457], [-81.15580706190075, 48.41775036929526], [-81.15169806031562, 48.41598886925982], [-81.15106106005861, 48.41562546924085], [-81.14796405875482, 48.413424369083664], [-81.14742365854774, 48.41320356908065], [-81.14040845593922, 48.41097776913648], [-81.13918035549578, 48.410693769162], [-81.13841865523237, 48.410610969191794], [-81.13262115324686, 48.410135469441485], [-81.13044705250027, 48.4099410695327], [-81.12927135209877, 48.40985376958466], [-81.12447845039394, 48.40895336971526], [-81.12339115000447, 48.40872716974155], [-81.12241454964452, 48.408442769753066], [-81.12171754930498, 48.40757716966234], [-81.12136174913894, 48.407193669624746], [-81.12074014889686, 48.40690876961656], [-81.11970434850869, 48.406555469621075], [-81.1181951479497, 48.40609436963565], [-81.117388947658, 48.40590326965166], [-81.1156115468934, 48.40450716954136], [-81.11482654655292, 48.40386806948929], [-81.11407104621858, 48.40319946943119], [-81.11329964581574, 48.40202386929818], [-81.11129794481356, 48.39931866900469], [-81.11069784453882, 48.398713768947445], [-81.11028324436187, 48.398399168923376], [-81.10958744407188, 48.39792726889128], [-81.10899504380643, 48.39737656884178], [-81.10851544356193, 48.396692868766095]]}, "properties": {"OBJECTID": 8049}}, {"type": "Feature", "id": 8065, "geometry": {"type": "LineString", "coordinates": [[-81.09632543777361, 48.38272846735217], [-81.09229533652103, 48.38342236767843], [-81.08968153574067, 48.38412986792845], [-81.08751253512861, 48.38500256817863], [-81.08279143349115, 48.384448668356356], [-81.08073443281319, 48.38449296847649], [-81.08056123275306, 48.38447236848294]]}, "properties": {"OBJECTID": 8065}}, {"type": "Feature", "id": 17281, "geometry": {"type": "LineString", "coordinates": [[-84.5402028175787, 48.019786113337595], [-84.53786801710311, 48.02182571377925], [-84.53665081685388, 48.02287931400803], [-84.5370027178359, 48.029284514925834], [-84.53711971815589, 48.03136561522381], [-84.5371534182523, 48.03199611531419], [-84.53724171849223, 48.0335547155373], [-84.53745641909559, 48.03749151610126], [-84.53779392000047, 48.04335641694028], [-84.54264272253755, 48.050532717695766], [-84.54284562264382, 48.05083401772749], [-84.54346732295845, 48.05167511781275], [-84.54432052339112, 48.05283611793069], [-84.54695422472926, 48.056437718297396]]}, "properties": {"OBJECTID": 17281}}, {"type": "Feature", "id": 17601, "geometry": {"type": "LineString", "coordinates": [[-85.22719382209443, 48.61473965675036], [-85.22675172195426, 48.61475665678072], [-85.2258342216664, 48.61481395684681], [-85.22480472133095, 48.614790956908536], [-85.22387822101831, 48.61469575695348], [-85.2229794207044, 48.61452945698645], [-85.22198392034338, 48.6142522570098], [-85.22130412008562, 48.613984757014556], [-85.22023831966648, 48.61346125700719], [-85.21883091909577, 48.61264915698016], [-85.21728651845423, 48.611651656935365], [-85.2164701181387, 48.61128905693514], [-85.21563431779335, 48.61076195691271], [-85.21587631782143, 48.61041345684773], [-85.21514521752238, 48.60997365683107], [-85.21371681694313, 48.609149256803605], [-85.21222631633451, 48.60825965677074], [-85.21145631602039, 48.607802556754116], [-85.20920101510796, 48.60651545671275], [-85.2076518144714, 48.60556295667459], [-85.20638381394981, 48.60477915664271], [-85.20502181340075, 48.604015156619646], [-85.20418361306554, 48.60356415660812], [-85.20346511279281, 48.603279156612786], [-85.20281031255855, 48.60311895663125], [-85.20172051218739, 48.60298295668054], [-85.20096921194975, 48.603016456732746], [-85.20027651174037, 48.60311515679055], [-85.1995521115333, 48.6033013568628], [-85.1988951113509, 48.603507756933716], [-85.19803621110698, 48.60373945702095], [-85.19716951086322, 48.6039900571114], [-85.196299510617, 48.60423115720067], [-85.1954116103647, 48.6044695572907], [-85.19453031011689, 48.60472475738273], [-85.19368460988198, 48.60498995747394], [-85.192817009641, 48.605262057567465], [-85.19192940938771, 48.605493257656484], [-85.19164420935988, 48.60594105773834], [-85.19087440914691, 48.60618845782224], [-85.19002730890234, 48.60638935790432], [-85.18853150845884, 48.60666335803775], [-85.18749650814397, 48.60679705812211], [-85.18652830784228, 48.6068722581939], [-85.18557160754088, 48.606923858261624], [-85.18447570719188, 48.60695655833541], [-85.1825634065854, 48.607031158466576], [-85.17990510573604, 48.607091458642834], [-85.17978580564368, 48.60671585859676], [-85.17867840529361, 48.60676735867391], [-85.17671390467795, 48.60689575881608], [-85.17588110442362, 48.60699685888302], [-85.17500050415818, 48.6071281589573], [-85.17409150388251, 48.607251759032245], [-85.17315620360307, 48.60740835911353], [-85.17224170333307, 48.60758425919633], [-85.17133440306543, 48.60776025927859], [-85.17042370279597, 48.60793145936045], [-85.16947300251526, 48.60811395944643], [-85.16959850261335, 48.60851585949595], [-85.16864850233013, 48.60867925957911], [-85.16783400208037, 48.60877105964354], [-85.16708720183996, 48.60877575969133], [-85.1662567015628, 48.60871255973466], [-85.16544000127821, 48.6085662597652], [-85.1646440009894, 48.608344159783684], [-85.16399950074647, 48.608100559789484], [-85.16336150049432, 48.60777855978374], [-85.16248050014515, 48.60732645977471], [-85.16118319961905, 48.606577359749544], [-85.1611631995358, 48.60604145967426], [-85.1599811990734, 48.60547745966819], [-85.15865759861447, 48.60525635972004], [-85.15756619826304, 48.6052626597897], [-85.15698919808777, 48.605339159836966], [-85.15634659789482, 48.605440759891955], [-85.15520299754827, 48.60559855998655], [-85.1542132972531, 48.605768360073185], [-85.15264299678138, 48.60601456020726], [-85.15156429645452, 48.60616386029652], [-85.15046639612653, 48.606348560392085], [-85.14939039580395, 48.60652176048453], [-85.14823159545547, 48.606700660583144], [-85.14720249514745, 48.60686976067209], [-85.14612629482546, 48.60704766076528], [-85.14504989450404, 48.607230260859154], [-85.14394929417175, 48.60739106095145], [-85.14285869384507, 48.60756866104547], [-85.14178989352482, 48.60774186113753], [-85.14094519327055, 48.60787106120918], [-85.1401510930314, 48.60799156127641], [-85.13913999272853, 48.60815606136359], [-85.13823319245819, 48.6083128614431], [-85.1370453921012, 48.60849836154439], [-85.13606959181215, 48.60868006163176], [-85.1350298914992, 48.60883936171998], [-85.13401209119208, 48.60898956180554], [-85.13295119087125, 48.60914136189399], [-85.13196499057676, 48.609308661980016], [-85.13096869027659, 48.609459062064225], [-85.13001918999132, 48.609607962145276], [-85.12938358980058, 48.60970946219976], [-85.12896618966961, 48.60973606222984], [-85.12910868977558, 48.6101549622807], [-85.12800848944092, 48.61029886237053], [-85.12693458911038, 48.610412362454355], [-85.1259302887967, 48.61048646252816], [-85.1250174885059, 48.610514462589606], [-85.12405898819654, 48.610515462650106], [-85.1221571875796, 48.61049636276712], [-85.12119908726899, 48.610487962826205], [-85.12010568690991, 48.610446262889084], [-85.11915128660019, 48.61043546294758], [-85.11794218620716, 48.610418063021214], [-85.11660028577136, 48.610400863103195], [-85.11595798556276, 48.610392763142485], [-85.11429408501878, 48.610346463240624], [-85.1135669847778, 48.610303563280226], [-85.11224548433904, 48.61022006335149], [-85.11084538387368, 48.610128063426416], [-85.11012528363571, 48.61009006346635], [-85.10830648303002, 48.609962563562554], [-85.10725328268157, 48.609904763620584], [-85.10635428238366, 48.60985196366963], [-85.10530468203608, 48.609791863727025], [-85.1032917813689, 48.60967296383673], [-85.1023212810467, 48.60961176388904], [-85.10041198041492, 48.609506463994094], [-85.09942788008522, 48.60942356404416], [-85.09843957975683, 48.60935966409721], [-85.09744397942647, 48.60929796415102], [-85.09637287907212, 48.60923976421007], [-85.09531297871979, 48.60916986426678], [-85.0952450786419, 48.60877836421509], [-85.094289078324, 48.60871496426618], [-85.09343877804771, 48.60870326431797], [-85.09235897770995, 48.60878056439697], [-85.09141717742459, 48.60891256447501], [-85.089391376843, 48.60942166467518], [-85.08837747654884, 48.609654764772266], [-85.08737427625815, 48.609888064868684], [-85.08660697603432, 48.610056264940916], [-85.08542967569412, 48.610336665055016], [-85.08552137578417, 48.61075946510968], [-85.08459857551422, 48.61095596519578], [-85.08362697522287, 48.61111356527938], [-85.08276387496342, 48.611249165353044], [-85.08182627467669, 48.611362065428104], [-85.08047497425937, 48.61149666553233], [-85.07948427395263, 48.61158966560789], [-85.07845797363288, 48.61167256568426], [-85.07744577331913, 48.61176516576115], [-85.07639037299165, 48.61185936584094], [-85.07534227266585, 48.61194896591965], [-85.0743086723444, 48.61203646599714], [-85.07324587201549, 48.612137666078354], [-85.0721647716817, 48.6122457661618], [-85.07133307142217, 48.61231036622329], [-85.07067537121254, 48.612330266267456], [-85.069933270969, 48.61230356631032], [-85.06927307074116, 48.612202066337346], [-85.06862587050905, 48.612041166355], [-85.0680302702883, 48.61184316636413], [-85.0673000700176, 48.61159996637529], [-85.06663586976299, 48.61131986637701], [-85.06637286961444, 48.61087506633], [-85.06542126928123, 48.61069486636402], [-85.06436916894252, 48.61070336643139], [-85.0636288687199, 48.61081946649451], [-85.06235786835009, 48.61110516661517], [-85.0624020684274, 48.611546266675475], [-85.0614539681494, 48.61174456676335], [-85.06062136789267, 48.61183046682792], [-85.05982046763535, 48.61184076687979], [-85.05910516739432, 48.61177156691479], [-85.05836706713706, 48.611640166942415], [-85.05741116680547, 48.61148116697976], [-85.05590636628156, 48.61121776703666], [-85.05548326612956, 48.61111056704793], [-85.0543667657426, 48.6109274670919], [-85.05325416535557, 48.61073486713427], [-85.05306896523682, 48.610322367086994], [-85.05247406504077, 48.61029566712048], [-85.0518438648448, 48.61034926716774], [-85.05121786466104, 48.61047906722566], [-85.05060256449407, 48.61070196729615], [-85.04967216424932, 48.61109326741056], [-85.04886396404298, 48.61147706751614], [-85.04813726385397, 48.61179806760772], [-85.04757496370733, 48.612043167678046], [-85.04665526346571, 48.61243226779143], [-85.04573526322534, 48.61283086790617], [-85.0448114629844, 48.613234168021854], [-85.04394936276084, 48.613619368131026], [-85.04312806254548, 48.61396966823272], [-85.04227286232518, 48.61436216834251], [-85.04141916209952, 48.61471416844644], [-85.040549961873, 48.6150945685554], [-85.03967686164647, 48.615484368665946], [-85.03877906141028, 48.61586186877629], [-85.03793516119124, 48.616237868883054], [-85.03629586076215, 48.61694306908675], [-85.03543416053668, 48.61731406919392], [-85.03453116029117, 48.61763896929701], [-85.03372786008096, 48.61798476939692], [-85.03388416020364, 48.61848966945922], [-85.0330443599706, 48.6187585695504], [-85.03223065974231, 48.61900176963627], [-85.03123585946153, 48.6192870697395], [-85.03023435917655, 48.619557969841125], [-85.0292332588903, 48.619819369941354], [-85.0280357585496, 48.62014407006291], [-85.0273168583464, 48.62034837013726], [-85.02658445813606, 48.620533370209685], [-85.02497985768179, 48.620984270374905], [-85.02455145756065, 48.62110547041908], [-85.02372425732456, 48.62132457050238], [-85.02276665703714, 48.621479570584654], [-85.02193755676814, 48.6214724706357], [-85.02176235670903, 48.62145517064418], [-85.02096595643567, 48.621343870678274], [-85.02013465613463, 48.62111767069814], [-85.01916745578762, 48.62087727072452], [-85.01820165543599, 48.6206012707457], [-85.01828865540857, 48.62021237068464], [-85.01690225491006, 48.61985997072131], [-85.01560475444323, 48.61952817075537], [-85.01467265411071, 48.619309770782614], [-85.01384905383632, 48.61925267082615], [-85.01323145363686, 48.6192539708651], [-85.01254755342224, 48.619299270914524], [-85.01191445323508, 48.61942167097176], [-85.01194585331363, 48.61990067103824], [-85.01108235306731, 48.62013087112536], [-85.01022615283566, 48.620446971224254], [-85.0094058526157, 48.620763671321], [-85.00855455238084, 48.62104657141483], [-85.00773845215983, 48.62134657150897], [-85.00589715166639, 48.6220597717265], [-85.0051585514628, 48.622306471808095], [-85.00426045120012, 48.622500371892166], [-85.00329525091152, 48.622664571976166], [-85.0012181502851, 48.622980872151736], [-85.00023924998959, 48.62312807223421], [-84.99966814981883, 48.623225272283904], [-84.99918624961389, 48.62288127226498], [-84.99841994938426, 48.62300837233123], [-84.99757854914246, 48.623219872414275], [-84.99667524890964, 48.62363507253027], [-84.99617214878715, 48.62391667260208], [-84.9956193486726, 48.62436647270108], [-84.99547504864123, 48.62447347272543], [-84.99480724850285, 48.625016472844926], [-84.99413374835679, 48.625518972959], [-84.99343714820897, 48.62606147308027], [-84.99274424806204, 48.62660167320096], [-84.99207734792017, 48.627118473316614], [-84.99146184779099, 48.62760757342518], [-84.99078664765051, 48.62815287354548], [-84.99015884753564, 48.628770373673085], [-84.9895306474091, 48.6293068737892], [-84.98889164729191, 48.62993367391887], [-84.98828094717244, 48.63047997403527], [-84.98765404705449, 48.63107367415942], [-84.98806854724768, 48.63148797419266], [-84.98759584715447, 48.63190577428201], [-84.98707574703528, 48.63224907436368], [-84.98647874689682, 48.6326313744558], [-84.98583774674738, 48.63303677455392], [-84.98525624660951, 48.63338837464064], [-84.9843124463791, 48.633912174774686], [-84.98320884611596, 48.63456897493779], [-84.98245074593619, 48.635026975050835], [-84.98169304575482, 48.63547307516208], [-84.98091394556617, 48.635916475274314], [-84.9801564453842, 48.63635787538489], [-84.97932364517766, 48.63679797550002], [-84.97863654501047, 48.637183375598234], [-84.97798724484916, 48.637524275687646], [-84.97742284470664, 48.637804775763165], [-84.9765526444801, 48.63818947587271], [-84.97587244430359, 48.638494075958874], [-84.9749732440683, 48.63888297607088], [-84.97384254377683, 48.639403376216194], [-84.97320094352621, 48.63910167621329], [-84.9725878433753, 48.6394336762992], [-84.97142964309602, 48.64010117646719], [-84.97168364324578, 48.640574676518916], [-84.97091454308784, 48.64121097665808], [-84.97071554304131, 48.64133597668843], [-84.97011724291903, 48.64183487679727], [-84.9696127428127, 48.64223297688578], [-84.96910834270605, 48.64262877697394], [-84.96847814255908, 48.643027077070414], [-84.9676787423583, 48.64343197717839], [-84.96700914218518, 48.64373677726391], [-84.9664086420316, 48.64402127734224], [-84.96544964178452, 48.64446377746563], [-84.96465174157908, 48.64483287756841], [-84.96379314136514, 48.64527957768608], [-84.96337704125396, 48.64544357773558], [-84.96258774096975, 48.6452415777562], [-84.96192264080729, 48.64561067785066], [-84.96150504072615, 48.645988877930876], [-84.96118564067268, 48.646337878000814], [-84.96092664065382, 48.646792778082], [-84.96081484067012, 48.64715977814142], [-84.96074254072434, 48.64770357822367], [-84.96148784101055, 48.648019078222006], [-84.96150184108006, 48.64847397828615], [-84.96147294114748, 48.64901147836475], [-84.96142654116976, 48.649272478404924], [-84.96130604117572, 48.6495869784574], [-84.96097514113373, 48.650042878543296], [-84.96046104103243, 48.65049797864057], [-84.95990494090042, 48.65083327872334], [-84.95922644071726, 48.65108787880229], [-84.95859184053276, 48.65123377886288], [-84.9570737400741, 48.651461478990655], [-84.95587593971716, 48.651675879096395], [-84.9539038391288, 48.652024179269795], [-84.951851638518, 48.65239707945176], [-84.9512436383367, 48.65250527950534], [-84.95076873819816, 48.652611079550205], [-84.95067773824874, 48.653171279635934], [-84.95046403826164, 48.65374587973145], [-84.95058963836618, 48.65419327978749], [-84.95142003873458, 48.65489127983513], [-84.95176643891728, 48.65538537988396], [-84.95192523905511, 48.655990479960444], [-84.95194823909527, 48.65621937999168], [-84.95178653918232, 48.6571948801412], [-84.95166263923713, 48.65785918024384], [-84.95138483921458, 48.65833038032856], [-84.95253803977843, 48.659664880446805], [-84.95289763996988, 48.66019018049934], [-84.95351244023094, 48.660624780522845], [-84.95430644052664, 48.66089598051176], [-84.95552394093528, 48.66099858045004], [-84.95581674098588, 48.66068958038753], [-84.95632814112203, 48.66048438032616], [-84.95673744125553, 48.66049168030154], [-84.9579460416422, 48.6604607802213], [-84.95899484200878, 48.66065068018265], [-84.96060604272883, 48.662040880280095], [-84.96021524263745, 48.66228628033964], [-84.9605120428275, 48.66294378041496], [-84.96161894326202, 48.66347758042171], [-84.96263774369977, 48.66423348046573], [-84.96323034395637, 48.66468678049326], [-84.964182944506, 48.666374680674465], [-84.96447154469747, 48.6670605807543], [-84.96480374492701, 48.66791388085528], [-84.96572774544151, 48.66942038101237], [-84.96662504594052, 48.6708786811642], [-84.96683314606015, 48.67124418120335], [-84.96736404631234, 48.6718058812502], [-84.9676688464519, 48.67209208127193], [-84.96940974713823, 48.67295118128524], [-84.97028144749066, 48.67344268130069], [-84.9712103479135, 48.67429698136433], [-84.97341194890137, 48.67622098150068], [-84.97451014931406, 48.67662118148885], [-84.9751725495246, 48.676594781443534], [-84.97543374957505, 48.67635658139313], [-84.97665214998264, 48.67644938132988], [-84.97816835055274, 48.67700448131389], [-84.97916965092091, 48.67731248129497], [-84.98024665137704, 48.67806448133463], [-84.9814280519055, 48.6790849814061], [-84.9829969526135, 48.680483581507076], [-84.98317105269008, 48.68062468151628], [-84.9837227530043, 48.68157228161684], [-84.9842665533187, 48.68253868172053], [-84.98444015347425, 48.683232081808534], [-84.98454385360009, 48.68387658189399], [-84.98436675376539, 48.68543028212673], [-84.98429615384124, 48.68611938222944], [-84.98393095379514, 48.686622382324174], [-84.98419655401135, 48.68753158243713], [-84.98456015421795, 48.68815208250282], [-84.98481985435042, 48.688489882534704], [-84.98585075488108, 48.689864782666014], [-84.98644485518675, 48.69065598274155], [-84.98660025527288, 48.69090618276748], [-84.98769115586619, 48.69258208293794], [-84.98838055617018, 48.6931463829751], [-84.98945565660885, 48.69377928299778], [-84.99286915795564, 48.69546698302392], [-84.99314675808168, 48.69571938304249], [-84.99352705823372, 48.69592118304737], [-84.99322425839779, 48.69774888332695], [-84.99288265861142, 48.700009083670665], [-84.99241585879514, 48.702343284032686], [-84.99204675894315, 48.704207784321675], [-84.99144385882094, 48.70471618443203], [-84.9917818590603, 48.705621884539916], [-84.99179455907061, 48.70566498454524], [-84.99314795971222, 48.70708348466231], [-84.99325955976093, 48.70717108466783], [-84.99488676041194, 48.70803738468899], [-84.99528226051433, 48.70785858463863], [-84.99587686074176, 48.708102184636004], [-84.99668686106611, 48.70853528464676], [-84.99759796144802, 48.70914148467591], [-84.99817986169111, 48.70952288469366], [-85.00053766274728, 48.7115633848362], [-85.0020690634286, 48.7128563849241], [-85.0028362638429, 48.71401218504052], [-85.0036096642367, 48.71501108513419], [-85.00430876464118, 48.71625148526692], [-85.00493886501286, 48.717419285393674], [-85.00528726519286, 48.717887185438386], [-85.00570476540565, 48.71842758548914], [-85.00612916562206, 48.71897768554083], [-85.00703836608965, 48.720183585655384], [-85.00776926646824, 48.72117218575019], [-85.00788396653306, 48.72136458577038], [-85.00747096656659, 48.72252858596216], [-85.00736886659078, 48.722926786025305], [-85.00719306659776, 48.72337128609961], [-85.00714976661031, 48.72355618612869], [-85.00735146688409, 48.725006986322605], [-85.00767176707889, 48.725640886392746], [-85.00848366758193, 48.72731168657961], [-85.00886256781844, 48.72810378666854], [-85.0096730683265, 48.72981258686083], [-85.00998576852092, 48.730460686933476], [-85.01074156910565, 48.73282558722258], [-85.01090246922732, 48.7333091872813], [-85.01043026911641, 48.73360098735256], [-85.00917826876271, 48.73396028748251], [-85.00710536817066, 48.734509987691155], [-85.0069069680689, 48.7342494876666], [-85.00633416787247, 48.73417288769174], [-85.004474067282, 48.73425498782045], [-85.00425756721408, 48.73427018783624], [-85.00288106682729, 48.73467958798116], [-85.00253116678226, 48.73515438807072], [-85.00240676685394, 48.73593298818944], [-85.00175016701282, 48.738516188598474], [-85.00112166715701, 48.740933288982035], [-85.00052416730306, 48.74329378935562], [-84.99985076743812, 48.74574818974734], [-84.99921586757686, 48.74814139012784], [-84.99867436769406, 48.75017439045125], [-84.99862126799947, 48.75241579077346], [-84.99870406806556, 48.752688590807075], [-84.99919366822397, 48.75268749077615], [-84.99975576861304, 48.75412549094537], [-84.99966496870402, 48.75496189107004], [-84.99955646874879, 48.755516991155844], [-84.99913206874052, 48.756414191310185], [-84.99824786857938, 48.75728429148966], [-84.99597886816024, 48.75947759194446], [-84.99486326795311, 48.76054849216702], [-84.99299176750057, 48.76161559243661], [-84.99269686742969, 48.7617865924795], [-84.99210966722768, 48.761704992504804], [-84.98981186661536, 48.76262179277987], [-84.98927596647881, 48.7628790928502], [-84.98835976649917, 48.76508159322115], [-84.98744626653694, 48.767398393608154], [-84.98669166657172, 48.769337093931355], [-84.98583116664255, 48.77176439433067], [-84.98561076666455, 48.77241269443677], [-84.98583856692962, 48.77374019461118], [-84.98602156705589, 48.77420519466582], [-84.98619296716879, 48.77460329471161], [-84.98751946769796, 48.77529299472617], [-84.99009436864985, 48.7761091946801], [-84.99042146877106, 48.77621489467455], [-84.99144496912653, 48.776380294633654], [-84.99250426946821, 48.776370194565516], [-84.9932492696724, 48.77611179448187], [-84.99472657022676, 48.776637394463584], [-84.99536847048368, 48.77697709447145], [-84.99548217060452, 48.777559894547146], [-84.99433867043568, 48.778958694818], [-84.99420287041399, 48.779113394848544], [-84.99318447017208, 48.779724094999466], [-84.99256536999604, 48.779894295062654], [-84.99227466996291, 48.78031769514114], [-84.99248357013471, 48.78104019523069], [-84.99264397036214, 48.78225699539355], [-84.99272957049716, 48.783001095493944], [-84.99352937091213, 48.78408149559712], [-84.9942109712994, 48.785235895718294], [-84.99503737175743, 48.78655469585363], [-84.9954931719763, 48.7870482958951], [-84.99599677222042, 48.78760929594312], [-84.9969658728864, 48.790049296228794], [-84.9976269733159, 48.79154139639916], [-84.99790807348532, 48.79208429645856], [-84.99874497388298, 48.792960496530405], [-84.99962557429353, 48.79382799659812], [-85.00059057473915, 48.794749296668236], [-85.00095787491132, 48.79511749669736], [-85.0020347753008, 48.795397996669415], [-85.00268077546703, 48.79509969658632], [-85.00344047575429, 48.79538429657888], [-85.00403497601235, 48.79583729660577], [-85.00461247627443, 48.79635669664319], [-85.00504497649268, 48.796897396692735], [-85.00530887666682, 48.797511296763275], [-85.00574757694339, 48.79844249686789], [-85.00605317713672, 48.79909529694138], [-85.006241477247, 48.79943649697797], [-85.00688927751213, 48.79981909699149], [-85.00781657782113, 48.79987799694142], [-85.00809497792099, 48.799944696933345], [-85.00854927809338, 48.80011909692949], [-85.00899657828897, 48.80046969695107], [-85.00902517835195, 48.800841497002125], [-85.00837307817956, 48.80111109708148], [-85.00676357769318, 48.8013545972175]]}, "properties": {"OBJECTID": 17601}}]}