{"type": "FeatureCollection", "features": [{"type": "Feature", "geometry": {"type": "LineString", "coordinates": [[-84.74887577396561, 47.935060393342354], [-84.74486771430465, 47.93519134198751], [-84.7406650867412, 47.93262872218433], [-84.73646287364987, 47.930065936366596], [-84.73226107498095, 47.9275029845748], [-84.72805969068474, 47.92493986684953], [-84.7238587207115, 47.92237658323129], [-84.71965816501154, 47.91981313376061], [-84.71545802353509, 47.91724951847805], [-84.71145118715071, 47.91737926485969], [-84.70744432255263, 47.91750887170074], [-84.70343742977097, 47.917638338998714], [-84.6992382391723, 47.915074102852884], [-84.69523149720914, 47.91520327892921], [-84.69122472715792, 47.91533231546817], [-84.68702630871476, 47.91276761037412], [-84.68301968965862, 47.91289635574316], [-84.67882186440528, 47.91033133347793], [-84.67462445323892, 47.90776614571205], [-84.67042745610968, 47.90520079248608], [-84.66623087296774, 47.90263527384047], [-84.66203470376323, 47.90006958981573], [-84.6578389484463, 47.897503740452336], [-84.65383337614495, 47.89763143709523], [-84.6498277760927, 47.897758994267605], [-84.6458221483197, 47.89788641196706], [-84.64181649285597, 47.89801369019114], [-84.63781080973159, 47.89814082893748], [-84.6338050989767, 47.89826782820364], [-84.62979936062133, 47.8983946879872], [-84.62579359469561, 47.89852140828575], [-84.62178780122962, 47.898647989096894], [-84.61778198025344, 47.89877443041823], [-84.61377613179715, 47.89890073224734], [-84.6097702558909, 47.89902689458185], [-84.60576435256472, 47.89915291741934], [-84.60175842184874, 47.89927880075742], [-84.59775246377306, 47.89940454459372], [-84.59374647836778, 47.899530148925834], [-84.58974046566297, 47.899655613751385], [-84.58573442568877, 47.89978093906797], [-84.58172835847526, 47.89990612487323], [-84.57772226405255, 47.900031171164784], [-84.57371614245076, 47.90015607794025], [-84.56970999369999, 47.90028084519726], [-84.56551860188463, 47.89771150119451], [-84.5615126059495, 47.89783597771953], [-84.55750658296073, 47.89796031473203], [-84.55350053294843, 47.89808451222966], [-84.5494944559427, 47.898208570210045], [-84.54548835197366, 47.89833248867084], [-84.54148222107142, 47.89845626760968], [-84.54166619480222, 47.90115030928072], [-84.53784362349904, 47.903968011782034], [-84.53802744393747, 47.90666206145532], [-84.5382112912638, 47.90935610932477], [-84.53839516548308, 47.91205015539027], [-84.53857906660025, 47.91474419965171], [-84.53876299462033, 47.917438242109014], [-84.53894694954828, 47.9201322827621], [-84.53913093138911, 47.922826321610856], [-84.53931494014782, 47.92552035865521], [-84.53549051185239, 47.928338021411754], [-84.53166566880232, 47.93115556589763], [-84.52784041092727, 47.933972992074814], [-84.52401473815691, 47.93679029990525], [-84.52018865042088, 47.93960748935087], [-84.51636214764883, 47.94242456037363], [-84.5125352297704, 47.94524151293546], [-84.50852533314198, 47.945364231822786], [-84.50469776575973, 47.948180937630646], [-84.50068760811334, 47.94830338848024], [-84.49667742380626, 47.94842569954473], [-84.49248547976886, 47.945853709675106], [-84.48829395095773, 47.94328155530582], [-84.48428410209108, 47.94340342410817], [-84.48027422669452, 47.94352515314227], [-84.4762643247983, 47.94364674240579], [-84.47225439643262, 47.943768191896446], [-84.4682444416277, 47.943889501611935], [-84.46423446041378, 47.94401067154991], [-84.46022445282108, 47.944131701708095], [-84.45621441887984, 47.944252592084176], [-84.45220435862025, 47.94437334267587], [-84.44819427207258, 47.94449395348085], [-84.44418415926704, 47.94461442449684], [-84.44017402023388, 47.944734755721555], [-84.43616385500331, 47.944854947152685], [-84.4321536636056, 47.94497499878795], [-84.42814344607095, 47.94509491062508], [-84.42413320242962, 47.94521468266179], [-84.42012293271183, 47.94533431489579], [-84.41611263694784, 47.9454538073248], [-84.41210231516787, 47.94557315994657], [-84.4080919674022, 47.945692372758806], [-84.40408159368103, 47.94581144575925], [-84.40007119403461, 47.945930378945626], [-84.39606076849323, 47.94604917231569], [-84.39205031708708, 47.946167825867164], [-84.38803983984646, 47.9462863395978], [-84.38402933680158, 47.94640471350534], [-84.38001880798271, 47.946522947587525], [-84.37600825342011, 47.94664104184211], [-84.37199767314401, 47.94675899626685], [-84.36798706718467, 47.946876810859514], [-84.36397643557237, 47.94699448561783], [-84.35996577833735, 47.947112020539585], [-84.35595509550987, 47.94722941562252], [-84.3519443871202, 47.94734667086442], [-84.34793365319857, 47.947463786263036], [-84.34392289377527, 47.947580761816155], [-84.33991210888057, 47.94769759752155], [-84.33590129854471, 47.94781429337699], [-84.33189046279797, 47.947930849380256], [-84.32787960167062, 47.94804726552913], [-84.32369575741046, 47.9454689071269], [-84.31968505338521, 47.945585032651934], [-84.31567432407485, 47.945701018329046], [-84.31166356950965, 47.945816864155994], [-84.30748068825, 47.943237890143294], [-84.30347009102692, 47.9433534454084], [-84.29945946864446, 47.94346886082986], [-84.29527736805893, 47.9408894221583], [-84.29126690319329, 47.94100454707128], [-84.28725641326373, 47.94111953214709], [-84.28324589830054, 47.941234377383566], [-84.27906476123997, 47.93865432362193], [-84.27505440403333, 47.93876887841208], [-84.27104402188849, 47.9388832933694], [-84.26703361483568, 47.93899756849173], [-84.26285344161862, 47.936416899929284], [-84.25884319256198, 47.936530884667505], [-84.25483291869281, 47.93664472957731], [-84.25065352668445, 47.93406359700342], [-84.24664341098578, 47.93417715158265], [-84.24263327056994, 47.93429056634006], [-84.2386231054672, 47.9344038412735], [-84.23444467782411, 47.931822094419765], [-84.23043467113122, 47.93193507908498], [-84.22642463984677, 47.93204792393286], [-84.22241458400103, 47.932160628961256], [-84.21823712104025, 47.92957826811728], [-84.21422722384355, 47.92969068293989], [-84.21005035939885, 47.927108009080584], [-84.20587391023871, 47.924525172630545], [-84.20169787631168, 47.921942173630214], [-84.19752225756636, 47.91935901212005], [-84.19334705395126, 47.91677568814051], [-84.18917226541494, 47.91419220173203], [-84.18499789190594, 47.91160855293502], [-84.1808239333728, 47.90902474178998], [-84.17681547775491, 47.90913581471879], [-84.17280699797932, 47.90924674792034], [-84.16879849407626, 47.9093575413925], [-84.16478996607594, 47.90946819513317], [-84.16078141400858, 47.90957870914025], [-84.15677283790444, 47.909689083411635], [-84.15276423779372, 47.90979931794522], [-84.14875561370665, 47.90990941273892], [-84.14474696567348, 47.910019367790646], [-84.14073829372444, 47.91012918309828], [-84.13672959788975, 47.91023885865976], [-84.13272087819966, 47.910348394473], [-84.12871213468438, 47.91045779053589], [-84.12470336737417, 47.91056704684637], [-84.12069457629927, 47.910676163402364], [-84.1166857614899, 47.91078514020179], [-84.11267692297632, 47.91089397724259], [-84.10866806078877, 47.91100267452266], [-84.10465917495748, 47.91111123203997], [-84.10065026551268, 47.91121964979242], [-84.09664133248467, 47.911327927778], [-84.09263237590363, 47.91143606599459], [-84.08862339579986, 47.911544064440164], [-84.0844540767731, 47.90895664038595], [-84.08044525726991, 47.90906434916449], [-84.07643641433908, 47.909171918178934], [-84.07226787862666, 47.90658403270926], [-84.0682591964694, 47.90669131211087], [-84.06425049097955, 47.90679845175533], [-84.0600827387027, 47.904210105055476], [-84.05607419415928, 47.90431695514133], [-84.05206562637835, 47.90442366547704], [-84.04789865765804, 47.90183485773232], [-84.0438902509963, 47.90194127856371], [-84.03988182119204, 47.90204755965196], [-84.03587336827552, 47.90215370099506], [-84.03170736763663, 47.89956428268597], [-84.02769907607671, 47.89967013458813], [-84.02369076149955, 47.899775846752156], [-84.01952554473596, 47.8971859678163], [-84.01551739168795, 47.89729139059378], [-84.01135277436062, 47.89470120082671], [-84.00734478294952, 47.89480633426299], [-84.00333676868081, 47.894911327977304], [-83.99917293539141, 47.89232067790701], [-83.99516508293196, 47.89242538233459], [-83.99115720770986, 47.892529947047294], [-83.98714930975532, 47.89263437204315], [-83.98314138909858, 47.89273865732018], [-83.97897870942917, 47.8901472481125], [-83.97497095088329, 47.89025124417553], [-83.97096316973008, 47.89035510052686], [-83.96680127449228, 47.88776323148186], [-83.96279365562205, 47.88786679867379], [-83.95878601423941, 47.88797022616118], [-83.95477835037454, 47.888073513942125], [-83.95061742462458, 47.885481035847086], [-83.94660992327934, 47.88558403453238], [-83.94260239954671, 47.885686893518404], [-83.93844225854328, 47.88309395600483], [-83.93443489750217, 47.8831965259499], [-83.93027535627243, 47.880603278506825], [-83.92611622971557, 47.87800987051432], [-83.92195751777938, 47.87541630201272], [-83.9177992204117, 47.872822573042335], [-83.9136413375603, 47.87022868364352], [-83.90963487976546, 47.87033036763189], [-83.90562839987989, 47.87043191198199], [-83.90162189793384, 47.870533316691876], [-83.89761537395749, 47.87063458175964], [-83.89360882798107, 47.87073570718336], [-83.88960226003478, 47.87083669296108], [-83.8855956701488, 47.87093753909091], [-83.88158905835337, 47.87103824557094], [-83.87758242467866, 47.87113881239922], [-83.87357576915494, 47.871239239573875], [-83.86956909181237, 47.871339527092964], [-83.86556239268118, 47.87143967495462], [-83.86155567179159, 47.87153968315692], [-83.8575489291738, 47.87163955169796], [-83.85339405575924, 47.86904341444478], [-83.84923959687018, 47.86644711719692], [-83.84508555245421, 47.86385065999473], [-83.84093192245894, 47.86125404287845], [-83.83677870683198, 47.858657265888404], [-83.83262590552093, 47.856060329064896], [-83.82862025499792, 47.8561591641959], [-83.82461458301236, 47.856257859729055], [-83.82060888959444, 47.85635641566247], [-83.81660317477436, 47.856454831994256], [-83.81245153057205, 47.853857139966856], [-83.80844598017669, 47.85395526787052], [-83.8044404084737, 47.85405325618005], [-83.80043481549323, 47.85415110489358], [-83.79642920126552, 47.85424881400926], [-83.79242356582073, 47.854346383525225], [-83.78841790918908, 47.85444381343962], [-83.78441223140074, 47.854541103750606], [-83.78040653248591, 47.85463825445632], [-83.7764008124748, 47.85473526555493], [-83.7723950713976, 47.85483213704458], [-83.76824570101964, 47.85223279787635], [-83.76424012505225, 47.85232938106812], [-83.76023452811327, 47.852425824658496], [-83.75622891023288, 47.85252212864567], [-83.75222327144127, 47.85261829302779], [-83.74821761176864, 47.852714317803034], [-83.74421193124518, 47.85281020296958], [-83.74006409256816, 47.85020981264001], [-83.73605857758199, 47.850305409601745], [-83.73205304183944, 47.85040086696242], [-83.72790599019028, 47.84780002033877], [-83.72375935276641, 47.84519901463859], [-83.71961312951514, 47.84259784990216], [-83.71546732038372, 47.83999652616968], [-83.71132192531944, 47.837395043481415], [-83.70717694426956, 47.834793401877576], [-83.70303237718137, 47.83219160139841], [-83.69888822400212, 47.829589642084116], [-83.69488415921676, 47.82968377217784], [-83.69074060638835, 47.82708150572437], [-83.68673670770751, 47.82717534797065], [-83.68273278866673, 47.827269050712005], [-83.67859002275553, 47.82466632892499], [-83.67458626998891, 47.82475974387451], [-83.67058249695657, 47.82485301932684], [-83.66657870368864, 47.82494615528021], [-83.66257489021531, 47.825039151732845], [-83.65857105656673, 47.825132008682985], [-83.65456720277302, 47.82522472612888], [-83.6505633288644, 47.825317304068754], [-83.646559434871, 47.825409742500845], [-83.64255552082295, 47.82550204142341], [-83.63855158675048, 47.8255942008347], [-83.6345476326837, 47.82568622073296], [-83.6305436586528, 47.825778101116434], [-83.62653966468794, 47.82586984198339], [-83.62253565081926, 47.825961443332076], [-83.61853161707698, 47.826052905160765], [-83.61452756349122, 47.8261442274677], [-83.61052349009218, 47.82623541025116], [-83.60651939691002, 47.826326453509424], [-83.60251528397488, 47.82641735724075], [-83.59851115131698, 47.82650812144342], [-83.59450699896648, 47.82659874611569], [-83.59050282695355, 47.826689231255855], [-83.58649863530836, 47.8267795768622], [-83.58249442406107, 47.82686978293301], [-83.57849019324189, 47.82695984946657], [-83.57448594288097, 47.82704977646115], [-83.57048167300852, 47.82713956391508], [-83.56647738365469, 47.82722921182663], [-83.56247307484966, 47.82731872019409], [-83.55846874662363, 47.82740808901578], [-83.55446439900678, 47.82749731829], [-83.55046003202928, 47.827586408015044], [-83.54645564572132, 47.82767535818923], [-83.54258302985734, 47.83046074490115], [-83.53857839795084, 47.83054942430047], [-83.53457374680087, 47.83063796413078], [-83.53056907643764, 47.830726364390394], [-83.52656438689134, 47.83081462507765], [-83.52255967819212, 47.830902746190866], [-83.51855495037023, 47.83099072772835], [-83.51455020345585, 47.83107856968846], [-83.5105454374792, 47.8311662720695], [-83.50654065247042, 47.83125383486983], [-83.50253584845974, 47.83134125808778], [-83.49853102547739, 47.83142854172167], [-83.49452618355355, 47.83151568576987], [-83.4905213227184, 47.8316026902307], [-83.48651644300216, 47.83168955510253], [-83.48251154443506, 47.831776280383686], [-83.47850662704725, 47.831862866072534], [-83.47450169086898, 47.83194931216743], [-83.47049673593045, 47.83203561866674], [-83.46649176226187, 47.83212178556881], [-83.46248676989342, 47.832207812872], [-83.45860921890602, 47.8349904473568], [-83.45460398209643, 47.83507620351525], [-83.45059872667416, 47.83516182005684], [-83.44659345266945, 47.83524729697996], [-83.44271481013612, 47.83802941169116], [-83.43858284903352, 47.83541783196423], [-83.43445130225629, 47.83280609508904], [-83.43432510350796, 47.83010929863067], [-83.43419892321435, 47.82741250064707], [-83.43006824176929, 47.824800587658785], [-83.42593797442159, 47.822188517632114], [-83.42581226347843, 47.819491699135654], [-83.4216826355335, 47.81687946263906], [-83.42155716829639, 47.81418263314834], [-83.42143171940297, 47.811485802135046], [-83.42130628884982, 47.808788969599256], [-83.42118087663357, 47.80609213554098], [-83.42105548275082, 47.80339529996028], [-83.42093010719816, 47.800698462857156], [-83.42080474997219, 47.798001624231674], [-83.41667711210746, 47.795389164617056], [-83.41254988769676, 47.79277654820245], [-83.4085477589023, 47.79286064196214], [-83.40454561188172, 47.792944596296586], [-83.40054344666517, 47.793028411204205], [-83.39641720114784, 47.790415196125075], [-83.39229136899768, 47.787801824402266], [-83.38816595016114, 47.78518829607584], [-83.38416433249276, 47.78527152979542], [-83.38003951550098, 47.782657697703016], [-83.37603806841557, 47.78274064483609], [-83.37203660335847, 47.78282345258356], [-83.36791257686298, 47.78020916967338], [-83.36378896354033, 47.77759473035594], [-83.35966576333696, 47.774980134671324], [-83.35566484643336, 47.77506236167993], [-83.35166391171862, 47.7751444493343], [-83.3477844341592, 47.777923390557085], [-83.34390454345414, 47.780702206289554], [-83.34002423953666, 47.783480896493245], [-83.33614352233992, 47.786259461129724], [-83.33226239179712, 47.78903790016056], [-83.32838084784143, 47.79181621354727], [-83.32437854938539, 47.791897371419665], [-83.32049636760038, 47.79467542729194], [-83.3164938272319, 47.794756313872774], [-83.31249126933066, 47.79483706099238], [-83.30860822536118, 47.79761472735526], [-83.30472476775884, 47.8003922678779], [-83.30084089645688, 47.80316968252182], [-83.29695661138845, 47.80594697124854], [-83.29307191248677, 47.80872413401955], [-83.289186799685, 47.81150117079638], [-83.28530127291636, 47.81427808154051], [-83.28141533211398, 47.817054866213454], [-83.27752897721106, 47.81983152477667], [-83.2736422081408, 47.82260805719164], [-83.26975502483633, 47.82538446341985], [-83.26586742723082, 47.82816074342277], [-83.26197941525743, 47.830936897161855], [-83.25809098884933, 47.833712924598586], [-83.25420214793968, 47.836488825694374], [-83.25031289246162, 47.83926460041068], [-83.24642322234831, 47.842040248708955], [-83.24253313753287, 47.84481577055062], [-83.23864263794849, 47.847591165897114], [-83.23475172352825, 47.85036643470984], [-83.23086039420534, 47.85314157695023], [-83.22696864991286, 47.85591659257969], [-83.22307649058395, 47.85869148155962], [-83.21918391615174, 47.86146624385143], [-83.21529092654933, 47.8642408794165], [-83.21128274234339, 47.864318181427606], [-83.20738911306972, 47.86709255765117], [-83.20338068766097, 47.86716958724225], [-83.19948641866394, 47.86994370401715], [-83.19559173428365, 47.87271769389553], [-83.19158284335846, 47.87279431834969], [-83.18757393577978, 47.8728708029279], [-83.18356501157797, 47.87294714762867], [-83.17955607078335, 47.873023352450566], [-83.17554711342628, 47.87309941739214], [-83.17153813953708, 47.873175342451944], [-83.16752914914612, 47.87325112762853], [-83.16352014228373, 47.87332677292045], [-83.15951111898026, 47.87340227832628], [-83.15550207926606, 47.873477643844566], [-83.15149302317145, 47.873552869473876], [-83.14748395072681, 47.87362795521279], [-83.1434748619625, 47.87370290105988], [-83.13946575690882, 47.8737777070137], [-83.13545663559616, 47.87385237307286], [-83.13144749805485, 47.873926899235904], [-83.12743834431527, 47.87400128550145], [-83.12342917440773, 47.87407553186804], [-83.11941998836262, 47.87414963833429], [-83.11541078621028, 47.87422360489879], [-83.11140156798106, 47.87429743156012], [-83.10739233370532, 47.87437111831689], [-83.10338308341342, 47.87444466516768], [-83.09937381713571, 47.874518072111094], [-83.09536453490256, 47.87459133914575], [-83.0913552367443, 47.874664466270254], [-83.08734592269134, 47.87473745348319], [-83.08333659277399, 47.87481030078318], [-83.07932724702263, 47.87488300816886], [-83.07531788546764, 47.87495557563881], [-83.07130850813935, 47.87502800319168], [-83.06729911506815, 47.87510029082607], [-83.06328970628438, 47.87517243854062], [-83.05928028181843, 47.87524444633395], [-83.05527084170065, 47.875316314204696], [-83.0512613859614, 47.875388042151464], [-83.04725191463105, 47.87545963017293], [-83.04324242773998, 47.875531078267706], [-83.03923292531856, 47.87560238643443], [-83.03522340739715, 47.875673554671764], [-83.03121387400613, 47.875744582978335], [-83.02720432517584, 47.875815471352794], [-83.02319476093668, 47.87588621979381], [-83.01918518131902, 47.875956828300005], [-83.01517558635322, 47.87602729687006], [-83.01116597606968, 47.876097625502624], [-83.00715635049875, 47.876167814196364], [-83.0031467096708, 47.87623786294995], [-82.99913705361622, 47.87630777176204], [-82.9951273823654, 47.87637754063129], [-82.99111769594869, 47.87644716955639], [-82.98710799439648, 47.87651665853601], [-82.98309827773915, 47.87658600756883], [-82.97908854600706, 47.87665521665354], [-82.97507879923063, 47.87672428578879], [-82.97106903744022, 47.8767932149733], [-82.96705926066619, 47.87686200420575], [-82.96304946893896, 47.876930653484806], [-82.9590396622889, 47.87699916280918], [-82.95502984074636, 47.87706753217759], [-82.9510200043418, 47.87713576158869], [-82.94701015310552, 47.87720385104122], [-82.94300028706796, 47.87727180053387], [-82.93899040625949, 47.877339610065334], [-82.93498051071052, 47.87740727963433], [-82.93097060045139, 47.87747480923959], [-82.92696067551252, 47.877542198879794], [-82.9229507359243, 47.877609448553685], [-82.91894078171713, 47.87767655825997], [-82.91493081292137, 47.87774352799738], [-82.91092082956743, 47.87781035776463], [-82.9069108316857, 47.87787704756046], [-82.90290081930658, 47.8779435973836], [-82.89889079246046, 47.87801000723277], [-82.89488075117772, 47.8780762771067], [-82.89087069548877, 47.87814240700416], [-82.88686062542402, 47.878208396923874], [-82.88285054101384, 47.87827424686458], [-82.87884044228862, 47.878339956825016], [-82.8748303292788, 47.87840552680396], [-82.87082020201473, 47.87847095680015], [-82.86681006052684, 47.87853624681233], [-82.86279990484553, 47.878601396839265], [-82.85878973500118, 47.878666406879724], [-82.85477955102421, 47.87873127693246], [-82.85076935294501, 47.87879600699623], [-82.84675914079399, 47.878860597069824], [-82.84274891460156, 47.87892504715199], [-82.8387386743981, 47.87898935724153], [-82.83472842021403, 47.87905352733718], [-82.83071815207978, 47.87911755743774], [-82.8267078700257, 47.879181447541995], [-82.82269757408226, 47.87924519764871], [-82.81878172262905, 47.8820066586987], [-82.81486545513239, 47.88476799027012], [-82.8109487715263, 47.88752919232414], [-82.80703167174478, 47.89029026482194], [-82.80311415572189, 47.89305120772466], [-82.79919622339165, 47.89581202099346], [-82.79527787468807, 47.898572704589505], [-82.79135910954517, 47.90133325847392], [-82.78743992789697, 47.904093682607844], [-82.78352032967751, 47.90685397695241], [-82.77960031482077, 47.90961414146874], [-82.77567988326078, 47.91237417611796], [-82.77175903493152, 47.91513408086117], [-82.76783776976703, 47.917893855659514], [-82.76391608770128, 47.92065350047405], [-82.7599939886683, 47.92341301526591], [-82.75607147260206, 47.926172399996155], [-82.75214853943658, 47.92893165462589], [-82.74822518910581, 47.93169077911618], [-82.74430142154378, 47.934449773428106], [-82.74037723668447, 47.93720863752274], [-82.73645263446184, 47.93996737136112], [-82.7325276148099, 47.942725974904334], [-82.72860217766261, 47.94548444811341], [-82.72467632295394, 47.94824279094941], [-82.72075005061788, 47.95100100337336], [-82.7168233605884, 47.95375908534628], [-82.71289625279947, 47.95651703682921], [-82.70896872718504, 47.959274857783186], [-82.70495198208022, 47.95933457003429], [-82.70093522395892, 47.959394141869446], [-82.69691845285176, 47.95945357328751], [-82.69290166878933, 47.95951286428733], [-82.68888487180222, 47.95957201486782], [-82.68486806192101, 47.959631025027804], [-82.6808512391763, 47.95968989476616], [-82.6768344035987, 47.959748624081804], [-82.67281755521878, 47.959807212973566], [-82.66880069406717, 47.95986566144036], [-82.66478382017442, 47.95992396948106], [-82.66076693357117, 47.95998213709455], [-82.656750034288, 47.960040164279725], [-82.6527331223555, 47.96009805103549], [-82.64871619780428, 47.96015579736071], [-82.64469926066494, 47.96021340325431], [-82.64068231096807, 47.96027086871516], [-82.63666534874427, 47.9603281937422], [-82.63264837402417, 47.960385378334315], [-82.62863138683834, 47.96044242249041], [-82.62461438721739, 47.96049932620941], [-82.62059737519192, 47.96055608949022], [-82.61658035079256, 47.96061271233176], [-82.61256331404988, 47.96066919473294], [-82.6085462649945, 47.96072553669269], [-82.60452920365702, 47.960781738209946], [-82.60051213006807, 47.96083779928362], [-82.5964950442582, 47.96089371991264], [-82.59247794625809, 47.96094950009594], [-82.58846083609829, 47.961005139832466], [-82.58444371380943, 47.96106063912114], [-82.58042657942212, 47.96111599796093], [-82.57640943296698, 47.96117121635074], [-82.5723922744746, 47.96122629428955], [-82.56837510397561, 47.9612812317763], [-82.5643579215006, 47.96133602880991], [-82.56034072708019, 47.96139068538939], [-82.556323520745, 47.96144520151365], [-82.55230630252564, 47.96149957718167], [-82.54828907245272, 47.9615538123924], [-82.54427183055685, 47.96160790714484], [-82.54025457686866, 47.961661861437904], [-82.53623731141874, 47.9617156752706], [-82.53222003423774, 47.961769348641894], [-82.52820274535625, 47.961822881550745], [-82.5241854448049, 47.96187627399615], [-82.52016813261429, 47.961929525977084], [-82.51615080881507, 47.961982637492525], [-82.51213347343783, 47.96203560854145], [-82.50811612651319, 47.96208843912288], [-82.50409876807178, 47.96214112923578], [-82.5001595395799, 47.964891925949196], [-82.49614194911608, 47.96494434005206], [-82.49212434722523, 47.96499661367017], [-82.48810673393797, 47.965048746802566], [-82.48408910928492, 47.96510073944822], [-82.48007147329673, 47.965152591606156], [-82.47613072419739, 47.96790257836041], [-82.47218955682143, 47.97065243296098], [-82.46817146872866, 47.97070387332649], [-82.4642296626043, 47.97345346004209], [-82.46028743806822, 47.97620291449888], [-82.45634479505492, 47.97895223665777], [-82.45240173349895, 47.98170142647961], [-82.44845825333485, 47.984450483925286], [-82.44451435449713, 47.987199408955654], [-82.44057003692032, 47.989948201531554], [-82.43662530053896, 47.99269686161387], [-82.43268014528755, 47.995445389163415], [-82.4287345711006, 47.99819378414106], [-82.42478857791266, 48.00094204650761], [-82.42084216565821, 48.00369017622393], [-82.4168953342718, 48.00643817325079], [-82.41294808368792, 48.00918603754905], [-82.40900041384107, 48.0119337690795], [-82.40505232466576, 48.01468136780294], [-82.40110381609651, 48.01742883368019], [-82.39715488806779, 48.02017616667204], [-82.39320554051415, 48.022923366739256], [-82.38925577337004, 48.02567043384263], [-82.38530558656998, 48.02841736794294], [-82.38135498004846, 48.031164169000974], [-82.37740395373997, 48.03391083697747], [-82.373452507579, 48.03665737183319], [-82.36950064150004, 48.03940377352889], [-82.36554835543757, 48.04215004202533], [-82.36159564932608, 48.044896177283235], [-82.35764252310004, 48.04764217926335], [-82.35368897669395, 48.0503880479264], [-82.34973501004228, 48.0531337832331], [-82.3457806230795, 48.05587938514417], [-82.34182581574007, 48.058624853620344], [-82.3378705879585, 48.061370188622305], [-82.33391493966921, 48.06411539011077], [-82.32995887080672, 48.06686045804641], [-82.32600238130547, 48.06960539238993], [-82.32204547109991, 48.07235019310201], [-82.31808814012452, 48.075094860143345], [-82.31413038831374, 48.07783939347458], [-82.31017221560205, 48.08058379305639], [-82.30621362192392, 48.08332805884944], [-82.30225460721375, 48.08607219081438], [-82.29829517140604, 48.088816188911835], [-82.29433531443523, 48.09156005310249], [-82.29037503623576, 48.09430378334696], [-82.28641433674207, 48.097047379605876], [-82.28245321588861, 48.099790841839855], [-82.27849167360982, 48.10253417000955], [-82.27452970984015, 48.10527736407552], [-82.27056732451405, 48.10802042399842], [-82.26660451756592, 48.110763349738825], [-82.26264128893021, 48.11350614125736], [-82.25867763854136, 48.11624879851456], [-82.2547135663338, 48.118991321471064], [-82.25074907224196, 48.12173371008743], [-82.24678415620025, 48.12447596432423], [-82.24275370961625, 48.124519623138504], [-82.23872325346343, 48.12456314064079], [-82.23469278777274, 48.124606516830276], [-82.23072678801904, 48.12734822495906], [-82.22676036617365, 48.1300897985484], [-82.222793522171, 48.13283123755885], [-82.21882625594556, 48.13557254195096], [-82.21485856743178, 48.138313711685264], [-82.21492224552568, 48.14101219440066], [-82.21498593298197, 48.14371067577925], [-82.21504962980238, 48.14640915582108], [-82.21511333598868, 48.14910763452612], [-82.2151770515426, 48.15180611189437], [-82.2152407764659, 48.15450458792585], [-82.21530451076035, 48.15720306262056], [-82.21536825442769, 48.15990153597847], [-82.21543200746967, 48.16260000799963], [-82.21549576988807, 48.165298478683994], [-82.21555954168461, 48.16799694803159], [-82.21562332286109, 48.17069541604243], [-82.21568711341922, 48.17339388271649], [-82.2157509133608, 48.17609234805378], [-82.2198494622298, 48.17874806202866], [-82.21991349260117, 48.181446520667386], [-82.21997753239233, 48.18414497796892], [-82.21600620699651, 48.1868861960353], [-82.212034458128, 48.18962727917985], [-82.20806228572104, 48.19236822736299], [-82.20408968970982, 48.19510904054521], [-82.20011667002859, 48.1978497186869], [-82.19614322661154, 48.20059026174855], [-82.19216935939289, 48.20333066969055], [-82.18819506830684, 48.20607094247334], [-82.18422035328763, 48.208811080057345], [-82.18024521426943, 48.21155108240297], [-82.17626965118649, 48.21429094947061], [-82.17229366397297, 48.21703068122069], [-82.16831725256309, 48.2197702776136], [-82.16434041689105, 48.22250973860971], [-82.16030215811692, 48.22255056785044], [-82.15626389036457, 48.2225912552826], [-82.15222561366524, 48.22263180090544], [-82.14818732805011, 48.22267220471817], [-82.14414903355042, 48.22271246672001], [-82.14011073019738, 48.22275258691019], [-82.13607241802217, 48.22279256528793], [-82.13203409705605, 48.22283240185247], [-82.12799576733019, 48.222872096603034], [-82.12395742887584, 48.222911649538865], [-82.11991908172422, 48.22295106065919], [-82.11588072590652, 48.22299032996328], [-82.11184236145395, 48.22302945745034], [-82.10780398839778, 48.223068443119644], [-82.10376560676917, 48.22310728697044], [-82.09972721659936, 48.22314598900196], [-82.09568881791958, 48.22318454921348], [-82.09165041076102, 48.22322296760426], [-82.08761199515493, 48.22326124417353], [-82.0835735711325, 48.22329937892059], [-82.07953513872496, 48.223337371844686], [-82.07549669796356, 48.2233752229451], [-82.07145824887948, 48.22341293222109], [-82.06741979150397, 48.223450499671934], [-82.06338132586822, 48.22348792529691], [-82.05934285200348, 48.2235252090953], [-82.05530436994096, 48.223562351066384], [-82.05126587971188, 48.22359935120945], [-82.04722738134747, 48.223636209523775], [-82.04318887487895, 48.223672926008675], [-82.03915036033754, 48.22370950066342], [-82.03511183775449, 48.22374593348731], [-82.03107330716098, 48.22378222447964], [-82.02703476858828, 48.22381837363974], [-82.02299622206758, 48.22385438096686], [-82.01895766763012, 48.22389024646036], [-82.01491910530713, 48.22392597011953], [-82.01088053512983, 48.223961551943674], [-82.00684195712947, 48.22399699193212], [-82.00285609381895, 48.226730925941574], [-81.99881728802286, 48.22676608556744], [-81.99483078018936, 48.229499744492315], [-81.99079174668549, 48.229534623699834], [-81.98675270551178, 48.229569361041555], [-81.9827136566995, 48.22960395651681], [-81.97867460027989, 48.22963841012494], [-81.97463553628418, 48.22967272186527], [-81.97064750426509, 48.23240555108033], [-81.9666590475819, 48.235138243522385], [-81.96267016616926, 48.237870799151715], [-81.95868085996187, 48.240603217928594], [-81.9546409090815, 48.240636832980684], [-81.95065095817212, 48.243368976092825], [-81.94666058233457, 48.24610098224602], [-81.94266978150354, 48.248832851400486], [-81.93867855561373, 48.251564583516526], [-81.93463771807447, 48.25159750133499], [-81.93059687329196, 48.25163027717166], [-81.92655602129744, 48.251662911025875], [-81.92251516212225, 48.25169540289701], [-81.91847429579765, 48.251727752784475], [-81.91448154596812, 48.254458653208665], [-81.91044045285217, 48.25449072214709], [-81.90644705814385, 48.257221346326354], [-81.90245323816477, 48.259951833185575], [-81.89841169869749, 48.25998348208657], [-81.89437015226467, 48.26001498896005], [-81.8903285988976, 48.2600463538054], [-81.88628703862763, 48.260077576622045], [-81.88224547148604, 48.26010865740936], [-81.87825012821519, 48.262838311469906], [-81.87420833473224, 48.2628691110976], [-81.87021234654355, 48.26559848846659], [-81.86617032680812, 48.265629006879074], [-81.86212830035514, 48.26565938323253], [-81.85813144776237, 48.26838834459039], [-81.85408919520724, 48.268418439658554], [-81.8500469360273, 48.26844839265253], [-81.8460492190756, 48.271176937795445], [-81.84200673394393, 48.27120660943406], [-81.83800837200926, 48.273934877479846], [-81.833965661015, 48.273964267707576], [-81.82996665405742, 48.276692258548366], [-81.82592371728973, 48.276721367309705], [-81.8219240652694, 48.27944908083762], [-81.81788090281752, 48.27947790807708], [-81.81388060569469, 48.28220534418428], [-81.80987988267937, 48.28493264223447], [-81.80587873370645, 48.287659802187825], [-81.80187715871082, 48.29038682400446], [-81.79787515762739, 48.293113707644494], [-81.79387273039102, 48.29584045306805], [-81.78986987693659, 48.29856706023527], [-81.78586659719902, 48.30129352910625], [-81.78182167435519, 48.301321097899034], [-81.77777674543695, 48.301348524447015], [-81.77373181047572, 48.30137580874967], [-81.76968686950289, 48.30140295080645], [-81.76564192254989, 48.30142995061684], [-81.76568228653484, 48.30412872261388], [-81.76167727714434, 48.30685435593709], [-81.75767184126633, 48.30957985073613], [-81.75366597883574, 48.312305206971075], [-81.74965968978749, 48.31503042460201], [-81.74565297405651, 48.317755503589005], [-81.74164583157771, 48.32048044389214], [-81.737638262286, 48.323205245471456], [-81.73363026611632, 48.325929908287], [-81.72962184300359, 48.32865443229883], [-81.72557470450322, 48.32868003372518], [-81.72152756035761, 48.32870549276548], [-81.71748041059827, 48.32873080941928], [-81.71343325525663, 48.32875598368607], [-81.70938609436419, 48.32878101556537], [-81.70533892795243, 48.328805905056704], [-81.7012917560528, 48.328830652159574], [-81.69724457869677, 48.32885525687351], [-81.69323397609487, 48.331578521754516], [-81.6892229464031, 48.33430164753537], [-81.68521148955652, 48.33702463417608], [-81.6811996054901, 48.33974748163666], [-81.67718729413885, 48.34247018987709], [-81.67317455543777, 48.34519275885742], [-81.66912605908803, 48.345216380185576], [-81.66507755752784, 48.34523985904056], [-81.66102905078871, 48.34526319542193], [-81.65698053890219, 48.34528638932923], [-81.65293202189973, 48.345309440762016], [-81.64888349981291, 48.34533234971983], [-81.64483497267321, 48.34535511620224], [-81.64078644051216, 48.34537774020882], [-81.63673790336125, 48.34540022173911], [-81.63272276792947, 48.34812138857284], [-81.62867400716021, 48.34814358724082], [-81.62465822556956, 48.3508644740782], [-81.62064201641516, 48.35358522126476], [-81.61659281348537, 48.3536069965617], [-81.61257595806745, 48.35632746357678], [-81.60852653172991, 48.35634895586014], [-81.60450903001062, 48.359069142595715], [-81.60049110052935, 48.36178918950621], [-81.59644123229798, 48.3618102581584], [-81.59242265641093, 48.364530024614254], [-81.58840365263045, 48.36724965113783], [-81.58435334265243, 48.367270295994814], [-81.58033369236193, 48.36998964188859], [-81.57631361404654, 48.37270884774284], [-81.57226286246942, 48.372729068640645], [-81.56824213753991, 48.375447993689875], [-81.56419116300673, 48.375467931230844], [-81.56014018407345, 48.375487726139994], [-81.55611859402786, 48.37820622949602], [-81.5520965757579, 48.380924592611045], [-81.54807412919872, 48.38364281544495], [-81.5440512542855, 48.38636089795764], [-81.54002795095346, 48.38907884010897], [-81.53600421913772, 48.391796641858804], [-81.5319800587735, 48.39451430316704], [-81.52795546979597, 48.39723182399351], [-81.5239304521403, 48.399949204298075], [-81.51990500574168, 48.40266644404059], [-81.51587913053528, 48.40538354318089], [-81.51185282645628, 48.40810050167881], [-81.50782609343982, 48.41081731949419], [-81.50379893142113, 48.41353399658685], [-81.49977134033533, 48.4162505329166], [-81.49574332011763, 48.41896692844326], [-81.49171487070319, 48.421683183126646], [-81.48768599202718, 48.42439929692654], [-81.48365668402475, 48.42711526980276], [-81.47962694663111, 48.429831101715074], [-81.47557159435796, 48.429847932968386], [-81.4715162383656, 48.42986462131299], [-81.46746087868577, 48.42988116674856], [-81.46340551535019, 48.429897569274786], [-81.45935014839051, 48.42991382889134], [-81.4552947778385, 48.42992994559791], [-81.45126330066932, 48.43264478828568], [-81.44723139397104, 48.435359489766526], [-81.4472550831619, 48.43805835758855], [-81.44727877585198, 48.440757224129726], [-81.44324601683748, 48.44347178476046], [-81.43921282803738, 48.4461862040775], [-81.43517920938694, 48.448900482040585], [-81.43114516082133, 48.45161461860946], [-81.4270880471042, 48.451629746341226], [-81.42303093004335, 48.45164473105278], [-81.41897380967055, 48.45165957274384], [-81.41493867616687, 48.45437314301424], [-81.41090311261475, 48.45708657172855], [-81.40684555244634, 48.45710098707398], [-81.40278798909179, 48.457115259370816], [-81.3987304225829, 48.45712938861879], [-81.39469377423251, 48.45984225058624], [-81.39065669570059, 48.462554970835704], [-81.38661918692242, 48.46526754932691], [-81.38258124783326, 48.46797998601952], [-81.37852280553093, 48.46799340507829], [-81.37446436026268, 48.468006681032634], [-81.37040591206026, 48.46801981388229], [-81.36634746095547, 48.46803280362702], [-81.36228900698012, 48.46804565026654], [-81.35823055016598, 48.468058353800636], [-81.35417209054489, 48.46807091422903], [-81.35011362814862, 48.4680833315515], [-81.34605516300897, 48.46809560576779], [-81.34199669515773, 48.46810773687768], [-81.33793822462671, 48.468119724880914], [-81.33387975144771, 48.46813156977728], [-81.32982127565252, 48.46814327156654], [-81.32576279727294, 48.46815483024846], [-81.32170431634077, 48.468166245822815], [-81.3176458328878, 48.4681775182894], [-81.31360397644664, 48.4708875418504], [-81.30956168954864, 48.47359742309859], [-81.3055027682659, 48.47360826828524], [-81.30144384458863, 48.473618970336254], [-81.29738491854869, 48.47362952925144], [-81.29332599017786, 48.47363994503059], [-81.28926705950798, 48.473650217673494], [-81.28520812657082, 48.47366034717998], [-81.28114919139821, 48.47367033354982], [-81.27707555928045, 48.4709812750194], [-81.27300235762736, 48.468292070247784], [-81.26892958637617, 48.46560271927553], [-81.26487128823226, 48.46561213043481], [-81.26081298801314, 48.46562139849699], [-81.25675468575061, 48.46563052346189], [-81.25269638147644, 48.46563950532933], [-81.24862489307355, 48.4629494323937], [-81.24455383495001, 48.460259213446136], [-81.24048320704298, 48.45756884852715], [-81.23641300928963, 48.4548783376773], [-81.23235555587085, 48.45488660093832], [-81.2282860014189, 48.45219580038816], [-81.22422875942331, 48.452203776808034], [-81.22015984824336, 48.44951268666519], [-81.21610281776758, 48.44952037629731], [-81.21204578560007, 48.44952792291127], [-81.20798875177255, 48.44953532650693], [-81.20393171631679, 48.44954258708415], [-81.19987467926455, 48.44954970464279], [-81.19581764064758, 48.4495566791827], [-81.19176060049766, 48.44956351070376], [-81.18770355884654, 48.44957019920582], [-81.18364651572597, 48.44957674468877], [-81.17959898859009, 48.45228207732642], [-81.1755510314183, 48.454987266851454], [-81.17556033658757, 48.45768619506859], [-81.17962754929536, 48.46037886020718], [-81.1836951922297, 48.46307137980482], [-81.18370493184648, 48.46577030300736], [-81.18777322170206, 48.468462675132564], [-81.19184194197385, 48.4711549016222]]}, "properties": {"route": "V1", "length_km": 322.6, "mean_resistance": 88.2, "cells": 937}}, {"type": "Feature", "geometry": {"type": "LineString", "coordinates": [[-84.74887577396561, 47.935060393342354], [-84.75288380510494, 47.9349293050876], [-84.75689180769254, 47.93479807722572], [-84.76070420609771, 47.931973342455564], [-84.76451619008368, 47.92914849090048], [-84.76832775972134, 47.92632352259838], [-84.768131855667, 47.92363017437323], [-84.76793598026364, 47.920936824273014], [-84.76373345960285, 47.918375044832985], [-84.75953135304954, 47.915813099307655], [-84.7555248290026, 47.91594438047256], [-84.75132331498425, 47.91338211707842], [-84.7471222149848, 47.91081968770485], [-84.74292152895464, 47.908257092392375], [-84.73872125684414, 47.90569433118149], [-84.73471541836547, 47.905824865728235], [-84.73051573867966, 47.903261786945365], [-84.72631647282479, 47.90069854236993], [-84.72231096316324, 47.9008286340608], [-84.71811228970061, 47.89826507207948], [-84.71410693041274, 47.89839487267209], [-84.7101015429177, 47.89852453381781], [-84.70590364054587, 47.89596050292345], [-84.70189840360099, 47.896089873022525], [-84.69770109368021, 47.89352552495921], [-84.6935041974335, 47.89096101136466], [-84.68949928993318, 47.891089938923606], [-84.68530298610455, 47.888525108326185], [-84.68129822942207, 47.88865374496104], [-84.67710251801779, 47.88608859746147], [-84.6729072201591, 47.88352328460183], [-84.66871233579626, 47.88095780642257], [-84.66470808782266, 47.8810858493192], [-84.6607038120389, 47.88121375283078], [-84.656699508475, 47.88134151695489], [-84.65269517716101, 47.88146914168911], [-84.64869081812698, 47.881596627031], [-84.64468643140296, 47.88172397297815], [-84.640682017019, 47.88185117952815], [-84.63667757500517, 47.88197824667856], [-84.63267310539149, 47.882105174427], [-84.62866860820803, 47.882231962771044], [-84.62466408348484, 47.88235861170828], [-84.62065953125199, 47.882485121236314], [-84.61665495153954, 47.88261149135275], [-84.61265034437753, 47.88273772205516], [-84.60864570979602, 47.88286381334119], [-84.6046410478251, 47.882989765208414], [-84.60063635849481, 47.88311557765445], [-84.59663164183522, 47.8832412506769], [-84.5926268978764, 47.88336678427342], [-84.58862212664842, 47.88349217844158], [-84.58443124052444, 47.88092350916894], [-84.58042662166595, 47.88104861272735], [-84.57642197563354, 47.88117357686331], [-84.57241730245727, 47.88129840157445], [-84.56841260216723, 47.88142308685839], [-84.56440787479346, 47.881547632712795], [-84.56040312036606, 47.881672039135275], [-84.5563983389151, 47.88179630612347], [-84.55239353047062, 47.881920433675035], [-84.54820449587858, 47.87935039072683], [-84.5440158749168, 47.876780183277134], [-84.53982766753512, 47.87420981136638], [-84.53563987368338, 47.871639275034994], [-84.53145249331138, 47.86906857432338], [-84.52726552636896, 47.86649770927198], [-84.52307897280592, 47.86392667992121], [-84.51889283257209, 47.86135548631146], [-84.51470710561725, 47.858784128483144], [-84.51052179189122, 47.85621260647666], [-84.50633689134376, 47.8536409203324], [-84.50215240392471, 47.85106907009078], [-84.49796832958381, 47.84849705579214], [-84.49378466827086, 47.8459248774769], [-84.48960141993562, 47.84335253518541], [-84.4894205139537, 47.840658315688195], [-84.4852379114008, 47.838085796246226], [-84.48105572166516, 47.83551311292421], [-84.47687394469651, 47.8329402657625], [-84.47669376342819, 47.830246004882994], [-84.4725126318163, 47.82767298075495], [-84.46833191281098, 47.82509979288334], [-84.46415160636195, 47.822526441308554], [-84.45997171241899, 47.8199529260709], [-84.45979248753568, 47.81725861083627], [-84.45561323841387, 47.81468491887204], [-84.45143440163771, 47.81211106334102], [-84.44725597715691, 47.80953704428352], [-84.44307796492126, 47.80696286173987], [-84.4428996951806, 47.804268492407054], [-84.43872232723074, 47.801694133376415], [-84.43454537136557, 47.79911961095563], [-84.43036882753485, 47.796544925184996], [-84.42619269568831, 47.793970076104806], [-84.42601537984915, 47.79127565293033], [-84.42183989175325, 47.78870062760255], [-84.41766481548116, 47.78612543906114], [-84.41349015098258, 47.78355008734639], [-84.40931589820725, 47.780974572498565], [-84.40514205710487, 47.778398894557945], [-84.40496592546994, 47.77570440488242], [-84.4007927274732, 47.77312855098902], [-84.39661994098905, 47.77055253409867], [-84.39244756596723, 47.76797635425162], [-84.38827560235738, 47.7654000114881], [-84.38410405010926, 47.76282350584836], [-84.37993290917252, 47.76024683737262], [-84.37975819104527, 47.757552268770304], [-84.37558769245948, 47.75497542469191], [-84.37141760502472, 47.75239841787328], [-84.36724792869069, 47.74982124835465], [-84.36307866340712, 47.747243916176195], [-84.35890980912365, 47.744666421378156], [-84.35474136578996, 47.742088764000705], [-84.35456805860042, 47.73939411703845], [-84.3504002568633, 47.736816284408036], [-84.34623286591564, 47.734238289293906], [-84.34206588570711, 47.731660131736255], [-84.33789931618736, 47.729081811775224], [-84.33373315730607, 47.72650332945099], [-84.32956740901288, 47.72392468480374], [-84.32939551019426, 47.72122996004724], [-84.32523040274368, 47.71865114049634], [-84.3210657057209, 47.716072158718], [-84.31690141907556, 47.71349301475238], [-84.31273754275733, 47.7109137086396], [-84.30857407671586, 47.70833424041983], [-84.30441102090072, 47.70575461013317], [-84.3002483752616, 47.70317481781978], [-84.29608613974811, 47.70059486351974], [-84.29192431430987, 47.69801474727322], [-84.28776289889649, 47.69543446912029], [-84.28360189345757, 47.692854029101085], [-84.27944129794275, 47.6902734272557], [-84.27528111230161, 47.68769266362424], [-84.27112133648374, 47.6851117382468], [-84.26696197043876, 47.68253065116346], [-84.26280301411623, 47.67994940241432], [-84.25864446746574, 47.677367992039464], [-84.25448633043689, 47.674786420078945], [-84.25032860297922, 47.672204686572876], [-84.24617128504232, 47.66962279156128], [-84.24201437657577, 47.66704073508425], [-84.2378578775291, 47.66445851718183], [-84.23370178785186, 47.66187613789408], [-84.22954610749365, 47.65929359726103], [-84.22539083640395, 47.656710895322774], [-84.22123597453235, 47.654128032119296], [-84.21708152182838, 47.65154500769065], [-84.21292747824155, 47.64896182207687], [-84.20877384372142, 47.646378475317995], [-84.20462061821748, 47.64379496745401], [-84.20046780167928, 47.641211298524986], [-84.19631539405631, 47.638627468570874], [-84.1921633952981, 47.63604347763171], [-84.18801180535414, 47.63345932574749], [-84.18386062417393, 47.63087501295823], [-84.17970985170697, 47.6282905393039], [-84.17555948790276, 47.62570590482449], [-84.1714095327108, 47.623121109559996], [-84.16725998608052, 47.62053615355039], [-84.16311084796145, 47.61795103683564], [-84.15896211830305, 47.615365759455734], [-84.15481379705477, 47.612780321450614], [-84.15066588416609, 47.610194722860264], [-84.14651837958647, 47.607608963724616], [-84.14237128326538, 47.60502304408364], [-84.13822459515224, 47.60243696397726], [-84.13407831519652, 47.59985072344544], [-84.12993244334767, 47.59726432252811], [-84.12578697955509, 47.594677761265196], [-84.12164192376825, 47.592091039696626], [-84.11749727593657, 47.589504157862336], [-84.11335303600947, 47.58691711580221], [-84.10936897852461, 47.58702528625812], [-84.10538489776661, 47.587133318522255], [-84.10140079376505, 47.58724121259259], [-84.09741666654952, 47.58734896846707], [-84.09343251614958, 47.58745658614368], [-84.08944834259482, 47.58756406562039], [-84.08546414591484, 47.5876714068952], [-84.08147992613921, 47.587778609966044], [-84.07749568329753, 47.587885674830936], [-84.07351141741937, 47.58799260148785], [-84.06952712853432, 47.58809938993475], [-84.06554281667198, 47.58820604016966], [-84.06155848186192, 47.58831255219054], [-84.05757412413377, 47.5884189259954], [-84.05358974351708, 47.58852516158224], [-84.04960534004147, 47.58863125894904], [-84.04562091373653, 47.588737218093826], [-84.04163646463185, 47.58884303901457], [-84.03765199275703, 47.5889487217093], [-84.03366749814167, 47.58905426617602], [-84.02968298081537, 47.589159672412734], [-84.02569844080772, 47.589264940417465], [-84.02171387814833, 47.58937007018823], [-84.0177292928668, 47.58947506172304], [-84.01374468499276, 47.58957991501993], [-84.00976005455576, 47.58968463007692], [-84.00577540158544, 47.58978920689202], [-84.00179072611141, 47.58989364546328], [-83.99780602816325, 47.58999794578872], [-83.9938213077706, 47.590102107866365], [-83.98983656496306, 47.59020613169427], [-83.98585179977023, 47.59031001727048], [-83.98186701222174, 47.59041376459302], [-83.97788220234719, 47.59051737365995], [-83.97389737017618, 47.5906208444693], [-83.96991251573836, 47.59072417701914], [-83.96592763906331, 47.590827371307505], [-83.96194274018067, 47.59093042733245], [-83.95795781912005, 47.59103334509205], [-83.95397287591108, 47.59113612458435], [-83.94998791058339, 47.59123876580743], [-83.94600292316656, 47.59134126875933], [-83.94201791369022, 47.59144363343813], [-83.93803288218405, 47.591545859841915], [-83.9340478286776, 47.59164794796873], [-83.93006275320053, 47.59174989781669], [-83.92607765578248, 47.59185170938384], [-83.92209253645306, 47.591953382668265], [-83.9181073952419, 47.59205491766806], [-83.91412223217863, 47.592156314381306], [-83.91013704729289, 47.59225757280608], [-83.90615184061429, 47.59235869294051], [-83.90216661217248, 47.592459674782646], [-83.89818136199709, 47.592560518330615], [-83.89419609011776, 47.592661223582496], [-83.8902107965641, 47.5927617905364], [-83.88622548136578, 47.592862219190444], [-83.88224014455243, 47.592962509542716], [-83.87825478615369, 47.593062661591325], [-83.87426940619918, 47.5931626753344], [-83.87028400471856, 47.59326255077004], [-83.86629858174146, 47.593362287896355], [-83.86231313729753, 47.5934618867115], [-83.85832767141642, 47.59356134721356], [-83.85434218412774, 47.593660669400684], [-83.8503566754612, 47.59375985327099], [-83.84637114544638, 47.59385889882261], [-83.84238559411298, 47.59395780605367], [-83.83840002149063, 47.594056574962316], [-83.83441442760896, 47.594155205546684], [-83.83042881249764, 47.59425369780491], [-83.82644317618634, 47.594352051735136], [-83.82245751870468, 47.59445026733551], [-83.81847184008232, 47.59454834460419], [-83.81448614034893, 47.59464628353932], [-83.81050041953415, 47.59474408413904], [-83.80651467766765, 47.594841746401514], [-83.80252891477909, 47.59493927032492], [-83.79854313089811, 47.5950366559074], [-83.79455732605439, 47.59513390314712], [-83.79057150027758, 47.59523101204224], [-83.78658565359734, 47.59532798259095], [-83.78259978604333, 47.59542481479141], [-83.77861389764524, 47.59552150864178], [-83.77462798843271, 47.59561806414026], [-83.77064205843541, 47.595714481285015], [-83.766656107683, 47.595810760074244], [-83.76267013620519, 47.59590690050611], [-83.75868414403158, 47.59600290257881], [-83.75469813119189, 47.596098766290524], [-83.75071209771578, 47.596194491639466], [-83.7467260436329, 47.596290078623824], [-83.74273996897294, 47.596385527241786], [-83.73875387376559, 47.596480837491555], [-83.73476775804049, 47.596576009371326], [-83.73078162182735, 47.59667104287932], [-83.72679546515582, 47.596765938013746], [-83.7228092880556, 47.59686069477281], [-83.71882309055636, 47.59695531315471], [-83.71483687268775, 47.59704979315767], [-83.7108506344795, 47.59714413477994], [-83.70686437596126, 47.59723833801968], [-83.70287809716272, 47.59733240287517], [-83.69889179811356, 47.5974263293446], [-83.69490547884348, 47.59752011742623], [-83.69091913938215, 47.597613767118254], [-83.68693277975925, 47.59770727841894], [-83.68294640000448, 47.597800651326494], [-83.67896000014753, 47.597893885839184], [-83.67497358021807, 47.59798698195523], [-83.6709871402458, 47.598079939672886], [-83.66700068026044, 47.5981727589904], [-83.66301420029164, 47.59826543990601], [-83.65902770036911, 47.598357982417994], [-83.65504118052253, 47.59845038652458], [-83.65105464078162, 47.59854265222404], [-83.64706808117607, 47.598634779514626], [-83.64308150173557, 47.59872676839459], [-83.6390949024898, 47.598818618862225], [-83.63510828346848, 47.598910330915785], [-83.63112164470131, 47.599001904553525], [-83.62713498621798, 47.599093339773745], [-83.6231483080482, 47.599184636574705], [-83.61916161022167, 47.59927579495468], [-83.6151748927681, 47.59936681491197], [-83.61118815571716, 47.59945769644482], [-83.6072013990986, 47.59954843955156], [-83.60321462294209, 47.59963904423045], [-83.59922782727737, 47.5997295104798], [-83.59524101213412, 47.599819838297876], [-83.59125417754207, 47.599910027682995], [-83.58726732353092, 47.60000007863346], [-83.58328045013037, 47.60008999114756], [-83.57929355737015, 47.60017976522361], [-83.57530664527997, 47.6002694008599], [-83.57131971388951, 47.60035889805475], [-83.56733276322852, 47.600448256806466], [-83.5633457933267, 47.60053747711338], [-83.5593588042138, 47.60062655897378], [-83.55537179591948, 47.600715502386], [-83.55151597439614, 47.60350097181968], [-83.55164719944425, 47.60619763474229], [-83.55177844362134, 47.60889429611618], [-83.5479218422078, 47.61167965575885], [-83.54406483159413, 47.61446489199222], [-83.54020741171387, 47.61725000477822], [-83.53634958250046, 47.620034994078736], [-83.53249134388739, 47.62281985985563], [-83.52863269580808, 47.62560460207084], [-83.52477363819605, 47.62838922068617], [-83.52091417098471, 47.631173715663536], [-83.51705429410752, 47.6339580869648], [-83.51319400749794, 47.63674233455182], [-83.50933331108942, 47.639526458386435], [-83.5054722048154, 47.642310458430515], [-83.5016106886093, 47.645094334645876], [-83.49774876240458, 47.64787808699438], [-83.49388642613464, 47.65066171543783], [-83.49002367973296, 47.65344521993808], [-83.48616052313291, 47.656228600456934], [-83.48229695626793, 47.659011856956205], [-83.47843297907146, 47.66179498939769], [-83.47456859147687, 47.66457799774322], [-83.47070379341761, 47.66736088195456], [-83.46683858482706, 47.670143641993526], [-83.46297296563864, 47.67292627782187], [-83.45910693578575, 47.675708789401405], [-83.45524049520179, 47.678491176693875], [-83.45137364382012, 47.68127343966106], [-83.44750638157416, 47.684055578264726], [-83.44363870839729, 47.686837592466624], [-83.43977062422289, 47.68961948222849], [-83.43590212898432, 47.69240124751209], [-83.43203322261499, 47.695182888279135], [-83.42816390504825, 47.69796440449138], [-83.42429417621747, 47.70074579611055], [-83.42042403605602, 47.703527063098356], [-83.41642876657403, 47.703611313531106], [-83.41255799109152, 47.706392324760564], [-83.4085624795073, 47.706476305100274], [-83.40456694977456, 47.70656014643404], [-83.40069531504024, 47.709340770653775], [-83.39682326875521, 47.71212127004672], [-83.39295081085285, 47.7149016445746], [-83.38907794126655, 47.71768189419907], [-83.38520465992966, 47.72046201888181], [-83.38133096677556, 47.723242018584514], [-83.37745686173763, 47.726021893268836], [-83.37345974679191, 47.72610467691547], [-83.36946261394421, 47.72618732145068], [-83.36546546322451, 47.72626982687292], [-83.36146829466286, 47.726352193180645], [-83.35747110828922, 47.72643442037227], [-83.35347390413364, 47.726516508446245], [-83.3494766822261, 47.72659845740101], [-83.34547944259663, 47.72668026723503], [-83.34136125303374, 47.724064908712485], [-83.33724347542055, 47.721449394242946], [-83.33312610970351, 47.718833723866375], [-83.3290091558292, 47.716217897622755], [-83.32489261374407, 47.71360191555203], [-83.32077648339464, 47.71098577769419], [-83.31666076472742, 47.708369484089175], [-83.3126648258495, 47.70845012785356], [-83.3085497071859, 47.70583353193586], [-83.30443500010394, 47.70321678037621], [-83.30032070455007, 47.700599873214536], [-83.29620682047077, 47.69798281049079], [-83.29209334781248, 47.69536559224492], [-83.2879802865217, 47.69274821851681], [-83.28386763654487, 47.69013068934641], [-83.27975539782847, 47.68751300477361], [-83.27564357031893, 47.684895164838345], [-83.27153215396272, 47.682277169580495], [-83.26742114870629, 47.67965901904001], [-83.26331055449607, 47.67704071325673], [-83.25920037127852, 47.674422252270574], [-83.25509059900006, 47.671803636121425], [-83.25098123760714, 47.66918486484917], [-83.24687228704617, 47.66656593849367], [-83.24276374726362, 47.663946857094814], [-83.23865561820588, 47.66132762069247], [-83.2345478998194, 47.658708229326464], [-83.23044059205058, 47.65608868303669], [-83.22633369484585, 47.65346898186301], [-83.22222720815161, 47.650849125845234], [-83.21812113191429, 47.64822911502321], [-83.21401546608027, 47.64560894943679], [-83.20991021059596, 47.64298862912582], [-83.20580536540777, 47.640368154130094], [-83.20170093046211, 47.63774752448944], [-83.19771006339224, 47.637824080061705], [-83.19371917981539, 47.63790049690072], [-83.18972827976141, 47.63797677500504], [-83.18573736326016, 47.63805291437324], [-83.1817464303415, 47.63812891500387], [-83.17775548103529, 47.63820477689549], [-83.17376451537139, 47.63828050004668], [-83.16977353337964, 47.63835608445601], [-83.1657825350899, 47.63843153012203], [-83.16179152053206, 47.63850683704334], [-83.15780048973595, 47.6385820052185], [-83.15380944273144, 47.63865703464608], [-83.1498183795484, 47.6387319253247], [-83.1458273002167, 47.63880667725292], [-83.14183620476618, 47.638881290429325], [-83.13784509322673, 47.63895576485251], [-83.13385396562819, 47.63903010052107], [-83.12986282200045, 47.63910429743358], [-83.12587166237336, 47.63917835558868], [-83.12188048677679, 47.63925227498494], [-83.11788929524062, 47.63932605562097], [-83.1138980877947, 47.63939969749536], [-83.10990686446893, 47.63947320060675], [-83.10591562529315, 47.639546564953726], [-83.10192437029724, 47.639619790534915], [-83.0979330995111, 47.63969287734892], [-83.09394181296456, 47.639765825394385], [-83.08995051068752, 47.63983863466989], [-83.08595919270985, 47.63991130517411], [-83.08196785906142, 47.63998383690562], [-83.0779765097721, 47.64005622986309], [-83.07387834618021, 47.63743092778639], [-83.06978059290704, 47.63480547192974], [-83.06568324989861, 47.6321798623329], [-83.06158631710093, 47.629554099035666], [-83.05748979445997, 47.62692818207782], [-83.05339368192173, 47.62430211149912], [-83.04940345467499, 47.62437349275843], [-83.04541321204343, 47.6244447353109], [-83.04131788884435, 47.621818220366045], [-83.03722297565128, 47.61919155193057], [-83.03323309705887, 47.619262365050155], [-83.02924320320669, 47.619333039483536], [-83.02525329412458, 47.619403575229406], [-83.02126336984236, 47.61947397228642], [-83.01727343038989, 47.61954423065326], [-83.01328347579702, 47.619614350328575], [-83.00929350609358, 47.61968433131106], [-83.00530352130943, 47.6197541735994], [-83.00131352147442, 47.619823877192246], [-82.99732350661836, 47.619893442088305], [-82.99333347677113, 47.61996286828625], [-82.98934343196257, 47.620032155784784], [-82.98535337222253, 47.62010130458258], [-82.98136329758086, 47.62017031467836], [-82.97737320806739, 47.62023918607079], [-82.97338310371201, 47.620307918758584], [-82.96939298454456, 47.62037651274044], [-82.96540285059486, 47.620444968015065], [-82.96141270189278, 47.620513284581165], [-82.95742253846821, 47.620581462437436], [-82.95343236035094, 47.62064950158261], [-82.94944216757088, 47.620717402015416], [-82.94545196015788, 47.620785163734524], [-82.94146173814177, 47.62085278673869], [-82.9374715015524, 47.62092027102662], [-82.93348125041967, 47.62098761659704], [-82.92949098477341, 47.621054823448695], [-82.92550070464348, 47.62112189158031], [-82.92151041005974, 47.62118882099059], [-82.91752010105206, 47.621255611678315], [-82.91352977765031, 47.62132226364218], [-82.90953943988431, 47.62138877688096], [-82.90554908778398, 47.62145515139338], [-82.90155872137915, 47.621521387178184], [-82.89756834069968, 47.62158748423414], [-82.89357794577545, 47.621653442559975], [-82.88958753663631, 47.62171926215445], [-82.88559711331214, 47.62178494301633], [-82.88160667583281, 47.62185048514437], [-82.87761622422818, 47.621915888537345], [-82.8736257585281, 47.62198115319399], [-82.86963527876247, 47.62204627911309], [-82.86564478496113, 47.62211126629342], [-82.86165427715397, 47.62217611473373], [-82.85766375537087, 47.62224082443282], [-82.85367321964168, 47.62230539538945], [-82.84968266999628, 47.62236982760242], [-82.84569210646454, 47.62243412107049], [-82.84170152907635, 47.62249827579245], [-82.83771093786154, 47.622562291767096], [-82.83372033285005, 47.622626168993214], [-82.8297297140717, 47.622689907469606], [-82.82573908155639, 47.62275350719504], [-82.82174843533399, 47.622816968168365], [-82.81775777543439, 47.62288029038832], [-82.81376710188744, 47.62294347385375], [-82.80977641472305, 47.62300651856346], [-82.80578571397108, 47.62306942451624], [-82.80179499966141, 47.62313219171091], [-82.79780427182394, 47.62319482014628], [-82.79381353048852, 47.62325730982118], [-82.78982277568507, 47.62331966073441], [-82.78583200744343, 47.62338187288481], [-82.78184122579353, 47.623443946271195], [-82.7778504307652, 47.62350588089239], [-82.77385962238837, 47.623567676747236], [-82.76986880069292, 47.62362933383454], [-82.7658779657087, 47.62369085215318], [-82.76188711746563, 47.62375223170196], [-82.75789625599359, 47.62381347247972], [-82.75390538132245, 47.62387457448531], [-82.74991449348212, 47.623935537717585], [-82.74592359250248, 47.623996362175376], [-82.74193267841343, 47.62405704785755], [-82.73794175124485, 47.62411759476294], [-82.73395081102662, 47.62417800289042], [-82.72995985778864, 47.62423827223884], [-82.72596889156081, 47.62429840280707], [-82.72197791237302, 47.62435839459397], [-82.71798692025516, 47.6244182475984], [-82.71399591523712, 47.624477961819224], [-82.7100048973488, 47.62453753725533], [-82.7060138666201, 47.624596973905575], [-82.70202282308088, 47.62465627176885], [-82.69803176676109, 47.62471543084403], [-82.69404069769058, 47.62477445113], [-82.6900496158993, 47.62483333262563], [-82.68605852141708, 47.624892075329825], [-82.68206741427389, 47.624950679241465], [-82.67807629449958, 47.625009144359446], [-82.67408516212406, 47.62506747068266], [-82.67009401717723, 47.62512565821001], [-82.666102859689, 47.6251837069404], [-82.66211168968927, 47.62524161687271], [-82.65812050720794, 47.625299388005864], [-82.6541293122749, 47.625357020338775], [-82.65005316895785, 47.62271630095428], [-82.64597743602818, 47.62007543060092], [-82.64190211343066, 47.617434409318385], [-82.63782720111006, 47.61479323714632], [-82.63383676505414, 47.61485015406801], [-82.62984631673501, 47.61490693223505], [-82.62585585618253, 47.614963571646385], [-82.62186538342661, 47.61502007230094], [-82.61787489849713, 47.61507643419764], [-82.61388440142397, 47.61513265733544], [-82.60989389223704, 47.61518874171325], [-82.60590337096617, 47.615244687330026], [-82.60191283764132, 47.615300494184716], [-82.59792229229234, 47.61535616227625], [-82.59393173494911, 47.61541169160359], [-82.58994116564156, 47.61546708216568], [-82.58595058439954, 47.61552233396148], [-82.58195999125296, 47.61557744698993], [-82.5779693862317, 47.61563242125002], [-82.57397876936568, 47.61568725674068], [-82.56998814068476, 47.615741953460876], [-82.56599750021886, 47.61579651140959], [-82.56200684799784, 47.61585093058579], [-82.55801618405162, 47.61590521098844], [-82.5540255084101, 47.615959352616514], [-82.55003482110317, 47.616013355468986], [-82.54604412216071, 47.616067219544846], [-82.54205341161264, 47.616120944843075], [-82.53806268948884, 47.616174531362645], [-82.53407195581921, 47.61622797910256], [-82.53008121063365, 47.6162812880618], [-82.52609045396207, 47.61633445823935], [-82.52209968583436, 47.61638748963422], [-82.51810890628043, 47.616440382245415], [-82.51411811533015, 47.61649313607192], [-82.51012731301346, 47.61654575111274], [-82.50613649936024, 47.61659822736688], [-82.5021456744004, 47.61665056483334], [-82.49815483816383, 47.616702763511164], [-82.49416399068043, 47.61675482339932], [-82.49017313198014, 47.616806744496856], [-82.48618226209284, 47.61685852680279], [-82.48219138104842, 47.616910170316125], [-82.47820048887681, 47.616961675035895], [-82.4742095856079, 47.61701304096113], [-82.47021867127161, 47.61706426809086], [-82.46622774589783, 47.61711535642411], [-82.46223680951648, 47.61716630595992], [-82.45824586215747, 47.617217116697326], [-82.4542549038507, 47.617267788635374], [-82.45026393462608, 47.61731832177308], [-82.44627295451352, 47.617368716109524], [-82.44228196354294, 47.61741897164373], [-82.43829096174422, 47.617469088374754], [-82.43429994914732, 47.61751906630166], [-82.43030892578211, 47.61756890542348], [-82.42631789167852, 47.6176186057393], [-82.42232684686647, 47.617668167248155], [-82.41833579137585, 47.61771758994913], [-82.41434472523659, 47.61776687384129], [-82.4103536484786, 47.61781601892369], [-82.40636256113181, 47.617865025195385], [-82.4023714632261, 47.61791389265549], [-82.39838035479141, 47.61796262130306], [-82.39438923585766, 47.61801121113717], [-82.39039810645475, 47.6180596621569], [-82.38640696661261, 47.61810797436135], [-82.38241581636116, 47.6181561477496], [-82.37842465573031, 47.61820418232073], [-82.37443348474997, 47.618252078073844], [-82.37044230345008, 47.61829983500804], [-82.36645111186054, 47.61834745312239], [-82.36245991001128, 47.618394932416024], [-82.35846869793222, 47.61844227288803], [-82.35447747565328, 47.61848947453752], [-82.35048624320439, 47.61853653736358], [-82.34649500061546, 47.61858346136536], [-82.34250374791642, 47.61863024654195], [-82.33851248513719, 47.61867689289245], [-82.33452121230766, 47.618723400416], [-82.33052992945782, 47.61876976911172], [-82.32653863661757, 47.61881599897874], [-82.3225473338168, 47.61886209001615], [-82.31855602108547, 47.61890804222313], [-82.31456469845351, 47.618953855598775], [-82.31057336595082, 47.61899953014222], [-82.30658202360733, 47.619045065852625], [-82.302590671453, 47.61909046272911], [-82.29859930951773, 47.61913572077082], [-82.29460793783146, 47.61918083997691], [-82.29061655642408, 47.61922582034653], [-82.28662516532557, 47.61927066187879], [-82.28263376456586, 47.61931536457289], [-82.27864235417483, 47.61935992842797], [-82.27465093418246, 47.61940435344319], [-82.27065950461866, 47.61944863961769], [-82.26666806551334, 47.61949278695064], [-82.26267661689648, 47.61953679544123], [-82.25868515879799, 47.619580665088606], [-82.2546936912478, 47.61962439589193], [-82.25070221427583, 47.6196679878504], [-82.24671072791203, 47.619711440963194], [-82.24271923218632, 47.61975475522946], [-82.23872772712866, 47.6197979306484], [-82.23473621276896, 47.6198409672192], [-82.23074468913718, 47.61988386494104], [-82.22675315626323, 47.61992662381309], [-82.22276161417707, 47.619969243834596], [-82.2187700629086, 47.6200117250047], [-82.2147785024878, 47.62005406732262], [-82.2107869329446, 47.620096270787556], [-82.20679535430891, 47.6201383353987], [-82.20280376661069, 47.62018026115527], [-82.19881216987987, 47.62022204805646], [-82.1948205641464, 47.620263696101496], [-82.1908289494402, 47.620305205289576], [-82.18683732579125, 47.62034657561993], [-82.18284569322944, 47.62038780709175], [-82.17885405178475, 47.62042889970429], [-82.17486240148709, 47.62046985345675], [-82.17087074236643, 47.62051066834835], [-82.16687907445271, 47.620551344378356], [-82.16288739777585, 47.620591881545955], [-82.1588957123658, 47.620632279850405], [-82.15490401825252, 47.62067253929094], [-82.15091231546594, 47.62071265986679], [-82.14692060403601, 47.62075264157721], [-82.14292888399267, 47.620792484421436], [-82.13893715536587, 47.620832188398715], [-82.13494541818555, 47.62087175350829], [-82.13095367248167, 47.62091117974943], [-82.12696191828417, 47.62095046712137], [-82.12297015562297, 47.62098961562337], [-82.11897838452805, 47.621028625254716], [-82.11498660502934, 47.62106749601464], [-82.11099481715681, 47.621106227902416], [-82.10700302094038, 47.621144820917316], [-82.10301121641002, 47.62118327505861], [-82.09901940359566, 47.62122159032557], [-82.09502758252728, 47.621259766717465], [-82.0910357532348, 47.621297804233585], [-82.08704391574818, 47.62133570287321], [-82.08305207009738, 47.62137346263561], [-82.07906021631234, 47.62141108352008], [-82.07506835442301, 47.62144856552591], [-82.07107648445935, 47.62148590865238], [-82.06708460645132, 47.6215231128988], [-82.06309272042884, 47.62156017826447], [-82.0591008264219, 47.62159710474866], [-82.05510892446043, 47.62163389235071], [-82.05111701457439, 47.621670541069896], [-82.04712509679374, 47.62170705090553], [-82.04313317114841, 47.62174342185694], [-82.0391412376684, 47.62177965392341], [-82.03514929638364, 47.62181574710428], [-82.03115734732407, 47.62185170139885], [-82.02716539051967, 47.62188751680645], [-82.0231734260004, 47.62192319332641], [-82.0191814537962, 47.621958730958035], [-82.01518947393701, 47.62199412970067], [-82.01119748645284, 47.62202938955363], [-82.0072054913736, 47.62206451051626], [-82.00321348872927, 47.6220994925879], [-81.9992214785498, 47.622134335767875], [-81.99522946086515, 47.62216904005553], [-81.99123743570529, 47.622203605450224], [-81.98724540310016, 47.6222380319513], [-81.98325336307975, 47.62227231955808], [-81.97926131567401, 47.62230646826994], [-81.97526926091287, 47.62234047808624], [-81.97127719882633, 47.622374349006314], [-81.96728512944432, 47.622408081029526], [-81.96329305279683, 47.62244167415526], [-81.9593009689138, 47.62247512838286], [-81.95530887782519, 47.6225084437117], [-81.951316779561, 47.62254162014115], [-81.94732467415115, 47.62257465767058], [-81.94333256162562, 47.62260755629937], [-81.93934044201438, 47.6226403160269], [-81.9353483153474, 47.622672936852545], [-81.93135618165462, 47.62270541877568], [-81.92736404096601, 47.62273776179572], [-81.92337189331157, 47.62276996591201], [-81.91937973872122, 47.62280203112398], [-81.91538757722495, 47.622833957431006], [-81.91139540885271, 47.62286574483248], [-81.90740323363448, 47.62289739332781], [-81.90341105160023, 47.62292890291641], [-81.89941886277991, 47.622960273597656], [-81.89542666720352, 47.62299150537096], [-81.89143446490098, 47.62302259823576], [-81.8874422559023, 47.623053552191436], [-81.88345004023742, 47.62308436723742], [-81.87945781793633, 47.62311504337311], [-81.87546558902899, 47.62314558059795], [-81.87147335354537, 47.623175978911355], [-81.86748111151542, 47.62320623831274], [-81.86348886296915, 47.62323635880154], [-81.8594966079365, 47.62326634037719], [-81.85550434644745, 47.623296183039116], [-81.85151207853197, 47.62332588678676], [-81.84751980422003, 47.62335545161956], [-81.84357094928491, 47.62608391809955], [-81.83962168338411, 47.62881224986284], [-81.83567200645534, 47.63154044687057], [-81.83172191843632, 47.63426850908386], [-81.82777141926472, 47.63699643646383], [-81.82781405422769, 47.63969548143341], [-81.82785669541417, 47.64239452509802], [-81.82390538613987, 47.64512232040014], [-81.81995366546838, 47.64784998076617], [-81.81999591384502, 47.65054902590852], [-81.81604358210667, 47.65327655267213], [-81.8120908387864, 47.65600394440933], [-81.80813768382188, 47.658731201081174], [-81.80418411715077, 47.66145832264878], [-81.80023013871072, 47.66418530907319], [-81.79627574843938, 47.666912160315505], [-81.79232094627443, 47.669638876336734], [-81.78836573215351, 47.672365457097975], [-81.78840638792573, 47.675064511568195], [-81.78844704963562, 47.67776356473625], [-81.78848771728431, 47.68046261660214], [-81.78852839087286, 47.683161667165884], [-81.78856907040237, 47.68586071642748], [-81.78860975587396, 47.688559764386945], [-81.78865044728873, 47.69125881104427], [-81.78869114464776, 47.69395785639947], [-81.78469341972053, 47.693985265420665], [-81.78069568887805, 47.69401253517802], [-81.77669795215046, 47.69403966567099], [-81.77274008780351, 47.696765711180234], [-81.76878181088775, 47.69949162117189], [-81.76478364411345, 47.69951833889137], [-81.76078547157238, 47.699544917318285], [-81.75682635785631, 47.70227041815178], [-81.7528279675377, 47.70229672046447], [-81.74882957154165, 47.702322883469975], [-81.74483116989832, 47.7023489071678], [-81.74083276263785, 47.70237479155746], [-81.73683434979039, 47.702400536638486], [-81.73283593138606, 47.70242614241036], [-81.72887513315054, 47.70515068630612], [-81.72491392214233, 47.7078750943558], [-81.72095229829911, 47.71059936652041], [-81.72098952756501, 47.713298444809574], [-81.72102676227124, 47.71599752180099], [-81.71706432339333, 47.71872166015781], [-81.71310147143507, 47.72144566252626], [-81.70913820633409, 47.72416952886724], [-81.70513809801699, 47.724194177992786], [-81.70113798437629, 47.72421868770058], [-81.69713786544217, 47.724243057990165], [-81.69317355139565, 47.72696637688376], [-81.68920882407585, 47.72968955959249], [-81.68524368342044, 47.73241260607726], [-81.68127812936712, 47.735135516298996], [-81.67731216185354, 47.737858290218625], [-81.67334578081736, 47.74058092779705], [-81.66937898619629, 47.74330342899517], [-81.66537737897328, 47.743326699232135], [-81.66137576672205, 47.74334982995505], [-81.6573741494728, 47.743372821163476], [-81.65337252725578, 47.74339567285698], [-81.64937090010123, 47.743418385035106], [-81.64540263278418, 47.74614006298233], [-81.64140078900053, 47.74616249823773], [-81.63739894036912, 47.746184793963366], [-81.6333970869202, 47.746206950158815], [-81.62942777080167, 47.74892807917453], [-81.62545804089679, 47.75164907148104], [-81.62148789714328, 47.75436992703924], [-81.61751733947892, 47.75709064580999], [-81.61354636784147, 47.75981122775415], [-81.60957498216867, 47.76253167283256], [-81.60560318239826, 47.76525198100609], [-81.60163096846799, 47.767972152235565], [-81.5976583403156, 47.77069218648183], [-81.59368529787888, 47.773412083705715], [-81.58971184109552, 47.77613184386805], [-81.5857379699033, 47.778851466929645], [-81.58176368423996, 47.78157095285131], [-81.57778898404324, 47.78429030159387], [-81.57378416275353, 47.78431039121599], [-81.56977933711886, 47.78433034111772], [-81.56577450716954, 47.78435015129869], [-81.56176967293588, 47.78436982175854], [-81.55776483444824, 47.78438935249686], [-81.55375999173688, 47.7844087435133], [-81.54975514483216, 47.7844279948075], [-81.54575029376439, 47.78444710637909], [-81.54174543856388, 47.78446607822767], [-81.53776841990228, 47.78718404866668], [-81.53379098656875, 47.78990188161005], [-81.52981313850111, 47.792619577018556], [-81.5258348756372, 47.795337134852986], [-81.52182917075218, 47.79535541495602], [-81.51785028163061, 47.79807269710544], [-81.51387097758699, 47.80078984157584], [-81.51389759764626, 47.80348898251944], [-81.50989125855916, 47.803506848328], [-81.50588491560723, 47.803524574318445], [-81.50187856882076, 47.80354216049042], [-81.49787221823016, 47.803559606843606], [-81.49386586386578, 47.80357691337765], [-81.489859505758, 47.80359408009223], [-81.48585314393715, 47.80361110698703], [-81.48184677843359, 47.80362799406172], [-81.4778404092777, 47.80364474131598], [-81.47786516536483, 47.806343895621396], [-81.47788992507462, 47.8090430486417], [-81.47791468840771, 47.81174220037691], [-81.47793945536479, 47.81444135082702], [-81.47796422594652, 47.81714049999204], [-81.4779890001536, 47.819839647872016], [-81.47801377798669, 47.822538794466915], [-81.47803855944645, 47.82523793977676], [-81.47806334453357, 47.827937083801594], [-81.4780881332487, 47.830636226541365], [-81.47811292559255, 47.83333536799614], [-81.47813772156576, 47.836034508165916], [-81.47816252116901, 47.838733647050695], [-81.47818732440301, 47.84143278465048], [-81.47821213126838, 47.8441319209653], [-81.47823694176581, 47.84683105599515], [-81.478261755896, 47.84953018974006], [-81.47828657365962, 47.852229322200024], [-81.4783113950573, 47.85492845337507], [-81.47833622008976, 47.85762758326518], [-81.47836104875766, 47.86032671187039], [-81.4783858810617, 47.8630258391907], [-81.47841071700252, 47.865724965226136], [-81.4784355565808, 47.86842408997668], [-81.47846039979723, 47.87112321344238], [-81.47848524665248, 47.87382233562322], [-81.47851009714722, 47.8765214565192], [-81.47853495128216, 47.87922057613037], [-81.47855980905791, 47.88191969445671], [-81.47858467047521, 47.88461881149826], [-81.47860953553473, 47.88731792725499], [-81.47863440423711, 47.89001704172694], [-81.47865927658306, 47.89271615491411], [-81.47868415257324, 47.89541526681653], [-81.47870903220833, 47.898114377434176], [-81.478733915489, 47.90081348676709], [-81.47875880241595, 47.90351259481529], [-81.47878369298985, 47.90621170157873], [-81.47880858721138, 47.90891080705749], [-81.4788334850812, 47.91160991125153], [-81.47885838660001, 47.914309014160914], [-81.47888329176848, 47.91700811578559], [-81.47890820058728, 47.91970721612562], [-81.47893311305711, 47.92240631518099], [-81.47895802917864, 47.925105412951716], [-81.47898294895255, 47.92780450943782], [-81.47900787237951, 47.9305036046393], [-81.47903279946021, 47.933202698556165], [-81.47905773019532, 47.935901791188435], [-81.47908266458555, 47.9386008825361], [-81.47910760263154, 47.94129997259923], [-81.47913254433399, 47.94399906137777], [-81.47915748969359, 47.946698148871754], [-81.479182438711, 47.9493972350812], [-81.47920739138692, 47.95209632000613], [-81.47923234772203, 47.95479540364652], [-81.48327555548889, 47.95747764871265], [-81.48330072842798, 47.960176728199734], [-81.48332590505896, 47.962875806402174], [-81.48736995740394, 47.96555790066504], [-81.48739535079581, 47.96825697470018], [-81.48742074791234, 47.970956047450535], [-81.4914656452666, 47.973637990815504], [-81.49149125930101, 47.976337059384576], [-81.49151687709293, 47.97903612666874], [-81.49556261988789, 47.98171791904108], [-81.49558845475481, 47.984416982129936], [-81.4996348300124, 47.98709862633903], [-81.49966088207938, 47.98979768521873], [-81.49968693796889, 47.99249674281323], [-81.4997129976816, 47.99519579912255], [-81.50373415940632, 47.99517823585404], [-81.50778180023278, 47.99785958353505], [-81.51182986050831, 48.00054078581638], [-81.51587834029307, 48.003221842658114], [-81.51992723964709, 48.00590275402033], [-81.52397655863051, 48.008583519863116], [-81.52802629730337, 48.01126414014655], [-81.53207645572577, 48.013944614830685], [-81.53612703395783, 48.01662494387559], [-81.53615501769433, 48.019323973253705], [-81.53618300553855, 48.02202300134516], [-81.53621099749121, 48.02472202814997], [-81.54026263795292, 48.02740220233414], [-81.54029084819797, 48.03010122479141], [-81.54031906258464, 48.03280024596189], [-81.54034728111367, 48.03549926584556], [-81.54037550378585, 48.03819828444247], [-81.54040373060195, 48.0408973017526], [-81.54043196156273, 48.043596317775965], [-81.54046019666899, 48.04629533251257], [-81.54048843592147, 48.04899434596247], [-81.54051667932099, 48.05169335812562], [-81.54054492686828, 48.05439236900205], [-81.54057317856413, 48.057091378591785], [-81.54060143440933, 48.059790386894825], [-81.54062969440463, 48.06248939391118], [-81.54065795855081, 48.06518839964087], [-81.54068622684866, 48.06788740408388], [-81.54071449929894, 48.07058640724026], [-81.54074277590244, 48.07328540911], [-81.54077105665993, 48.07598440969312], [-81.54079934157221, 48.078683408989605], [-81.54082763064001, 48.0813824069995], [-81.54085592386411, 48.084081403722806], [-81.54088422124532, 48.08678039915952], [-81.54091252278441, 48.089479393309674], [-81.54094082848215, 48.092178386173266], [-81.5409691383393, 48.0948773777503], [-81.54099745235666, 48.09757636804081], [-81.54102577053501, 48.100275357044794], [-81.54105409287511, 48.102974344762266], [-81.54108241937777, 48.10567333119323], [-81.54111075004373, 48.108372316337714], [-81.54113908487378, 48.11107130019571], [-81.54116742386871, 48.11377028276723], [-81.5411957670293, 48.1164692640523], [-81.54122411435631, 48.119168244050925], [-81.54125246585053, 48.12186722276312], [-81.54128082151274, 48.124566200188895], [-81.54130918134375, 48.127265176328244], [-81.54133754534428, 48.12996415118122], [-81.54136591351515, 48.13266312474778], [-81.54542635312211, 48.13534303313721], [-81.54545494094637, 48.13804200233609], [-81.54951601868667, 48.140721761298195], [-81.54954482629095, 48.14342072611535], [-81.54957363813163, 48.14611968964582], [-81.54960245420949, 48.148818651889584], [-81.54963127452532, 48.15151761284666], [-81.54966009907993, 48.15421657251707], [-81.54968892787413, 48.15691553090082], [-81.54971776090866, 48.159614487997914], [-81.54974659818437, 48.16231344380839], [-81.54977543970202, 48.165012398332216], [-81.54980428546241, 48.16771135156944], [-81.54983313546636, 48.17041030352006], [-81.54986198971464, 48.173109254184084], [-81.54989084820804, 48.17580820356153], [-81.54991971094736, 48.17850715165241], [-81.55398423324043, 48.1811867206881], [-81.55401331631175, 48.18388566438107], [-81.55404240366256, 48.186584606787314], [-81.55810778192637, 48.1892640229546], [-81.56217358401913, 48.19194329243619], [-81.56623981000162, 48.19462241519185], [-81.56223263659734, 48.19734116085902], [-81.56226216940487, 48.20004009313986], [-81.56229170655908, 48.20273902413365], [-81.56232124806081, 48.205437953840416], [-81.56235079391088, 48.20813688226018], [-81.56238034411008, 48.21083580939292], [-81.56240989865925, 48.213534735238675], [-81.56243945755918, 48.21623365979745], [-81.56246902081071, 48.21893258306925], [-81.56249858841464, 48.221631505054084], [-81.56252816037181, 48.22433042575198], [-81.56255773668302, 48.227029345162954], [-81.56258731734907, 48.22972826328698], [-81.55857722543026, 48.23244687644096], [-81.55456670868328, 48.23516535008314], [-81.55055576704395, 48.23788368417366], [-81.54654440044811, 48.24060187867261], [-81.54657315280319, 48.243300797705], [-81.54660190939285, 48.24599971545131], [-81.54258970109962, 48.24871777135176], [-81.53857706759634, 48.25143568755486], [-81.53456400881878, 48.2541534640207], [-81.53459214430357, 48.2568523819923], [-81.53462028393292, 48.259551298678446], [-81.53060638264233, 48.26226893632292], [-81.5306343177839, 48.26496785220179], [-81.53066225704106, 48.26766676679543], [-81.53069020041455, 48.270365680103836], [-81.53071814790516, 48.273064592127014], [-81.53074609951366, 48.275763502865], [-81.53077405524083, 48.27846241231778], [-81.53080201508743, 48.28116132048537], [-81.53082997905423, 48.283860227367796], [-81.53085794714202, 48.286559132965074], [-81.53088591935158, 48.28925803727719], [-81.53091389568367, 48.29195694030418], [-81.53094187613905, 48.294655842046055], [-81.52692504295129, 48.297373345442665], [-81.5229077834182, 48.30009070880006], [-81.51889009747545, 48.302807932078274], [-81.51487198505863, 48.30552501523726], [-81.51489913300854, 48.30822391748603], [-81.51492628496068, 48.310922818450486], [-81.51495344091578, 48.31362171813063], [-81.51498060087458, 48.31632061652647], [-81.51500776483783, 48.31901951363803], [-81.51098817900292, 48.321736458716856], [-81.50696816625066, 48.32445326353123], [-81.50294772651664, 48.32716992804113], [-81.4989268597364, 48.3298864522065], [-81.49490556584554, 48.332602835987295], [-81.49088384477959, 48.33531907934345], [-81.48686169647412, 48.33803518223488], [-81.48283912086471, 48.34075114462155], [-81.47881611788691, 48.34346696646336], [-81.47479268747628, 48.34618264772024], [-81.4707688295684, 48.348898188352095], [-81.4667445440988, 48.35161358831884], [-81.46271983100304, 48.35432884758036], [-81.46274427097363, 48.357027747801894], [-81.45871891990001, 48.35974286656455], [-81.45469314100825, 48.3624578445287], [-81.45066693423391, 48.36517268165417], [-81.44664029951251, 48.36788737790087], [-81.44261323677961, 48.37060193322866], [-81.43858574597074, 48.37331634759742], [-81.43455782702146, 48.376030620966944], [-81.43052947986732, 48.37874475329715], [-81.42650070444382, 48.381458744547835], [-81.42247150068653, 48.38417259467888], [-81.41844186853099, 48.38688630365007], [-81.41441180791271, 48.38959987142129], [-81.41038131876726, 48.3923132979523], [-81.40635040103018, 48.39502658320295], [-81.40231905463698, 48.39773972713304], [-81.3982872795232, 48.400452729702394], [-81.3942550756244, 48.40316559087077], [-81.3902224428761, 48.405878310598005], [-81.38618938121382, 48.40859088884384], [-81.3821558905731, 48.411303325568085], [-81.37812197088951, 48.41401562073052], [-81.37408762209853, 48.41672777429088], [-81.37005284413571, 48.419439786208955], [-81.3660176369366, 48.42215165644451], [-81.36198200043671, 48.42486338495728], [-81.35794593457157, 48.42757497170701], [-81.35390943927672, 48.43028641665344], [-81.34987251448767, 48.432997719756315], [-81.34989104525798, 48.435696620636115], [-81.34585347882027, 48.43840778173339], [-81.34181548269599, 48.441118800893335], [-81.33777705682064, 48.443829678075666], [-81.33373820112973, 48.44654041324009], [-81.32969891555878, 48.4492510063463], [-81.3256592000433, 48.451961457354], [-81.32567645987118, 48.45466035602813], [-81.32569372224924, 48.45735925342555], [-81.32571098717797, 48.46005814954628], [-81.32572825465783, 48.46275704439033], [-81.32574552468934, 48.46545593795772], [-81.32576279727294, 48.46815483024846], [-81.32578007240915, 48.470853721262564], [-81.32579735009841, 48.473552611000045], [-81.32581463034124, 48.47625149946093], [-81.3258319131381, 48.478950386645224], [-81.3258491984895, 48.48164927255294], [-81.32586648639587, 48.48434815718409], [-81.32588377685774, 48.487047040538684], [-81.32184086636191, 48.48975734680441], [-81.31779752496558, 48.4924675107187], [-81.3137537526041, 48.49517753224117], [-81.31377040670239, 48.497876413681425], [-81.30972599021051, 48.500586292532546], [-81.30568114256045, 48.50329602889784], [-81.30163586368755, 48.506005622736865], [-81.29759015352715, 48.50871507400924], [-81.29354401201458, 48.51142438267452], [-81.29355960227747, 48.51412326151072], [-81.2895128158972, 48.51683242722306], [-81.28546559797162, 48.51954145023422], [-81.28138805120923, 48.51685257346869], [-81.27732566553384, 48.51686243156222], [-81.27326327768006, 48.516872146302646], [-81.26920088767977, 48.51688171768977], [-81.26513849556491, 48.51689114572341], [-81.26107610136737, 48.51690043040338], [-81.25701370511906, 48.516909571729514], [-81.2529513068519, 48.51691856970161], [-81.24888890659778, 48.51692742431952], [-81.24482650438864, 48.51693613558305], [-81.24076410025636, 48.516944703492044], [-81.23670169423285, 48.51695312804632], [-81.23263928635002, 48.51696140924574], [-81.2285768766398, 48.51696954709012], [-81.22451446513408, 48.51697754157931], [-81.22045205186478, 48.51698539271316], [-81.2163896368638, 48.5169931004915], [-81.21232722016303, 48.5170006649142], [-81.20826480179443, 48.517008085981104], [-81.20420238178988, 48.517015363692074], [-81.20012933010993, 48.514323601594455], [-81.20011870161042, 48.51162470386842], [-81.19604629870055, 48.508932793890175], [-81.19197432716115, 48.50624073801812], [-81.18790278692902, 48.50354853629288], [-81.18383167794099, 48.500856188755], [-81.17977054290823, 48.50086260269773], [-81.17570007926498, 48.49816996552083], [-81.17163004673995, 48.495477182639426], [-81.17568142900224, 48.49277214601347], [-81.17973238027376, 48.490066966047515], [-81.18378290061877, 48.487361642781984], [-81.1878329901015, 48.484656176257296], [-81.19188264878618, 48.48195056651391], [-81.19187246982689, 48.47925165220136], [-81.19186229237194, 48.47655273661524], [-81.19185211642102, 48.47385381975552], [-81.19184194197385, 48.4711549016222]]}, "properties": {"route": "V2", "length_km": 391.7, "mean_resistance": 125.4, "cells": 1156}}, {"type": "Feature", "geometry": {"type": "LineString", "coordinates": [[-84.74887577396561, 47.935060393342354], [-84.74506248945562, 47.93788475667548], [-84.74124879036356, 47.94070900309318], [-84.74144341517444, 47.943402426329314], [-84.74163806846254, 47.94609584769853], [-84.74183275023309, 47.94878926720071], [-84.7420274604914, 47.951482684835774], [-84.74222219924278, 47.9541761006036], [-84.74241696649247, 47.95686951450408], [-84.74261176224582, 47.95956292653712], [-84.7387963956982, 47.96238712886447], [-84.73899104088909, 47.965080549443606], [-84.73918571456929, 47.96777396815626], [-84.735369574587, 47.970598074225066], [-84.73556409758021, 47.973291501476446], [-84.73575864904838, 47.975984926862274], [-84.73595322899682, 47.97867835038249], [-84.7361478374308, 47.98137177203693], [-84.74035435522231, 47.98393444122996], [-84.74054922847586, 47.98662784687423], [-84.7407441302611, 47.98932125065119], [-84.7449515364963, 47.99188372523493], [-84.74915935853205, 47.99444603345876], [-84.75336759641824, 47.99700817528202], [-84.75757625020474, 47.99957015066408], [-84.75777212673137, 48.00226349582816], [-84.75796803194258, 48.00495683911922], [-84.75816396584372, 48.00765018053712], [-84.75434608238513, 48.010474953434496], [-84.75052778272345, 48.013299609156796], [-84.74670906678747, 48.016124147666], [-84.74288993450595, 48.01894856892401], [-84.73907038580761, 48.02177287289283], [-84.73525042062123, 48.0245970595344], [-84.73143003887552, 48.02742112881064], [-84.7276092404992, 48.03024508068348], [-84.72378802542104, 48.03306891511487], [-84.71996639356973, 48.03589263206669], [-84.71614434487401, 48.038716231500906], [-84.71232187926256, 48.04153971337939], [-84.7084989966641, 48.044363077664066], [-84.70467569700736, 48.047186324316804], [-84.70085198022097, 48.05000945329952], [-84.70104524524844, 48.05270294877539], [-84.6972209309375, 48.055525970359966], [-84.69339619929353, 48.058348874187566], [-84.6895710502452, 48.061171660220076], [-84.68574548372115, 48.063994328419334], [-84.68593805531373, 48.06668786321977], [-84.68613065513604, 48.06938139616881], [-84.68632328319332, 48.07207492726636], [-84.68651593949086, 48.07476845651228], [-84.68670862403393, 48.07746198390653], [-84.68690133682773, 48.08015550944894], [-84.68709407787759, 48.08284903313946], [-84.68728684718872, 48.08554255497797], [-84.68747964476643, 48.08823607496437], [-84.68767247061595, 48.09092959309855], [-84.68786532474257, 48.09362310938042], [-84.68805820715156, 48.09631662380988], [-84.68825111784817, 48.0990101363868], [-84.68844405683768, 48.10170364711112], [-84.6886370241254, 48.104397155982724], [-84.68883001971656, 48.10709066300149], [-84.68902304361644, 48.10978416816734], [-84.68921609583032, 48.11247767148016], [-84.6894091763635, 48.115171172939846], [-84.68557975673424, 48.11799391856391], [-84.68174991832834, 48.120816546074764], [-84.67791966107416, 48.123639055434175], [-84.67408898490007, 48.12646144660392], [-84.67025788973442, 48.12928371954573], [-84.66642637550561, 48.1321058742214], [-84.66259444214197, 48.134927910592666], [-84.65876208957185, 48.13774982862125], [-84.6549293177236, 48.140571628268916], [-84.65109612652556, 48.143393309497384], [-84.64726251590605, 48.14621487226835], [-84.64342848579341, 48.14903631654357], [-84.63959403611598, 48.151857642284725], [-84.63575916680203, 48.154678849453546], [-84.63192387777991, 48.157499938011725], [-84.62808816897792, 48.160320907920934], [-84.62425204032434, 48.16314175914287], [-84.6204154917475, 48.16596249163922], [-84.61657852317568, 48.16878310537166], [-84.61274113453712, 48.17160360030185], [-84.60890332576017, 48.17442397639145], [-84.60506509677305, 48.17724423360213], [-84.60122644750405, 48.180064371895504], [-84.59738737788143, 48.18288439123326], [-84.59354788783345, 48.18570429157702], [-84.58970797728836, 48.188524072888406], [-84.5858676461744, 48.191343735129024], [-84.58202689441983, 48.19416327826054], [-84.57818572195288, 48.19698270224452], [-84.57434412870177, 48.19980200704261], [-84.57050211459472, 48.202621192616384], [-84.56665967955998, 48.205440258927425], [-84.56281682352572, 48.20825920593735], [-84.5589735464202, 48.211078033607734], [-84.55512984817159, 48.213896741900136], [-84.55128572870811, 48.21671533077615], [-84.54744118795793, 48.219533800197304], [-84.54359622584924, 48.2223521501252], [-84.53975084231026, 48.22517038052134], [-84.53590503726913, 48.227988491347304], [-84.53205881065404, 48.23080648256461], [-84.52821216239313, 48.233624354134804], [-84.52436509241458, 48.2364421060194], [-84.52051760064656, 48.23925973817993], [-84.51666968701721, 48.2420772505779], [-84.51282135145468, 48.2448946431748], [-84.5089725938871, 48.24771191593217], [-84.50512341424259, 48.25052906881147], [-84.50127381244933, 48.2533461017742], [-84.4974237884354, 48.256163014781855], [-84.49357334212893, 48.258979807795896], [-84.48972247345804, 48.261796480777775], [-84.48587118235083, 48.264613033688995], [-84.48183625240576, 48.26473542486145], [-84.47780129552098, 48.26485767468635], [-84.47376631172737, 48.26497978316135], [-84.46991388353905, 48.267795826359844], [-84.46606103274037, 48.27061174932768], [-84.4622077592595, 48.273427552026334], [-84.4583540630245, 48.2762432344172], [-84.45449994396351, 48.27905879646174], [-84.45064540200464, 48.28187423812135], [-84.44679043707598, 48.28468955935745], [-84.4429350491056, 48.287504760131455], [-84.43907923802165, 48.29031984040474], [-84.43522300375214, 48.29313480013874], [-84.43136634622519, 48.29594963929482], [-84.42732871547074, 48.29607017600891], [-84.42329105815462, 48.2961905711971], [-84.41925337430779, 48.29631082485706], [-84.41521566396128, 48.29643093698649], [-84.41117792714606, 48.296550907583075], [-84.40714016389309, 48.296670736644515], [-84.4031023742334, 48.296790424168485], [-84.39906455819794, 48.296909970152704], [-84.39502671581772, 48.29702937459485], [-84.39116749165447, 48.29984292074714], [-84.38730784400072, 48.30265634599545], [-84.38344777278466, 48.305469650301106], [-84.37958727793439, 48.30828283362551], [-84.37572635937804, 48.311095895929924], [-84.37186501704376, 48.31390883717574], [-84.3678257201123, 48.31402731760053], [-84.36378639705467, 48.314145656385364], [-84.35992415474881, 48.31695821550042], [-84.35606148850167, 48.319770653424186], [-84.3520216632958, 48.31988858945905], [-84.34815833499432, 48.32270077555746], [-84.34429458259805, 48.32551284035949], [-84.34025425534064, 48.32563037346931], [-84.33621390215488, 48.32574776487019], [-84.33217352307184, 48.325865014559874], [-84.32813311812262, 48.32598212253612], [-84.32409268733826, 48.326099088796646], [-84.32005223074985, 48.32621591333922], [-84.3161866263732, 48.32902707257576], [-84.31232059769985, 48.33183811027256], [-84.30827963957452, 48.33195453154839], [-84.30423865575979, 48.33207081107074], [-84.3003717269513, 48.33488146554397], [-84.29650437368316, 48.33769199834463], [-84.29246288851273, 48.33780787439195], [-84.28842137776769, 48.33792360865025], [-84.28437984147912, 48.33803920111731], [-84.28033827967813, 48.33815465179091], [-84.27629669239585, 48.33826996066882], [-84.27225507966338, 48.3383851277488], [-84.26821344151182, 48.338500153028654], [-84.2641717779723, 48.33861503650616], [-84.2599581054726, 48.33603515467747], [-84.25574485752819, 48.33345510775356], [-84.2515320340863, 48.33087489577559], [-84.2474909061279, 48.33098917976349], [-84.24327869413412, 48.32840865026189], [-84.23923772799161, 48.32852263997671], [-84.23519673669787, 48.32863648792692], [-84.23098532323357, 48.32605548854188], [-84.22694449393484, 48.3261690422734], [-84.22273369196779, 48.323587725607766], [-84.21869302477619, 48.32370098516612], [-84.21465233259822, 48.3238141029755], [-84.210611615465, 48.323927079033744], [-84.20657087340759, 48.324039913338666], [-84.20253010645709, 48.3241526058881], [-84.19848931464462, 48.324265156679864], [-84.19444849800128, 48.324377565711806], [-84.19040765655814, 48.32448983298176], [-84.18636679034631, 48.324601958487555], [-84.18232589939693, 48.324713942227035], [-84.17828498374105, 48.32482578419805], [-84.1742440434098, 48.32493748439845], [-84.1702030784343, 48.32504904282607], [-84.16599513679262, 48.322465581173304], [-84.16195433483846, 48.3225768455809], [-84.15791350833796, 48.32268796822258], [-84.15387265732222, 48.32279894909623], [-84.14983178182237, 48.32290978819967], [-84.14579088186952, 48.32302048553078], [-84.14174995749475, 48.32313104108745], [-84.1377090087292, 48.32324145486752], [-84.13366803560396, 48.32335172686888], [-84.12962703815015, 48.32346185708941], [-84.12558601639888, 48.323571845526985], [-84.1215449703813, 48.32368169217949], [-84.11750390012845, 48.3237913970448], [-84.11346280567152, 48.3239009601208], [-84.10925773057909, 48.32131535606968], [-84.10505307994981, 48.318729587976975], [-84.10084885373047, 48.3161436558838], [-84.09664505186791, 48.313557559831175], [-84.0926046857223, 48.31366637297175], [-84.08856429557736, 48.313775044363595], [-84.08452388146414, 48.313883574004606], [-84.08048344341375, 48.31399196189269], [-84.07660516814664, 48.316795320272355], [-84.07256447012321, 48.316903434819615], [-84.06868553436938, 48.31970653849356], [-84.06464457644832, 48.319814379639546], [-84.0606035947367, 48.31992207899562], [-84.05656258926567, 48.320029636559696], [-84.05268252092618, 48.32283222205956], [-84.04880202799787, 48.32563468427899], [-84.04492111040956, 48.328437023179156], [-84.04103976809014, 48.331239238721146], [-84.0369977949245, 48.331346127515374], [-84.03311579178899, 48.334148087847346], [-84.02923336377114, 48.33694992471577], [-84.02519089503224, 48.33705640796806], [-84.02114840278759, 48.33716274933], [-84.01710588706838, 48.33726894879951], [-84.01306334790578, 48.337375006374586], [-84.00902078533096, 48.33748092205314], [-84.00497819937506, 48.33758669583315], [-84.00093559006929, 48.33769232771258], [-83.99689295744481, 48.3377978176894], [-83.9928503015328, 48.337903165761574], [-83.98880762236442, 48.33800837192706], [-83.98476491997087, 48.33811343618384], [-83.98072219438332, 48.33821835852989], [-83.97667944563295, 48.338323138963204], [-83.97263667375093, 48.33842777748173], [-83.96859387876846, 48.33853227408347], [-83.96455106071672, 48.33863662876641], [-83.96050821962687, 48.33874084152854], [-83.95646535553013, 48.338844912367854], [-83.95242246845766, 48.33894884128234], [-83.94837955844065, 48.33905262827], [-83.94433662551032, 48.339156273328825], [-83.94029366969784, 48.33925977645683], [-83.93625069103437, 48.339363137652015], [-83.93220768955115, 48.339466356912396], [-83.92816466527934, 48.33956943423596], [-83.92412161825017, 48.33967236962076], [-83.9200785484948, 48.33977516306478], [-83.91603545604444, 48.339877814566044], [-83.91199234093028, 48.33998032412258], [-83.90794920318355, 48.34008269173241], [-83.9039060428354, 48.34018491739357], [-83.89986285991706, 48.34028700110407], [-83.89581965445976, 48.34038894286197], [-83.89177642649464, 48.340490742665274], [-83.88773317605295, 48.340592400512044], [-83.88368990316589, 48.340693916400305], [-83.87964660786464, 48.34079529032812], [-83.87560329018044, 48.34089652229352], [-83.87155995014449, 48.34099761229456], [-83.86751658778799, 48.341098560329286], [-83.86347320314216, 48.34119936639575], [-83.85942979623819, 48.34130003049202], [-83.85538636710734, 48.34140055261615], [-83.85134291578078, 48.34150093276621], [-83.84729944228975, 48.34160117094025], [-83.84325594666545, 48.34170126713635], [-83.83921242893909, 48.34180122135257], [-83.83516888914194, 48.341901033586986], [-83.83112532730516, 48.342000703837705], [-83.82708174346, 48.34210023210275], [-83.82303813763767, 48.34219961838025], [-83.8189945098694, 48.342298862668265], [-83.81495086018641, 48.342397964964874], [-83.81090718861994, 48.3424969252682], [-83.8068634952012, 48.3425957435763], [-83.80281977996141, 48.3426944198873], [-83.7987760429318, 48.342792954199275], [-83.79473228414365, 48.34289134651033], [-83.79068850362812, 48.342989596818576], [-83.78664470141646, 48.34308770512212], [-83.78260087753993, 48.343185671419064], [-83.77855703202975, 48.34328349570751], [-83.77451316491714, 48.34338117798559], [-83.77046927623336, 48.34347871825141], [-83.76642536600961, 48.3435761165031], [-83.76238143427716, 48.34367337273877], [-83.75833748106724, 48.34377048695655], [-83.75429350641109, 48.34386745915458], [-83.75024951033996, 48.34396428933097], [-83.74635043618734, 48.34675686681948], [-83.74245093642853, 48.34954931886206], [-83.73840645068168, 48.349645741111694], [-83.7343619436368, 48.349742021305566], [-83.73031741532516, 48.34983815944182], [-83.72627286577803, 48.34993415551864], [-83.72222829502665, 48.350030009534116], [-83.7181837031023, 48.350125721486435], [-83.71413909003623, 48.350221291373764], [-83.7100944558597, 48.350316719194225], [-83.70604980060399, 48.350412004945994], [-83.70200512430036, 48.35050714862724], [-83.69796042698005, 48.35060215023613], [-83.69391570867435, 48.35069700977081], [-83.68987096941454, 48.35079172722948], [-83.68582620923186, 48.35088630261028], [-83.6817814281576, 48.35098073591142], [-83.67773662622305, 48.35107502713105], [-83.67369180345945, 48.351169176267376], [-83.66964695989807, 48.35126318331857], [-83.6656020955702, 48.35135704828281], [-83.66155721050713, 48.35145077115831], [-83.6575123047401, 48.35154435194324], [-83.6534673783004, 48.3516377906358], [-83.64942243121934, 48.35173108723419], [-83.64537746352815, 48.35182424173663], [-83.64133247525815, 48.351917254141284], [-83.6372874664406, 48.35201012444639], [-83.63324243710679, 48.35210285265014], [-83.629197387288, 48.352195438750755], [-83.6251523170155, 48.352287882746445], [-83.62110722632062, 48.35238018463543], [-83.61706211523462, 48.352472344415915], [-83.61301698378877, 48.352564362086156], [-83.60897183201438, 48.35265623764433], [-83.60492665994272, 48.35274797108872], [-83.6008814676051, 48.35283956241751], [-83.59683625503281, 48.352931011628954], [-83.59279102225715, 48.35302231872129], [-83.58874576930938, 48.35311348369275], [-83.58470049622083, 48.35320450654157], [-83.58065520302279, 48.35329538726602], [-83.57660988974652, 48.35338612586432], [-83.57256455642336, 48.35347672233473], [-83.56851920308459, 48.35356717667548], [-83.56447382976152, 48.35365748888487], [-83.56042843648544, 48.35374765896113], [-83.55638302328765, 48.35383768690252], [-83.55233759019946, 48.35392757270731], [-83.54829213725218, 48.35401731637376], [-83.54424666447709, 48.354106917900154], [-83.54020117190551, 48.35419637728474], [-83.53615565956875, 48.3542856945258], [-83.53211012749811, 48.354374869621616], [-83.5280645757249, 48.35446390257048], [-83.52401900428043, 48.35455279337066], [-83.51997341319601, 48.35464154202043], [-83.51592780250296, 48.354730148518094], [-83.51188217223257, 48.35481861286194], [-83.50783652241618, 48.354906935050266], [-83.50379085308508, 48.35499511508135], [-83.49974516427059, 48.355083152953505], [-83.49569945600403, 48.35517104866503], [-83.49165372831673, 48.35525880221423], [-83.48760798124, 48.35534641359941], [-83.48356221480513, 48.355433882818886], [-83.47951642904349, 48.355521209870965], [-83.47547062398635, 48.35560839475395], [-83.47142479966506, 48.35569543746618], [-83.46737895611095, 48.355782338005966], [-83.46333309335532, 48.35586909637163], [-83.4592872114295, 48.35595571256151], [-83.45524131036484, 48.35604218657391], [-83.45119539019262, 48.35612851840718], [-83.44714945094422, 48.356214708059646], [-83.44310349265093, 48.35630075552966], [-83.43905751534409, 48.35638666081555], [-83.43501151905502, 48.356472423915655], [-83.43096550381507, 48.35655804482832], [-83.42691946965559, 48.3566435235519], [-83.42287341660786, 48.35672886008475], [-83.41882734470325, 48.35681405442521], [-83.41478125397308, 48.35689910657163], [-83.41073514444868, 48.3569840165224], [-83.40668901616141, 48.35706878427585], [-83.40264286914258, 48.35715340983036], [-83.39859670342356, 48.357237893184305], [-83.39455051903566, 48.35732223433602], [-83.39050431601024, 48.35740643328391], [-83.38645809437863, 48.35749049002636], [-83.38241185417218, 48.35757440456171], [-83.37836559542222, 48.357658176888364], [-83.3743193181601, 48.35774180700469], [-83.37027302241718, 48.357825294909105], [-83.36622670822476, 48.35790864059996], [-83.36218037561424, 48.35799184407567], [-83.35813402461696, 48.35807490533462], [-83.35408765526424, 48.35815782437522], [-83.35004126758743, 48.358240601195845], [-83.34599486161791, 48.35832323579492], [-83.341948437387, 48.35840572817086], [-83.33790199492609, 48.35848807832203], [-83.33385553426648, 48.35857028624687], [-83.32980905543957, 48.3586523519438], [-83.3257625584767, 48.35873427541122], [-83.3217160434092, 48.358816056647555], [-83.31766951026846, 48.35889769565123], [-83.31362295908583, 48.35897919242066], [-83.30957638989267, 48.359060546954275], [-83.30552980272033, 48.35914175925052], [-83.30148319760016, 48.3592228293078], [-83.29743657456355, 48.35930375712457], [-83.29338993364183, 48.359384542699274], [-83.2893432748664, 48.35946518603033], [-83.28529659826857, 48.359545687116196], [-83.28124990387977, 48.35962604595531], [-83.27720319173132, 48.35970626254613], [-83.27315646185458, 48.359786336887105], [-83.26910971428096, 48.35986626897669], [-83.26506294904178, 48.35994605881334], [-83.26101616616845, 48.36002570639552], [-83.2569693656923, 48.360105211721674], [-83.25292254764473, 48.360184574790296], [-83.2488757120571, 48.360263795599835], [-83.24482885896079, 48.36034287414876], [-83.24078198838714, 48.360421810435554], [-83.23673510036758, 48.3605006044587], [-83.23268819493344, 48.36057925621665], [-83.22864127211612, 48.36065776570791], [-83.22459433194699, 48.36073613293095], [-83.22054737445741, 48.36081435788427], [-83.21650039967878, 48.36089244056637], [-83.21245340764247, 48.3609703809757], [-83.20840639837985, 48.361048179110796], [-83.20435937192232, 48.361125834970146], [-83.20031232830127, 48.361203348552245], [-83.19626526754804, 48.36128071985558], [-83.19221818969405, 48.3613579488787], [-83.18817109477067, 48.36143503562008], [-83.18412398280928, 48.36151198007824], [-83.18007685384127, 48.3615887822517], [-83.17602970789805, 48.361665442138985], [-83.17198254501098, 48.36174195973859], [-83.16793536521145, 48.361818335049044], [-83.16388816853085, 48.36189456806889], [-83.15984095500059, 48.36197065879665], [-83.15579372465201, 48.36204660723084], [-83.15174647751657, 48.36212241337001], [-83.14769921362561, 48.362198077212696], [-83.14365193301056, 48.36227359875743], [-83.13960463570278, 48.36234897800276], [-83.13555732173367, 48.36242421494722], [-83.13150999113466, 48.36249930958937], [-83.12746264393711, 48.362574261927755], [-83.12341528017242, 48.36264907196092], [-83.119367899872, 48.362723739687425], [-83.11532050306727, 48.362798265105845], [-83.11127308978958, 48.362872648214726], [-83.10722566007037, 48.36294688901262], [-83.10317821394102, 48.36302098749812], [-83.09913075143294, 48.363094943669765], [-83.09508327257754, 48.36316875752616], [-83.0910357774062, 48.363242429065856], [-83.08698826595035, 48.363315958287444], [-83.08294073824139, 48.36338934518949], [-83.07889319431072, 48.363462589770585], [-83.07484563418976, 48.36353569202932], [-83.07079805790988, 48.36360865196428], [-83.06675046550254, 48.36368146957405], [-83.06270285699911, 48.363754144857225], [-83.05865523243102, 48.36382667781241], [-83.05460759182967, 48.36389906843821], [-83.05055993522647, 48.363971316733206], [-83.04651226265285, 48.364043422696014], [-83.04246457414021, 48.36411538632524], [-83.03841686971998, 48.364187207619494], [-83.03436914942354, 48.36425888657739], [-83.03032141328234, 48.36433042319755], [-83.02627366132778, 48.36440181747859], [-83.02222589359128, 48.36447306941912], [-83.01817811010426, 48.36454417901777], [-83.01413031089814, 48.36461514627318], [-83.01008249600432, 48.36468597118396], [-83.00603466545425, 48.36475665374875], [-83.00198681927934, 48.364827193966185], [-82.99793895751101, 48.364897591834904], [-82.99389108018066, 48.36496784735355], [-82.98984318731975, 48.365037960520766], [-82.9857952789597, 48.365107931335196], [-82.98174735513192, 48.36517775979548], [-82.97769941586782, 48.36524744590029], [-82.97365146119887, 48.36531698964824], [-82.96960349115645, 48.36538639103804], [-82.96555550577202, 48.36545565006831], [-82.96150750507701, 48.365524766737735], [-82.95745948910282, 48.36559374104497], [-82.9534114578809, 48.36566257298868], [-82.94936341144269, 48.36573126256754], [-82.94531534981961, 48.36579980978023], [-82.9412672730431, 48.365868214625415], [-82.93721918114457, 48.36593647710177], [-82.93317107415548, 48.366004597208004], [-82.92912295210726, 48.36607257494276], [-82.92507481503132, 48.36614041030476], [-82.92102666295914, 48.36620810329268], [-82.91697849592211, 48.36627565390521], [-82.91293031395172, 48.366343062141055], [-82.90888211707934, 48.366410327998906], [-82.90483390533647, 48.36647745147746], [-82.90078567875453, 48.36654443257542], [-82.89673743736496, 48.3666112712915], [-82.8926891811992, 48.366677967624405], [-82.88864091028869, 48.36674452157286], [-82.88459262466486, 48.366810933135554], [-82.88054432435916, 48.36687720231122], [-82.87649600940307, 48.36694332909858], [-82.87244767982799, 48.367009313496354], [-82.86839933566537, 48.36707515550326], [-82.86435097694668, 48.36714085511803], [-82.86030260370336, 48.36720641233939], [-82.85625421596684, 48.36727182716611], [-82.85220581376858, 48.36733709959687], [-82.84815739714004, 48.367402229630436], [-82.84410896611266, 48.367467217265556], [-82.84006052071787, 48.36753206250098], [-82.83601206098717, 48.36759676533543], [-82.83196358695196, 48.36766132576767], [-82.82791509864371, 48.36772574379645], [-82.82386659609391, 48.36779001942054], [-82.81981807933396, 48.36785415263868], [-82.81576954839534, 48.367918143449636], [-82.8117210033095, 48.367981991852176], [-82.80767244410791, 48.36804569784507], [-82.80362387082201, 48.36810926142707], [-82.79957528348326, 48.36817268259698], [-82.79552668212312, 48.36823596135352], [-82.79147806677305, 48.368299097695534], [-82.78742943746452, 48.368362091621755], [-82.78338079422898, 48.36842494313098], [-82.77933213709788, 48.368487652222], [-82.77528346610269, 48.36855021889361], [-82.77123478127488, 48.36861264314457], [-82.76718608264592, 48.36867492497371], [-82.76313737024725, 48.36873706437981], [-82.75908864411035, 48.36879906136167], [-82.75503990426668, 48.36886091591809], [-82.7509911507477, 48.36892262804788], [-82.7469423835849, 48.36898419774984], [-82.74289360280972, 48.36904562502279], [-82.73884480845363, 48.36910690986555], [-82.73479600054812, 48.36916805227692], [-82.73074717912462, 48.36922905225572], [-82.72669834421464, 48.369289909800784], [-82.72264949584964, 48.369350624910915], [-82.71860063406109, 48.36941119758495], [-82.71455175888045, 48.36947162782173], [-82.7105028703392, 48.36953191562009], [-82.70645396846882, 48.369592060978846], [-82.70240505330075, 48.369652063896844], [-82.69835612486652, 48.369711924372915], [-82.69430718319757, 48.36977164240593], [-82.69025822832538, 48.36983121799471], [-82.68620926028143, 48.36989065113811], [-82.68216027909719, 48.36994994183498], [-82.67811128480413, 48.37000909008418], [-82.67406227743376, 48.37006809588457], [-82.67001325701753, 48.370126959234995], [-82.66596422358693, 48.370185680134334], [-82.66191517717344, 48.370244258581444], [-82.65786611780854, 48.370302694575194], [-82.65381704552371, 48.37036098811446], [-82.64976796035045, 48.3704191391981], [-82.64571886232021, 48.37047714782501], [-82.64166975146449, 48.370535013994065], [-82.63762062781477, 48.37059273770412], [-82.63357149140253, 48.370650318954105], [-82.62952234225928, 48.370707757742885], [-82.62547318041648, 48.37076505406934], [-82.62150968551427, 48.373520106378855], [-82.61746028462657, 48.373577123148216], [-82.61341087113145, 48.37363399743855], [-82.60944649598554, 48.376388642383624], [-82.60548169325277, 48.37914315412647], [-82.6015164628654, 48.381897532627384], [-82.59746635781018, 48.38195385290537], [-82.59350047336305, 48.38470796089261], [-82.58945012954254, 48.38476400139922], [-82.58548359098772, 48.38751783876387], [-82.58151662456577, 48.39027154271287], [-82.57754923020899, 48.39302511320652], [-82.57349819512696, 48.39308059922525], [-82.56944714776778, 48.393135942659086], [-82.56539608816298, 48.39319114350696], [-82.56134501634412, 48.39324620176779], [-82.5573762889695, 48.39599908919714], [-82.55340713350618, 48.39875184298228], [-82.54943754988649, 48.40150446308351], [-82.54546753804274, 48.404256949461114], [-82.54149709790725, 48.407009302075345], [-82.53752622941234, 48.40976152088649], [-82.53355493249029, 48.412513605854805], [-82.52958320707344, 48.41526555694054], [-82.5256110530941, 48.418017374103975], [-82.52163847048453, 48.42076905730533], [-82.51766545917708, 48.42352060650485], [-82.51369201910401, 48.42627202166276], [-82.50971815019764, 48.429023302739296], [-82.50574385239025, 48.43177444969467], [-82.50176912561415, 48.43452546248913], [-82.49779396980159, 48.43727634108283], [-82.49381838488489, 48.44002708543601], [-82.48984237079634, 48.44277769550886], [-82.48586592746818, 48.445528171261564], [-82.48188905483273, 48.44827851265431], [-82.47791175282225, 48.4510287196473], [-82.47393402136902, 48.453778792200666], [-82.46995586040532, 48.456528730274606], [-82.46597726986339, 48.45927853382926], [-82.46199824967553, 48.4620282028248], [-82.45801879977401, 48.46477773722136], [-82.45403892009107, 48.4675271369791], [-82.45005861055897, 48.47027640205815], [-82.44607787110998, 48.473025532418625], [-82.44209670167636, 48.475774528020665], [-82.43811510219035, 48.47852338882439], [-82.43413307258423, 48.481272114789896], [-82.43015061279023, 48.48402070587733], [-82.42616772274059, 48.48676916204674], [-82.42218440236756, 48.48951748325827], [-82.41820065160341, 48.49226566947196], [-82.41421647038035, 48.49501372064793], [-82.41023185863064, 48.49776163674625], [-82.40624681628648, 48.50050941772699], [-82.40226134328016, 48.503257063550194], [-82.39827543954388, 48.50600457417594], [-82.39428910500986, 48.508751949564285], [-82.39030233961036, 48.51149918967526], [-82.38631514327756, 48.514246294468904], [-82.38232751594373, 48.516993263905285], [-82.37833945754109, 48.51974009794441], [-82.37435096800182, 48.52248679654628], [-82.37036204725815, 48.52523335967093], [-82.36637269524233, 48.527979787278376], [-82.36238291188654, 48.530726079328616], [-82.358392697123, 48.53347223578165], [-82.3544020508839, 48.536218256597465], [-82.35041097310149, 48.53896414173608], [-82.34634789547403, 48.53901173594179], [-82.34228480726289, 48.53905918679214], [-82.33822170849997, 48.53910649428618], [-82.33422951997154, 48.541851827019606], [-82.33016618437026, 48.541898852231604], [-82.3261733378285, 48.54464391017309], [-82.3221097654766, 48.544690653045826], [-82.31811626087577, 48.54743543608597], [-82.31412232444066, 48.550180083151446], [-82.31005828915556, 48.55022640459165], [-82.30599424356608, 48.55027258261423], [-82.30193018770406, 48.55031861721829], [-82.29786612160146, 48.55036450840293], [-82.29380204529019, 48.55041025616727], [-82.28973795880219, 48.55045586051041], [-82.28567386216936, 48.550501321431476], [-82.28160975542366, 48.55054663892956], [-82.27754563859696, 48.55059181300382], [-82.2734815117212, 48.55063684365334], [-82.26941737482834, 48.55068173087728], [-82.26535322795027, 48.550726474674725], [-82.26128907111891, 48.550771075044835], [-82.25722490436623, 48.55081553198674], [-82.2531607277241, 48.55085984549957], [-82.24909654122446, 48.550904015582475], [-82.24503234489929, 48.55094804223459], [-82.24103413397971, 48.5536901872472], [-82.2370354910258, 48.55643219573818], [-82.23303641596998, 48.55917406766746], [-82.22903690874466, 48.56191580299491], [-82.22503696928231, 48.56465740168044], [-82.22103659751535, 48.56739886368392], [-82.2170357933762, 48.57014018896525], [-82.21303455679728, 48.57288137748425], [-82.20903288771102, 48.57562242920086], [-82.20503078604985, 48.5783633440749], [-82.20102825174618, 48.58110412206622], [-82.19702528473242, 48.583844763134685], [-82.193021884941, 48.58658526724014], [-82.18901805230436, 48.5893256343424], [-82.18501378675487, 48.59206586440133], [-82.18100908822494, 48.59480595737672], [-82.17700395664701, 48.59754591322841], [-82.17299839195347, 48.6002857319162], [-82.16899239407672, 48.60302541339991], [-82.16498596294919, 48.60576495763932], [-82.16097909850325, 48.60850436459425], [-82.15697180067131, 48.61124363422447], [-82.15296406938576, 48.61398276648979], [-82.14895590457901, 48.61672176134994], [-82.14494730618345, 48.61946061876474], [-82.14093827413147, 48.622199338693896], [-82.13692880835548, 48.624937921097235], [-82.13291890878783, 48.62767636593446], [-82.12890857536092, 48.63041467316535], [-82.12489780800718, 48.63315284274961], [-82.12088660665893, 48.635890874647], [-82.11687497124858, 48.638628768817235], [-82.11286290170851, 48.64136652522006], [-82.1088503979711, 48.644104143815156], [-82.1048374599687, 48.646841624562256], [-82.10082408763374, 48.64957896742107], [-82.09675175177226, 48.64961781824008], [-82.09267940723986, 48.64965652511004], [-82.08860705406866, 48.64969508803016], [-82.08453469229087, 48.64973350699972], [-82.08046232193864, 48.64977178201795], [-82.07638994304412, 48.64980991308413], [-82.0723175556395, 48.64984790019749], [-82.06824515975693, 48.6498857433573], [-82.06411597251076, 48.64722505829958], [-82.05998721962972, 48.644564220881996], [-82.05591523287619, 48.644601625119215], [-82.05184323777655, 48.644638885427106], [-82.04777123436295, 48.64467600180493], [-82.04369922266754, 48.64471297425197], [-82.0396272027225, 48.6447498027675], [-82.03555517455996, 48.644786487350814], [-82.03148313821211, 48.64482302800117], [-82.02735628188849, 48.6421610064269], [-82.02322985982961, 48.639498832762506], [-82.01910387197421, 48.63683650704909], [-82.01497831826109, 48.63417402932772], [-82.010853198629, 48.63151139963947], [-82.00672851301672, 48.62884861802542], [-82.00260426136303, 48.62618568452664], [-81.99848044360668, 48.62352259918416], [-81.99435705968645, 48.62085936203907], [-81.99023410954109, 48.61819597313238], [-81.98611159310937, 48.615532432505155], [-81.98204184808536, 48.615567209801696], [-81.97797209531028, 48.615601843305484], [-81.97390233481623, 48.615636333015836], [-81.96983256663529, 48.615670678932105], [-81.96576279079959, 48.61570488105358], [-81.96169300734121, 48.61573893937963], [-81.95762321629225, 48.61577285390959], [-81.95355341768477, 48.61580662464278], [-81.94948361155093, 48.61584025157855], [-81.9454137979228, 48.615873734716246], [-81.94134397683247, 48.615907074055215], [-81.93727414831206, 48.615940269594816], [-81.93320431239364, 48.615973321334394], [-81.92913446910934, 48.6160062292733], [-81.92506461849123, 48.61603899341091], [-81.9209456751524, 48.61337309656915], [-81.91687602679669, 48.6134055700391], [-81.91275772665853, 48.61073937512191], [-81.90863986009553, 48.60807302903601], [-81.90457062370699, 48.60810506509115], [-81.90045340026343, 48.60543842110516], [-81.89638436637694, 48.605470166636465], [-81.8923153254188, 48.60550176841565], [-81.88824627742115, 48.60553322644213], [-81.88413011645831, 48.60286599123719], [-81.88006127119526, 48.60289715881654], [-81.87599241899024, 48.6029281826549], [-81.87192355987531, 48.60295906275165], [-81.86785469388255, 48.60298979910621], [-81.86378582104403, 48.603020391717976], [-81.85971694139185, 48.60305084058635], [-81.8556024727993, 48.60038257463533], [-81.85153379631043, 48.60041273317048], [-81.84741997102088, 48.59774416992039], [-81.84330657902784, 48.59507545600147], [-81.8392383157869, 48.59510517773292], [-81.83517004592854, 48.59513475575812], [-81.83110176948476, 48.595164190076495], [-81.82703348648765, 48.595193480687485], [-81.82296519696926, 48.5952226275905], [-81.81889690096166, 48.59525163078498], [-81.81482859849692, 48.59528049027037], [-81.81076028960706, 48.595309206046075], [-81.80669197432418, 48.595337778111585], [-81.80262365268034, 48.59536620646631], [-81.79855532470758, 48.5953944911097], [-81.79444467762465, 48.59272401582299], [-81.79033446374186, 48.590053390244435], [-81.78626655017844, 48.59008123849689], [-81.78219863041672, 48.590108943062965], [-81.77813070448875, 48.59013650394207], [-81.77406277242656, 48.59016392113368], [-81.76999483426223, 48.59019119463727], [-81.7659268900278, 48.5902183244523], [-81.76185893975533, 48.59024531057826], [-81.75779098347687, 48.59027215301461], [-81.75372302122447, 48.59029885176083], [-81.74969497708506, 48.59302405263057], [-81.74562678638364, 48.59305046648615], [-81.74155858980336, 48.59307673663649], [-81.73749038737624, 48.59310286308109], [-81.73342217913437, 48.59312884581944], [-81.72935396510977, 48.59315468485104], [-81.72528574533455, 48.59318038017537], [-81.72121751984072, 48.593205931791935], [-81.71714928866038, 48.59323133970025], [-81.71308105182558, 48.593256603899796], [-81.70901280936839, 48.59328172439012], [-81.70494456132087, 48.593306701170704], [-81.70087630771508, 48.59333153424105], [-81.69680804858308, 48.59335622360071], [-81.69273978395695, 48.59338076924919], [-81.68867151386871, 48.59340517118599], [-81.68460323835049, 48.59342942941067], [-81.68053495743432, 48.59345354392274], [-81.67646667115224, 48.59347751472171], [-81.67239837953636, 48.59350134180716], [-81.66833008261874, 48.59352502517859], [-81.66426178043142, 48.59354856483556], [-81.66015831433974, 48.59087326328785], [-81.65605528145576, 48.58819781234867], [-81.65195268171738, 48.585522212058905], [-81.64785051506239, 48.582846462459436], [-81.6437830533085, 48.58286927492907], [-81.63971558648117, 48.58289194373572], [-81.63564811461244, 48.58291446887895], [-81.63161426510045, 48.58563556678072], [-81.62757998249548, 48.588356523924745], [-81.62354526673151, 48.59107734027067], [-81.61947712532303, 48.59109929696777], [-81.61540897903059, 48.59112110995862], [-81.61134082788627, 48.591142779242844], [-81.60727267192212, 48.591164304819976], [-81.60320451117019, 48.5911856866896], [-81.59913634566257, 48.59120692485133], [-81.59503648749646, 48.58852928706597], [-81.59093706250394, 48.58585150033344], [-81.58686931609785, 48.58587230344429], [-81.58280156506606, 48.58589296287271], [-81.57873380944065, 48.585913478618274], [-81.57466604925365, 48.5859338506806], [-81.57059828453713, 48.585954079059285], [-81.56653051532312, 48.58597416375392], [-81.56246274164369, 48.58599410476412], [-81.55839496353089, 48.586013902089505], [-81.55432718101677, 48.58603355572969], [-81.55025939413338, 48.5860530656843], [-81.5461916029128, 48.58607243195294], [-81.54212380738706, 48.586091654535245], [-81.53805600758822, 48.586110733430814], [-81.53398820354833, 48.586129668639316], [-81.52992039529947, 48.58614846016035], [-81.52585258287367, 48.586167107993575], [-81.52178476630299, 48.5861856121386], [-81.51771694561948, 48.58620397259509], [-81.51364912085523, 48.58622218936268], [-81.50958129204226, 48.586240262440995], [-81.50551345921265, 48.58625819182972], [-81.50144562239842, 48.58627597752849], [-81.49737778163167, 48.586293619536946], [-81.49328367211973, 48.58361233771855], [-81.48918999569378, 48.58093090765379], [-81.4850967522912, 48.578249329383496], [-81.48507093205458, 48.575550542142444], [-81.48097834186683, 48.57286881281678], [-81.47688618451312, 48.57018693538107], [-81.47279445993084, 48.567504909876114], [-81.46870316805735, 48.56482273634269], [-81.46461230883004, 48.5621404148216], [-81.46052188218628, 48.55945794535362], [-81.45643188806346, 48.556775327979494], [-81.45234232639896, 48.55409256274003], [-81.44825319713013, 48.55140964967595], [-81.44416450019436, 48.548726588828046], [-81.440076235529, 48.54604338023706], [-81.43598840307146, 48.54336002394373], [-81.4319010027591, 48.540676519988786], [-81.42781403452928, 48.537992868412964], [-81.42372749831938, 48.53530906925701], [-81.41964139406676, 48.53262512256161], [-81.4155557217088, 48.529941028367546], [-81.41147048118286, 48.527256786715455], [-81.40740731877837, 48.52727123744171], [-81.40332272268967, 48.524586703623584], [-81.39925976978371, 48.52460086621466], [-81.39519681374041, 48.524614885419034], [-81.39113385459164, 48.524628761236414], [-81.38707089236938, 48.52464249366655], [-81.38300792710551, 48.52465608270916], [-81.37894495883197, 48.524669528364], [-81.37488198758066, 48.5246828306308], [-81.37081901338354, 48.5246959895093], [-81.3667560362725, 48.52470900499924], [-81.36269305627948, 48.52472187710037], [-81.35863007343642, 48.524734605812455], [-81.3545670877752, 48.52474719113522], [-81.35050409932778, 48.524759633068435], [-81.34642270260123, 48.52207307172287], [-81.34234173753441, 48.51938636341821], [-81.3382612040645, 48.51669950819507], [-81.33824323820485, 48.5140006421972], [-81.3382252750017, 48.51130177492259], [-81.33820731445456, 48.50860290637125], [-81.33818935656292, 48.50590403654313], [-81.33817140132628, 48.503205165438246], [-81.33409239094635, 48.50051815136154], [-81.33407465657825, 48.49781927658501], [-81.32999629550108, 48.49513211335872], [-81.32591836544988, 48.492444803418316], [-81.32185794647027, 48.49245622868313], [-81.31779752496558, 48.4924675107187], [-81.3137537526041, 48.49517753224117], [-81.30969311064563, 48.49518852885434], [-81.30563246625714, 48.495199382224094], [-81.30155581433307, 48.49251120656404], [-81.29747959337782, 48.48982288439189], [-81.29341937286068, 48.48983330606477], [-81.28935915004189, 48.48984358452041], [-81.28529892495327, 48.48985371975862], [-81.28123869762666, 48.48986371177921], [-81.27717846809392, 48.48987356058197], [-81.27311823638689, 48.48988326616673], [-81.26904372563801, 48.48719393260509], [-81.26499776657737, 48.48990224768148], [-81.26093752853858, 48.48991152361109], [-81.25687728845287, 48.489920656321964], [-81.25281704635215, 48.489929645813895], [-81.24875680226822, 48.48993849208674], [-81.2446835719806, 48.48724829408646], [-81.24061077254575, 48.484557949978246], [-81.23655095355714, 48.48456636500583], [-81.2324787984365, 48.48187573085769], [-81.2284070740434, 48.47918495070966], [-81.22433578031485, 48.476494024602374], [-81.22026491718789, 48.47380295257634], [-81.21619448459955, 48.47111173467214], [-81.21213573154552, 48.47111928697979], [-81.20806594299269, 48.46842777941328], [-81.20400740186815, 48.468435044783405], [-81.19994885914501, 48.46844216704052], [-81.19590070302236, 48.47114806494696], [-81.19184194197385, 48.4711549016222]]}, "properties": {"route": "V3", "length_km": 319.2, "mean_resistance": 214.1, "cells": 942}}]}