ID,Name,Sector,From Municipality,To Municipality,Location,Geometry,Cost,Stage,Schedule,Website,Related Links,Developer,Recently Added,Construction Contractor,Image Filename,Image Source,Details
2,Keyano Theatre Expansion,Institutional,Regional Municipality of Wood Buffalo,,"(56.7130012512207, -111.347999572754)",,$40000000.00,Announced,,http://woodbuffalo.siretechnologies.com/sirepub/cache/2/b1i0ps55ceidn555agfpgivv/474030225201510372411.PDF,"[{""url"":""http://www.fortmcmurraytoday.com/2014/10/23/keyano-college-seeking-funding-from-municipality-for-theatre-expansion"",""text"":""Oct 23, 2014 - Fort McMurray Today""}]",Keyano College,false,,,,Keyano is planning on building capacity for a 1200 seat theatre in their Arts Centre to help the Wood Buffalo region in attracting diverse productions.
3,Regional Water Project Phase 1,Infrastructure,Wheatland County,,"(56.712947845459, -111.350059509277)",,$10000000.00,Announced,,,"[{""url"":""http://www.drumhellermail.com/news/news-drumheller/14226-multi-million-dollar-regional-water-project-set-to-go"",""text"":""Jul 30, 2014 - Drumheller Mail""}, {""url"":""http://www.strathmorestandard.com/2014/10/29/county-council-to-go-ahead-with-rural-water-project"",""text"":""Oct 29, 2014 - Strathmore Standard""}]",Wheatland Regional Water Partnership,false,,,,"Regional water project for Standard, Rosebud, Rockyford, Gleichen and Hussar. Phase 1 is Standard to Rockyford."
4,Hangingstone SAGD Commercial Production Project,Oil Sands,Regional Municipality of Wood Buffalo,,"(56.496768951416, -111.595970153809)",,$774000000.00,Under Construction,2013 - 2016,http://www.jacos.com/Business/Pages/Current-Development.aspx,"[{""url"":""http://www.calgaryherald.com/business/Pipeline+deal+inked+Hangingstone+project/8964582/story.html"",""text"":""Sept 25, 2013 - Calgary Herald""}]",Japan Canada Oil Sands Limited (JACOS) / Nexen Inc.,false,,,,"The Hangingstone Steam Assisted Gravity Drainage Expansion Project will develop an area adjacent to the current Demonstation Project by JACOS and Nexen Energy ULC. The initial stage will result in bitumen production capacity of around 20,000 barrels per day, with room for an additional 10,000 bpd expansion after operations begin."
13,North West Bitumen Upgrader Phase 1,Oil Sands,Redwater,,"(53.9490013122559, -113.107002258301)",,$8500000000.00,Under Construction,2013 - 2017,www.northwestupgrading.com or www.nwrpartnership.com,"[{""url"":""http://www.dailyoilbulletin.com/article/2014/6/19/north-west-redwater-refinery-17-cent-completed/"",""text"":""Jun 19, 2014 - Daily Oil Bulletin""}]",North West Redwater Partnership (Canadian Natural Resources Ltd. (CNRL) / North West Upgrading Inc.),false,"EPC SNC-Lavalin, PCL Industrial Management.",https://farm8.staticflickr.com/7603/16904711796_8c0917f0fb_b.jpg,"North West Bitumen Upgrader Phase 1, courtesy of North West Redwater Partnership.","Commenced construction of Phase 1 of a three phase, 150,000 barrels per day bitumen blend refinery that will produce diesel, diluent and other products for the Alberta and world markets. Site modules and mechanical work 2014 - 2015."
14,Fort Hills Oil Sands Mine,Oil Sands,Regional Municipality of Wood Buffalo,,"(57.4408378601074, -111.570137023926)",,$13500000000.00,Under Construction,2013 - 2017,http://forthills.suncor.com/,"[{""url"":""http://business.financialpost.com/2013/10/31/suncor-energy-fort-hills/?__lsa=b0aa-348e"",""text"":""Oct 31, 2013 - Financial Post ""}]",Fort Hills Energy Corp. (Suncor Energy Inc. / Total SA / Teck Cominco),false,Aecon Group.,,,Corporate approval October 2013. Site development by Aecon Group. EPC utilities Fluor Canada.
17,Chinook Regional Hospital,Institutional,Lethbridge,,"(49.6860427856445, -112.81510925293)",,$127800000.00,Under Construction,2012 - 2015,http://www.infrastructure.alberta.ca/documents/0821__Lethbridge_RH_Fact_Sheet_%28Final%29.pdf,"[{""url"":""http://alberta.ca/release.cfm?xID=33126755B04D8-9FF2-1E50-F8A28225B7639F0F"",""text"":""Oct 18, 2012 - Alberta Government""}, {""url"":""http://www.albertahealthservices.ca/cp/ahs-cp-chinook-community-update-winter-2014.pdf"",""text"":""Winter 2014 - Alberta Health Services""}]",Alberta Infrastructure,false,Stuart Olson Dominion Construction,,,"This redevelopment includes a 5-storey addition of approximately 19,000 square metres to provide improved access to outpatient services, specialized care, and emergency services."
20,Canadian Diluent Hub Phase 1,Oil Sands,Strathcona County,,"(53.8215217590332, -113.130630493164)",,$350000000.00,Announced,2016 - 2017,http://www.pembina.com/about-us/projects/,"[{""url"":""http://www.theglobeandmail.com/globe-investor/news-sources/?mid=cnw.20141009.C7404"",""text"":""Oct 9, 2014 - The Globe and Mail""}]",Pembina Pipeline Corp.,false,,,,"The Canadian Diluent Hub will be a large-scale condensate and diluent terminal at the Heartland Terminal site near Fort Saskatchewan. The first phase will include 600,000 barrels of above ground storage with multiple pipeline connections and pumping and metering facilities."
21,Sage Place Building 2,Residential,Calgary,,"(51.1620407104492, -114.160911560059)",,$21000000.00,Under Construction,2014 - 2015,http://www.buzzbuzzhome.com/sage-place-building-22,"[{""url"":""http://www.condolivingonline.com/calgary/articles/5233/a-place-in-the-sun"",""text"":""Jan 1, 2014 - condoliving""}]",Cardel Lifestyles,false,,,,Sage Place 2 is a 48 unit low-rise condominium under construction in Calgary with expected completion in August 2015.
22,Medicine Hat Regional Hospital Redevelopment,Institutional,Medicine Hat,,"(50.0354156494141, -110.702163696289)",,$220000000.00,Under Construction,2012 - 2016,http://www.albertahealthservices.ca/5805.asp,"[{""url"":""http://www.prairiepost.com/news/alberta/item/1134-construction-firm-selected-for-medicine-hat-hospital-redevelopment.html"",""text"":""Jul 5, 2011 - Prairie Post""}, {""url"":""http://www.albertahealthservices.ca/assets/about/capitalprojects/ahs-cp-winter-update-2015-mhrh.pdf"",""text"":""Winter 2014/15 - Alberta Health Services""}]",Alberta Infrastructure,false,Stuart Olson Dominion Construction,,,"This 30,800 square metre redevelopment work will focus on a new building to replace the Dr Dan MacCharles Auxiliary wing, which was built in 1962."
23,Gilead Research and Development Lab,Other Sectors,Edmonton,,"(53.5709991455078, -113.356002807617)",,$50000000.00,Announced,2014 - 2016,http://manascisaac.com/work/gilead-sciences-new-laboratory/,"[{""url"":""http://blogs.edmontonjournal.com/2014/10/20/biotech-giant-gilead-sciences-expanding-in-edmonton-with-2nd-city-lab/"",""text"":""Oct 20, 2014 - Edmonton Journal""}]",Gilead Alberta,false,Graham Construction,,,"Located on a 10-acre site in northeast Edmonton, this 6500 square metre cutting edge laboratory will contain labs and lab support spaces, offices and meeting spaces."
24,Northern Gateway Pipeline,Pipelines,Bruderheim,County of Grande Prairie No. 1,,"{ ""type"": ""LineString"", ""coordinates"": [ [ -112.926635, 53.804270 ], [ -115.139963, 53.953778 ], [ -116.808904, 54.405156 ], [ -119.999928, 54.799187 ] ] }",$1579000000.00,Announced,2014 - 2015,www.northerngateway.ca or www.enbridge.com or www.ceaa-acee.gc.ca,"[{""url"":""http://business.financialpost.com/2013/12/19/northern-gateway-pipeline-approved-by-panel-with-209-conditions/?__lsa=adae-16aa"",""text"":""Dec 19, 2013 - Financial Post""}]",Enbridge Pipelines Inc.,false,Enbridge Pipelines Inc.,,,"The Enbridge Northern Gateway Pipeline will be a twin system running from near Edmonton to a new marine terminal in Kitimat, British Columbia, which will be used to export petroleum and import condensate. Federal approval has been obtained. Cost is for Alberta portion only."
25,High Prairie Health Complex,Institutional,High Prairie,,"(55.4339561462402, -116.483406066895)",,$160000000.00,Under Construction,2012 - 2016,http://www.albertahealthservices.ca/2343.asp,"[{""url"":""http://www.dailyheraldtribune.com/2012/10/28/provincial-government-announces-plans-for-new-high-prairie-hospital"",""text"":""Oct 28, 2012 - Grande Prairie Daily Herald Tribune""}, {""url"":""http://www.infrastructure.alberta.ca/documents/June_2014_HPHC_Fact_Sheet.pdf"",""text"":""Jun 2014 - Alberta Infrastructure""}]",Alberta Infrastructure,false,,,,"The new High Prairie Health Complex will include a wide-range of health services including 30 acute care beds, 67 continuing care beds, primary health care and community health programs."
32,International Transborder Concourse,Infrastructure,Calgary,,"(51.1338996887207, -114.011032104492)",,$1427000000.00,Under Construction,2011 - 2015,http://ascribehq.com/ellisdon/portfolio/bim/5976,"[{""url"":""http://www.cbc.ca/news/canada/calgary/calgary-airport-terminal-runway-construction-underway-1.1117045"",""text"":""Dec 9, 2011 - CBC News""}]",Calgary Airport Authority,false,EllisDon Corporation,,,"This project will involve the construction of an East Concourse at the Calgary International Airport, providing the increased capacity to meet projected international and transborder demand through to 2025. The expansion will double the size of the existing terminal building and add 22 bridge positions."
37,CFB Cold Lake Infrastructure Upgrades,Infrastructure,Cold Lake,,"(54.4096183776855, -110.275764465332)",,$120000000.00,Under Construction,2006 - 2015,,"[{""url"":""http://www.reuters.com/article/2013/07/02/idUSnCCN2Z4Cb6+1d4+MKW20130702"",""text"":""Jul 2, 2013 - Reuters""}]",Defence Construction Canada,false,Clearway Construction Inc.,,,"A multi-phase project, current upgrades include new housing, daycare, road systems, plumbing, and communications around the wing."
39,May River Bitumen Project Phase 1,Oil Sands,Regional Municipality of Wood Buffalo,,"(55.665943145752, -111.233039855957)",,$250000000.00,Announced,,http://www.grizzlyoilsands.com/operations/may-river,,Grizzly Oil Sands ULC,false,,,,
52,Freeport Holiday Inn,Tourism / Recreation,Calgary,,"(51.1520004272461, -114.003997802734)",,$25200000.00,Under Construction,2014 - 2015,,,Aspen Developments Corp.,false,,,,
56,Shepard Energy Centre Power Plant,Power,Calgary,,"(50.9524993896484, -113.923599243164)",,$1400000000.00,Under Construction,2011 - 2015,https://www.enmax.com/generation-wires/generation/natural-gas-powered/shepard-energy-centre,"[{""url"":""http://calgaryherald.com/business/enmax-seeks-extension-on-shepard-energy-centre-deadline"",""text"":""Jul 4, 2014 - Calgary Herald""}]",ENMAX Energy Corp. / Capital Power Corp.,false,Kiewit Energy Canada Corp. / Black,,,"Shepard Energy Centre will be the largest natural gas-fired power facility in Alberta upon its completion. Using combined-cycle technology, two natural gas-fired turbines and one steam turbine will add more than 800 megawatts of electricity to the provincial grid, while emitting half the CO2 per MW than conventional coal plants."
58,Raw Water Pump Station,Infrastructure,Camrose,,"(52.8658828735352, -112.743392944336)",,$5900000.00,Announced,2014 - 2015,,,City of Camrose,false,Alpha Construction,,,
61,Deerland Peaking Station,Power,Bruderheim,,"(53.8572807312012, -112.879989624023)",,$140000000.00,Announced,Commencing 2015,http://www.maximpowercorp.com/_html/operations/deerland.html,"[{""url"":""https://ca.finance.yahoo.com/news/maxim-power-corp-announces-firm-001537524.html"",""text"":""May 15, 2012 - Yahoo Finance""}]",MAXIM Power Corp.,false,,,,"MAXIM has received regulatory approval to construct and operate a four-unit configuration to produce 190 MW of incremental generation. The planned facility, located beside existing electrical infrastructure, will help address Alberta""s growing power needs, particularly in times of peak electricity demand."
62,Diamond Willow Terrace Lodge Renovations,Institutional,Magrath,,"(49.4127006530762, -112.870002746582)",,$7500000.00,Announced,,http://www.magrath.ca/component/content/article/644-diamond-willow-terrace-lodge-expansion.html,"[{""url"":""http://www.prairiepost.com/news/alberta/item/6515-magrath-blairmore-receive-funds-for-seniors-lodges.html"",""text"":""Aug 8, 2014 - Prairie Post""}]",Chinook Foundation/ Alberta Social Housing Corp.,false,,,,The Diamond Willow Terrace Lodge in Magrath currently has 39 units that will be renovated into 20 larger and more spacious suits with an additional 28 new units to be added to the facility. Funding will also help enlarge bathroom facilities and widen doorways and hallways to make them more easily accessible for patrons requiring wheelchairs and walkers.
63,"Distribution Centre, Balzac",Commercial / Retail,Rocky View County,,"(51.2000007629395, -113.980003356934)",,$50000000.00,Announced,,,"[{""url"":""http://www.calgaryherald.com/business/American+developer+building+square+foot+distribution+centre+Balzac+area/10273035/story.html"",""text"":""Oct 7, 2014 - Calgary Herald""}]",Hillwood Investment Properties / Highfield Investment Group,false,Clark Builders,,,"Hillwood Investment Properties is partnering with Highfield Investment Group to build a new 500,000 sq ft state-of-the-art distribution facility in the High Plains Industrial Park in Balzac."
67,"ALT Hotel, East Village",Tourism / Recreation,Calgary,,"(51.0470008850098, -114.047996520996)",,$34000000.00,Announced,2015 - 2017,www.groupegermain.com,"[{""url"":""http://www.calgaryherald.com/business/Hotel+planned+Calgary+East+Village/10270705/story.html"",""text"":""Oct 6, 2014 - Calgary Herald""}]",Groupe Germain Hospitalite / Homes by Avi,false,,,,"Groupe Germain Hospitalite is building a second Calgary-area hotel in the East Village with 155 rooms and 5000 sq ft of meeting space, which will offer modern design and features. Two retail areas will be on the first floor along with 3 floors of underground parking."
68,Cranston Ridge Condo,Residential,Calgary,,"(50.8792991638184, -113.982803344727)",,$12200000.00,Announced,,http://www.cardellifestyles.com/cranston-ridge/,"[{""url"":""http://www.calgarysun.com/2013/12/13/lifestyle-and-location-at-cranston-ridge"",""text"":""Dec 14, 2013 - Calgary Sun""}]",Cardel Lifestyles,false,,https://farm9.staticflickr.com/8633/16546531158_89c552960c_b.jpg,"Cranston Ridge Condo, courtesy of Cardel Lifestyles.",This building features 15 townhomes and 256 condo apartments in the Calgary neighbourhood of Cranston.
81,Highway 56 Upgrades,Infrastructure,Stettler,County of Stettler No. 6,,"{ ""type"": ""LineString"", ""coordinates"": [ [ -112.691757, 52.330101 ], [ -112.69175, 52.330116 ], [ -112.691731, 52.330228 ], [ -112.691787, 52.332219 ], [ -112.691776, 52.346759 ], [ -112.691778, 52.36136 ], [ -112.691775, 52.375854 ], [ -112.691766, 52.404908 ], [ -112.691759, 52.434002 ], [ -112.691797, 52.450646 ], [ -112.691816, 52.46308 ], [ -112.691806, 52.492233 ], [ -112.691888, 52.52135 ], [ -112.692024, 52.579502 ] ] }",$6000000.00,Announced,2014 - 2015,http://www.transportation.alberta.ca/projects/east.aspx,,Alberta Transportation,false,Lahrmann Construction,,,"Highway 56 selective grade, base and pave from 52 Ave in Stettler to Highway 53, plus intersection improvement at Highway 56 / Township 410 north of Stettler."
82,Parsons Creek Continuing Care Centre,Institutional,Regional Municipality of Wood Buffalo,,"(56.7580146789551, -111.455619812012)",,$41700000.00,Announced,2014 - 2017,,,Alberta Infrastructure,false,Ledcor Construction,,,Tender closes April 14.
84,Equinox Oil Sands Mine,Oil Sands,Regional Municipality of Wood Buffalo,,"(57.4408378601074, -111.570137023926)",,$5750000000.00,Announced,,,,Teck Coal Ltd.,false,,,,Application filed with Frontier application in November 2011.
85,"Frontier Oil Sands Mine Phases 1, 2 and 3",Oil Sands,Regional Municipality of Wood Buffalo,,"(57.7190818786621, -112.081283569336)",,$20000000000.00,Announced,,http://www.teck.com/frontier,"[{""url"":""http://www.dailycommercialnews.com/Resource/News/2014/4/Frontier-Oilsands-Mine-joint-review-panel-raises-concerns-among-some-First-Nations-DCN059910W/"",""text"":""Apr 17, 2014 - Daily Commercial News""}]",Teck Coal Ltd.,false,,,,Proposed construction start phase 1 in 2016. Application filed November 2011. Regulatory approval expected in late 2015 / early 2016. Four phases in total.
86,Banff Ave Apartment Building,Residential,Banff,,"(51.1800003051758, -115.569999694824)",,$9200000.00,Announced,,,"[{""url"":""http://www.rmoutlook.com/article/20141120/RMO0801/311209996/banff-ponders-building-own-rental-unitsandtemplate=JQMArticle"",""text"":""Nov 20, 2014 - Rocky Mountain Outlook""}]",Town of Banff,false,,,,The Town of Banff is proposing to build 36 rental units on Banff Ave at potentially lower than market rents to help alleviate a low-cost housing shortage.
87,StoneGate Landing,Commercial / Retail,Calgary,,"(51.1725006103516, -113.975799560547)",,$3000000000.00,Under Construction,2010 - 2021,www.stonegatelanding.ca/ or http://www.wamdevelopment.com/projects/stonegate-landing/,"[{""url"":""http://www.calgaryherald.com/entertainment/Stoney+Industrial+Centre+Calgary+four+completed+buildings/8256462/story.html"",""text"":""Apr 16, 2013 - Calgary Herald""}]",WAM Development Group / AIMCo,false,,https://farm9.staticflickr.com/8733/16159089033_f85d186442_o.png,StoneGate Landing. March 2015 © WAM (RE) DEVELOPMENT MANAGEMENT LP used under license by the Ministry of Innovation and Advanced Education.,"StoneGate Landing is slated to be the largest AAA business park of its kind in Western Canada. The project consists of 1,000 acres - up to 11 million sq ft of industrial and retail space - that will accommodate industrial, retail, hotel and office developments. Stoney Industrial Centre warehouse 4, 5 and 6 completed. StoneGate Landing in pre-leasing stage. StoneGate Corporate Centre (office campus) in preliminary planning."
92,Centre Communautaire Beaumont Community Centre,Tourism / Recreation,Beaumont,,"(53.3544006347656, -113.41300201416)",,$10000000.00,Under Construction,2014 - 2015,https://www.facebook.com/ccbcc.beaumont,"[{""url"":""http://www.thebeaumontnews.ca/2013/07/19/completion-of-new-community-centre-slated-for-2014"",""text"":""Jul 19, 2013 - Beaumont News""}, {""url"":""http://www.edmontonsun.com/2014/10/20/beaumont-remains-rooted"",""text"":""Oct 20, 2014 - Edmonton Sun""}]",Town of Beaumont,false,Omicron Construction,https://farm9.staticflickr.com/8596/16680025050_3efd2cb822_b.jpg,"Centre Communautaire Beaumont Community Centre, courtesy of the Town of Beaumont.","The new community centre will replace the 50-year-old Club Beaumont with a new banquet hall with capacity of 500, a commercial kitchen, multi-purpose studio space, and a proposed childcare facility."
94,Tamarack Bitumen Project Phase 1,Oil Sands,Regional Municipality of Wood Buffalo,,"(56.8350944519043, -111.234771728516)",,$1370000000.00,Announced,,,,Ivanhoe Energy,false,,,,On hold.  Application under review.
97,Leduc Sanitary Sewer Development,Infrastructure,Leduc,,"(53.257999420166, -113.550003051758)",,$9000000.00,Announced,Commencing 2015,www.leduc.ca,"[{""url"":""http://www.leducrep.com/2014/10/24/sanitary-sewer-master-plan-approved"",""text"":""Oct 24, 2014 - Leduc Rep""}]",City of Leduc,false,,,,"This long-term plan calls for repairs and replacements at 12 locations around Leduc over a 10 year budgeting cycle, with most of the funding already allocated."
99,Alberta Carbon Trunk Line,Pipelines,Fort Saskatchewan,Lacombe,,"{ ""type"": ""LineString"", ""coordinates"": [ [ -113.210057, 53.702873 ], [  -112.634963, 53.693104 ], [ -112.666364, 53.370144 ], [ -113.054945, 53.196762 ], [ -113.380080, 52.420166 ] ] }",$600000000.00,Announced,2014 - 2015,http://www.enhanceenergy.com/actl,"[{""url"":""http://www.calgaryherald.com/technology/Projects+Enhance+Energy+Alberta+Carbon+Trunk+Line/5533578/story.html"",""text"":""Oct 10, 2011 - Calgary Herald""}]",Enhance Energy Inc.,false,,,,"The Alberta Carbon Trunk Line is the world""s largest carbon capture and storage project. It consists of a 240 km pipeline which will gather, compress and store up to 14.6 million tonnes of CO2 per year, and inject this CO2 into depleted oil reservoirs. The pipeline will run from the Alberta Industrial Heartland to a site near Clive."
101,Comfort Inn and Suites,Tourism / Recreation,Bonnyville,,"(54.2680702209473, -110.715919494629)",,$6000000.00,Under Construction,2014 - 2015,http://www.bcpconstruction.ca/projects.html,,Bonnyville Eastgate Hospitality Ltd.,false,BCP Construction,,,An 85-room hotel with spa facilities. This project is anticipated to be finished by Summer 2015.
106,Studio Bell (previously National Music Centre),Tourism / Recreation,Calgary,,"(51.0445213317871, -114.05591583252)",,$168000000.00,Under Construction,2013 - 2016,http://www.nmc.ca/,"[{""url"":""http://www.cbc.ca/news/canada/calgary/king-eddy-hotel-dismantled-pieces-stored-meticulously-1.2462957"",""text"":""Dec 13, 2013 - CBC""}, {""url"":""http://www.calgarysun.com/2014/07/19/calgarys-national-music-centre-begins-to-take-shape-in-revitalized-east-village"",""text"":""Jul 19, 2014 - Calgary Sun""}]",Cantos Music Foundation,false,CANA Construction,,,"A new $168 million facility being developed in the former King Edward Hotel that will also include performance spaces, recording studios, broadcasting facilities and an extensive collection of artifacts including the Canada Music Hall of Fame and the Canadian Country Music Hall of Fame."
113,"Corridor Improvement 28 St N, 26 Ave N and 5 Ave N",Infrastructure,Lethbridge,,"(49.7312355041504, -112.803688049316)",,$13700000.00,Under Construction,2013 - 2015,http://www.lethbridge.ca/living-here/Projects-Initiatives/Pages/5-Ave-26-Ave-28-St-North-Arterial-Corridor-Improvements.aspx,,City of Lethbridge,false,Tollestrup Construction,https://farm9.staticflickr.com/8697/16610012660_6b39fd3979_b.jpg,"Corridor Improvement 28 St N, 26 Ave N and 5 Ave N, courtesy of the City of Lethbridge.",
114,Jubilee Park Phases 4 and 5,Tourism / Recreation,Spruce Grove,,"(53.5589981079102, -113.870002746582)",,$9300000.00,Announced,,http://www.sprucegrove.org/community/news/jubilee_plan_news_jun2014.htm,"[{""url"":""http://www.sprucegroveexaminer.com/2014/06/20/spruce-grove-jubilee-parks-future-is-revisited"",""text"":""Jun 20, 2014 - Spruce Grove Examiner""}]",City of Spruce Grove,false,,,,"A multi-faceted improvement of Jubilee Park, including amenities such as picnic shelters, park bathrooms, open spaces for programming, water play area, and entry gate."
118,'West Ells' Oil Sands Project Phases 1 and 2,Oil Sands,Regional Municipality of Wood Buffalo,,"(57.2818908691406, -112.82218170166)",,$525000000.00,Announced,2012 - 2015,,,Sunshine Oilsands,false,,,,
121,Chamber of Commerce Office Building,Infrastructure,St. Albert,,"(53.6333694458008, -113.62727355957)",,$40000000.00,Announced,Commencing 2016,,,City of St. Albert,false,,,,
122,Viridian Condo Building 4,Residential,Calgary,,"(51.1772727966309, -114.14315032959)",,$12700000.00,Announced,,,,Trico Homes,false,,,,Not anticipated to start construction until Building 3 is completed.
124,Calgary Airport Village by Hilton,Tourism / Recreation,Calgary,,"(51.1451988220215, -114.010398864746)",,$117000000.00,Under Construction,2012 - 2017,,"[{""url"":""http://www.meetingscanada.com/news-articles/hilton-worldwide-to-develop-first-three-flag-hotel-village-in-calgary/"",""text"":""Aug 10, 2012 - MeetingsCanada.com""}]",Prestige Hospitality Group,false,Aman Construction,,,"Three Hilton Hotels (Hampton Inn, Homewood Suites and Hilton Hotel) and a Conference Centre. Hampton Inn and Homewood Suites completed. Hilton Hotel and Conference Centre planned for 2015 - 2017."
125,Standard Life Building Upgrades,Commercial / Retail,Calgary,,"(51.048999786377, -114.071998596191)",,$10000000.00,Announced,2014 - 2016,,"[{""url"":""http://www.calgaryherald.com/business/Older+downtown+office+towers+being+updated+take+advantage+tight+market/9950638/story.html"",""text"":""Jun 17, 2014 - Calgary Herald""}]",Standard Life Assurance Company,false,Clark Builders,,,"This 1982 building with 220,000 sq ft will receive $10 million in upgrades to compete with newer office towers."
132,Prince Rupert Stormwater Management Facility,Infrastructure,Edmonton,,"(53.5620002746582, -113.519996643066)",,$8700000.00,Announced,2014 - 2015,http://www.edmonton.ca/programs_services/documents/20140108_Prince_Rupert_Presentation.pdf,,City of Edmonton,false,CKB Construction (2004) Ltd,,,"A new stormwater facility in the Prince Rupert neighbourhood that will reduce the risk of flooding, reduce sewer overflows, and improve runoff water quality."
137,Diseno in Sherwood,Residential,Calgary,,"(51.1585350036621, -114.149505615234)",,$26000000.00,Announced,,http://www.liveinsherwood.com/builders/landmark-diseno.html,,Melcor Development,false,Landmark Group,,,
138,GentleCare Centre of Excellence,Institutional,Edmonton,,"(53.5180816650391, -113.61336517334)",,$14000000.00,Announced,,http://www.winnifredstewart.com/winnifred-stewart/gentle-care,"[{""url"":""http://www.edmontonsun.com/2014/10/18/cam-tait-winnifred-stewart-association-raising-funds-for-a-home-for-new-care-facility"",""text"":""Oct 18, 2014 - Edmonton Sun""}]",Winnifred Stewart Association,false,,,,"The GentleCare Center of Excellence will provide service to persons with developmental disabilities who have complex medical needs, Alzheimer?s/chronic dementia, and require palliative care."
139,The Bella Concert Hall,Institutional,Calgary,,"(51.012508392334, -114.139747619629)",,$90000000.00,Under Construction,2014 - 2015,http://www.mtroyal.ca/ProgramsCourses/FacultiesSchoolsCentres/TheConservatory/AbouttheConservatory/TheNewConservatory/TheBellaConcertHall/index.htm,"[{""url"":""http://metronews.ca/news/calgary/1090443/a-year-before-opening-mount-royal-universitys-new-conservatory-already-seeing-rush-of-bookings/"",""text"":""Jul 9, 2014 - Metro News""}, {""url"":""http://calgaryherald.com/entertainment/local-arts/mount-royal-conservatory-offers-early-look-at-the-bella-concert-hall"",""text"":""Jan 22, 2015 - Calgary Herald""}]",Mount Royal University,false,CANA Management,https://farm6.staticflickr.com/5443/17235483025_bed58bc6b7_b.jpg,"The Bella Concert Hall, courtesy of Mount Royal University.","Being developed in Mount Royal""s new Conservatory of Music, The Bella Concert Hall will seat 773 people for performances requiring an intimate setting and superb acoustics."
143,Crossings Leisure Complex - Phase 1,Tourism / Recreation,Lethbridge,,"(49.6783142089844, -112.899940490723)",,$41300000.00,Under Construction,2013 - 2015,http://www.lethbridge.ca/living-here/Projects-Initiatives/Current-Projects/Pages/The-Crossings-Leisure-Complex-Phase-1.aspx,,City of Lethbridge,false,Ward Bros. Construction Ltd,https://farm9.staticflickr.com/8561/16797363345_5b34194a5d_b.jpg,"The Crossings Leisure Complex Phase 1, courtesy of the City of Lethbridge.","Phase 1 of the Crossings Leisure Complex consists of two NHL-sized ice surfaces, a 10-sheet curling facility and food/beverage services. The curling facility will replace the existing curling facility located at the Civic Ice Centre."
153,Taiga Oil Sands Project,Oil Sands,Bonnyville M.D. No. 87,,"(54.672004699707, -110.123985290527)",,$1570000000.00,Announced,2015 - 2018,http://www.osumcorp.com/about-osum/core-areas/cold-lake/,"[{""url"":""http://www.albertaoilmagazine.com/2012/09/osum-oil-sands-gets-regulatory-nod-for-taiga/"",""text"":""Sept 12, 2012 - Alberta Oil ""}]",Osum Oil Sands Corp.,false,,,,"The Taiga Oil Sands Project is expected to support volumes of at least 45,000 barrels per day at peak capacity."
154,Microtel Inn and Suites,Tourism / Recreation,Bonnyville,,"(54.2680702209473, -110.715919494629)",,$8000000.00,Under Construction,2014 - 2015,http://www.masterbuilthotels.com/portfolio/details/microtel-inn-suite-bonnyville?PHPSESSID=7jir9b1m25ms95g83bf256ja50,"[{""url"":""http://www.canadianlodgingnews.com/lodging/openingsrenos/microtel-breaks-ground-in-bonnyville-ab"",""text"":""Dec 23, 2014 - Canadian Lodging News""}]",MasterBuilt Hotels Ltd.,false,Masterbuilt Construction,,,"An 87-room hotel in Bonnyville located in the new East Gate Development, it will also feature meeting space, a fitness centre, and a business centre."
160,Spray lakes Sawmills family Sports centre,Tourism / Recreation,Cochrane,,"(51.1832809448242, -114.458831787109)",,$45000000.00,Under Construction,2015 - 2017,http://www.rockthewaves.ca/cause/slsfamilysportscentre/,"[{""url"":""http://www.cochranetimes.com/2013/06/12/first-costing-puts-rec-centre-expansion-at-543"",""text"":""Jun 12, 2013 - Cochrane Herald""}, {""url"":""http://www.cochraneeagle.com/article/20140213/COE0801/302139998/-1/coe/cochrane-discusses-45m-aquatic-curling-project"",""text"":""Feb 13, 2014 - Cochrane Eagle""}]",Town of Cochrane,false,Tango Management,https://farm9.staticflickr.com/8737/16670003718_8b78a95ea2_b.jpg,"Aquatic Facility / Curling Rink, courtesy of TDA architects.","To be built as an expansion to the Spray Lake Sawmills Family Sports Centre, this project includes a six sheet curling rink, restaurant/lounge overlooking the curling rink and Totem 1 arena, an 8 lane 25m lap pool, a leisure pool, hot water therapy pool, hot tub, water slides and an outdoor spray park."
162,Narrows Lake In Situ Oil Sands Project,Oil Sands,Regional Municipality of Wood Buffalo,,"(55.5551719665527, -110.910499572754)",,$1600000000.00,Under Construction,2013 - 2017,http://www.cenovus.com/operations/oil/narrows-lake.html,"[{""url"":""http://beaconnews.ca/blog/2012/05/cenovus-narrows-lake-oil-sands-project-gets-green-light/"",""text"":""May 30, 2012 - Beacon News""}]",Cenovus Energy Inc. / ConocoPhillips,false,,,,"Expected to have a total gross capacity of 130,000 barrels of oil per day. It""s planned to have three phases and a project life of up to 40 years."
163,Kinsmen Sports Centre Upgrades,Tourism / Recreation,Edmonton,,"(53.5264625549316, -113.506278991699)",,$106000000.00,Announced,,http://www.edmonton.ca/activities_parks_recreation/kinsmen-sport-centre-master-plan.aspx,"[{""url"":""http://www.cbc.ca/news/canada/edmonton/106m-upgrade-proposed-for-kinsmen-sports-centre-1.2813262"",""text"":""Oct 25, 2014 - CBC""}]",City of Edmonton,false,,,,"Still waiting for council approval, the upgrades would include creating a ground-floor lobby, expanded fitness centre and new racket courts, along with widening the 50-metre warm-up pool and adding more parking spaces"
165,Christina Lake Thermal Expansion Project,Oil Sands,Lac La Biche County,,"(55.6254997253418, -111.091003417969)",,$2700000000.00,Under Construction,2012 - 2017,http://www.cenovus.com/operations/oil/christina-lake.html,"[{""url"":""http://www.fortmcmurraytoday.com/2013/08/31/cenovus-applies-to-expand-christina-lake-project"",""text"":""Aug 31, 2013 - Fort McMurray Today""}]",Cenovus Energy Inc.,false,,https://farm9.staticflickr.com/8645/16003693324_13db691ce1_b.jpg,"Christina Lake oil sands project, courtesy of Cenovus Energy","The expansion would increase the facility's bitumen production to 310,000 barrels per day. Application approved April 2011.Estimated construction Phase 1E 2012 - 2014; Phase 1F 2012 - 2015. Construction schedule for Phase 1G has been deferred (as of March 2015)."
172,BioRefinex Biorefinery,Agriculture / Forestry and Related,Lacombe,,"(52.4668998718262, -113.730003356934)",,$31800000.00,Announced,,www.biorefinex.com,"[{""url"":""http://www.lacombeglobe.com/2011/06/28/province-announces-funding-for-biorefinex"",""text"":""Jun 29, 2011 - Lacombe Globe""}, {""url"":""http://www.producer.com/2015/02/financing-challenges-delay-biorefinex-plant-construction/"",""text"":""Feb 19, 2015 - Western Producer""}]",BioRefinex Canada,false,,,,"Biorefinery to process 45,000 tonnes of animal byproducts a year into fertilizer, biogas and other products. Land purchase deal extended to end of September 2015."
182,Carmon Creek Project,Oil Sands,Peace River,,"(56.5, -116.427001953125)",,$3450000000.00,Under Construction,2016 - 2017,http://www.shell.ca/en/aboutshell/our-business-tpkg/upstream/oil-sands/carmon-creek-project.html,"[{""url"":""http://navigator.oilsandsreview.com/blog/after-more-then-three-decades-thermal-piloting-shell-sanctions-largest-ever-project-albertas-smallest-oilsands-deposit/"",""text"":""Feb 26, 2014 - Oil Sands Review ""}]",Shell Canada Ltd.,false,,,,"The Carmon Creek Project will produce 80,000 barrels of bitumen per day using vertical steam drive wells. Two central processing facilities and three co-generation units totalling 630MW. Regulatory approval granted. Corporate approval October 2013. Workforce housing facility to be constructed 2013-2015. Project has been delayed with first oil now expected in 2017."
183,Surmont Phase 2 Oil Sands Development,Oil Sands,Regional Municipality of Wood Buffalo,,"(56.2183609008789, -110.971389770508)",,$2000000000.00,Under Construction,2010 - 2015,http://www.total-ep-canada.com/upstream/surmont.asp,,ConocoPhillips Canada / Total Canada,false,Bantrel Inc,,,"Surmont Phase 2 development is expected to take the total bitumen production to approximately 136,000 barrels of bitumen per day. Phase 2 was sanctioned in January 2010 by the partners, with production start-up currently scheduled for 2015. Phase 2 is currently under development."
191,Western Alberta Transmission Line,Power,Edmonton,Calgary,,"{ ""type"": ""LineString"", ""coordinates"": [ [ -114.319718, 53.344137 ], [ -114.377082, 52.980953 ], [ -114.340803, 52.395293 ], [ -114.062988, 51.436323 ], [ -113.678810, 51.434718 ], [ -113.682254, 50.984712 ] ] }",$1650000000.00,Under Construction,2013 - 2015,http://www.altalink.ca/projects/centralabtransmission/watl/watl-overview.cfm,,AltaLink Management Ltd.,false,SNC - Lavelin Group Inc,,,Application filed March 2011. AUC approval December 2012. Western Alberta Transmission Line (500kV) Edmonton to Calgary (Genesee to Langdon)
194,South Foothills Transmission Project,Power,Fort Macleod,High River,,"{ ""type"": ""LineString"", ""coordinates"": [ [-113.714370, 50.636514 ], [ -113.740977, 50.580355 ], [  -113.747672, 50.542243 ], [ -113.578757, 50.285508 ], [ -113.587420, 49.762342 ], [ -113.513949, 49.665886 ] ] }",$345000000.00,Under Construction,2014 - 2015,http://www.altalink.ca/projects/southernabtransmission/sabtransmissionreinforcement/satr-south-foothills.cfm,,AltaLink Management Ltd.,false,,,,"240 kV, 123 km long steel transmission line from south of Fort Macleod to east of High River. New substation in Fort Macleod, and a new series capacitor station in the middle of the line."
202,Telus World of Science Renovation,Tourism / Recreation,Edmonton,,"(53.5610008239746, -113.563003540039)",,$40000000.00,Announced,,http://telusworldofscienceedmonton.ca/about-us/vision-2020,"[{""url"":""http://edmonton.ctvnews.ca/multi-million-dollar-expansion-announced-for-telus-world-of-science-1.781605"",""text"":""Mar 14, 2014 - CTV Edmonton""}, {""url"":""http://www.edmontonjournal.com/Telus+World+Science+seeks+million+from+city+expansion/10378198/story.html"",""text"":""Nov 13, 2014 - Edmonton Journal""}]",Telus World of Science,false,,https://c1.staticflickr.com/9/8658/16653088792_d6638fd05c_z.jpg,"Rendering of the Telus World of Science renovation, courtesy of the Telus World of Science.","A comprehensive vision for future expansion plans, this renovation would include new permanent galleries, an early childhood development centre, an upgraded IMAX theatre, and a traveling feature gallery, among many other planned initiatives."
203,'Vista' Thermal Coal Mine,Other Sectors,Hinton,,"(53.427059173584, -117.527679443359)",,$458000000.00,Announced,,,,Coalspur Mines Ltd.,false,,,,
204,CMG Headquarters Building,Commercial / Retail,Calgary,,"(51.0837097167969, -114.134353637695)",,$19000000.00,Under Construction,2014 - 2017,www.cmgl.ca,"[{""url"":""http://www.calgaryherald.com/technology/Calgary+office+building+going+University+Research+Park/10334762/story.html"",""text"":""Oct 28, 2014 - Calgary Herald""}]",Remington Development Corp.,false,Remington Development Corporation,https://c1.staticflickr.com/9/8649/16479025120_8bd9f43f5c_b.jpg,"Computer Modelling Group (CMG) Headquarters Building, courtesy of Remington Development Corp.","A 90,000 sq ft headquarters with 44 surface parking spaces, 193 underground parking spaces, 36,500 sq ft of park and green space and LEED certification."
205,Kensington Condo,Residential,Calgary,,"(51.05517578125, -114.085731506348)",,$17700000.00,Under Construction,2014 - 2015,http://bucci.com/kensington/,"[{""url"":""http://www.calgaryherald.com/Bucci+launches+landmark/10342265/story.html"",""text"":""Oct 30, 2014 - Calgary Herald""}]",Bucci Developments,false,,https://farm9.staticflickr.com/8670/16478935659_ec8171afdc_b.jpg,"Kensington Apartment Building, courtesy of Bucci Developments.",A 77-unit six storey low-rise condominium with street level shops and restaurants along with modern design.
209,Red Deer Arena Replacement,Tourism / Recreation,Red Deer,,"(52.2680015563965, -113.810997009277)",,$21600000.00,Announced,2016 - 2018,http://www.reddeer.ca/media/reddeerca/city-government/budget-and-annual-financial-reports/Red-Deer-Arena-Replacement.pdf,"[{""url"":""http://www.1067thedrive.fm/news/capital-budget-places-priority-infrastructure/"",""text"":""Nov 26, 2014 - 106.7 The Drive FM""}]",City of Red Deer,false,,,,"A replacement of the City""s main spectator arena with seating for up to 1,588, the arena is expected to be completed by 2018 in time for the Canada Winter Games in 2019. Proposal due July 17"
213,BlackGold Oil Sands Project Phase 2,Oil Sands,Regional Municipality of Wood Buffalo,,"(55.5878639221191, -110.976539611816)",,$540000000.00,Announced,,www.harvestenergy.ca/operating-activities/oil-sands/,"[{""url"":""http://calgaryherald.com/business/blackgold-oilsands-project-cost-rises-94m"",""text"":""Aug 15, 2014 - Calgary Herald""}]",Harvest Energy Corp.,false,,,,"On hold. Phase 2 of the BlackGold Oil Sands Project includes plans to expand production to an additional 20,000 barrels per day of bitumen, to make a total production of 30,000 barrels per day."
220,Lewis Farms Fire Station,Infrastructure,Edmonton,,"(53.5270004272461, -113.684997558594)",,$7800000.00,Under Construction,2014 - 2015,http://archatb.com/portfolio/lewis-farms-fire-station/,,City of Edmonton,false,Pemco Construction,,,"The building components include a main fire hall with living/operational quarters, three drive-thru apparatus bays, dispatch area and back-up dispatch area, 33 spaces for parking, a loading bay, kitchen, lounge, fitness room, crew dorms and a Captain?s office and dorm."
225,Mayfair Village North Apartments,Residential,Edmonton,,"(53.5389671325684, -113.507781982422)",,$100000000.00,Under Construction,2014 - 2016,http://www.itc-group.com/project/mayfair-village-north,"[{""url"":""http://blogs.edmontonjournal.com/2012/05/02/a-sneak-peek-at-procuras-plans-for-jasper-avenue-and-109th/"",""text"":""May 2, 2012 - Edmonton Journal""}]",ProCura Real Estate Services,false,ITC Construction Group,https://farm3.staticflickr.com/2943/15441172482_194e519d25_b.jpg,Mayfair Village North Second Tower. 2014-10-14 Mayfair II by Darren Kirby is licensed under CC BY 2.0.,"A 10-storey 198-unit apartment building under construction in downtown Edmonton, this building features attainable housing along with main level retail space."
228,Great Divide SAGD Expansion Phase 1,Oil Sands,Regional Municipality of Wood Buffalo,,"(56.1463317871094, -111.512176513672)",,$600000000.00,Announced,,,"[{""url"":""http://www.ogj.com/articles/2012/09/connachers-great-divide-expansion-okayed.html"",""text"":""Sept 26, 2012 - Oil and Gas Journal""}]",Connacher Oil and Gas Ltd.,false,,,,"The Great Divide Steam Assisted Gravity Drainage Expansion Project will involve increasing bitumen production from 20,000 to 44,000 barrels per day, and the expansion of the Algar central processing facility. This is the first phase of 3 expansion phases."
229,Rotary/Mattamy Greenway Project,Tourism / Recreation,Calgary,,"(51.0404853820801, -114.066566467285)",,$65000000.00,Under Construction,2010 - 2016,http://www.parksfdn.com/greenway.html,"[{""url"":""http://www.parksfdn.com/Parks%20Foundation%20low-res%20Final.pdf"",""text"":""Oct 31, 2013 - Calgary Herald""}]",Parks Foundation Calgary,false,,https://farm8.staticflickr.com/7621/16761658668_938d76d75a_b.jpg,"Rotary/Mattamy Greenway Project, courtesy of Parks Foundation Calgary.","The Greenway will be a year-round destination for cyclists, cross-country skiers, nature lovers, and kids of all ages to play outdoors. Connecting to 55 communities around the city, and connecting to The City of Calgary""s existing pathway network. Phase 1 (Airport Tr to 17 Ave SE) completed. Phase 2 from WID Canal to Fish Creek Park. Phase 3 Airport Tr north and then west along north outskirts."
238,Legacy Park,Tourism / Recreation,Lethbridge,,"(49.7343673706055, -112.820053100586)",,$15000000.00,Announced,2015 - 2017,http://northregionalpark.com/,"[{""url"":""http://lethbridgeliving.com/news/general/item/new-regional-park-officially-named-legacy-park"",""text"":""Feb 17, 2015 - Lethbridge Living""}]",City of Lethbridge,false,,https://farm9.staticflickr.com/8710/16175051114_634158ac67_b.jpg,"North Lethbridge Regional Park, courtesy of the City of Lethbridge.",A 73-acre new regional park on the north side of the city which will be located immediately north of the Uplands Community.   Estimated cost range is $15M to $20M. Construction schedule is for Phase 1.
243,Edson Healthcare Centre,Institutional,Edson,,"(53.5862197875977, -116.426460266113)",,$186000000.00,Under Construction,2012 - 2015,http://www.albertahealthservices.ca/2342.asp,"[{""url"":""http://www.edsonleader.com/2012/11/02/ministers-announce-new-healthcare-centre-details"",""text"":""Nov 2, 2012 - Edson Leader""}]",Alberta Infrastructure,false,Stuart Olson Dominion Construction,,,"The new Edson Health Care Centre will include: an emergency department, acute care, outpatient services, renal dialysis unit, surgical services, primary health care services, diagnostic imaging and laboratory services, physician clinic space, and continuing care."
244,Grande Prairie Regional Hospital,Institutional,Grande Prairie,,"(55.1746101379395, -118.83130645752)",,$620000000.00,Under Construction,2011 - 2017,www.albertahealthservices.ca/2408.asp,"[{""url"":""http://www.dailyheraldtribune.com/2013/12/01/new-hospital-construction-on-track-for-2017-target"",""text"":""Dec 1, 2014 - Grande Prairie Daily Herald-Tribune""}]",Alberta Infrastructure,false,Graham Construction Ltd.,,,The new regional hospital and cancer centre in Grande Prairie will include 200 inpatient beds and an emergency department. The hospital will function as a regional referral centre for northwestern Alberta residents.
246,Muskwa SAGD Oil Sands Project,Oil Sands,M.D. of Opportunity No. 17,,"(56.2700004577637, -113.23999786377)",,$800000000.00,Announced,2014 - 2017,,,Koch Exploration Canada LP,false,,,,"The Muskwa Steam Assisted Gravity Drainage Oil Sands project will include two modular processing facilities that is expected to produce 10,000 barrels per day."
247,Mission 34 Condos,Residential,Calgary,,"(51.0229988098145, -114.06600189209)",,$10400000.00,Announced,2014 - 2016,mission34.ca,"[{""url"":""http://www.calgarysun.com/2014/01/17/quality-urban-living-at-mission-34"",""text"":""Jan 18, 2014 - Calgary Sun""}, {""url"":""http://www.calgaryherald.com/homes/Cutting+edge+Mission+condo+project+breaks+ground+after+permit+delays/10378950/story.html"",""text"":""Nov 12, 2014 - Calgary Herald""}]",Calgary Urban Equities / Assured Developments,false,,,,"A 47-unit condominium project with an innovative layout. Units are available in apartment-style condominiums, two-level courtyard lofts with courtyard access, and two-bedroom, two-storey ""street loft"" townhomes."
249,Turner Valley Gas Plant Renovations,Tourism / Recreation,Turner Valley,,"(50.718391418457, -113.979965209961)",,$23500000.00,Announced,,http://www.history.alberta.ca/turnervalley/,"[{""url"":""http://www.calgaryherald.com/travel/Rebirth+urged+historic+Turner+Valley+plant+100th+anniversary/9835015/story.html"",""text"":""May 12, 2014 - Calgary Herald""}]",Alberta Environment and Sustainable Resource Development,false,,,,Turner Valley gas plant renovations to make it available to visitors as a tourist site.
253,Grovedale Water Treatment Plant,Infrastructure,Greenview M.D. No. 16,,"(54.7000007629395, -119.014999389648)",,$5000000.00,Announced,,,"[{""url"":""http://www.dailyheraldtribune.com/2014/12/16/md-of-greenview-finalizes-2015-budget"",""text"":""Dec 16, 2014 - Daily Herald Tribune""}]",MD of Greenview,false,,,,
254,Parkland Lodge Expansion,Institutional,Edson,,"(53.5800018310547, -116.430000305176)",,$30000000.00,Announced,2015 - 2016,http://www.evergreensfoundation.com/,"[{""url"":""http://www.edsonleader.com/2014/11/26/county-council-hears-about-lodge-expansion"",""text"":""Dec 2, 2014 - Edson Leader""}]",Evergreens Regional Housing Foundation,false,,,,"A $30 million project to modernize and expand the existing senior""s lodge, along with providing enhanced levels of care."
258,Telephone Lake SAGD Project Phase 1,Oil Sands,Regional Municipality of Wood Buffalo,,"(57.186393737793, -110.442848205566)",,$1000000000.00,Announced,,http://www.cenovus.com/operations/oil/telephone-lake.html,"[{""url"":""http://www.plant.ca/general/aer-approves-cenovus-telephone-lake-oil-sands-project-140144/"",""text"":""Nov 17, 2014 - PLANT""}]",Cenovus Energy Inc.,false,,,,"The Telephone Lake Steam Assisted Gravity Drainage oil sands project is expected to have an initial production capacity of 90,000 barrels per day, which is anticipated to be developed in two phases of 45,000 barrels per day each."
259,Wastewater Treatment Plant Upgrades Phase 2,Infrastructure,Grande Prairie,,"(55.1712608337402, -118.832847595215)",,$58000000.00,Under Construction,2012 - 2015,http://aquatera.ca/news-events/upgrades-progressing-well-at-grande-prairies-wastewater-treatment-plant,,Aquatera Utilities Inc.,false,Graham Construction and Engineering,,,
260,Greenview 2015 Road Maintenance,Infrastructure,Greenview M.D. No. 16,,"(55.2150001525879, -117.120002746582)",,$12300000.00,Announced,,,"[{""url"":""http://www.dailyheraldtribune.com/2014/12/16/md-of-greenview-finalizes-2015-budget"",""text"":""Dec 16, 2014 - Daily Herald Tribune""}]",MD of Greenview,false,,,,
261,The Slopes of Sylvan Lake,Residential,Lacombe County,,"(52.3759994506836, -114.15299987793)",,$40000000.00,Announced,2014 - 2018,http://theslopessylvanlake.com/,,Belterra Land Company,false,,,,
263,Old High Prairie Road Grading,Infrastructure,Greenview M.D. No. 16,,"(55.2159996032715, -117.120002746582)",,$5600000.00,Announced,,,"[{""url"":""http://www.dailyheraldtribune.com/2014/12/16/md-of-greenview-finalizes-2015-budget"",""text"":""Dec 16, 2014 - Daily Herald Tribune""}]",MD of Greenview,false,,,,
264,"RDC Centre for Health, Wellness and Sport",Institutional,Red Deer,,"(52.265064239502, -113.807792663574)",,$88000000.00,Announced,2015 - 2018,https://rdc.ab.ca/sites/default/files/uploads/documents/1938/rdc-cip-2014.pdf,"[{""url"":""http://www.reddeeradvocate.com/news/Multiplex_will_be_a_jewel_in_the_colleges_crown_Ward_153901955.html?mobile=true"",""text"":""May 24, 2012 - Red Deer Advocate""}]",Red Deer College,false,,,,"This project will provide flexible classroom spaces and living laboratories that support students as they apply theory to practice in a dynamic and integrated learning environment. The sports facilities currently proposed (double performance gym, two ice surfaces, squash courts, classrooms/labs) will support current and new programming in Kinesiology, Health Sciences, and Education and will be used during the 2019 Canada Winter Games."
266,Foster Creek Oil Sands Project,Oil Sands,Bonnyville,,"(54.4721984863281, -111.157997131348)",,$2000000000.00,Under Construction,2012 - 2017,http://www.cenovus.com/operations/oil/foster-creek.html,"[{""url"":""http://business.financialpost.com/2014/09/18/cenovus-completes-foster-creek-oil-sands-expansion/?__lsa=b0aa-348e"",""text"":""Sept 18, 2014 - Financial Post""}]",Cenovus Energy Inc. / ConocoPhillips,false,,,,"There are six phases currently producing at Foster Creek, and construction has started on two additional phases. A public consultation process is under way for our phase J expansion. Cenovus expects Foster Creek may have the capacity to produce 295,000 gross barrels per day and as much as 310,000 gross barrels per day with future optimization."
268,NPR Apartment Building,Residential,Bonnyville,,"(54.2680702209473, -110.715919494629)",,$6400000.00,Announced,,www.grizzlyoilsands.com,"[{""url"":""http://www.newswire.ca/en/story/1440611/northern-property-reit-reports-third-quarter-2014-financial-results"",""text"":""Nov 5, 2014 - Newswire.ca""}]",Northern Property REIT Group,false,,,,"During the third quarter of 2014, a new development was started in Bonnyville, AB, which has approval for 181 multi-family units and will be constructed in two phases. The first phase of the development consists of two buildings with 110 units. Completion is expected for the third quarter of 2015."
270,10th Ave SW Apartments,Residential,Calgary,,"(51.0440940856934, -114.084609985352)",,$80000000.00,Under Construction,2014 - 2016,http://www.wamdevelopment.com/projects/10th-avenue-sw-residential/,,WAM Development Group / AIMCo,false,Ledcor Construction,https://farm9.staticflickr.com/8625/16753164036_1c1981bdd0_b.jpg,10th Avenue SW Residential. March 2015 © WAM (RE) DEVELOPMENT MANAGEMENT LP used under license by the Ministry of Innovation and Advanced Education.,"A proposed multi-tower project of 17 and 34 storeys, including 440 rental residential units of 425,000 total sq ft with complementary ground and second floor commercial space."
271,Kennedale Traffic Operations Building,Infrastructure,Edmonton,,"(53.5877647399902, -113.427879333496)",,$17200000.00,Under Construction,2013 - 2015,,,City of Edmonton,false,Maple Reinders,,,
272,Edmonton Terminal South Expansion,Pipelines,Strathcona County,,"(53.570499420166, -113.283195495605)",,$260000000.00,Under Construction,2013 - 2015,,,Enbridge Inc.,false,,,,
274,Lift Station 13,Infrastructure,Chestermere,,"(51.0276985168457, -113.811798095703)",,$9000000.00,Under Construction,2014 - 2015,http://www.chestermere.ca/AgendaCenter/ViewFile/Item/241?fileID=264,"[{""url"":""http://www.theanchor.ca/2014/chestermere-growth-on-steady-uphill/"",""text"":""Mar 6, 2014 - Chestermere Anchor""}]",Town of Chestermere,false,,https://farm8.staticflickr.com/7636/16670208140_3b5082fe02_b.jpg,"Lift Station 13, courtesy of Chestermere Utilities Inc.","Will provide sanitary capacity for another 35,000 residents in Chestermere, or around 20 years of projected growth."
276,The Leisure Centre Renovations,Tourism / Recreation,Grande Prairie,,"(55.1800003051758, -118.809997558594)",,$11000000.00,Announced,,http://www.cityofgp.com/index.aspx?page=157,"[{""url"":""http://www.dailyheraldtribune.com/2014/07/06/leisure-centre-reno-approved-bear-creek-pool-plan-kiboshed"",""text"":""Jul 6, 2014 - Grande Prairie Daily Herald Tribune""}]",City of Grande Prairie,false,,,,Work to be completed in 2017 when centre is meant to re-open.
279,Evolution Condos,Residential,Calgary,,"(51.0485763549805, -114.055908203125)",,$300000000.00,Under Construction,2012 - 2016,www.evolutioncalgary.com,,Bosa Development / Embassy Development,false,Axiom Builders Inc,,,"Phase 2: 33 storey, 271 unit condo tower. Total Square footage for Evolutio is 772 778 Square feet with the first two phaes, Fuse and Pulse, totalling 588,847 Square feet."
280,Oxford Airport Business Park,Commercial / Retail,Calgary,,"(51.1451988220215, -114.010398864746)",,$500000000.00,Under Construction,2011 - 2019,http://www.oxfordproperties.com/leasing/en/industrial/list/calgary,"[{""url"":""http://renx.ca/phase-two-starting-calgarys-oxford-airport-business-park/"",""text"":""Nov 25, 2014 - Property Biz Canada""}, {""url"":""http://www.calgaryherald.com/business/Oxford+Properties+growing+Canadian+industrial+portfolio/9902501/story.html"",""text"":""Jun 2, 2014 - Calgary Herald""},{""url"":""http://www.theglobeandmail.com/report-on-business/industry-news/property-report/for-calgary-business-park-paves-over-cowtown-image/article4247588/"",""text"":""Sep 6, 2012 - The Globe and Mail""}]",Oxford Properties,false,NSI Scapes / JASA Engineering / Idea Group,https://c1.staticflickr.com/9/8652/16477681270_fdbc52d74e_c.jpg,"Oxford Airport Business Park, courtesy of Oxford Properties.","The Oxford Airport Business Park is a 4 million sq ft industrial park, which is planned to include over 500,000 sq ft of suburban office space along with complementary retail amenities. This is a multi-phased project."
282,Transmission Line Castle Rock Ridge to Chapel Rock,Power,M.D. of Pincher Creek No. 9,,,"{ ""type"": ""LineString"", ""coordinates"": [ [-114.300651, 49.739198 ], [  -113.947114, 49.569887 ] ] }",$500000000.00,Announced,2017 - 2018,http://www.altalink.ca/projects/southernabtransmission/sabtransmissionreinforcement/satr-castle-rock-ridge-chapel-rock.cfm,"[{""url"":""http://www.pinchercreekecho.com/2015/01/30/altalink-proposes-new-route-for-500-million-castle-rock-ridge-to-chapel-rock-transmission-project"",""text"":""Jan 30, 2015 - Pincher Creek Echo""}]",AltaLink Management Ltd.,false,,,,This project is part of an area transmission development called the Southern Alberta Transmission Reinforcement (SATR). This reinforcement includes new transmission lines and upgrades to the electric system in Southern Alberta. The application will be filed fall 2015.
284,Glencoe Club Renovations,Tourism / Recreation,Calgary,,"(51.0279998779297, -114.079002380371)",,$14600000.00,Announced,Commencing 2014,,,The Glencoe Club,false,,https://farm8.staticflickr.com/7624/16891947087_857e8017d4_b.jpg,Glencoe Club Renovations. Photo by Mike Scheck of Stuart Olson Construction.,
290,Telus Network Upgrades,Other Sectors,Stettler,,"(52.323600769043, -112.708999633789)",,$9000000.00,Announced,,,,Telus,false,,,,
291,Lumino Building C Condo,Residential,Calgary,,"(51.0041427612305, -114.069053649902)",,$9000000.00,Under Construction,2013 - 2016,http://www.kanas.ca/index.php?option=com_contentandview=articleandid=22andItemid=78,,Kanas Corporation,false,,,,This is a 14-storey 120-unit affordable housing development scheduled for completion in 2015.
302,"New Schools Pinnacle Ridge, Riverstone North",Institutional,Grande Prairie,,"(55.1500015258789, -118.827201843262)",,$42300000.00,Announced,2014 - 2016,,,Alberta Infrastructure,false,Clark Builders,,,Two new K-8 schools in the Grande Prairie area.
310,Walterdale Bridge Replacement,Infrastructure,Edmonton,,"(53.5277481079102, -113.502319335938)",,$125800000.00,Under Construction,2013 - 2016,http://www.edmonton.ca/transportation/road_projects/walterdale-bridge.aspx,"[{""url"":""http://globalnews.ca/news/1307559/walterdale-hill-closure-starts-monday-for-bridge-construction/"",""text"":""May 5, 2014 - Global News""}, {""url"":""http://www.cbc.ca/news/canada/edmonton/new-walterdale-bridge-construction-on-schedule-1.2791794"",""text"":""Oct 7, 2014 - Edmonton Journal""}]",City of Edmonton,false,Acciona / Pacer Joint Venture,,,"A new bridge will replace the old bridge, spanning the North Saskatchewan River to connect the intersection of Queen Elizabeth Park Road and Walterdale Hill on the river""s south side to the River Valley Road/Rossdale Road/105 Street intersection on the north side."
311,South Railway Street Rehabilitation,Infrastructure,Medicine Hat,,"(50.0336265563965, -110.667823791504)",,$8300000.00,Announced,,,,City of Medicine Hat,false,,,,
312,Jubilee Recreation Centre Renovations,Tourism / Recreation,Fort Saskatchewan,,"(53.7046508789063, -113.211769104004)",,$7000000.00,Announced,,,"[{""url"":""http://www.fortsaskatchewanrecord.com/2011/01/20/city-gets-first-look-at-revamped-arenas"",""text"":""Jan 20, 2011 - Fort Saskatchewan Record""}]",City of Fort Saskatchewan,false,,,,Proposed renovations included a twinned arena and expanded changing and viewing space. To be undertaken after Sportsplex renovations are completed.
313,Kinosoo Beach Park,Tourism / Recreation,Cold Lake,,"(54.4720001220703, -110.188003540039)",,$5500000.00,Announced,,https://coldlake.civicweb.net/document/3538/Kinosoo%20Beach%20Master%20Plan%20Main%20Report.pdf?handle=46C5B18112014753BA4F038D2E7086B5,"[{""url"":""http://www.coldlakesun.com/2014/03/24/kinosoo-beachs-future-inches-closer"",""text"":""Mar 24, 2014 - Cold Lake Sun""}, {""url"":""http://www.coldlakesun.com/2014/07/15/kinosoo-beach-plan-is-a-go"",""text"":""Jul 15, 2014, Cold Lake Sun""}]",City of Cold Lake,false,,,,"This project includes a promenade-style sidewalk, newly designed crosswalks and street parking, a sport court, trails through a maintained urban forest, shade structures, and a dock with amphitheatre-style seating along the east side of the beach."
314,Blatchford Field Redevelopment,Commercial / Retail and Residential,Edmonton,,"(53.5740013122559, -113.513000488281)",,$632000000.00,Announced,Commencing 2015,http://www.edmonton.ca/blatchford.aspx,"[{""url"":""http://globalnews.ca/news/1386452/edmonton-city-council-votes-to-scale-down-blatchford-redevelopment/"",""text"":""Jun 11, 2014 - Global News""}]",City of Edmonton,false,,,,"The Blatchford Field Redevelopment project will redevelop the Edmonton Municipal Airport grounds into a 217 hectare residential, commercial, and retail area, with housing for up to 30,000 Edmontonians."
321,Jasper Ave Rehabilitation 109 St to 124 St,Infrastructure,Edmonton,Edmonton,,"{ ""type"": ""LineString"", ""coordinates"": [ [ -113.508636, 53.540957 ], [ -113.510138, 53.540946 ], [ -113.510288, 53.540949 ], [ -113.512119, 53.54094 ], [ -113.513917, 53.54094 ], [ -113.515715, 53.540946 ], [ -113.517639, 53.540944 ], [ -113.519456, 53.540942 ], [ -113.521271, 53.540946 ], [ -113.523134, 53.540949 ], [ -113.524981, 53.540943 ], [ -113.526788, 53.540937 ], [ -113.52863, 53.540926 ], [ -113.529458, 53.540923 ], [ -113.530816, 53.540918 ], [ -113.531941, 53.541137 ], [ -113.532358, 53.541218 ], [ -113.532778, 53.541306 ], [ -113.53365, 53.541392 ], [ -113.534116, 53.541423 ], [ -113.534116, 53.541423 ], [ -113.534547, 53.541426 ], [ -113.535422, 53.541415 ], [ -113.535591, 53.541428 ] ] }",$18500000.00,Announced,,,"[{""url"":""http://metronews.ca/news/edmonton/1230344/edmonton-councillors-vote-to-fund-more-pedestrian-friendly-jasper-avenue/"",""text"":""Dec 3, 2014 - Metro News""}]",City of Edmonton,false,,,,
329,NPR Apartment Building 1,Residential,Bonnyville,,"(54.2680702209473, -110.715919494629)",,$6400000.00,Under Construction,2014 - 2015,,,Northern Property REIT Group,false,,,,
338,First in East Village,Residential,Calgary,,"(51.0478744506836, -114.050155639648)",,$300000000.00,Under Construction,2014 - 2016,http://www.framhomes.com/projects/first-east-village,"[{""url"":""http://www.calgaryherald.com/life/First+reaches+milestone+East+Village/10395358/story.html"",""text"":""Nov 18, 2014 - Calgary Herald""},{""url"":""http://metronews.ca/news/edmonton/1296608/developer-tweaks-plans-for-edmontons-healey-ford-site/"",""text"":""Feb 24, 2015 - Metro News""}]",FRAM Building Group / Slokker Canada Corp. / Tricon Capital Group,false,,,,"First highrise , Riverhouse lowrise, Block Q and Block N Highrise and medium-rise buildings, East Village"
346,Dover Commercial Project Phase 1,Oil Sands,Regional Municipality of Wood Buffalo,,"(57.3243141174316, -112.165863037109)",,$2500000000.00,Announced,2014 - 2017,www.doveropco.com/,"[{""url"":""http://www.journalofcommerce.com/Home/News/2014/4/Dover-oilsands-project-receives-Alberta-cabinet-approval-JOC059691W/"",""text"":""Apr 2, 2014 - Journal of Commerce""}]",Brion Energy,false,,,,"DCP will utilize SAGD technology and a phased construction strategy with an ultimate design production capacity of 250,000 barrels per day of bitumen. Application filed February 2011. Five phases in total. Regulatory approval obtained."
351,Swan Evergreen Village Phase 1,Institutional,Calgary,,"(50.9070014953613, -114.120002746582)",,$18000000.00,Under Construction,,http://news.swanevergreenvillage.com/,"[{""url"":""http://www.calgaryherald.com/health/Investors+snap+Evergreen+Village+assisted+living+units/10321585/story.html"",""text"":""Oct 23, 2014 - Calgary Herald""}]",The Swan Group,false,,,,"A four-storey purpose built seniors assisted living complex in Calgary""s SW neighbourhood of Evergreen, featuring 135 units in the first phase."
357,Prairie Winds Park Upgrades,Tourism / Recreation,Calgary,,"(51.1069984436035, -113.957000732422)",,$11600000.00,Announced,,http://www.calgary.ca/engage/Pages/Prairie-winds-park.aspx,"[{""url"":""http://www.edmontonjournal.com/Prairie+Winds+Park+million+This+popular+park+Castleridge+regional+parks+Calgary+northeast+aging+infrastructure+currently+requires+facelift+Last+summer+Parks+Department+completed+significant+upgrade+spray+park+area+Prairie+Winds+additional/10372404/story.html"",""text"":""Nov 11, 2014 - Edmonton Journal""}]",City of Calgary,false,,https://farm8.staticflickr.com/7627/16836900812_440aa72685_b.jpg,"Prairie Winds Park Upgrades, courtesy of the City of Calgary.",Upgrades to Prairie Winds Park are undergoing public consultation and feedback before construction will begin in 2016.
358,Bassano Care Centre,Institutional,Bassano,,"(50.7890014648438, -112.470001220703)",,$40000000.00,Announced,,http://www.playfairlodge.com/BCCP.html,"[{""url"":""http://brooksinthenews.com/news/bassano-h-not-targeted-closure/"",""text"":""Dec 10, 2014 - Brooks and County Chronicle""}]",Newell Foundation,false,,,,"Proposed construction of a new continuing care centre in Bassano that will support independent living, supportive living, long term care, primary care and acute care in a fully functional design that supports a variety of community amenities."
364,Bankview Affordable Housing Project,Residential,Calgary,,"(51.0375633239746, -114.101791381836)",,$5000000.00,Announced,,,"[{""url"":""http://www.cbc.ca/news/canada/calgary/plan-for-bankview-apartment-to-house-homeless-worries-neighbours-1.2838936"",""text"":""Nov 18, 2014 - CBC News""}]",Calgary Homeless Foundation,false,,,,"An apartment style residence with 30 units and a shared kitchen, with a planned residency date by early 2016."
366,Royal Alberta Museum,Tourism / Recreation,Edmonton,,"(53.5470008850098, -113.488624572754)",,$340500000.00,Under Construction,2014 - 2016,http://www.royalalbertamuseum.ca/new/index.cfm,"[{""url"":""http://edmonton.ctvnews.ca/construction-officially-underway-on-new-royal-alberta-museum-1.1676655"",""text"":""Feb 7, 2014 - CTV News""}]",Province of Alberta,false,Ledcor Design - Build (Alberta) Inc,https://farm8.staticflickr.com/7300/16328298567_1b63c2cea9_b.jpg,"Royal Alberta Museum, Downtown. 2015-02-12 RAM by Darren Kirby is licensed under CC BY 2.0.",Relocation of the Royal Alberta Museum to downtown Edmonton. Will become the largest museum in Western Canada.
368,J22 Development,Residential,Edmonton,,"(53.5412483215332, -113.532737731934)",,$40000000.00,Under Construction,2013 - 2016,,,Clark Builders,false,Clark Builders,https://farm8.staticflickr.com/7562/15968677466_92f52bcc51_b.jpg,J22 Development Phases 2 and 3. 2014-12-10 J22 by Darren Kirby is licensed under CC BY 2.0.,"Phases 2 and 3 of a project that began with the creation of a signature Canadian Western Bank branch in Edmonton""s Oliver neighbourhood.  The new phases feature rental apartment-style suites across 14 storeys."
376,Kananaskis Golf Course Restoration,Tourism / Recreation,Kananaskis,,"(50.8880004882813, -115.140998840332)",,$18000000.00,Announced,,http://www.kananaskisgolf.com/,"[{""url"":""http://www.calgarysun.com/2014/07/18/kananaskis-golf-course-to-be-restored-by-government-of-alberta"",""text"":""Jul 18, 2014 - Calgary Sun""}]","Alberta Tourism, Parks and Recreation",false,,,,"$18 million in funding was provided by the Government of Alberta to restore the beloved 36-hole golf course, which was ravaged by flooding.  It is hoped to open in either 2016 or 2017. Project is on hold."
383,Broadview Enviroservice Station,Infrastructure,Strathcona County,,"(53.5449981689453, -113.305999755859)",,$6400000.00,Announced,,http://www.strathcona.ca/files/files/at-lls-2014-06-17-report-12_1.pdf,"[{""url"":""http://www.sherwoodparknews.com/2014/06/23/recycle-station-work-continues"",""text"":""Jun 23, 2014 - Sherwood Park News""}]",Strathcona County,false,,,,A new recycling and enviroservice station in Sherwood Park that is planned to be fully operational in late 2015.
391,"Elevator Modernization, Red Deer Regional Hospital",Institutional,Red Deer,,"(52.2599639892578, -113.815895080566)",,$5000000.00,Announced,,,,Alberta Health Services,false,,,,
401,Foothills Medical Centre Upgrade (McCaig Tower),Institutional,Calgary,,"(51.064453125, -114.131004333496)",,$550600000.00,Under Construction,2006 - 2016,,,Alberta Health and Wellness,false,Trotter and Morton,,,This project includes the upgrade of the Foothills Medical Centre and the addition of the McCaig Tower.
409,Cardel Place Expansion,Tourism / Recreation,Calgary,,"(51.1586074829102, -114.067855834961)",,$50000000.00,Announced,Commencing 2017,http://www.cardelplace.com/,"[{""url"":""http://www.calgarysun.com/2014/09/28/calgarys-cardel-place-embarks-on-50-million-expansion-to-recreation-centre"",""text"":""Sep 28, 2014 - Calgary Sun""}]",City of Calgary / Nose Creek Sports and Recreation Asoociation,false,,,,"A major expansion of the existing facility""s offerings, including a large indoor park and courtyard, a new six-lane swimming pool, new change rooms, doubling of the facility?s fitness areas and multi-purpose community space.  Funding is sought from all orders of government and private donors, with an intended opening in 2017."
410,Rogers Place Hockey Arena,Tourism / Recreation,Edmonton,,"(53.5467758178711, -113.496971130371)",,$605000000.00,Under Construction,2014 - 2016,http://www.edmonton.ca/city_government/projects_redevelopment/downtown-arena.aspx,"[{""url"":""http://globalnews.ca/news/1590601/rogers-place-arena-construction-enters-new-phase/"",""text"":""Sep 30, 2014 - Global News""}, {""url"":""http://globalnews.ca/news/1179511/construction-on-downtown-arena-begins-monday/"",""text"":""Mar 3, 2014 - Global News""}]",City of Edmonton / The Katz Group of Companies / WAM Development Group,false,PCL Construction,https://farm9.staticflickr.com/8580/16028154463_cbc913856e_b.jpg,"Artist's rendering of Rogers Place, downtown Edmonton Arena.","Rogers Place will be the new of home of the Edmonton Oilers and will host many concerts and events. The arena will feature 18,647 seats, multiple clubs, a full-service restaurant, the world's largest high-definition arena scoreboard, and will become the NHL's first LEED Silver-certified facility in Canada."
423,Highway 12 Upgrades,Infrastructure,Lacombe County,,"(52.4599990844727, -113.410003662109)",,$9000000.00,Announced,,,,Alberta Transportation,false,,,,A planning study has been complete to identify a realignment of Hwy 12 in the vicinity of the Town of Halkirk.
426,Giusti Warehouse and Office,Commercial / Retail,Calgary,,"(50.9687004089355, -113.877098083496)",,$13200000.00,Announced,,http://giustigroup.com/,,Giusti Group of Companies,false,,,,
427,Red Deer 2015 Road Construction,Infrastructure,Red Deer,,"(52.2407264709473, -113.806678771973)",,$7900000.00,Announced,,http://www.reddeer.ca/city-services/roads/road-rehabilitation/,,City of Red Deer,false,,,,
430,Stollery Pediatric Surgical Suite Alterations,Institutional,Edmonton,,"(53.5200462341309, -113.524253845215)",,$15200000.00,Announced,2014 - 2016,,,PCL Group,false,,,,
431,Northwest Trunk Storm Sewer Expansion,Infrastructure,Medicine Hat,,"(50.0589981079102, -110.704002380371)",,$10000000.00,Announced,,http://www.city.medicine-hat.ab.ca/modules/showdocument.aspx?documentid=8502,"[{""url"":""http://medicinehatnews.com/news/local-news/2015/01/06/property-tax-hike-proposed/"",""text"":""Jan 6, 2015 - Medicine Hat News""}]",City of Medicine Hat,false,,,,
432,Southview Supportive Living Facility,Institutional,Medicine Hat,,"(50.0195007324219, -110.674201965332)",,$12000000.00,Announced,2015 - 2016,,,Masterpiece,false,,,,"Supportive living, long-term care and independent living facility. Planned construction start July 2015."
434,City Market Grocery Store,Commercial / Retail,Calgary,,"(51.1620407104492, -114.160911560059)",,$7200000.00,Announced,,,,Loblaw Properties West Inc.,false,,,,
435,Phase 3 North Interceptor Sewer,Infrastructure,St. Albert,,"(53.660099029541, -113.63159942627)",,$26000000.00,Announced,,,"[{""url"":""http://www.stalbertgazette.com/article/20141220/SAG0801/312209979/0/sagSearch/city-pushes-new-sewer-for-westandtemplate=JQMArticle"",""text"":""Dec 20, 2014 - St. Albert Gazette""}]",City of St. Albert,false,,,,"This project is meant to add capacity to the city?s sanitary sewer system to support growth in South Riel, the area west of Ray Gibbon Drive, lands north of McKenney Avenue and in downtown St. Albert."
444,"Rental Car Facility, Fort McMurray Airport",Commercial / Retail,Regional Municipality of Wood Buffalo,,"(56.6500015258789, -111.231002807617)",,$11000000.00,Announced,2014 - 2016,,,Fort McMurray Regional Airport Authority,false,,,,
447,Shepherd's Gardens Heritage Seniors Centre,Residential,Edmonton,,"(53.4550018310547, -113.513000488281)",,$50000000.00,Under Construction,2014 - 2016,http://shepherdsgardens.com/,,Shepherd's Care,false,,https://farm9.staticflickr.com/8784/16913142689_1448967a8e_b.jpg,"Shepherd's Gardens Heritage Seniors Centre, courtesy of Shepherd’s Care Foundation.",A 140-unit highrise condo near the Century Park LRT station along with a 54-bed extended care facility named Eden House.
455,Bow River Lodge Redevelopment,Institutional,Canmore,,"(51.0928001403809, -115.365097045898)",,$15700000.00,Announced,2015 - 2016,,"[{""url"":""http://www.marketwired.com/press-release/joint-government-funding-will-add-new-affordable-housing-to-seniors-lodge-in-canmore-1835591.htm"",""text"":""Sep 27, 2013 - Market Wired""}]",Alberta Social Housing Corp.,false,APM Construction Services Ltd.,,,The Bow River Lodge project will see 43 units renovated into 27 larger units in order to make them accessible. Another 31 new units and additional amenity space will be added through an expansion.
457,Red Deer Area Transmission Development,Power,Red Deer County,,"(52.3274841308594, -113.90633392334)",,$350000000.00,Under Construction,2014 - 2016,http://www.altalink.ca/projects/centralabtransmission/red-deer-area-transmission.cfm,"[{""url"":""http://www.innisfailprovince.ca/article/20110607/INN0801/306079950/-1/inn/altalink-updates-chamber-on-red-deer-transmission-upgrade-plan"",""text"":""Jun 7, 2011 - Innisfail Province""}]",AltaLink Management Ltd.,false,,,,"This project is a four stage upgrade of the Red Deer area transmission system involving stage 1 substation upgrades in Red Deer area, stage 2 rebuild in Red Deer are, stage 3 new substations and lines in Ponoka, Innisfail, and Didsbury areas, and stage 4 removal of existing lines from Wetaskiwin to Lacombe and Red Deer to Innisfail."
459,CPS Westwinds Warehouse,Infrastructure,Calgary,,"(51.0999984741211, -113.970001220703)",,$14300000.00,Under Construction,2015 - 2016,,,City of Calgary,false,Dawson Wallace Construction,,,
470,9Triple8 Jasper Office Reno,Commercial / Retail,Edmonton,,"(53.5418128967285, -113.486946105957)",,$8000000.00,Under Construction,2014 - 2015,http://www.9triple8jasper.com/,"[{""url"":""http://www.collierscanada.com/12014#.VO9rHfnF98E"",""text"":""Winter 2014 - Colliers""}]",Hokanson Capital,false,Clark Builders,https://farm8.staticflickr.com/7480/16054929389_fb0a163c7e_b.jpg,9Triple8 Jasper Building Modernization.,"Total renovation of the old ATB headquarters, this project includes 182,000 sq ft of office space with main floor retail and restaurant space to LEED Gold standards."
472,New Central Library,Institutional,Calgary,,"(51.0454406738281, -114.05525970459)",,$245000000.00,Under Construction,2015 - 2018,http://www.calgarymlc.ca/explore-projects/new-central-library,"[{""url"":""http://globalnews.ca/news/1578313/virtual-tour-inside-calgarys-new-central-library/"",""text"":""Sep 23, 2014 - Global News""}]",Calgary Public Library,false,Stuart Olson Dominion,,,"Providing approximately 240,000 sq ft of usable library space ? 66% more than the existing downtown library, which was built in two phases in 1963 and 1974 ? the New Central Library will be a multi-faceted family destination and gathering place with a physical collection of approximately 600,000 books, special programs and spaces for children and teens, a technology commons and laboratory for innovation, a centre that supports inclusive community integration and advancement through skills development, and much more."
474,cSPACE King Edward,Commercial / Retail,Calgary,,"(51.0269088745117, -114.100242614746)",,$31000000.00,Under Construction,2015 - 2016,,"[{""url"":""http://metronews.ca/news/calgary/544518/calgarys-king-edward-school-on-the-cusp-of-becoming-arts-incubator/"",""text"":""Feb 10, 2013 - Metro News""}, {""url"":""http://www.calgaryherald.com/entertainment/theatre/Province+kicks+over+million+King+Edward+School+arts+incubator/8324231/story.html"",""text"":""Apr 30, 2013 - Calgary Herald""}]",City of Calgary / Calgary Arts Development,false,Clark Builders,,,"Transformation of the historic King Edward School into a multi-disciplinary ""arts incubator"" in the Marda Loop area of Calgary."
488,"Elementary School (K to Grade 6), Erin Ridge",Institutional,St. Albert,,"(53.6810531616211, -113.615112304688)",,$14200000.00,Announced,2015 - 2016,,,Alberta Infrastructure,false,,,,
490,Fairmore Business Park,Commercial / Retail,Calgary,,"(50.9949989318848, -114.069999694824)",,$25000000.00,Announced,2015 - 2016,http://hungerfordproperties.com/fairmore,"[{""url"":""http://calgaryherald.com/business/commercial-real-estate/hungerford-launches-third-calgary-commercial-condo-project"",""text"":""Dec 9, 2014 - Calgary Herald""}]",Hungerford Properties,false,Chandos Construction,,,"A new commercial development in South-Central Calgary that includes two office buildings, one warehouse, a mixed-use building featuring a retail unit, totaling 167,000 sqft of space."
495,DFI Industrial Building,Commercial / Retail,Edmonton,,"(53.4991035461426, -113.387840270996)",,$13200000.00,Under Construction,Commencing 2014,http://www.dfi.ca/,,DFI Pipe Fabrication,false,FHI Construction Inc,,,
499,Bonnyville 2015 Gravel and Oil Road Maintenance,Infrastructure,Bonnyville M.D. No. 87,,"(54.4178009033203, -110.627998352051)",,$14700000.00,Announced,,http://md.bonnyville.ab.ca/DocumentCenter/View/540,"[{""url"":""http://www.bonnyvillenouvelle.ca/article/20141216/BNV0801/312169972"",""text"":""Dec 16, 2014 - Bonnyville Nouvelle""}]",MD of Bonnyville,false,,,,
504,"Runway Reconstruction, Medicine Hat Airport",Infrastructure,Medicine Hat,,"(50.0248794555664, -110.726745605469)",,$7500000.00,Announced,,,"[{""url"":""http://medicinehatnews.com/news/local-news/2015/01/06/property-tax-hike-proposed/"",""text"":""Jan 16, 2015 - Medicine Hat News""}]",City of Medicine Hat,false,,,,
510,The Odeon Office Building,Commercial / Retail,Calgary,,"(51.0240745544434, -114.107635498047)",,$14500000.00,Announced,2015 - 2016,http://www.ronmor.ca/index.php?option=com_propertiesandview=propertyandid=52,"[{""url"":""http://calgaryherald.com/business/commercial-real-estate/parker-odeon-complex-a-bright-in-colliers-leasing-stable"",""text"":""Jan 13, 2015 - Calgary Herald""}]",Ronmor Developers Inc.,false,,https://c1.staticflickr.com/9/8653/16034090364_87319413e3_c.jpg,The Odeon Office Building courtesy of Ronmor Developers Inc.,"This new property is in the heart of Marda Loop at 33rd Avenue and 20th Street S.W.  Located in a high traffic location across from The Shoppes of Marda Loop, this centre will likely consist of four stories of office space with main floor retail and underground parking."
512,Dorcas Seniors Housing,Residential,Athabasca,,"(54.713680267334, -113.28157043457)",,$8000000.00,Announced,,,"[{""url"":""http://www.athabascaadvocate.com/article/20140617/ATH0801/306179987/0/ath/-8-to-10-million-seniors-housing-project-proposed-for-athabascaandtemplate=JQMArticle"",""text"":""Jun 17, 2014 - Athabasca Advocate""}]",Dorcas Housing Inc.,false,,,,"Aging in place"" seniors housing project in Athabasca that includes 20 seniors villas, 36 seniors apartments and a complex for assisted living located north of Pleasant Valley Lodge (seniors lodge)."
513,Clairmont Seniors Complex,Institutional,County of Grande Prairie No. 1,,"(55.2597274780273, -118.794479370117)",,$19600000.00,Announced,2015 - 2016,,,Grande Spirit Foundation,false,,,,Seniors lodging and apartments. Planned construction start Summer 2015.
514,Bonnybrook  Wastewater FOG Receiving Facility,Infrastructure,Calgary,,"(51.0483016967773, -114.054969787598)",,$9700000.00,Under Construction,2014 - 2015,,,City of Calgary,false,Maple Reinders,,,
517,Family Crisis Emergency Shelter,Residential,Regional Municipality of Wood Buffalo,,"(56.7191848754883, -111.375640869141)",,$38000000.00,Announced,2013 - 2017,http://www.fmmfcs.com/campaign/index.html,"[{""url"":""http://www.fortmcmurraytoday.com/2014/01/22/construction-to-start-this-year-on-emergency-shelter"",""text"":""Jan 22, 2014 - Fort McMurray Today""}]",Fort McMurray Family Crisis Society,false,Casman Construction,,,"This women's and children's shelter will expand the current facilities from 9 bedrooms to 45 over 22,000 sq ft, along with communal dining area and child development centre."
518,Chain Lakes Spillway,Infrastructure,M.D. of Ranchland No. 66,,"(50.3473014831543, -113.77799987793)",,$13900000.00,Under Construction,2013 - 2015,,"[{""url"":""http://www.nantonnews.com/2011/08/29/new-spillway-dam-planned-for-chain-lakes"",""text"":""Aug 29, 2011 - Nanton News""}, {""url"":""http://www.nantonnews.com/2013/07/09/new-spillway-planned-for-chain-lakes"",""text"":""Jul 9, 2013 - Nanton News""}]",Alberta Environment / Alberta Sustainable Resource Development,false,Innovative Civil Constructors,,,"Recent flooding has reached dangerous heights on the existing dam, this will increase height of the dam and upgrade riparian gates in Chain Lakes Provincial Park."
527,LNG Production Plant and other facilities,Oil and Gas,Sturgeon County,,"(53.7999992370605, -113.199996948242)",,$4000000000.00,Announced,,,"[{""url"":""http://globalnews.ca/news/1411491/qingdao-sinoenergy-backs-alberta-companys-pitch-for-liquefied-natural-gas-plant/"",""text"":""Jun 23, 2014 - Global News""}]",Gascana AB Energy Ltd.,false,,,,Liquified natural gas production plant plus up to five other facilities all located in one industrial park to be built in three phases over five years. The liquefied natural gas would be transported to market in rail cars to British Columbia for export to China.
528,Jasper Park Lodge Renovations,Tourism / Recreation,Jasper,,"(52.8839988708496, -118.047500610352)",,$16000000.00,Announced,2014 - 2016,http://www.fairmont.com/jasper/,"[{""url"":""http://www.edmontonjournal.com/Jasper+Park+Lodge+luxurious+makeover/10371634/story.html"",""text"":""Nov 11, 2014 - Edmonton Journal""}]",Fairmont Hotels,false,,,,"A two-year, $16-million renovation will give the 446 guest rooms, meeting rooms, great hall, lounges and restaurants at the Fairmont Jasper Park Lodge a new and luxurious feel. 40 guest rooms will be fully renovated by the end of November 2014, work on another 122 rooms begins in the first of two phases in January 2015, and by the summer of 2016 every room will be redone."
531,Wastewater Lagoon Expansion,Infrastructure,Didsbury,,"(51.6641998291016, -114.137001037598)",,$8000000.00,Completed,2013 - 2015,,"[{""url"":""http://www.mountainviewgazette.ca/article/20131008/MVG0801/310089998/-1/mvg/council-redesignates-land-for-didsbury-lagoon"",""text"":""Oct 8, 2013 - Mountain View Gazette""}, {""url"":""http://www.didsburyreview.ca/article/20141021/DID0801/310219975/-1/did/council-ratifies-borrowing-17-million-for-lagoon"",""text"":""Oct 21, 2014 - Didsbury Review""}]",Town of Didsbury,false,,https://farm9.staticflickr.com/8708/16287819514_ddb1653916_o.jpg,"Wastewater Lagoon Expansion, courtesy of the Town of Didsbury.","Work on Phase 1 of the project to increase the size of the town?s upper lagoon began in December 2013. New pipe and under-liner drains were installed, while work is continuing on installing a new liner. Work on the lower lagoon is expected to start in 2015 with completion slated in the same year."
536,Shell Place,Tourism / Recreation,Regional Municipality of Wood Buffalo,,"(56.7389984130859, -111.384002685547)",,$127000000.00,Under Construction,2012 - 2015,http://www.onerecreation.ca/sites/default/files/shellplace/shellplace_partnership.pdf,"[{""url"":""http://www.fortmcmurraytoday.com/2012/10/21/shell-buys-naming-rights-for-macisland-expansion"",""text"":""Oct 21, 2012 - Fort McMurray Today""}, {""url"":""http://www.fortmcmurraytoday.com/2014/10/19/turf-installed-at-shell-place"",""text"":""Oct 19, 2014 - Fort McMurray Today""}]",Regional Municipality of Wood Buffalo / Macdonald Island Park Corp.,false,Clark Builders / Turner Construction,https://farm9.staticflickr.com/8614/16550784659_baab7a0c85_b.jpg,"Shell Place (MacDonald Island Park Expansion), courtesy of Architecture | Tkalcic Bengert and 360 Architecture.","This massive new recreational facility includes a stadium, baseball centre, field house, conference centre, community park, outdoor rink, stage, among many other amenities.  Launch is expected in 2015."
542,High Prairie K to 9 School,Institutional,High Prairie,,"(55.9249000549316, -115.86799621582)",,$15300000.00,Announced,2013 - 2014,,,Alberta Education,false,,,,
547,Royal Oak and Saddle Ridge Middle Schools,Institutional,Calgary,,"(51.1479988098145, -114.223999023438)",,$32800000.00,Announced,2015 - 2016,http://www.infrastructure.alberta.ca/documents/WEBSITE_May_Update_-_Capital_Plan_Details.pdf,"[{""url"":""http://globalnews.ca/news/525573/calgary-school-officials-and-parents-await-new-school-announcements/"",""text"":""May 1, 2013 - Global News""}]",Alberta Infrastructure,false,Lear Construction,,,
550,Canadian Tire Store,Commercial / Retail,Cochrane,,"(51.1800003051758, -114.470001220703)",,$12000000.00,Announced,,,,Canadian Tire Real Estate Ltd.,false,Eton-West Const Alta Ltd.,,,Construction is planned to start in April.
551,Hinton Training Centre Expansion,Institutional,Hinton,,"(53.3992881774902, -117.579330444336)",,$75000000.00,Announced,2015 - 2018,https://extranet.gov.ab.ca/srd/HTC/,"[{""url"":""http://www.hintonparklander.com/2014/06/30/hinton-training-centre-needs-75m-upgrade-director"",""text"":""Jul 2, 2014 - Hinton Parklander""}]",Alberta Infrastructure / Alberta Sustainable Resource Development,false,,,,The $75 million project would include four building additions: a cold storage facility; an amenity building for food services with a fitness centre; a new academic building wing including a new 200-seat lecture theatre; and a 100-room single-occupancy dormitory.
556,Whitemud Equine Centre Expansion,Tourism / Recreation,Edmonton,,"(53.5057182312012, -113.546783447266)",,$6500000.00,Announced,,http://welca.ca/future,"[{""url"":""http://metronews.ca/news/edmonton/1089159/city-of-edmonton-canters-ahead-with-whitemud-equine-centre/"",""text"":""Jul 7, 2014 - Metro News""}]",City of Edmonton / Whitemud Equine Learning Centre,false,,,,"Phase 1 will replace older facilities scheduled for demolition in 2016 while adding new stables, classrooms, riding ring, meeting space, and washrooms."
559,Redcliff Water Treatment Plant,Infrastructure,Redcliff,,"(50.060001373291, -110.790000915527)",,$12500000.00,Under Construction,2014 - 2015,http://www.redcliff.ca/utilities/,"[{""url"":""http://medicinehatnews.com/news/local-news/2014/12/11/redcliff-to-take-cheaper-route-with-sewer-system-upgrade/"",""text"":""Dec 11, 2014 - Medicine Hat News""}]",Town of Redcliff,false,MPECO,,,
560,Willow at Sherwood Condos,Residential,Calgary,,"(51.159984588623, -114.14404296875)",,$12000000.00,Announced,,http://www.aviurban.com/willow/,"[{""url"":""http://www.calgarysun.com/2014/06/14/put-down-roots-in-willow-at-sherwood"",""text"":""Jun 14, 2014 - Calgary Sun""}]",Homes by Avi,false,,,,"Covers buildings 3-7 and 10, which are 3-storey buildings covering 83 units, scheduled for completion in 2015."
563,Orchard on Twelfth Condos,Residential,Calgary,,"(51.0410003662109, -114.073997497559)",,$130000000.00,Announced,,http://fortressrealdevelopments.com/wp-content/uploads/Orchard-Project-page1.pdf,"[{""url"":""http://www.calgaryherald.com/business/Proposed+downtown+condo+project+will+include+apple+orchard/10032226/story.html"",""text"":""Jul 14, 2014 - Calgary Herald""}]",Lamb Development Corp.,false,Scott Construction,,,"This is a two tower residential project just northeast of Stampede Park, both planned at 31 storeys on a 61,000 sq ft parcel of land, which includes a one acre apple orchard."
579,Terwillegar Park Footbridge,Tourism / Recreation,Edmonton,,"(53.4960403442383, -113.584602355957)",,$28000000.00,Under Construction,2014 - 2016,http://www.edmonton.ca/city_government/budget_taxes/2012budget-parks.aspx,"[{""url"":""http://www.edmontonsun.com/2014/04/08/terwillegar-park-footbridge-talks-suspended-after-edmonton-executive-committee-hears-complaints-from-residents"",""text"":""Apr 8, 2014 - Edmonton Sun""}]",City of Edmonton / River Valley Alliance,false,,,,Footbridge joining Terwillegar and Centennial Valley Lands
581,"Highway 88 Grade, Base and Pave 12558",Infrastructure,Mackenzie County,Mackenzie County,,"{ ""type"": ""LineString"", ""coordinates"": [ [ -116.114609, 58.384103 ], [ -116.11414, 58.384063 ], [ -116.113348, 58.38401 ], [ -116.112849, 58.383986 ], [ -116.112287, 58.383965 ], [ -116.111759, 58.383954 ], [ -116.111063, 58.383947 ], [ -116.093978, 58.383897 ], [ -116.073408, 58.383838 ], [ -116.064321, 58.383809 ], [ -116.064231, 58.383809 ], [ -116.064155, 58.383809 ], [ -116.06317, 58.383804 ], [ -116.062669, 58.38379 ], [ -116.062095, 58.383771 ], [ -116.06164, 58.383744 ], [ -116.061024, 58.383704 ], [ -116.060476, 58.383659 ], [ -116.059961, 58.383606 ], [ -116.059173, 58.383514 ], [ -116.0584, 58.383406 ], [ -116.057641, 58.383276 ], [ -116.056847, 58.383121 ], [ -116.056297, 58.383003 ], [ -116.055697, 58.382865 ], [ -116.055386, 58.382787 ], [ -116.054993, 58.382681 ], [ -116.054628, 58.382576 ], [ -116.054315, 58.382482 ], [ -116.053979, 58.382377 ], [ -116.053766, 58.382306 ], [ -116.053335, 58.38216 ], [ -116.052954, 58.382024 ], [ -116.052711, 58.381932 ], [ -116.052392, 58.381806 ], [ -116.051973, 58.381636 ], [ -116.051208, 58.381321 ], [ -116.048626, 58.380257 ], [ -116.048143, 58.380063 ], [ -116.047598, 58.379859 ], [ -116.047076, 58.379675 ], [ -116.04656, 58.379506 ], [ -116.045985, 58.379329 ], [ -116.045475, 58.379181 ], [ -116.044833, 58.379015 ], [ -116.04417, 58.378858 ], [ -116.043556, 58.37873 ], [ -116.04286, 58.378597 ], [ -116.042169, 58.378483 ], [ -116.041803, 58.378432 ], [ -116.041371, 58.378372 ], [ -116.040722, 58.378298 ], [ -116.040189, 58.378243 ], [ -116.039712, 58.3782 ], [ -116.03924, 58.378164 ], [ -116.038548, 58.378124 ], [ -116.037919, 58.378098 ], [ -116.037199, 58.378085 ], [ -116.036468, 58.378083 ], [ -116.032904, 58.378083 ], [ -116.031962, 58.378081 ], [ -116.031057, 58.378075 ], [ -116.030549, 58.378066 ], [ -116.030043, 58.378058 ], [ -116.029494, 58.378042 ], [ -116.0288, 58.378019 ], [ -116.026982, 58.377941 ], [ -116.026332, 58.377909 ], [ -116.025754, 58.377881 ], [ -116.025277, 58.377858 ], [ -116.024411, 58.377819 ], [ -116.023743, 58.377792 ], [ -116.023102, 58.377769 ], [ -116.0224, 58.377753 ], [ -116.021999, 58.377745 ], [ -116.021432, 58.377739 ], [ -116.021307, 58.377737 ], [ -116.020602, 58.377734 ], [ -116.01985, 58.37774 ], [ -116.019142, 58.377747 ], [ -116.018254, 58.377765 ], [ -116.018231, 58.377765 ], [ -116.016987, 58.377781 ], [ -116.016023, 58.377797 ], [ -116.015086, 58.377814 ], [ -116.013523, 58.377831 ], [ -116.011968, 58.377844 ], [ -116.010566, 58.377853 ], [ -116.008742, 58.37786 ], [ -116.007934, 58.377863 ], [ -116.004592, 58.377864 ], [ -116.003222, 58.377864 ], [ -116.000796, 58.377864 ], [ -115.987259, 58.377866 ], [ -115.970374, 58.377855 ], [ -115.969685, 58.377851 ], [ -115.969019, 58.377851 ], [ -115.968357, 58.377829 ], [ -115.967774, 58.377789 ], [ -115.966955, 58.377703 ], [ -115.966419, 58.377629 ], [ -115.965771, 58.377517 ], [ -115.965427, 58.377448 ], [ -115.964794, 58.377292 ], [ -115.964272, 58.377143 ], [ -115.963884, 58.377022 ], [ -115.963461, 58.376876 ], [ -115.963085, 58.376739 ], [ -115.962655, 58.376571 ], [ -115.96173, 58.376192 ], [ -115.960606, 58.375732 ], [ -115.95855, 58.374888 ], [ -115.957965, 58.374626 ], [ -115.957595, 58.374439 ], [ -115.957298, 58.374274 ], [ -115.957018, 58.374104 ], [ -115.956859, 58.374002 ], [ -115.956665, 58.373865 ], [ -115.956335, 58.373614 ], [ -115.956173, 58.37348 ], [ -115.956001, 58.373327 ], [ -115.955849, 58.373183 ], [ -115.95568, 58.37301 ], [ -115.955548, 58.372862 ], [ -115.955396, 58.37268 ], [ -115.955291, 58.372536 ], [ -115.955172, 58.372357 ], [ -115.955082, 58.372205 ], [ -115.954964, 58.371992 ], [ -115.954883, 58.371818 ], [ -115.954799, 58.371612 ], [ -115.954726, 58.371375 ], [ -115.954677, 58.371147 ], [ -115.954662, 58.37103 ], [ -115.954644, 58.370856 ], [ -115.954633, 58.370543 ], [ -115.954621, 58.36953 ], [ -115.954621, 58.369484 ], [ -115.95461, 58.35991 ], [ -115.954616, 58.354915 ], [ -115.954596, 58.340443 ], [ -115.954603, 58.322142 ], [ -115.954596, 58.32178 ], [ -115.954576, 58.32145 ], [ -115.954537, 58.321176 ], [ -115.954493, 58.320959 ], [ -115.954412, 58.320668 ], [ -115.954303, 58.320387 ], [ -115.954182, 58.320124 ], [ -115.954054, 58.31989 ], [ -115.953913, 58.319664 ], [ -115.953768, 58.319462 ], [ -115.953578, 58.319224 ], [ -115.953327, 58.318936 ], [ -115.953045, 58.318662 ], [ -115.952718, 58.318375 ], [ -115.952445, 58.318163 ], [ -115.952193, 58.317975 ], [ -115.951846, 58.317741 ], [ -115.95154, 58.317548 ], [ -115.942218, 58.31189 ], [ -115.925998, 58.302058 ], [ -115.92073, 58.298836 ], [ -115.920304, 58.298579 ], [ -115.919726, 58.298249 ], [ -115.91909, 58.297912 ], [ -115.918638, 58.297693 ], [ -115.918079, 58.297441 ], [ -115.917449, 58.297179 ], [ -115.916996, 58.297002 ], [ -115.916325, 58.296761 ], [ -115.915643, 58.296535 ], [ -115.915291, 58.296424 ], [ -115.914789, 58.296278 ], [ -115.914363, 58.296161 ], [ -115.913799, 58.296018 ], [ -115.913102, 58.295852 ], [ -115.902249, 58.293413 ], [ -115.873918, 58.287016 ], [ -115.872524, 58.286699 ], [ -115.871719, 58.286513 ], [ -115.871167, 58.28638 ], [ -115.871022, 58.286345 ], [ -115.870689, 58.286265 ], [ -115.870102, 58.286119 ], [ -115.869304, 58.285917 ], [ -115.868457, 58.2857 ], [ -115.867936, 58.285564 ], [ -115.857832, 58.282904 ], [ -115.840568, 58.278357 ], [ -115.838717, 58.277868 ], [ -115.838055, 58.277686 ], [ -115.837425, 58.277502 ], [ -115.836551, 58.277176 ], [ -115.835753, 58.276805 ], [ -115.835029, 58.276392 ], [ -115.8344, 58.275941 ], [ -115.834087, 58.275677 ], [ -115.833867, 58.275458 ], [ -115.83357, 58.275128 ], [ -115.833376, 58.274871 ], [ -115.833208, 58.274614 ], [ -115.833028, 58.274272 ], [ -115.83295, 58.274098 ], [ -115.828453, 58.263373 ], [ -115.828123, 58.262655 ], [ -115.827963, 58.26237 ], [ -115.827728, 58.261994 ], [ -115.827666, 58.261903 ], [ -115.827571, 58.261766 ], [ -115.827453, 58.261607 ], [ -115.827368, 58.2615 ], [ -115.827295, 58.261406 ], [ -115.82718, 58.261266 ], [ -115.827066, 58.26113 ], [ -115.82696, 58.261009 ], [ -115.826823, 58.260859 ], [ -115.826648, 58.260674 ], [ -115.826459, 58.260485 ], [ -115.826266, 58.260304 ], [ -115.826005, 58.26007 ], [ -115.825779, 58.259875 ], [ -115.825459, 58.259618 ], [ -115.825161, 58.25939 ], [ -115.824761, 58.259107 ], [ -115.824505, 58.258932 ], [ -115.824185, 58.258722 ], [ -115.818573, 58.255115 ], [ -115.818234, 58.254891 ], [ -115.817648, 58.254514 ], [ -115.816642, 58.253867 ], [ -115.813516, 58.25186 ], [ -115.810826, 58.25016 ], [ -115.808358, 58.248637 ], [ -115.806062, 58.247251 ], [ -115.803147, 58.245492 ], [ -115.798009, 58.242397 ], [ -115.793572, 58.239698 ], [ -115.793238, 58.239488 ], [ -115.792905, 58.239267 ], [ -115.792593, 58.239052 ], [ -115.792265, 58.238818 ], [ -115.791951, 58.23858 ], [ -115.791625, 58.238322 ], [ -115.791377, 58.238115 ], [ -115.79111, 58.237884 ], [ -115.790868, 58.237669 ], [ -115.790619, 58.237439 ], [ -115.790356, 58.237185 ], [ -115.79013, 58.236958 ], [ -115.778064, 58.224323 ], [ -115.770275, 58.216162 ], [ -115.770066, 58.215939 ], [ -115.769851, 58.215705 ], [ -115.769629, 58.215457 ], [ -115.76942, 58.215217 ], [ -115.769205, 58.214965 ], [ -115.769019, 58.214736 ], [ -115.768832, 58.214481 ], [ -115.768664, 58.21424 ], [ -115.768507, 58.214001 ], [ -115.768326, 58.213711 ], [ -115.768149, 58.213427 ], [ -115.761751, 58.202477 ], [ -115.760435, 58.200224 ], [ -115.760295, 58.199982 ], [ -115.760123, 58.1997 ], [ -115.759937, 58.199416 ], [ -115.759755, 58.199164 ], [ -115.759544, 58.198903 ], [ -115.759318, 58.198644 ], [ -115.759054, 58.198366 ], [ -115.758811, 58.198124 ], [ -115.758554, 58.197882 ], [ -115.758291, 58.19765 ], [ -115.757992, 58.197401 ], [ -115.757685, 58.197165 ], [ -115.757356, 58.196924 ], [ -115.757039, 58.196704 ], [ -115.756697, 58.19648 ], [ -115.756348, 58.196264 ], [ -115.756008, 58.196071 ], [ -115.755643, 58.195876 ], [ -115.755242, 58.195668 ], [ -115.754897, 58.195493 ], [ -115.74315, 58.189591 ], [ -115.742879, 58.18945 ], [ -115.742562, 58.189283 ], [ -115.742251, 58.189117 ], [ -115.741918, 58.188929 ], [ -115.741589, 58.188729 ], [ -115.741283, 58.18853 ], [ -115.740981, 58.18832 ], [ -115.740717, 58.188122 ], [ -115.740479, 58.187931 ], [ -115.74022, 58.187708 ], [ -115.739972, 58.187474 ], [ -115.739755, 58.18725 ], [ -115.739538, 58.187009 ], [ -115.739351, 58.186782 ], [ -115.739176, 58.186548 ], [ -115.739017, 58.186316 ], [ -115.738867, 58.186077 ], [ -115.738735, 58.185839 ], [ -115.738626, 58.185617 ], [ -115.738521, 58.18538 ], [ -115.738423, 58.185138 ], [ -115.738341, 58.18491 ], [ -115.732069, 58.166347 ], [ -115.724622, 58.144292 ], [ -115.724532, 58.144049 ], [ -115.724415, 58.143758 ], [ -115.724311, 58.143524 ], [ -115.724187, 58.143275 ], [ -115.72402, 58.142978 ], [ -115.723863, 58.142731 ], [ -115.723697, 58.142492 ], [ -115.723511, 58.14225 ], [ -115.723318, 58.142018 ], [ -115.723118, 58.141795 ], [ -115.72289, 58.14156 ], [ -115.722671, 58.141352 ], [ -115.722427, 58.141133 ], [ -115.722193, 58.140936 ], [ -115.721949, 58.140746 ], [ -115.721712, 58.140575 ], [ -115.721447, 58.140396 ], [ -115.721134, 58.140196 ], [ -115.720808, 58.139995 ], [ -115.720488, 58.139805 ], [ -115.687154, 58.120481 ], [ -115.686843, 58.120303 ], [ -115.686493, 58.120106 ], [ -115.686178, 58.119933 ], [ -115.685838, 58.119748 ], [ -115.685485, 58.119564 ], [ -115.685118, 58.119384 ], [ -115.684745, 58.119211 ], [ -115.684343, 58.119036 ], [ -115.683882, 58.118848 ], [ -115.683458, 58.118688 ], [ -115.683049, 58.118544 ], [ -115.682656, 58.118411 ], [ -115.68223, 58.118273 ], [ -115.681829, 58.118151 ], [ -115.681418, 58.118032 ], [ -115.680981, 58.117911 ], [ -115.680555, 58.117799 ], [ -115.680071, 58.117672 ], [ -115.67963, 58.11756 ], [ -115.633334, 58.106237 ], [ -115.632895, 58.106123 ], [ -115.632441, 58.106001 ], [ -115.632026, 58.105882 ], [ -115.631622, 58.105753 ], [ -115.631244, 58.105623 ], [ -115.630861, 58.105479 ], [ -115.630503, 58.105333 ], [ -115.630188, 58.105193 ], [ -115.629844, 58.105026 ], [ -115.629526, 58.104855 ], [ -115.629235, 58.104683 ], [ -115.628952, 58.1045 ], [ -115.628684, 58.104308 ], [ -115.628452, 58.104123 ], [ -115.628222, 58.103925 ], [ -115.62799, 58.103703 ], [ -115.627818, 58.103518 ], [ -115.627635, 58.103304 ], [ -115.627485, 58.10311 ], [ -115.627343, 58.102904 ], [ -115.627226, 58.10271 ], [ -115.627108, 58.10249 ], [ -115.627012, 58.102284 ], [ -115.626921, 58.102073 ], [ -115.618874, 58.08317 ], [ -115.618785, 58.082958 ], [ -115.618684, 58.082711 ], [ -115.618582, 58.082458 ], [ -115.618492, 58.082215 ], [ -115.618419, 58.081997 ], [ -115.618342, 58.081739 ], [ -115.618263, 58.081428 ], [ -115.618202, 58.081162 ], [ -115.618156, 58.080909 ], [ -115.618115, 58.080666 ], [ -115.618078, 58.080412 ], [ -115.618052, 58.080189 ], [ -115.618032, 58.079981 ], [ -115.618017, 58.079727 ], [ -115.618005, 58.079484 ], [ -115.617938, 58.075143 ], [ -115.617924, 58.074869 ], [ -115.617902, 58.074575 ], [ -115.617875, 58.074286 ], [ -115.617838, 58.074016 ], [ -115.617789, 58.073728 ], [ -115.617736, 58.07348 ], [ -115.617676, 58.073241 ], [ -115.617601, 58.072989 ], [ -115.617502, 58.072692 ], [ -115.617395, 58.072396 ], [ -115.617279, 58.072113 ], [ -115.617138, 58.0718 ], [ -115.617017, 58.071551 ], [ -115.613286, 58.064148 ], [ -115.613025, 58.063632 ], [ -115.612813, 58.063196 ], [ -115.612644, 58.06281 ], [ -115.612499, 58.062405 ], [ -115.612363, 58.061935 ], [ -115.612267, 58.06148 ], [ -115.612201, 58.060997 ], [ -115.612162, 58.060506 ], [ -115.612146, 58.060024 ], [ -115.61214, 58.059562 ], [ -115.612174, 58.044518 ], [ -115.612171, 58.044015 ], [ -115.612158, 58.043548 ], [ -115.612135, 58.043036 ], [ -115.612092, 58.042569 ], [ -115.612009, 58.042081 ], [ -115.611895, 58.041603 ], [ -115.611745, 58.041142 ], [ -115.611562, 58.040686 ], [ -115.611349, 58.040237 ], [ -115.611131, 58.039823 ], [ -115.610876, 58.03938 ], [ -115.610593, 58.038904 ], [ -115.610338, 58.038493 ], [ -115.60337, 58.027797 ], [ -115.603165, 58.027477 ], [ -115.602899, 58.027074 ], [ -115.602646, 58.026699 ], [ -115.602407, 58.026361 ], [ -115.602154, 58.026013 ], [ -115.601891, 58.025662 ], [ -115.601613, 58.025303 ], [ -115.601325, 58.024927 ], [ -115.601055, 58.024575 ], [ -115.599175, 58.022232 ], [ -115.598881, 58.021868 ], [ -115.598584, 58.021507 ], [ -115.596392, 58.018918 ], [ -115.596097, 58.018578 ], [ -115.595766, 58.018203 ], [ -115.589635, 58.011281 ], [ -115.589418, 58.011029 ], [ -115.589154, 58.010715 ], [ -115.58891, 58.010414 ], [ -115.588694, 58.010138 ], [ -115.588468, 58.009832 ], [ -115.588311, 58.0096 ], [ -115.588115, 58.009293 ], [ -115.587926, 58.008984 ], [ -115.587753, 58.008699 ], [ -115.58389, 58.002087 ], [ -115.583725, 58.001824 ], [ -115.583549, 58.001541 ], [ -115.583391, 58.00128 ], [ -115.583214, 58.000992 ], [ -115.583057, 58.000739 ], [ -115.582878, 58.000457 ], [ -115.582706, 58.000199 ], [ -115.582534, 57.999954 ], [ -115.58232, 57.999654 ], [ -115.582116, 57.99937 ], [ -115.581899, 57.999073 ], [ -115.580557, 57.997247 ], [ -115.580355, 57.996971 ], [ -115.580098, 57.996612 ], [ -115.57988, 57.99629 ], [ -115.579662, 57.995951 ], [ -115.579444, 57.995596 ], [ -115.57925, 57.995278 ], [ -115.579048, 57.994934 ], [ -115.578828, 57.994556 ], [ -115.578647, 57.994227 ], [ -115.576643, 57.99045 ], [ -115.573921, 57.985369 ], [ -115.562815, 57.966565 ], [ -115.561573, 57.964493 ], [ -115.559982, 57.961967 ], [ -115.530176, 57.914929 ], [ -115.530043, 57.914729 ], [ -115.529912, 57.914535 ], [ -115.529787, 57.914351 ], [ -115.529669, 57.914182 ], [ -115.52953, 57.913997 ], [ -115.529391, 57.913827 ], [ -115.529242, 57.913656 ], [ -115.529075, 57.913472 ], [ -115.528909, 57.913299 ], [ -115.528747, 57.913135 ], [ -115.528567, 57.912963 ], [ -115.528384, 57.912792 ], [ -115.528195, 57.912623 ], [ -115.528003, 57.912462 ], [ -115.527799, 57.912295 ], [ -115.520463, 57.906207 ], [ -115.520279, 57.906057 ], [ -115.520084, 57.905903 ], [ -115.519906, 57.905766 ], [ -115.519727, 57.90563 ], [ -115.519544, 57.905496 ], [ -115.519335, 57.905353 ], [ -115.519139, 57.905225 ], [ -115.518939, 57.9051 ], [ -115.518714, 57.904966 ], [ -115.51849, 57.90484 ], [ -115.518293, 57.904733 ], [ -115.518072, 57.904619 ], [ -115.517855, 57.90451 ], [ -115.51764, 57.904406 ], [ -115.517467, 57.904325 ], [ -115.517281, 57.904238 ], [ -115.516294, 57.903787 ], [ -115.515421, 57.903387 ], [ -115.513213, 57.902377 ], [ -115.512412, 57.902024 ], [ -115.511836, 57.901743 ], [ -115.511188, 57.901418 ], [ -115.510828, 57.901252 ], [ -115.510496, 57.901055 ], [ -115.510236, 57.900881 ], [ -115.509962, 57.900715 ], [ -115.509717, 57.900541 ], [ -115.509442, 57.900344 ], [ -115.509168, 57.900132 ], [ -115.508922, 57.899973 ], [ -115.508719, 57.899769 ], [ -115.50846, 57.899551 ], [ -115.494397, 57.884789 ], [ -115.494285, 57.884678 ], [ -115.493954, 57.884337 ], [ -115.493708, 57.884125 ], [ -115.493434, 57.883898 ], [ -115.493102, 57.883663 ], [ -115.49277, 57.883459 ], [ -115.492453, 57.883239 ], [ -115.492136, 57.883043 ], [ -115.491833, 57.882876 ], [ -115.491474, 57.88271 ], [ -115.491071, 57.882537 ], [ -115.490583, 57.882318 ], [ -115.490022, 57.882092 ], [ -115.489362, 57.881858 ], [ -115.488702, 57.881663 ], [ -115.487722, 57.881409 ], [ -115.487196, 57.881288 ], [ -115.486767, 57.881206 ], [ -115.486308, 57.881132 ], [ -115.485965, 57.881072 ], [ -115.485507, 57.881013 ], [ -115.485077, 57.880969 ], [ -115.484677, 57.880925 ], [ -115.484248, 57.880896 ], [ -115.483776, 57.880875 ], [ -115.483333, 57.880854 ], [ -115.482861, 57.880825 ], [ -115.482058, 57.880847 ], [ -115.481814, 57.880838 ], [ -115.453433, 57.880077 ], [ -115.439277, 57.879746 ], [ -115.434765, 57.879714 ], [ -115.422146, 57.87937 ], [ -115.420365, 57.879331 ], [ -115.413253, 57.879128 ], [ -115.411749, 57.879095 ], [ -115.41034, 57.87905 ], [ -115.408912, 57.878992 ], [ -115.407555, 57.878897 ], [ -115.40615, 57.878783 ], [ -115.404804, 57.878644 ], [ -115.403738, 57.878504 ], [ -115.40259, 57.878334 ], [ -115.401395, 57.878132 ], [ -115.400235, 57.87793 ], [ -115.399316, 57.87775 ], [ -115.398453, 57.877543 ], [ -115.397632, 57.877334 ], [ -115.397081, 57.877198 ], [ -115.396624, 57.877088 ], [ -115.395979, 57.876909 ], [ -115.394509, 57.876541 ], [ -115.39305, 57.876153 ], [ -115.392406, 57.87597 ], [ -115.391505, 57.875696 ], [ -115.391118, 57.875584 ], [ -115.388801, 57.874956 ], [ -115.388415, 57.874852 ], [ -115.387771, 57.874669 ], [ -115.387154, 57.874515 ], [ -115.386768, 57.874411 ], [ -115.386251, 57.874279 ], [ -115.385729, 57.874131 ], [ -115.385142, 57.873977 ], [ -115.384884, 57.873903 ], [ -115.384462, 57.873773 ], [ -115.384075, 57.873644 ], [ -115.383535, 57.873471 ], [ -115.38296, 57.873273 ], [ -115.382221, 57.873001 ], [ -115.381434, 57.872686 ], [ -115.380753, 57.872402 ], [ -115.379977, 57.872049 ], [ -115.379248, 57.871665 ], [ -115.378661, 57.871367 ], [ -115.378026, 57.87102 ], [ -115.37746, 57.870636 ], [ -115.376659, 57.870125 ], [ -115.375952, 57.869592 ], [ -115.375228, 57.868965 ], [ -115.374568, 57.868363 ], [ -115.374249, 57.868027 ], [ -115.373886, 57.867613 ], [ -115.373567, 57.867227 ], [ -115.373162, 57.866668 ], [ -115.372786, 57.866083 ], [ -115.372498, 57.865624 ], [ -115.36948, 57.860593 ], [ -115.369221, 57.860177 ], [ -115.369041, 57.859745 ], [ -115.368942, 57.859456 ], [ -115.368859, 57.859099 ], [ -115.368824, 57.858802 ], [ -115.368815, 57.858613 ], [ -115.368796, 57.858379 ], [ -115.368803, 57.858066 ], [ -115.368846, 57.857731 ], [ -115.368933, 57.857389 ], [ -115.369057, 57.857074 ], [ -115.369218, 57.856778 ], [ -115.369417, 57.856475 ], [ -115.369613, 57.856195 ], [ -115.369833, 57.855898 ], [ -115.374056, 57.850379 ], [ -115.374299, 57.850008 ], [ -115.37461, 57.849536 ], [ -115.374857, 57.849012 ], [ -115.375006, 57.848579 ], [ -115.375092, 57.84816 ], [ -115.375133, 57.847799 ], [ -115.375121, 57.847511 ], [ -115.375109, 57.847232 ], [ -115.375043, 57.846906 ], [ -115.374959, 57.846646 ], [ -115.374856, 57.84631 ], [ -115.374681, 57.845964 ], [ -115.374516, 57.845662 ], [ -115.374315, 57.845379 ], [ -115.374086, 57.845096 ], [ -115.373703, 57.844674 ], [ -115.358114, 57.828552 ], [ -115.357751, 57.828183 ], [ -115.343821, 57.813852 ], [ -115.343504, 57.813506 ], [ -115.343236, 57.813159 ], [ -115.342894, 57.812761 ], [ -115.342723, 57.812427 ], [ -115.342502, 57.81208 ], [ -115.342306, 57.811682 ], [ -115.342206, 57.811296 ], [ -115.342081, 57.810885 ], [ -115.341981, 57.810512 ], [ -115.337127, 57.787547 ], [ -115.337016, 57.787241 ], [ -115.336893, 57.786907 ], [ -115.336697, 57.786611 ], [ -115.336477, 57.786303 ], [ -115.336161, 57.785956 ], [ -115.335821, 57.785623 ], [ -115.335529, 57.785302 ], [ -115.335286, 57.785045 ], [ -115.33497, 57.784763 ], [ -115.33463, 57.78443 ], [ -115.334144, 57.784019 ], [ -115.333901, 57.783788 ], [ -115.333658, 57.783519 ], [ -115.333439, 57.783275 ], [ -115.33317, 57.782915 ], [ -115.332975, 57.782586 ], [ -115.332971, 57.782582 ], [ -115.332755, 57.782277 ], [ -115.332589, 57.781958 ], [ -115.332482, 57.781675 ], [ -115.332406, 57.781363 ], [ -115.332382, 57.781059 ], [ -115.332419, 57.780724 ], [ -115.332507, 57.78038 ], [ -115.332618, 57.780041 ], [ -115.342558, 57.751352 ], [ -115.342696, 57.751011 ], [ -115.342883, 57.750618 ], [ -115.343092, 57.750259 ], [ -115.343364, 57.749878 ], [ -115.343663, 57.749516 ], [ -115.344031, 57.749129 ], [ -115.344416, 57.7488 ], [ -115.344856, 57.748475 ], [ -115.345246, 57.748203 ], [ -115.353731, 57.742366 ], [ -115.354153, 57.742063 ], [ -115.354581, 57.74175 ], [ -115.354969, 57.741451 ], [ -115.355101, 57.741333 ] ] }",$19300000.00,Announced,,,,Alberta Transportation,false,,,,
584,2015 Major Neighbourhood Renewal Program,Infrastructure,Edmonton,,"(53.4345817565918, -113.603660583496)",,$615000000.00,Announced,,http://www.edmonton.ca/transportation/on_your_streets/2015-neighbourhood-renewal.aspx,"[{""url"":""http://www.edmontonjournal.com/Councillors+want+better+explanation+neighbourhood+renewal+projects+chosen/10413306/story.html"",""text"":""Nov 25, 2014 - Edmonton Journal""}]",City of Edmonton,false,,,,"The 2015 Edmonton neighborhood renewal will involve the reconstruction in Avonmore, Bonnie Doon, Queen Alexandra, Rosslyn, Westmount, and Westwood neighbourhoods. During this process, roads will be repaved, and sidewalks and streetlights replaced."
585,ConocoPhillips Office Alterations,Commercial / Retail,Calgary,,"(51.0400009155273, -114.070999145508)",,$5900000.00,Announced,2014 - 2015,,,ConocoPhillips Canada,false,Martens Group,,,
588,Peace River Airport Improvements,Infrastructure,Peace River,,"(56.2335014343262, -117.28099822998)",,$11400000.00,Under Construction,2014 - 2015,http://peaceriverairport.com/,"[{""url"":""http://www.prrecordgazette.com/2014/07/16/shell-invests-in-peace-river-airport"",""text"":""Jul 16, 2014 - Whitecourt Star""}]",Town of Peace River,false,,,,"Upgrades at the Peace River Airport include drainage and runway improvements to improve capacity, especially in light of increased traffic because of Shell""s Carmon Creek project nearby."
590,Pine Valley Seniors Lodge Expansion,Institutional,Hinton,,"(53.4099998474121, -117.559997558594)",,$13000000.00,Announced,Commencing 2015,http://www.evergreensfoundation.com/default.aspx?pageid=723,"[{""url"":""http://hintonvoice.com/concept-unveiled-for-pine-valley-lodge-expansion-p2934-73.htm"",""text"":""Dec 11, 2014 - Hinton Voice""}]",Evergreens Regional Housing Foundation,false,,,,"Expansion to this existing Hinton seniors lodge would include private meeting spaces, storage rooms, resident laundry, bathing facility, 21 new studio units and 6 one-bedroom suits, and a 24-hour nursing station."
599,6th and Tenth Condos,Residential,Calgary,,"(51.0436782836914, -114.076332092285)",,$62000000.00,Under Construction,Commencing 2014,http://6thandtenth.com/flash.php,"[{""url"":""http://www.calgarysun.com/2013/07/05/6th-and-tenth-offers-stylish-choice"",""text"":""Jul 6, 2013 - Calgary Sun""}]",Lamb Development Corp. / Fortress Real Capital,false,Scott Builders,,,"A new residential highrise in Calgary""s Beltline neighbourhood, this condo will feature units with a high level of finishing, high ceilings, and access to a green space with public art."
601,Heritage Valley Transit Centre,Infrastructure,Edmonton,,"(53.4249992370605, -113.541000366211)",,$6700000.00,Announced,,http://www.edmonton.ca/city_government/projects_redevelopment/heritage-valley-town-centre.aspx,,City of Edmonton,false,,,,
602,"Sobeys Store, Nolan Hill",Commercial / Retail,Calgary,,"(51.1699981689453, -114.160003662109)",,$5000000.00,Under Construction,,http://webcache.googleusercontent.com/search?q=cache:TOxDNOGIaYoJ:www.ccdcanada.com/projects/%3FXID%3D9bcc167a-fdcd-40aa-a559-9109fc8d760a+andcd=4andhl=enandct=clnkandgl=ca,,Sobeys Western Region,false,Traugott Building Contractors,,,
604,106 Street Condos,Commercial / Retail and Residential,Edmonton,,"(53.5449180603027, -113.503372192383)",,$300000000.00,Announced,,,"[{""url"":""http://www.edmontonjournal.com/Developer+plans+pair+storey+towers+Healy+Ford+site+Edmonton/10382607/story.html"",""text"":""Nov 15, 2014 - Edmonton Journal""}]",Callidus Developments,false,,,,Three downtown condominiums to be built on the former site of Healey Ford. Pending rezoning. Public hearing June 3 at Coast Edmonton Plaza Hotel.
607,Germain Commercial Demonstration Project Phase 2,Oil Sands,Athabasca County,,"(55.7325401306152, -112.547637939453)",,$1100000000.00,Announced,2013 - 2015,http://www.laricinaenergy.com/operations/germain.html,"[{""url"":""http://www.mining.com/laricina-looking-to-expand-germain-oilsands-project/"",""text"":""Nov 19, 2011 - Mining.com""}]",Laricina Energy Ltd.,false,,,,"Phase 2 of the Germain project will add an incremental 30,000-33,000 barrels per day of production capacity to the Commercial Demonstration Project. Project has been put on hold (March 2015)."
612,Greenview 2015 Forestry Trunk Road Upgrades,Infrastructure,Greenview M.D. No. 16,,"(54.007999420166, -118.61799621582)",,$5000000.00,Announced,,,"[{""url"":""http://www.dailyheraldtribune.com/2014/12/16/md-of-greenview-finalizes-2015-budget"",""text"":""Dec 16, 2014 - Grade Prairie Daily Herald Tribune""}]",MD of Greenview,false,,,,
613,Valley Line LRT,Infrastructure,Edmonton,Edmonton,,"{ ""type"": ""LineString"", ""coordinates"": [ [-113.49471, 53.543166],[-113.493836, 53.543194],[-113.491701, 53.54335],[-113.489967, 53.54344],[-113.488465, 53.543531],[-113.483686, 53.544429],[-113.480862, 53.5449],[-113.478236, 53.544201],[-113.477506, 53.542991],[-113.477402, 53.542167],[-113.477163, 53.538635],[-113.478491, 53.537021],[-113.479303, 53.536525],[-113.479932, 53.536154],[-113.481198, 53.534964],[-113.481284, 53.534174],[-113.481188, 53.533616],[-113.480877, 53.533338],[-113.479836, 53.533141],[-113.479283, 53.533064],[-113.477465, 53.533208],[-113.476365, 53.533189],[-113.475609, 53.533083],[-113.474541, 53.532889],[-113.473018, 53.532509],[-113.471623, 53.531964],[-113.470014, 53.531767],[-113.457461, 53.531754],[-113.457407, 53.526225],[-113.456694, 53.52456],[-113.455991, 53.523839],[-113.455406, 53.522698],[-113.455353, 53.517847],[-113.455165, 53.517492],[-113.45509, 53.505502],[-113.454988, 53.505045],[-113.454822, 53.50479],[-113.454226, 53.504181],[-113.450314, 53.501365],[-113.450183, 53.501349],[-113.449951, 53.501345],[-113.44626, 53.501434],[-113.446105, 53.501424],[-113.445783, 53.501327],[-113.442536, 53.498434],[-113.442536, 53.495945],[-113.442509, 53.492588],[-113.442461, 53.492128],[-113.442444, 53.4883],[-113.442277, 53.486231],[-113.442272, 53.484661],[-113.44239, 53.484208],[-113.442444, 53.480715],[-113.442401, 53.479888],[-113.442293, 53.479547],[-113.442014, 53.479036],[-113.441703, 53.478608],[-113.441161, 53.478126],[-113.44041, 53.477568],[-113.439713, 53.477044],[-113.439413, 53.47667],[-113.43915, 53.476118],[-113.438946, 53.475505],[-113.439032, 53.475422],[-113.438871, 53.472897],[-113.438833, 53.472529],[-113.43871, 53.472114],[-113.438544, 53.471623],[-113.438308, 53.471016],[-113.435784, 53.46544],[-113.43509, 53.463998],[-113.434389, 53.462286],[-113.434341, 53.462095],[-113.434204, 53.461418],[-113.43407, 53.460814],[-113.434052, 53.460586],[-113.434022, 53.460226],[-113.434019, 53.459024],[-113.433134, 53.45823],[-113.430862, 53.458299] ] }",$1800000000.00,Announced,2016 - 2020,http://www.4lrt.com/,,City of Edmonton,false,,https://farm9.staticflickr.com/8676/16644556582_df9f76f1dd_b.jpg,Artist's rendering of Wagner Station on the Valley Line LRT.,Cost estimate is for line to Mill Woods and on to Lewis Farms in the west end. Proposed construction timeline is Mill Woods to Downtown. Planned construction start May 2016.
614,Watersedge Villas,Commercial / Retail and Residential,Sylvan Lake,,"(52.3109893798828, -114.105140686035)",,$16500000.00,Under Construction,2012 - 2014,www.watersedgesylvan.com,,Sylvan Lake Harbour Ltd.,false,,,,These townhome-style residential units are located next to the Marina in the new Watersedge lakeside development at Sylvan Lake.
615,Walleye SAGD Oil Sands Project,Oil Sands,Bonnyville M.D. No. 87,,"(54.547794342041, -110.879730224609)",,$450000000.00,Announced,2015 - 2016,,"[{""url"":""http://www.ogj.com/articles/2014/09/devon-canada-files-with-aer-for-walleye-oil-sands-project.html"",""text"":""Sept 5, 2014 - Oil and Gas Journal""}]",Devon NEC Corp. (Devon Canada / BP Canada),false,,,,"The Walleye steam-assisted gravity drainage project will include a central processing facility northwest of Cold Lake, and aims for a total bitumen production capacity of 9,000 barrels per day from the Lower General petroleum formation."
616,Bridgeland Crossings II Condos,Residential,Calgary,,"(51.048999786377, -114.040000915527)",,$35700000.00,Announced,,http://www.bridgelandcrossings.com/,"[{""url"":""http://www.calgaryherald.com/business/City+hopes+second+time+charm+Bridgeland+land+parcel/10359902/story.html"",""text"":""Nov 5, 2014 - Calgary Herald""}]",GableCraft Homes,false,,https://farm9.staticflickr.com/8648/16459120527_5811fe9629_b.jpg,"Bridgeland Crossings II Condo Apartment Building, courtesy of Apex City Homes. ",This 8 storey low-rise residential building is planning 143 units up to 1120 sq ft in size with completion in late 2016.
620,Strathcona 2015 Rural Roads Program,Infrastructure,Strathcona County,,"(53.773998260498, -113.069999694824)",,$6300000.00,Announced,,http://www.strathcona.ca/departments/transportation-and-agriculture-services/roads-maintenance/sustainable-rural-roads-master-plan/,"[{""url"":""http://www.sherwoodparknews.com/2014/12/01/rural-roads-to-be-widened-in-2015"",""text"":""Dec 1, 2014 - Sherwood Park News""}]",Strathcona County,false,,,,
621,Family Leisure Centre Expansion,Tourism / Recreation,Medicine Hat,,"(50.0414810180664, -110.677322387695)",,$36000000.00,Under Construction,2014 - 2016,http://www.city.medicine-hat.ab.ca/index.aspx?page=1059,"[{""url"":""http://www.infrastructure.gc.ca/media/news-nouvelles/2013/20130125medicinehat-eng.html"",""text"":""Jan 25, 2013 - Infrastructure Canada""}, {""url"":""http://medicinehatnews.com/news/local-news/2014/12/12/leisure-centre-expansion-ahead-of-schedule-right-now/"",""text"":""Dec 12, 2014 - Medicine Hat News""}]",City of Medicine Hat / MHPM Project Managers,false,Stuart Olson Dominion,,,"The expansion project will include a field house with two indoor soccer pitches, a walking/running track and gymnasium, expanded fitness and wellness facilities, a new recreational sports ice surface, synthetic turf,  as well as new change rooms and washrooms. Additional seating for the existing 50-metre swimming pool, including new change rooms and washroom facilities at the Methanex Bowl are part of this expansion."
623,Copperfield Park III Condos,Residential,Calgary,,"(50.9099998474121, -113.930000305176)",,$15700000.00,Announced,,http://www.copperfieldpark.com/,"[{""url"":""http://www.calgaryherald.com/entertainment/Young+singles+flocking+classy+Copperfield+Park+third+phase/10257191/story.html"",""text"":""Oct 1, 2014 - Calgary Herald""}]",Brad Remington Homes,false,,,,"The third building of this series in Copperfield, this low-rise condominium project plans 304 residential units in one to three bedroom configurations."
627,Woodland Pipeline Extension,Pipelines,Regional Municipality of Wood Buffalo,Edmonton,,"{ ""type"": ""LineString"", ""coordinates"": [ [ -111.303443, 56.070248 ], [ -113.351813, 53.561180 ] ] }",$1000000000.00,Under Construction,2013 - 2015,http://www.enbridge.com/WoodlandPipelineExtensionProject.aspx,"[{""url"":""http://www.albertaoilmagazine.com/2013/07/enbridge-to-build-new-1-3-billion-pipeline-to-serve-imperial-oils-kearl-oil-sands-project/"",""text"":""Jul 25, 2013 - Alberta Oil""}]",Enbridge Inc.,false,Enbridge Pipelines Inc.,,,"The Woodland Pipeline extension will run from Cheecham Terminal to Edmonton Terminal, which will extend the Woodland Pipeline and increase crude oil transporation capacity into the Edmonton area. The project will include a 388 km pipeline and two new pumps at Roundhill Station and Cheecham Terminal."
630,Royal View East Apartments,Residential,Calgary,,"(51.0671195983887, -114.08959197998)",,$33700000.00,Under Construction,2014 - 2015,,,Bentall Kennedy Canada LP,false,Graham Construction and Engineering,,,"A 22 storey highrise rental apartment tower currently under construction in Calgary""s Beltline."
634,Saleski Oil Sands Pilot Project Expansion,Oil Sands,M.D. of Opportunity No. 17,,"(56.0436820983887, -112.176849365234)",,$520000000.00,Announced,2015 - 2017,http://www.laricinaenergy.com/operations/saleski.html,"[{""url"":""http://www.calgaryherald.com/news/alberta/Laricina+Energy+abandons+plans+looks+fund+Saleski+project/10400207/story.html"",""text"":""Nov 20, 2014 - Calgary Herald""}, {""url"":""http://calgaryherald.com/business/energy/laricina-energy-shuts-down-oilsands-project-to-save-cash"",""text"":""Feb 26, 2015 - Calgary Herald""}]",Laricina Energy Ltd.,false,,,,"The expansion of the Saleski Oil Sands Pilot project will involve commercial scale production from the Gosmont Formation, using cyclic steam assisted gravity drainage (SAGD). Currently on hold."
636,Co - Housing Project,Residential,Calgary,,"(51.0533714294434, -114.054794311523)",,$7500000.00,Announced,2014 - 2015,,"[{""url"":""http://www.calgaryjournal.ca/index.php/uncategorised/2064-dragonfly-cohousing-alternative-to-traditional-housing-in-calgary"",""text"":""Feb 3, 2014 - Calgary Journal""}]",Dragonfly Cohousing,false,,,,
638,Morinville Recreation Facility,Tourism / Recreation,Sturgeon County,,"(53.8050003051758, -113.61799621582)",,$13800000.00,Announced,Commencing 2015,http://www.morinville.ca/index.php/arena-recreation-centre,"[{""url"":""http://morinvillenews.com/2014/12/01/open-house-to-address-towns-plan-for-arena-and-rec-facility/"",""text"":""Dec 1, 2014 - Morinville News""}]",Town of Morinville,false,,,,The new Morinville Recreation Facility is currently fundraising and undertaking feasibility studies.  A 77-acre parcel of land just east of the townsite has been identified.
639,Sage Hill Retirement Residence,Institutional,Calgary,,"(51.1737632751465, -114.141242980957)",,$21600000.00,Announced,2014 - 2015,http://allseniorscare.com/en/residences/ab/sage-hill-retirement-residence,,All Seniors Care Living Centres,false,,,,
641,"SH 799 Grade, Base and Pave 15768",Infrastructure,M.D. of Foothills No. 31,,,"{ ""type"": ""LineString"", ""coordinates"": [ [ -113.628845, 50.572063 ], [ -113.628724, 50.572065 ], [ -113.628746, 50.587617 ], [ -113.628746, 50.587698 ], [ -113.628764, 50.601066 ], [ -113.628769, 50.60128 ], [ -113.628769, 50.601371 ], [ -113.628777, 50.608547 ], [ -113.62875, 50.60933 ], [ -113.628756, 50.609616 ], [ -113.628753, 50.611014 ], [ -113.628754, 50.611709 ], [ -113.628771, 50.630405 ], [ -113.628777, 50.659391 ], [ -113.62878, 50.659513 ], [ -113.628792, 50.688665 ], [ -113.62881, 50.70639 ], [ -113.628841, 50.717798 ], [ -113.628893, 50.74694 ], [ -113.628899, 50.775768 ] ] }",$6400000.00,Announced,,,,Alberta Transportation,false,Border Paving,,,"Grade, base and Pave SH 799 from Hwy 23 to SH 552 plus jct SH 799 and 498 Ave / Twp Rd 192."
643,Christina Lake SAGD Project Phase 3,Oil Sands,Regional Municipality of Wood Buffalo,,"(55.6579437255859, -110.667015075684)",,$500000000.00,Announced,2015 - 2016,http://www.megenergy.com/operations/christina-lake-project,"[{""url"":""http://investors.snclavalin.com/en/news-releases-and-ir-calendar/news-releases/2179/"",""text"":""Aug 6, 2013 - SNC-Lavalin""}]",MEG Energy Corp.,false,SNC Lavalin,,,"Phase 3 of the Christina Lake steam assisted gravity drainage (SAGD) Project is a multi-phase project that proposed to add an addition 150,000 barrels per day of bitumen production capacity."
644,The Royal Condos,Commercial / Retail and Residential,Calgary,,"(51.0379981994629, -114.083000183105)",,$89100000.00,Announced,2015 - 2017,http://www.theroyallife.ca/,"[{""url"":""http://calgaryherald.com/business/real-estate/residential-condo-tower-part-of-new-mount-royal-village-development?__lsa=cd98-350a"",""text"":""Nov 24, 2014 - Calgary Herald""}, {""url"":""http://calgaryherald.com/life/homes/condos/condo-tower-set-to-deliver-the-royal-treatment"",""text"":""Feb 13, 2015 - Calgary Herald""}]",Embassy BOSA / First Capital Realty,false,,,,"A 34-storey condominium building planned near 9th Street and 16 Avenue SW in Calgary""s Mount Royal Village encompassing 223 units.  Sales will start early in 2015."
646,West End Sanitary Sewer Trunk Main,Infrastructure,Edson,,"(53.589900970459, -116.450996398926)",,$15200000.00,Announced,,,,Town of Edson,false,,,,Along highwy 16 from Rodeo Drive to 54 street.
651,Legacy Gate Condos,Residential,Calgary,,"(50.859001159668, -114.016998291016)",,$96700000.00,Announced,,,,Carlisle Group,false,,,,Includes buildings 1 and 2.
652,Main Street Revitalization Project Phases 3 and 4,Infrastructure,Wetaskiwin,,"(52.9662971496582, -113.375129699707)",,$6300000.00,Announced,,,,City of Wetaskiwin,false,,,,Pending funding. Part of a four phase project.
653,MacEwan Centre for Arts and Culture,Institutional,Edmonton,,"(53.5465087890625, -113.512199401855)",,$120000000.00,Under Construction,2014 - 2017,http://sites.macewan.ca/newcfac/,"[{""url"":""http://www.macewan.ca/wcm/MacEwanNews/GOV_FUNDING_FOR_NEW_BUILDING"",""text"":""Mar 12, 2014 - MacEwan University""}, {""url"":""http://metronews.ca/news/edmonton/1034468/macewan-centre-for-the-arts-and-culture-building-designed-with-downtown-in-mind/"",""text"":""May 14, 2014 - Metro News""}]",Grant MacEwan University,false,Clark Builders,https://farm8.staticflickr.com/7536/16057798741_0f9bb65647_b.jpg,MacEwan Centre for Arts and Culture. 2014-12-19 McEwan Arts by Darren Kirby is licensed under CC BY 2.0.,"This project will allow the university to consolidate its operations in the downtown core and allow for growth to more than 17,000 full-time equivalent students. The university currently serves over 19,000 full- and part-time students. The new five-story building will be home to the visual and performing arts programs and will provide modern teaching space to accommodate anticipated future growth. It will be built to LEED silver standards and connected to the rest of City Centre Campus by a pedway."
656,Borden Park Outdoor Pool,Tourism / Recreation,Edmonton,,"(53.5595893859863, -113.455032348633)",,$14500000.00,Announced,,http://www.edmonton.ca/activities_parks_recreation/borden-park-outdoor-pool.aspx,"[{""url"":""http://www.edmontonsun.com/2013/09/29/borden-park-pool-to-be-filtered-naturally"",""text"":""Sep 29, 2013 - Edmonton Sun""}]",City of Edmonton,false,,,,A redevelopment of an existing pool to allow natural filtering instead of using chlorine.  A full opening is expected in 2016. The new pool will be a skating rink in the winter.
665,Tolen Drive Bridge,Infrastructure,Regional Municipality of Wood Buffalo,,"(56.6833763122559, -111.348762512207)",,$8000000.00,Announced,,http://www.woodbuffalo.ab.ca/WebElements/2014%20Budget%20document/files/assets/basic-html/page209.html,,Regional Municipality of Wood Buffalo,false,,,,A replacement of a vehicular bridge over Saline Creek on Tolen Drive in Fort McMurray.
670,Northern Biodiesel Plant,Other Sectors,Lloydminster,,"(53.2806205749512, -110.008392333984)",,$100000000.00,Completed,2013 - 2015,,"[{""url"":""http://www.agcanada.com/daily/adm-confirms-biodiesel-plant-for-lloydminster-2"",""text"":""Nov 14, 2011 - AGCanada.com""}]",Northern Biodiesel Limited Partnership (Archer Daniels Midland Canada / Canadian Bioenergy Corp.),false,ADM Canada,,,A 265 million-litre capacity biodiesel plant in Lloydminster to help Canada fulfill a requirement of 2% biodiesel fuel of all diesel sold in Canada.
671,Polyethylene Facility Expansion,Other Sectors,Lacombe County,,"(52.3072776794434, -113.550148010254)",,$1000000000.00,Under Construction,2013 - 2016,www.novachem.com/Pages/company/joffre-expansion.aspx,"[{""url"":""http://www.canplastics.com/economy/nova-breaks-ground-at-joffre-alta-expansion/1002382578/"",""text"":""Jun 8, 2013 - Canadian Plastics""}, {""url"":""http://www.reddeeradvocate.com/news/Significant_impact_expected_from_Nova__198710961.html"", ""text"":""Mar 17, 2013 - Red Deer Advocate""}]",Nova Chemicals,false,Ledcor Projects Inc / Technip,https://farm8.staticflickr.com/7632/16803365830_515a2ea038_b.jpg,"Polyethylene Facility Expansion, courtesy of NOVA Chemicals.","This project will expand the polyethylene facilities at the Joffre Site, adding a world-scale polyethylene reactor which has been designed to produce 950-1,100 pounds of Linear Low Density Polyethylene. The project includes addition of a rail yard with room for 450 cars."
679,St. Margret's Manor Care Facility,Institutional,Calgary,,"(51.1618995666504, -114.119300842285)",,$17000000.00,Under Construction,2012 - 2015,,,Alberta Health and Wellness / Covenant Health,false,Clark Builders,,,
680,Kirby North Phase 1 Oil Sands Project,Oil Sands,Lac La Biche County,,"(55.3526382446289, -111.034446716309)",,$1450000000.00,Under Construction,2015 - 2016,,"[{""url"":""http://www.theglobeandmail.com/report-on-business/industry-news/energy-and-resources/canadian-natural-slashes-spending-projects-slower-growth/article22409855/"",""text"":""Jan 12, 2015 - The Globe and Mail""}]",Canadian Natural Resources Ltd. (CNRL),false,,,,"Phase 1 of the Kirby North project will use Steam Assisted Gravity Drainage to produce bitumen at an average rate of 40,000 barrels per day. This is the first of two planned phases."
698,Lions Park Dyke Phase 1,Infrastructure,Medicine Hat,,"(50.0400009155273, -110.676002502441)",,$8400000.00,Announced,2014 - 2015,,,City of Medicine Hat,false,Wilco Contractors Southwest,,,
701,Park Point Condos,Residential,Calgary,,"(51.0400009155273, -114.068000793457)",,$110000000.00,Under Construction,2015 - 2017,http://qualex.ca/tag/park-point/,"[{""url"":""http://www.calgarysun.com/2014/12/09/planned-park-point-condo-project-boasts-urban-luxury-in-calgarys-beltline"",""text"":""Dec 9, 2014""}]",Qualex - Landmark Group,false,,https://farm9.staticflickr.com/8724/16920795585_836019ddff_b.jpg,"Park Point Condos, courtesy of QUALEX-LANDMARK Group of Companies.","A 34-storey high rise condominium project looking over Central Memorial Park in Calgary""s Beltline neighbourhood including 287 residences.  Planned construction start is late 2015."
707,Pelican Lake Grand Rapids SAGD Oil Sands Project,Oil Sands,M.D. of Opportunity No. 17,,"(56.1427230834961, -113.589797973633)",,$2000000000.00,Announced,2014 - 2017,http://www.cenovus.com/operations/oil/pelican-lake.html,,Cenovus Energy Inc.,false,,,,Application approved. Phase B 2017 - 2021; Phase C 2020 - 2024.
719,51 Ave Redevelopment,Infrastructure,Bonnyville,,"(54.2680015563965, -110.738998413086)",,$5700000.00,Announced,,,"[{""url"":""http://www.bonnyvillenouvelle.ca/article/20150203/BNV0801/303029998"",""text"":""Feb 3, 2015 - Bonnyville Nouvelle""}]",Town of Bonnyville,false,,,,The project will include underground and road development carried out on a large stretch of 51 Ave from 46 Street to 50 Street. Tender for surface works closes April 7.
724,Confederation Way Upstream Sanitary Sewer Bypass,Infrastructure,Regional Municipality of Wood Buffalo,,"(56.7400016784668, -111.477996826172)",,$12000000.00,Announced,2015 - 2016,http://www.woodbuffalo.ab.ca/WebElements/2014%20Proposed%20Budget%20and%20Financial%20Plan/HTML/files/assets/basic-html/page113.html,,Regional Municipality of Wood Buffalo,false,,,,
733,The Corners I Condo,Residential,Edmonton,,"(53.5456275939941, -113.478782653809)",,$80000000.00,Announced,,,,BCM Developments Ltd.,false,,,,
738,Rocky View County Municipal Building,Infrastructure,Rocky View County,,"(51.2130012512207, -113.936996459961)",,$32000000.00,Announced,2015 - 2017,http://www.rockyview.ca/NewsEvents/News/tabid/145/Article/1042/The-New-Municipal-Building-Project.aspx,"[{""url"":""http://www.rockyview.ca/NewsEvents/News/tabid/145/Article/1002/Council-Approves-Next-Steps-in-New-Municipal-Building.aspx"",""text"":""Jul 15, 2014 - Rocky View County""}]",Rocky View County,false,,,,Replaces the existing building currently located in Calgary.
744,Bar V Nook Supportive Living Centre,Institutional,Smoky Lake,,"(54.117000579834, -112.468002319336)",,$7400000.00,Under Construction,2013 - 2015,,"[{""url"":""http://www.albertahealthservices.ca/9164.asp"",""text"":""Oct 3, 2013 - Alberta Health Services""}]",Alberta Seniors / Smoky Lake Foundation,false,,,,40 affordable supportive living spaces (including 20 dementia-specific spaces).
746,Bull Creek Wind Project,Power,M.D. of Provost No. 52,,"(52.4296989440918, -110.188003540039)",,$80000000.00,Announced,,http://www.bluearthrenewables.com/portfolio/bull-creek-wind-project/,,BluEarth Renewables,false,,,,Proposed capacity of 29 MW and up to 17 wind turbines.
754,Jubilee Centre Renovations,Tourism / Recreation,Regional Municipality of Wood Buffalo,,"(56.7267990112305, -111.379318237305)",,$7000000.00,Announced,,,,Regional Municipality of Wood Buffalo,false,Cormode and Dickson Construction,https://farm9.staticflickr.com/8594/16736860365_02c10dedc8_b.jpg,"Jubilee Centre Renovations 3rd and 5th Floors, courtesy of Regional Municipality of Wood Buffalo.",
755,Shaw Conference Centre Escalators,Infrastructure,Edmonton,,"(53.5417327880859, -113.486763000488)",,$12300000.00,Under Construction,,,,City of Edmonton,false,Lorac Construction,,,Tender closes April 16.
757,"Elementary / Jr High School, West Side",Institutional,Leduc,,"(53.2569999694824, -113.585998535156)",,$16400000.00,Announced,2015 - 2016,,,Alberta Infrastructure,false,,,,
758,Prescott Learning Centre,Institutional,Spruce Grove,,"(53.5622520446777, -113.860717773438)",,$17300000.00,Announced,2015 - 2016,,,Alberta Infrastructure,false,,,,K-9 School.
759,Evanston Elementary School,Institutional,Calgary,,"(51.1599998474121, -114.120002746582)",,$10500000.00,Announced,2015 - 2016,,,Alberta Infrastructure,false,APM Construction Services Ltd.,,,Grades K to 4.
761,Chemical Materials Engineering Bldg Reno,Infrastructure,Edmonton,,"(53.5281639099121, -113.529663085938)",,$23000000.00,Announced,2014 - 2015,http://www.facilities.ualberta.ca/Planning_Project_Delivery/ConstProjects.aspx,"[{""url"":""http://www.cme.engineering.ualberta.ca/en/NewsEvents/CMENews/2015/February/CMEBuildingRenovationsAwardedLEEDGold.aspx"",""text"":""Feb 5, 2015 - University of Alberta Faculty of Engineering""}]",University of Alberta,false,,,,"Modernizing CMEB, built in 1966, to become one of the highest rated green buildings on campus."
764,Park Place Meadow Ridge Seniors Village,Institutional,Medicine Hat,,"(49.9944458007813, -110.655418395996)",,$18500000.00,Under Construction,2014 - 2015,http://www.parkplaceseniorsliving.com/meadow-ridge,,Park Place Seniors Inc.,false,,https://farm8.staticflickr.com/7632/16948034382_8e72360a79_b.jpg,84 supportive living spaces for seniors and adults with disabilities.,80 supportive living spaces for seniors and adults with disabilities.
766,Grouse In Situ Oil Sands Project,Oil Sands,Lac La Biche County,,"(54.7685012817383, -111.920997619629)",,$1530000000.00,Announced,2015 - 2017,http://www.cnrl.com/operations/north-america/north-american-crude-oil-and-ngls/thermal-insitu-oilsands/grouse.html,"[{""url"":""http://www.ogj.com/articles/2012/05/cnrl-applies-for-in-situ-oil-sands-project.html"",""text"":""May 2, 2012 - Oil and Gas Journal""}]",Canadian Natural Resources Ltd. (CNRL),false,,,,"The Grouse Oil Sands Project will use steam assisted gravity drainage (SAGD) to produce bitumen at an average rate of 40,000 barrels per day."
767,Birchwood SAGD Oil Sands Project,Oil Sands,Regional Municipality of Wood Buffalo,,"(56.8241996765137, -112.15625)",,$510000000.00,Announced,,,,Marathon Oil Canada Corp.,false,,https://farm8.staticflickr.com/7603/16970789507_4855d1871a_b.jpg,Birchwood SAGD Oil Sands Project courtesy of Marathon Oil Canada Corp.,"The Birchwood Steam Assisted Gravity Drainage Oil Sands Project is a demonstration project with a capacity 12,000 barrels per day of bitumen."
777,Buena Vista Park and Laurier Park Upgrades,Tourism / Recreation,Edmonton,,"(53.5200004577637, -113.550003051758)",,$8100000.00,Announced,,http://www.edmonton.ca/city_government/projects_redevelopment/buena-vista-laurier-plan.aspx,"[{""url"":""http://www.630ched.com/2014/04/23/buena-vistalaurier-park-upgrades-approved/"",""text"":""Apr 23, 2014 - 630 CHED""}, {""url"":""http://globalnews.ca/news/1288086/two-popular-edmonton-parks-will-soon-see-renovations/"",""text"":"" Apr 23, 2014 - Global News""}]",City of Edmonton,false,,,,"Expands water access, introduces of new amenities, and enhances existing facilities."
781,York Creek Lodge Improvements,Institutional,Municipality of Crowsnest Pass,,"(49.6077995300293, -114.436996459961)",,$9100000.00,Announced,,http://www.crowsnestpass-seniorhousing.com/York-Creek-Lodge.html,"[{""url"":""http://www.passherald.ca/archives/141001/index3.htm"",""text"":""Oct 1, 2014 - Crowsnest Pass Herald""}]",Crowsnest Pass Senior Housing,false,,,,28 new units coupled with the conversion of the existing 49 units into 24 larger ones.
785,Nisku Industrial Building,Commercial / Retail,Leduc County,,"(53.3790016174316, -113.513999938965)",,$6900000.00,Announced,2015 - 2016,,,Nisku Industrial Coatings,false,Redco Construction,,,
794,Sturgeon Medical Arts Centre,Commercial / Retail,St. Albert,,"(53.6539611816406, -113.629867553711)",,$15000000.00,Announced,,,"[{""url"":""http://www.stalbertleader.com/2012/05/03/medical-centre-aims-to-address-doctor-shortage/"",""text"":""May 3, 2012 - St. Alberta Leader""}]",NorthWest Property Corp. (NWPC),false,,,,
795,South Fire Hall Replacement,Infrastructure,Cold Lake,,"(54.4655570983887, -110.174293518066)",,$12500000.00,Announced,,,"[{""url"":""http://www.coldlakesun.com/2012/05/01/city-buys-land-for-future-fire-hall"",""text"":""May 1, 2012 - Cold Lake Sun""}]",City of Cold Lake,false,,,,
796,Mistatim Industrial Buildings,Commercial / Retail,Edmonton,,"(53.5822792053223, -113.607551574707)",,$19300000.00,Under Construction,2014 - 2015,http://www.edmontonindustrialland.ca/,,I.G. Investment Management Ltd.,false,,,,
799,Picture Butte - Etzikom Coulee Transmission Line,Power,Picture Butte,County of Forty Mile No. 8,,"{""type"":""LineString"",""coordinates"":[[-112.779998779297,49.8759002685547,0.0],[-111.019996643066,49.6273002624512,0.0]]}",$160000000.00,Announced,2014 - 2015,,,AltaLink Management Ltd.,false,,,,On hold.
801,Hilton Hotels East Village,Tourism / Recreation,Calgary,,"(51.046329498291, -114.052307128906)",,$75000000.00,Under Construction,2014 - 2015,http://www.calgarymlc.ca/explore-projects/east-village/master-plan,"[{""url"":""http://www.calgarysun.com/2014/01/16/east-village-continues-to-bloom"",""text"":""Jan 16, 2014 - Calgary Sun""}]",Widewaters Group,false,,,,300 room Hilton Garden Inn and Homewood Inn and Suites.
802,Coliseum LRT / Expo Centre Pedway,Infrastructure,Edmonton,,"(53.5699996948242, -113.459999084473)",,$30000000.00,Announced,,,"[{""url"":""http://www.cbc.ca/news/canada/edmonton/enclosed-pedway-upgraded-coliseum-lrt-station-could-cost-30m-1.2701743"",""text"":""Jul 9, 2014 - CBC News""}]",City of Edmonton,false,,,,Enclosed pedway linking Expo Centre to southern end of Coliseum LRT Station.
805,Medivest Professional Medical Centre,Commercial / Retail,Calgary,,"(51.067195892334, -114.064949035645)",,$7000000.00,Under Construction,2014 - 2015,www.medivest.ca/,,Cushman Wakefield,false,,,,"72,000 square feet of medical office space."
806,Rainbow Lake Airtanker Base Upgrade,Infrastructure,Rainbow Lake,,"(58.5, -119.379997253418)",,$11700000.00,Announced,2014 - 2015,,,Alberta Transportation,false,Knelsen Sand and Gravel,,,Base upgrade and runway extension.
817,Copperfield and New Brighton Elementary Schools,Institutional,Calgary,,,"{ ""type"": ""MultiPoint"", ""coordinates"": [ [-113.930050,50.914794], [-113.954052,50.919312] ] }",$22000000.00,Announced,2015 - 2016,http://www.cbe.ab.ca/schools/building-and-modernizing-schools/Pages/copperfield-school.aspx or http://www.cbe.ab.ca/schools/building-and-modernizing-schools/Pages/new-brighton-elementary.aspx,,Alberta Infrastructure,false,,,,"K-4 schools, each with capacity for 600 students."
820,Bentley Condo,Residential,Edmonton,,"(53.5230712890625, -113.53295135498)",,$9600000.00,Under Construction,2014 - 2015,http://www.bentleycondos.ca/location/,,Yorkton Group,false,,https://farm8.staticflickr.com/7614/16733128308_5d16325061_b.jpg,"Bentley Condo, courtesy of Yorkton Group.",
822,Anthony Henday Drive NE Divided Roadway,Infrastructure,Edmonton,,,"{ ""type"": ""LineString"", ""coordinates"": [ [ -113.393950892644, 53.635155666245197, 0.0 ], [ -113.389060372968, 53.633938567851601, 0.0 ], [ -113.38597712978, 53.632857077130502, 0.0 ], [ -113.38197994720799, 53.631168895171903, 0.0 ], [ -113.36944600907501, 53.624016234917598, 0.0 ], [ -113.36272958940501, 53.619987555258, 0.0 ], [ -113.359326701849, 53.617526761402097, 0.0 ], [ -113.35717280316899, 53.615083021524498, 0.0 ], [ -113.355746625243, 53.613206363463597, 0.0 ], [ -113.35310472533, 53.607264544752603, 0.0 ], [ -113.347239583686, 53.592735622182097, 0.0 ], [ -113.346267283272, 53.590456549731599, 0.0 ], [ -113.345592531622, 53.588552999305101, 0.0 ], [ -113.34509194621199, 53.586986128165698, 0.0 ], [ -113.34457253900401, 53.584304745432398, 0.0 ], [ -113.344500013507, 53.579772462815399, 0.0 ], [ -113.344877088077, 53.5701208472396, 0.0 ] ] }",$1810000000.00,Under Construction,2012 - 2016,www.northeastanthonyhenday.com,,Alberta Transportation,false,,https://farm9.staticflickr.com/8623/16626737821_6335807f98_b.jpg,"Yellowhead Trail & Anthony Henday, courtesy of Flat Iron-Dragados-Aecon-Lafarge-Joint Venture","The project will include 18 km of reconstructed six and eight-lane divided freeway, 9 km of new six and eight-lane divided freeway, nine service interchanges, seven grade separations and twin river bridge structures. The 27 km northeast leg of the ring road will be free-flow (there will be no traffic lights on the freeway)."
831,Nanton Wastewater Treatment Plant,Infrastructure,Nanton,,"(50.3473014831543, -113.77799987793)",,$8500000.00,Announced,,http://www.nanton.ca/AlertCenter.aspx?AID=WasteWater-Plant-Update-7,"[{""url"":""http://lethbridgeherald.com/news/local-news/2015/01/10/water-plant-upgrade-approved-for-nanton/"",""text"":""Jan 10, 2015 - Lethbridge Herald""}]",Town of Nanton,false,,,,
833,Strathcona RCMP Expansion and Renovation,Infrastructure,Strathcona County,,"(53.5556983947754, -113.195999145508)",,$14600000.00,Under Construction,2014 - 2016,http://sk-aci.com/portfolio/strathcona-county-rcmp-detachment/,,Strathcona County,false,EllisDon Corporation,,,
838,Sherwood Park Freeway from 71 St to City Limits,Infrastructure,Edmonton,Edmonton,,"{ ""type"": ""LineString"", ""coordinates"": [ [ -113.43647, 53.517521 ], [ -113.436531, 53.517447 ], [ -113.431858, 53.516137 ], [ -113.430399, 53.515779 ], [ -113.428473, 53.515339 ], [ -113.42539, 53.514727 ], [ -113.424621, 53.514587 ], [ -113.42241, 53.514183 ], [ -113.421567, 53.514093 ], [ -113.421037, 53.514059 ], [ -113.420492, 53.514049 ], [ -113.420003, 53.514061 ], [ -113.41952, 53.514092 ], [ -113.418854, 53.514154 ], [ -113.417807, 53.514301 ], [ -113.416902, 53.514442 ], [ -113.415615, 53.514639 ], [ -113.414064, 53.514881 ], [ -113.412208, 53.515159 ], [ -113.410685, 53.515403 ], [ -113.409136, 53.515638 ], [ -113.407546, 53.515873 ], [ -113.406333, 53.516066 ], [ -113.405192, 53.516237 ], [ -113.404115, 53.516393 ], [ -113.403564, 53.516449 ], [ -113.403064, 53.516495 ], [ -113.402248, 53.516559 ], [ -113.401374, 53.516619 ], [ -113.400493, 53.51665 ], [ -113.397214, 53.516752 ], [ -113.394096, 53.516865 ] ] }",$5900000.00,Announced,,,,City of Edmonton,false,Park Paving,,,
840,Ultima Tower Condos,Residential,Edmonton,,"(53.5440864562988, -113.497955322266)",,$65000000.00,Under Construction,2012 - 2015,http://www.ultimatower.ca/thetower.html,,Westrich Pacific Corp.,false,,https://farm9.staticflickr.com/8601/16686377762_496937a243_b.jpg,Ultima Tower Condominiums. 2015-03-01 Ultima by Darren Kirby is licensed under CC BY 2.0.,
848,Imperial Refinery Site Cleanup,Other Sectors,Calgary,,"(51.0069999694824, -114.015998840332)",,$27000000.00,Announced,,,"[{""url"":""http://calgaryherald.com/news/local-news/city-teams-up-with-imperial-oil-in-27m-refinery-cleanup-plan"",""text"":""Jul 25, 2014 - Calgary Herald""}]",Imperial Oil / City of Calgary,false,,,,Cleanup of Imperial Oil's old refinery site in southeast Calgary.
852,Bud Miller Park Makeover,Tourism / Recreation,Lloydminster,,"(53.2668724060059, -110.038719177246)",,$8900000.00,Announced,Commencing 2012,http://www.lloydminster.ca/index.aspx?NID=278,"[{""url"":""http://www.meridianbooster.com/2012/06/05/big-changes-for-bud-miller"",""text"":""Jun 5, 2012 - Llodyminster Meridian Booster""}]",City of Lloydminster,false,Aspen Pride Construction,,,
859,Propane Dehydrogenation Facility,Other Sectors,Strathcona County,,"(53.7770004272461, -113.060997009277)",,$800000000.00,Announced,2015 - 2018,,"[{""url"":""http://www.fortsaskatchewanrecord.com/2014/09/02/plant-build-expected-to-employ-1000"",""text"":""Sep 2, 2014 - Fort Saskatchewan Record""}, {""url"":""http://www.theglobeandmail.com/globe-investor/williams-energy-to-tap-albertas-propane-for-plastics-plant/article9929163/"",""text"":""Mar 18, 2013 - The Globe and Mail""}, {""url"":""http://www.plant.ca/features/pdhs-propylene-potential/"",""text"":""Mar 13, 2014 - Plant""}]",Williams Energy,false,,,,The Alberta propane dehydrogenation (PDH) project will be developed in the Alberta Industrial Heartland on a 200-plus acre site. The facility will produce 1.1 billion pounds of polymer-grade propylene which will be delivered to an on-site processing plant to be converted into polypropylene.
863,Redevelopment of Two Health Centres,Institutional,Taber,Raymond,,"{ ""type"": ""MultiPoint"", ""coordinates"": [ [-112.164001464844,49.7840003967285], [-112.656997680664,49.4651985168457] ] }",$12400000.00,Under Construction,2014 - 2016,,,Alberta Infrastructure,false,,,,
865,Voyageur South Mine,Oil Sands,Regional Municipality of Wood Buffalo,,"(56.9439697265625, -111.61548614502)",,$4400000000.00,Announced,,http://www.suncor.com/en/about/5749.aspx,,Suncor Energy Inc.,false,,,,"The Voyageur South Mine is targeted to replace existing feed from Suncor?s North Steepbank Extension mine when it is depleted. The mine is expected to produce up to 250,000 barrels per day of bitumen during its estimated 28-year operational life. Integrated application to be filed in 2016."
867,Fort Calgary Expansion and Restoration,Tourism / Recreation,Calgary,,"(51.0439224243164, -114.04362487793)",,$36000000.00,Under Construction,Commencing 2014,http://www.fortcalgary.com/makehistory/our-plans.html,"[{""url"":""http://www.calgaryherald.com/Fort+Calgary+plans+massive+makeover+2015/7320945/story.html"",""text"":""Sept 28, 2012 - Calgary Herald""}]",City of Calgary,false,,,,"Stage 1: Deane House restoration and Hunt House conservation. Stage 2: ""F"" Troop memorial exhibit. Stage 3 Interpretive Centre renovation and expansion."
870,Blackrod SAGD Oil Sands Project Phase 1,Oil Sands,Lac La Biche County,,"(55.6349983215332, -112.71900177002)",,$802000000.00,Announced,2014 - 2016,http://www.blackpearlresources.ca/s/Blackrod.asp,"[{""url"":""http://www.platts.com/latest-news/oil/calgary/alberta-firm-moves-on-with-new-80000-bd-oil-sands-6968665"",""text"":""Dec 31, 2012 - Platts""}]",BlackPearl Resources Inc.,false,"WorleyParsons (FEED), Projex (engineering)",,,"Phase 1 of the Blackrod Oil Sands Project will have an expected production of 20,000 barrels per day. The completed commercial development is expected to produce 80,000 barrels per day."
871,Fox Towers,Residential,Edmonton,,"(53.5435600280762, -113.499786376953)",,$42000000.00,Under Construction,2012 - 2017,http://foxtowers.ca/,"[{""url"":""http://www.edmontonjournal.com/business/commercial-real-estate/2020+vision+What+will+downtown+Edmonton+look+like+decade/10198815/story.html"",""text"":""Sept 15, 2014 - Edmonton Journal""}]",Langham Developments,false,Graham Construction and Engineering,https://farm9.staticflickr.com/8592/16686374262_eb901de4c0_b.jpg,The Fox Condos. Creative Commons 2015-03-01 Fox II by Darren Kirby is licensed under CC BY 2.0.,"Fox One: 142 units, Fox Two: 169 units."
874,Aspen Meadows Buildings 5 and 6,Residential,Edmonton,,"(53.4810791015625, -113.376571655273)",,$12000000.00,Announced,Commencing 2012,,,Landmark Urban Living,false,,,,Building 6 will feature 192 units. Building 5 complete.
878,NAIT Centre for Applied Technologies,Institutional,Edmonton,,"(53.5707092285156, -113.503456115723)",,$130000000.00,Under Construction,2013 - 2016,http://www.nait.ca/55751.htm,"[{""url"":""http://www.nait.ca/44779_91885.htm"",""text"":""Aug 29, 2013 - NAIT""}]",Northern Alberta Institute of Technology (NAIT),false,Clark Builders,,,"Building will house JR Shaw School of Business, School of Health Sciences and Applied Building Sciences."
879,Schulich School of Engineering Phase 2,Institutional,Calgary,,"(51.0750045776367, -114.128608703613)",,$158000000.00,Under Construction,2014 - 2016,http://schulich.ucalgary.ca/about-schulich/schulich-expansion-and-renovation-project,,The University of Calgary,false,EllisDon Corporation,,,Phase 2 of 3 of the renewal and expansion of the Engineering Complex at the University of Calgary.
880,Singhmar Centre for Learning,Institutional,Edmonton,,"(53.5438766479492, -113.50609588623)",,$190000000.00,Announced,2015 - 2018,http://www.norquest.ca/about-us/campuses-maps/singhmar-centre-for-learning.aspx,"[{""url"":""http://www.edmontonsun.com/2014/11/19/25-million-donation-from-edmonton-couple-to-norquest-college"",""text"":""Nov 19, 2014 - Edmonton Sun""}]",NorQuest College,false,,,,"Part of NorQuest College's downtown expansion, the Centre features labs, a daycare, a library, food services, and student activity spaces. Planned construction start May 2015."
881,Stony Valley Project,Other Sectors,Barrhead County No. 11,,"(54.2970008850098, -114.919998168945)",,$12000000.00,Announced,2015 - 2016,,"[{""url"":""http://www.barrheadleader.com/article/20140527/BAR0801/305279995/-1/bar08/planners-say-yes-to-stony-valley-project"",""text"":""May 27, 2014 - The Barrhead Leader""}]",Stony Valley Contracting Ltd.,false,,,,"Extraction and crushing will take place on a 551 acre area, with the project to be phased in over the next 30 years."
882,Hyatt Place Hotel,Tourism / Recreation,Edmonton,,"(53.5439910888672, -113.48193359375)",,$45000000.00,Under Construction,2014 - 2015,,"[{""url"":""http://www.edmontonjournal.com/Hyatt+open+another+hotel+west+Edmonton/10349362/story.html"",""text"":""Nov 3, 2014 - Edmonton Journal""}]",Shivam Developments,false,PCL Construction,,,"Located in The Quarters, the hotel will feature 14 floors and 220 rooms."
884,Rockyview Motorsports Park,Tourism / Recreation,Rocky View County,,"(51.2955284118652, -113.978477478027)",,$70000000.00,Announced,,www.rockyviewmotorsports.com/,,Rockyview Motorsports Park (RMP),false,,,,On hold. Project rejected by County council Jan 27.
886,Booth Centre Redevelopment,Institutional,Calgary,,"(51.0449523925781, -114.048522949219)",,$20000000.00,Announced,,,"[{""url"":""http://metronews.ca/news/calgary/1220873/education-residential-mix-eyed-for-calgarys-booth-centre-in-east-villlage/"",""text"":""Nov 23, 2014 - Calgary Metro""}]",Calgary Board of Education,false,,,,Conversion of Booth Centre for use by Chinook Learning Services.
889,Highway 2 and 41 Avenue SW Interchange,Infrastructure,Edmonton,,,"{ ""type"": ""MultiLineString"", ""coordinates"": [ [ [ -113.517560786289, 53.385157658417299, 0.0 ], [ -113.515897587957, 53.388325347334103, 0.0 ], [ -113.514457698458, 53.392106142115402, 0.0 ], [ -113.51335473426199, 53.394836608883303, 0.0 ], [ -113.512491722099, 53.3962010286523, 0.0 ], [ -113.50928797954001, 53.400979824112298, 0.0 ], [ -113.506645443566, 53.405501420978801, 0.0 ], [ -113.505381748434, 53.407464489789596, 0.0 ] ], [ [ -113.500171608467, 53.406489324190701, 0.0 ], [ -113.50229254855699, 53.403865761721597, 0.0 ], [ -113.50504769809901, 53.401983135510399, 0.0 ], [ -113.507364416191, 53.400489674528103, 0.0 ], [ -113.509492364121, 53.398993812532801, 0.0 ], [ -113.51067518804901, 53.397542513301403, 0.0 ], [ -113.511571104174, 53.396200399641003, 0.0 ], [ -113.51203477135699, 53.395078440382399, 0.0 ], [ -113.512650662561, 53.393648247559298, 0.0 ], [ -113.51295614855501, 53.3916503153863, 0.0 ], [ -113.513021966517, 53.389762170809099, 0.0 ], [ -113.513239016215, 53.388947262651001, 0.0 ], [ -113.514090471432, 53.387519995429301, 0.0 ], [ -113.516070145358, 53.384838044755099, 0.0 ] ], [ [ -113.498613158559, 53.395812591638503, 0.0 ], [ -113.506910278124, 53.395944844227898, 0.0 ], [ -113.51068118001901, 53.396020140091998, 0.0 ], [ -113.515066013698, 53.396074761210002, 0.0 ], [ -113.518514734718, 53.395920253925901, 0.0 ], [ -113.524036023542, 53.395847675814601, 0.0 ] ], [ [ -113.510512121529, 53.399153997493897, 0.0 ], [ -113.511708195484, 53.398535691439299, 0.0 ], [ -113.513056104103, 53.398266770855997, 0.0 ], [ -113.514309424115, 53.397968086427298, 0.0 ], [ -113.515135662451, 53.397578362896901, 0.0 ], [ -113.51553880154199, 53.396983372072, 0.0 ], [ -113.515507918493, 53.396497270283703, 0.0 ], [ -113.515521011416, 53.3960543824819, 0.0 ] ], [ [ -113.50501175063, 53.395914633435702, 0.0 ], [ -113.50729348333201, 53.396280556856901, 0.0 ], [ -113.50818634429901, 53.396720292387698, 0.0 ], [ -113.508597405581, 53.397268289818001, 0.0 ], [ -113.50871778430501, 53.397926941658604, 0.0 ], [ -113.508399121198, 53.398837253576197, 0.0 ], [ -113.507944083159, 53.3995458587586, 0.0 ], [ -113.507364416191, 53.400489674528103, 0.0 ] ], [ [ -113.512727288961, 53.3931471162511, 0.0 ], [ -113.512210062983, 53.3937419098147, 0.0 ], [ -113.511383873301, 53.394131613668499, 0.0 ], [ -113.51051786775101, 53.394292241794098, 0.0 ], [ -113.50941096308399, 53.394506999364403, 0.0 ], [ -113.509019743165, 53.394759258938201, 0.0 ], [ -113.508714092921, 53.395298302859302, 0.0 ], [ -113.50879572712, 53.395982507037701, 0.0 ] ], [ [ -113.51625991051699, 53.396021284458101, 0.0 ], [ -113.51482003352, 53.395660137124104, 0.0 ], [ -113.5144975045, 53.395313264526699, 0.0 ], [ -113.514289442159, 53.394424954313102, 0.0 ], [ -113.514415836899, 53.393540806095999, 0.0 ], [ -113.51435083405001, 53.392370708781797, 0.0 ] ], [ [ -113.51242368132699, 53.396302532494502, 0.0 ], [ -113.512378636191, 53.396783290538899, 0.0 ], [ -113.512496042839, 53.397336233416603, 0.0 ], [ -113.512844741674, 53.397626530164402, 0.0 ], [ -113.513576667273, 53.397707133538198, 0.0 ], [ -113.514211097599, 53.397643542845003, 0.0 ], [ -113.514424585212, 53.397401097475999, 0.0 ], [ -113.514549829629, 53.397239254493201, 0.0 ], [ -113.514543772496, 53.396922588872997, 0.0 ], [ -113.51433347807701, 53.396582956596298, 0.0 ], [ -113.514018223916, 53.396313505638197, 0.0 ], [ -113.513546062408, 53.396134013558999, 0.0 ], [ -113.51312181519999, 53.396050562550499, 0.0 ] ], [ [ -113.510389042711, 53.396014311075199, 0.0 ], [ -113.509642146102, 53.395881089376203, 0.0 ], [ -113.509273550336, 53.3956722353239, 0.0 ], [ -113.509235159375, 53.3953041023832, 0.0 ], [ -113.509471449356, 53.3948985488502, 0.0 ], [ -113.50985359212299, 53.394719492701299, 0.0 ], [ -113.51052249604101, 53.394646139509597, 0.0 ], [ -113.511099592505, 53.3947554643552, 0.0 ], [ -113.51138065997699, 53.3950244969704, 0.0 ], [ -113.511643940032, 53.395313732325, 0.0 ], [ -113.51163467815, 53.395579144333098, 0.0 ], [ -113.511611116921, 53.396103581208202, 0.0 ] ] ] }",$146000000.00,Under Construction,2014 - 2015,http://www.edmonton.ca/transportation/road_projects/qe-2-hwy-41-avenue-interchange.aspx,"[{""url"":""http://www.edmontonsun.com/2013/02/20/city-to-spend-205-million-in-land-acquisitions-for-edmonton-interchange"",""text"":""Feb 20, 2013 - Edmonton Sun""}]",City of Edmonton,false,Alberco Construction / Prairie Roadbuilders,,,Partial cloverleaf interchange converts 41 Ave SW into a continuous corridor with full access to Highway 2.
897,SPCA Building,Other Sectors,Medicine Hat,,"(50.036922454834, -110.697074890137)",,$6400000.00,Announced,,,"[{""url"":""http://www.cjcyfm.com/news-and-info/medicine-hat-news/spca-hoping-to-build-new-home-for-animals/"",""text"":""Aug 29, 2012 - CJCY""}]",City of Medicine Hat / Medicine Hat SPCA,false,,,,"Proposed two storey, 20,000 sq ft building to replace the existing 8,000 sq ft location."
899,Fort Edmonton Park Expansion,Tourism / Recreation,Edmonton,,"(53.5014381408691, -113.581733703613)",,$150000000.00,Announced,2014 - 2017,http://www.fortedmontonpark.ca/1920-street/1920s-midway-exhibition-expansion-is-on-the-horizon/,"[{""url"":""http://www.cbc.ca/news/canada/edmonton/150m-expansion-proposed-for-fort-edmonton-park-1.2677082"",""text"":""Jun 16, 2014 - CBC News""}]",Fort Edmonton Park Management Co.,false,,,,"Hotel expansion, Midway expansion and Indigenous People""s Experience, as well as utility upgrades. Proposed to be completed in time for Canada""s 150th birthday."
902,Bonnybrook Wastewater Treatment Plant Upgrade,Infrastructure,Calgary,,"(51.0104179382324, -114.02490234375)",,$126100000.00,Announced,2014 - 2018,,"[{""url"":""http://www.calgarysun.com/2014/02/26/calgary-council-committee-backs-126-million-expansion-to-bonnybrook-waste-water-plant"",""text"":""Feb 26, 2014 - Calgary Sun""}]",City of Calgary,false,Graham Infrastructure,,,"Upgrades to Secondary Plant B, Secondary Plant C and dissolved air flotation facility."
903,The Guardian North,Residential,Calgary,,"(51.0429801940918, -114.055145263672)",,$72500000.00,Under Construction,2013 - 2015,www.theguardiancalgary.com,"[{""url"":""http://www.calgaryherald.com/Guardian+South+Calgary+tallest+residential+tower/9843622/story.html"",""text"":""May 14, 2014 - Calgary Herald""}]",Hon Towers Ltd.,false,Axiom Builders Inc,,,"The 44 storey, 308 unit North Tower will be Calgary""s tallest residential building."
904,Centrifuge Plant for Mature Fine Tailings,Oil Sands,Regional Municipality of Wood Buffalo,,"(57.0439987182617, -111.640998840332)",,$1900000000.00,Under Construction,2012 - 2015,,"[{""url"":""http://www.fortmcmurraytoday.com/2012/11/22/syncrude-launches-new-centrifuge-plant"",""text"":""Nov 22, 2012 - Fort McMurray Today""}]",Syncrude Canada Ltd.,false,,,,Multi-year project with planned completion first half 2015. Module fabrication KBR Industrial Canada.
906,Sasol Natural Gas to Liquid Refinery,Oil and Gas,Strathcona County,,"(53.7508354187012, -113.124084472656)",,$12500000000.00,Announced,Commencing 2017,,,Sasol Canada,false,,,,On hold.  FEED study delayed.
914,CASA Centre Redevelopment,Institutional,Edmonton,,"(53.4986724853516, -113.504592895508)",,$17800000.00,Announced,2015 - 2016,http://www.casaservices.org/casa-centre-redevelopment-project-information or http://manascisaac.com/work/casa-centre-redevelopment/,,CASA Services,false,Clark Builders,,,"Replacing the existing 60 year old building, the new facility will include an additional 10,000 square feet, providing more services for children, adolescents, and their families."
916,Pike Oil Sands Project,Oil Sands,Lac La Biche County,,"(55.4448089599609, -110.82445526123)",,$3800000000.00,Announced,2016 - 2018,,"[{""url"":""http://www.calgaryherald.com/business/Devon+wins+approval+Pike+oilsands+project/10339621/story.html"",""text"":""Oct 29, 2014 - Calgary Herald ""}]",Devon NEC Corp. (Devon Canada / BP Canada),false,,,,Proposed for development in three phases by 2020. Application filed June 2012. Regulatory approval expected in 2015. Construction schedule is for phase 1.
921,"New Schools Terwilligar Heights, Lewis Farms",Institutional,Edmonton,,"(53.4468955993652, -113.575752258301)",,$48200000.00,Announced,2015 - 2017,https://www.ecsd.net/SchoolProfiles/related-information/Pages/Our-New-Schools.aspx,"[{""url"":""http://news.epsb.ca/2013/10/heritage-valley-and-terwillegar-heights-school-site-sign-unveilings/"",""text"":""Oct 28, 2013 - Edmonton Public Schools""}]",Alberta Infrastructure,false,Clark Builders,,,Terwillegar Heights: K-9 with capacity for 900 students. Lewis Farms: K-9 with capacity for 900 students.
922,Cement Plant Expansion,Commercial / Retail,M.D. of Bighorn No. 8,,"(51.05859375, -115.166442871094)",,$500000000.00,Announced,,,,Lafarge Canada,false,,,,
924,Parsons Creek Community Health Centre,Institutional,Regional Municipality of Wood Buffalo,,"(56.759952545166, -111.44849395752)",,$28200000.00,Announced,,,,Alberta Infrastructure,false,,,,
926,MARK on 10th Condo,Residential,Calgary,,"(51.0435676574707, -114.08194732666)",,$61500000.00,Under Construction,2013 - 2015,http://www.qualex.ca/mark/,"[{""url"":""http://www.calgarysun.com/2012/12/28/luxurious-mark-on-10th-by-qualex"",""text"":""Dec 29, 2012 - Calgary Sun""}]",Qualex - Landmark Group,false,ITC Construction Group,https://farm8.staticflickr.com/7636/16298403964_19a4d0d062_b.jpg,"MARK on 10th Condo, courtesy of QUALEX-LANDMARK Group of Companies.","35 storey, 274 unit tower"
930,Magrath School Modernization,Institutional,Magrath,,"(49.4127006530762, -112.870002746582)",,$18000000.00,Announced,2015 - 2017,,"[{""url"":""http://www.westwindweekly.com/news/2014/04/03/architect_selected_for_magrath_modernization_project/"",""text"":""Apr 3, 2014 - Westwind Weekly News""}]",Westwind School Division,false,Ward Bros Construction,,,Modernization of existing facility.
932,University City Condos,Residential,Calgary,,"(51.084903717041, -114.130020141602)",,$55000000.00,Under Construction,2012 - 2015,http://www.universitycity.ca/,"[{""url"":""http://www.calgarysun.com/2013/05/03/university-city-makes-transit-easy"",""text"":""May 4, 2013 - Calgary Sun""}]",Metropia / Knightsbridge Homes / RioCan,false,ITC Construction Group,,,Condominium community will feature 5 buildings near Brentwood LRT station and the University of Calgary.
933,Backcountry Trail Remediation,Tourism / Recreation,Rocky View County,,"(50.9500007629395, -114.569999694824)",,$10000000.00,Announced,,http://alberta.ca/release.cfm?xID=36585436511D3-A03A-8CE2-F4EFF56DD4EFE601,"[{""url"":""http://www.rockyviewweekly.com/article/20140616/RVW0801/306169999/province-announces-10m-for-backcountry-trail-remediation"",""text"":""Jun 16, 2014""}]",Alberta Environment and Sustainable Resources Development,false,,,,"Remediation of southern Alberta""s backcountry trails that suffered erosion and other damage to bridges and amenities during the June 2013 flood."
940,Grande Prairie County 2015 Road Projects,Infrastructure,County of Grande Prairie No. 1,,"(55.2597274780273, -118.794479370117)",,$26000000.00,Announced,,http://www.countygp.ab.ca/EN/main/departments/public-works/road-contruction-projects.html,,County of Grande Prairie,false,,,,
942,Copperfield Park Building Apartment 2,Residential,Calgary,,"(50.9169998168945, -113.919998168945)",,$13400000.00,Announced,Commencing 2015,http://www.copperfieldpark.com/,"[{""url"":""http://www.calgaryherald.com/business/Prices+shine+Copperfield+Park/8401363/story.html"",""text"":""May 16, 2013 - Calgary Herald""}]",Brad Remington Homes,false,,,,
944,First Alliance Church Addition,Institutional,Calgary,,"(50.9379997253418, -113.97200012207)",,$7700000.00,Announced,,http://www.bkdi.com/CMS/index.php?option=com_contentandview=articleandid=129andItemid=132,,First Alliance Church,false,,,,Additional seating an amenities to the existing 6 year old campus
948,Grande Prairie Sewer Line,Infrastructure,Grande Prairie,,"(55.185001373291, -118.791000366211)",,$13800000.00,Announced,,,,Aquatera Utilities Inc.,false,,,,From Clairmont Lagoon to 116 St Sewer Main.
951,Indevelopments Group Office Building,Commercial / Retail,Calgary,,"(50.953369140625, -113.996116638184)",,$6300000.00,Announced,,,,Indevelopments Group,false,,,,
961,Renaissance ClubSport Hotel and Fitness Resort,Tourism / Recreation,Calgary,,"(51.0422019958496, -114.06037902832)",,$50000000.00,Announced,2015 - 2017,,"[{""url"":""http://www.newurbandevelopment.ca/Main/default/LongTopicDetail.aspx?id=78"",""text"":""Sept 27, 2012 - Calgary Herald""}]",Marriott International / New Urban,false,Clark Builders,,,"160,000 square foot hotel featuring 200 rooms, a 60,000 square foot fitness club and 55,000 square feet of retail space"
965,Bitumen Liquids Extraction Plant,Oil Sands,Regional Municipality of Wood Buffalo,,"(57.1834983825684, -111.640998840332)",,$500000000.00,Under Construction,2014 - 2015,,,Williams Energy,false,,,,"The Bitumen Liquids Extraction Plant will capture offgas produced at CNRL""s Horizon Oil Sands  Upgrader to extract, transport, fractionate, own and market natural gas liquids (NGLs) and olefins."
975,Cornerstone at Callaghan Apartment,Residential,Edmonton,,"(53.4056015014648, -113.531898498535)",,$14700000.00,Under Construction,Commencing 2014,,"[{""url"":""http://www.edmonton.ca/city_government/news/cornerstones-builds-new-apartment-housing-in-north-edmonton.aspx"",""text"":""Jun 7, 2011 - City of Edmonton""}]",Seymour Pacific Developments,false,,,,
976,Stanley A. Milner Library Renovations,Institutional,Edmonton,,"(53.5430107116699, -113.489761352539)",,$61500000.00,Announced,2016 - 2019,,"[{""url"":""http://globalnews.ca/news/1698838/epl-seeks-62m-for-renovations-to-stanley-a-milner-library/"",""text"":""Nov 28, 2014 - Global News""}]",City of Edmonton,false,,https://farm9.staticflickr.com/8659/16735788962_1e07b12326_b.jpg,"Stanley Milner Library Rehabilitation, courtesy of Architecture | Tkalcic Bengert and Teeple Architects Inc.","Renovations to upgrade the existing 50 year old public library. New exterior, asbestos removal, mechanical and electrical upgrades, and floor-to-ceiling second floor windows are all proposed."
979,Grand Rapids Pipeline Project,Pipelines,Regional Municipality of Wood Buffalo,Strathcona County,,"{ ""type"": ""LineString"", ""coordinates"": [ [  -111.722312, 56.777429 ], [ -113.072290, 56.616537 ], [ -112.476200, 55.242125 ], [ -112.951052, 54.326449 ], [ -113.318854, 53.554246 ] ] }",$3200000000.00,Under Construction,2014 - 2016,http://www.transcanada.com/grand-rapids.html,"[{""url"":""http://www.cbc.ca/news/canada/calgary/grand-rapids-pipeline-approved-by-alberta-energy-regulator-1.2795553"",""text"":""Oct 10, 2014 - CBC ""}]",Grand Rapids Pipeline Limited Partnership,false,Ledcor,,,"The Grand Rapids Pipeline system is expected to be placed in service in stages, with initial crude oil service by mid-2016. The full system will have an ultimate capacity to move up to 900,000 barrels per day of crude oil and 330,000 barrels per day of diluent. Alberta Energy Regulator approval October 2014."
981,Groat Road Bridge Replacement,Infrastructure,Edmonton,,"(53.5420913696289, -113.539184570313)",,$46500000.00,Under Construction,2013 - 2016,http://www.edmonton.ca/transportation/road_projects/102-avenue-over-groat-road-bridge-replacement.aspx,"[{""url"":""http://globalnews.ca/news/1418382/get-ready-for-closures-of-groat-road-and-102-avenue-bridge/"",""text"":""Jun 26, 2014 - Global News""}]",City of Edmonton,false,Graham Construction and Engineering,,,"Replacement of the existing 102nd Avenue / Groat Road bridge, built in 1910. The new bridge will span over 100 m and have 4 lanes, as well as larger sidewalks and bike lanes."
986,Malmo Plains Development,Residential,Edmonton,,"(53.5049476623535, -113.510185241699)",,$16000000.00,Announced,Commencing 2015,http://www.westcorp.net/development_malmo.php,"[{""url"":""x"",""text"":""y""}]",Westcorp Developments Inc.,false,,,,"Multi-phased development featuring townhouses (Phase 1), apartment buildings (phases 2 and 3), and seniors housing. Phases 2 and 3 will follow completion of Phase 1."
988,Aurora Hall and Crowsnest Hall,Institutional,Calgary,,"(51.0745964050293, -114.12068939209)",,$64000000.00,Under Construction,2014 - 2015,http://www.ucalgary.ca/residence/placestolive/newbuildings,"[{""url"":""http://www.ucalgary.ca/utoday/issue/2014-09-09/construction-update-new-residences-boost-capacity-and-student-life"",""text"":""Sept 9, 2014 - University of Calgary""}]",The University of Calgary,false,CANA Construction,,,"Two buildings intended for upper-year undergraduates and graduate students. Aurora will house 268 students, while Crowsnest will house 390."
989,Gas Plant Expansion,Oil and Gas,Ponoka County No. 3,,"(52.6366996765137, -114.240997314453)",,$210000000.00,Under Construction,2012 - 2015,https://www.keyera.com/titanweb/keyera/webcms.nsf/AllDocs/21E44CE5DC1B288787257AAD00659E81?OpenDocument#.VO4xSvnF98E,"[{""url"":""http://www.montrealgazette.com/business/Keyera+Rimbey+plant+expanding+pipeline+access+ability+handle+liquids+rich/9847721/story.html"",""text"":""May 15, 2014 - Montreal Gazette""}]",Keyara Corp.,false,Keyera Corp.,,,Installation of turbo expander unit plus pipeline construction.
993,Foster Creek Station Expansion,Pipelines,Regional Municipality of Wood Buffalo,,"(54.5704002380371, -110.568000793457)",,$10000000.00,Under Construction,2013 - 2016,http://www.interpipeline.com/news/news-releases.cfm?newsReleaseAction=viewandreleaseId=114,"[{""url"":""x"",""text"":""y""}]",Inter Pipeline Fund,false,Aecon Utilities / Robert B Somerville Co.,,,"Two new pump stations will be added to the Foster Creek production site, as well as the twinning of the existing pipeline extension."
994,Barrhead Regional Aquatic Centre,Tourism / Recreation,Barrhead,,"(54.1199989318848, -114.459999084473)",,$12800000.00,Announced,2015 - 2016,,"[{""url"":""http://www.whitecourtstar.com/2014/04/01/barrhead-county-votes-to-approve-aquatic-centre-project"",""text"":""Apr 1, 2014 - Whitecourt Star""}]",Town of Barrhead / County of Barrhead,false,,https://farm9.staticflickr.com/8677/16680025000_69a159e13e_b.jpg,"Aquatic Centre, courtesy of the Town of Barrhead.","To replace the previous swimming pool which is now closed.  Planned construction start May. Aquatic center will consist of new pool, hottub, and indoor access to argena."
1004,Rocky Ridge Recreation Facility,Tourism / Recreation,Calgary,,"(51.1500015258789, -114.230003356934)",,$93000000.00,Under Construction,2014 - 2017,http://www.calgary.ca/CSPS/Recreation/Pages/Research-and-development/About-the-new-Rocky-Ridge-recreation-facility.aspx,"[{""url"":""http://calgary.ctvnews.ca/construction-underway-at-site-of-rocky-ridge-recreation-centre-1.2055164"",""text"":""Oct 15, 2014 - CTV News""}]",City of Calgary,false,PCL Construction,https://farm8.staticflickr.com/7586/16578648737_03240963ca_b.jpg,"Rocky Ridge Recreation Centre, courtesy of the City of Calgary.","285,000 square foot facility that includes ice rinks, aquatics, gymnasiums, fitness centre, daycare, library, theatre, and exhibition space. To be operated by YMCA."
1005,Seton Recreation Facility,Tourism / Recreation,Calgary,,"(50.9831008911133, -113.951499938965)",,$70000000.00,Announced,,http://www.calgary.ca/CSPS/Recreation/Pages/Research-and-development/About-the-new-Seton-recreation-facility.aspx,"[{""url"":""http://www.calgarysun.com/2013/06/17/check-out-the-designs-for-proposed-calgary-rec-centres-in-rocky-ridge-quarry-park-and-great-plains"",""text"":""Jun 17, 2013 - Calgary Sun""}]",City of Calgary,false,,,,"330,000 square foot facility that includes a water park, competition lane pool, diving, ice rinks, gymnasiums, fitness centre, theatre, art space, and library. To be operated by YMCA."
1009,Polaris Expansion Narrows Lake Connection,Pipelines,Regional Municipality of Wood Buffalo,,"(55.6254997253418, -111.091003417969)",,$72000000.00,Under Construction,2013 - 2016,http://www.interpipeline.com/operations/new-projects.cfm,,Inter Pipeline Fund,false,Aecon Utilities / Robert B Somerville Co.,,,"Construction of 20 km of pipeline from Christina Lake to the Narrows Lake facility, providing 55,000 barrels per day of diluent capacity."
1010,Cold Lake Pipeline Twinning Foster Creek,Pipelines,Lac La Biche County,Bonnyville M.D. No. 87,,"{ ""type"": ""LineString"", ""coordinates"": [ [ -110.5680008, 54.57040024 ], [ -110.6279984, 54.4178009 ] ] }",$1200000000.00,Under Construction,2013 - 2016,http://www.interpipeline.com/operations/new-projects.cfm,"[{""url"":""http://www.cbj.ca/inter-pipeline-announces-completion-of-cold-lake-and-polaris-pipeline-expansion-projects/"",""text"":""complete??""}]",Inter Pipeline Fund,false,Aecon Utilities / Robert B Somerville Co.,,,This project will involve twinning the pipeline at Foster Creek station to La Corey station.
1017,Edmonton Office Tower,Commercial / Retail,Edmonton,,"(53.5458106994629, -113.494178771973)",,$300000000.00,Under Construction,2014 - 2016,http://www.wamdevelopment.com/projects/ead-office-tower/,"[{""url"":""http://globalnews.ca/news/1404353/edmonton-skyline-to-change-with-construction-of-new-tower/"",""text"":""Jun 19, 2014 - Global News""}]",Katz Group / WAM Development Group,false,PCL Construction,https://farm8.staticflickr.com/7649/16779028965_71397568f2_b.jpg,EAD Office Tower. March 2015 © WAM (RE) DEVELOPMENT MANAGEMENT LP used under license by the Ministry of Innovation and Advanced Education.,"New downtown office tower for City of Edmonton staff, who will occupy about half the building. Part of the arena district development. 62 Storeys, 1 000 000 sq ftmixed used office, retail and residental."
1024,Horizon Oil Sands Project Phase 2 and 3,Oil Sands,Regional Municipality of Wood Buffalo,,"(57.1834983825684, -111.640998840332)",,$2060000000.00,Under Construction,2012 - 2017,www.cnrl.com/operations/north-america/horizon-oil-sands/,,Canadian Natural Resources Ltd. (CNRL),false,EPC Technip,https://farm9.staticflickr.com/8628/16111779254_e8b576f749_b.jpg,"Horizon Oil Sands Project Phase 2 and 3, courtesy of Canadian Natural Resources Ltd. (CNRL).","Expansion of the Horizon oil sands project has been divided into three broad phases which are phase 1, phase 2 including phase 2A and Phase 2B, and phase 3. Phase 1 has been subdivided into Tranche 1, Reliability (Tranche 2) and Directive 74. Phases 1 and 2A are complete, Phase 2B will be completed in 2016 and Phase 3 in 2017."
1031,Trans Mountain Pipeline Expansion,Pipelines,Strathcona County,,,"{ ""type"": ""LineString"", ""coordinates"": [ [ -113.336027, 53.59250  ], [ -117.560450, 53.409765 ], [ -118.078181, 53.038455 ], [ -118.093427, 52.871841 ], [ -118.478635, 52.931172] ] }",$5400000000.00,Announced,2016 - 2018,http://www.transmountain.com/project-overview,"[{""url"":""http://www.cbc.ca/news/canada/calgary/kinder-morgan-hearings-scheduled-for-trans-mountain-pipeline-expansion-1.2596172"",""text"":""Apr 2, 2014 - CBC ""}]",Kinder Morgan Canada,false,,https://c4.staticflickr.com/8/7282/16461380629_81cde130aa_b.jpg,"Trans Mountain Pipeline Anchor Loop Project, courtesy Kinder Morgan Canada.","Trans Mountain is proposing an expansion of its current 1,150 km pipeline between Strathcona County, Alberta and Burnaby, BC. The proposed expansion would create a twinned pipeline that would increase the nominal capacity of the system from 300,000 barrels per day, to 890,000 barrels per day. Facilities application filed with National Energy Board December 2013."
1035,Brooks 1 Solar Power Plant,Power,County of Newell,,"(50.5771217346191, -111.865509033203)",,$10000000.00,Announced,,http://www.gtepower.com/?page_id=258,"[{""url"":""http://brooksinthenews.com/news/brooks-solar-power-plant-approved/"",""text"":""Feb 18, 2013 - The Brooks and County Chronicle""}]",GTE Power Corp.,false,,,,15 MW solar power facility on 65 acres of land.
1036,Reservoir and Pump Station,Infrastructure,Airdrie,,"(51.2788124084473, -114.019973754883)",,$12600000.00,Announced,,http://www.airdrie.ca/index.cfm?serviceID=1090andID=289,,City of Airdrie,false,,,,Construction of new reservoir and pump station
1049,Northern Courier Pipeline Project,Pipelines,Regional Municipality of Wood Buffalo,Regional Municipality of Wood Buffalo,,"{ ""type"": ""LineString"", ""coordinates"": [ [ -111.632619, 57.382200 ], [ -111.635218, 57.270503 ], [ -111.681910, 57.255464 ], [ -111.638823, 57.212496 ], [ -112.767388, 57.054899 ], [ -111.810865, 56.954428 ], [ -111.465139, 56.957002 ] ] }",$660000000.00,Under Construction,2014 - 2017,http://www.transcanada.com/northern-courier-pipeline-project.html,"[{""url"":""http://globalnews.ca/news/1468827/transcanada-northern-courier-line-approved/ "",""text"":""Jul 23, 2014 - Global News""}]",Northern Courier Pipeline GP Ltd.,false,TransCanada Corporation,,,"The Northern Courier Pipeline Project will be a 90 km pipeline system sued to transport bitumen and diluent products between the Fort Hills Mine and Bitumen Extraction Facility (Fort Hills) to Suncor""s East Tank Farm, north of Fort McMurray."
1050,Secondary Power Plant,Power,Medicine Hat,,"(50.0870018005371, -110.732002258301)",,$60000000.00,Announced,,,"[{""url"":""http://medicinehatnews.com/news/local-news/2014/12/13/60m-power-plant-could-be-on-council-table-by-spring/"",""text"":""Dec 13, 2014 - Medicine Hat News""}]",City of Medicine Hat,false,,,,"Proposed natural-gas turbine could produce enough energy to supply 14,000 homes."
1055,Network Upgrades (Fibre Optic Connections),Other Sectors,Drumheller,,"(51.4509010314941, -112.694999694824)",,$7500000.00,Under Construction,,,,Telus,false,,,,
1061,University of Lethbridge Destination Project,Institutional,Lethbridge,,"(49.6754951477051, -112.865928649902)",,$200000000.00,Announced,2016 - 2019,www.uleth.ca/featured-project/destination/index.php,"[{""url"":""http://www.uleth.ca/unews/article/destination-project-fundamentally-change-university-lethbridge#.VO5IWPnF98E"",""text"":""Nov 6, 2013 - University of Lethbridge""}]",University of Lethbridge,false,PCL Construction,https://farm8.staticflickr.com/7625/16690071869_a1456f8c69_b.jpg,"University of Lethbridge Destination Project, courtesy of the University of Lethbridge.","A three phase development that will see the creation of a new academic/science building, a central utility plant, and the revitalization of University Hall."
1072,Kathleen Andrews Transit Garage,Infrastructure,Edmonton,,"(53.6427536010742, -113.393768310547)",,$196000000.00,Announced,Commencing 2015,,"[{""url"":""http://www.edmontonjournal.com/Northeast+garage+could+spur+Fort+Road+redevelopment/10448416/story.html"",""text"":""Dec 7, 2014 - Edmonton Journal""}]",City of Edmonton,false,,,,"500,000 square foot transit garage with room for 300 buses and up to 700 drivers and employees."
1075,Water and Sewer Services to NE Red Deer,Infrastructure,Red Deer,,"(52.2973327636719, -113.803329467773)",,$22000000.00,Announced,,,,City of Red Deer,false,,,,
1085,Southcentre Mall Addition,Commercial / Retail,Calgary,,"(50.949649810791, -114.061569213867)",,$12000000.00,Announced,,,,Oxford Properties,false,,https://c1.staticflickr.com/9/8570/16639152406_51001d986a_c.jpg,"Southcentre Mall Addition, courtesy of Oxford Properties.",
1096,Lethbridge Community Equine College,Institutional,Lethbridge County,,"(49.8759002685547, -112.779998779297)",,$7500000.00,Announced,2014 - 2015,http://www.lethbridgeequinecollege.com/,"[{""url"":""http://www.albertafarmexpress.ca/2014/12/12/lethbridge-horseman-founds-first-equine-training-college-in-canada/"",""text"":""Dec 12, 2014 - Alberta Farmer Express""}]",Ernie Knibb,false,,,,"A private college for 120 equine students, the college will have the largest riding area in the Province, as well as three two-storey barns."
1097,Asooahum Centre,Residential,Red Deer,,"(52.2779998779297, -113.809997558594)",,$9500000.00,Announced,2015 - 2016,,"[{""url"":""http://www.reddeer.ca/whats-happening/news-room/news-archive/2014-news-archive/Nov-2014-news-archive/title-transfer-moves-asooahum-centre-toward-development.html"",""text"":""Nov 21, 2014 - City of Red Deer""}]",Red Deer Native Friendship Centre,false,Timcon Construction,,,"Cultural centre and affordable housing development, it will feature outdoor space for programs and cermonial uses, a community garden, office space, and interpretive elements. Construction planned to start in May."
1098,Cold Lake Energy Centre Phase 3,Tourism / Recreation,Cold Lake,,"(54.4500007629395, -110.199996948242)",,$28000000.00,Announced,Commencing 2016,,,City of Cold Lake,false,,,,
1102,"Highway 43 Grade, Base and Pave 10654",Infrastructure,County of Grande Prairie No. 1,County of Grande Prairie No. 1,,"{""type"":""LineString"",""coordinates"":[[-119.422996520996,55.2098007202148,0.0],[-119.144996643066,55.1549987792969,0.0]]}",$15300000.00,Announced,,,,Alberta Transportation,false,,,,
1110,Fort Chipewyan Water Treatment Plant Phase 1,Infrastructure,Regional Municipality of Wood Buffalo,,"(58.7169990539551, -111.154998779297)",,$22000000.00,Announced,2014 - 2015,,,Regional Municipality of Wood Buffalo,false,,https://farm9.staticflickr.com/8601/16735784752_a688e3f73f_b.jpg,"Water Treatment Plant Phase 1 Fort Chipewyan, courtesy of Regional Municipality of Wood Buffalo.",
1114,Brewery District (Molson Site Redevelopment),Commercial / Retail and Residential,Edmonton,,"(53.5479049682617, -113.531494140625)",,$18000000.00,Under Construction,2014 - 2015,www.anthemproperties.com,,First Capital Realty / Sun Life Assurance,false,,,,"Complex will consiste of house retail, grocery store, office space, restaurants. Anchore tenants Loblaws City Market."
1115,Brookfield Place Calgary Office Towers,Commercial / Retail,Calgary,,"(51.0473594665527, -114.065536499023)",,$1000000000.00,Under Construction,2013 - 2017,http://brookfieldofficeproperties.com/content/Calgary/Brookfield_Place_Calgary-6746.html,"[{""url"":""http://news.nationalpost.com/2013/10/30/skyscraper-arms-race-will-see-calgary-top-its-highest-skyscraper/"", ""text"":""Oct 30, 2013 - National Post""}, {""url"":""http://www.calgarysun.com/2013/10/30/construction-starts-on-brookfield-place-calgary-western-canadas-tallest-tower"",""text"":""Oct 30, 2013 - Calgary Sun""}]",Brookfield Properties Ltd.,false,EllisDon Corporation,,,"Brookfield Place Calgary is a full-block commercial development in downtown Calgary, built on the site of the former Calgary Herald building. The development, consisting of 2.4 million sq ft will include the tallest building in western Canada at 56 storeys and 247 metres tall, at the northeast corner of the block."
1117,Community Centre,Infrastructure,Slave Lake,,"(55.2874984741211, -114.766998291016)",,$17000000.00,Announced,2014 - 2015,,"[{""url"":""http://blog.transcanada.com/250000-targetted-for-slave-lake/"",""text"":""Jan 11, 2013 - TransCanada""}]",Regional Recovery Coordination Group,false,,,,"To be built on site of Elks Lodge. Daycare, playground, theatre/arts space, FireSmart info centre and renovated Elks Lodge"
1118,Leduc Civic Centre Repurposing,Institutional,Leduc,,"(53.2606048583984, -113.549102783203)",,$8000000.00,Under Construction,2014 - 2015,,"[{""url"":""http://www.leducrep.com/2013/02/28/council-turns-down-main-street-library-location"",""text"":""Mar 1, 2013 - Leduc Rep""}]",City of Leduc,false,Clark Builders,,,"A new library is being added to the existing Centre, with the old library being converted to office space for the city. Systems are also being upgraded to prolong the building""s life."
1131,Century Downs Racetrack and Casino,Tourism / Recreation,Rocky View County,,"(51.2209014892578, -113.988998413086)",,$24000000.00,Completed,2014 - 2015,http://centurydowns.cnty.com/,"[{""url"":""http://calgary.ctvnews.ca/new-race-track-and-casino-set-to-break-ground-1.1574728"",""text"":""Dec 4, 2013 - CTV News""}]",Century Casinos / United Horsemen of Alberta,false,Chandos Construction,,,"Casino featuring 550 gaming machines, bar, lounge, restaurant, as well as a 0.7 mile racetrack."
1138,Bonnyville 2015 Gravel Road Projects,Infrastructure,Bonnyville M.D. No. 87,,"(54.3499984741211, -110.709999084473)",,$15100000.00,Announced,,,,MD of Bonnyville,false,,,,
1142,Alberta Creative Hub,Commercial / Retail,Calgary,,"(50.9850006103516, -113.944999694824)",,$22800000.00,Announced,2014 - 2015,,"[{""url"":""http://www.calgaryherald.com/business/Long+awaited+Calgary+film+studio+open+2015+with+video/9468115/story.html"",""text"":""Feb 3, 2014 - Calgary Herald""}]",Calgary Economic Development,false,Lawson Projects and Pacifica Ventures,,,"Alberta Creative Hub Film Studio, Foothills Industrial Park"
1143,Calgary Urban Pipeline Replacement Project,Pipelines,Calgary,,,"{ ""type"": ""LineString"", ""coordinates"": [ [ -113.951977, 51.178800 ], [ -113.919619, 51.172545 ], [ -113.916486, 51.071304 ], [  -113.916486, 51.071304 ] ] }",$450000000.00,Announced,Completion by 2018,www.atcopipelines.com/upr,"[{""url"":""http://www.edmontonsun.com/2014/02/03/atco-going-ahead-with-pipeline-move-in-edmonton-and-calgary-neighbourhoods"",""text"":""Feb 3, 2014 - Edmonton Sun""}]",ATCO Pipelines,false,,,,The Urban Pipeline Replacement (UPR) Project will replace and relocate high-pressured natural gas pipelines located in densely populated areas of Calgary and Edmonton into the Transportation Utility Corridors surrounding both cities.
1144,Highway 43 Base and Pave 12355,Infrastructure,Greenview M.D. No. 16,Greenview M.D. No. 16,,"{ ""type"": ""LineString"", ""coordinates"": [ [ -117.161453, 54.73624 ], [ -117.161791, 54.736393 ], [ -117.163461, 54.73696 ], [ -117.166003, 54.737552 ], [ -117.167729, 54.737951 ], [ -117.169565, 54.738341 ], [ -117.169796, 54.737287 ], [ -117.165233, 54.736867 ], [ -117.16425, 54.736617 ], [ -117.1633, 54.73635 ], [ -117.162383, 54.736033 ], [ -117.1607, 54.735283 ], [ -117.159917, 54.734867 ], [ -117.159183, 54.734417 ], [ -117.156517, 54.732517 ], [ -117.150911, 54.728489 ], [ -117.137083, 54.71855 ], [ -117.13375, 54.716083 ], [ -117.128317, 54.712183 ], [ -117.1269, 54.711233 ], [ -117.121433, 54.707317 ], [ -117.119148, 54.705648 ], [ -117.1167, 54.7039 ], [ -117.116033, 54.7034 ], [ -117.115433, 54.702883 ], [ -117.1145, 54.70175 ], [ -117.1138, 54.70055 ], [ -117.110033, 54.6934 ], [ -117.108761, 54.691016 ], [ -117.101104, 54.676658 ], [ -117.091683, 54.658983 ], [ -117.085268, 54.646867 ], [ -117.070117, 54.61825 ], [ -117.069781, 54.6177 ], [ -117.069133, 54.6165 ], [ -117.068717, 54.615933 ], [ -117.068217, 54.615383 ], [ -117.06705, 54.614383 ], [ -117.066367, 54.613917 ], [ -117.050067, 54.604233 ], [ -117.049367, 54.603767 ], [ -117.04875, 54.603267 ], [ -117.0482, 54.602733 ], [ -117.047717, 54.6022 ], [ -117.047283, 54.601633 ], [ -117.04695, 54.601067 ], [ -117.04645, 54.599867 ], [ -117.045247, 54.596452 ], [ -117.042569, 54.588853 ], [ -117.0384, 54.577017 ], [ -117.037883, 54.57585 ], [ -117.037217, 54.5747 ], [ -117.025629, 54.558277 ], [ -117.0186, 54.54845 ], [ -117.017417, 54.546683 ], [ -117.015366, 54.543767 ], [ -117.014967, 54.5432 ], [ -116.998213, 54.5196 ], [ -116.995883, 54.516317 ], [ -116.989184, 54.506828 ], [ -116.979354, 54.492905 ], [ -116.97658, 54.488976 ], [ -116.97395, 54.48525 ], [ -116.972567, 54.483517 ], [ -116.971467, 54.482433 ], [ -116.965864, 54.477283 ], [ -116.960561, 54.472409 ], [ -116.959917, 54.471817 ], [ -116.948429, 54.461164 ], [ -116.92396, 54.438462 ], [ -116.9233, 54.43785 ], [ -116.922083, 54.436783 ], [ -116.920733, 54.435767 ], [ -116.919983, 54.4353 ], [ -116.9176, 54.43395 ], [ -116.9088, 54.429033 ], [ -116.90635, 54.427733 ], [ -116.901583, 54.425067 ], [ -116.89925, 54.4237 ], [ -116.89295, 54.420183 ], [ -116.891333, 54.419333 ], [ -116.890483, 54.41895 ], [ -116.888667, 54.418233 ], [ -116.88549, 54.417247 ], [ -116.87895, 54.415217 ], [ -116.862517, 54.410183 ], [ -116.858617, 54.40905 ], [ -116.858148, 54.408903 ], [ -116.850817, 54.4066 ], [ -116.810867, 54.394367 ], [ -116.809401, 54.393918 ], [ -116.8032, 54.391967 ], [ -116.794294, 54.389096 ], [ -116.793633, 54.388883 ], [ -116.791683, 54.3883 ], [ -116.789783, 54.387667 ], [ -116.7861, 54.386283 ], [ -116.784317, 54.385533 ], [ -116.78068, 54.384113 ], [ -116.75804, 54.375275 ], [ -116.752032, 54.372929 ], [ -116.741583, 54.36885 ], [ -116.739733, 54.368183 ], [ -116.736867, 54.367233 ], [ -116.725108, 54.363593 ], [ -116.712379, 54.359653 ], [ -116.701867, 54.3564 ], [ -116.690434, 54.352888 ], [ -116.678533, 54.349233 ], [ -116.671954, 54.347264 ], [ -116.668597, 54.346234 ], [ -116.660067, 54.343617 ], [ -116.654267, 54.341817 ], [ -116.651383, 54.340883 ], [ -116.64055, 54.33755 ], [ -116.6387, 54.336833 ], [ -116.63695, 54.336067 ], [ -116.624124, 54.329841 ], [ -116.614117, 54.324983 ], [ -116.612317, 54.324133 ] ] }",$9500000.00,Announced,,,,Alberta Transportation,false,Border Paving,,,"Hwy 43 from Little Smoky to Fox Creek, and from Fox Creek to east of SH 947 pave."
1145,Grovedale and DeBolt Fire Halls,Infrastructure,Greenview M.D. No. 16,,"(54.7000007629395, -119.014999389648)",,$8400000.00,Announced,,,"[{""url"":""http://www.mygrandeprairienow.com/6609/plans-for-new-fire-halls-in-grovedale-and-debolt-approved/"",""text"":""Jan 29, 2015 - My Grande Prairie Now""}]",MD of Greenview,false,,https://farm9.staticflickr.com/8651/16705283672_20d7f72fd1_b.jpg,"Fire Halls, Grovedale and DeBolt, courtesy of MD of Greenview.",
1149,Grayling Terrace Flood Recovery,Infrastructure,Regional Municipality of Wood Buffalo,,"(56.6969985961914, -111.362998962402)",,$10000000.00,Announced,,,,Regional Municipality of Wood Buffalo,false,,https://farm9.staticflickr.com/8568/16550747809_5206cc9b32_b.jpg,"Grayling Terrace Flood Recovery, courtesy of Regional Municipality of Wood Buffalo.",Flood recovery work and erosion control
1154,NexSource Centre,Tourism / Recreation,Sylvan Lake,,"(52.3066940307617, -114.095779418945)",,$33600000.00,Announced,2015 - 2016,http://nexsourcecentre.ca/,"[{""url"":""http://www.reddeerexpress.com/sports/Sylvan_Lakers_anticipate_new_multiplex_255494591.html"",""text"":""Apr 16, 2014 - Sylvan Lake Express""}]",Town of Sylvan Lake,false,Clark Builders,https://farm9.staticflickr.com/8582/16660520410_eb15c02f53_b.jpg,"NexSource Centre, courtesy of the Town of Sylvan Lake.","Multiplex will feature revitalized arena, additional ice surface, 5-sheet curling rink, meeting spaces, 3-lane running track, and a seniors centre. Planned site work start May."
1169,Henday Industrial Park Phase 1,Commercial / Retail,Edmonton,,"(53.5439987182617, -113.668998718262)",,$200000000.00,Announced,Commencing 2014,http://www.wamdevelopment.com/projects/henday-industrial-park/ or http://www.walton.com/en/our-communities/development/industrial,,WamDevelopment Group / Walton Development and Management,false,,https://farm9.staticflickr.com/8709/16592876479_653d933989_b.jpg,Henday Industrial Park. March 2015 © WAM (RE) DEVELOPMENT MANAGEMENT LP used under license by the Ministry of Innovation and Advanced Education.,"Phase 1 consists of 77 acres, featuring 21 building parcels ranging from 1.25 to 7.4 acres."
1176,Hillcrest Lodge Expansion,Institutional,Barrhead,,"(54.1218147277832, -114.390724182129)",,$11000000.00,Announced,,,"[{""url"":""http://www.barrheadleader.com/article/20140408/BAR0801/304089995/0/wesandtemplate=JQMArticle"",""text"":""Apr 8, 2014 - Barrhead Leader""}]",Barrhead and District Social Housing Association,false,,,,"Phase 1 will see 45 additional rooms built, as well as a new kitchen, dining room, and office. Phase 2 involves a further 45 rooms, including a dementia-specific wing, pending Provincial funding."
1182,"SH 754 Grade, Base and Pave 786911",Infrastructure,M.D. of Lesser Slave River No. 124,M.D. of Opportunity No. 17,,"{ ""type"": ""LineString"", ""coordinates"": [ [ -113.628845, 50.572063 ], [ -113.628724, 50.572065 ], [ -113.628746, 50.587617 ], [ -113.628746, 50.587698 ], [ -113.628764, 50.601066 ], [ -113.628769, 50.60128 ], [ -113.628769, 50.601371 ], [ -113.628777, 50.608547 ], [ -113.62875, 50.60933 ], [ -113.628756, 50.609616 ], [ -113.628753, 50.611014 ], [ -113.628754, 50.611709 ], [ -113.628771, 50.630405 ], [ -113.628777, 50.659391 ], [ -113.62878, 50.659513 ], [ -113.628792, 50.688665 ], [ -113.62881, 50.70639 ], [ -113.628841, 50.717798 ], [ -113.628893, 50.74694 ], [ -113.628899, 50.775768 ] ] }",$12200000.00,Announced,,,,Alberta Transportation,false,,,,"SH 754 pave from east of Hwy 88 to north of SH 813. Project includes grade, base and pave of safety rest area adjacent to east bound lane of Hwy 88."
1183,New Arena,Tourism / Recreation,Peace River,,"(56.2588500976563, -117.293006896973)",,$18000000.00,Announced,,http://peaceriver.ca/arena-design-plans-information/,"[{""url"":""http://www.prrecordgazette.com/2014/08/12/design-options-for-new-arena-discussed"",""text"":""Aug 12, 2014 - Whitecourt Star""}]",Town of Peace River,false,,,,Original plan was to renovate the existing Baytex Energy Centre. Change of project scope now includes a brand new arena to be built North of the existing one.
1185,Red Deer County 2015 Road Projects,Infrastructure,Red Deer County,,"(52.143180847168, -113.767715454102)",,$6000000.00,Announced,,http://www.rdcounty.ca/162/Roads,,Red Deer County,false,,,,
1186,Langdon Recreation Complex,Tourism / Recreation,Rocky View County,,"(50.9756011962891, -113.667999267578)",,$11000000.00,Announced,,http://www.langdonrecreationcentre.com/about-us.html,"[{""url"":""http://www.rockyviewweekly.com/article/20141110/RVW0801/311109987/-1/rvw/committee-working-to-bring-new-indoor-recreation-facility-to-langdon"",""text"":""Nov 10, 2014 - Rocky View Weekly""}]",Rocky View County,false,,,,"Phase 1 will focus on an indoor ice rink, fitness facility, and multi-purpose rooms and lease space. Future phases will focus on further expansion, such as a gymnasium, indoor fields, and aquatics."
1190,Cornerstone Fire Hall,Infrastructure,Calgary,,"(51.0957412719727, -114.035293579102)",,$16000000.00,Announced,,,"[{""url"":""http://www.cbc.ca/news/canada/calgary/cornerstone-community-in-n-e-calgary-marks-revival-of-grid-style-streets-1.2664738"",""text"":""Jun 4, 2014 - CBC News""}]",City of Calgary,false,,https://farm8.staticflickr.com/7655/16177455013_12acf4dde8_b.jpg,"Cornerstone Fire Hall, courtesy of S2 Architecture.",Part of the new Cornerstone community being planned in Northeast Calgary.
1194,SH 597 / SH 815 /  SH 605 Pave 12503,Infrastructure,Lacombe County,,"(52.3680000305176, -113.796997070313)",,$6700000.00,Announced,,,,Alberta Transportation,false,Border Paving,,,Pave SH 597 from west of Hwy 2 to west of Hwy 2A; SH 815 from SH 597 to south of Hwy 12 ; SH605 from SH 821 to west of Hwy 21.
1200,Emerald Hills Aquatic and Wellness Centre,Tourism / Recreation,Strathcona County,,"(53.564094543457, -113.279899597168)",,$24800000.00,Under Construction,2014 - 2016,http://www.strathcona.ca/departments/recreation-parks-and-culture/recreation-centres/emerald-hills-aquatic-centre/,"[{""url"":""http://www.sherwoodparknews.com/2014/10/10/new-swim-centre-set-for-2016"",""text"":""Oct 10, 2014 - Sherwood Park News""}]",Strathcona County,false,Graham Construction,,,"Facility will have a 6 lane pool, 4 lane pool with adjustable depth, children's pool, whirlpool, and steam room. The goal is for the facility to complement the existing Kinsmen Leisure Centre and Millennium Place."
1201,Avenue West End Condos,Residential,Calgary,,"(51.0491638183594, -114.084434509277)",,$50000000.00,Under Construction,2014 - 2016,www.avenuewestend.com,"[{""url"":""http://www.calgaryherald.com/business/tower+condo+development+planned+Calgary+downtown+west/9997472/story.html"",""text"":""Jul 2, 2014 - Calgary Herald""}]",Grosvenor Canada / Cressy Development Group,false,Cressy Development Corp,,,"Two towers with 18 and 24 floors, offering a total of 319 units."
1202,Northside Recreation Centre at Abrams Land,Tourism / Recreation,Regional Municipality of Wood Buffalo,,"(56.7402992248535, -111.458106994629)",,$193000000.00,Announced,2015 - 2018,http://www.onerecreation.ca/northside-community-recreation-centre,"[{""url"":""http://www.fortmcmurraytoday.com/2014/07/10/rrc-welcomes-northside-approval"",""text"":""Jul 10, 2014 - Fort McMurray Today""}]",Regional Municipality of Wood Buffalo,false,Clark Builders,https://farm9.staticflickr.com/8659/16710973326_a2fe6f48dd_b.jpg,"Northside Recreation Centre, Abram's Land, courtesy of Architecture | Tkalcic Bengert.",Phase 1: twin arena.
1203,Lethbridge Police Headquarters Expansion,Infrastructure,Lethbridge,,"(49.6980018615723, -112.846000671387)",,$16200000.00,Under Construction,2014 - 2016,http://www.lethbridge.ca/living-here/Projects-Initiatives/Proposed-Development/Pages/Police-Headquarters-Expansion.aspx,"[{""url"":""http://www.cjocfm.com/news-and-info/news/lethbridge-news/1-5-million-added-to-lethbridge-police-hq-expansion-project/"",""text"":""Oct 28, 2014 - CJOC""}]",City of Lethbridge,false,Dawson Wallace Construction,https://farm8.staticflickr.com/7611/16590084247_e1d1045388_o.jpg,"Lethbridge Regional Police HQ Expansion, courtesy of the City of Lethbridge.","Expansion will add 3,500 square metres of functional area, as well as increasing parking capacity to 300. The City predicts that the expansion will extend the life of the facility by 25 years."
1208,Exhibition Park Redevelopment,Tourism / Recreation,Lethbridge,,"(49.6839981079102, -112.800003051758)",,$90800000.00,Announced,2015 - 2018,http://www.exhibitionpark.ca/index.php/future-development-plans/,"[{""url"":""http://globalnews.ca/news/310797/redevelopment-planned-for-exhibition-park/"",""text"":""Nov 20, 2012 - Global News""}]",Exhibition Park,false,,,,"Phase 1 features the construction of a 250,000 square foot Trade and Convention Centre. Phase 2 is a 75,000 square foot Agriplex. Pending funding approvals."
1214,Box Springs Business Park Hotels and Restaurant,Tourism / Recreation,Medicine Hat,,"(50.0788078308105, -110.710319519043)",,$33500000.00,Under Construction,Commencing 2014,http://www.bsbp.ca/,,Canalta Real Estate,false,,,,"Construction of Hampton Inn by Hilton, another unnamed brand hotel, and a Boston Pizza restaurant."
1221,Medicine Hat Fire Station 2 Relocation,Infrastructure,Medicine Hat,,"(50.002269744873, -110.664237976074)",,$7300000.00,Announced,2015 - 2016,,"[{""url"":""http://chattelevision.ca/__news/official-proposal-to-relocate-fire-halls-is-tabled/"",""text"":""Jan 15, 2013 - Chat TV""}]",City of Medicine Hat,false,,,,Relocation of Fire Station 2 from Dunmore Rd to new building in vicinity of 13 St SE and Highway 1.
1224,Bowness HS Modernization,Institutional,Calgary,,"(51.0918006896973, -114.19930267334)",,$14700000.00,Announced,2015 - 2016,,,Alberta Infrastructure,false,Chandos Construction,,,
1230,Sepiko Kesik (Saleski East) Oil Sands Project,Oil Sands,M.D. of Opportunity No. 17,,"(56.6889991760254, -113.130996704102)",,$70000000.00,Announced,2016 - 2018,http://www.osumcorp.com/about-osum/core-areas/,"[{""url"":""http://www.bnn.ca/News/2013/7/8/Energy-sector-taps-bitumen-sticky-rival-to-oil-sands.aspx"",""text"":""Jul 8, 2013 - Business News Network""}]",Osum Oil Sands Corp.,false,,,,"Production capacity of 100,000 barrels per day."
1232,Edmonton Terminal Expansion Project Phase 2,Pipelines,Strathcona County,,"(53.5501365661621, -113.357772827148)",,$112000000.00,Announced,2015 - 2017,http://www.kindermorgan.com/business/canada/projects.aspx,"[{""url"":""http://boereport.com/2014/08/07/kinder-morgan-to-expand-the-edmonton-crude-oil-rail-terminal-now-under-construction/"",""text"":""Aug 7, 2014 - BOE Report""}]",Kinder Morgan Canada,false,,,,"Following Phase 1 which saw 10 new storage tanks added, Phase 2 will see the construction of 4 additional tanks which will have a capacity of 1.2 million barrels. Upon completion of Phase 2, the Edmonton Terminal will have a capacity of 9.4 million barrels."
1233,Edmonton River Valley Trail Extensions,Tourism / Recreation,Edmonton,Edmonton,,"{""type"":""MultiPoint"",""coordinates"":[ [-113.604582, 53.477075],[-113.370129, 53.585630] ] }",$12000000.00,Under Construction,2013 - 2016,http://www.edmonton.ca/city_government/documents/PDF/RVARelease.pdf,,City of Edmonton / River Valley Alliance,false,AECOM Canada,,,Addition of 5 km of paved and gravel trails in West Edmonton and 14 km of paved and gravel trails in Goldstick and Hermitage Parks in East Edmonton.
1236,Neufeld Landing,Residential,Edmonton,,"(53.4142189025879, -113.528907775879)",,$7000000.00,Under Construction,,https://www.hfh.org/builds/,"[{""url"":""http://globalnews.ca/news/697118/697118/"",""text"":""Jul 5, 2013 - Global News""}]",Habitat for Humanity,false,,,,Habitat for Humanity development that will house 64 families in the Rutherford Community.
1253,Lewis SAGD Oil Sands Project,Oil Sands,Regional Municipality of Wood Buffalo,,"(56.9906005859375, -110.935997009277)",,$65000000.00,Announced,,http://www.oakpointenergy.ca/resources/resources-overview.html,,Oak Point Energy Ltd.,false,,,,
1259,Thickwood SAGD Oil Sands Project,Oil Sands,Regional Municipality of Wood Buffalo,,"(56.7669982910156, -112.328002929688)",,$420000000.00,Announced,,http://www.grizzlyoilsands.com/operations/thickwood,"[{""url"":""http://www.ogj.com/articles/2012/12/grizzly-seeks-to-develop-thickwood-oil-sands.html"",""text"":""Dec 18, 2012 - Oil and Gas Journal""}]",Grizzly Oil Sands ULC,false,,,,"Phase 1 of the Thickwood Steam Assisted Gravity Drainage Oil Sands Project aims for a production capacity of 12,000 barrels per day. The project will include a plant with two 6,000 barrels per day processing units and four steam assisted gravity drainage (SAGD) well pads."
1267,Audet Lands Oil Sands Facility,Oil Sands,Regional Municipality of Wood Buffalo,,"(57.2999992370605, -110.699996948242)",,$550000000.00,Announced,,http://www.swenergy.ca/our-projects/audet-lands/,"[{""url"":""http://www.journalofcommerce.com/Home/News/2012/9/New-oilsands-facility-proposed-JOC051680W/"",""text"":""Sept 6, 2012 - Journal of Commerce""}]",Silverwillow Energy Corp.,false,,,,"This project involves a 12,000 barrel per day steam assisted gravity drainage (SAGD) project on Audet Lands."
1271,Hoole Grand Rapids SAGD Project Phase 1,Oil Sands,M.D. of Opportunity No. 17,,"(55.978199005127, -113.84400177002)",,$452000000.00,Announced,2014 - 2016,http://www.cavalierenergy.com/operations/hoole-grand-rapids/,"[{""url"":""http://www.ogj.com/articles/2012/12/paramounts-cavalier-applies-for-hoole-sagd-project.html"",""text"":""Dec 17, 2012 - Oil and Gas Journal""}]",Cavalier Energy Ltd.,false,,,,"Hoole Phase 1 is a commercial demonstration project to determine the viability of steam assisted gravity drainage (SAGD)  production from the Grand Rapids formation.  This initial phase aims for 10,000 barrels per day production of bitumen."
1278,Artists Quarters,Residential,Edmonton,,"(53.5451545715332, -113.482948303223)",,$30000000.00,Announced,,http://artshab.com/spaces/artists-quarters/,"[{""url"":""http://globalnews.ca/news/392387/edmonton-non-profit-groups-plan-for-downtown-artists-village/"",""text"":""Feb 13, 2013 - Global News""}]",Artists Urban Village / Arts Habitat Edmonton,false,,https://c1.staticflickr.com/9/8561/16644270911_655d3d9270_c.jpg,Artist's rendering of the Quarters in downtown Edmonton.,"Located in The Quarters, this development will feature 60 residential units combining live/work and/or separate studio options, single or family sized units, and equity or non-equity units. Tenure will be modeled after a cooperative structure."
1281,O'Chiese First Nation School,Institutional,Clearwater County,,"(52.6640014648438, -115.342002868652)",,$23500000.00,Under Construction,2014 - 2016,http://www.ochiese.ca/Essential-Programs/School/New-School-Project/,,O'Chiese First Nation,false,Penn-Co Construction Canada,,,
1289,Alura Condos,Residential,Calgary,,"(51.0399703979492, -114.060722351074)",,$44600000.00,Under Construction,2012 - 2015,http://www.aluraliving.ca/,"[{""url"":""http://www.torontosun.com/2011/09/23/cove-offers-downtown-alura"",""text"":""Sept 23, 2011 - Toronto Sun""}]",Cove Properties Ltd.,false,,https://farm9.staticflickr.com/8673/16450484727_390df5d5db_o.png,"Alura Apartment Building, courtesy of Cove Properties Ltd.",281 suites on 29 storeys. Alura is the final high-rise to be built on the Stampede Station lands.
1292,Calgary Cancer Centre,Institutional,Calgary,,"(51.0635986328125, -114.106086730957)",,$1200000000.00,Announced,2016 - 2020,http://www.infrastructure.alberta.ca/Calgarycancercentre.htm,,Government of Alberta / Alberta Cancer Foundation,false,,,,Project currently on hold.
1296,Auburn Walk Condos Building 2,Residential,Calgary,,"(50.8899993896484, -113.946998596191)",,$19700000.00,Announced,2015 - 2016,http://www.cardellifestyles.com/auburn-walk/,"[{""url"":""http://www.calgaryherald.com/business/Auburn+Walk+condos+offer+single+family+style/10298691/story.html"",""text"":""Oct 16, 2014 - Calgary Herald""}]",Cardel Lifestyles,false,,https://farm9.staticflickr.com/8614/16680409726_221f108bd6_b.jpg,"Auburn Walk Apartment Building 2, courtesy of Cardel Lifestyles.","Auburn Walk features 176 apartment-style condos, with building 2 having 88 units in total."
1298,Rocky View Business Park Building 3,Commercial / Retail,Calgary,,"(51.1705169677734, -113.964958190918)",,$16000000.00,Under Construction,2014 - 2015,,"[{""url"":""http://www.ramikie.com/blog/rocky-view-business-park-adding-more-than-400000-square-feet-in-three-buildings"",""text"":""Nov 28, 2012 - Calgary Commercial Properties""}]",Morguard Investments Ltd. / Verus Partners Canada,false,,,,Rocky View Business Park Building 3
1301,Trades and Technologies Facility,Institutional,Lethbridge,,"(49.6668014526367, -112.801902770996)",,$65000000.00,Under Construction,2014 - 2017,http://www.lethbridgecollege.ca/the-possibilities-are-endless/trades-and-technology-facility,"[{""url"":""http://www.cjocfm.com/news-and-info/news/lethbridge-news/groundbreaking-for-new-trades-technologies-renewal-and-innovation-project/"",""text"":""Apr 24, 2014 - CJOC""}]",Lethbridge College,false,Stuart Olson Dominion,,,"Part of the Trades Technologies Renewal and Innovation Project, the building will have 165,000 square feet and support more than 800 students at Lethbridge College across eight trades and four technology programs."
1302,Berm Construction,Infrastructure,Medicine Hat,,"(50.0400009155273, -110.689002990723)",,$30000000.00,Announced,Commencing 2015,,"[{""url"":""http://medicinehatnews.com/news/local-news/2014/11/26/berm-construction-schedule-laid-out/"",""text"":""Nov 26, 2014 - Medicine Hat News""}]",City of Medicine Hat,false,,,,"Construction of new berms, raised trails or retaining walls to serve as flood mitigation tools. Proposed to be built over three years in multiple phases."
1303,Lethbridge 43 Street North Upgrades,Infrastructure,Lethbridge,Lethbridge,,"{ ""type"": ""LineString"", ""coordinates"": [ [ -112.778927, 49.700447 ], [ -112.778913, 49.700404 ], [ -112.778826, 49.700439 ], [ -112.778846, 49.700461 ], [ -112.778915, 49.700563 ], [ -112.778781, 49.700666 ], [ -112.778733, 49.700703 ], [ -112.778951, 49.70127 ], [ -112.779014, 49.701492 ], [ -112.779259, 49.701885 ], [ -112.77928, 49.702072 ], [ -112.77929, 49.702268 ], [ -112.779277, 49.702466 ], [ -112.779264, 49.70258 ], [ -112.779211, 49.702858 ], [ -112.779147, 49.703301 ], [ -112.779108, 49.703612 ], [ -112.779062, 49.703953 ], [ -112.779022, 49.70499 ], [ -112.779006, 49.705424 ], [ -112.779003, 49.70551 ], [ -112.779008, 49.705995 ], [ -112.779028, 49.707927 ], [ -112.778986, 49.708786 ], [ -112.77898, 49.708934 ], [ -112.778946, 49.712497 ] ] }",$7200000.00,Under Construction,2014 - 2015,http://www.lethbridge.ca/living-here/Projects-Initiatives/Pages/43-Street-North-Project.aspx,"[{""url"":""http://lethbridgeherald.com/news/local-news/2014/09/25/crews-remain-busy-on-city-roadways/"",""text"":""Sept 25, 2014 - Lethbridge Herald""}]",City of Lethbridge,false,Degraaf Excavating,https://farm9.staticflickr.com/8723/16796275542_ba0aa3f8bd_b.jpg,"43 St North Upgrades, courtesy of the City of Lethbridge.",
1304,Louis St. Laurent School Modernization,Institutional,Edmonton,,"(53.478401184082, -113.518173217773)",,$22000000.00,Announced,2015 - 2016,,,Alberta Infrastructure,false,Delnor Construction,,,
1307,Jumping Pound Ridge Townhomes,Residential,Cochrane,,"(51.189998626709, -114.480003356934)",,$25000000.00,Announced,2014 - 2016,http://www.jumpingpound.com/,"[{""url"":""http://www.calgaryherald.com/Living+prices+easy+Cochrane/8797902/story.html"",""text"":""Aug 15, 2013 - Calgary Herald""}]",Slokker - West,false,,,,"139, 2 storey townhouse units"
1308,Calgary Parking Authority Building and Impound Lot,Infrastructure,Calgary,,"(51.0178031921387, -114.059265136719)",,$11000000.00,Announced,2015 - 2016,,,City of Calgary,false,PCL Construction,,,Demoliation of exisiting and construction of new office and parking areas.
1315,Residence Inn and Conference Centre,Tourism / Recreation,Calgary,,"(51.0436630249023, -114.072151184082)",,$100000000.00,Announced,2015 - 2017,http://www.silverbirchhotels.com/news/residence-inn-by-marriott-calgary-downtown/,"[{""url"":""http://www.calgarysun.com/2013/10/10/marriott-will-open-massive-new-hotel-and-conference-centre-in-calgarys-beltline-in-2016"",""text"":""Oct 10, 2013 - Calgary Sun""}]",Silverbirch Hotels and Resorts / Marriott,false,,,,"Residence Inn will feature 360 suite-style rooms. SilverBirch Conference Centre will be 10,000 sq ft and have the latest built-in technology such as high-definition event video conferencing."
1321,Grand Prairie Hospital Parkade,Infrastructure,Grande Prairie,,"(55.1727180480957, -118.791862487793)",,$38900000.00,Announced,2014 - 2017,http://www.albertahealthservices.ca/cp/ahs-cp-gp-community-update-fall-2013.pdf,"[{""url"":""http://www.dailyheraldtribune.com/2013/12/01/new-hospital-construction-on-track-for-2017-target"",""text"":""Decmber 1, 2013 - Grand Prairie Daily Herald-Tribune""}]",Alberta Infrastructure,false,,,,"Parkade with 1,100 stalls to be built adjacent to Regional Hospital site. Tender cancelled."
1327,Administration / Medical Building,Infrastructure,Three Hills,,"(51.7027015686035, -113.267997741699)",,$7300000.00,Announced,2014 - 2016,,"[{""url"":""http://threehillscapital.com/index.php/news/5094-ground-breaks-for-regional-medical-clinic-a-kneehill-county-administration-building"",""text"":""Nov 3, 2014 - Three Hills Capital""}]",Kneehill County,false,Shunda Consulting and Construction Management,,,"23,000 square foot joint County Administrion and medical space."
1330,Highway 1 Pave 12379,Infrastructure,Cypress County,Cypress County,,"{""type"":""LineString"",""coordinates"":[[-111.169998168945,50.2200012207031,0.0],[-110.849998474121,50.1119995117188,0.0]]}",$23900000.00,Announced,,,,Alberta Transportation,false,Lahrmann Construction,,,
1331,Sundre Seniors Lodge,Institutional,Mountain View County,,"(51.7970008850098, -114.639999389648)",,$26600000.00,Under Construction,2014 - 2016,http://www.mountainviewcounty.com/seniors,"[{""url"":""http://www.mountainviewgazette.ca/article/20140819/MVG0801/308199997/-1/mvg/council-gives-final-reading-to-sundre-lodge-financing-bylaw"",""text"":""Aug 19, 2014 - Mounta View Gazette""}]",Mountain View Seniors Housing,false,Shunda Consulting and Construction Management,,,"Facility including supportive living, lodge living and independent living units"
1333,VEN Condo,Residential,Calgary,,"(51.0584335327148, -114.084579467773)",,$16800000.00,Under Construction,2013 - 2015,,,Bucci Developments,false,,,,
1334,Saturn 2,Oil and Gas,Yellowhead County,,"(53.5583076477051, -116.777290344238)",,$170000000.00,Under Construction,2013 - 2015,http://www.pembina.com/media-centre/news-releases/news-details/?nid=135186,"[{""url"":""http://www.newswire.ca/en/story/1124413/pembina-pipeline-corporation-to-proceed-with-1-billion-expansion-of-ngl-infrastructure"",""text"":""Mar 5, 2013 - Newswire""}]",Pembina Pipeline Corp.,false,,,,"Twinning of Saturn 1 deep cut facility. Expected to extract 13,000 barrels per day which will be transported on the same pipeline as Pembina is currently constructing for Saturn 1."
1335,Redwater RFS 2 Fractionator Twinning,Oil and Gas,Redwater,,"(53.8170013427734, -113.129997253418)",,$415000000.00,Under Construction,2013 - 2015,http://www.pembina.com/about-us/projects/,,Pembina Pipeline Corp.,false,,,,"RFS 2 will involve twinning the existing 73,000 barrels per day ethane-plus fractionator in Redwater, to address an anticipated shortfall in fractionation capacity within Fort Saskatchewan."
1339,Henderson Outdoor Pool Renovations,Tourism / Recreation,Lethbridge,,"(49.6831283569336, -112.803016662598)",,$9500000.00,Under Construction,2015 - 2016,http://www.lethbridge.ca/living-here/Projects-Initiatives/Pages/Henderson-Pool-CIP-2014-2023.aspx,"[{""url"":""http://globalnews.ca/news/765238/henderson-pool-renovations-pushed-ahead-two-years/"",""text"":""Aug 6, 2013 - Global News""}]",City of Lethbridge,false,Miclex Construction,https://farm9.staticflickr.com/8617/16175051954_e43e3c09d3_b.jpg,"Henderson Outdoor Pool Renovations, courtesy of the City of Lethbridge.","Replacment of the pool basin and mechanical systems, as well as the addition of new outdoor amenities."
1340,Crossings Leisure Complex,Tourism / Recreation,Lethbridge,,"(49.7015228271484, -112.882659912109)",,$109500000.00,Announced,2016 - 2018,http://www.lethbridge.ca/living-here/Projects-Initiatives/Current-Projects/Pages/The-Crossings-Leisure-Complex-Phase-1.aspx,"[{""url"":""http://lethbridgeherald.com/news/local-news/2015/02/03/city-takes-next-steps-toward-crossings-leisure-complex/"",""text"":""Feb 3, 2015 - Lethbridge Herald""}]",City of Lethbridge,false,Stuart Olson Dominion,,,"Phase 1: Two ice rinks, curling facility, and food and beverage services. Phase 2: Aquatics, fitness centre, gymnasium, indoor track, commercial lease spaces."
1346,Shepard Suburban Office Campus,Commercial / Retail,Calgary,,"(50.9317207336426, -113.970596313477)",,$500000000.00,Announced,2014 - 2019,http://www.sheparddevelopment.com/regional-centre/office-campus.asp,,Shepard Development Corp.,false,Shepard Development Corporation / CANA / ACE Construction / High Time Industries Ltd.,,,"The Shepard Suburban Office Campus is a 33 acre site which will house 850,000 square feet of office development."
1353,Origins at Spring Creek Seniors Residence,Residential,Canmore,,"(51.0824127197266, -115.350738525391)",,$38000000.00,Under Construction,2013 - 2015,http://www.originway.ca/communities/springcreek.html,"[{""url"":""http://www.calgaryherald.com/Origin+Spring+Creek+Seniors+Residence/10140738/story.html"",""text"":""Jul 21, 2014 - Calgary Herald""}]",Spring Creek Mountain Village,false,,,,"110 total units; 56 for active seniors, 54 for supported living. 12 units will specifically offer secure memory care. Mountain residence will feature fine dining, salon and spa, pub, art studio, music room, and walking trails."
1361,TCH Bowfort Rd NW Interchange,Infrastructure,Calgary,,"(51.0856018066406, -114.215301513672)",,$43900000.00,Announced,2015 - 2017,,,City of Calgary,false,PCL Construction,,,
1363,Sarcee Operations Workplace Centre,Infrastructure,Calgary,,"(51.0180015563965, -114.167999267578)",,$15500000.00,Under Construction,2014 - 2016,http://makecalgary.com/?p=3884,,City of Calgary,false,Stuart Olson Dominion,https://farm8.staticflickr.com/7597/16837650315_926609dec8_b.jpg,"Sarcee Operations Workplace Centre, courtesy of the City of Calgary.",
1366,Martindale Elementary School,Institutional,Calgary,,"(51.1145515441895, -113.959182739258)",,$39300000.00,Announced,2016 - 2017,http://www.cbe.ab.ca/schools/building-and-modernizing-schools/Pages/martindale-middle-school.aspx,"[{""url"":""http://alberta.ca/release.cfm?xID=36669DA031686-DD4A-8F8F-DD3598269EEB573A"",""text"":""Jun 18, 2014 - Government of Alberta""}]",Alberta Infrastructure,false,Golden Triangle Construction Management,,,K-6 school with capacity for 350 students. Replacement for Ecole la Mosaique.
1368,Cabela's Store,Commercial / Retail,Calgary,,"(51.109001159668, -114.043998718262)",,$13500000.00,Announced,,http://www.cabelas.ca/news/47/cabelas-announces-plans-for-calgary-alberta-canada-store,"[{""url"":""http://www.calgaryherald.com/sports/Giant+outdoor+retailer+Cabela+coming+Calgary/10011732/story.html"",""text"":""Jul 7, 2014 - Calgary Herald""}]",Cabela's Canada,false,,,,"70,000 square foot store adjacent to Deerfoot Mall. Becomes the third Cabela""s location in Alberta."
1371,Raw Water Storage Expansion and New Water Intake,Infrastructure,County of Grande Prairie No. 1,,"(55.0629997253418, -118.670997619629)",,$19400000.00,Announced,,,"[{""url"":""http://www.dailyheraldtribune.com/2014/05/14/city-delays-support-for-aquatera-grant-bid"",""text"":""May 14, 2014 - Grand Prairie Daily Herald-Tribune""}]",Aquatera Utilities Inc.,false,,,,"Raw water storage expansion, as well as new water intake on Wapiti River."
1373,Canola Processing Facility Expansion,Agriculture / Forestry and Related,Lethbridge,,"(49.701416015625, -112.805725097656)",,$20000000.00,Announced,2015 - 2017,,,Richardson Oilseed Ltd.,false,,,,On hold.
1377,Hangingstone Connector Pipeline,Pipelines,Regional Municipality of Wood Buffalo,,,"{ ""type"": ""LineString"", ""coordinates"": [ [ -111.416412, 56.524900 ], [ -110.882888, 56.244551 ] ] }",$200000000.00,Under Construction,2014 - 2015,,"[{""url"":""http://www.huffingtonpost.ca/2013/09/26/enbridge-hangingstone-pipeline_n_3998859.html"",""text"":""Sept 26, 2013 - Huffington Post""}]",Enbridge Inc.,false,,,,Pipeline connecting Athabasca Oil Hangingstone Oil Sands project to Enbridge Cheecham terminal
1379,Infrastructure Recovery Project,Infrastructure,Slave Lake,,"(55.2779998779297, -114.772003173828)",,$30000000.00,Announced,2014 - 2016,https://www.placespeak.com/topic/811-slave-lake-construction-infrastructure-recovery/#!/overview,"[{""url"":""http://www.cbc.ca/news/canada/edmonton/slave-lake-to-get-189m-for-fire-rebuild-1.977742"",""text"":""Aug 3, 2011 - CBC News""}]",Town of Slave Lake,false,E Construction,https://farm9.staticflickr.com/8750/16866256452_040819b566_b.jpg,"Infrastructure Recovery Project, courtesy of Associated Engineering.",Water and wastewater systems
1396,Kelly Ramsey Building Redevelopment,Commercial / Retail,Edmonton,,"(53.5419998168945, -113.491996765137)",,$250000000.00,Under Construction,2013 - 2016,,,John Day Developments,false,Ledcor Group of Companies,https://farm9.staticflickr.com/8667/16686076751_e6296dd6ca_b.jpg,The redevelopment of the Kelly Ramsey Building. 2015-03-01 Kelly-Ramsey by Darren Kirby is licensed under CC BY 2.0.,Kelly Ramsey Building Redevelopment into an office and hotel.
1407,Olds College Centennial Village,Institutional,Olds,,"(51.7879981994629, -114.09400177002)",,$10000000.00,Under Construction,2014 - 2015,http://www.oldscollege.ca/student-life/student-housing/housing-after-sept-2015/centennial-village/index,"[{""url"":""http://www.oldscollege.ca/staff/communications/news/Stories/2014/2014-07-03-centennial-village-groundbreaking"",""text"":""Jul 3, 2014 - Olds College""}]",Olds College,false,Shunda Consulting and Construction Management,https://farm8.staticflickr.com/7288/16742967898_62640f0bda_b.jpg,"Olds College Centennial Village, courtesy of Olds College.",Housing for 450 students at Olds College.
1409,St. Josephs College Womens Residence,Institutional,Edmonton,,"(53.5240707397461, -113.524368286133)",,$33000000.00,Under Construction,2014 - 2015,http://www.stjosephs.ualberta.ca/Residence/WomensResidence.aspx,"[{""url"":""http://www.wcr.ab.ca/ThisWeek/Stories/tabid/61/entryid/5096/Default.aspx"",""text"":""Feb 3, 2014 - Western Catholic Reporter""}]",University of Alberta,false,Stuart Olson Dominion,,,Residence expansion to the existing St. Josephs College will see the addition of 282 beds in an all-female residence. Residence will be open to all female students attending the University of Alberta.
1415,Nisku Spine Road Phase 1A,Infrastructure,Leduc County,Leduc County,,"{""type"":""LineString"",""coordinates"":[[-113.519996643066,53.3600006103516,0.0],[-113.513000488281,53.3800010681152,0.0]]}",$15100000.00,Under Construction,2014 - 2015,http://www.leduc-county.com/engineering/functional-planning-studies/nisku-spine-road,"[{""url"":""http://www.leduc-county.com/communications/newsroom/news-archive/2014/1373-next-phase-of-nisku-spine-road-to-move-ahead-thanks-to-government-partnership"",""text"":""Oct 17, 2014 - Lecuc County""}]",Leduc County,false,,,,Construction of 4 lanes from 41 Avenue to Township 510. Two intersection improvements and additional traffic signalization at the intersection of Nisku Spine Road and Township 510. Tender for phase 1Ai closes March 27th.
1424,Acadia Athetlic Park Indoor Tennis Facility,Tourism / Recreation,Calgary,,"(50.972095489502, -114.062957763672)",,$8000000.00,Under Construction,2015 - 2016,http://www.calgary.ca/CSPS/Recreation/Pages/Athletic-parks/Acadia-Athletic-Park.aspx,"[{""url"":""http://metronews.ca/news/calgary/878123/tennis-canada-aims-to-break-ground-on-new-indoor-centre-in-calgary-by-spring-2014/"",""text"":""Dec 8, 2013 - Metro News""}]",Tennis Alberta / Tennis Canada,false,Spacemakers Construction Services,https://farm9.staticflickr.com/8595/16831727616_9e015c8458_b.jpg,"Acadia Athletic Park Indoor Tennis Facility, courtesy of Tennis Canada.",Addition of indoor tennis facility to Acadia Athletic Park.
1425,Rocky Mountain House Arena Expansion Phase 1,Tourism / Recreation,Rocky Mountain House,,"(52.3720016479492, -114.919403076172)",,$13100000.00,Announced,2014 - 2015,http://www.rockymtnhouse.com/index.aspx?NID=286,,Town of Rocky Mountain House,false,Timcon Construction,https://farm9.staticflickr.com/8631/16235233364_372fd66cd8_b.jpg,"Rocky Mountain House Arena Expansion Phase 1, courtesy of the Town of Rocky Mountain House.","Phase 1: 6 new dressing rooms, renovated lobby, additional second storey, curling club lobby, children""s play area, pottery room. Phase 2: Indoor running track, field house. Phase 3: Third ice surface or second field house."
1426,Moose Lake Trail Phase 1,Tourism / Recreation,Bonnyville M.D. No. 87,Bonnyville M.D. No. 87,,"{""type"":""LineString"",""coordinates"":[[-110.781997680664,54.2680015563965,0.0],[-110.830001831055,54.2560005187988,0.0]]}",$10700000.00,Announced,Commencing 2014,,"[{""url"":""http://www.bonnyvillenouvelle.ca/article/20130402/BNV0801/304029983/lsra-present-moose-lake-trail-master-plan-to-md"",""text"":""Apr 2, 2013 - Bonnyville Nouvelle""}]",Lakeland Sports and Recreation Association,false,,,,Multi-purpose paved walking trail 24 km in length joining Jessie Lake trails to a new trail system connecting communities around Moose Lake
1430,Seymour Pacific Apartment Buildings,Residential,Edmonton,,"(53.4099998474121, -113.568000793457)",,$20000000.00,Announced,,,,Seymour Pacific Developments,false,,,,Three apartment buildings.
1436,Taylor Institute for Teaching and Learning,Institutional,Calgary,,"(51.0727081298828, -114.126815795898)",,$40000000.00,Under Construction,2014 - 2016,http://www.ucalgary.ca/taylorinstitute/,"[{""url"":""http://www.cbc.ca/news/canada/calgary/u-of-c-gets-40m-donation-for-better-teaching-1.1342159"",""text"":""Apr 12, 2013 - CBC News""}]",The University of Calgary,false,CANA Management,,,"4,000 square metre, two storey building where undergraduate students from different faculties will be brought together to collaborate."
1437,Simonette Gas Plant Modifications,Oil and Gas,Yellowhead County,,"(53.9020004272461, -116.988998413086)",,$90000000.00,Under Construction,2014 - 2015,https://www.keyera.com/titanweb/keyera/webcms.nsf/AllDocs/5EA7921CBEF590BE87257B470078F40D?OpenDocument#.VO-oEPnF98E,"[{""url"":""http://www.canadianbusiness.com/business-news/keyera-to-spend-210m-on-new-sour-gas-pipeline-additions-to-simonette-plant/"",""text"":""Apr 8, 2013 - Canadian Business""}]",Keyara Corp.,false,Keyera Corp.,,,"Modifications to expand capacity and increase condensate handling ability. These include the addition of refrigeration and the construction of condensate stabilization facilities. This will allow Simonette for an additional 100,000,000 cubic feet of raw natural gas per day."
1438,STEPS Bridgeland Condo Apartment Building,Residential,Calgary,,"(51.0976982116699, -114.057998657227)",,$31200000.00,Announced,2015 - 2017,www.facebook.com/StepsBridgeland,,Assured Developments,false,Scott Construction,,,Planned construction start July 2015.
1441,Ecole JH Picard School Modernization,Institutional,Edmonton,,"(53.5077819824219, -113.485954284668)",,$13000000.00,Announced,2015 - 2016,,,Alberta Infrastructure,false,Chandos construction,,,3 storey modernization.
1446,The Monterey III at the Groves of Varsity Condo,Residential,Calgary,,"(51.1030006408691, -114.164001464844)",,$35000000.00,Announced,,www.grovesofvarsity.com,,Statesman Group of Companies,false,,,,
1450,"Aquatic Centre, Calling Lake",Tourism / Recreation,M.D. of Opportunity No. 17,,"(55.2379989624023, -113.196998596191)",,$14000000.00,Announced,2014 - 2015,,,Hamlet of Calling Lake,false,,,,
1453,Holiday Inn Express and Staybridge Hotel,Tourism / Recreation,Red Deer,,"(52.2859992980957, -113.849998474121)",,$25000000.00,Announced,2015 - 2016,,,Zainul and Shazma Holdings Ltd.,false,Aman Building Corp,,,Construction of the Holidy Inn is planned to start in May.  Listed construction schedule is for the Holidy Inn Express only.
1455,Badlands Motorsports Raceway,Tourism / Recreation,Kneehill County No. 48,,"(51.3339996337891, -112.855003356934)",,$40000000.00,Announced,,www.badlandsmotorsportsresort.com,,Badlands Motorsports Resort,false,,,,"Road course, paddock, commercial development, non-motor-sport recreation development and residential development. Pending county approvals."
1456,Groves of Varsity Apartment Building 3,Residential,Calgary,,"(51.1069984436035, -114.174003601074)",,$16600000.00,Announced,,,,Statesman Group of Companies,false,,,,
1457,Panorama West Building D,Residential,Calgary,,"(51.1669998168945, -114.091003417969)",,$10900000.00,Completed,2013 - 2015,www.cardellifestyles.com/panwest/,,Panorama West Ltd.,false,,,,
1467,Zoo Redevelopment Phase 1,Tourism / Recreation,Calgary,,"(51.0449981689453, -114.028999328613)",,$162000000.00,Announced,2014 - 2018,www.calgaryzoo.com/masterplan/,,Calgary Zoo,false,,,,
1468,Nature's Wild Backyard at Edmonton Valley Zoo,Tourism / Recreation,Edmonton,,"(53.5110015869141, -113.556999206543)",,$35000000.00,Announced,,http://buildingourzoo.com/revitalization/natures-wild-backyard,"[{""url"":""http://pfsstudio.com/2015/03/04/edmonton-valley-zoo-natures-wild-backyard-wins-canadian-architects-awards-of-excellence-2014/"",""text"":""May 4, 2014 - PFS Studio""}, {""url"":""http://www.edmontonrealestate.ca/blog/the-revitalization-of-valley-zoo.html"",""text"":""July 24, 2013 - Edmonton Real Estate""}]",City of Edmonton,false,,https://farm8.staticflickr.com/7638/16834917345_2f066287f6_b.jpg,"Nature's Wild Backyard at Edmonton Valley Zoo, courtesy of the Valley Zoo Development Society.","Laid out in a series of zones, Nature's Wild Backyard will allow guests to experience the habitats in the same manner as the animals. The zones are: Under, featuring a gradual descent allowing eye to eye interaction; Between, displaying the unique adaptations of animals who live both on land and in water; On, featuring ground level views; and Above, transporting visitors into the tree canopy to interact with lemurs, red pandas, gibbons, and exotic birds. Nature's Wild Backyard will also feature the Urban Farm and an upgrade to guest amenities. Currently in planning stage, pending funding."
1469,Galleria Performing Arts Centre,Commercial / Retail,Edmonton,,"(53.5480003356934, -113.490997314453)",,$850000000.00,Announced,,http://www.edacc.ca/,"[{""url"":""http://edmonton.ctvnews.ca/plans-for-a-proposed-downtown-arts-centre-move-forward-1.1339997"",""text"":""Jun 24, 2013 - CTV Edmonton""}]",Edmonton Academic and Cultural Foundation,false,,,,"Phase 1 of the Galleria Project will house the University of Alberta""s Department of Music and Department of Art and Design, a 200-seat recital hall and a 650-seat theatre/concert hall."
1472,Eau Claire Office Tower,Commercial / Retail,Calgary,,"(51.0499992370605, -114.074996948242)",,$173200000.00,Under Construction,2013 - 2016,http://www.eauclairetower.com/,,Oxford Properties,false,EllisDon Corporation,https://c1.staticflickr.com/9/8610/16478935799_ce8f8c7ca6_c.jpg,"Eau Claire Tower Office Building, courtesy of Oxford Properties.",
1474,"Three Townhouse Buildings, Sonoma at Sage Hill",Residential,Calgary,,"(51.1620407104492, -114.160911560059)",,$5600000.00,Under Construction,2014 - 2015,www.facebook.com/sonomasagehill/,,Vertical Properties,false,,,,
1475,Encore at Kincora Condo,Residential,Calgary,,"(51.1650009155273, -114.136001586914)",,$13600000.00,Under Construction,2014 - 2015,www.carlislegroup.ca/past-projects/encorecondos/,,The Carlisle Group,false,,https://farm9.staticflickr.com/8660/16831728486_42a4c90393_b.jpg,"Approximation of Encore at Kincora Condo, courtesy of the Carlisle Group.",
1477,Genesee Generating Station Units 4 and 5 Project,Power,Parkland County,,"(53.5475006103516, -114.444999694824)",,$1400000000.00,Announced,2015 - 2018,http://www.capitalpower.com/generationportfolio/constructiondevelopment/Pages/G4and5.aspx,"[{""url"":""http://www.cbc.ca/news/canada/edmonton/capital-power-enmax-to-develop-gas-fired-plant-near-edmonton-1.2452047"", ""text"":""Dec 5, 2013 - CBC News""}, {""url"":""http://www.edmontonjournal.com/Capital+Power+announces+construction+start+Genesee/10439694/story.html"",""text"":""Dec 4, 2014 - Edmonton Journal""}]",ENMAX Energy Corp. / Capital Power Corp.,false,,https://c1.staticflickr.com/9/8622/16449858330_145a4be535_n.jpg,"Genesee Generating Station, courtesy of Capital Power","Genesee Generating Station Units 4 and 5 will use high efficeince gas turbine technology and have a generation capacity of up to 1,060 megawatts."
1484,Heartland Pipeline and TC Terminal,Pipelines,Bruderheim,Hardisty,,"{ ""type"": ""LineString"", ""coordinates"": [ [ -113.066024, 53.785042 ], [ -111.944671, 53.398290 ], [ -111.750602, 53.105413 ], [ -111.020063, 52.886867 ], [ -111.293348, 52.698567 ] ] }",$900000000.00,Under Construction,2014 - 2016,http://www.transcanada.com/6215.html,,TransCanada Corporation,false,,,,"This Alberta Industrial Heartland project includes a 200 km pipeline connecting Edmonton region facilities to facilities in Hardisty, Alberta, and a six-tank terminal facility in the Heartland industrial area north of Edmonton. The pipeline could transport up to 900,000 barrels of crude oil a day, and the terminal will have storage capacity for up to 1.9 million barrels of crude oil. The terminals are currently under construction, while the pipeline construction is slated for 2016 - 2017."
1485,Road Upgrades Near Stadium LRT Station,Infrastructure,Edmonton,,"(53.556999206543, -113.47200012207)",,$11600000.00,Announced,,,,City of Edmonton,false,,,,
1490,Beaverhill Pioneer Lodge Replacement Building,Institutional,Lamont,,"(53.7609024047852, -112.786575317383)",,$10800000.00,Announced,2015 - 2017,,,Alberta Seniors and Community Supports,false,,,,Possible tender call fall 2015.
1492,Rosedale Baybridge Seniors Residence,Institutional,St. Albert,,"(53.625, -113.605003356934)",,$11000000.00,Completed,2013 - 2015,http://rosedaledevelopments.com/our-communities/st-alberta/,,Rosedale Seniors Living,false,,,,
1496,Red Deer Hospital Parkade,Infrastructure,Red Deer,,"(52.2599983215332, -113.819999694824)",,$44300000.00,Under Construction,2014 - 2015,www.albertahealthservices.ca/9763.asp,,Alberta Health Services,false,,,,
1497,Luxury Eco-Lodge,Tourism / Recreation,Special Area No. 2,,"(50.8419990539551, -111.584999084473)",,$12000000.00,Announced,,www.purenorthcanada.com/map.html,"[{""url"":""www.calgaryherald.com/travel/luxury+lodge+Canadian+Badlands/8348762/story.html"",""text"":""May 6, 2013 - Calgary Herald""}]",Pure North Canada,false,,,,
1502,Affordable Seniors Complex,Institutional,Rimbey,,"(52.6366996765137, -114.240997314453)",,$15500000.00,Announced,2015 - 2016,,"[{""url"":""www.rimbeyreview.com/news/291405061.html"",""text"":""Feb 10, 2015 - Rimbey Review""}]",Bethany Care Group,false,,,,Planned construction to start spring 2015.
1503,Fort McMurray West Transmission Line,Power,Parkland County,Regional Municipality of Wood Buffalo,,"{ ""type"": ""LineString"", ""coordinates"": [ [-114.302181, 53.343545 ], [ -112.482092, 56.269664 ] ] }",$1433000000.00,Announced,2017 - 2019,http://www.albertapowerline.com/The-Project/,"[{""url"":""http://finance.yahoo.com/news/aeso-awards-alberta-powerline-limited-213000459.html"",""text"":""Dec 18, 2014 - Yahoo Finance""}]",Alberta Powerline,false,Alberta PowerLine (ATCO and Quanta Services)_,,,"The Fort McMurray West 500-kV Transmission Project will involve the construction of 500 km of new transmission line to connect the Sunnybrook Substation to an expanded Livock Substation, and extend northeast to the new Thickwood Hills Substation."
1504,Downtown Fire Station and EMS Station,Infrastructure,Cold Lake,,"(54.4116897583008, -110.203582763672)",,$8000000.00,Announced,2015 - 2016,,,City of Cold Lake,false,,,,
1505,Algae Carbon Conversion Pilot Project,Oil Sands,Bonnyville M.D. No. 87,,"(54.726001739502, -110.214996337891)",,$19000000.00,Announced,,,,CNRL / NRC / Pond Biofuels,false,,,,
1507,Glen Allan Rec Centre Modernization,Tourism / Recreation,Strathcona County,,"(53.5299987792969, -113.279998779297)",,$14100000.00,Announced,2015 - 2016,,"[{""url"":""http://www.strathcona.ca/departments/planning-development-services/environmental-and-open-space-planning-natural-areas-parks/open-space-development/open-space-and-recreation-facility-strategy/completed-construction-projects/garc-update/"",""text"":""Strathcona County""}]",Strathcona County,false,Clark Builders,,,Modernization and addition of wellness space to the main and second floors of the existing facility as well as the replacement of the rink.
1508,Peace NGL Pipeline System Expansion,Pipelines,Saddle Hills County,,"(55.2244987487793, -119.360000610352)",,$415000000.00,Announced,,http://www.pembina.com/about-us/projects/,"[{""url"":""http://www.pipelineandgasjournal.com/pembina-expand-ngl-and-crudecondensate-pipeline-capacity"",""text"":""Dec 2012 - Pipeline and Gas Journal""}]",Pembina Pipeline Corp.,false,,,,"This project aims to expand the natural gas liquids, crude oil, and condensate throughput capacity on the Peace Pipeline System by an additional 55,000 barrels per day."
1514,Highway 16 / Highway 44 Pave 12572,Infrastructure,Parkland County,Parkland County,,"{ ""type"": ""LineString"", ""coordinates"": [ [ -114.453506, 53.569866 ], [ -114.442907, 53.569893 ], [ -114.426846, 53.56988 ], [ -114.424735, 53.5699 ], [ -114.419735, 53.569879 ], [ -114.419153, 53.569876 ], [ -114.409843, 53.569877 ], [ -114.394748, 53.569919 ], [ -114.38904, 53.569932 ], [ -114.370211, 53.569938 ], [ -114.357996, 53.569928 ], [ -114.346908, 53.569925 ], [ -114.345604, 53.569925 ], [ -114.332724, 53.569925 ], [ -114.325016, 53.569922 ], [ -114.323551, 53.569932 ], [ -114.32243, 53.569954 ], [ -114.321094, 53.569989 ], [ -114.319952, 53.570027 ], [ -114.318541, 53.570065 ], [ -114.317436, 53.570097 ], [ -114.316395, 53.570113 ], [ -114.314346, 53.570107 ], [ -114.296477, 53.570094 ], [ -114.286006, 53.57011 ], [ -114.271972, 53.570123 ], [ -114.247484, 53.570123 ], [ -114.23978, 53.57012 ], [ -114.239351, 53.57012 ], [ -114.233906, 53.570104 ], [ -114.227984, 53.570113 ], [ -114.221906, 53.570113 ], [ -114.220924, 53.57012 ], [ -114.220672, 53.57012 ], [ -114.21797, 53.570102 ], [ -114.214687, 53.570108 ], [ -114.211533, 53.570102 ], [ -114.198207, 53.570096 ], [ -114.174851, 53.570058 ], [ -114.172683, 53.570058 ], [ -114.171085, 53.570064 ], [ -114.169894, 53.570045 ], [ -114.168696, 53.570006 ], [ -114.167783, 53.56996 ], [ -114.167144, 53.569923 ], [ -114.166569, 53.569886 ], [ -114.166007, 53.569848 ], [ -114.165484, 53.569812 ], [ -114.164562, 53.569742 ], [ -114.163825, 53.569679 ], [ -114.163088, 53.569609 ], [ -114.162428, 53.569542 ], [ -114.157628, 53.56905 ], [ -114.155138, 53.568793 ], [ -114.154781, 53.568756 ], [ -114.154333, 53.568712 ], [ -114.153889, 53.56867 ], [ -114.153442, 53.568632 ], [ -114.152995, 53.568598 ], [ -114.152506, 53.568566 ], [ -114.15195, 53.568533 ], [ -114.151399, 53.568505 ], [ -114.150877, 53.568482 ], [ -114.150295, 53.568464 ], [ -114.149787, 53.568452 ], [ -114.149098, 53.568441 ], [ -114.147835, 53.568426 ], [ -114.147052, 53.568426 ], [ -114.146344, 53.568446 ], [ -114.145432, 53.568477 ], [ -114.124618, 53.569516 ], [ -114.100065, 53.570816 ], [ -114.081521, 53.571682 ], [ -114.080222, 53.571727 ], [ -114.078967, 53.571765 ], [ -114.077808, 53.571784 ], [ -114.076886, 53.571784 ], [ -114.075378, 53.571804 ], [ -114.074591, 53.571785 ], [ -114.073619, 53.571753 ], [ -114.072577, 53.571709 ], [ -114.071683, 53.571659 ], [ -114.070768, 53.571596 ], [ -114.06986, 53.571524 ], [ -114.06883, 53.571433 ], [ -114.067833, 53.571333 ], [ -114.06179, 53.570586 ], [ -114.059966, 53.570389 ], [ -114.058142, 53.570217 ], [ -114.056222, 53.570051 ], [ -114.054312, 53.569911 ], [ -114.052681, 53.569815 ], [ -114.051008, 53.56972 ], [ -114.049602, 53.569662 ], [ -114.047939, 53.569599 ], [ -114.046287, 53.569554 ], [ -114.044753, 53.569529 ], [ -114.043476, 53.569522 ], [ -114.042264, 53.569516 ], [ -114.012813, 53.569433 ], [ -114.000378, 53.569478 ], [ -113.991248, 53.56951 ], [ -113.98715, 53.569516 ], [ -113.976357, 53.569548 ], [ -113.975166, 53.569529 ], [ -113.973073, 53.56949 ], [ -113.971014, 53.569446 ], [ -113.969426, 53.569376 ], [ -113.967849, 53.569299 ], [ -113.966175, 53.56921 ], [ -113.961733, 53.56893 ], [ -113.960156, 53.568853 ], [ -113.958622, 53.568783 ], [ -113.957227, 53.568726 ], [ -113.955714, 53.568681 ], [ -113.95403, 53.568649 ], [ -113.952088, 53.56863 ], [ -113.950446, 53.568637 ], [ -113.94903, 53.568656 ], [ -113.947571, 53.568675 ], [ -113.945908, 53.568726 ], [ -113.944492, 53.56879 ], [ -113.943108, 53.568834 ], [ -113.940758, 53.568974 ], [ -113.938859, 53.569095 ], [ -113.936853, 53.569242 ], [ -113.923356, 53.570255 ], [ -113.92185, 53.570401 ], [ -113.921152, 53.570447 ], [ -113.920472, 53.570488 ], [ -113.919771, 53.570523 ], [ -113.91908, 53.570551 ], [ -113.918416, 53.570573 ], [ -113.917724, 53.570592 ], [ -113.917046, 53.570605 ], [ -113.91644, 53.570613 ], [ -113.915806, 53.570616 ], [ -113.915213, 53.570614 ], [ -113.914539, 53.570609 ], [ -113.913849, 53.570598 ], [ -113.913089, 53.570578 ], [ -113.912354, 53.570553 ], [ -113.911599, 53.570519 ], [ -113.91085, 53.570478 ], [ -113.910038, 53.570429 ], [ -113.899012, 53.569733 ], [ -113.897328, 53.56965 ], [ -113.895611, 53.569586 ], [ -113.893209, 53.569525 ], [ -113.890079, 53.569491 ], [ -113.889585, 53.569488 ], [ -113.889145, 53.569486 ], [ -113.88863, 53.569486 ], [ -113.888207, 53.569488 ], [ -113.887743, 53.569491 ], [ -113.88729, 53.569495 ], [ -113.886814, 53.5695 ], [ -113.886351, 53.569505 ], [ -113.885784, 53.569514 ], [ -113.884753, 53.569536 ], [ -113.884177, 53.569551 ], [ -113.883593, 53.569569 ], [ -113.882976, 53.56959 ], [ -113.882324, 53.569613 ], [ -113.881736, 53.569636 ], [ -113.880994, 53.569669 ], [ -113.879336, 53.569747 ], [ -113.872984, 53.570032 ], [ -113.860785, 53.570593 ], [ -113.856097, 53.570797 ], [ -113.853898, 53.570873 ], [ -113.851323, 53.570956 ], [ -113.848758, 53.571007 ], [ -113.845744, 53.571045 ], [ -113.843416, 53.571058 ], [ -113.84128, 53.571058 ], [ -113.838952, 53.57102 ], [ -113.836345, 53.570975 ], [ -113.822307, 53.570546 ], [ -113.816615, 53.57037 ], [ -113.801713, 53.569866 ], [ -113.796475, 53.569722 ], [ -113.795716, 53.569699 ], [ -113.79474, 53.569668 ], [ -113.793938, 53.569648 ], [ -113.793068, 53.569632 ], [ -113.792241, 53.569621 ], [ -113.791389, 53.569614 ], [ -113.790518, 53.569609 ], [ -113.778107, 53.569587 ], [ -113.777616, 53.569586 ], [ -113.772876, 53.569597 ], [ -113.764447, 53.569571 ], [ -113.763228, 53.569567 ], [ -113.753371, 53.5696 ], [ -113.738154, 53.569592 ], [ -113.724433, 53.569567 ], [ -113.715576, 53.569609 ], [ -113.713956, 53.569621 ], [ -113.712221, 53.569626 ], [ -113.697223, 53.569689 ], [ -113.694712, 53.569754 ], [ -113.693581, 53.569802 ], [ -113.692013, 53.56986 ], [ -113.691022, 53.569943 ], [ -113.690025, 53.570026 ], [ -113.689049, 53.570115 ], [ -113.687258, 53.570296 ], [ -113.685705, 53.570501 ], [ -113.684238, 53.570695 ], [ -113.679417, 53.571554 ], [ -113.676541, 53.572114 ], [ -113.673994, 53.572469 ], [ -113.673485, 53.572552 ] ] }",$30000000.00,Announced,,,,Alberta Transportation,false,,,,Highway 16 W of Wabamun to Highway 216 (Anthony Henday) and Highway 44 from Highway 16 to N of Hwy 16
1517,"Parkade, Foothills Medical Centre",Infrastructure,Calgary,,"(51.0660018920898, -114.13500213623)",,$49000000.00,Announced,,,"[{""url"":""http://parkdalecommunity.com/parkdale-escarpment-saved-as-ahs-revises-parkade-plan/"",""text"":""Parkdale Community Assocaition""}]",Alberta Health Services,false,,,,Parking for 1200 cars.
1518,Sundance 7 Gas-Fired Power Plant,Power,Parkland County,,"(53.5475006103516, -114.444999694824)",,$1600000000.00,Announced,2015 - 2018,http://www.transalta.com/facilities/facilities-development/sundance-7,"[{""url"":""http://business.financialpost.com/2012/10/26/transalta-midamerican-energy-partner-to-build-gas-fired-power-plants-in-canada/?__lsa=adae-16aa"",""text"":""Oct 26, 2012 - Financial Post""}]",TransAlta / MidAmerican Energy Holdings,false,TransAlta Corporation,,,"Sundance 7 will be a combined-cycle natural gas generation facility with a gross generation capacity of 856 MW, which will generate enough electricity to power approximately 720,000 Alberta households."
1519,ATCO Gas Fired Power Plant,Power,Strathcona County,,"(53.7629013061523, -113.065101623535)",,$800000000.00,Announced,2014 - 2017,http://www.atcopower.com/Projects/Heartland/,,ATCO Electric Ltd.,false,,,,A 400MW facility.  Currently on hold.
1520,"Composting Facility, Shepard Landfill",Agriculture / Forestry and Related,Calgary,,"(50.939998626709, -113.949996948242)",,$154000000.00,Announced,,,"[{""url"":""www.calgary.ca/UEP/WRS/Pages/Recycling-information/Residential-services/Organics-recycling/Green-Cart-organics-composting-facility.aspx"",""text"":""Calgary.ca""}]",City of Calgary,false,,,,
1521,HR Milner Generating Station Expansion,Power,Greenview M.D. No. 16,,"(54.2249984741211, -118.629997253418)",,$1400000000.00,Announced,2014 - 2020,http://www.maximpowercorp.com/_html/operations/milner_expansion.html,"[{""url"":""http://www.cbj.ca/maxim-power-corp-receives-approval-for-milner-expansion-and-provides-results-of-iso-new-englands-forward-capacity-auction-no-9/"",""text"":""Feb 12, 2015 - The Canadian Business Journal""}]",MAXIM Power Corp.,false,,,,The 520 MW HR Milner Expansion Project (M2) will be a natural gas-fired facility built on the site of the existing 150 MW HR Milner Generating Station (M1).
1526,Four Points by Sheraton Hotel,Tourism / Recreation,Calgary,,"(51.0734062194824, -114.000305175781)",,$13700000.00,Announced,2015 - 2016,www.starwoodhotels.com/element/directory/hotels/all/list.html,,Starwood Hotels and Resorts,false,,,,
1529,BAFRINO Research and Innovation Centre,Commercial / Retail,Morinville,,"(53.8022117614746, -113.649452209473)",,$5900000.00,Announced,2014 - 2015,www.championpetfoods.com,"[{""url"":""www.edmontonjournal.com/Champion+Petfoods+plans+research+make+tastier+kibble/10392430/story.html"",""text"":""Nov 19, 2014 - Edmonton Journal""}]",Champion Petfoods,false,,,,
1531,Peace Butte Wind Farm,Power,Cypress County,,"(49.8959999084473, -110.856002807617)",,$200000000.00,Announced,,,"[{""url"":""www.newswire.ca/en/story/1168441/pteragen-canada-inc-obtains-regulatory-approval-for-its-120-mw-peace-butte-wind-power-project-in-alberta"",""text"":""May 20, 2013 - Newswire""}]",Pteragen Canada Inc.,false,,,,120 MW
1532,Electrical Substation and Transmission Line,Power,Red Deer,,"(52.2859992980957, -113.761001586914)",,$20000000.00,Announced,Commencing 2014,www.reddeer.ca/powerup,,City of Red Deer,false,,,,
1536,Saleski Thermal Oil Sands Project,Oil Sands,M.D. of Opportunity No. 17,,"(56.4959983825684, -112.871002197266)",,$300000000.00,Announced,2015 - 2017,http://www.huskyenergy.com/operations/growthpillars/oilsands/emergingproperties.asp,"[{""url"":""http://www.calgaryherald.com/news/alberta/Laricina+Energy+abandons+plans+looks+fund+Saleski+project/10400207/story.html"",""text"":""Nov 20, 2014 - Calgary Herald""}]",Husky Oil Operations Ltd.,false,,,,
1541,The Quarters Downtown Streetscape (contract 1353),Infrastructure,Edmonton,,"(53.5452423095703, -113.480201721191)",,$13600000.00,Under Construction,2013 - 2015,,,City of Edmonton,false,PCL Construction Management,,,
1553,Fort Chipewyan Indoor Swimming Pool,Tourism / Recreation,Regional Municipality of Wood Buffalo,,"(58.7190017700195, -111.144996643066)",,$30000000.00,Announced,2014 - 2016,,"[{""url"":""http://norj.ca/2013/09/fort-chip-breaks-ground-on-aquatic-centre-construction/"",""text"":""Sep 23, 2013 - Northern Journal""}]",Regional Municipality of Wood Buffalo,false,Monteith Building Group.,https://farm9.staticflickr.com/8632/16710970756_96c89708ac_b.jpg,"Indoor Swimming Pool, Fort Chipewyan, courtesy of Regional Municipality of Wood Buffalo.",
1554,Sports and Recreation Facility,Tourism / Recreation,Spruce Grove,,"(53.5446014404297, -113.90258026123)",,$12500000.00,Under Construction,2014 - 2015,www.sprucegrove.org/community/amenities/recreation/recreation/sports_rec_facility.htm,,City of Spruce Grove / Aerials Gymnastics Club,false,Jen-Col Construction,,,
1563,Museum Expansion,Tourism / Recreation,Nanton,,"(50.3473014831543, -113.77799987793)",,$6000000.00,Announced,,www.bombercommandmuseum.ca/,,Bomber Command Museum of Canada,false,,,,Museum expansion (new hangar)
1564,Calgary Stampede Enmax Park,Tourism / Recreation,Calgary,,"(51.0331802368164, -114.048522949219)",,$15000000.00,Announced,2014 - 2015,,,Calgary Exhibition and Stampede / ENMAX Corp.,false,,,,
1565,Peter Lougheed Leadership College,Institutional,Edmonton,,"(53.5260467529297, -113.517181396484)",,$35000000.00,Announced,2015 - 2017,http://uofa.ualberta.ca/peter-lougheed,"[{""url"":""http://www.edmontonsun.com/2015/02/23/peter-lougheed-leadership-college-now-accepting-applications"",""text"":""Feb 23, 2015 - Edmonton Sun""}]",University of Alberta,false,,,,
1569,"Water system installation, Beaver Mines",Infrastructure,M.D. of Pincher Creek No. 9,,"(49.4599990844727, -114.190002441406)",,$12000000.00,Announced,,,,MD of Pincher Creek,false,,https://farm9.staticflickr.com/8774/17082302635_d588d34ab3_b.jpg,"Hamlet of Beaver Mines, courtesy of MD of Pincher Creek.",
1573,Varscona Theatre Renovation,Commercial / Retail,Edmonton,,"(53.5192070007324, -113.495582580566)",,$7500000.00,Announced,2015 - 2016,www.varsconatheatre.com,,Varscona Theatre Alliance,false,PCL Construction,,,
1574,AGLC Distribution Centre,Infrastructure,St. Albert,,"(53.632999420166, -113.572998046875)",,$80000000.00,Under Construction,2014 - 2015,www.aglc.gov.ab.ca/news/newsarchive2014.asp,"[{""url"":""http://globalnews.ca/news/1432834/construction-kicks-off-on-massive-new-liquor-distribution-centre-in-alberta/"",""text"":""Jul 4, 2014 - Global News""}]",Alberta Gaming and Liquor Commission,false,,,,
1581,Edgewater on Jasper Apartment Towers,Residential,Edmonton,,"(53.5550003051758, -113.471000671387)",,$88200000.00,Under Construction,2013 - 2016,,,Regency Developments,false,,https://farm4.staticflickr.com/3933/15350483579_7559d4a065_b.jpg,Edgewater on Jasper Apartment Towers. 2014-10-13 Edgewater by Darren Kirby is licensed under CC BY 2.0.,
1583,Calgary Redstone Supportive Living Facility,Institutional,Calgary,,"(51.1688423156738, -113.958740234375)",,$41400000.00,Announced,2015 - 2016,,,Covenant Health,false,Manshield Construction,,,
1584,Seton Supportive Living Spaces,Institutional,Calgary,,"(50.8815116882324, -113.950164794922)",,$8600000.00,Under Construction,2014 - 2015,,,AgeCare Health Services Ltd.,false,,,,
1585,Shaganappi Pump Station Replacement,Infrastructure,Calgary,,"(51.0428047180176, -114.123443603516)",,$30000000.00,Announced,,,,City of Calgary,false,,,,
1590,Great Plains Recreation Facility,Tourism / Recreation,Calgary,,"(50.9852447509766, -113.956253051758)",,$24000000.00,Under Construction,2014 - 2016,www.calgary.ca/newreccentres,,City of Calgary,false,Graham Construction,https://farm9.staticflickr.com/8684/16165986383_4428b9158e_b.jpg,"Great Plains Recreation Facility, courtesy of the City of Calgary.",
1594,Timberstone Supportive Living Facility,Institutional,Red Deer,,"(52.273998260498, -113.759002685547)",,$7200000.00,Announced,2015 - 2016,www.cdlhomes.com/timberstonevillage/,,Christenson Communities / Laebon Homes,false,,,,
1595,Points West Supportive Living Facility,Institutional,Red Deer,,"(52.2926025390625, -113.840957641602)",,$22000000.00,Under Construction,2014 - 2015,,,Points West Living Inc.,false,Premier Building Solutions,https://farm8.staticflickr.com/7711/16896072909_1613299492_o.png,"Points West Supportive Living Facility , courtesy of Rockliff Pierzchajlo Architects and Planners Ltd.",
1603,Bowness Sanitary Offload Trunk,Infrastructure,Calgary,,"(51.0800018310547, -114.169998168945)",,$50000000.00,Under Construction,2015 - 2016,,,City of Calgary,false,,,,
1608,Aura II Apartment Tower,Residential,Calgary,,"(51.0419998168945, -114.083999633789)",,$41900000.00,Under Construction,2014 - 2016,www.cidexhomes.com,,Intergulf Development Group / Cidex Signature Homes,false,,,,
1610,Northern NGL Pipeline System Expansion Phase 2,Pipelines,Sturgeon County,Fort Saskatchewan,,"{""type"":""LineString"",""coordinates"":[[-113.486000061035,53.6729011535645,0.0],[-113.228813171387,53.6928405761719,0.0]]}",$415000000.00,Announced,2015 - 2016,http://www.pembina.com/about-us/projects/,"[{""url"":""http://www.pipelineandgasjournal.com/pembina-expand-ngl-and-crudecondensate-pipeline-capacity"",""text"":""Dec 2012 - Pipeline and Gas Journal""}]",Pembina Pipeline Corp.,false,,,,"This project aims to expand the natural gas liquids, crude oil, and condensate throughput capacity on the Northern Pipeline System by an additional 53,000 barrels per day. Installation four new pump stations, upgrades to three existing pump stations, reconfigure existing pipelines and add new pipeline from Judy Creek to Whitecourt, Namao to Fort Saskatchewan and Doe Creek to Spirit River."
1614,Albert Park Station Condominium Buildings,Residential,Calgary,,"(51.0419998168945, -113.997001647949)",,$43300000.00,Under Construction,2014 - 2015,http://albertparkstation.ca/,,Carlisle Group,false,,https://farm9.staticflickr.com/8662/16708197716_9a9471cbf8_b.jpg,"Albert Park Station Condominium Buildings, courtesy of Carlisle Group.",
1619,"Wild Rose Villa Renovation / Expansion, Boyle",Institutional,Athabasca County,,"(54.5875015258789, -112.806999206543)",,$11000000.00,Under Construction,2015 - 2016,www.greatnorthfoundation.ca/Lodge-WildroseVilla.html,,Greater North Foundation,false,APM Construction Services Ltd.,,,Expansion of the current facility plus a new housing complex.
1620,Remington YMCA / Quarry Park Recreation Centre,Tourism / Recreation,Calgary,,"(50.9620018005371, -114.00700378418)",,$43200000.00,Under Construction,2014 - 2016,www.calgary.ca/CSPS/Recreation/Pages/Research-and-development/About-the-new-Quarry-Park-recreation-facility.aspx,,City of Calgary,false,Bird Construction,https://farm8.staticflickr.com/7648/16760055626_c84ba2da24_b.jpg,"Remington YMCA / Quarry Park Recreation Centre, courtesy of the City of Calgary.",
1623,"Sulphur Facility Replacement, Strachan Gas Plant",Oil Sands,Clearwater County,,"(51.8870010375977, -115.667999267578)",,$40000000.00,Announced,2013 - 2015,,"[{""url"":""http://www.newswire.ca/en/story/1187691/keyera-announces-long-term-sulphur-services-agreement-and-facilities-expansion"",""text"":""Jun 20, 2013 - Newswire""}]",Keyara Corp.,false,Keyera Corp.,,,
1628,Victory and Venture Condo Apartments,Residential,Calgary,,"(51.0303497314453, -114.09886932373)",,$5300000.00,Under Construction,2014 - 2015,,,The Providence Group,false,,,,
1639,Windy Point Wind Farm,Power,M.D. of Pincher Creek No. 9,,"(49.6262550354004, -113.803314208984)",,$150000000.00,Announced,2015 - 2016,,,Alberta Wind Energy Corp. / Mainstream Renewable Power,false,,,,A 62MW facility. Planned construction start Decemeber 2015.
1640,Regional Water Line Project Phase 1,Pipelines,M.D. of Lesser Slave River No. 124,,"(55.2874984741211, -114.766998291016)",,$27000000.00,Announced,2014 - 2015,,,MD of Lesser Slave Lake,false,Alpha Construction,,,
1644,Biorefinery,Other Sectors,Drayton Valley,,"(53.2214889526367, -114.973823547363)",,$200000000.00,Announced,2014 - 2015,www.mascoma.ca,"[{""url"":""http://www.draytonvalleywesternreview.com/2013/07/01/bio-refinery-closer-to-reality-for-drayton-valley"",""text"":""Jul 1, 2014 - Drayton Valley Western Review""}]",Mascoma Alberta Drayton Valley,false,,,,
1645,"Youth Campus, Stampede Grounds",Tourism / Recreation,Calgary,,"(51.0340003967285, -114.055999755859)",,$30000000.00,Announced,2015 - 2016,,"[{""url"":""http://calgaryherald.com/news/local-news/stampede-adds-amphitheatre-to-youth-campus-plans"",""text"":""Oct 16, 2014 - Calgary Herald""}]",Calgary Exhibition and Stampede,false,,,,
1647,Telus Sky Mixed-Use Tower,Commercial / Retail and Residential,Calgary,,"(51.0466995239258, -114.065452575684)",,$400000000.00,Under Construction,2014 - 2017,http://telussky.com/,"[{""url"":""http://www.calgaryherald.com/entertainment/Telus+announces+plans+storey+tower+downtown+Calgary+with+video/8616228/story.html"",""text"":""Jul 3, 2013 - Calgary Herald""}]",Telus / Westbank / Allied Properties,false,,https://farm9.staticflickr.com/8771/17149785009_bc333f6d22_b.jpg,"Telus Sky Mixed-Use Tower, courtesy of Cushman & Wakefield.","Telus Sky will be a 59-storey development in downtown Calgary that will incorporate office space, retail stores, and luxury serviced residences."
1654,Highway 16 and Highway 47 Pave 787410,Infrastructure,Yellowhead County,Yellowhead County,,"{""type"":""LineString"",""coordinates"":[[-116.448028564453,53.576343536377,0.0],[-117.009002685547,53.173999786377,0.0]]}",$20500000.00,Announced,,,,Alberta Transportation,false,Knelsen Sand and Gravel Ltd.,,,Hwy 16 pave from W of Hwy 40 to Edson; Hwy 47 pave from south of MacLeod River to south of Hwy 16.
1659,Conklin Multiplex,Tourism / Recreation,Regional Municipality of Wood Buffalo,,"(55.6319999694824, -111.083999633789)",,$39000000.00,Announced,Commencing 2015,www.building-with-you.ca/capital-projects/conklin,,Regional Municipality of Wood Buffalo,false,,,,"Office/administration areas to accommodate RCMP, medical offices and emergency supplies; indoor ice surface with spectator seating; gymnasium/banquet area; events stage; youth/child/senior/fine art and fitness multipurpose rooms; classroom/training room."
1661,Aboriginal Learning Centre Modernization,Institutional,Calgary,,"(51.0211181640625, -113.978874206543)",,$8800000.00,Announced,2015 - 2016,,,Calgary Board of Education,false,,,,
1663,"Highway 63 Grade, Base and Pave plus Bridges 79561",Infrastructure,Athabasca County,Lac La Biche County,,"{ ""type"": ""LineString"", ""coordinates"": [ [ -112.207266, 55.74332 ], [ -112.20735, 55.743083 ], [ -112.207367, 55.742517 ], [ -112.207283, 55.74195 ], [ -112.207133, 55.7414 ], [ -112.206917, 55.74085 ], [ -112.2066, 55.740317 ], [ -112.206485, 55.74015 ], [ -112.206233, 55.739783 ], [ -112.204183, 55.737267 ], [ -112.1969, 55.728567 ], [ -112.191183, 55.72185 ], [ -112.170433, 55.6971 ], [ -112.15155, 55.674533 ], [ -112.150783, 55.673483 ], [ -112.150483, 55.672933 ], [ -112.150267, 55.672367 ], [ -112.150117, 55.6718 ], [ -112.149967, 55.67065 ], [ -112.148333, 55.64835 ], [ -112.148267, 55.6472 ], [ -112.148317, 55.646633 ], [ -112.148467, 55.646067 ], [ -112.148717, 55.6455 ], [ -112.149033, 55.644967 ], [ -112.14945, 55.644433 ], [ -112.14995, 55.643933 ], [ -112.150517, 55.643467 ], [ -112.15081, 55.643263 ], [ -112.151167, 55.643017 ], [ -112.154483, 55.64095 ], [ -112.155183, 55.640583 ], [ -112.15595, 55.640267 ], [ -112.157567, 55.63975 ], [ -112.158467, 55.639533 ], [ -112.167733, 55.637467 ], [ -112.170533, 55.6368 ], [ -112.17985, 55.634717 ], [ -112.181667, 55.63425 ], [ -112.183317, 55.6336 ], [ -112.183911, 55.633321 ], [ -112.1841, 55.633233 ], [ -112.184817, 55.632833 ], [ -112.185483, 55.6324 ], [ -112.1861, 55.63195 ], [ -112.18665, 55.631467 ], [ -112.205726, 55.613581 ], [ -112.206933, 55.61245 ], [ -112.21585, 55.604183 ], [ -112.224683, 55.5959 ], [ -112.225233, 55.595417 ], [ -112.226417, 55.5945 ], [ -112.227717, 55.593633 ], [ -112.2284, 55.593233 ], [ -112.22985, 55.592467 ], [ -112.230617, 55.592117 ], [ -112.234888, 55.59022 ], [ -112.249417, 55.583767 ], [ -112.25095, 55.583033 ], [ -112.256183, 55.580735 ], [ -112.263817, 55.577383 ], [ -112.27865, 55.570733 ], [ -112.28265, 55.56905 ], [ -112.285533, 55.567769 ], [ -112.301994, 55.560457 ], [ -112.315067, 55.55465 ], [ -112.315833, 55.554283 ], [ -112.31725, 55.553483 ], [ -112.3185, 55.5526 ], [ -112.31905, 55.552133 ], [ -112.31955, 55.55165 ], [ -112.32045, 55.55065 ], [ -112.32946, 55.539596 ], [ -112.333967, 55.534067 ], [ -112.344083, 55.52175 ], [ -112.348599, 55.516216 ], [ -112.350404, 55.514004 ], [ -112.383783, 55.473083 ], [ -112.3914, 55.4638 ], [ -112.40145, 55.4514 ], [ -112.406517, 55.445233 ], [ -112.42335, 55.424517 ], [ -112.427569, 55.419285 ], [ -112.432517, 55.41315 ], [ -112.438833, 55.405433 ], [ -112.448033, 55.394067 ], [ -112.452717, 55.3884 ], [ -112.4534, 55.387559 ], [ -112.471983, 55.364683 ], [ -112.472767, 55.36365 ], [ -112.473083, 55.3631 ], [ -112.473567, 55.362017 ], [ -112.473717, 55.36145 ], [ -112.473867, 55.360333 ], [ -112.47385, 55.359767 ], [ -112.472827, 55.352329 ], [ -112.472072, 55.346839 ], [ -112.47178, 55.344713 ], [ -112.470996, 55.339005 ], [ -112.470817, 55.3377 ], [ -112.47075, 55.336567 ], [ -112.470917, 55.335433 ], [ -112.4712, 55.334317 ], [ -112.47145, 55.33375 ], [ -112.476089, 55.326201 ], [ -112.480033, 55.319783 ], [ -112.490043, 55.303269 ], [ -112.495317, 55.294567 ], [ -112.495917, 55.2935 ], [ -112.496117, 55.29295 ], [ -112.4963, 55.291817 ], [ -112.496283, 55.29125 ], [ -112.496033, 55.290117 ], [ -112.4955, 55.289017 ], [ -112.493843, 55.286435 ], [ -112.487617, 55.276733 ], [ -112.477011, 55.260062 ], [ -112.475216, 55.25724 ], [ -112.469933, 55.248933 ], [ -112.469283, 55.24785 ], [ -112.468783, 55.24675 ], [ -112.468267, 55.245067 ], [ -112.468133, 55.243917 ], [ -112.4681, 55.242767 ], [ -112.468125, 55.23243 ], [ -112.468135, 55.228245 ], [ -112.46815, 55.222317 ], [ -112.468133, 55.216683 ], [ -112.468083, 55.21555 ], [ -112.467783, 55.213867 ], [ -112.465667, 55.206517 ], [ -112.465517, 55.205383 ], [ -112.46555, 55.204817 ], [ -112.465633, 55.20425 ], [ -112.4658, 55.203683 ], [ -112.4663, 55.202583 ], [ -112.467348, 55.200897 ], [ -112.469061, 55.198143 ], [ -112.469106, 55.198071 ] ] }",$147600000.00,Announced,2013 - 2015,,,Alberta Transportation,false,Carmacks Enterprises.,,,
1664,Terminal Expansion,Pipelines,Edmonton,,"(53.5499992370605, -113.365997314453)",,$100000000.00,Announced,2014 - 2015,www.gibsons.com,,Gibson Energy Inc.,false,,,,
1665,Holy Family Academy School Modernization,Institutional,Brooks,,"(50.5749816894531, -111.883033752441)",,$8700000.00,Announced,,,,Alberta Infrastructure,false,,,,"Addition to Christ the King Academy, renovation to St. Joseph's Collegiate and demolition of a two-storey classroom wing."
1668,Highway 45 Intersection Improvements 10331,Infrastructure,Vermilion River County,,"(53.5839996337891, -110.325996398926)",,$29500000.00,Announced,,,,Alberta Transportation,false,,,,
1672,Stantec Headquarters Building,Commercial / Retail and Residential,Edmonton,,"(53.5449371337891, -113.496559143066)",,$500000000.00,Announced,2014 - 2018,,"[{""url"":""http://www.cbc.ca/news/canada/edmonton/stantec-to-move-to-downtown-edmonton-arena-district-1.2715872"",""text"":""Jul 23, 2014 - CBC News""}]",EAD First Street Building Corp.,false,Stantec,,,"The new Stantec Headquarters building, located in the new Edmonton area district will be 62-storey mixed-use tower and Edmonton""s tallest office tower."
1673,Manulife Place Office Tower,Commercial / Retail,Calgary,,"(51.0460014343262, -114.073997497559)",,$181300000.00,Under Construction,2014 - 2017,www.manulife.com,,Manulife Financial Corp.,false,,,,
1675,Hydrocarbon Storage Cavern,Oil and Gas,Redwater,,"(53.9490013122559, -113.107002258301)",,$65000000.00,Announced,,www.pembina.com/about-us/projects/,,Pembina Pipeline Corp.,false,,,,
1676,Redwater RFS 3 Fractionator,Oil and Gas,Redwater,,"(53.9490013122559, -113.107002258301)",,$460000000.00,Announced,2016 - 2017,http://www.pembina.com/about-us/projects/,"[{""url"":""http://www.theglobeandmail.com/globe-investor/news-sources/?mid=prnews.20140512.TO681"",""text"":""May 12, 2014 - The Globe and Mail""}]",Pembina Pipeline Corp.,false,,,,"The RFS 3 will be a 55,000 barrels per day propane-plus fractionator at the Redwater fractionation and storage complex."
1685,"Highway 47 Grade, Base and Pave 12340",Infrastructure,Yellowhead County,Yellowhead County,,"{""type"":""LineString"",""coordinates"":[[-117.012001037598,53.1759986877441,0.0],[-116.589996337891,53.5499992370605,0.0]]}",$12100000.00,Announced,,,,Alberta Transportation,false,E Construction,,,"Hwy 47 grade, base and pave from Hwy 40 to south of Hwy 16. Project includes safety rest area adjacent to Hwy 47 and south of Hwy 16."
1689,Fultonvale School Modernization,Institutional,Strathcona County,,"(53.4506988525391, -113.190498352051)",,$15500000.00,Announced,2014 - 2016,,,Alberta Infrastructure,false,,,,
1695,New Schools Neerlandia and Joussard,Institutional,Barrhead County No. 11,M.D. of Big Lakes,,"{""type"":""MultiPoint"",""coordinates"":[ [-114.374316, 54.319551],[-115.953315, 55.397263] ] }",$21900000.00,Under Construction,2014 - 2015,,,Alberta Infrastructure,false,,,,
1696,Archbishop O'Leary HS Modernization,Institutional,Edmonton,Regional Municipality of Wood Buffalo,"(53.5923233032227, -113.475479125977)",,$18000000.00,Under Construction,2014 - 2016,,,Alberta Infrastructure,false,Stuart Olson,,,
1698,First Canadian Centre East Tower,Commercial / Retail,Calgary,,"(51.0464973449707, -114.066131591797)",,$146000000.00,Announced,,www.gwlrealtyadvisors.com/Properties/FirstCanadianCentre-WestTower.aspx,,GWL Realty Advisors,false,,,,
1701,43 PARK Apartment Building,Residential,Calgary,,"(51.060001373291, -114.050003051758)",,$7100000.00,Under Construction,2013 - 2014,www.43park.ca/,,Vericon Real Estate Ventures,false,,https://farm8.staticflickr.com/7626/16670004778_00db574c8a_b.jpg,"43 PARK Apartment Building, courtesy of Vericon Real Estate Ventures Inc.",
1716,"Highway 63 Grade, Base and Pave 771710",Infrastructure,Regional Municipality of Wood Buffalo,,"(56.6360015869141, -111.342002868652)",,$130000000.00,Under Construction,2013 - 2015,,,Alberta Transportation,false,,,,"Hghway 63 grade, bridge culverts, base and pave south of Horse Creek to north of Hangingstone R, and north of Hangingstone R to south of SH 881. Steel girder bridge north and south bound over Hangingstone R south or Fort McMurray."
1717,Highway 63 / Parsons Creek Interchange 14301,Infrastructure,Regional Municipality of Wood Buffalo,,,"{ ""type"": ""MultiLineString"", ""coordinates"": [ [ [ -111.424770567811, 56.772726320965603, 0.0 ], [ -111.42828196601501, 56.782066760080703, 0.0 ], [ -111.430409780538, 56.787092294922502, 0.0 ], [ -111.434213837217, 56.791656140475801, 0.0 ], [ -111.434863042793, 56.793520569248798, 0.0 ] ], [ [ -111.42828196601501, 56.782066760080703, 0.0 ], [ -111.427923688006, 56.783715198109299, 0.0 ], [ -111.426780158106, 56.784876572917099, 0.0 ], [ -111.42549846797201, 56.785912553914102, 0.0 ], [ -111.425239792328, 56.786513327009501, 0.0 ], [ -111.4254651343, 56.7870807036239, 0.0 ], [ -111.42571655496501, 56.787853970829602, 0.0 ], [ -111.426753430034, 56.788602481015502, 0.0 ], [ -111.429493071107, 56.789455071466001, 0.0 ], [ -111.431661460866, 56.789959502554602, 0.0 ], [ -111.43365618516999, 56.790987182700398, 0.0 ] ], [ [ -111.4254651343, 56.7870807036239, 0.0 ], [ -111.44919283553, 56.7846776230298, 0.0 ] ], [ [ -111.42857346556499, 56.786766175596803, 0.0 ], [ -111.42791663174, 56.786700670614003, 0.0 ], [ -111.427416758487, 56.786396066316598, 0.0 ], [ -111.427325292426, 56.786034057106598, 0.0 ], [ -111.427355465849, 56.785717003072797, 0.0 ], [ -111.427730584603, 56.785512048585197, 0.0 ], [ -111.428187992182, 56.785436773075702, 0.0 ], [ -111.428760382023, 56.7855084691587, 0.0 ], [ -111.42934608859299, 56.785704947196898, 0.0 ], [ -111.42998345093601, 56.7860854826245, 0.0 ] ], [ [ -111.429345805314, 56.784579531580903, 0.0 ], [ -111.430040713287, 56.784988664057998, 0.0 ], [ -111.43083551229699, 56.785402053725903, 0.0 ], [ -111.43231641395199, 56.785983541475197, 0.0 ], [ -111.433426679001, 56.786274918949097, 0.0 ], [ -111.432884036481, 56.786635628385902, 0.0 ], [ -111.432491141493, 56.787134655280099, 0.0 ], [ -111.431935993275, 56.787866337364399, 0.0 ], [ -111.43194298586199, 56.7883226814103, 0.0 ], [ -111.43219415313099, 56.789233211326, 0.0 ] ] ] }",$150800000.00,Under Construction,2013 - 2016,,,Alberta Transportation,false,Sureway Construction,,,"Highway 63 / Parsons Creek Interchange Grade, Base and Pave"
1719,Condo Apartment Tower Complex,Residential,Calgary,,"(51.0440940856934, -114.084609985352)",,$80000000.00,Announced,2014 - 2016,,,WAM Development Group / AIMCo,false,,,,
1724,Barron Building Renovation / Addition,Commercial / Retail,Calgary,,"(51.046070098877, -114.076614379883)",,$100000000.00,Announced,2015 - 2016,www.strategicgroup.ca/,"[{""url"":""http://www.calgaryherald.com/news/calgary/Owners+receive+permission+give+historic+Barron+Building+facelift/10038605/story.html"",""text"":""Jul 16, 2014 - Calgary Herald""}]",Strategic Group,false,,,,Construction is planned to start in September.
1728,Symphony Tower Condo Building,Residential,Edmonton,,"(53.5345878601074, -113.502708435059)",,$47000000.00,Announced,2014 - 2016,www.symphonytower.ca/,"[{""url"":""http://www.edmontonjournal.com/downtown+Symphony+Tower+home+most+expensive+condo+Edmonton/10325565/story.html"",""text"":""Oct 29, 2014 - Edmonton Journal""}]",Allan Wasnea Engineering,false,,,,
1730,Fairfield Inn and Suites by Marriott,Tourism / Recreation,Edmonton,,"(53.5999984741211, -113.497001647949)",,$8400000.00,Under Construction,,,,RMS Group (Builders) Inc.,false,,,,
1732,Detoxification and Residential Treatment Centre,Institutional,Medicine Hat,,"(50.024112701416, -110.676887512207)",,$5500000.00,Under Construction,2014 - 2015,,,Alberta Infrastructure,false,,,,
1733,SkyMills Condominium Buildings 1 and 2,Residential,Calgary,,"(51.1688423156738, -113.958480834961)",,$23200000.00,Announced,2014 - 2015,www.liveatskymills.com,"[{""url"":""http://www.calgarysun.com/2014/09/26/skymills-prime-location-attracts-buyers"",""text"":""Sep 27, 2014 - Calgary Sun""}]",Truman Homes,false,,https://c1.staticflickr.com/9/8580/16036503953_e70627b3c3_c.jpg,SkyMills Condominium Buildings 1 and 2 courtesy of Truman Homes.,
1736,River Embankment Extension (Flood Buffer),Infrastructure,High River,,"(50.5738105773926, -113.892417907715)",,$10000000.00,Announced,,,,Town of High River,false,,,,
1744,Northern Courier Tank Terminal,Pipelines,Regional Municipality of Wood Buffalo,,"(57.439998626709, -111.595001220703)",,$50000000.00,Under Construction,2015 - 2017,,,Northern Courier Pipeline GP Ltd.,false,,,,
1745,First Avenue Upgrades,Infrastructure,Cold Lake,,"(54.4737205505371, -110.194915771484)",,$6100000.00,Under Construction,2014 - 2015,,"[{""url"":""http://www.coldlakesun.com/2013/09/03/council-approves-first-avenue-project-expansion"",""text"":""Sep 3, 2014""}]",City of Cold Lake,false,,,,
1756,Replacement Facility for Veiner Centre,Tourism / Recreation,Medicine Hat,,"(50.0188179016113, -110.66618347168)",,$19900000.00,Announced,,www.medicinehat.ca/index.aspx?page=325,"[{""url"":""http://medicinehatnews.com/news/local-news/2014/12/31/the-journey-to-replace-the/"",""text"":""Dec 31, 2014""}]",City of Medicine Hat,false,,,,
1757,Highway 63 Pave 15731,Infrastructure,Regional Municipality of Wood Buffalo,Regional Municipality of Wood Buffalo,,"{ ""type"": ""LineString"", ""coordinates"": [ [ -111.772346, 56.137997 ], [ -111.778916, 56.134196 ], [ -111.788635, 56.128515 ], [ -111.826333, 56.106567 ], [ -111.849493, 56.093085 ], [ -111.857664, 56.088328 ], [ -111.86471, 56.084222 ], [ -111.872987, 56.079397 ], [ -111.877727, 56.076686 ], [ -111.891369, 56.06872 ], [ -111.894824, 56.066494 ], [ -111.896969, 56.063838 ], [ -111.913663, 56.037864 ], [ -111.916008, 56.035251 ], [ -111.931747, 56.021309 ], [ -111.937245, 56.016513 ], [ -111.950077, 56.005184 ], [ -111.952909, 56.002743 ], [ -111.956257, 56.000517 ], [ -111.961985, 55.997009 ] ] }",$11500000.00,Announced,,http://www.transportation.alberta.ca/4942.htm,,Alberta Transportation,false,,,,Highway 63 pave and crack repair from S of Mariana Lake to N of Mariana Lake and from N of Mariana Lake to N of Algar Tower
1767,Beaverlodge and Sexsmith Elementary Schools,Institutional,County of Grande Prairie No. 1,,"(55.3493003845215, -118.785003662109)",,$32500000.00,Under Construction,2014 - 2016,http://www.countygp.ab.ca/EN/main/business/economic-profile/primary-secondary-education.html,"[{""url"":""http://www.dailyheraldtribune.com/2013/04/29/new-schools-announced-for-grande-prairie-and-area"",""text"":""May 1, 2013 - Grande Prairie Daily Herald-Tribune""}]",Alberta Infrastructure,false,Jen - Col Construction,,,
1774,Inglewood and St. Georges Bridge Replacements,Infrastructure,Calgary,,"(51.0439987182617, -114.031997680664)",,$30000000.00,Announced,,,"[{""url"":""http://www.cbc.ca/news/canada/calgary/2-calgary-bridges-near-zoo-and-fort-calgary-to-be-replaced-1.2642080"",""text"":""May 14, 2014 - CBC News""}]",City of Calgary,false,,,,"St. Georges (Zoo) Bridge will be the first replacement (planned for 2016-2017) , followed by the Inglewood (Ninth Avenue) Bridge. Inspections after flooding expedited the need for replacement. Planned tender call St. George bridge spring 2016."
1784,Greenview Sour Gas Plant,Oil and Gas,Greenview M.D. No. 16,,"(54.7000007629395, -119.014999389648)",,$50000000.00,Announced,,,,Inception Exploration Ltd.,false,,,,
1785,Saddle Ridge High School,Institutional,Calgary,,"(51.1242065429688, -113.948432922363)",,$26600000.00,Announced,2014 - 2016,,"[{""url"":""http://globalnews.ca/news/1255875/public-gets-first-look-at-new-northeast-calgary-high-school/"",""text"":""Apr 7, 2014 - Global News""}]",Alberta Infrastructure,false,,,,"New High School to be built in the Community of Saddle Ridge, near the Genesis Centre of Community Wellness. It will partner with the existing facilities, such as the library and YMCA."
1787,Misericordia Hospital Renovations,Institutional,Edmonton,,"(53.5197257995605, -113.612854003906)",,$5200000.00,Announced,,,"[{""url"":""http://globalnews.ca/news/1446230/misericordia-hospital-on-the-mend-following-flooding/"",""text"":""Jul 11, 2014 - Global News""}]",Alberta Health Services,false,,,,West-wing renovations (flood damage) 2nd and 3rd floors Misericordia Hospital.
1789,Sunshine Village Goats Eye Day Lodge,Tourism / Recreation,I.D. No. 9 Banff,,"(51.1756362915039, -115.570068359375)",,$7000000.00,Announced,,,"[{""url"":""http://www.cbc.ca/news/canada/calgary/goat-s-eye-day-lodge-project-at-sunshine-village-hits-snag-1.2477709"",""text"":""Dec 27, 2013 - CBC News""}]",Sunshine Village Ski and Snowboard Resort,false,,,,"30,000 square foot Day Lodge on Goats Eye Mountain will be the first new ski lodge in the mountain parks in 17 years."
1791,Hi-Q Pilot Plant,Oil Sands,Strathcona County,,"(53.8014984130859, -112.935997009277)",,$50000000.00,Announced,,,"[{""url"":""http://albertaventure.com/2014/04/partial-credit/"",""text"":""Apr 21, 2014 - Alberta Venture""}]",MEG Energy Corp.,false,,,,"Pilot plant to convert bitumen to asphalt-free, pipeline-ready heavy oil - See more at: http://albertacanada.com/business/statistics/inventory-of-major-projects.aspx?form=2andprojectId=1791andregion=#sthash.5DSz9P1N.dpuf"
1792,13th Avenue Condos,Residential,Calgary,,"(51.040657043457, -114.064331054688)",,$24000000.00,Under Construction,2014 - 2015,http://www.buildingandconstruction-canada.com/index.php/sections/residential1,,Gibbs Gage Architects,false,EllisDon Corporation,,,25 storey condominium tower that features two and a half levels of underground parking and a landscaped courtyard with fire pit seating.
1802,Jack James High School Modernization,Institutional,Calgary,,"(51.045036315918, -113.962524414063)",,$11200000.00,Announced,2015 - 2016,http://schools.cbe.ab.ca/b856/,"[{""url"":""http://alberta.ca/release.cfm?xID=357181D24049C-CB81-18A5-841EBF24CF37B7D1"",""text"":""Jan 21, 2014 - Government of Alberta""}]",Alberta Infrastructure,false,,,,Upgrades and increased Career and Technology Studies space. Tender closes April 15.
1806,51 Oak Apartment Building 1,Residential,Calgary,,"(50.9032096862793, -113.93798828125)",,$11100000.00,Under Construction,2014 - 2015,http://www.liveat51oak.com/Inspired-Architecture,"[{""url"":""http://www.calgaryherald.com/Style+root/10122539/story.html"",""text"":""Aug 14, 2014 - Calgary Herald""}]",Truman Homes,false,,https://c1.staticflickr.com/9/8605/16449113157_6571a25d5b_c.jpg,51 Oak Apartment Building 1 courtesy of Truman Homes.,"4 storey, 218 unit condominium project."
1807,51 Oak Apartment Building 2,Residential,Calgary,,"(50.9032096862793, -113.93798828125)",,$11300000.00,Announced,,http://www.liveat51oak.com/Inspired-Architecture,"[{""url"":""http://www.calgaryherald.com/Style+root/10122539/story.html"",""text"":""Aug 14, 2014 - Calgary Herald""}]",Truman Homes,false,,https://c1.staticflickr.com/9/8660/16480268169_ec2dfb9dab_c.jpg,51 Oak Apartment Building 2 courtesy of Truman Homes,
1809,New Horizon Mall,Commercial / Retail,Rocky View County,,"(51.1879997253418, -113.995002746582)",,$37500000.00,Announced,2015 - 2017,http://www.newhorizonmall.com/home.php,"[{""url"":""http://calgary.ctvnews.ca/new-mall-plans-to-set-up-shop-on-calgary-s-northern-edge-1.1494638"",""text"":""Oct 11, 2013 - CTV News""}]",The Torgan Group / MPI Property Group,false,,,,"Multicultural shopping centre that will house 500 unique boutiques, more than twice as many as Calgarys current largest mall. Will also feature a banquet hall and food court that has a capacity of 300. Planned construction start late 2015 or early 2016."
1810,Gateway Block Conversion,Commercial / Retail,Calgary,,"(51.0470008850098, -114.054000854492)",,$300000000.00,Announced,2015 - 2019,,"[{""url"":""http://www.theglobeandmail.com/report-on-business/industry-news/property-report/riocan-plans-shopping-centre-for-calgarys-east-village/article13321516/"",""text"":""Jul 19, 2013 - Globe and Mail""}]",RioCan Real Estate Investment Trust,false,,,,"Conversion of Gateway Block, East Village, into shopping centre and two residential towers."
1821,Lacombe Police Station,Infrastructure,Lacombe,,"(52.4630012512207, -113.727996826172)",,$7000000.00,Announced,2015 - 2016,http://www.lacombe.ca/Home/Components/News/News/128/18,"[{""url"":""http://www.lacombeglobe.com/2013/10/24/new-location-selected-for-lacombe-police-services"",""text"":""Oct 24, 2013 - Lacombe Globe""}]",Town of Lacombe,false,,,,New Police Station to replace the existing 65 year old location.Planned construction start June 2015.
1825,"Highway 63 Grade, Base and Pave 13447",Infrastructure,Athabasca County,Athabasca County,,"{ ""type"": ""LineString"", ""coordinates"": [ [ -112.50565, 54.944378 ], [ -112.504945, 54.945387 ], [ -112.499023, 54.953806 ], [ -112.497108, 54.956654 ], [ -112.493198, 54.962158 ], [ -112.487767, 54.970033 ], [ -112.487167, 54.9711 ], [ -112.486817, 54.972217 ], [ -112.48675, 54.97335 ], [ -112.486967, 54.974467 ], [ -112.487483, 54.975567 ], [ -112.487817, 54.9761 ], [ -112.488267, 54.97665 ], [ -112.4893, 54.977617 ], [ -112.507733, 54.993783 ], [ -112.5087, 54.994767 ], [ -112.509083, 54.9953 ], [ -112.5094, 54.995833 ], [ -112.50965, 54.996383 ], [ -112.509833, 54.99695 ], [ -112.509933, 54.997517 ], [ -112.509967, 54.99865 ], [ -112.509918, 55.001796 ], [ -112.509929, 55.009436 ], [ -112.509948, 55.023937 ], [ -112.509987, 55.053029 ], [ -112.510027, 55.082161 ], [ -112.510033, 55.086567 ], [ -112.509892, 55.087738 ], [ -112.509549, 55.088794 ], [ -112.508991, 55.089973 ], [ -112.508468, 55.090746 ], [ -112.506711, 55.092932 ], [ -112.498028, 55.103959 ], [ -112.496762, 55.105567 ], [ -112.4923, 55.111233 ], [ -112.492046, 55.111565 ], [ -112.491952, 55.111689 ], [ -112.4915, 55.112283 ], [ -112.490833, 55.11335 ], [ -112.489833, 55.11555 ], [ -112.487298, 55.121582 ], [ -112.480967, 55.13665 ], [ -112.4808, 55.1372 ], [ -112.480567, 55.138317 ], [ -112.480467, 55.13945 ], [ -112.480425, 55.140865 ] ] }",$31800000.00,Announced,2013 - 2015,http://carmacksent.com/twinning-highway-63/,"[{""url"":""http://alberta.ca/release.cfm?xID=3713130D933F6-DCB0-E523-6F93B6CEE1FA0B1B"",""text"":""Oct 2, 2014 - Government of Alberta""}]",Alberta Transportation,false,Carmacks Enterprises,,,"HIghway 63 Grade, Base and Pave between Lac la Biche River and S of Wandering River - See more at: http://albertacanada.com/business/statistics/inventory-of-major-projects.aspx?form=2andprojectId=1825andregion=#sthash.fG13Ko7Q.dpuf"
1828,Emerald Hills Apartment Building,Residential,Strathcona County,,"(53.5645942687988, -113.277183532715)",,$20000000.00,Announced,2014 - 2015,https://www.highstreetliving.ca/sherwood-park/emerald-hills,"[{""url"":""http://www.strathcona.ca/departments/planning-development-services/special-projects-initiatives/emerald-hills-urban-village/"",""text"":""Aug 12, 2014 - Strathcona County""}]",Highstreet Ventures,false,,,,208 home rental apartment project comprised of 4 storey wood frame buildings on parkades.
1832,South Trail Auto Mall,Commercial / Retail,Calgary,,"(50.9213447570801, -113.9521484375)",,$100000000.00,Under Construction,Commencing 2014,http://www.mcmanesautomotive.com/Future-Projects.html,"[{""url"":""http://www.calgarysun.com/2013/10/29/planned-south-trail-automall-in-southeast-calgary-driven-to-success"",""text"":""Oct 29, 2013 - Calgary Sun""}]",McManes Automotive Group,false,,https://farm8.staticflickr.com/7601/16891947117_d0bcd2941a_b.jpg,"South Trail Chrysler Dealership, courtesy of East Side Dodge.","Includes Chrysler, Kia, Hundai dealerships in addition to two others."
1835,Cypress County Regional Water Line Exension,Pipelines,Cypress County,Cypress County,,"{""type"":""LineString"",""coordinates"":[[-110.580001831055,49.9700012207031,0.0],[-110.200996398926,49.8160018920898,0.0]]}",$10800000.00,Under Construction,2014 - 2016,,,Cypress County,false,,,,
1836,Wood Buffalo Crude Oil Pipeline Extension,Pipelines,Regional Municipality of Wood Buffalo,,,"{ ""type"": ""LineString"", ""coordinates"": [ [ -110.869539, 56.008409 ] , [-110.688264, 55.614860 ] , [ -110.701997, 55.113775 ] , [ -110.496690, 54.628988 ] , [ -110.451372, 54.591608], [-110.495317, 53.967849], [-111.264580, 52.647516] ] }",$1300000000.00,Announced,2015 - 2017,,,Enbridge Inc.,false,,,,Includes roughly 459 km of a 30 inch diameter pipeline to deliver crude oil to Enbridge Athabasca's Battle River Terminal. Proposed to begin construction September 2015.
1839,The Outlet Collection at EIA,Commercial / Retail,Leduc County,,"(53.3045082092285, -113.555686950684)",,$225000000.00,Announced,2015 - 2016,,,Ivanhoe Cambridge,false,,,,
1841,South Valley Business Centre,Commercial / Retail,Valleyview,,"(55.0651016235352, -117.276000976563)",,$42000000.00,Announced,,,,Minhas Group,false,,,,"Continuing care facility (assisted living), gas station, strip mall. Future phase includes a condominium development (up to 12 units), potentially a motel and car wash."
1842,Parsons Creek East Arterial Interchange,Infrastructure,Regional Municipality of Wood Buffalo,,"(56.7628631591797, -111.445198059082)",,$36700000.00,Under Construction,2013 - 2015,http://www.ic2i.ca/business-development-update/,,Alberta Infrastructure,false,Innovative Civil Constructors,,,
1846,Riddell Library and Learning Centre,Institutional,Calgary,,"(51.0110206604004, -114.12198638916)",,$100000000.00,Under Construction,2014 - 2017,http://www.mtroyal.ca/Library/LibraryLearningCentre/,"[{""url"":""http://www.calgarysun.com/2014/08/19/ground-broken-on-16000-sq-metre-library-and-learning-centre-at-mount-royal-university"",""text"":""Aug 19, 2014 - Calgary Sun""}]",Mount Royal University,false,Stuart Olson Dominion,https://farm6.staticflickr.com/5342/17235483515_d5596996b7_b.jpg,"Riddell Library and Learning Centre, courtesy of Mount Royal University.","Located at Mount Royal University, the new facility features 16,000 square metres of space, which is four times larger than the existing library. It will offer multimedia teaching spaces, student Learning Commons, group study rooms, and media production rooms. Group-use rooms will increase from 3 to 34."
1847,Bighorn Flood Mitigation,Infrastructure,M.D. of Bighorn No. 8,,"(51.0499992370605, -115.180000305176)",,$5700000.00,Announced,,,"[{""url"":""http://alberta.ca/release.cfm?xID=36540D8B24697-D942-9C9D-48CD291CAA11D34C"",""text"":""May 29, 2014 - Government of Alberta""}]",MD of Bighorn,false,,,,"Flood mitigation projects on Heart Creek, Exshaw Creek and Lac des Arcs."
1851,"PPCLI Support Facility, CFB Edmonton",Infrastructure,Sturgeon County,,"(53.6720008850098, -113.488998413086)",,$20000000.00,Announced,2015 - 2018,,"[{""url"":""x"",""text"":""y""}]",Defence Construction Canada,false,,,,"PPCLI Battalion 3 Support Facility, Canadian Forces Base Edmonton."
1853,Lido Condos and Hotel,Commercial / Retail and Residential,Calgary,,"(51.0537185668945, -114.086067199707)",,$15900000.00,Under Construction,2014 - 2016,http://www.battistella.ca/lido/,,Batistella Developments / Dobbin Group,false,,,,8 storeys with 60 units.
1856,Deerfoot Trail Improvements,Infrastructure,Calgary,Calgary,,"{""type"":""MultiPoint"",""coordinates"":[[-114.032531, 50.967900],[-114.033003,50.991623] ] }",$15000000.00,Announced,,http://www.transportation.alberta.ca/glengp.htm,"[{""url"":""http://calgary.ctvnews.ca/deerfoot-feedback-fuels-province-to-consider-interchange-overhaul-1.1534501"",""text"":""Nov 8, 2013 - CTV News""}]",Alberta Infrastructure,false,,,,Improvements to northbound Deerfoot Trail at Southland Drive and the off-ramp from Deerfoot Drive to Glenmore Trail.
1857,MacEwan Student Centre Expansion,Institutional,Calgary,,"(51.0753784179688, -114.132263183594)",,$155000000.00,Announced,,,"[{""url"":""http://metronews.ca/news/calgary/326490/university-of-calgary-student-centre-in-line-for-150m-renovation/"",""text"":""Aug 6, 2012 - Metro News""}]",The University of Calgary,false,,,,Expansion to MacEwan Student Centre at the University of Calgary. Proposed to take place in the next three to five years (2016 - 2018)
1858,Pigeon Lake Phase 1 Project 2B,Pipelines,Wetaskiwin County No. 10,Wetaskiwin County No. 10,,"{""type"":""LineString"",""coordinates"":[[-113.945999145508,52.9897003173828,0.0],[-113.998001098633,53.0561981201172,0.0]]}",$6100000.00,Announced,Commencing 2014,,,County of Wetaskiwin,false,,,,Project 2A is installation of 19.6 km of PVC forcemain from Westerose to Mulhurst lagoon and 1.7 km of gravity sewer main from Pigeon Lake to Westerose. Project 2B is construction of two lift stations and associated systems.
1859,Rigel Oil Sands Project,Oil Sands,Regional Municipality of Wood Buffalo,,"(57.3600006103516, -112.709999084473)",,$390000000.00,Announced,2015 - 2017,http://www.prosperpetroleum.com/projects/rigel/,,Prosper Petroleum Ltd.,false,,,,"The Rigel Oil Sands SAGD project will have a capacity of 10,000 barrels per day."
1862,Christine Meikle School Replacement,Institutional,Calgary,,"(51.0507965087891, -114.033401489258)",,$14000000.00,Announced,2015 - 2016,,,Alberta Infrastructure,false,,,,
1863,Community Knowledge Campus Sports Fields,Tourism / Recreation,Grande Prairie,,"(55.1430015563965, -118.814002990723)",,$17000000.00,Under Construction,2014 - 2019,http://www.cityofgp.com/index.aspx?page=2378,"[{""url"":""http://www.dailyheraldtribune.com/2014/11/02/synthetic-field-officially-opened"",""text"":""Nov 2, 2014 - Daily Heral-Tribune""}]",City of Grande Prairie,false,"A six year project to build a west (completed) and east synthetic field, play fields, running tracks, askating oval and parking lots).",,,
1870,The Park Condos,Residential,Calgary,,"(51.040397644043, -114.063903808594)",,$36900000.00,Under Construction,2013 - 2015,http://www.liveonthepark.com/,,Lake Placid Developments,false,EllisDon Corporation,,,"An 18 storey, 156 unit condominium."
1871,Viridian 1  Condo,Residential,Calgary,,"(51.1699981689453, -114.139999389648)",,$10000000.00,Under Construction,2014 - 2015,,,Trico Homes,false,,https://farm9.staticflickr.com/8576/16511080180_32500c4ba4_b.jpg,"Viridian Condo Building 1, courtesy of Trico Homes.",
1873,Alberta Flying Heritage Museum,Tourism / Recreation,Sturgeon County,,"(53.6675987243652, -113.862800598145)",,$10000000.00,Announced,,,"[{""url"":""http://globalnews.ca/news/972629/new-aviation-museum-to-be-built-just-outside-edmonton-at-villeneuve-airport/"",""text"":""Nov 17, 2014 - Global News""}]",Edmonton Regional Airport Authority,false,,,,The new museum will be built on a 13-acre site the Villeneuve Airport.
1874,Eau Claire Plaza Redevelopment Phase 1,Commercial / Retail and Residential,Calgary,,"(51.0540008544922, -114.069999694824)",,$75000000.00,Announced,2015 - 2016,http://eauclairemarket.com,,Harvard Developments Inc.,false,Ledcor Construction,,,"Includes a podium building with retail space, a hotel and a condominium."
1877,Bow River Flood Mitigation,Infrastructure,Calgary,,"(51.0499992370605, -114.059997558594)",,$12600000.00,Announced,,,"[{""url"":""http://www.cbc.ca/news/canada/calgary/calgary-flood-prevention-plan-includes-bow-river-fixes-1.2530903"",""text"":""Feb 10, 2014 - CBC News""}]",City of Calgary,false,,,,
1878,LNG Liquification Plant,Oil and Gas,Edmonton,,"(53.5536346435547, -113.67350769043)",,$45000000.00,Announced,2014 - 2016,,,ENN Canada Corp. / Ferus Natural Gas Fuels,false,,,,
1880,Aspen Integrated Resource Recovery Facility,Other Sectors,Drayton Valley,,"(53.2214508056641, -114.979667663574)",,$22000000.00,Announced,,,"[{""url"":""http://ccemc.ca/project/drayton-valley-aspen-integrated-resource-recovery-airr-facility/"",""text"":""CCEMC""}]",MCL Waste Systems,false,,,,"Facility that will use renewable energy technology to convert residual municipal waste into solid fuelt pellets with the same heat value as Alberta coal.  It is estimated to reduce 909,816 tonnes of CO2e by 2020."
1883,Bridgeland Crossings Condo,Residential,Calgary,,"(51.048999786377, -114.040000915527)",,$35700000.00,Under Construction,2014 - 2015,http://www.bridgelandcrossings.com/,,Apex City Homes,false,,https://farm9.staticflickr.com/8599/16459120387_13fce90dab_b.jpg,"Bridgeland Crossings Phase 1 Apartment Building, courtesy of Apex City Homes.",
1884,Airside Connections Corridor Terminal,Commercial / Retail,Calgary,,"(51.1245307922363, -114.020568847656)",,$23600000.00,Under Construction,Commencing 2014,,,Calgary Airport Authority,false,,,,
1885,Overture in Currie Barracks Condo,Residential,Calgary,,"(51.0200004577637, -114.120002746582)",,$6700000.00,Under Construction,2014 - 2015,http://jayman.com/overture/,"[{""url"":""http://www.calgaryherald.com/business/Luxurious+condo+development+selling+briskly+Currie+Barracks/10157921/story.html"",""text"":""Aug 27, 2014 - Calgary Herald""}]",Jayman Homes,false,,https://c1.staticflickr.com/9/8583/16480275659_facdd03006_c.jpg,"Overture in Currie Barracks' Apartment Building 1, courtesy of Jayman Homes. ","Includes building 1 of a 3 building, four-storey condo with 63 units."
1891,Urban Operations Training System at CFB Edmonton,Other Sectors,Sturgeon County,,"(53.6500015258789, -113.48999786377)",,$5200000.00,Under Construction,2014 - 2015,http://www.ceaa-acee.gc.ca/052/details-eng.cfm?pid=66241,,Defence Construction Canada,false,Aman Building Corp,,,"Includes building complexes in a village setting which are equipped with weapons and effects simulation devices, monitoring equipment and after-action review systems to assist troop training in urbanized settings."
1892,Harvest Operations Gas Fired Power Plant,Power,Flagstaff County,,"(52.5141983032227, -111.926002502441)",,$10000000.00,Announced,,,,Harvest Operations Corp.,false,,,,A 5.6MW power plant to be built in the Bellshill gas plant. An Application has been filed.
1893,New Grain Terminal and Terminal Expansion,Agriculture / Forestry and Related,Grimshaw,,"(56.1888999938965, -117.613998413086)",,$34000000.00,Under Construction,2014 - 2016,,,Viterra Inc.,false,,,,New throughput grain terminal near Grimshaw and terminal expansion at Grassy Lake.
1894,Roundabout at 30 Ave / 67 St,Infrastructure,Red Deer,,"(52.2900009155273, -113.769996643066)",,$17000000.00,Announced,2014 - 2015,,,City of Red Deer,false,,,,Proposals due April 30.
1895,Red Deer Transmission Stations,Power,Red Deer,,"(52.2999992370605, -113.800003051758)",,$8900000.00,Announced,,,"[{""url"":""http://www.auc.ab.ca/items-of-interest/red-deer-transmission-development/Pages/default.aspx"",""text"":""Jul 29, 2014 - AUC""}]",City of Red Deer,false,,,,
1896,Road Development on 30th Ave,Infrastructure,Red Deer,,"(52.2999992370605, -113.800003051758)",,$8100000.00,Announced,2014 - 2015,,,City of Red Deer,false,,,,From Northland Drive to 67 street.
1898,"Highway 63 Grade, Base and Pave 10517",Infrastructure,Athabasca County,Athabasca County,,"{ ""type"": ""LineString"", ""coordinates"": [ [ -112.57328, 54.819402 ], [ -112.573266, 54.819399 ], [ -112.573253, 54.820223 ], [ -112.573216, 54.820834 ], [ -112.573093, 54.821373 ], [ -112.572797, 54.821899 ], [ -112.572464, 54.82241 ], [ -112.572169, 54.822694 ], [ -112.571528, 54.823255 ], [ -112.570912, 54.823674 ], [ -112.570345, 54.823979 ], [ -112.569211, 54.824504 ], [ -112.56203, 54.827802 ], [ -112.554733, 54.83105 ], [ -112.552133, 54.832217 ], [ -112.5515, 54.832533 ], [ -112.550383, 54.833217 ], [ -112.549883, 54.8336 ], [ -112.54945, 54.834 ], [ -112.548733, 54.83485 ], [ -112.54845, 54.8353 ], [ -112.54825, 54.835767 ], [ -112.5481, 54.836233 ], [ -112.548, 54.8372 ], [ -112.548003, 54.849412 ], [ -112.547967, 54.878511 ], [ -112.548065, 54.895526 ], [ -112.548067, 54.896033 ], [ -112.547917, 54.897017 ], [ -112.547533, 54.898 ], [ -112.547267, 54.898483 ], [ -112.54695, 54.89895 ], [ -112.54655, 54.899417 ], [ -112.545633, 54.9003 ], [ -112.545083, 54.900717 ], [ -112.543366, 54.901916 ], [ -112.53512, 54.907618 ], [ -112.522866, 54.916091 ], [ -112.518776, 54.918919 ], [ -112.518761, 54.918911 ] ] }",$69900000.00,Announced,2014 - 2016,,,Alberta Transportation,false,Carmacks Enterprises,,,
1900,Genalta Waste to Power Project,Power,Peace River,,"(56.25, -117.339996337891)",,$14900000.00,Announced,,,"[{""url"":""http://ccemc.ca/project/emission-free-electrical-power-from-multiple-waste-energy-sources/"",""text"":""CCEMC""}]",Genalta Power Inc.,false,,,,The project will reduce operating costs and GHG emissions and increase power reliability at the plant.
1902,Stollery Pediatric Critical Care Unit Expansion,Institutional,Edmonton,,"(53.5199928283691, -113.524192810059)",,$22300000.00,Announced,2015 - 2016,http://www.albertahealthservices.ca/4264.asp,,Alberta Infrastructure,false,,,,Project is currently on hold while options for a cardiovascular critical care unit are being evaluated.
1911,La Glace Arena,Tourism / Recreation,County of Grande Prairie No. 1,,"(55.4000015258789, -119.150001525879)",,$6600000.00,Announced,2015 - 2016,,"[{""url"":""http://www.dailyheraldtribune.com/2013/12/03/county-to-consider-45-million-for-la-glace-arena"",""text"":""Dec 3. 2013 - Daily Herald-Tribune""}]",La Glace Agricultural Society,false,,,,"A new arena that will provide a larger ice surface, multi-use foyer and concession stand, and indoor walking track."
1913,Parkland County Ambulance Facility,Infrastructure,Spruce Grove,,"(53.5499992370605, -113.910003662109)",,$6700000.00,Announced,,,,Parkland County,false,,,,
1915,Kahanoff Centre Expansion - Kahanoff Two,Tourism / Recreation,Calgary,,"(51.0411758422852, -114.063331604004)",,$23900000.00,Under Construction,2014 - 2015,,,Decidedly Jazz Danceworks / Kahanoff Centre for Charitable Activities,false,CANA Construction,,,"Building two of the Kanahoff Centre expansion. To include dance studios, performance venues, a recreational school and community space."
1919,Emerald Hills Regional Park,Tourism / Recreation,Strathcona County,,"(53.5645942687988, -113.277183532715)",,$10000000.00,Under Construction,2014 - 2015,,,Strathcona County,false,,,,
1920,Aspen Oil Sands Project,Oil Sands,Regional Municipality of Wood Buffalo,,"(57.1800003051758, -111.434997558594)",,$7000000000.00,Announced,,http://www.imperialoil.ca/Canada-English/operations_sands_aspen.aspx,"[{""url"":""http://www.theglobeandmail.com/report-on-business/industry-news/energy-and-resources/imperial-applies-to-build-7-billion-northern-alberta-oil-sands-project/article16008375/"",""text"":""Dec 17, 2013 - The Globe and Mail""}]",Imperial Oil Ltd.,false,,,,"The Aspen project is a proposed in-situ steam assisted gravity drainage (SAGD) oil sands project. Aspen would produce up to 135,000 barrels of bitumen a day ? putting it among the company?s largest oil sources. The output would be achieved with three phases. Planned construction phase 1 from 2017 to 2020."
1921,Stoney CNG Transit Bus Garage,Infrastructure,Calgary,,"(51.1679992675781, -114.015998840332)",,$200000000.00,Announced,2016 - 2018,http://www.calgary.ca/Transportation/TI/Pages/Transit-projects/Stoney-CNG-Transit-Bus-Garage.aspx,,City of Calgary,false,,,,"A new facility that will provide storage and maintenance space for Calgary Transit""s CNG and diesel buses.  Will have a capacity to house 400 buses, 40 maintenance bays, two steam bays and on-site compressed natural gas fuelling. Construction is proposed to start summer 2016."
1922,"Elementary / Jr High Schools, Windermere",Institutional,Edmonton,,"(53.4420013427734, -113.61499786377)",,$35500000.00,Announced,2015 - 2016,,,Alberta Infrastructure,false,,,,
1923,"Three Schools, Parsons Creek",Institutional,Regional Municipality of Wood Buffalo,,"(56.7700004577637, -111.43399810791)",,$60000000.00,Announced,2015 - 2016,,,Alberta Infrastructure,false,,,,"Includes Christina Gordon Elementary (K to Grade 6), Dave McNeilly (K to Grade 8) and a third K to Grade 6 school."
1924,Pipeline System Expansions Phase 3,Pipelines,Fox Creek,Edmonton,,"{ ""type"": ""LineString"", ""coordinates"": [ [ -116.816074, 54.394063 ], [ -115.448442, 54.702609 ], [ -115.150778, 53.910851 ], [ -113.486594, 53.718641 ] ] }",$2440000000.00,Announced,2015 - 2017,http://www.pembina.com/about-us/projects/,,Pembina Pipeline Corp.,false,,,,"Pipeline to carry combination of crude oil, condensates and natural gas liquids from Fox Creek to Namao, plus pipeline from Wapiti to Kakwa."
1925,Aspen Gardens Elementary School,Institutional,Calgary,,"(51.1651000976563, -114.238945007324)",,$15000000.00,Announced,,,,Alberta Infrastructure,false,,,,
1928,Beaver Street Apartments,Residential,Banff,,"(51.1800003051758, -115.567001342773)",,$9000000.00,Announced,,,"[{""url"":""http://www.rmoutlook.com/article/20131128/RMO0801/311289981/caribou-properties-proposes-apartment-complex"",""text"":""Nov 28, 2013 - Rocky Mountain Outlook""}, {""url"":""http://www.thecragandcanyon.ca/2014/09/10/beaver-st-development-moves-forward"",""text"":""Sep 15, 2014 - Bow Valley Crag and Canyon""}]",Caribou Properties,false,,,,A five-building 38-unit apartment style residential complex designed for younger business staff in Banff.
1931,North Point Road and Drainage Redesign,Infrastructure,Bonnyville,,"(53.9900016784668, -111.290000915527)",,$8800000.00,Announced,,,"[{""url"":""http://www.bonnyvillenouvelle.ca/apps/pbcs.dll/article?AID=/20141209/BNV0801/312099964"",""text"":""Dec 9, 2014 - Bonnyville Nouvelle""}]",Town of Bonnyville,false,,,,"Proposed as part of the town""s 5-year capital plan."
1933,East Wheatland Regional Elementary / High School,Institutional,Wheatland County,,"(51.0400009155273, -112.849998474121)",,$16000000.00,Under Construction,2015 - 2016,,,Alberta Infrastructure,false,Delnor Construction,,,
1936,The Guardian South Condos,Residential,Calgary,,"(51.0400009155273, -114.050003051758)",,$50400000.00,Under Construction,2014 - 2016,http://theguardiancalgary.com/,"[{""url"":""http://www.calgarysun.com/2014/10/31/the-guardians-large-suites-in-demand"",""text"":""Nov 1, 2014 - Calgary Sun""}, {""url"":""http://www.calgaryherald.com/Guardian+South+Calgary+tallest+residential+tower/9843622/story.html"",""text"":""May 14, 2014 - Calgary Herald""}]",Hon Towers Ltd.,false,Axiom Builders Inc,,,"A 44-storey 308 unit highrise residential tower planned in central Calgary that is currently under construction, expected to be completed in 2016."
1938,Quarry Crossing II Office Building,Commercial / Retail,Calgary,,"(50.9668998718262, -114.002899169922)",,$72800000.00,Under Construction,2014 - 2016,http://www.remingtoncorp.com/leasingLocation.php?view=37,,Remington Development Corp.,false,,https://c1.staticflickr.com/9/8662/16046493673_2b6fcd0695_b.jpg,"Quarry Crossing Phase 2 Office Building, courtesy of Remington Development Corp.","A 512,000 sq ft office building project in Calgary with numerous amenities including The Market at Quarry Park providing retail services, health facilities, large park spaces, and immediately adjacent to the Bow River and its pathway system."
1939,Rosealta Lodge Expansion,Institutional,Camrose,,"(53.0104217529297, -112.831367492676)",,$9600000.00,Announced,2014 - 2015,,"[{""url"":""http://cmhc.gc.ca/en/corp/nero/sp/2013/2013-09-10-1230.cfm"",""text"":""Sep 10, 2013 - CMHC""}]",Bethany Care Group,false,Krawford Construction,,,"When completed, this expansion project will provide 40 additional units of affordable housing for seniors at Rosealta Lodge."
1944,Essence at Windermere Condos,Residential,Edmonton,,"(53.4370002746582, -113.616996765137)",,$10800000.00,Under Construction,2014 - 2015,http://www.essenceliving.ca/,"[{""url"":""http://www.cbc.ca/news/canada/edmonton/condo-fire-was-deliberately-set-says-developer-1.2574877"",""text"":""Mar 16, 2014 - CBC News""}]",Cove Properties Ltd.,false,,https://c1.staticflickr.com/9/8639/16656395011_6405bcf8e0_c.jpg,"Essence at Windermere Building, courtesy of Cove Properties Ltd.","A four-storey 79-unit lowrise condominium in the Windermere neighbourhood in Edmonton.  A fire claimed the initial structure in March 2014, though the developers are intending to rebuild."
1951,Heritage Park Community Centre,Tourism / Recreation,Stony Plain,,"(53.5368995666504, -114.009498596191)",,$10500000.00,Announced,2015 - 2016,http://www.stonyplain.com/Town-Hall/Departments/Community-Services/Parks-and-Trails/Heritage-Park.htm,"[{""url"":""http://www.stonyplainreporter.com/2014/11/07/community-centre-project-finally-moves-forward"",""text"":""Nov 7, 2014 - Stony Plain Reporter""}]",Town of Stony Plain,false,,https://farm8.staticflickr.com/7634/16670207000_c462bd2074_b.jpg,"Heritage Park Community Centre, courtesy of the Town of Stony Plain.","A 27,000 sq ft facility with seating for more than 500 in the main area.  Planned construction start May."
1953,Keyera NGL Expansion,Oil and Gas,Fort Saskatchewan,,"(53.75, -113.129997253418)",,$220000000.00,Announced,2015 - 2016,https://www.keyera.com/titanweb/keyera/webcms.nsf/AllDoc/A1F9FEADC947C03787257B1F005A1B9E?OpenDocument#.VPCwZ_nF98E,"[{""url"":""https://www.keyera.com/titanweb/keyera/webcms.nsf/AllDocs/3C557F32131E8B3887257C5A00452451?OpenDocument#.VPCvxPnF98E"",""text"":""Jan 8, 2014 - Press Release""}]",Keyara Corp.,false,Keyera Corp.,,,"An expansion project that will double the existing facility""s fractionation capacity of natural gas liquids from 30,000 barrels per day to 65,000 barrels per day."
1956,Canmore Hotel Restoration,Tourism / Recreation,Canmore,,"(51.0891914367676, -115.358451843262)",,$11000000.00,Announced,,http://www.canmorehotel.com/our-plans.html,"[{""url"":""http://www.rmoutlook.com/article/20130314/RMO0801/303149996/-1/rmo0801/developer-planning-to-rehabilitate-restore-hotel"",""text"":""Mar 14, 2014 - Rocky Mountain Outlook""}]",Heritage Property Corp.,false,,,,"This project includes restoration of the original hotel, expansion of the pub operations, and reconfiguration of the second floor hotel rooms. The main floor of the hotel will also be reconfigured to provide a separate hotel lobby and proper reception.  An addition will be built on the east side of the existing hotel for retail space and a refurbished pub."
1959,West End Fire Station,Infrastructure,Leduc,,"(53.2606048583984, -113.549102783203)",,$7700000.00,Under Construction,2014 - 2015,,"[{""url"":""http://www.leducrep.com/2014/05/21/ground-broken-on-west-end-fire-hall-to-open-in-summer-2015-3"",""text"":""May 21, 2014 - Leduc Rep""}]",City of Leduc,false,Temple Contracting,,,"The new hall, located off 50 Avenue/Highway 39 and just west of the West Haven neighbourhood, will cover about 12,000 square feet, roughly the same size as Leduc Fire Services? portion of the existing Leduc emergency services building, shared with Leduc RCMP on 50 Avenue."
1961,Autumn Glen Lodge Upgrades / Modernization,Institutional,Innisfail,,"(52.0190010070801, -113.949996948242)",,$17600000.00,Announced,2016 - 2018,,,Parkland Foundation / The Bethany Group,false,,,,Proposed to be built in three phases. Includes sixty rooms and thirty self-contained units.
1962,East Campus Infill,Institutional,Edmonton,,"(53.5254936218262, -113.516395568848)",,$5500000.00,Under Construction,2014 - 2015,http://www.residence.ualberta.ca/en/Residence%20Services%20News/2014/November/EastCampusInfillProjectConstruction.aspx,,University of Alberta,false,,,,The East Campus Village Infill residence expansion project by the University of Alberta will introduce two new residences with respective occupancies of 35 and 37 students to the University of Alberta?s on-campus housing inventory.
1963,Canfor Mill Modernization,Agriculture / Forestry and Related,Grande Prairie,,"(55.1776161193848, -118.826416015625)",,$15000000.00,Announced,,,"[{""url"":""http://www.dailyheraldtribune.com/2014/01/19/canfor-invests-15-million-in-gp-mill"",""text"":""Jan 19, 2014 - Grande Prairie Daily Herald Tribune""}]",Canfor,false,,,,"The planned work in Grande Prairie includes upgrades in controls and technology as well as equipment modifications, in order to enhance efficiency and productivity at the mill."
1964,Highstreet Calgary,Commercial / Retail and Residential,Calgary,,"(51.081298828125, -114.227485656738)",,$400000000.00,Announced,,http://shapeproperties.com/our-places/highstreet-calgary,"[{""url"":""http://www.calgaryherald.com/Residents+raise+concerns+about+massive+proposed+west+Calgary+mall/9409522/story.html"",""text"":""Jan 19, 2014 - Calgary Herald""}]",Shape Properties,false,,,,"Highstreet Calgary is a regional shopping centre development in West Calgary with close to 1,400 feet of frontage along the Trans-Canada Highway. The mixed-use open air regional shopping centre will include 650,000 sq ft of retail and some 800-1000 on site residences."
1965,McDougall United Church Repairs,Institutional,Edmonton,,"(53.5390014648438, -113.49299621582)",,$18400000.00,Announced,,,"[{""url"":""http://www.edmontonjournal.com/High+repair+costs+make+future+uncertain+historic+downtown+McDougall+United+Church/10827674/story.html"",""text"":""Feb 9, 2015 - Edmonton Journal""}]",McDougall United Church,false,,,,The church requires $18 to $25 million in repairs and restoration over the next seven years.  Funding is being sought from different orders of government.
1966,Spruce Valley Drive Repave,Infrastructure,Regional Municipality of Wood Buffalo,,"(56.6619987487793, -111.150596618652)",,$6500000.00,Announced,,,,Regional Municipality of Wood Buffalo,false,,,,
1969,Hilton Homewood Suites Hotel,Tourism / Recreation,Edmonton,,"(53.5740013122559, -113.516998291016)",,$13800000.00,Announced,2014 - 2016,http://homewoodsuites3.hilton.com/en/hotels/alberta/homewood-suites-by-hilton-calgary-airport-alberta-canada-YYCHWHW/index.html,,Randhawa Group of Companies,false,,,,
1970,Delta Calgary Interior Renovations,Tourism / Recreation,Calgary,,"(51.0458145141602, -114.055824279785)",,$31400000.00,Announced,,,,Delta Hotels,false,,,,
1971,Elements on First,Residential,Calgary,,"(51.0506248474121, -114.06037902832)",,$5100000.00,Announced,,http://www.elementsonfirst.com/,,Keepsake Development Corp.,false,,,,32 unit waterfront development
1978,Endress and Hauser Customer Support Centre,Commercial / Retail,Edmonton,,"(53.4075202941895, -113.480285644531)",,$10000000.00,Under Construction,Commencing 2014,http://www.ca.endress.com/en/newsroom/news,,Endress and Hauser,false,CPI Construction,,,"20,000-square-foot facility to centralize inventory, technical expertise and customer support teams in a western hub."
1981,Ross Sheppard HS Modernization,Institutional,Edmonton,,"(53.5590705871582, -113.557952880859)",,$39000000.00,Announced,2015 - 2017,,,Alberta Infrastructure,false,,,,"Planned construction start June, 2 storey Modernization"
1982,Replacement School St. Brendan,Institutional,Edmonton,,"(53.5304107666016, -113.424263000488)",,$19000000.00,Under Construction,2015 - 2016,,,Alberta Infrastructure,false,,,,1 storey constrcution of a K-9 replacement school for a capacity of 750 strudents.
1984,F.P. Walshe and W.A. Day Schools Modernization,Institutional,Fort Macleod,,,"{""type"":""MultiPoint"",""coordinates"": [ [-113.400490, 49.719298], [-113.402940, 49.722373] ] }",$17000000.00,Announced,2015 - 2016,,,Alberta Infrastructure,false,Ward Bros Construction,,,"Students from F.P Walshe, W.A. Day and G.R. Davis will be consolidated into the two schools."
1989,Medicine Hat High School Modernization,Institutional,Medicine Hat,,"(50.0343437194824, -110.690551757813)",,$37200000.00,Announced,2015 - 2017,,,Medicine Hat School District,false,,,,Renovation and modernization .
1990,Monsignor McCoy High School Modernization,Institutional,Medicine Hat,,"(50.0401077270508, -110.677490234375)",,$9200000.00,Announced,2015 - 2016,www.mccoymodernization.ca/,"[{""url"":""http://chattelevision.ca/__news/mccoy-high-school-shares-modernization-plan-with-families/"",""text"":""Sep 24, 2014 - Chat TV""}]",Alberta Infrastructure,false,,,,"Includes a new gym expansion, common area, classroom space, washrooms, staff room upgrades, and mechanical system upgrades."
1994,Banff Elementary Replacement Bldg Phase 1,Institutional,Banff,,"(51.1809997558594, -115.572998046875)",,$8500000.00,Announced,2015 - 2016,,"[{""url"":""http://www.thecragandcanyon.ca/2014/06/25/banff-elementary-expansion-finds-funding"",""text"":""Jun 25, 2014 - The Crag and Canyon""}]",Alberta Infrastructure,false,,,,"New core school with with offices, a boiler plant and industrial room and other essential infrastructure, including roughly 10 classrooms.  Construction is planned to start in the fall."
1997,Cold Lake Elementary School Replacement,Institutional,Cold Lake,,"(54.4560012817383, -110.170997619629)",,$15400000.00,Announced,2015 - 2016,,"[{""url"":""http://www.coldlakesun.com/2014/02/03/cles-to-be-replaced"",""text"":""Feb 3, 2014 - Cold Lake Sun""}]",Alberta Infrastructure,false,GenMec ACL inc.,,,"K - 4, 500-student capacity school to replace the previous school, built in 1955. Planned construction start in April. Target date of Sept 1, 2016."
1999,Onoway Replacement High School,Institutional,Lac Ste. Anne County,,"(53.701000213623, -114.195999145508)",,$25500000.00,Under Construction,2015 - 2016,,"[{""url"":""http://www.mayerthorpefreelancer.com/2014/02/03/onoway-to-get-new-school-vanderburg-announces-2"",""text"":""Feb 3, 2014 - Mayerthorpe Freelancer""}]",Alberta Infrastructure,false,Binder Construction,,,7 - 12 school to replace Onoway Junior-Senior High School.
2001,Edmonton Urban Pipeline Replacement Project,Pipelines,Edmonton,,,"{ ""type"": ""LineString"", ""coordinates"": [ [ -113.652098, 53.540213 ], [  -113.656819, 53.466292 ], [ -113.619139, 53.465577 ], [  -113.559315, 53.427366 ], [ -113.526914, 53.434052 ], [ -113.561289, 53.396926 ] ] }",$250000000.00,Announced,2015 - 2018,http://www.atcopipelines.com/upr/,"[{""url"":""http://www.edmontonsun.com/2014/02/03/atco-going-ahead-with-pipeline-move-in-edmonton-and-calgary-neighbourhoods"",""text"":""Feb 3, 2014 - Edmonton Sun""}]",ATCO Pipelines,false,,,,The removal or repurposing of 135km of high-pressure natural gas pipeline to negate the dangers of operating high-pressure pipelines in urban areas.
2002,Marriott Courtyard Hotel,Tourism / Recreation,Regional Municipality of Wood Buffalo,,"(56.7606010437012, -111.446998596191)",,$30000000.00,Announced,Commencing 2016,,,Shelter Canadian Properties Ltd.,false,Bird Construction,https://farm9.staticflickr.com/8718/16734602219_5745987943_b.jpg,"Marriott Courtyard Hotel, Airport Road, courtesy of Kasian Architecture.",Constuction to start March 2016. 12 storey hotel with 200 suites.Builty adjecent to a 4 storey parking structure with 200 spaces.
2004,Sunday Creek Terminal Expansion,Pipelines,Regional Municipality of Wood Buffalo,,"(55.6300010681152, -110.98999786377)",,$200000000.00,Announced,,,"[{""url"":""http://www.marketwired.com/press-release/enbridge-to-invest-02-billion-to-expand-sunday-creek-terminal-tsx-enb-1873635.htm"",""text"":""Jan 29, 2014 - Market Wired""}]",Enbridge Inc.,false,,,,"Construction of additional facilities to support production growth from the Christina Lake oil sands project.  Includes development of new site adjacent to the existing terminal and a new 350,000 barrel tank."
2006,John Paul II School Modernization,Institutional,Stony Plain,,"(53.5180015563965, -114.000999450684)",,$9400000.00,Under Construction,2015 - 2016,,,Alberta Infrastructure,false,,,,
2010,Donnelly Commerical Facility,Commercial / Retail,Smoky River M.D. No. 130,,"(55.7274017333984, -117.105003356934)",,$25000000.00,Announced,,,"[{""url"":""http://www.southpeacenews.com/newsdesk/volume52/140129/news1.html"",""text"":""Southpeace News""}]",Sucker Creek First Nation and partners,false,,,,"To include hotel, gas station, bulk station, restaurant, car/truck wash and strip mall."
2016,St. Jerome School Modernization,Institutional,Vermilion,,"(53.3517570495605, -110.840133666992)",,$9300000.00,Announced,2015 - 2016,,,Alberta Infrastructure,false,OML Construction Services Ltd.,,,
2017,"EH Walter School Replacement, Paradise Valley",Institutional,Vermilion River County,,"(53.0364227294922, -110.299011230469)",,$10800000.00,Under Construction,2015 - 2016,,,Alberta Infrastructure,false,,,,Planned construction start April 2015.
2020,Ecole Notre Dame HS Modernization,Institutional,Bonnyville,,"(54.2660522460938, -110.741844177246)",,$10000000.00,Announced,2015 - 2016,,,Alberta Infrastructure,false,,,,Includes building upgrades plus a new gymnasium and CTS room.
2022,St. Michael's School Modernization,Institutional,Pincher Creek,,"(49.4837989807129, -113.946998596191)",,$11500000.00,Announced,2015 - 2017,,"[{""url"":""http://www.pinchercreekvoice.com/2014/12/st-michaels-school-modernization-plans.html"",""text"":""Dec 15. 2014 - Pincher Creek Voice""}]",Alberta Infrastructure,false,Ward Bros Construction,,,Planned construction start May.
2023,Annie L Gaetz School Modernization,Institutional,Red Deer,,"(52.2556343078613, -113.783462524414)",,$5200000.00,Announced,2014 - 2015,,,Alberta Infrastructure,false,Shunda Consulting and Construction Management.,,,
2031,Great Spirit Power Project,Power,Parkland County,,"(53.5475997924805, -114.268997192383)",,$1000000000.00,Announced,2015 - 2017,,"[{""url"":""http://www.sprucegroveexaminer.com/2014/02/14/paul-first-nation-embraces-the-spirit-of-energy"",""text"":""Feb 14, 2014 - Spruce Grove Examiner""}]",Ironhead First Nations Partnership,false,,,,"The Great Spirit Power Project will be a 1,000 MW combined cycle, gas-fired power plant in the Paul First Nation's industrial park."
2034,Fort Station Residential Development,Commercial / Retail and Residential,Fort Saskatchewan,,"(53.7000007629395, -113.230003356934)",,$9000000.00,Under Construction,2014 - 2016,,,Haro Developments,false,,,,
2040,Legacy Ridge Elementary school,Institutional,Lethbridge,,"(49.7317314147949, -112.82982635498)",,$12300000.00,Announced,2015 - 2016,,,Alberta Infrastructure,false,Golden Triangle Construction Management.,,,Expected to add 450 to student capacity.
2043,The University Brownstones Condos,Residential,Edmonton,,"(53.5086402893066, -113.510101318359)",,$6100000.00,Announced,,http://edmontoncondo.com/,,Tessco Inc.,false,,,,
2044,Two Apartment Buildings,Residential,Edmonton,,"(53.421989440918, -113.464149475098)",,$21100000.00,Under Construction,2013 - 2014,,,RDC Developments,false,,,,
2045,Corpus Christi Catholic Church,Institutional,Edmonton,,"(53.4593696594238, -113.393577575684)",,$14000000.00,Under Construction,2014 - 2015,,,Catholic Diocese of Edmonton,false,,,,
2049,Leduc and Fort Saskatchewan K to Grade 9 Schools,Institutional,Fort Saskatchewan,,,"{""type"":""MultiPoint"",""coordinates"": [ [-113.209725, 53.706822], [-113.538189,53.249771] ] }",$27200000.00,Announced,2015 - 2016,,,Alberta Infrastructure,false,,,,Exact locations still to be determined.
2050,Royal Oaks K to 9 School,Institutional,Grande Prairie,,"(55.1998710632324, -118.79857635498)",,$19400000.00,Announced,2015 - 2016,,,Alberta Infrastructure,false,Clark Builders,,,Planned construction start May 2015.
2051,Westwinds Business Park Phase 3,Commercial / Retail,Calgary,,"(51.109001159668, -113.971000671387)",,$13000000.00,Under Construction,2014 - 2015,http://www.remingtoncorp.com/leasingLocation.php?view=36,,Remington Development Corp.,false,,https://c1.staticflickr.com/9/8614/16044117924_00768a3248_b.jpg,"Westwinds Business Park Phase 3, courtesy of Remington Development Corp.","72,123 square foot facility"
2055,Bonnybrook Wastewater Treatment Plant D Expansion,Infrastructure,Calgary,,"(51.0104179382324, -114.02490234375)",,$600000000.00,Announced,2015 - 2022,,"[{""url"":""http://www.calgarysun.com/2014/02/26/calgary-council-committee-backs-126-million-expansion-to-bonnybrook-waste-water-plant"",""text"":""Feb 26, 2014 - Calgary Sun""}]",City of Calgary,false,Graham Construction and Engineering,,,This project involves upgrades and expansion of the Bonnybrook Waste Water Treatment plant in three phases. Planned construction start April.
2057,The Hat Project Apartment Building,Residential,Calgary,,"(51.0462455749512, -114.050247192383)",,$100000000.00,Announced,,,"[{""url"":""http://www.evfreepress.com/2015/01/the-hat-project.html"",""text"":""Jan 26, 2015 - EVfreepress""}]",Cidex Developments,false,,,,"28-storey building apartment building, with 221 1, 2 and 3-bedroom units atop commercial facilities."
2065,Pedestrian Underpass Renovations,Infrastructure,Calgary,,"(51.0400009155273, -114.065002441406)",,$8500000.00,Announced,,,"[{""url"":""http://www.calgaryherald.com/news/Dodgy+pedestrian+underpasses+million+renos+with+video/9569969/story.html"",""text"":""Mar 1, 2014 - Calgary Herald""}]",City of Calgary,false,,https://farm8.staticflickr.com/7639/16610013100_9d370ee455_b.jpg,"Pedestrian Underpass Renovations, courtesy of the City of Calgary.",Includes renovations to both the 8th and 1st street S.W. underpasses
2067,East Calgary Landfill Depot Parking Garage,Infrastructure,Calgary,,"(51.0219306945801, -113.958229064941)",,$11800000.00,Announced,,,,City of Calgary,false,,https://farm8.staticflickr.com/7637/16796275122_b42965a8ed_b.jpg,"East Calgary Landfill Depot Parking Garage, courtesy of the City of Calgary.",
2069,District Condominium Building,Residential,Calgary,,"(51.0369987487793, -114.069000244141)",,$9200000.00,Under Construction,2014 - 2015,http://mydistrict.ca/,"[{""url"":""http://www.calgarysun.com/2013/08/22/make-your-mission-the-district"",""text"":""Aug 24, 2013 - Calgary Sun""}]",Boulevard Investments Corp.,false,,,,"59-units, four-storey condominium"
2070,Arrive at Redstone Townhomes,Residential,Calgary,,"(51.1688423156738, -113.958740234375)",,$14000000.00,Under Construction,Commencing 2014,http://calgary.qualicocommunities.com/redstone/showhomes/townhome/arrive/,,Partners Development Group,false,,https://farm9.staticflickr.com/8673/16247455403_4d998f4815_b.jpg,"ARRIVE at Redstone Townhomes, courtesy of Partners Development Group.","Includes construction of M, O, P, Q, S, T, U, V, W and X townhomes."
2071,The Post Townhomes,Residential,Calgary,,"(51.1620407104492, -114.160911560059)",,$7300000.00,Under Construction,2014 - 2015,http://www.aviurban.com/thepost/,,Homes by Avi,false,,,,
2074,Inglewood Mixed Use Building,Commercial / Retail and Residential,Calgary,,"(51.0400009155273, -114.029998779297)",,$7600000.00,Announced,2014 - 2015,http://www.strategicgroup.ca/Real-Estate-Portfolio/Inglewood.aspx,,Strategic Group,false,,,,"Four storey mixed retail and residential building. Includes 15,955 sq ft of retail space and 54 residential units."
2076,"Townhouses, Panatella",Residential,Calgary,,"(51.1718635559082, -114.076019287109)",,$12200000.00,Announced,,,,Casola Koppe,false,,,,
2077,Alex Courtyard Lofts,Residential,Calgary,,"(51.0287208557129, -114.097839355469)",,$5000000.00,Under Construction,2014 - 2015,http://liveatalex.ca/,"[{""url"":""http://www.calgarysun.com/2013/10/24/dandy-alexander-for-south-calgary"",""text"":""Oct 31, 2013 - Calgary Sun""}]",Assured Communities,false,,,,"A four storey, 56 unit condominium."
2083,East Mckenzie Feedermain Part 2B,Infrastructure,Calgary,,"(50.9019088745117, -113.984954833984)",,$5400000.00,Announced,2014 - 2015,http://www.calgary.ca/UEP/Water/Pages/construction-projects/Construction-projects-and-upgrades/East-McKenzie-Water-Feedermain-Project.aspx,,City of Calgary,false,Standard General Inc,,,Includes a wetland crossing and pipe insertion through a pre-installed casing across highway 22x.
2086,Johnsons Addition Tie Into Taber Water System,Infrastructure,Taber,,"(49.7819366455078, -112.175674438477)",,$16500000.00,Announced,,,,MD of Taber,false,,,,"Project includes water distribution system, wastewater collection system, storm water system and roadwork."
2087,"Evansburg Road North Grade, Base and Pave",Infrastructure,Yellowhead County,,"(53.5993995666504, -115.013999938965)",,$10200000.00,Announced,2014 - 2015,,"[{""url"":""http://www.edsonleader.com/2014/03/07/gravel-supply-and-road-tenders-issued"",""text"":""Mar 7, 2014 - Edson Leader""}]",Yellowhead County,false,E Construction,https://farm8.staticflickr.com/7649/16247455573_b98e6390e0_b.jpg,"Evansburg Road North Grade, Base and Pave.",Includes the gravel portion of the Evansburg North Road from Twp Rd 544 to Highway 22.
2089,Home Depot Rapid Deployment Centre,Commercial / Retail,Calgary,,"(50.9721832275391, -113.951179504395)",,$55000000.00,Under Construction,2014 - 2015,,"[{""url"":""http://www.calgaryherald.com/business/Home+Depot+breaks+ground+Calgary+Rapid+Deployment+Centre/10338473/story.html"",""text"":""Oct 29, 2014 - Calgary Herald""}]",Home Depot Canada,false,Omicron Construction,,,"A 425,000 sq ft Rapid Deployment Centre, located in Calgary's North Industrial Park."
2093,Smith Condo,Residential,Calgary,,"(51.0390014648438, -114.077003479004)",,$25600000.00,Under Construction,2014 - 2016,http://www.smith17.com/,,Grosvenor / Cressey Development Group,false,CANA Construction,,,"An 18-storey residential tower, with studio, one- and two-bedroom condos."
2095,Elbow Park Replacement School,Institutional,Calgary,,"(51.0299987792969, -114.080001831055)",,$8700000.00,Announced,Commencing 2015,,"[{""url"":""http://metronews.ca/news/calgary/1081731/replacement-elbow-park-school-will-cost-14m-house-250-calgary-students/"",""text"":""Jun 29, 2014 - Metro News""}]",Alberta Infrastructure,false,Stuart Olson Dominion,,,Will have a 250-student capacity. Construction starts in May.
2096,Jasper House and North Condos,Residential,Edmonton,,"(53.5447235107422, -113.503997802734)",,$225000000.00,Announced,Commencing 2015,http://www.jasperhousecondos.com/,"[{""url"":""http://www.edmontonjournal.com/Lamphier+Condo+King+bullish+Alberta+cities/10363650/story.html"",""text"":""Nov 9, 2014 - Edmonton Journal""}]",Lamb Development Corp.,false,Graham Construction,,,"Two condominiums: Jasper House, a 36-storey 240 unit tower, and North, a 40-storey 160 unit tower."
2099,Elements at Windermere Condo,Residential,Edmonton,,"(53.4454536437988, -113.622581481934)",,$15900000.00,Under Construction,2013 - 2014,http://elementsbycarrington.ca/communities/windermere/,,Carrington Communities,false,,,,Buildings one and two.
2101,Pipeline Training Centre Phase 1,Institutional,Athabasca County,,"(54.5875015258789, -112.806999206543)",,$25000000.00,Announced,,,"[{""url"":""http://www.edmontonjournal.com/Portage+College+developing+pipeline+training+campus/10444296/story.html"",""text"":""Dec 6, 2014 - Edmonton Journal""}]",Portage College,false,,,,
2102,Deerfoot City (Deerfoot Mall Redevelopment Ph 2+),Commercial / Retail,Calgary,,"(51.1103591918945, -114.040023803711)",,$89000000.00,Announced,2015 - 2017,www.deerfootcity.com,,Shape Properties,false,,,,Planned construction to start in October.
2108,Place 10 East Tower,Commercial / Retail,Calgary,,"(51.0132827758789, -114.053367614746)",,$68000000.00,Under Construction,2014 - 2017,http://www.centrongroup.com/place-10,,Centron Group of Companies,false,Centron Construction,,,"A 24,850 sq ft, 14-storey tower."
2109,Place 10 West Tower,Commercial / Retail,Calgary,,"(51.0132827758789, -114.053367614746)",,$66000000.00,Announced,2016 - 2017,http://www.centrongroup.com/place-10,,Centron Group of Companies,false,Centron Construction,,,"A 23,350 sq ft, 14 Storey tower. Construction will follow completion of east tower."
2111,Protective and Emergency Services Station,Infrastructure,Calgary,,"(51.0159149169922, -114.036926269531)",,$26700000.00,Announced,,,,City of Calgary,false,,,,
2114,Canora Gardens Apartment Restoration,Residential,Edmonton,,"(53.5430946350098, -113.581817626953)",,$6000000.00,Announced,2015 - 2016,,,Alberta Social Housing Corp.,false,,,,
2119,The Hendrix,Residential,Edmonton,,"(53.5361328125, -113.512336730957)",,$68000000.00,Under Construction,2014 - 2016,http://edgardevelopment.com/projects.html,"[{""url"":""http://metronews.ca/news/edmonton/982165/edmonton-councillors-approve-29-storey-oliver-tower/"",""text"":""Mar 24, 2014 - Metro News""}]",Edgar Development Corp.,false,,https://farm8.staticflickr.com/7415/16328296487_318117663d_b.jpg,2015-02-12 Hendrix by Darren Kirby is licensed under CC BY 2.0.,"A 29-storey, 260 unit apartment building with street oriented townhomes."
2122,"Fire Hall, Beacon Hill",Infrastructure,Sylvan Lake,,"(52.3083267211914, -114.097496032715)",,$6300000.00,Under Construction,2014 - 2016,,,Town of Sylvan Lake,false,,,,
2129,Grandin Park Plaza Redevelopment Phase 1,Residential,St. Albert,,"(53.6290016174316, -113.625999450684)",,$19700000.00,Announced,2015 - 2025,"www.stalbertvillage.com, www.grandinmallredevelopment.com",,Amacon,false,,,,"Planned completion of phase 1 in 2016. Phase 1 includes sales centre, two five storey buildings and mall renovation."
2130,Murphy Road Overlay,Infrastructure,St. Paul County No. 19,Bonnyville M.D. No. 87,,"{ ""type"": ""LineString"", ""coordinates"": [ [ -110.598692, 53.860548 ], [ -110.599301, 53.860601 ], [ -110.599301, 53.902024 ], [ -110.599301, 53.902879 ], [ -110.599199, 53.926382 ], [ -110.599194, 53.927516 ], [ -110.59917, 53.933163 ], [ -110.59915, 53.937737 ], [ -110.599365, 53.939255 ], [ -110.600427, 53.94065 ], [ -110.602573, 53.942254 ], [ -110.603442, 53.943418 ], [ -110.603538, 53.944947 ], [ -110.602616, 53.946379 ], [ -110.601229, 53.947552 ], [ -110.600089, 53.948761 ], [ -110.599252, 53.950204 ], [ -110.599055, 53.955014 ], [ -110.599089, 53.957773 ], [ -110.599102, 53.959616 ], [ -110.599077, 53.962267 ], [ -110.599077, 53.96544 ], [ -110.599195, 53.972155 ], [ -110.599043, 53.976855 ], [ -110.599101, 53.99155 ], [ -110.599114, 54.006021 ], [ -110.599117, 54.008897 ], [ -110.599112, 54.010983 ], [ -110.599119, 54.013508 ], [ -110.599107, 54.041649 ], [ -110.599231, 54.04407 ], [ -110.600062, 54.046554 ], [ -110.603801, 54.051398 ], [ -110.609246, 54.057766 ], [ -110.61144, 54.060539 ], [ -110.612561, 54.063001 ], [ -110.613554, 54.069787 ], [ -110.614423, 54.076364 ], [ -110.615179, 54.082201 ], [ -110.615496, 54.085242 ], [ -110.615018, 54.087758 ], [ -110.613391, 54.091885 ] ] }",$5500000.00,Announced,,,"[{""url"":""http://www.spjournal.com/article/20140318/STP0801/303189974/murphy-road-decision-tabled-until-special-meeting"",""text"":""Mar 18, 2014 - St. Paul Journal""}]",County of St. Paul,false,,,,
2131,The Edmontonian,Commercial / Retail and Residential,Edmonton,,"(53.5484733581543, -113.493026733398)",,$50000000.00,Announced,,www.facebook.com/bcmhomes,"[{""url"":""http://globalnews.ca/news/941670/tallest-tower-in-the-west-could-be-joining-edmontons-skyline/"",""text"":""Nov 1, 2013 - Global News""}]",BCM Developments Ltd.,false,,,,"A 71-storey mixed-use building, including a hotel, restaurant, bar, condos and office suites."
2137,Tri Leisure Village Phase 2,Commercial / Retail,Spruce Grove,,"(53.5538597106934, -113.936622619629)",,$5000000.00,Announced,,http://www.sprucegrove.org/business/commercial/commercial_dev/tri_leisure_village.htm,"[{""url"":""http://www.sprucegroveexaminer.com/2014/03/28/tri-leisure-village-moves-forward-in-finances-and-expected-build"",""text"":""Mar 28, 2014 - Spruce Grove Examiner""}]",Tri Village Developments,false,,,,A commercial and recreation development.  Phase 2 includes the construction of retail space.
2143,91 St Extension,Infrastructure,Edmonton,Leduc County,,"{""type"":""LineString"",""coordinates"":[[-113.483306884766,53.4100723266602,0.0],[-113.483604431152,53.3958587646484,0.0]]}",$16700000.00,Under Construction,2014 - 2015,http://www.edmonton.ca/transportation/road_projects/91-street-sw.aspx,,City of Edmonton,false,Carmacks Enterprises,,,"91 St road construction from 30 Ave to 41 Ave. Includes storm and sanitary sewer, watermain, roadway, sidewalk/pathway, and street lights."
2144,Hospital / Health Care Centre Upgrades,Institutional,Wainwright,,"(52.8401374816895, -110.865219116211)",,$5100000.00,Announced,,,,Alberta Health Services,false,,,,
2146,Warehouse and Office Building,Commercial / Retail,Leduc County,,"(53.2139015197754, -113.375)",,$10000000.00,Announced,Commencing 2014,,,WAM Development Group,false,,https://farm8.staticflickr.com/7603/16777886741_da077074c5_o.png,Borden Business Park. March 2015 © WAM (RE) DEVELOPMENT MANAGEMENT LP used under license by the Ministry of Innovation and Advanced Education.,Located in Border Business Park.
2147,Bassano Dam Spillway,Infrastructure,County of Newell,,"(50.7890014648438, -112.470001220703)",,$40000000.00,Announced,2015 - 2017,,,Eastern Irrigation District,false,,,,Addition of a second spillway to Bassano Dam.
2153,Home Depot SDC Building,Commercial / Retail,Calgary,,"(50.9700012207031, -113.949996948242)",,$33000000.00,Under Construction,2014 - 2016,,,Home Depot Canada,false,Omicron Construction,,,"A 640,000 sq ft facility built alongside Home Depot's new Rapid Deployment Centre."
2155,Lab and Office Improvements,Commercial / Retail,Calgary,,"(51.0769996643066, -114.020515441895)",,$7500000.00,Announced,,,,Weatherford Canada,false,PCL Construction,,,
2156,GLAS Town Home Condos,Residential,Calgary,,"(51.0301780700684, -114.101875305176)",,$7200000.00,Announced,2014 - 2015,http://livingglas.com/#sthash.BhQ93t66.dpbs,"[{""url"":""http://www.calgarysun.com/2013/12/20/green-living-in-the-loop-with-avalon"",""text"":""Dec 21, 2013 - Calgary Sun""}]",Avalon Master Builder,false,,,,"Located in Mardaloop, GLAS will have 21 residences, including bachelor, two- and three-bedroom suites with solar panel technology."
2157,ArtsCommon,Commercial / Retail,Edmonton,,"(53.570240020752, -113.481567382813)",,$6700000.00,Announced,,http://artshab.com/spaces/artscommon/,,Arts Habitat Edmonton,false,,,,"A multi-use/multi-tenant arts facility, which will include studio, performance, rehearsal, gallery, office and meeting space."
2159,Two Buildings on First St SE,Commercial / Retail and Residential,Medicine Hat,,"(50.0400009155273, -110.680000305176)",,$30000000.00,Announced,2015 - 2016,,,City of Medicine Hat / MHPM Project Managers,false,,,,Commercial Building (Four Storey) plus Residential Building (Six Storey) on former Glanville Ford site.
2165,Main St Reconstruction Project,Infrastructure,Rocky Mountain House,,"(52.3790016174316, -114.921997070313)",,$10200000.00,Under Construction,2014 - 2016,http://www.rockymtnhouse.com/index.aspx?NID=192,,Town of Rocky Mountain House,false,"M Pidherney""s Trucking",https://farm9.staticflickr.com/8728/16831726426_f7874e4c7a_b.jpg,"Main St Reconstruction Project, courtesy of the Town of Rocky Mountain House.",
2166,Royal Alberta Museum Natural History Gallery,Tourism / Recreation,Edmonton,,"(53.5470809936523, -113.488204956055)",,$8400000.00,Announced,2014 - 2016,,,Alberta Infrastructure,false,,,,
2167,Royal Alberta Museum Children's and Bug Gallery,Tourism / Recreation,Edmonton,,"(53.5469818115234, -113.488945007324)",,$6000000.00,Announced,2014 - 2016,,,Alberta Infrastructure,false,,,,
2169,Anthony Henday / Cameron Heights Base and Pave,Infrastructure,Edmonton,,"(53.4725570678711, -113.626083374023)",,$25000000.00,Announced,,http://www.transportation.alberta.ca/CameronHeights.htm,,Alberta Transportation,false,,,,
2172,Elim Village Supportive Living Facility Phase 1,Institutional,Lethbridge,,"(49.7299995422363, -112.830001831055)",,$9600000.00,Under Construction,2014 - 2015,,"[{""url"":""http://www.ipick.ca/lethbridge/new-seniors-village-set-to-break-ground-in-citys-north"",""text"":""Lethbridge Herald""}]",Elim Society,false,Silver Ridge Construction,,,"Includes the addition of 42 new units, ranging from 500 to 1000 sq ft."
2183,Crowchild Trail/Flanders Avenue Interchange,Infrastructure,Calgary,,"(51.0145568847656, -114.116096496582)",,$28000000.00,Announced,2015 - 2017,http://www.calgary.ca/Transportation/TP/Pages/Projects/Completed-Planning-Projects/Crowchild-Trail---Flanders-Avenue-Interchange.aspx,,City of Calgary,false,,https://farm8.staticflickr.com/7630/16796275042_1b7d5a19fb_b.jpg,"Flanders Ave / Crowchild Tr Interchange, courtesy of the City of Calgary.",Will improve neighborhood access and better accommodate pedestrian and cyclists over Crowchild Trail.
2186,Nexus Business Centre Warehouse / Office Building,Commercial / Retail,Calgary,,"(51.0568962097168, -113.991050720215)",,$9800000.00,Announced,,,,Hungerford Properties,false,,https://c1.staticflickr.com/9/8674/16044118134_870c6990db_c.jpg,"Warehouse / Office Building, Nexus Business Centre, courtesy of Hungerford Properties. ",
2190,Highway Maintenance Facility,Infrastructure,Mackenzie County,,"(57.8790016174316, -115.418998718262)",,$7000000.00,Announced,2014 - 2015,,,Alberta Infrastructure,false,,,,The facility includes sand/salt shed plus an office/maintenance building.
2193,Ivor Dent School,Institutional,Edmonton,,"(53.5639991760254, -113.389999389648)",,$20000000.00,Announced,2015 - 2017,,"[{""url"":""http://globalnews.ca/news/1415722/edmonton-public-school-board-approves-replacement-school/"",""text"":""Jun 25, 2014 - Global News""}]",Alberta Infrastructure,false,,,,"The new school will replace Rundle Elementary, RJ Scott Elementary and Lawton Jr High."
2196,Mission Heights,Residential,Grande Prairie,,"(55.1431999206543, -118.803802490234)",,$6700000.00,Announced,2014 - 2015,,,Allbre Holdings Ltd.,false,Turcon Construction Group,,,
2198,Hospital Heliport Upgrades,Infrastructure,Slave Lake,,"(55.2874984741211, -114.766998291016)",,$22000000.00,Announced,2014 - 2015,,,Alberta Health Services,false,,,,"Hospital heliport upgrades in Edmonton (two sites), Fort McMurray, Grande Cache, Rocky Mountain House, Brooks, Crowsnest Pass, Cold Lake, Banff, Westlock, Calgary (Seton), Slave Lake and Camrose."
2200,Wilson Middle School Modernization,Institutional,Lethbridge,,"(49.7128791809082, -112.810836791992)",,$12400000.00,Announced,2015 - 2017,,"[{""url"":""http://lethbridgeherald.com/news/local-news/2014/01/31/wilson-middle-school-set-to-undergo-modernization/"",""text"":""Jan 31, 2014 - Lethbridge Herald""}]",Alberta Infrastructure,false,Ward Bros Construction,,,Planned construction start April.
2202,AGLC Gaming Warehouse,Infrastructure,St. Albert,,"(53.6459007263184, -113.626899719238)",,$7000000.00,Announced,,,,Alberta Gaming and Liquor Commission,false,Dominion Construction Co,,,
2206,New Brighton Regional Athletic Park,Tourism / Recreation,Calgary,,"(50.9276008605957, -113.952301025391)",,$12800000.00,Announced,2014 - 2016,http://www.calgary.ca/CSPS/Recreation/Pages/Research-and-development/New-Brighton-Regional-Athletic-Park.aspx,,City of Calgary,false,Wilco Contractors Southwest,https://farm9.staticflickr.com/8751/16651523619_2fd597ab18_b.jpg,"New Brighton Regional Athletic Park, courtesy of the City of Calgary.","The park will include: four multisport natural turf fields, one baseball diamond, change/washroom facilities, 260 parking stalls and a regional trail."
2207,Okotoks Operations Centre,Infrastructure,Okotoks,,"(50.7178001403809, -113.953796386719)",,$17000000.00,Announced,2015 - 2016,,"[{""url"":""http://www.westernwheel.com/article/20140319/WHE0801/303199988/province-gives-12-million-for-operations-centre-expansion"",""text"":""Mar 19, 2014 - Western Wheel""}]",Town of Okotoks,false,Giffels Westpro,https://farm9.staticflickr.com/8704/16816458430_83eaeacaa5_b.jpg,"Okotoks Operations Centre, courtesy of the Town of Okotoks.",Planned construction to start spring 2015.
2209,Medicine Tree Manor Addition and Renovation,Institutional,High River,,"(50.576000213623, -113.88500213623)",,$9900000.00,Announced,2015 - 2017,,"[{""url"":""http://alberta.ca/release.cfm?xID=362889AC5934E-DFA5-D5AF-DE2D622C92DF2D76"",""text"":""Apr 28, 2014 - Alberta.ca""}]",Foothills Foundation,false,,,,"Includes the demolition of Medicine Tree Manor, to be replaced by 40 larger-sized lodge units. Proposals due March 19th."
2210,Eight Affordable Housing Apartment Buildings,Residential,Calgary,,"(51.0390014648438, -114.093002319336)",,$37000000.00,Announced,,http://calgaryhomeless.com/stepping-stone-manor-is-building-up-2/,,Calgary Homeless Foundation,false,,https://farm8.staticflickr.com/7600/16611244899_14f5f3505f_b.jpg,"Stepping Stone Manor of the Eight Affordable Housing Apartment Buildings, courtesy of the Calgary Homeless Foundation.",Includes eight 30-unit apartment buildings at $4.65 million per building. Buliding 1 will be called Stepping Stone Manor.
2211,Stoney Trail Widening,Infrastructure,Calgary,Calgary,,"{ ""type"": ""LineString"", ""coordinates"": [ [ -114.18618898196399, 51.011221173595303, 0.0 ], [ -114.176337486093, 51.009406958729897, 0.0 ], [ -114.170123461134, 51.007823867146399, 0.0 ], [ -114.166047668697, 51.005273065691497, 0.0 ], [ -114.16538240589399, 51.0013201734712, 0.0 ], [ -114.167004549927, 50.996496617002499, 0.0 ], [ -114.167548371637, 50.992557624301099, 0.0 ], [ -114.166702765789, 50.989252913738802, 0.0 ], [ -114.16530603843, 50.985062545624302, 0.0 ], [ -114.159177740798, 50.978051259833101, 0.0 ], [ -114.14764085480699, 50.965194166347899, 0.0 ], [ -114.14335619041, 50.958195454067599, 0.0 ], [ -114.1416474009, 50.954673789910501, 0.0 ], [ -114.14130848510401, 50.949587319894597, 0.0 ], [ -114.141612456552, 50.930896598723699, 0.0 ], [ -114.14129376123999, 50.927668231930099, 0.0 ], [ -114.139928931691, 50.924726788863097, 0.0 ], [ -114.135355474408, 50.921650286547298, 0.0 ], [ -114.131450823946, 50.918156311031403, 0.0 ], [ -114.130034666754, 50.9130080116581, 0.0 ], [ -114.129355916311, 50.903802772522504, 0.0 ], [ -114.12902905708199, 50.898402006119703, 0.0 ], [ -114.12833366763699, 50.896306581850702, 0.0 ], [ -114.125430962149, 50.894426885255697, 0.0 ], [ -114.121409540293, 50.893467694898902, 0.0 ], [ -114.11148284936399, 50.894089308317902, 0.0 ], [ -114.09789763842601, 50.893985117797897, 0.0 ], [ -114.089303061306, 50.893759314548703, 0.0 ], [ -114.08176147811, 50.892983336250097, 0.0 ], [ -114.07572414023601, 50.892577240341197, 0.0 ], [ -114.067223057997, 50.892569363801897, 0.0 ], [ -114.054224033488, 50.892710456463703, 0.0 ] ] }",$10400000.00,Announced,,,,Alberta Transportation,false,,,,Stoney Trail widening between Highway 1A (Crowchild Tr) and Highway 2 (Deerfoot Tr)
2213,Royal Vista Emergency Response Station,Infrastructure,Calgary,,"(51.1409378051758, -114.216850280762)",,$12100000.00,Under Construction,2015 - 2016,,,City of Calgary,false,Bird Construction,,,
2214,EPL Capilano Branch Relocation,Institutional,Edmonton,,"(53.5401725769043, -113.432601928711)",,$11800000.00,Announced,2015 - 2017,,,City of Edmonton,false,,,,Tentative timeline for tender is October 2015.
2215,Integrated RCMP Detachment,Infrastructure,Spruce Grove,,"(53.544361114502, -113.934608459473)",,$25000000.00,Announced,2015 - 2017,,"[{""url"":""http://www.sprucegroveexaminer.com/2014/12/02/rcmp-facility-integrating-the-region"",""text"":""Dec 2, 2014 - Spruce Grove Examiner""}]",City of Spruce Grove / Town of Stony Plain,false,,,,"The facility will house police officers from Spruce Grove and Stoney Plain, along with provincial and RCMP officers."
2217,Vanier Woods Apartment Complex,Residential,Red Deer,,"(52.2344055175781, -113.759254455566)",,$25000000.00,Under Construction,2014 - 2015,,,Highstreet Ventures Inc.,false,,,,"A four-storey, 232 unit, wood construction apartment built atop parkades."
2219,L'Attitude Condos Building C,Residential,Edmonton,,"(53.4328765869141, -113.609161376953)",,$12000000.00,Under Construction,2013 - 2014,http://carrington.ca/condos/communities/lattitude-studios-bldg-a/,"[{""url"":""http://www.edmontonsun.com/2014/04/14/lattitude-studios-brings-touch-of-class"",""text"":""Apr 14, 2014 - Edmonton Sun""}]",Carrington Communities,false,,,,A four-storey Condominium with 89-units in building C.
2227,I.D. Inglewood,Residential,Calgary,,"(51.0382537841797, -114.026275634766)",,$5500000.00,Under Construction,2014 - 2015,http://id-inglewood.ca/,"[{""url"":""http://www.calgaryherald.com/business/Inglewood+condo+project+takes+notes+from+neighbourhood/10359849/story.html"",""text"":""Nov 5, 2014 - Calgary Herald""}]",Sarina Developments,false,,https://farm8.staticflickr.com/7642/16734606729_48165ce79a_b.jpg,"I.D. Ingelwood, courtesy of Sarina Developments.","Residential/commercial development, with 7000 sq ft of retail space on the ground floor and 19  condo units on the second, third and fourth floors."
2235,Valleyview Regional Multiplex,Tourism / Recreation,Valleyview,,"(55.076000213623, -117.276496887207)",,$31000000.00,Announced,2015 - 2016,www.mdgreenview.ab.ca/visitors/recreation,"[{""url"":""http://www.dailyheraldtribune.com/2014/05/19/plans-for-valleyview-multiplex-in-the-works"",""text"":""May 19, 2014 - Daily Herald-Tribune""}]",MD of Greenview / Town of Valleyview,false,,,,"Includes an indoor aquatic centre, field house, and walking track. Planned construction start October 2015."
2236,Arena District Condo Building,Residential,Edmonton,,"(53.5457649230957, -113.497894287109)",,$200000000.00,Announced,,,,Katz Group,false,,,,Planned completion by 2019. Part of arena district.
2238,Candlewood Suites Hotel,Tourism / Recreation,Calgary,,"(51.1500015258789, -114)",,$9000000.00,Announced,2015 - 2016,,,Penalta Group Ltd.,false,,,,Planned construction start April 2015.
2240,Travers / Little Bow Dam Upgrades,Infrastructure,Vulcan County,,"(50.3501014709473, -112.643997192383)",,$33000000.00,Under Construction,2014 - 2017,,"[{""url"":""http://globalnews.ca/news/1344918/province-announces-dams-and-reservoir-upgrades-to-protect-against-flooding/"",""text"":""May 21, 2014 - Global News""}]",Alberta Environment and Sustainable Resource Development,false,Graham Infrastructure LP,,,"Includes the completion of the combined emergency spillway and connecting canal, as well as the replacement of the irrigation outlet."
2241,Taylor Coulee Emergency Spillway Replacement,Infrastructure,Cardston County No. 6,,"(49.2008018493652, -113.305999755859)",,$15000000.00,Announced,2016 - 2017,,"[{""url"":""http://globalnews.ca/news/1344918/province-announces-dams-and-reservoir-upgrades-to-protect-against-flooding/"",""text"":""May 21, 2014 - Global News""}]",Alberta Environment and Sustainable Resource Development,false,,,,Includes the replacement of the existing wooden emergency spillways with concrete ones. Pending funding.
2242,Bullhorn Emergency Spillway Replacement,Infrastructure,Cardston County No. 6,,"(49.2008018493652, -113.305999755859)",,$11000000.00,Announced,2015 - 2016,,"[{""url"":""http://globalnews.ca/news/1344918/province-announces-dams-and-reservoir-upgrades-to-protect-against-flooding/"",""text"":""May 21, 2014 - Global News""}]",Alberta Environment and Sustainable Resource Development,false,,,,Includes the replacement of the existing wooden emergency spillways with concrete ones.
2243,Lacombe Sport and Leisure Complex Renovations,Tourism / Recreation,Lacombe,,"(52.4695014953613, -113.73046875)",,$10800000.00,Announced,2015 - 2017,,"[{""url"":""http://www.lacombeglobe.com/2014/05/13/lacombe-city-council-approves-in-principle-plan-for-142-million-arena-upgrades"",""text"":""May 14, 2014 - Lacombe Globe""}]",Town of Lacombe,false,Scott Builders Inc.,,,"Includes installing sprinklers and removing the second floor egress, as well as expansion and improvements to the changing and storage rooms and changes to the front lobby."
2246,Marigold Library System Administration Building,Institutional,Strathmore,,"(51.0390014648438, -113.391998291016)",,$5000000.00,Announced,,,"[{""url"":""http://www.strathmorestandard.com/2014/05/21/new-building-needed-for-marigold-library-system"",""text"":""May 21, 2014 - Strathmore Standard""}]",Marigold Library System,false,,,,"Proposed, as the current building is in need of upgrades."
2249,Highway 40 Bridge Culvert Replacement,Infrastructure,Grande Cache,,"(53.8899993896484, -119.129997253418)",,$6000000.00,Announced,,,,Alberta Transportation,false,,,,Over Mason Creek and Findley Creek.
2251,Dunkirk Project,Oil Sands,M.D. of Opportunity No. 17,,"(56.9000015258789, -112.900001525879)",,$123000000.00,Announced,2015 - 2016,,"[{""url"":""http://www.theglobeandmail.com/report-on-business/industry-news/energy-and-resources/koch-brothers-company-files-to-develop-oil-sands-project/article18833873/"",""text"":""May 23, 2014 - The Globe and Mail""}]",Koch Oil Sands Operating ULC,false,,,,"A SAGD project, with two 30,000 barrel a day phases. Application was filed January 2015 and is pending approval."
2252,Storm Sewer Lines,Infrastructure,Edmonton,Edmonton,,"{""type"":""LineString"",""coordinates"":[[-113.500999450684,53.5390014648438,0.0],[-113.501998901367,53.5589981079102,0.0]]}",$46000000.00,Announced,,,,City of Edmonton,false,,,,
2255,High River Community Resource Centre,Institutional,High River,,"(50.5797462463379, -113.867767333984)",,$20000000.00,Announced,2015 - 2016,,,Alberta Infrastructure,false,,,,The Centre will replace the Provincial Building and the Foothills School Division office building.
2256,Highway 11 Pave 12298,Infrastructure,Clearwater County,Red Deer County,,"{ ""type"": ""MultiLineString"", ""coordinates"": [ [ [ -114.880791, 52.319977 ], [ -114.880685, 52.319948 ], [ -114.880438, 52.319878 ], [ -114.88021, 52.319817 ], [ -114.87993, 52.319746 ], [ -114.879654, 52.319678 ], [ -114.87942, 52.319626 ], [ -114.879153, 52.319572 ], [ -114.878836, 52.31951 ], [ -114.878558, 52.31946 ], [ -114.878284, 52.319414 ], [ -114.878011, 52.319373 ], [ -114.877743, 52.319336 ], [ -114.877464, 52.319302 ], [ -114.877186, 52.319272 ], [ -114.876848, 52.319241 ], [ -114.876538, 52.319217 ], [ -114.876308, 52.319201 ], [ -114.876129, 52.31919 ], [ -114.875862, 52.319178 ], [ -114.875615, 52.31917 ], [ -114.875325, 52.31916 ], [ -114.87511, 52.319158 ], [ -114.874698, 52.319155 ], [ -114.873845, 52.319155 ], [ -114.866699, 52.319155 ], [ -114.865362, 52.319156 ], [ -114.865047, 52.319156 ], [ -114.863866, 52.319165 ], [ -114.862049, 52.319157 ], [ -114.860226, 52.319159 ], [ -114.85871, 52.31916 ], [ -114.85844, 52.31916 ], [ -114.857262, 52.319157 ], [ -114.856697, 52.319155 ], [ -114.856204, 52.319154 ], [ -114.85295, 52.319156 ], [ -114.852872, 52.319155 ], [ -114.849136, 52.319154 ], [ -114.847299, 52.319155 ], [ -114.84642, 52.319156 ], [ -114.845893, 52.319155 ], [ -114.84502, 52.319151 ], [ -114.841492, 52.319153 ], [ -114.841431, 52.319153 ], [ -114.839741, 52.319153 ], [ -114.834669, 52.319154 ], [ -114.834393, 52.319153 ], [ -114.810888, 52.319134 ], [ -114.79861, 52.319138 ], [ -114.797251, 52.319137 ], [ -114.796997, 52.319137 ], [ -114.795107, 52.319135 ], [ -114.795053, 52.319135 ], [ -114.793404, 52.319133 ], [ -114.787009, 52.319135 ], [ -114.785851, 52.319124 ], [ -114.785496, 52.319121 ], [ -114.785231, 52.319118 ], [ -114.784855, 52.319115 ], [ -114.778194, 52.319125 ], [ -114.776994, 52.319119 ], [ -114.775532, 52.319112 ], [ -114.775194, 52.319122 ], [ -114.774866, 52.319111 ], [ -114.771934, 52.319128 ], [ -114.77148, 52.319129 ], [ -114.771338, 52.319129 ], [ -114.770188, 52.319138 ], [ -114.769626, 52.319142 ], [ -114.7694, 52.319143 ], [ -114.757108, 52.319123 ], [ -114.756727, 52.319122 ], [ -114.75021, 52.319111 ], [ -114.746907, 52.319112 ], [ -114.745437, 52.319112 ], [ -114.73948, 52.319107 ], [ -114.735113, 52.319104 ], [ -114.734356, 52.319103 ], [ -114.731883, 52.319102 ], [ -114.730522, 52.319101 ], [ -114.723943, 52.3191 ], [ -114.721864, 52.319101 ], [ -114.721472, 52.319099 ], [ -114.716546, 52.319096 ], [ -114.715693, 52.319097 ], [ -114.711091, 52.319103 ], [ -114.709588, 52.319104 ], [ -114.706832, 52.319105 ], [ -114.70649, 52.319106 ], [ -114.705957, 52.319106 ], [ -114.697423, 52.319111 ], [ -114.691862, 52.31912 ], [ -114.690527, 52.319124 ], [ -114.688528, 52.319129 ], [ -114.686227, 52.319124 ], [ -114.683858, 52.319128 ], [ -114.67822, 52.319129 ], [ -114.676889, 52.319131 ], [ -114.674809, 52.319134 ], [ -114.674122, 52.319133 ], [ -114.67394, 52.319133 ], [ -114.673872, 52.319133 ], [ -114.67349, 52.319135 ], [ -114.673276, 52.319137 ], [ -114.672583, 52.319134 ], [ -114.670269, 52.319139 ], [ -114.668047, 52.319141 ], [ -114.66762, 52.319132 ], [ -114.667282, 52.319126 ], [ -114.666479, 52.319129 ], [ -114.665769, 52.319133 ], [ -114.663269, 52.319145 ], [ -114.649452, 52.31915 ], [ -114.644199, 52.319148 ], [ -114.625437, 52.31916 ], [ -114.603079, 52.319161 ], [ -114.602067, 52.319166 ], [ -114.601384, 52.319167 ], [ -114.60062, 52.319167 ], [ -114.596656, 52.319177 ], [ -114.59602, 52.319168 ], [ -114.595621, 52.319162 ], [ -114.595232, 52.319165 ], [ -114.594539, 52.31917 ], [ -114.577376, 52.319169 ], [ -114.572941, 52.319169 ], [ -114.554112, 52.319176 ], [ -114.554052, 52.319176 ], [ -114.55357, 52.319178 ], [ -114.553448, 52.319176 ], [ -114.549058, 52.319176 ], [ -114.548618, 52.319174 ], [ -114.548467, 52.319173 ], [ -114.547014, 52.319171 ], [ -114.546745, 52.319171 ], [ -114.529401, 52.319165 ], [ -114.525313, 52.319166 ], [ -114.506824, 52.319158 ], [ -114.506495, 52.319158 ], [ -114.505406, 52.319158 ], [ -114.50196, 52.319156 ], [ -114.501489, 52.319156 ], [ -114.500135, 52.319154 ], [ -114.5, 52.319154 ], [ -114.499985, 52.319154 ], [ -114.494576, 52.319149 ], [ -114.489202, 52.319146 ], [ -114.481375, 52.319142 ], [ -114.477587, 52.319142 ], [ -114.47179, 52.319135 ], [ -114.468835, 52.319137 ], [ -114.463118, 52.319128 ], [ -114.45759, 52.319124 ], [ -114.456126, 52.319123 ], [ -114.45502, 52.319122 ], [ -114.45465, 52.319121 ], [ -114.453826, 52.319121 ], [ -114.453271, 52.319118 ], [ -114.44902, 52.319095 ], [ -114.446819, 52.319097 ], [ -114.441883, 52.319102 ], [ -114.437726, 52.319106 ], [ -114.436113, 52.319103 ], [ -114.434397, 52.3191 ], [ -114.433355, 52.319096 ], [ -114.430247, 52.319104 ], [ -114.429978, 52.319104 ], [ -114.428994, 52.319101 ], [ -114.42505, 52.319106 ], [ -114.415529, 52.319121 ], [ -114.414999, 52.319125 ], [ -114.41452, 52.319132 ], [ -114.41373, 52.319136 ], [ -114.412709, 52.319139 ], [ -114.412355, 52.319139 ], [ -114.409974, 52.31914 ], [ -114.409376, 52.319142 ], [ -114.406205, 52.319146 ], [ -114.405926, 52.319144 ], [ -114.404971, 52.319137 ], [ -114.40429, 52.319133 ], [ -114.404134, 52.319132 ], [ -114.40339, 52.319137 ], [ -114.402375, 52.319135 ], [ -114.394171, 52.319149 ], [ -114.385352, 52.319164 ], [ -114.382394, 52.319169 ], [ -114.373474, 52.319183 ], [ -114.361388, 52.319216 ], [ -114.360452, 52.319205 ], [ -114.358941, 52.31921 ], [ -114.358652, 52.319211 ], [ -114.358182, 52.319211 ], [ -114.351156, 52.319221 ], [ -114.348447, 52.319227 ], [ -114.346806, 52.319231 ], [ -114.34605, 52.319233 ], [ -114.344939, 52.319242 ], [ -114.344371, 52.319249 ], [ -114.344337, 52.319248 ] ], [ [ -114.097137, 52.28244 ], [ -114.097137, 52.282485 ], [ -114.097129, 52.282751 ], [ -114.097123, 52.282949 ], [ -114.097077, 52.285255 ], [ -114.097112, 52.290102 ], [ -114.097147, 52.294495 ], [ -114.097195, 52.29641 ] ] ] }",$11600000.00,Announced,2014 - 2016,,,Alberta Transportation,false,South Rock,,,From Highway 22 to E of SH 766; SH 781 from Highway 11 to Sylvan Lake.
2260,The Concord,Residential,Calgary,,"(51.0525436401367, -114.075691223145)",,$75000000.00,Announced,2015 - 2018,www.theconcord.ca,"[{""url"":""http://www.calgaryherald.com/business/Concord+project+Calgary+sells+million+condo/10315485/story.html"",""text"":""Oct 21, 2014 - Calgary Herald""}]",Concord Pacific,false,,,,"A 14 floor luxury condo with 185 units between 1000 and 5000 sq ft. Proposed construction of the west tower slated for spring 2015, pending pre-sales. Listed cost is for the west tower only."
2265,Heritage Intrepretive Centre,Tourism / Recreation,Fort Saskatchewan,,"(53.7099990844727, -113.209999084473)",,$7400000.00,Announced,2015 - 2016,,"[{""url"":""http://www.fortsaskonline.com/index.php?option=com_contentandtask=viewandid=18069andItemid=33"",""text"":""Sep 24, 2014 - Fortsaskonline""}]",City of Fort Saskatchewan,false,,,,Cancelled in its present form.
2266,Highway 37/825/15 Intersection Improvement Project,Infrastructure,Sturgeon County,,"(53.7140007019043, -113.26000213623)",,$15000000.00,Announced,,,,Alberta Transportation,false,,,,Project is currently in design.   Proposed improvements include dual lane roundabouts ($17M) or a double T intersection ($15M).
2278,Highway 88 Bridge over Peace River,Infrastructure,Mackenzie County,,"(58.4570007324219, -115.917999267578)",,$9100000.00,Announced,2014 - 2015,,,Alberta Transportation,false,Innovative Civil Constructors,,,
2280,Blackfalds Elementary School,Institutional,Blackfalds,,"(52.3870010375977, -113.776000976563)",,$11300000.00,Announced,2015 - 2016,,,Alberta Infrastructure,false,Shunda Consulting and Construction Management,,,Construction planned to start in April.
2281,The Horizon on 105,Residential,Edmonton,,"(53.551513671875, -113.512588500977)",,$15000000.00,Under Construction,2014 - 2015,http://horizonon105.com/,,PRISM Developments,false,,https://farm9.staticflickr.com/8733/16733352070_e4f71ffba9_b.jpg,"The Horizon on 105, courtesy of the PRISM Group of Companies.","A mixed-use residential/commercial building, which includes 125 apartments and 10,000 Sqft of commercial space."
2283,PARDS Theraputic Centre,Tourism / Recreation,County of Grande Prairie No. 1,,"(55.109001159668, -118.745002746582)",,$5400000.00,Under Construction,2014 - 2015,,,Peace Area Riding for the Disabled Society (PARDS),false,,https://farm9.staticflickr.com/8706/16929655071_740bf38620_b.jpg,"PARDS Theraputic Centre,  courtesy of Stephanie Golder.",A multi-use equine facility.
2284,Strathcona Salt Cavern Storage Project,Oil and Gas,Strathcona County,,"(53.7669982910156, -113.057998657227)",,$200000000.00,Announced,2015 - 2017,,"[{""url"":""http://www.sturgeoncreek.ca/ThePost/NEWS/Entries/2014/7/30_Underground_storage_site_proposed.html"",""text"":""Jul 30, 2014 - Sturgeon Creek Post""}]",ATCO Energy Solutions / Petrogas Energy Corp.,false,,,,"An underground Natural Gas Liquids (NGL) storage facility, which would include four underground storage caverns, a brine storage pond and associated surface facilities for ethylene, propane, butane and condensate."
2290,Carseland-Bow River Headworks System,Infrastructure,Vulcan County,,"(50.2000007629395, -112.669998168945)",,$28700000.00,Under Construction,2014 - 2016,,,Alberta Transportation,false,Graham Construction,,,Main dam and outlet structure rehabilitation.
2291,CrossIron Mills Redevelopment,Commercial / Retail,Rocky View County,,"(51.2209014892578, -113.988998413086)",,$60000000.00,Announced,2015 - 2017,,"[{""url"":""http://www.calgaryherald.com/business/CrossIron+Mills+undertaking+million+redevelopment/10114692/story.html"",""text"":""Aug 12, 2014 - Calgary Herald""}]",Ivanhoe Cambridge,false,,,,Includes the relocation and expansion of the existing food court.
2292,North Service Centre Renovation / Expansion,Commercial / Retail,Edmonton,,"(53.5769996643066, -113.504997253418)",,$60000000.00,Announced,,,,EPCOR,false,,,,Renovation / expansion of EPCOR north service centre and adjacent GK Foster Building with warehouse.
2293,Seton Urban Regional Shopping District,Commercial / Retail,Calgary,,"(50.8800010681152, -113.959999084473)",,$100000000.00,Announced,2015 - 2017,www.setonurbandistrict.com,,Brookfield Residential,false,,,,Includes Phases 2-4 (ten structures in three areas: Regional Retail district; Design district; and Market Street). Groundbreaking in May 2015.
2294,Seton Courtyard and Residence Inn by Marriott,Tourism / Recreation,Calgary,,"(50.882568359375, -113.951309204102)",,$38000000.00,Under Construction,2013 - 2015,www.setonurbandistrict.com,,MasterBuilt Hotels Ltd.,false,Chandos Construction,,,
2299,New Catholic Church,Institutional,Chestermere,,"(51.0395011901855, -113.827598571777)",,$5000000.00,Announced,,,,Parish of St. Gabriel the Archangel,false,,,,For the Parish of St. Gabriel the Archangel. The estimated cost range is $5M-$10M and fundraising is underway.
2300,Dual Bitumen and Diluent Pipeline,Pipelines,Bonnyville M.D. No. 87,,"(54.1749992370605, -111.037002563477)",,$20000000.00,Announced,2014 - 2015,,"[{""url"":""http://calgaryherald.com/business/pengrowth-strikes-pipeline-deal-with-husky?__lsa=d45a-a463"",""text"":""Aug 7, 2014 - Calgary Herald""}]",Pengrowth Energy Corp.,false,,,,A 15 km dual bitumen and diluent pipeline from Pengrowth Energy's Lindbergh site to Husky Energy pipeline.
2303,Lewis Farms and Summerside Schools,Institutional,Edmonton,,,"{ ""type"": ""MultiPoint"", ""coordinates"": [ [-113.463230, 53.421622], [-113.678258, 53.528575] ] }",$36400000.00,Announced,2015 - 2016,,,Alberta Infrastructure,false,Marshall - Lee Construction,,,Summerside is an Edmonton Catholic Separate School District school and will provide space for up to 750 students. Lewis Farms is a Junior High School within the Edmonton Public School District and will provide space for up to 900 students.
2307,Sangudo Municipal Administration Building,Infrastructure,Lac Ste. Anne County,,"(53.8886985778809, -114.899002075195)",,$9000000.00,Announced,,,,Lac Ste. Anne County,false,,,,"County administration building with offices, meeting rooms, an interactive conference cente, file rooms, vaults, storage and a council chamber to accommodate up to 75 people."
2309,Spring Gardens Bus Maintenance Facility Contract 2,Infrastructure,Calgary,,"(51.0800018310547, -114.050003051758)",,$12300000.00,Under Construction,2014 - 2015,,,City of Calgary,false,Graham Construction,,,Spring Gardens bus storage and maintenance facility contract 2 (transit technology building).
2312,The Groves of Varsity (Building 4),Residential,Calgary,,"(51.1059989929199, -114.174003601074)",,$21800000.00,Announced,,http://www.grovesofvarsity.com/,"[{""url"":""http://www.calgarysun.com/2013/07/12/groves-of-varsity-offer-premium-location"",""text"":""Jul 13, 2013 - Calgary Sun""}]",Statesman Group of Companies,false,,,,
2313,Marquee on 16th Apartment Building,Residential,Calgary,,"(51.0655746459961, -114.060119628906)",,$18000000.00,Announced,,http://marqueegroupofcompanies.com/portfolio_item/marquee-on-16th/,,Marquee Group of Companies,false,,,,
2315,Harvest Operations Corp. Office Alterations,Commercial / Retail,Calgary,,"(51.0460014343262, -114.067001342773)",,$8100000.00,Announced,,,,Harvest Operations Corp.,false,Prime Projects,,,
2318,CLAC Regional Office,Commercial / Retail,Calgary,,"(51.1100959777832, -113.978332519531)",,$5500000.00,Announced,,,,Christian Labour Association of Canada,false,Ledcor,,,
2319,3 Star Master Plan Office Alterations,Commercial / Retail,Calgary,,"(50.9628067016602, -114.003471374512)",,$16000000.00,Announced,,,,3 Star Master Plan,false,,,,
2320,Tela Condos,Residential,Calgary,,"(51.0330009460449, -114.069999694824)",,$10900000.00,Under Construction,2014 - 2015,http://www.telacondos.ca/,,cdh Developments,false,,,,Contains 51 one and two-bedroom suites.
2321,Arrive at Skyview Ranch Arbours,Residential,Calgary,,"(51.1500015258789, -113.959999084473)",,$9200000.00,Announced,,,,Walton Development,false,,https://farm8.staticflickr.com/7645/16660305128_83875339e0_b.jpg,"ARRIVE at Skyview Ranch Arbours, courtesy of Partners Development Group.","A townhouse development.  Includes buildings B, C, D, E, F, G and H."
2324,Yorkton Twin Towers,Residential,Edmonton,,"(53.5483627319336, -113.489097595215)",,$200000000.00,Announced,,,"[{""url"":""http://www.canada.com/story.html?id=af201413-758a-4fec-8874-a343096b5020"",""text"":""Aug 26, 2014 - Canada.com""}]",Yorkton Group International,false,,https://farm8.staticflickr.com/7281/16713460587_facd140be0_b.jpg,"Yorkton Twin Towers, courtesy of Yorkton Group.",Twin 38 and 28-storey condominiums atop a two-storey commercial podium.
2326,Marriott Townplace Inn,Tourism / Recreation,Edmonton,,"(53.4403228759766, -113.486709594727)",,$9500000.00,Under Construction,2014 - 2015,,,Marriott Hotels,false,,,,
2332,Elan Condominiums,Residential,Edmonton,,"(53.4024505615234, -113.51611328125)",,$10200000.00,Under Construction,2014 - 2015,http://carrington.ca/condos/communities/elan/,"[{""url"":""http://www.edmontonjournal.com/Condo+Close+Amenities+serene+nature+close+home+Elan/10311304/story.html"",""text"":""Oct 21, 2014 - Edmonton Journal""}]",Carrington Allard Ltd.,false,,,,"A four-storey, 82 unit condominium."
2334,The Leger,Residential,Edmonton,,"(53.4556846618652, -113.574783325195)",,$10700000.00,Under Construction,2014 - 2015,http://www.brass3.com/,,Brass III Developments,false,,,,"A four-storey, 60 unit condominium."
2336,ULINE Interior Alterations,Commercial / Retail,Edmonton,,"(53.5642242431641, -113.64404296875)",,$14800000.00,Under Construction,2014 - 2015,,,ULINE Shipping Supplies,false,Dawson Wallace Construction,,,
2343,"SH680, SH727 Base and Pave",Infrastructure,Saddle Hills County,Saddle Hills County,,"{""type"":""LineString"",""coordinates"":[[-119.199996948242,55.9269981384277,0.0],[-119,55.7799987792969,0.0]]}",$10400000.00,Announced,,,,Alberta Transportation,false,,,,
2344,Highway 63 Pave 15397,Infrastructure,Athabasca County,Lac La Biche County,,"{ ""type"": ""LineString"", ""coordinates"": [ [ -112.148776, 55.654335 ], [ -112.148333, 55.64835 ], [ -112.148267, 55.6472 ], [ -112.148317, 55.646633 ], [ -112.148467, 55.646067 ], [ -112.148717, 55.6455 ], [ -112.149033, 55.644967 ], [ -112.14945, 55.644433 ], [ -112.14995, 55.643933 ], [ -112.150517, 55.643467 ], [ -112.15081, 55.643263 ], [ -112.151167, 55.643017 ], [ -112.154483, 55.64095 ], [ -112.155183, 55.640583 ], [ -112.15595, 55.640267 ], [ -112.157567, 55.63975 ], [ -112.158467, 55.639533 ], [ -112.167733, 55.637467 ], [ -112.170533, 55.6368 ], [ -112.17985, 55.634717 ], [ -112.181667, 55.63425 ], [ -112.183317, 55.6336 ], [ -112.183911, 55.633321 ], [ -112.1841, 55.633233 ], [ -112.184817, 55.632833 ], [ -112.185483, 55.6324 ], [ -112.1861, 55.63195 ], [ -112.18665, 55.631467 ], [ -112.205726, 55.613581 ], [ -112.206933, 55.61245 ], [ -112.21585, 55.604183 ], [ -112.224683, 55.5959 ], [ -112.225233, 55.595417 ], [ -112.226417, 55.5945 ], [ -112.227717, 55.593633 ], [ -112.2284, 55.593233 ], [ -112.22985, 55.592467 ], [ -112.230617, 55.592117 ], [ -112.234888, 55.59022 ], [ -112.249417, 55.583767 ], [ -112.25095, 55.583033 ], [ -112.256183, 55.580735 ], [ -112.263817, 55.577383 ], [ -112.27865, 55.570733 ], [ -112.28265, 55.56905 ], [ -112.285533, 55.567769 ], [ -112.301994, 55.560457 ], [ -112.315067, 55.55465 ], [ -112.315833, 55.554283 ], [ -112.31725, 55.553483 ], [ -112.3185, 55.5526 ], [ -112.31905, 55.552133 ], [ -112.31955, 55.55165 ], [ -112.32045, 55.55065 ], [ -112.32946, 55.539596 ], [ -112.333967, 55.534067 ], [ -112.344083, 55.52175 ], [ -112.348599, 55.516216 ], [ -112.350404, 55.514004 ], [ -112.383783, 55.473083 ], [ -112.3914, 55.4638 ], [ -112.40145, 55.4514 ], [ -112.406517, 55.445233 ], [ -112.42335, 55.424517 ], [ -112.427569, 55.419285 ], [ -112.432517, 55.41315 ], [ -112.438833, 55.405433 ], [ -112.448033, 55.394067 ], [ -112.452717, 55.3884 ], [ -112.4534, 55.387559 ], [ -112.471983, 55.364683 ], [ -112.472767, 55.36365 ], [ -112.473083, 55.3631 ], [ -112.473567, 55.362017 ], [ -112.473717, 55.36145 ], [ -112.473867, 55.360333 ], [ -112.47385, 55.359767 ], [ -112.472827, 55.352329 ], [ -112.472072, 55.346839 ], [ -112.47178, 55.344713 ], [ -112.470996, 55.339005 ], [ -112.470817, 55.3377 ], [ -112.47075, 55.336567 ], [ -112.470917, 55.335433 ], [ -112.4712, 55.334317 ], [ -112.47145, 55.33375 ], [ -112.476089, 55.326201 ], [ -112.480033, 55.319783 ], [ -112.490043, 55.303269 ], [ -112.495317, 55.294567 ], [ -112.495917, 55.2935 ], [ -112.496117, 55.29295 ], [ -112.4963, 55.291817 ], [ -112.496283, 55.29125 ], [ -112.496033, 55.290117 ], [ -112.4955, 55.289017 ], [ -112.493843, 55.286435 ], [ -112.487617, 55.276733 ], [ -112.477011, 55.260062 ], [ -112.475216, 55.25724 ], [ -112.469933, 55.248933 ], [ -112.469283, 55.24785 ], [ -112.468783, 55.24675 ], [ -112.468267, 55.245067 ], [ -112.468133, 55.243917 ], [ -112.4681, 55.242767 ], [ -112.468125, 55.23243 ], [ -112.468135, 55.228245 ], [ -112.46815, 55.222317 ], [ -112.468133, 55.216683 ], [ -112.468083, 55.21555 ], [ -112.467783, 55.213867 ], [ -112.465667, 55.206517 ], [ -112.465517, 55.205383 ], [ -112.46555, 55.204817 ], [ -112.465633, 55.20425 ], [ -112.4658, 55.203683 ], [ -112.4663, 55.202583 ], [ -112.467348, 55.200897 ], [ -112.469032, 55.198193 ] ] }",$19200000.00,Under Construction,2014 - 2015,,,Alberta Transportation,false,Ledcor Group of Companies,,,Highway 63 Pave from north of Wandering River to south of House River
2345,Seton Real Canadian Superstore,Commercial / Retail,Calgary,,"(50.8779983520508, -113.949996948242)",,$14000000.00,Announced,,http://www.setonurbandistrict.com/setonurbandistrict/index.php/about/retail/gateway-retail/,,Loblaw Properties Ltd.,false,Traugott Building Contractors,,,"A 100,000 sq ft store, located on 12.5 acres of land.  Anticipated to open late 2015."
2348,Calder Library,Institutional,Edmonton,,"(53.5903434753418, -113.541030883789)",,$5500000.00,Announced,,http://www.epl.ca/about-epl/building-projects,,City of Edmonton,false,,,,"Calder Library will relocate to a new 10,000 sq ft stand-alone facility that will include a larger community room, a quiet study room, a central reading area with fireplace, and a freshwater aquarium, among other features."
2349,Airdrie Firehall,Infrastructure,Airdrie,,"(51.2955017089844, -113.985496520996)",,$5800000.00,Announced,,,,City of Airdrie,false,,,,Proposed to be operational in 2018.
2350,Orchard Sky Apartment Complex,Residential,Calgary,,"(51.1688423156738, -113.958480834961)",,$85200000.00,Announced,,http://liveatorchardsky.com/,,Truman Homes,false,,https://c1.staticflickr.com/9/8575/16665078735_8d01b84101_c.jpg,"Orchard Sky Apartment Building, courtesy of Truman Homes.",A four-storey Condominium.
2352,Mountain View Business Campus Bldgs 4 and 5,Commercial / Retail,Calgary,,"(51.0184097290039, -114.052047729492)",,$23200000.00,Announced,,,,Cominar REIT,false,,,,
2356,Two Pipelines Edson - Fox Creek,Pipelines,Edson,Fox Creek,,"{ ""type"": ""LineString"", ""coordinates"": [ [ -116.809679, 54.391202 ], [ -116.427176, 53.576354 ] ] }",$100000000.00,Announced,,,"[{""url"":""http://www.pembina.com/media-centre/news-releases/news-details/?nid=135240"",""text"":""Pembina""}]",Pembina Pipeline Corp.,false,,,,"One new natural gas liquids pipeline with a 50 mbpd capacity, and a 13 mbpd pipeline that will be transitioned into dedicated condensate use, both of which are expected to be put into service in early 2016.  Also includes a truck terminal, which will be in service in late 2016."
2359,100 Dyrgas Lane Affordable Rental Housing Project,Residential,Canmore,,"(51.1032600402832, -115.346702575684)",,$9600000.00,Announced,2015 - 2016,http://www.canmorehousing.ca/100-dyrgas-lane-affordable-housing-project,"[{""url"":""http://www.thecragandcanyon.ca/2014/09/03/info-sessions-set-for-dyrgas-lane-development"",""text"":""Sep 3, 2014 - Bow Valley Crag and Canyon""},{""url"":""http://www.rmoutlook.com/article/20150305/RMO0801/303059983"",""text"":""Mar 5, 2015 - Rocky Mountain Outlook""}]",Canmore Community Housing Corp.,false,Keller Denali Construction,,,A 32-unit rental project in Three Sisters Mountain Village. Includes phases 1 and 2.
2362,Together Centre Community Hub Building,Other Sectors,Edmonton,,"(53.5618209838867, -113.521530151367)",,$7700000.00,Under Construction,2014 - 2015,,,Terra Centre for Teen Parents,false,Clark Builders,,,"Together Centre community hub building for Terra Centre for Teen Parents, Price Rupert Community League and Alberta Thai Association"
2363,Londonderry Mall Redevelopment,Commercial / Retail,Edmonton,,"(53.603572845459, -113.443168640137)",,$130000000.00,Under Construction,2014 - 2016,,"[{""url"":""http://www.edmontonsun.com/2014/09/18/130-million-makeover-for-londonderry-mall-in-northeast-edmonton"",""text"":""Sep 18, 2014 - Edmonton Sun""}]",20 VIC Management,false,EllisDon Corporation,,,"Includes updating the mall entrances, flooring, storefronts, escalators, elevators, washrooms, ceilings, seating area, and relocating the mall""s food court."
2364,Brintnell Place Apartments,Residential,Edmonton,,"(53.6248512268066, -113.408271789551)",,$9800000.00,Under Construction,2014 - 2015,http://www.woodsmere.ca/building/brintnell-place-apartments/,,Woodsmere Holdings Corp.,false,,https://farm8.staticflickr.com/7636/16256210813_bb301052f1_b.jpg,"Brintnell Place Apartments, courtesy of Woodsmere Holdings Corp.","142-unit apartment, opening April 1, 2015."
2365,107 St Annex Mixed Use Building,Commercial / Retail and Residential,Edmonton,,"(53.5448951721191, -113.504516601563)",,$7000000.00,Under Construction,2014 - 2015,,,Dub Architects,false,,,,
2366,Touchmark at Wedgewood Phase 3,Institutional,Edmonton,,"(53.4858512878418, -113.645126342773)",,$9200000.00,Under Construction,2014 - 2015,http://celebrationhomes.ca/communities/touchmark-at-wedgewood/,,Celebration Homes,false,Chandos Construction,,,An apartment house addition to the retirement community Touchmark.
2367,The Windsor,Commercial / Retail,Calgary,,"(51.0086097717285, -114.079879760742)",,$33000000.00,Under Construction,2015 - 2016,www.thewindsorblock.ca,,Arlington Street Investments,false,,,,"A five storey, 108,152 sq ft mixed-use commercial development."
2368,Canoe at Aubrun Bay,Residential,Calgary,,"(50.8899993896484, -113.940002441406)",,$30700000.00,Announced,,http://www.aviurban.com/canoe/,"[{""url"":""http://www.calgarysun.com/2015/02/13/avi-urban-launches-last-phase-of-canoe-at-auburn-bay"",""text"":""Feb 14, 2015 - Calgary Sun""}]",AVI Urban,false,,,,Four Storey condominium.
2369,Bridgeland Hill,Residential,Calgary,,"(51.0499992370605, -114.050003051758)",,$22800000.00,Announced,,http://bridgelandhill.gablecrafthomes.ca/,,GableCraft Homes,false,,,,"Four storey, 68 unit condominium."
2374,Viridian Apartment Condos,Residential,Calgary,,"(51.1759986877441, -114.143997192383)",,$8300000.00,Announced,,http://viridiancondos.ca/,,Trico Homes,false,,https://farm9.staticflickr.com/8654/16697177091_518b6c2982_b.jpg,"Viridian Condo Building 3, courtesy of Trico Homes.",
2376,Bearspaw Water Treatment Plant Infra. Improvements,Infrastructure,Calgary,,"(51.1031837463379, -114.233665466309)",,$18000000.00,Under Construction,2014 - 2016,,,City of Calgary,false,PCL Construction Management,,,
2378,Northern Lights Health Centre Rooftop Heliport,Institutional,Regional Municipality of Wood Buffalo,,"(56.7159996032715, -111.361000061035)",,$5000000.00,Under Construction,2014 - 2015,,,Alberta Health Services,false,PCL Construction,,,
2379,Supportive Living and Palliative Care Centre,Institutional,Didsbury,,"(51.6641998291016, -114.137001037598)",,$36000000.00,Announced,,,,Isabella Homes,false,,,,On hold.
2384,Shepard Operational Workplace Centre,Infrastructure,Calgary,,"(50.953971862793, -113.95484161377)",,$8300000.00,Announced,,,,City of Calgary,false,Clark Builders,https://farm9.staticflickr.com/8622/16836585271_e744b5e160_b.jpg,"Shepard Operational Workplace Centre, courtesy of the City of Calgary.",Planned construction start March 2015.
2394,Lakeside Leisure Centre Renovations,Tourism / Recreation,Brooks,,"(50.568000793457, -111.894996643066)",,$20600000.00,Announced,2015 - 2016,,,City of Brooks,false,Chandos Construction,,,"Includes demolition of the old Centennial Arena, new multi-purpose field house, addition for Brooks Public Library and additional space for group use."
2397,Creekstone Mountain Lodge,Residential,Canmore,,"(51.0900001525879, -115.339996337891)",,$39000000.00,Under Construction,2014 - 2016,,"[{""url"":""http://www.calgaryherald.com/business/million+condo+project+Canmore/10245839/story.html"",""text"":""Sep 28, 2014 - Calgary Herald""}]",Spring Creek Mountain Village,false,,,,"Four storey, 56-unit condominium."
2401,Red Deer Emergency Services Stations,Infrastructure,Red Deer,,"(52.275218963623, -113.76358795166)",,$15000000.00,Announced,,,,City of Red Deer,false,,,,
2404,Cougar Creek Flood Retention Structure,Infrastructure,Canmore,,"(51.0900001525879, -115.339996337891)",,$40000000.00,Announced,,,"[{""url"":""http://www.rmoutlook.com/article/20141002/RMO0801/310029942/-1/rmo/-40-million-in-creek-mitigation-proposed"",""text"":""Oct 2, 2014 - Rocky Mountain Outlook""}]",Town of Canmore,false,,,,"A 30 m high flood retention structure, designed to stop 650,000 cubic metres of water and sediment."
2405,St. Louis Hotel Structural Upgrades,Commercial / Retail,Calgary,,"(51.0453834533691, -114.054191589355)",,$6300000.00,Announced,,,,Calgary Municipal Land Corp. (CMLC),false,,,,
2407,CFB Cold Lake Improvements,Other Sectors,Cold Lake,,"(54.4025344848633, -110.278137207031)",,$45700000.00,Announced,,,,Public Works and Government Services Canada,false,,,,
2408,CFB Edmonton Health Sciences Centre,Other Sectors,Sturgeon County,,"(53.6780281066895, -113.48397064209)",,$53500000.00,Announced,,,,Public Works and Government Services Canada,false,,,,
2409,Osman Auction Public Auction Facility,Commercial / Retail,Edmonton,,"(53.4999008178711, -113.44312286377)",,$6000000.00,Under Construction,2014 - 2015,,,Osman Auction,false,,,,
2410,Iron / Vanadium Mine and Mill Buildings,Other Sectors,Clear Hills County,,"(56.8499641418457, -118.69994354248)",,$300000000.00,Announced,2018 - 2020,,,Ironstone Resources Ltd.,false,,,,
2411,Iron / Vanadium Mine Infrastructure,Other Sectors,Clear Hills County,,"(56.8507118225098, -118.696327209473)",,$100000000.00,Announced,2018 - 2020,,,Ironstone Resources Ltd.,false,,,,
2412,Iron / Vanadium Mine Power Plant,Other Sectors,Clear Hills County,,"(56.8507118225098, -118.696327209473)",,$75000000.00,Announced,2018 - 2020,,,Ironstone Resources Ltd.,false,,,,
2413,Ridgeview Lodge Replacement Building,Institutional,Raymond,,"(49.4598579406738, -112.654273986816)",,$9400000.00,Announced,2015 - 2016,,,Ridge Country Housing,false,,,,60-unit seniors lodge. Planned construction start Summer 2015.
2414,Fibre Optic Network,Other Sectors,Taber,,"(49.7906723022461, -112.148315429688)",,$9200000.00,Announced,,,,Telus,false,,,,
2415,Grocery Store,Commercial / Retail,Cardston County No. 6,,"(49.453369140625, -113.301277160645)",,$5700000.00,Announced,2015 - 2016,,"[{""url"":""http://calgaryherald.com/news/local-news/new-grocery-store-to-deliver-jobs-health-foods-to-blood-tribe"",""text"":""Mar 17 - Calgary Herald""}]",Blood Tribe,false,,,,
2416,Urban Operations Training System Village,Other Sectors,Wainwright,,"(52.8170356750488, -110.889167785645)",,$27000000.00,Announced,,,,Defence Construction Canada,false,,,,
2417,Pincher Creek Senior's Lodge,Institutional,Pincher Creek,,"(49.4822616577148, -113.938522338867)",,$12000000.00,Announced,,,,Pincher Creek Foundation,false,,,,Planned completion by 2017.
2418,Macleod Pioneer Lodge Replacement Building,Institutional,Fort Macleod,,"(49.728401184082, -113.395027160645)",,$9000000.00,Announced,,,,Willow Creek Foundation,false,,,,
2420,Fort McMurray Intl Airport and Runway Expansions,Infrastructure,Fort McMurray,,"(56.649227142334, -111.225929260254)",,$75000000.00,Announced,,,,Fort McMurray Airport Authority,false,,,,
2421,Valour Condos,Residential,Edmonton,,"(53.600643157959, -113.49715423584)",,$14800000.00,Under Construction,2014 - 2015,,,Carrington Valour Ltd.,false,,,,
2422,Grayling Terrace Flood Recovery Project,Infrastructure,Fort McMurray,,"(56.7081527709961, -111.358810424805)",,$7900000.00,Under Construction,2014 - 2015,,,Regional Municipality of Wood Buffalo,false,In-Line Contracting,,,
2423,Points West Living Cochrane Continuing Care Centre,Institutional,Cochrane,,"(51.154972076416, -114.473701477051)",,$40000000.00,Announced,2015 - 2016,,,Points West Living,false,,,,Planned construction start fall 2015.
2424,Building Great Neighbourhoods Queen Mary Park,Infrastructure,Edmonton,,"(53.548267364502, -113.5126953125)",,$21000000.00,Announced,2016 - 2017,,,City of Edmonton,false,,,,"Includes sidewalks, curb, gutter and roadwork."
2425,Edmonton River Valley Funicular,Infrastructure,Edmonton,,"(53.5392150878906, -113.489738464355)",,$24000000.00,Announced,2015 - 2016,,,City of Edmonton,false,,,,Possible construction start in 2015.
2426,Fort McKay Fire Hall,Infrastructure,Regional Municipality of Wood Buffalo,,"(57.1802520751953, -111.635276794434)",,$15000000.00,Announced,,,,Regional Municipality of Wood Buffalo,false,,,,
2427,Spyhill Landfill Stage 3 Phase 5,Infrastructure,Calgary,,"(51.155330657959, -114.189315795898)",,$5100000.00,Announced,,,,City of Calgary,false,,,,"Liner construction, leachate collection system, gravel road, overland drainage ditch and related work."
2428,The Armory and Currie Barracks Apartment,Residential,Calgary,,"(51.0167694091797, -114.132537841797)",,$15300000.00,Under Construction,2015 - 2016,,,Cove Properties Ltd.,false,,,,
2429,Belly River Bullhorn Reservoir 14706,Infrastructure,Cardston,,"(49.294376373291, -113.35636138916)",,$8500000.00,Announced,,,,Alberta Infrastructure,false,Degraaf Excavating Ltd,,,Demolition of existing wasteway and construction of a new structure.  Planned construction start April.
2430,Baseline Terminal,Oil and Gas,Edmonton,,"(53.5279922485352, -113.36408996582)",,$672000000.00,Announced,2015 - 2019,,"[{""url"":""http://www.sherwoodparknews.com/2015/04/13/new-industrial-storage-project-announced"",""text"":""Apr 13 - Sherwood Park News""}]",Keyera Corp. / Kinder Morgan Inc.,false,,,,"Phased construction of eighteen tanks, with the first twelve tanks being commisioned in the second half of 2017. On Alberta EnviroFuels site project also includes connections to Kinder Morgan North 40 Terminal."
2431,Shane Homes Apartment Buildings,Residential,Calgary,,"(51.1726837158203, -114.16365814209)",,$7200000.00,Announced,,,,Shane Homes,false,,,,Includes four buildings.
2432,Rundle College Building,Institutional,Calgary,,"(51.0375213623047, -114.193336486816)",,$17500000.00,Announced,,,,CANA Construction,false,,,,
2433,Bonnyville 2015 Oiled Roads Projects,Infrastructure,Bonnyville M.D. No. 87,,"(54.4178009033203, -110.627998352051)",,$8800000.00,Announced,,,,MD of Bonnyville,false,,,,
2434,Bonnyville 2015 Paved Roads Projects,Infrastructure,Bonnyville M.D. No. 87,,"(54.4178009033203, -110.627998352051)",,$6600000.00,Announced,,,,MD of Bonnyville,false,,,,
2435,Shaganappi Condo,Residential,Calgary,,"(51.0379295349121, -114.123847961426)",,$14100000.00,Announced,,,,Truman Homes,false,,,,
2436,Grand Villa Edmonton Casino,Commercial / Retail,Edmonton,,"(53.5465087890625, -113.494132995605)",,$32000000.00,Announced,2015 - 2016,,"[{""url"":""http://www.edmontonjournal.com/Baccarat+Casino+replaced+upscale+entertainment+gaming+facility/10968704/story.html"",""text"":""Apr 14 - Edmonton Journal""}]",Gateway Casinos and Entertainment,false,,,,Planned construction start fall 2015. Four storey mixed-use building with connection to the Winter Garden.
2437,Nose Creek Business Park Buildings A and C,Commercial / Retail,Calgary,,"(51.1922798156738, -113.990234375)",,$42000000.00,Announced,2015 - 2016,,,Bentall Kennedy,false,Dawson Wallace Construction,,,Two Warehouses.
2438,Railway Track Repair and Replacement,Infrastructure,Municipality of Crowsnest Pass,,"(49.6076202392578, -114.439788818359)",,$10000000.00,Announced,,,,CP Rail,false,,,,Includes replacement of 32km of track as well as replacement of the timber rail crossings in Blairmore with concrete. Planned construction start end of May.
2439,Medicine Hat Regional Airport Expansion,Infrastructure,Medicine Hat,,"(50.0219535827637, -110.720726013184)",,$5300000.00,Under Construction,2013 - 2015,,,City of Medicine Hat,false,,,,
2440,Feeder Rail Line Improvements,Infrastructure,Peace River,,"(56.203296661377, -117.396636962891)",,$100000000.00,Announced,,,"[{""url"":""https://www.cn.ca/en/news/2015/04/pressrelease_20150416103113_0115"",""text"":""Apr 16 - CN Press Release""}]",Canadian National Railway,false,,,,
2441,Frac Sand Transfer Facility,Oil and Gas,Yellowhead County,,"(53.6649856567383, -116.074668884277)",,$20000000.00,Announced,,,"[{""url"":""http://www.edsonleader.com/2015/04/17/frac-sand-company-hoping-to-build-west-of-peers"",""text"":""Apr 17 - Edson Leader""}]",Di-Corp,false,,,,Plant plus rail spur.
2442,Buena Vista Road Reconstruction,Infrastructure,Edmonton,,,"{ ""type"": ""LineString"", ""coordinates"": [ [ -113.551773, 53.512691 ], [ -113.551812, 53.512705 ], [ -113.554457, 53.5134 ], [ -113.555206, 53.513599 ], [ -113.555556, 53.513778 ], [ -113.555788, 53.514024 ], [ -113.55587, 53.514279 ], [ -113.555862, 53.515225 ], [ -113.555857, 53.515812 ], [ -113.555925, 53.5161 ], [ -113.556051, 53.516296 ], [ -113.556321, 53.516531 ], [ -113.556836, 53.516778 ], [ -113.557186, 53.516849 ], [ -113.557796, 53.516924 ], [ -113.558244, 53.517005 ], [ -113.558701, 53.517168 ], [ -113.559133, 53.517434 ], [ -113.559281, 53.517626 ], [ -113.559393, 53.517928 ], [ -113.559392, 53.518175 ], [ -113.559422, 53.518523 ], [ -113.559515, 53.518726 ], [ -113.559728, 53.518949 ], [ -113.559971, 53.51912 ], [ -113.560329, 53.519277 ], [ -113.560765, 53.519375 ], [ -113.561072, 53.519401 ], [ -113.562593, 53.519397 ], [ -113.562822, 53.519394 ], [ -113.564414, 53.519396 ], [ -113.564636, 53.519398 ] ] }",$5500000.00,Announced,,,,City of Edmonton,false,,,,
2443,Highway 93 N Pave,Infrastructure,I.D. No. 9 Banff,,"(51.5272827148438, -116.270980834961)",,$8000000.00,Announced,,,,Parks Canada,false,,,,Hwy 93 N pave km 0.4 to km 30; west boundary TCH km 81.9; Hwy 93N and TCH interchange (Icefield Parkway) TCH km 75; Castle Mountain interchange TCH km 47.7; Sunshine Rd interchange TCH km 25.4; East boundary TCH km 0.
2444,Great Plains Warehouse and Office Building,Commercial / Retail,Calgary,,"(50.9912376403809, -113.943489074707)",,$9500000.00,Announced,,,,Hopewell Capital,false,,,,
2445,Roundabout Hwy 2A and SH597  16192,Infrastructure,Red Deer,,"(52.3681945800781, -113.79541015625)",,$8100000.00,Announced,,,,Alberta Transportation,false,Central City Asphalt,,,
2446,Sarcee Tr Slope Drainage Improvements and Roadwork,Infrastructure,Calgary,,,"{ ""type"": ""LineString"", ""coordinates"": [ [ -114.16407, 51.018063 ], [ -114.164286, 51.018084 ], [ -114.164199, 51.018793 ], [ -114.164157, 51.019273 ], [ -114.164141, 51.019615 ], [ -114.164135, 51.020269 ], [ -114.164135, 51.0224 ], [ -114.164141, 51.025188 ], [ -114.164146, 51.034959 ], [ -114.164192, 51.035556 ], [ -114.1642, 51.035659 ], [ -114.164245, 51.0363 ], [ -114.164277, 51.036749 ], [ -114.164282, 51.037481 ], [ -114.164285, 51.038529 ], [ -114.164277, 51.040727 ], [ -114.164274, 51.041359 ], [ -114.164269, 51.041648 ], [ -114.164255, 51.041978 ], [ -114.16425, 51.042095 ], [ -114.164221, 51.042507 ], [ -114.164186, 51.042998 ], [ -114.164143, 51.043726 ], [ -114.164156, 51.047621 ], [ -114.16415, 51.048279 ], [ -114.164147, 51.048696 ], [ -114.164141, 51.049024 ], [ -114.164144, 51.04976 ], [ -114.164146, 51.050748 ], [ -114.164115, 51.051783 ], [ -114.164125, 51.052328 ], [ -114.164124, 51.052406 ], [ -114.164118, 51.052679 ], [ -114.164117, 51.052812 ], [ -114.164122, 51.05332 ], [ -114.164119, 51.055256 ], [ -114.164124, 51.056887 ], [ -114.164114, 51.057076 ], [ -114.164109, 51.057315 ], [ -114.164116, 51.057798 ], [ -114.164131, 51.058057 ], [ -114.164158, 51.058287 ], [ -114.164185, 51.058465 ], [ -114.164209, 51.05863 ], [ -114.164252, 51.058868 ], [ -114.164314, 51.059177 ], [ -114.164376, 51.059417 ], [ -114.164476, 51.059722 ], [ -114.164555, 51.059969 ], [ -114.164678, 51.060286 ], [ -114.164807, 51.060581 ], [ -114.164926, 51.060805 ], [ -114.165054, 51.061037 ], [ -114.165185, 51.061261 ], [ -114.165365, 51.061546 ], [ -114.165559, 51.061852 ], [ -114.165761, 51.062146 ], [ -114.165969, 51.062435 ], [ -114.166208, 51.062729 ], [ -114.166459, 51.06301 ], [ -114.16666, 51.063214 ], [ -114.1669, 51.063435 ], [ -114.16725, 51.063745 ], [ -114.167617, 51.064049 ], [ -114.168034, 51.064367 ], [ -114.168262, 51.064533 ], [ -114.168468, 51.064677 ], [ -114.168923, 51.064974 ], [ -114.169285, 51.065197 ], [ -114.169838, 51.065514 ], [ -114.170253, 51.065727 ], [ -114.170642, 51.065917 ], [ -114.171148, 51.066154 ], [ -114.171453, 51.066284 ], [ -114.171883, 51.066463 ], [ -114.172343, 51.066637 ], [ -114.172694, 51.066769 ], [ -114.173158, 51.066947 ], [ -114.173949, 51.067247 ], [ -114.175115, 51.067696 ], [ -114.176259, 51.068179 ], [ -114.176873, 51.068444 ], [ -114.17712, 51.068556 ], [ -114.177503, 51.068729 ], [ -114.177926, 51.068926 ], [ -114.178398, 51.069151 ], [ -114.178781, 51.069348 ], [ -114.178966, 51.069446 ], [ -114.180178, 51.070117 ], [ -114.180738, 51.070451 ], [ -114.181264, 51.070781 ], [ -114.181898, 51.071199 ], [ -114.182684, 51.071747 ], [ -114.183309, 51.072215 ], [ -114.183862, 51.07265 ], [ -114.184468, 51.073159 ], [ -114.185059, 51.073684 ], [ -114.185751, 51.074342 ], [ -114.186236, 51.074811 ], [ -114.186649, 51.075223 ], [ -114.187024, 51.075625 ], [ -114.187392, 51.076059 ], [ -114.187849, 51.076637 ], [ -114.188162, 51.077032 ], [ -114.188271, 51.077168 ], [ -114.188323, 51.077233 ], [ -114.187924, 51.07733 ], [ -114.187874, 51.077335 ] ] }",$5000000.00,Announced,,,,City of Calgary,false,Lafarge Canada Precast Products,,,Sarcee Trail W from 16 Ave N to Patina Dr right of way
2447,Whitemud Freeway Widening,Infrastructure,Edmonton,,,"{ ""type"": ""LineString"", ""coordinates"": [ [ -113.442779, 53.484967 ], [ -113.442749, 53.484864 ], [ -113.442726, 53.484781 ], [ -113.442689, 53.484665 ], [ -113.442643, 53.48463 ], [ -113.442571, 53.484601 ], [ -113.442514, 53.484585 ], [ -113.442469, 53.484579 ], [ -113.442147, 53.484576 ], [ -113.441763, 53.484604 ], [ -113.441325, 53.484648 ], [ -113.440949, 53.484702 ], [ -113.440799, 53.484723 ], [ -113.440168, 53.48483 ], [ -113.43931, 53.484971 ], [ -113.438281, 53.485157 ], [ -113.436938, 53.485364 ], [ -113.436172, 53.485453 ], [ -113.435795, 53.485503 ], [ -113.435003, 53.485632 ], [ -113.42755, 53.486393 ], [ -113.423456, 53.486782 ], [ -113.418397, 53.487145 ], [ -113.418205, 53.487158 ] ] }",$16800000.00,Announced,2015 - 2016,,,City of Edmonton,false,Lafarge Canada and Wells Construction,,,Project includes addition of concrete median from 17 St to 75 St.
2448,Highway 1 Pave 12576,Infrastructure,Calgary,,,"{ ""type"": ""LineString"", ""coordinates"": [ [ -115.087189, 51.102501 ], [ -115.087121, 51.102628 ], [ -115.083706, 51.102412 ], [ -115.082052, 51.102298 ], [ -115.077386, 51.102011 ], [ -115.072732, 51.101744 ], [ -115.072082, 51.101705 ], [ -115.069934, 51.101573 ], [ -115.068635, 51.101401 ], [ -115.067684, 51.10107 ], [ -115.066954, 51.10076 ], [ -115.065795, 51.100086 ], [ -115.065463, 51.099803 ], [ -115.064873, 51.099069 ], [ -115.064583, 51.098045 ], [ -115.063992, 51.095343 ], [ -115.063365, 51.091465 ], [ -115.062968, 51.088963 ], [ -115.062812, 51.087743 ], [ -115.062703, 51.087012 ], [ -115.062706, 51.086663 ], [ -115.062317, 51.084084 ], [ -115.062055, 51.082335 ], [ -115.061789, 51.081041 ], [ -115.061681, 51.080627 ], [ -115.061527, 51.080181 ], [ -115.061225, 51.079727 ], [ -115.060947, 51.079448 ], [ -115.060678, 51.079236 ], [ -115.060528, 51.079113 ], [ -115.060089, 51.078887 ], [ -115.059575, 51.078667 ], [ -115.059267, 51.078573 ], [ -115.05844, 51.078359 ], [ -115.057922, 51.078239 ], [ -115.056764, 51.078016 ], [ -115.056647, 51.077989 ], [ -115.056248, 51.077867 ], [ -115.055937, 51.077726 ], [ -115.055615, 51.077382 ], [ -115.055569, 51.077186 ], [ -115.055657, 51.076981 ], [ -115.05593, 51.076748 ], [ -115.056255, 51.076606 ], [ -115.056691, 51.076557 ], [ -115.057133, 51.076619 ], [ -115.057505, 51.076812 ], [ -115.057699, 51.077032 ], [ -115.057749, 51.07723 ], [ -115.057735, 51.077422 ], [ -115.05725, 51.078015 ], [ -115.056566, 51.078808 ], [ -115.055538, 51.080382 ], [ -115.055108, 51.081797 ], [ -115.054384, 51.084932 ], [ -115.054124, 51.086056 ], [ -115.053843, 51.08727 ], [ -115.053532, 51.0882 ], [ -115.053082, 51.089016 ], [ -115.052202, 51.090141 ], [ -115.051183, 51.091024 ], [ -115.049723, 51.09196 ], [ -115.046762, 51.093271 ], [ -115.028964, 51.100304 ], [ -115.027869, 51.100736 ], [ -115.020994, 51.103461 ], [ -115.019834, 51.10392 ], [ -115.0142, 51.106153 ], [ -115.008824, 51.108293 ], [ -114.988065, 51.116489 ], [ -114.961339, 51.127014 ], [ -114.959718, 51.127627 ], [ -114.958228, 51.128058 ], [ -114.955138, 51.128737 ], [ -114.946313, 51.1302 ], [ -114.939442, 51.1314 ], [ -114.937866, 51.131675 ], [ -114.930904, 51.132891 ], [ -114.919003, 51.134931 ], [ -114.891505, 51.139725 ], [ -114.886999, 51.140546 ], [ -114.884853, 51.141011 ], [ -114.881839, 51.141691 ], [ -114.877011, 51.142835 ], [ -114.87578, 51.143115 ], [ -114.875612, 51.143153 ], [ -114.867097, 51.14509 ], [ -114.865145, 51.145514 ], [ -114.863514, 51.145817 ], [ -114.861829, 51.145992 ], [ -114.857645, 51.146382 ], [ -114.854866, 51.146631 ], [ -114.853171, 51.146758 ], [ -114.851059, 51.146943 ], [ -114.837099, 51.148132 ], [ -114.834224, 51.148376 ], [ -114.824911, 51.149168 ], [ -114.819483, 51.149646 ], [ -114.817015, 51.150003 ], [ -114.815867, 51.150225 ], [ -114.814247, 51.150548 ], [ -114.812477, 51.151039 ], [ -114.812035, 51.151166 ], [ -114.793701, 51.157412 ], [ -114.791963, 51.157977 ], [ -114.790064, 51.158516 ], [ -114.78601, 51.159444 ], [ -114.784143, 51.159877 ], [ -114.782402, 51.160258 ], [ -114.781204, 51.160531 ], [ -114.780397, 51.160684 ], [ -114.779818, 51.160787 ], [ -114.779142, 51.160891 ], [ -114.778685, 51.160951 ], [ -114.777964, 51.161034 ], [ -114.777387, 51.161101 ], [ -114.77683, 51.161145 ], [ -114.776548, 51.161168 ], [ -114.776084, 51.161199 ], [ -114.775022, 51.161282 ], [ -114.773351, 51.161385 ], [ -114.771245, 51.161532 ], [ -114.76965, 51.161628 ], [ -114.769482, 51.161638 ], [ -114.768477, 51.1617 ], [ -114.766619, 51.161815 ], [ -114.765222, 51.161886 ], [ -114.764785, 51.161911 ], [ -114.76443, 51.161935 ], [ -114.763669, 51.161961 ], [ -114.763317, 51.161966 ], [ -114.762637, 51.161951 ], [ -114.762309, 51.161938 ], [ -114.76191, 51.161919 ], [ -114.761368, 51.161877 ], [ -114.760425, 51.161751 ], [ -114.759701, 51.161646 ], [ -114.75911, 51.161516 ], [ -114.758482, 51.161344 ], [ -114.757763, 51.161142 ], [ -114.757293, 51.160987 ], [ -114.756618, 51.160745 ], [ -114.755683, 51.160326 ], [ -114.755023, 51.159993 ], [ -114.754201, 51.15947 ], [ -114.753124, 51.158777 ], [ -114.751766, 51.157896 ], [ -114.750266, 51.156908 ], [ -114.7481, 51.155511 ], [ -114.746568, 51.154512 ], [ -114.744501, 51.153164 ], [ -114.742582, 51.151899 ], [ -114.741237, 51.151034 ], [ -114.7393, 51.149773 ], [ -114.738017, 51.148933 ], [ -114.73776, 51.148772 ], [ -114.737302, 51.1485 ], [ -114.736532, 51.148089 ], [ -114.735892, 51.147771 ], [ -114.735485, 51.147569 ], [ -114.735052, 51.147374 ], [ -114.734604, 51.147165 ], [ -114.734066, 51.14694 ], [ -114.732996, 51.1465 ], [ -114.731854, 51.146033 ], [ -114.730099, 51.145341 ], [ -114.728901, 51.144875 ], [ -114.728283, 51.144634 ], [ -114.727503, 51.144323 ] ] }",$13500000.00,Announced,,,,Alberta Transportation,false,,,,
2449,Highway 28 Upgrades,Infrastructure,Sturgeon County,,,"{ ""type"": ""LineString"", ""coordinates"": [ [ -113.12191, 54.021307 ], [ -113.124683, 54.021127 ], [ -113.125643, 54.021063 ], [ -113.126337, 54.021002 ], [ -113.126962, 54.020898 ], [ -113.127597, 54.020821 ], [ -113.12832, 54.020713 ], [ -113.129034, 54.02059 ], [ -113.130054, 54.020382 ], [ -113.130568, 54.020257 ], [ -113.131423, 54.020023 ], [ -113.131856, 54.019895 ], [ -113.133213, 54.019436 ], [ -113.134836, 54.018855 ], [ -113.137885, 54.017773 ], [ -113.140818, 54.016724 ], [ -113.143717, 54.015699 ], [ -113.146675, 54.014637 ], [ -113.147243, 54.014391 ], [ -113.147739, 54.014112 ], [ -113.148172, 54.0138 ], [ -113.148364, 54.01363 ], [ -113.148525, 54.01347 ], [ -113.148687, 54.013273 ], [ -113.148815, 54.013087 ], [ -113.148972, 54.012789 ], [ -113.14899, 54.012736 ], [ -113.149063, 54.012524 ], [ -113.149119, 54.0123 ], [ -113.14915, 54.012059 ], [ -113.14916, 54.011693 ], [ -113.149161, 54.01073 ], [ -113.149157, 54.009462 ], [ -113.149168, 54.008284 ], [ -113.149162, 54.007097 ], [ -113.149161, 54.006985 ], [ -113.149168, 54.005777 ], [ -113.149174, 54.004584 ], [ -113.149181, 54.003396 ], [ -113.149172, 54.002167 ], [ -113.149177, 54.000988 ], [ -113.149181, 53.999869 ], [ -113.149181, 53.999782 ], [ -113.149185, 53.998635 ], [ -113.149185, 53.997453 ], [ -113.149176, 53.996245 ], [ -113.149196, 53.994986 ], [ -113.149187, 53.993708 ], [ -113.14919, 53.992377 ], [ -113.149194, 53.991173 ], [ -113.149197, 53.989975 ], [ -113.1492, 53.988777 ], [ -113.149202, 53.988235 ], [ -113.149203, 53.987895 ], [ -113.149204, 53.987582 ], [ -113.149207, 53.986401 ], [ -113.14921, 53.985208 ], [ -113.149211, 53.983982 ], [ -113.149214, 53.982781 ], [ -113.149217, 53.981589 ], [ -113.14922, 53.980402 ], [ -113.149224, 53.979199 ], [ -113.149227, 53.977996 ], [ -113.149225, 53.976767 ], [ -113.149228, 53.975573 ], [ -113.149231, 53.974384 ], [ -113.149234, 53.973199 ], [ -113.149237, 53.972009 ], [ -113.14924, 53.970828 ], [ -113.149241, 53.970689 ], [ -113.149244, 53.969617 ], [ -113.149247, 53.968424 ], [ -113.14925, 53.967226 ], [ -113.149253, 53.966036 ], [ -113.149256, 53.964848 ], [ -113.149259, 53.963662 ], [ -113.149262, 53.962481 ], [ -113.149265, 53.961273 ], [ -113.149268, 53.960108 ], [ -113.149271, 53.95894 ], [ -113.149274, 53.957737 ], [ -113.149277, 53.956552 ], [ -113.14928, 53.955339 ], [ -113.149283, 53.954149 ], [ -113.149273, 53.952916 ], [ -113.149295, 53.951722 ], [ -113.149327, 53.951322 ], [ -113.149374, 53.951126 ], [ -113.149459, 53.950907 ], [ -113.149552, 53.950726 ], [ -113.149679, 53.95054 ], [ -113.149916, 53.950265 ], [ -113.150192, 53.950013 ], [ -113.150358, 53.949882 ], [ -113.150617, 53.949715 ], [ -113.15076, 53.949638 ], [ -113.150903, 53.949561 ], [ -113.151211, 53.949422 ], [ -113.151498, 53.949314 ], [ -113.151914, 53.949187 ], [ -113.152141, 53.949127 ], [ -113.15243, 53.949071 ], [ -113.152695, 53.949026 ], [ -113.153041, 53.948985 ], [ -113.153596, 53.948945 ], [ -113.154371, 53.948929 ], [ -113.156285, 53.948932 ], [ -113.159385, 53.948936 ], [ -113.161687, 53.948938 ], [ -113.162429, 53.948939 ], [ -113.165546, 53.948944 ], [ -113.168658, 53.948944 ], [ -113.171751, 53.948952 ], [ -113.17404, 53.94895 ], [ -113.174845, 53.948949 ], [ -113.177899, 53.948955 ], [ -113.180957, 53.94896 ], [ -113.184124, 53.948958 ], [ -113.187182, 53.948962 ], [ -113.190236, 53.948967 ], [ -113.19328, 53.94897 ], [ -113.196261, 53.948971 ], [ -113.198688, 53.948968 ], [ -113.199045, 53.948967 ], [ -113.202082, 53.948972 ], [ -113.204286, 53.948975 ], [ -113.20514, 53.948976 ], [ -113.206102, 53.948978 ], [ -113.208166, 53.948981 ], [ -113.208331, 53.94898 ], [ -113.210123, 53.948977 ], [ -113.211014, 53.948975 ], [ -113.214086, 53.948978 ], [ -113.21716, 53.94898 ], [ -113.220236, 53.948983 ], [ -113.223333, 53.948985 ], [ -113.223755, 53.948985 ], [ -113.226601, 53.948984 ], [ -113.229712, 53.948986 ], [ -113.232802, 53.948988 ], [ -113.235872, 53.94899 ], [ -113.238985, 53.948991 ], [ -113.242021, 53.948993 ], [ -113.245056, 53.948995 ], [ -113.248129, 53.948996 ], [ -113.248217, 53.948996 ], [ -113.251274, 53.948998 ], [ -113.254352, 53.948999 ], [ -113.257384, 53.948992 ], [ -113.260466, 53.948993 ], [ -113.263551, 53.948994 ], [ -113.265901, 53.948996 ], [ -113.268278, 53.948992 ], [ -113.268966, 53.94897 ], [ -113.269271, 53.948946 ], [ -113.269646, 53.948897 ], [ -113.269933, 53.948849 ], [ -113.270289, 53.948765 ], [ -113.270626, 53.948668 ], [ -113.270924, 53.948557 ], [ -113.271197, 53.948449 ], [ -113.271714, 53.948176 ], [ -113.272151, 53.947869 ], [ -113.272385, 53.947679 ], [ -113.273164, 53.947035 ], [ -113.273783, 53.946523 ], [ -113.275166, 53.945371 ], [ -113.276543, 53.944213 ], [ -113.277979, 53.943026 ], [ -113.279356, 53.941887 ], [ -113.279859, 53.941484 ], [ -113.280414, 53.941071 ], [ -113.281064, 53.940618 ], [ -113.281711, 53.940207 ], [ -113.282214, 53.939907 ], [ -113.282758, 53.939594 ], [ -113.283797, 53.939048 ], [ -113.285477, 53.938231 ], [ -113.287862, 53.937084 ], [ -113.290236, 53.935938 ], [ -113.29259, 53.934811 ], [ -113.294902, 53.933692 ], [ -113.297271, 53.932554 ], [ -113.298026, 53.932187 ], [ -113.299549, 53.931448 ], [ -113.302027, 53.930255 ], [ -113.30437, 53.929128 ], [ -113.306667, 53.92802 ], [ -113.309018, 53.926887 ], [ -113.311342, 53.925766 ], [ -113.312638, 53.925142 ], [ -113.313712, 53.924621 ], [ -113.314375, 53.92429 ], [ -113.314999, 53.923959 ], [ -113.315751, 53.923528 ], [ -113.316927, 53.922779 ], [ -113.317786, 53.922149 ], [ -113.318394, 53.921649 ], [ -113.318966, 53.921145 ], [ -113.31951, 53.920618 ], [ -113.320006, 53.920084 ], [ -113.320467, 53.919532 ], [ -113.32092, 53.918923 ], [ -113.321257, 53.918406 ], [ -113.321602, 53.917824 ], [ -113.321925, 53.917167 ], [ -113.322063, 53.916859 ], [ -113.322287, 53.916249 ], [ -113.322382, 53.915952 ], [ -113.322564, 53.915235 ], [ -113.322649, 53.914788 ], [ -113.322718, 53.914262 ], [ -113.32274, 53.914007 ], [ -113.322744, 53.913618 ], [ -113.322757, 53.913144 ], [ -113.322764, 53.912204 ], [ -113.322769, 53.911034 ], [ -113.322763, 53.909728 ], [ -113.322772, 53.908528 ], [ -113.322774, 53.907179 ], [ -113.322784, 53.90602 ], [ -113.32278, 53.904821 ], [ -113.322791, 53.903622 ], [ -113.322781, 53.902372 ], [ -113.322787, 53.901182 ], [ -113.322792, 53.899982 ], [ -113.322797, 53.898782 ], [ -113.322787, 53.897569 ], [ -113.32279, 53.896379 ], [ -113.322794, 53.8952 ], [ -113.322797, 53.894031 ], [ -113.3228, 53.892858 ], [ -113.322803, 53.891711 ], [ -113.322806, 53.890543 ], [ -113.32281, 53.889349 ], [ -113.322809, 53.889026 ], [ -113.322807, 53.888121 ], [ -113.32281, 53.886918 ], [ -113.322813, 53.885724 ], [ -113.322816, 53.884527 ], [ -113.322818, 53.883333 ], [ -113.322821, 53.882133 ], [ -113.322824, 53.880926 ], [ -113.322827, 53.879732 ], [ -113.32283, 53.878566 ], [ -113.322833, 53.877381 ], [ -113.322817, 53.876201 ], [ -113.322782, 53.875427 ], [ -113.322747, 53.87499 ], [ -113.322654, 53.87387 ], [ -113.322552, 53.872693 ], [ -113.322444, 53.871494 ], [ -113.322346, 53.870276 ], [ -113.322263, 53.869237 ], [ -113.322261, 53.869095 ], [ -113.322261, 53.867868 ], [ -113.322274, 53.867064 ], [ -113.32228, 53.866685 ], [ -113.3223, 53.865481 ], [ -113.322313, 53.864986 ], [ -113.322332, 53.864235 ], [ -113.32235, 53.863003 ], [ -113.322357, 53.862728 ], [ -113.322377, 53.861937 ], [ -113.32238, 53.86181 ], [ -113.322404, 53.860584 ], [ -113.322415, 53.85963 ], [ -113.322424, 53.859243 ], [ -113.32245, 53.85805 ], [ -113.322451, 53.85752 ], [ -113.322409, 53.856852 ], [ -113.322438, 53.856681 ], [ -113.322439, 53.856521 ], [ -113.322445, 53.856084 ], [ -113.322464, 53.855101 ], [ -113.322479, 53.854585 ], [ -113.322481, 53.854189 ], [ -113.322479, 53.853745 ] ] }",$43000000.00,Announced,2015 - 2016,,,Alberta Transportation,false,,,,
2450,Calgary to Cochrane Trail,Tourism / Recreation,Cochrane,,,"{ ""type"": ""MultiPoint"", ""coordinates"": [ [-114.312782, 51.139307], [-114.423146, 51.160515] ] }",$7500000.00,Announced,,,,Glenbow Ranch Park Foundation,false,,,,Fundraising under way.
2451,Stony Plain Boundary Road Project,Infrastructure,Spruce Grove,,,"{ ""type"": ""LineString"", ""coordinates"": [ [ -113.959236, 53.541132 ], [ -113.959260, 53.528448 ] ] }",$9000000.00,Announced,,,,Town of Stony Plain,false,,,,
2452,Highway 19 Twinning,Infrastructure,Devon,,,"{ ""type"": ""MultiLineString"", ""coordinates"": [ [ [ -113.732903, 53.337745 ], [ -113.732905, 53.337652 ], [ -113.732621, 53.337633 ], [ -113.731985, 53.337634 ], [ -113.73165, 53.337634 ], [ -113.724309, 53.337638 ], [ -113.720051, 53.337642 ], [ -113.708052, 53.337635 ], [ -113.695681, 53.337666 ], [ -113.693406, 53.337711 ], [ -113.691725, 53.337787 ], [ -113.690048, 53.337906 ] ], [ [ -113.585999, 53.337814 ], [ -113.585999, 53.337788 ], [ -113.565652, 53.337761 ], [ -113.561777, 53.337843 ], [ -113.5597, 53.337894 ], [ -113.557899, 53.3379 ], [ -113.557426, 53.337853 ], [ -113.556101, 53.337849 ], [ -113.554561, 53.337867 ], [ -113.553251, 53.337861 ], [ -113.553047, 53.337833 ] ] ] }",$80000000.00,Announced,,,,Alberta Transportation,false,,,,Planned construction start Spring 2016.
2453,MacKenzie Blvd Lift St Diversion and Sewer Upgrade,Infrastructure,Fort McMurray,,"(56.6671676635742, -111.33430480957)",,$15200000.00,Announced,,,,Regional Municipality of Wood Buffalo,false,,,,
2454,Highway 1 Pave13271,Infrastructure,Cypress County,,,"{ ""type"": ""LineString"", ""coordinates"": [ [ -110.326736, 49.956327 ], [ -110.335677, 49.955821 ], [ -110.337925, 49.955807 ], [ -110.339685, 49.955915 ], [ -110.339732, 49.95557 ], [ -110.337949, 49.955446 ], [ -110.335649, 49.95546 ], [ -110.321561, 49.956261 ], [ -110.301549, 49.957462 ], [ -110.300196, 49.957489 ], [ -110.298856, 49.957448 ], [ -110.297707, 49.957407 ], [ -110.296307, 49.957298 ], [ -110.289269, 49.956534 ], [ -110.278019, 49.955312 ], [ -110.26801, 49.954223 ], [ -110.253398, 49.952632 ], [ -110.231195, 49.95023 ], [ -110.229319, 49.94997 ], [ -110.224169, 49.949096 ], [ -110.220979, 49.948501 ], [ -110.220941, 49.948494 ], [ -110.192575, 49.942957 ], [ -110.166461, 49.937875 ], [ -110.16438, 49.937509 ], [ -110.162824, 49.937316 ], [ -110.160685, 49.937306 ], [ -110.159312, 49.937375 ], [ -110.141309, 49.938929 ], [ -110.126439, 49.940193 ], [ -110.1241, 49.940358 ], [ -110.122276, 49.940455 ], [ -110.120603, 49.940455 ], [ -110.073009, 49.939419 ], [ -110.057367, 49.938991 ], [ -110.055478, 49.939074 ], [ -110.054277, 49.93924 ], [ -110.051938, 49.939751 ], [ -110.04875, 49.940699 ], [ -110.042963, 49.942421 ], [ -110.027447, 49.947031 ], [ -110.014294, 49.95095 ], [ -110.012159, 49.951675 ], [ -110.010528, 49.952344 ], [ -110.005047, 49.954928 ], [ -110.004016, 49.95541 ], [ -110.004404, 49.955727 ], [ -110.005015, 49.955446 ], [ -110.005585, 49.955185 ] ] }",$6400000.00,Announced,,,,Alberta Transportation,false,border paving,,,
2455,Southland Meadows Care Facility,Institutional,Medicine Hat,,"(50.0452117919922, -110.715461730957)",,$12000000.00,Announced,2015 - 2016,,,Masterpiece,false,,,,
2456,Chappelle Boulevard Apartments,Residential,Edmonton,,"(53.4069519042969, -113.572914123535)",,$25500000.00,Announced,,https://www.highstreetliving.ca/edmonton/chappelle,,Highstreet Ventures Inc.,false,,,,Two four-storey apartment buildings plus a community building.
2457,Calgary Historic City Hall Rehabilitation,Infrastructure,Calgary,,"(51.0453453063965, -114.056587219238)",,$25000000.00,Announced,Commencing 2016,,,City of Calgary,false,,,,
2458,Waterline from Clairmont to Hawker Business Park,Pipelines,Grande Prairie,Grande Prairie,,"{""type"":""LineString"",""coordinates"":[[-118.784980773926,55.2304039001465,0.0],[-118.641723632813,55.2306976318359,0.0]]}",$5500000.00,Announced,,,,County of Grande Prairie,false,,,,
2459,Highway 88 Pave 13608,Infrastructure,M.D. of Opportunity No. 17,,,"{ ""type"": ""LineString"", ""coordinates"":[ [ -115.307495, 56.523712 ], [ -115.307407, 56.524263 ], [ -115.307349, 56.524706 ], [ -115.307331, 56.524854 ], [ -115.307309, 56.525033 ], [ -115.307295, 56.525163 ], [ -115.307263, 56.525441 ], [ -115.306796, 56.530203 ], [ -115.306533, 56.532893 ], [ -115.306058, 56.537748 ], [ -115.305995, 56.538395 ], [ -115.305949, 56.538906 ], [ -115.305914, 56.539265 ], [ -115.305898, 56.539429 ], [ -115.305758, 56.540855 ], [ -115.305195, 56.546677 ], [ -115.304988, 56.548777 ], [ -115.304341, 56.555373 ], [ -115.303949, 56.559308 ], [ -115.303947, 56.559334 ], [ -115.303442, 56.564322 ], [ -115.303374, 56.565073 ], [ -115.303346, 56.565478 ], [ -115.303335, 56.565944 ], [ -115.303354, 56.566595 ], [ -115.303383, 56.567044 ], [ -115.303414, 56.567355 ], [ -115.303459, 56.567718 ], [ -115.303573, 56.568377 ], [ -115.303616, 56.568577 ], [ -115.303761, 56.569195 ], [ -115.304076, 56.570208 ], [ -115.304357, 56.570947 ], [ -115.306765, 56.576301 ], [ -115.307857, 56.578728 ], [ -115.308077, 56.579218 ], [ -115.310767, 56.585215 ], [ -115.311158, 56.586214 ], [ -115.311447, 56.587234 ], [ -115.311656, 56.588224 ], [ -115.311718, 56.588705 ], [ -115.311762, 56.589739 ], [ -115.311745, 56.590555 ], [ -115.311717, 56.591309 ], [ -115.311442, 56.597263 ], [ -115.311114, 56.604563 ], [ -115.310752, 56.611899 ], [ -115.310548, 56.616209 ], [ -115.310363, 56.61999 ], [ -115.310269, 56.621774 ], [ -115.31024, 56.622068 ], [ -115.310224, 56.622263 ], [ -115.310211, 56.622746 ], [ -115.310234, 56.623253 ], [ -115.310227, 56.623558 ], [ -115.310224, 56.624037 ], [ -115.310227, 56.624593 ], [ -115.310231, 56.625038 ], [ -115.310235, 56.625427 ], [ -115.310242, 56.625904 ], [ -115.310257, 56.626361 ], [ -115.310279, 56.626786 ], [ -115.310305, 56.627348 ], [ -115.311442, 56.648534 ], [ -115.311657, 56.652512 ], [ -115.311671, 56.653034 ], [ -115.31167, 56.6535 ], [ -115.311647, 56.654158 ], [ -115.311603, 56.654719 ], [ -115.311537, 56.655292 ], [ -115.311456, 56.65584 ], [ -115.311352, 56.656393 ], [ -115.311234, 56.656926 ], [ -115.310886, 56.658242 ], [ -115.309747, 56.662384 ], [ -115.308386, 56.667439 ] ] }",$10400000.00,Announced,,,,Alberta Transportation,false,Wapiti Cravel Suppliers,,,"Hwy 88 grade, base and pave from S of SH686 to N of Willow Creek ; intersection improvements Hwy 88/municipal road N of the Loon R;intersection improvement Hwy 88 / Numac Rd."
2460,90 Ave Rebuild,Infrastructure,Edmonton,,"(53.5252494812012, -113.449897766113)",,$6000000.00,Announced,,,,City of Edmonton,false,,,,
2461,Hwy 40 Pave 15181,Infrastructure,Yellowhead County,,,"{ ""type"": ""LineString"", ""coordinates"": [ [ -117.007315, 53.17152 ], [ -117.008026, 53.171019 ], [ -117.008172, 53.170958 ], [ -117.008438, 53.170799 ], [ -117.008662, 53.170602 ], [ -117.008744, 53.17015 ], [ -117.008715, 53.169656 ], [ -117.008627, 53.168317 ], [ -117.008335, 53.165926 ], [ -117.00845, 53.165542 ], [ -117.008712, 53.165223 ], [ -117.009154, 53.165012 ], [ -117.009588, 53.164842 ], [ -117.011411, 53.16473 ], [ -117.013321, 53.164582 ], [ -117.014105, 53.164555 ], [ -117.014814, 53.164483 ], [ -117.015791, 53.164555 ], [ -117.016569, 53.16477 ], [ -117.02074, 53.165364 ], [ -117.021371, 53.165509 ], [ -117.021953, 53.165642 ], [ -117.022767, 53.165617 ], [ -117.02355, 53.165579 ], [ -117.028693, 53.16502 ], [ -117.035328, 53.16431 ], [ -117.036429, 53.16424 ], [ -117.037529, 53.164266 ], [ -117.038598, 53.164456 ], [ -117.039554, 53.164753 ], [ -117.046561, 53.16756 ], [ -117.047115, 53.167712 ], [ -117.047632, 53.167817 ], [ -117.04826, 53.167838 ], [ -117.048881, 53.167797 ], [ -117.049517, 53.167721 ], [ -117.050123, 53.167622 ], [ -117.054075, 53.167086 ], [ -117.058446, 53.166582 ], [ -117.061718, 53.166731 ], [ -117.062654, 53.166811 ], [ -117.063236, 53.167077 ], [ -117.064114, 53.167579 ], [ -117.065647, 53.167835 ], [ -117.066134, 53.167924 ], [ -117.066495, 53.167991 ], [ -117.066513, 53.167999 ] ] }",$6900000.00,Announced,,,,Alberta Transportation,false,,,,Hwy 40 pave from south of Hwy 47 to junction with Hwy 47.
2462,Communications Infrastructure,Other Sectors,Lethbridge,,"(49.6660003662109, -112.793830871582)",,$10000000.00,Announced,,,,Telus,false,,,,"Enhancment of wireless capacity, upgrade wireless sites, increase Interenet speeds and expand reach of OPTIK TV service"
2463,107A Ave Pave,Infrastructure,Edmonton,,,"{ ""type"": ""LineString"", ""coordinates"": [ [ -113.48967, 53.552776 ], [ -113.489115, 53.552886 ], [ -113.486695, 53.553339 ], [ -113.483638, 53.553867 ], [ -113.483638, 53.55386 ] ] }",$5000000.00,Announced,,,,City of Edmonton,false,,,,
2464,142 St Pave,Infrastructure,Edmonton,,,"{ ""type"": ""LineString"", ""coordinates"": [ [ -113.56572, 53.570503 ], [ -113.56573, 53.571245 ], [ -113.565816, 53.571492 ], [ -113.565816, 53.571968 ], [ -113.56581, 53.573521 ], [ -113.565809, 53.573951 ], [ -113.565803, 53.576347 ], [ -113.565802, 53.576752 ], [ -113.565798, 53.578316 ], [ -113.565796, 53.578981 ], [ -113.565794, 53.579467 ], [ -113.565792, 53.580558 ], [ -113.565788, 53.580887 ] ] }",$5000000.00,Announced,,,,City of Edmonton,false,,,,
2465,Connors Road Pave,Infrastructure,Edmonton,,,"{ ""type"": ""LineString"", ""coordinates"": [ [ -113.47112, 53.53154 ], [ -113.470133, 53.531014 ], [ -113.469285, 53.530536 ], [ -113.468343, 53.530018 ], [ -113.467954, 53.529846 ], [ -113.467644, 53.529709 ], [ -113.466875, 53.52937 ], [ -113.466122, 53.529028 ], [ -113.465348, 53.528687 ], [ -113.464679, 53.528335 ], [ -113.463202, 53.527575 ], [ -113.461532, 53.526676 ], [ -113.459719, 53.525721 ], [ -113.459473, 53.525591 ] ] }",$5000000.00,Announced,,,,City of Edmonton,false,,,,
2466,Hwy 58 and Hwy 35 Pave 13061,Infrastructure,Mackenzie County,,,"{ ""type"": ""LineString"", ""coordinates"": [ [ -117.215999, 58.456835 ], [ -117.213736, 58.458332 ], [ -117.207295, 58.462602 ], [ -117.206067, 58.463415 ], [ -117.203818, 58.464908 ], [ -117.201667, 58.46633 ], [ -117.19882, 58.468219 ], [ -117.198396, 58.468499 ], [ -117.196376, 58.46984 ], [ -117.194514, 58.471174 ], [ -117.193264, 58.472016 ], [ -117.191467, 58.473202 ], [ -117.189148, 58.474748 ], [ -117.18766, 58.475735 ], [ -117.18641, 58.476524 ], [ -117.182152, 58.479386 ], [ -117.180526, 58.480342 ], [ -117.176, 58.483435 ], [ -117.17199, 58.486087 ], [ -117.170413, 58.487142 ], [ -117.169773, 58.487571 ], [ -117.166407, 58.489803 ], [ -117.164949, 58.490786 ], [ -117.161782, 58.492874 ], [ -117.159309, 58.494502 ], [ -117.157795, 58.495479 ], [ -117.15404, 58.497964 ], [ -117.152757, 58.498812 ], [ -117.151844, 58.499443 ], [ -117.146805, 58.502778 ], [ -117.140346, 58.507078 ], [ -117.136889, 58.50942 ], [ -117.133007, 58.51205 ], [ -117.127695, 58.515647 ], [ -117.127568, 58.515733 ], [ -117.12467, 58.517696 ], [ -117.124424, 58.517628 ], [ -117.12427, 58.517604 ], [ -117.124118, 58.517583 ], [ -117.123943, 58.517563 ], [ -117.123836, 58.517557 ], [ -117.123716, 58.517556 ], [ -117.123477, 58.517576 ], [ -117.123323, 58.517596 ], [ -117.123107, 58.517635 ], [ -117.122295, 58.517775 ], [ -117.122163, 58.517797 ], [ -117.122039, 58.517814 ], [ -117.121883, 58.517835 ], [ -117.121751, 58.517848 ], [ -117.12156, 58.517864 ], [ -117.121398, 58.517871 ], [ -117.121217, 58.517876 ], [ -117.121014, 58.517879 ], [ -117.120221, 58.51788 ], [ -117.118663, 58.51788 ], [ -117.114573, 58.517887 ], [ -117.11081, 58.517891 ], [ -117.110678, 58.517891 ], [ -117.104828, 58.517894 ], [ -117.101022, 58.517897 ], [ -117.099632, 58.517894 ], [ -117.098192, 58.517895 ], [ -117.097535, 58.517894 ], [ -117.097238, 58.517892 ], [ -117.096939, 58.517889 ], [ -117.096587, 58.517883 ], [ -117.096186, 58.517873 ], [ -117.095789, 58.517857 ], [ -117.095389, 58.517834 ], [ -117.094989, 58.517805 ], [ -117.094689, 58.51778 ], [ -117.094244, 58.517737 ], [ -117.093839, 58.517692 ], [ -117.093406, 58.517638 ], [ -117.092958, 58.517575 ], [ -117.092653, 58.51753 ], [ -117.091577, 58.517366 ], [ -117.086349, 58.516561 ], [ -117.08172, 58.51585 ], [ -117.08122, 58.515773 ], [ -117.078973, 58.515427 ], [ -117.077691, 58.515231 ], [ -117.076631, 58.515071 ], [ -117.076189, 58.515007 ], [ -117.075789, 58.514956 ], [ -117.075494, 58.514922 ], [ -117.075019, 58.514876 ], [ -117.074532, 58.514837 ], [ -117.073985, 58.514802 ], [ -117.073425, 58.514777 ], [ -117.072931, 58.514766 ], [ -117.072276, 58.514762 ], [ -117.071427, 58.514763 ], [ -117.070681, 58.514763 ], [ -117.069994, 58.514763 ], [ -117.069538, 58.514763 ], [ -117.068828, 58.514764 ], [ -117.064765, 58.514764 ], [ -117.058152, 58.514763 ], [ -117.053455, 58.514765 ], [ -117.044582, 58.514769 ], [ -117.014947, 58.51477 ], [ -117.012271, 58.514774 ], [ -117.003815, 58.514776 ], [ -116.997878, 58.514779 ], [ -116.992903, 58.51478 ], [ -116.992051, 58.51478 ], [ -116.986619, 58.514783 ], [ -116.975187, 58.514791 ], [ -116.97243, 58.514792 ], [ -116.958624, 58.5148 ], [ -116.944839, 58.514807 ], [ -116.930741, 58.514807 ], [ -116.908172, 58.514808 ], [ -116.902925, 58.514807 ], [ -116.874992, 58.514799 ], [ -116.8471, 58.514785 ], [ -116.842196, 58.514787 ], [ -116.841257, 58.514787 ], [ -116.819161, 58.514801 ], [ -116.806947, 58.514805 ], [ -116.791622, 58.514809 ], [ -116.791292, 58.514809 ], [ -116.763472, 58.514809 ], [ -116.753191, 58.514812 ], [ -116.749812, 58.51481 ], [ -116.73557, 58.514804 ], [ -116.728519, 58.514805 ], [ -116.719063, 58.5148 ], [ -116.70769, 58.51479 ], [ -116.6839, 58.514772 ], [ -116.680316, 58.51477 ], [ -116.676683, 58.514768 ], [ -116.676174, 58.514767 ], [ -116.670832, 58.514768 ], [ -116.653683, 58.514767 ], [ -116.641388, 58.514766 ], [ -116.632244, 58.514763 ], [ -116.626468, 58.514761 ], [ -116.625062, 58.51476 ], [ -116.596458, 58.514767 ], [ -116.569892, 58.51477 ], [ -116.569334, 58.51477 ], [ -116.568862, 58.514774 ], [ -116.568585, 58.51478 ], [ -116.568339, 58.514786 ], [ -116.568115, 58.514794 ], [ -116.567671, 58.514814 ], [ -116.567167, 58.514843 ], [ -116.566569, 58.51488 ], [ -116.565253, 58.51496 ], [ -116.56167, 58.515182 ], [ -116.557271, 58.515453 ], [ -116.556407, 58.515504 ], [ -116.555856, 58.515535 ], [ -116.555483, 58.515552 ], [ -116.555083, 58.515565 ], [ -116.554692, 58.515573 ], [ -116.554165, 58.515576 ], [ -116.553618, 58.515567 ], [ -116.553101, 58.515547 ], [ -116.552632, 58.515523 ], [ -116.543079, 58.514959 ], [ -116.541826, 58.514884 ], [ -116.540995, 58.51484 ], [ -116.540394, 58.514818 ], [ -116.540313, 58.514816 ], [ -116.540082, 58.51481 ], [ -116.539612, 58.514805 ], [ -116.539044, 58.514803 ], [ -116.538315, 58.514805 ], [ -116.53624, 58.514802 ], [ -116.527062, 58.514801 ], [ -116.522003, 58.514801 ], [ -116.515845, 58.514802 ], [ -116.514722, 58.514801 ], [ -116.512585, 58.514799 ], [ -116.484459, 58.514819 ], [ -116.481854, 58.514826 ], [ -116.470415, 58.514834 ], [ -116.467103, 58.514836 ], [ -116.456525, 58.514838 ], [ -116.451121, 58.514839 ], [ -116.44758, 58.514841 ], [ -116.441321, 58.514844 ], [ -116.42873, 58.514843 ], [ -116.419637, 58.514839 ], [ -116.400827, 58.514837 ], [ -116.389519, 58.514832 ], [ -116.384036, 58.514832 ], [ -116.379448, 58.514823 ], [ -116.372964, 58.514831 ], [ -116.357975, 58.514832 ], [ -116.357151, 58.514832 ], [ -116.344944, 58.514845 ], [ -116.339039, 58.514837 ], [ -116.326799, 58.514837 ], [ -116.324001, 58.514823 ], [ -116.317049, 58.514823 ], [ -116.305583, 58.514837 ], [ -116.295392, 58.51484 ], [ -116.289167, 58.514844 ], [ -116.279045, 58.514846 ], [ -116.269117, 58.514846 ], [ -116.261387, 58.514867 ], [ -116.254883, 58.514846 ], [ -116.251951, 58.514846 ], [ -116.233406, 58.514862 ], [ -116.218946, 58.514849 ], [ -116.200672, 58.514845 ], [ -116.179981, 58.514838 ], [ -116.179047, 58.514837 ] ] }",$6400000.00,Announced,,,,Alberta Transportation,false,,,,"Hwy 58 pave from east of Hwy 35 towest of Hwy 88; Hwy 35 pave from weigh scale to south of High Level; SH695 pave from west of Hwy 35 to Hwy 35; Intersection improvements Hwy 35 and Rge Rd 184, Hwy 35 and IR 207 main access, Hwy 58 and IR 207  west access."
2467,Highway 16 Pave and Crack Repair 16220,Infrastructure,Vegreville,,,"{ ""type"": ""LineString"", ""coordinates"": [ [ -112.168257, 53.53138 ], [ -112.164487, 53.530575 ], [ -112.152232, 53.527937 ], [ -112.151478, 53.527775 ], [ -112.146873, 53.526792 ], [ -112.146288, 53.526657 ], [ -112.145927, 53.526577 ], [ -112.145578, 53.526499 ], [ -112.14522, 53.526415 ], [ -112.144884, 53.526334 ], [ -112.144513, 53.526239 ], [ -112.14415, 53.526143 ], [ -112.143818, 53.526053 ], [ -112.143486, 53.525961 ], [ -112.14315, 53.525864 ], [ -112.142844, 53.525773 ], [ -112.142531, 53.525677 ], [ -112.14224, 53.525585 ], [ -112.141931, 53.525485 ], [ -112.141672, 53.525399 ], [ -112.141403, 53.525308 ], [ -112.141119, 53.525209 ], [ -112.140801, 53.525094 ], [ -112.140514, 53.524989 ], [ -112.140233, 53.524884 ], [ -112.139964, 53.524781 ], [ -112.13968, 53.524671 ], [ -112.13943, 53.524569 ], [ -112.139141, 53.524446 ], [ -112.138868, 53.524329 ], [ -112.138588, 53.524208 ], [ -112.138312, 53.524086 ], [ -112.138022, 53.523954 ], [ -112.137735, 53.523819 ], [ -112.137477, 53.523696 ], [ -112.137216, 53.523569 ], [ -112.136974, 53.523448 ], [ -112.136718, 53.523317 ], [ -112.136443, 53.523172 ], [ -112.136136, 53.523005 ], [ -112.135869, 53.522858 ], [ -112.135611, 53.522711 ], [ -112.135346, 53.522557 ], [ -112.135068, 53.522391 ], [ -112.134805, 53.522231 ], [ -112.134543, 53.522068 ], [ -112.134325, 53.521929 ], [ -112.13427, 53.521893 ], [ -112.134119, 53.521793 ], [ -112.133867, 53.521622 ], [ -112.133651, 53.521474 ], [ -112.133415, 53.521309 ], [ -112.133226, 53.521174 ], [ -112.133029, 53.521029 ], [ -112.132838, 53.520887 ], [ -112.132644, 53.520737 ], [ -112.132442, 53.520579 ], [ -112.132246, 53.520422 ], [ -112.132049, 53.520261 ], [ -112.131829, 53.520077 ], [ -112.131659, 53.519931 ], [ -112.131469, 53.519764 ], [ -112.131298, 53.519612 ], [ -112.131136, 53.519463 ], [ -112.130967, 53.519303 ], [ -112.130819, 53.519159 ], [ -112.130654, 53.518996 ], [ -112.130487, 53.518828 ], [ -112.130326, 53.51866 ], [ -112.130167, 53.518491 ], [ -112.130032, 53.518343 ], [ -112.129884, 53.518176 ], [ -112.129758, 53.518033 ], [ -112.12959, 53.517835 ], [ -112.12941, 53.517616 ], [ -112.129266, 53.517436 ], [ -112.12913, 53.517261 ], [ -112.128993, 53.517076 ], [ -112.128833, 53.516856 ], [ -112.128682, 53.516645 ], [ -112.125766, 53.512397 ], [ -112.115145, 53.497395 ], [ -112.113569, 53.495295 ], [ -112.113392, 53.495047 ], [ -112.1132, 53.494779 ], [ -112.113041, 53.494563 ], [ -112.112855, 53.49432 ], [ -112.112666, 53.494082 ], [ -112.112482, 53.493858 ], [ -112.112275, 53.493615 ], [ -112.112055, 53.493364 ], [ -112.111847, 53.493134 ], [ -112.111589, 53.492863 ], [ -112.111333, 53.492605 ], [ -112.111018, 53.492298 ], [ -112.110695, 53.491999 ], [ -112.110385, 53.491724 ], [ -112.110075, 53.491457 ], [ -112.109765, 53.491199 ], [ -112.109459, 53.490954 ], [ -112.109093, 53.490671 ], [ -112.108746, 53.490414 ], [ -112.108354, 53.490138 ], [ -112.107954, 53.489866 ], [ -112.107529, 53.489591 ], [ -112.107099, 53.489322 ], [ -112.106606, 53.489025 ], [ -112.106141, 53.488756 ], [ -112.105634, 53.488477 ], [ -112.105148, 53.488224 ], [ -112.104671, 53.487982 ], [ -112.10418, 53.487712 ], [ -112.093197, 53.482467 ], [ -112.088617, 53.480299 ], [ -112.08828, 53.48014 ], [ -112.087949, 53.479984 ], [ -112.08764, 53.479842 ], [ -112.08728, 53.479682 ], [ -112.086891, 53.479515 ], [ -112.086571, 53.479381 ], [ -112.086257, 53.479254 ], [ -112.085919, 53.479123 ], [ -112.085575, 53.478994 ], [ -112.085218, 53.478864 ], [ -112.084882, 53.478745 ], [ -112.084496, 53.478612 ], [ -112.084083, 53.478477 ], [ -112.083715, 53.478361 ], [ -112.083265, 53.478225 ], [ -112.082909, 53.478122 ], [ -112.082538, 53.478018 ], [ -112.082162, 53.477917 ], [ -112.081803, 53.477824 ], [ -112.081412, 53.477728 ], [ -112.081016, 53.477634 ], [ -112.080647, 53.47755 ], [ -112.080201, 53.477453 ], [ -112.079761, 53.477364 ], [ -112.079378, 53.477291 ], [ -112.078945, 53.477211 ], [ -112.078553, 53.477142 ], [ -112.078154, 53.477076 ], [ -112.07772, 53.477008 ], [ -112.077341, 53.476953 ], [ -112.076928, 53.476899 ], [ -112.076519, 53.476848 ], [ -112.076118, 53.476803 ], [ -112.075718, 53.47676 ], [ -112.075277, 53.476716 ], [ -112.074903, 53.476682 ], [ -112.074483, 53.476647 ], [ -112.074079, 53.476619 ], [ -112.0737, 53.476597 ], [ -112.073266, 53.476575 ], [ -112.072858, 53.476558 ], [ -112.072467, 53.476545 ], [ -112.072019, 53.476534 ], [ -112.071708, 53.476529 ], [ -112.071298, 53.476526 ], [ -112.070894, 53.476524 ], [ -112.066224, 53.476501 ], [ -112.048555, 53.476515 ], [ -112.047989, 53.476514 ], [ -112.04162, 53.476527 ], [ -112.03054, 53.47656 ], [ -112.029933, 53.476562 ], [ -112.029139, 53.476569 ], [ -112.028341, 53.476588 ], [ -112.027554, 53.476617 ], [ -112.026795, 53.476659 ], [ -112.026035, 53.476709 ], [ -112.02526, 53.476768 ], [ -112.02442, 53.476845 ], [ -112.023651, 53.476927 ], [ -112.022908, 53.477017 ], [ -112.022198, 53.477113 ], [ -112.021497, 53.477215 ], [ -112.020822, 53.477322 ], [ -112.020125, 53.477441 ], [ -112.019448, 53.477567 ], [ -112.018809, 53.477694 ], [ -112.018203, 53.477823 ], [ -112.017518, 53.477976 ], [ -112.015251, 53.478481 ] ] }",$5600000.00,Announced,,,,Albera Transportation,false,,,,"Highway 16 grade, base and pave from east of SH 631 to east of SH 857; Intersection improvements Hwy 16/SH 857 and Hwy 16/Twp Rd 524 (south of Vegreville)"
2468,County Hall & Community Centre Alterations,Infrastructure,Sherwood Park,,"(53.5261993408203, -113.297393798828)",,$6000000.00,Announced,2015 - 2017,,,Strathcona County,false,,,,Renovation to second floor in County Building and development of the third floor in the Community Centre
2469,Roadwork Twp Rd 550 and Rge Rd 92,Infrastructure,Yellowhead County,,,"{ ""type"": ""LineString"", ""coordinates"": [ [ -115.131645, 53.71558 ], [ -115.182197, 53.715527 ], [ -115.18456, 53.715562 ], [ -115.195062, 53.71555 ], [ -115.202758, 53.715612 ], [ -115.20923, 53.715592 ], [ -115.216426, 53.715655 ], [ -115.229686, 53.715671 ], [ -115.229689, 53.714512 ], [ -115.229685, 53.712085 ], [ -115.229708, 53.711887 ], [ -115.229708, 53.688433 ], [ -115.229711, 53.687965 ] ] }",$10600000.00,Announced,,,,Yellowhead County,false,,,,"Grade, base and pave Twp Rd 550 from W of Hwy 22 to Rge Rd 92; Rge Rd 92 south from Twp Rd 550 to north of Twp Rd 544."
2470,Market at the Crossings Retail Development,Commercial / Retail,Lethbridge,,"(49.6726341247559, -112.903015136719)",,$21000000.00,Announced,2015 - 2016,,,Royop Development Corp,false,,,,Six retail buildings. Planned construction start August.
2471,Clifton Manor Expansion,Institutional,Calgary,,"(51.0452041625977, -113.965827941895)",,$40000000.00,Announced,,,,Brenda Stafford Foundation,false,,,,"Seniors village offering a variety of housing options, including independent living, assisted living and long-term care."
2472,Glenmore Trail Bridges Rehabilitation,Infrastructure,Calgary,,"(50.9940986633301, -114.039596557617)",,$5500000.00,Announced,,,,City of Calgary,true,,,,
2473,Connors Hill Year-Round Facility,Tourism / Recreation,Edmonton,,"(53.5338554382324, -113.476959228516)",,$10000000.00,Announced,,,,Edmonton Ski Club,true,,,,"New chair lift, tubing lift, new clubhouse and summer features such as a bike park and climbing features. Estimated cost range $10M-$15M. Pending city approval."
2474,Sturgeon Refinery Terminal,Pipelines,Sturgeon County,,"(53.8153190612793, -113.129730224609)",,$180000000.00,Announced,,,,Pembina Pipeline Corp.,true,,,,"Terminal facilities will include truck and rail loading, storage, and handling and processing equipment for refinery products. Planned to be in-service by mid 2017."
2475,Strategic Group Mixed Use Building,Commercial / Retail and Residential,Calgary,,"(51.0432357788086, -114.060684204102)",,$130000000.00,Announced,2015 - 2017,,"[{""url"":""http://calgaryherald.com/business/commercial-real-estate/strategic-group-to-build-32-storey-skyscraper-in-beltline"",""text"":""May 25 - Calgary Herald""}]",Strategic Group,true,,,,"Office space, commercial/retail and 227 rental residences."
2476,Paragon Business Park Phase 1,Commercial / Retail,Sherwood Park,,"(53.5453720092773, -113.304428100586)",,$12000000.00,Announced,2015 - 2016,,"[{""url"":""http://www.sherwoodparknews.com/2015/05/25/new-commercial-centre-planned"",""text"":""May 25 - Sherwood Park News""}]",Hungerford Properties,true,,,,Office building and warehouse.
2477,Gilead Sciences Manufacturing Facility,Commercial / Retail,Edmonton,,"(53.5721664428711, -113.355911254883)",,$100000000.00,Announced,,,"[{""url"":""http://www.edmontonjournal.com/Gilead+announces+million+Edmonton+expansion/11086818/story.html"",""text"":""May 27 - Edmonton Journal""}]",Gilead Sciences,true,,,,Planned completion in 2017.
2478,Water System Upgrade,Infrastructure,Fox Creek,,"(54.4000091552734, -116.813133239746)",,$14000000.00,Announced,,,,Town of Fox Creek,true,,,,
2479,Centre in the Park Underground Parkade,Commercial / Retail and Residential,Sherwood Park,,"(53.5266914367676, -113.300842285156)",,$19600000.00,Announced,2015 - 2018,,,Strathcone County / Salvi Group,true,,,,Underground parkade for two building; condominium building will be on lot 4 and a commercial building on lot 5.
2480,Delta Hotel and Condo Tower,Commercial / Retail and Residential,Edmonton,,"(53.5459823608398, -113.495948791504)",,$350000000.00,Announced,,,,Katz Group / WAM Development Group,true,,,,Part of the arena district
2481,Creekwood Landing,Residential,Edmonton,,"(53.3997955322266, -113.575630187988)",,$8700000.00,Under Construction,Commencing 2015,,,Carlisle Group,true,,,,Cost is for Building 1.
2482,Chappelle Springs Apartment Condo,Residential,Edmonton,,"(53.4078369140625, -113.569610595703)",,$10300000.00,Under Construction,Commencing 2015,,,Seymour Pacific Developments,true,,,,"Three buildings (A,B and C)"
2483,Panoka North Bridge Replacement,Infrastructure,Ponoka,,"(52.6765060424805, -113.571990966797)",,$5300000.00,Announced,,,,Town of Ponoka,true,,,,Pending approval of bridge construction from AB Environment and Sustainable Resource Development
2484,General Industry Building,Commercial / Retail,Edmonton,,"(53.5797080993652, -113.645957946777)",,$5500000.00,Under Construction,,,,Trailer Wizards,true,,,,
2485,Vita Estates Apartment,Residential,Edmonton,,"(53.6437683105469, -113.465576171875)",,$7000000.00,Under Construction,2015 - 2016,http://carlislegroup.ca/edmonton/vitaestates/,,Carlisle Group,true,,,,
2486,Industrial Building,Commercial / Retail,Edmonton,,"(53.4904518127441, -113.397315979004)",,$10700000.00,Under Construction,,,,Digital Machine,true,,,,
2487,Rosedale Baybridge Heritage Valley Seniors Res,Institutional,Edmonton,,"(53.4236183166504, -113.518211364746)",,$15000000.00,Under Construction,,http://rosedaledevelopments.com/our-communities/st-alberta/,,Rosedale Seniors Living,true,,,,
2488,Aspen Meadows Apartment Building 8,Residential,Edmonton,,"(53.4810218811035, -113.376411437988)",,$9500000.00,Under Construction,2015 - 2016,,,Landmark Group of Builders,true,,,,
2489,Office Building,Commercial / Retail,Edmonton,,"(53.4138946533203, -113.480850219727)",,$7500000.00,Under Construction,,,,Vercon Rentals,true,,,,
2490,Opera House as part of Calgary Stampede Youth Camp,Commercial / Retail,Calgary,,"(51.037769317627, -114.053291320801)",,$33000000.00,Announced,,,,Calgary Stampede / Calgary Opera,true,,,,
2491,Josephburg Rail Terminal,Oil and Gas,Fort Saskatchewan,,"(53.727108001709, -113.049362182617)",,$220000000.00,Under Construction,2014 - 2015,,,Keyara Corp.,true,,,,
2492,Condensate tanks at Edmonton Terminal,Oil and Gas,Edmonton,,"(53.5318832397461, -113.367141723633)",,$90000000.00,Announced,,,,Keyara Corp.,true,,,,
2493,Apartment Building 2000,Residential,Calgary,,"(51.1589202880859, -113.96117401123)",,$15100000.00,Announced,,,,Truman Homes,true,,,,
2494,Clairmont Regional Lift Station,Infrastructure,Grande Prairie,,"(55.2305145263672, -118.776832580566)",,$13500000.00,Announced,,,,Aquatera Utilities Inc.,true,,,,"Proposed to start construction in 2016. Regional lift stataion, force main and interceptor trunk sewers"
2495,Fibre Optic Network Installation,Other Sectors,Peace River,,"(56.2310218811035, -117.290969848633)",,$10400000.00,Announced,,,,Telus,true,,,,
2496,Hwy 13 & 47 St Intersection Improvements,Infrastructure,Wetaskiwin,,"(52.9888496398926, -113.366058349609)",,$5000000.00,Announced,,,,City of Wetaskiwin,true,,,,"Proposed, pending funding."
2497,Hwy 13 & Hwy 21 Intersection 10317,Infrastructure,Camrose County,,"(53.0155143737793, -112.952445983887)",,$7500000.00,Announced,,,,Alberta Transportation,true,,,,"Grade,base and pave, street light installation. Tender closes June 3."
2498,Yankee Valley Blvd Widening,Infrastructure,Airdrie,,"(51.2709159851074, -114.025100708008)",,$22000000.00,Announced,,,,City of Airdrie,true,,,,"Proposed, pending funding"
2499,Sales and Service Centre,Commercial / Retail,Leduc County,,"(53.3284378051758, -113.540786743164)",,$7000000.00,Announced,,,,Camex Equipment Sales and Rentals,true,,,,
2500,Dow Centre Redevelopment,Tourism / Recreation,Fort Saskatchewan,,"(53.6834526062012, -113.235618591309)",,$75000000.00,Announced,,,,City of Fort Saskatchewan,true,,,,Proposed as part of city's new Recreation Master Plan
2501,Ambleside District Office and Maintenance Yard,Infrastructure,Edmonton,,"(53.4253120422363, -113.570686340332)",,$17000000.00,Announced,,,,City of Edmonton,true,,,,
2502,Islamic Community Centre,Other Sectors,Fort McMurray,,"(56.7292442321777, -111.375839233398)",,$50000000.00,Announced,Commencing 2015,,,Markaz Ul-Islam,true,,,,
2503,Grande Prairie Downtown Enhancements,Infrastructure,Grande Prairie,,"(55.1706809997559, -118.797698974609)",,$20000000.00,Announced,2016 - 2019,,,City of Grande Prairie,true,,,,"Replacement of water, sewer and storm lines, plus streetscape. Proposed for construction in four phases. Phase 1  is 101 St from 98 Ave to north of 102 Ave; phase 2 is 101 Ave between 101 and 102 St; phase 3 is 100 Ave between 100 and 102 St; phase 4 is 100 Ave between 98 and 102 St"
2504,Clearwater Student Residence,Institutional,Fort McMurray,,"(56.7133178710938, -111.348838806152)",,$20000000.00,Announced,,,,Keyano College,true,,,,
2505,Division 9 Water Project,Pipelines,County of Newell,,"(50.9505958557129, -112.191368103027)",,$6500000.00,Announced,,,,County of Newell,true,,,,"Last section of regional water pipeline, which must be completed by 2017."
2506,Spruce Grove Infrastructure Upgrades,Infrastructure,Spruce Grove,,"(53.5500602722168, -113.890090942383)",,$11400000.00,Announced,,,,City of Spruce Grove,true,,,,"Proposed. Replacement of cast iron water mains, sanitary sewer, curb/gutter/sidewalk repair and roadway improvements on Miller Ave, Brookwood Cres and Belleville Ave. Pending council approval."
2507,Dispatch and Emergency Operations Centre,Infrastructure,Edmonton,,"(53.5476875305176, -113.484786987305)",,$30000000.00,Announced,,,,City of Edmonton,true,,,,"Proposed. New facility to include fire rescue communications, police communications, EPS 911  and call evaluation, community standards dispatch and City Emergency Operations Centre functions. Not final location."
2508,Telus Infrastructure and Facilities,Other Sectors,Calgary,,"(51.04541015625, -114.068687438965)",,$212000000.00,Announced,,,,Telus,true,,,,"Enhancement of wireless capacity and speed, connecting homes and businesses to fibre optic network, pilot of Telus Health programs and continue construction of Telus Tower"
2509,48 Ave Bridge and Pedestrian Underpass,Infrastructure,Camrose,,"(53.0180702209473, -112.829933166504)",,$6500000.00,Announced,,,,City of Camrose,true,,,,Possible construction start by end of 2015.
2510,Winter Garden Plaza and Parkade,Infrastructure,Edmonton,,"(53.5462188720703, -113.496612548828)",,$150000000.00,Under Construction,,,,Katz Group / WAM Development Group,true,,,,Part of the arena district.
2511,Jade Condo Building 1,Residential,Edmonton,,"(53.5177154541016, -113.689392089844)",,$5100000.00,Under Construction,Commencing 2015,,,Carrington Rosenthal,true,,,,
2512,The Village at Summerside,Residential,Edmonton,,"(53.4128761291504, -113.467399597168)",,$23000000.00,Announced,Commencing 2015,,,Pelhan Master Builders,true,,,,4 Storeys 170 units.
2513,OK Tire Warehouse,Commercial / Retail,Parkland County,,"(53.5495452880859, -113.760375976563)",,$9000000.00,Announced,2015 - 2016,,,OK Tire,true,,,,
2514,Duvernay Point Modular Apartment Project Phase 1,Residential,Fox Creek,,"(54.3971633911133, -116.807250976563)",,$15000000.00,Announced,2015 - 2016,,"[{""url"":""http://calgaryherald.com/business/real-estate/calgary-firm-to-build-700-unit-modular-apartment-development-in-fox-creek"",""text"":""Jun 9 - Edmonton Journal""}]",Primco Holdings / Stack Modular,true,,,,Includes phase 1. The following phases will be dependent on market conditions
2515,Medicine Hat Lift Station,Infrastructure,Medicine Hat,,"(50.0477485656738, -110.668479919434)",,$15000000.00,Announced,Commencing 2015,http://www.medicinehat.ca/index.aspx?page=1683,,City of Medicine Hat,true,,,,
2516,40 Ave Construction Phase 2,Infrastructure,Airdrie,,"(51.2562675476074, -114.013389587402)",,$14700000.00,Announced,,,,City of Airdrie,true,,,,"Proposed, pending funding. Construction of 40 Ave from Reynolds Gate to Main St, and construction of a roundabout. Also a two-lane overpass over the CPR tracks. RFQ closes June 9."
2517,Highway 1 Pave 12339,Infrastructure,Calgary,,"(51.1309089660645, -114.693923950195)",,$14000000.00,Announced,,,,Alberta Transportation,true,,,,"Hwy 1 grade, base and pave. Tender includes climbing lane extension / intersection improvement adjacent to westbound lane of Hwy 1 west of Hwy 68, intersection improvement at Hwy 1 eastbound and a local road east of Hwy 68. Tender closes May 27."
2518,Twp Rd 522 Upgrade,Infrastructure,Sherwood Park,,,"{ ""type"": ""LineString"", ""coordinates"": [ [ -113.244057, 53.482956 ], [ -113.243818, 53.482967 ], [ -113.243114, 53.483003 ], [ -113.241594, 53.483005 ], [ -113.236785, 53.482996 ], [ -113.223734, 53.482925 ], [ -113.22168, 53.482955 ], [ -113.218575, 53.482949 ], [ -113.198509, 53.482871 ], [ -113.198113, 53.482797 ], [ -113.197604, 53.482573 ], [ -113.197338, 53.48238 ], [ -113.197338, 53.48238 ], [ -113.19716, 53.482141 ], [ -113.197033, 53.481729 ], [ -113.197031, 53.47994 ], [ -113.185506, 53.478924 ], [ -113.185363, 53.478913 ], [ -113.185232, 53.478922 ], [ -113.185137, 53.478939 ], [ -113.185055, 53.478969 ], [ -113.185004, 53.479002 ], [ -113.18495, 53.479039 ], [ -113.18491, 53.479089 ], [ -113.184876, 53.479148 ], [ -113.184862, 53.479231 ], [ -113.184871, 53.482628 ], [ -113.184856, 53.482704 ], [ -113.184832, 53.482747 ], [ -113.184793, 53.482803 ], [ -113.184684, 53.482855 ], [ -113.184598, 53.482883 ], [ -113.184487, 53.482901 ], [ -113.18432, 53.482913 ], [ -113.172483, 53.482933 ], [ -113.147777, 53.482894 ], [ -113.147774, 53.482983 ] ] }",$10000000.00,Announced,,,,Strathcona County,true,,,,"Wider lanes, paved shoulders, better sight lines and gentle side slopes."
2519,Nolan Hill TownHomes,Residential,Calgary,,"(51.1787872314453, -114.165435791016)",,$5000000.00,Announced,,,,Jayman Modus,true,,,,
2520,New Brighton Elementary Catholic School,Institutional,Calgary,,"(50.921329498291, -113.937034606934)",,$11000000.00,Under Construction,2015 - 2016,,,Alberta Infrastructure,true,,,,"K-6 school, with capacity for 600 students."
2521,Cranston Elementary School,Institutional,Calgary,,"(50.8864326477051, -113.987197875977)",,$10700000.00,Announced,2015 - 2016,,,Alberta Infrastructure,true,,,,"K-6 school, with capacity for 600 students."
2522,Nolan Hills Town Houses,Residential,Calgary,,"(51.1736030578613, -114.167854309082)",,$19400000.00,Announced,,,,Shane Homes,true,,,,
2523,61 Ave SE Extension,Infrastructure,Calgary,,"(51.0078430175781, -113.944915771484)",,$11000000.00,Announced,,,,City of Calgary,true,,,,
2524,Highway 1 / Highway 93N Pave,Infrastructure,Kananaskis,,"(51.2648620605469, -115.931495666504)",,$11000000.00,Announced,,,,Parks Canada,true,,,,Hwy 93 N km 30-70; Hwy 93N / Hwy 1 interchange; Castle Mtn interchange; Sunshine Rd interchange.
2525,17 Ave South Rebuild,Infrastructure,Calgary,,,"{ ""type"": ""LineString"", ""coordinates"": [ [ -114.094696, 51.037777 ], [ -114.094695, 51.037819 ], [ -114.093064, 51.037812 ], [ -114.09162, 51.037814 ], [ -114.090081, 51.037812 ], [ -114.089228, 51.037812 ], [ -114.088569, 51.037813 ], [ -114.087043, 51.037814 ], [ -114.086754, 51.037814 ], [ -114.085687, 51.037825 ], [ -114.084291, 51.037829 ], [ -114.081829, 51.037839 ], [ -114.079368, 51.037839 ], [ -114.07831, 51.037823 ], [ -114.077722, 51.037821 ], [ -114.076886, 51.037821 ], [ -114.075587, 51.037822 ], [ -114.074903, 51.037823 ], [ -114.074588, 51.037823 ], [ -114.074544, 51.037823 ], [ -114.074239, 51.037823 ], [ -114.074151, 51.037823 ], [ -114.071658, 51.037836 ], [ -114.071518, 51.037836 ], [ -114.071385, 51.037837 ], [ -114.069564, 51.037826 ], [ -114.068521, 51.037827 ], [ -114.066806, 51.03783 ], [ -114.066478, 51.037829 ], [ -114.066301, 51.037829 ], [ -114.066199, 51.037829 ], [ -114.066061, 51.037829 ], [ -114.065935, 51.037828 ], [ -114.065828, 51.037827 ], [ -114.065386, 51.037828 ], [ -114.063719, 51.037831 ], [ -114.063597, 51.037831 ], [ -114.063476, 51.037831 ], [ -114.061131, 51.037841 ], [ -114.058769, 51.037846 ] ] }",$20000000.00,Announced,2016 - 2017,,,City of Calgary,true,,,,
2526,Glenmore Trail Improvements,Infrastructure,Calgary,,,"{ ""type"": ""LineString"", ""coordinates"": [ [ -114.014723, 50.98019 ], [ -114.014583, 50.980149 ], [ -114.013836, 50.979973 ], [ -114.013124, 50.979827 ], [ -114.010925, 50.979486 ], [ -114.010355, 50.979407 ], [ -114.009192, 50.979253 ], [ -114.008047, 50.979236 ], [ -114.00725, 50.979297 ], [ -114.006232, 50.979388 ], [ -114.004868, 50.979512 ], [ -114.00316, 50.979528 ], [ -113.998779, 50.979465 ], [ -113.998407, 50.979465 ], [ -113.998264, 50.979462 ], [ -113.998013, 50.979463 ], [ -113.997882, 50.979461 ], [ -113.997398, 50.979472 ], [ -113.996768, 50.979386 ], [ -113.996128, 50.979143 ], [ -113.995694, 50.978951 ], [ -113.995245, 50.978781 ], [ -113.994748, 50.978645 ], [ -113.994265, 50.978607 ], [ -113.993836, 50.978601 ], [ -113.993634, 50.9786 ], [ -113.993569, 50.978595 ], [ -113.993005, 50.978589 ], [ -113.992768, 50.978587 ], [ -113.992292, 50.97856 ], [ -113.992076, 50.978558 ], [ -113.990532, 50.978573 ], [ -113.99006, 50.978576 ], [ -113.98903, 50.978585 ], [ -113.987618, 50.978576 ], [ -113.987125, 50.978589 ], [ -113.986535, 50.978684 ], [ -113.986016, 50.978862 ], [ -113.985709, 50.978968 ], [ -113.984754, 50.979265 ], [ -113.984153, 50.97938 ], [ -113.983793, 50.979406 ], [ -113.981858, 50.9794 ], [ -113.981616, 50.9794 ], [ -113.980505, 50.979413 ], [ -113.979753, 50.979432 ], [ -113.977444, 50.979487 ], [ -113.976472, 50.979488 ], [ -113.97592, 50.979481 ], [ -113.975601, 50.979479 ] ] }",$65000000.00,Announced,2015 - 2017,,,City of Calgary,true,,,,"Build Glenmore Tr six lanes wide from 18 St SE to east of Barlow Trail, including a new interchange at Glenmore Tr/Ogden Rd, new bridge spanning CP/CN railway tracks and WH Canal and new pathway connection from 16 ST SE to 52 ST SE. tender closes June 23"
