PROJECT_ID,PROJECT_NAME,PROJECT_DESCRIPTION,ESTIMATED_COST,UPDATE_ACTIVITY,ENVIRONMENTAL_ASSESSMENT_STAGE,CONSTRUCTION_TYPE,CONSTRUCTION_SUBTYPE,PROJECT_TYPE,REGION,MUNICIPALITY,DEVELOPER,ARCHITECT,PROJECT_STATUS,PROJECT_STAGE,PROJECT_CATEGORY_NAME,PUBLIC_FUNDING_IND,PROVINCIAL_FUNDING,FEDERAL_FUNDING,MUNICIPAL_FUNDING,OTHER_PUBLIC_FUNDING,GREEN_BUILDING_IND,GREEN_BUILDING_DESC,CLEAN_ENERGY_IND,INDIGENOUS_IND,INDIGENOUS_NAMES,INDIGENOUS_AGREEMENT,CONSTRUCTION_JOBS,OPERATING_JOBS,STANDARDIZED_START_DATE,STANDARDIZED_COMPLETION_DATE,LATITUDE,LONGITUDE,LATITUDE_DMS,LONGITUDE_DMS,TELEPHONE,PROJECT_WEBSITE,FIRST_ENTRY_DATE,LAST_UPDATE
4861,École La Vallée,"New school with spaces for 20 kindergarten, 125 elementary and 75 secondary students. A Neighbourhood Learning Centre will be included in the project.",78,New proposed project,,Institutional,Education,Educational Services,2. Mainland/Southwest,Pemberton,School District 93 (Conseil Scolaire Francophone),,Proposed,,Public Services,TRUE,FALSE,FALSE,FALSE,TRUE,FALSE,,FALSE,FALSE,,,,,2025-Q2,2027-Q3,,,,,(604) 214-2601,,2025-03-01,2025-03-01
4884,Baptiste Nickel Project,"Proposed nickel mine that would have a 29-year mine life with an estimated 59,100 tonnes/yr. A process plant will be considered in future phases. Feasibility Study is expected to complete in 2027.",2970,New proposed project,,Industrial,Mining,Mining,7. Nechako,Fort St. James Area,FPX Nickel Corp.,,Proposed,Preliminary/Feasibility,Mining & Oil & Gas Extraction,FALSE,FALSE,FALSE,FALSE,FALSE,FALSE,,FALSE,FALSE,,,,,2028-Q1,2030-Q4,,,,,,,2025-03-01,2025-03-01
4853,Juene Landing - 1L130 to 25kV Conversion with Neutral Conductor and Bypass (VI-PHY-008) Project,This project is required to convert the 138kV transmission line (1L130) to 25kV and complete circuit reconfiguration to supply the Village of Port Alice and customers.,19,Project started construction,,Infrastructure,Utilities,Utilities,1. Vancouver Island/Coast,Port Alice,BC Hydro,,Construction started,,Utilities (incl sewage treatment),TRUE,FALSE,FALSE,FALSE,TRUE,FALSE,,FALSE,FALSE,,,,,2025-Q1,2025-Q3,,,,,(604) 623-4472   Toll Free: 1-866-647-3334,,2025-03-01,2025-03-01
4854,Anahim Lake - Station Upgrades for Renewable Energy Integration Project,"This project is required to upgrade the Anahim Lake station with a battery energy storage system, microgrid control system, and other associated equipment required to integrate solar power to help offset diesel generation.",44,Project started construction,,Infrastructure,Utilities,Utilities,6. North Coast,Anahim Lake,BC Hydro,,Construction started,,Utilities (incl sewage treatment),TRUE,FALSE,FALSE,FALSE,TRUE,FALSE,,FALSE,FALSE,,,,,2025-Q1,2026-Q4,,,,,(604) 623-4472   Toll Free: 1-866-647-3334,,2025-03-01,2025-03-01
4855,Mica - U1 - U4 Circuit Breaker and Iso-phase Bus Replacement Project,"This project is to address reliability risks at the Mica Creek Generating Station by replacing the aging and obsolete unit 1 to 4 generator circuit breakers, isolated phase buses and other ancillary equipment.",176,Project started construction,,Infrastructure,Utilities,Utilities,3. Thompson-Okanagan,Revelstoke,BC Hydro,,Construction started,,Utilities (incl sewage treatment),TRUE,FALSE,FALSE,FALSE,TRUE,FALSE,,FALSE,FALSE,,,,,2025-Q1,2028-Q4,,,,,(604) 623-4472   Toll Free: 1-866-647-3334,,2025-03-01,2025-03-01
4856,Kimberley to Marysville - Substation Relocation Project,"This project is to address the reliability, safety, and environmental risks associated with three bulk oil circuit breakers and other station assets at Kimberley substation which have reached their end-of-life.",73,Project started construction,,Infrastructure,Utilities,Utilities,4. Kootenay,Kimberley,BC Hydro,,Construction started,,Utilities (incl sewage treatment),TRUE,FALSE,FALSE,FALSE,TRUE,FALSE,,FALSE,FALSE,,,,,2025-Q1,2027-Q4,,,,,(604) 623-4472   Toll Free: 1-866-647-3334,,2025-03-01,2025-03-01
4857,2L143 - Cable Replacement Project,"This project is to address reliability, environmental, and seismic risks associated with the existing transmission cable 2L143 between Horsey substation and Esquimalt substation and to address load growth.",100,Project started construction,,Infrastructure,Utilities,Utilities,1. Vancouver Island/Coast,Victoria,BC Hydro,,Construction started,,Utilities (incl sewage treatment),TRUE,FALSE,FALSE,FALSE,TRUE,FALSE,,FALSE,FALSE,,,,,2025-Q1,2026-Q3,,,,,(604) 623-4472   Toll Free: 1-866-647-3334,,2025-03-01,2025-03-01
4858,Saanich Operations Centre Redevelopment,Proposed project to redevelop the operations centre to expand the services for an increasing population. The facilities will achieve improved energy performance and efficiency,,New proposed project,,Institutional,Government buildings,Public Administration,1. Vancouver Island/Coast,Saanich,District Central Saanich,,Proposed,Consultation/Approvals,Public Services,TRUE,FALSE,FALSE,TRUE,FALSE,FALSE,,FALSE,FALSE,,,,,2026-Q4,2029-Q1,,,,,(250) 652-4444,,2025-03-01,2025-03-01
4860,Neighbourhood House Affordable Housing,A new 179-unit housing and community services facility including childcare and food bank services.  The City of North Vancouver will provide $49.5 million and BC Builds will provide $24.5 million for the project.,74,New proposed project,,Residential,Primarily residential - Single use,Social Housing,2. Mainland/Southwest,North Vancouver,City of North Vancouver/ Catalyst Community Development Society,,Proposed,Tender/Preconstruction,Residential/Commercial,TRUE,TRUE,FALSE,TRUE,FALSE,FALSE,,FALSE,FALSE,,,,,2025-Q2,2028-Q2,,,,,,,2025-03-01,2025-03-01
4883,Highway 1 Goldstream Safety Improvements,To design and construct 1.5km of median barrier separation along the Hwy 1 Malahat corridor generally between Finlayson Arm Rd and the Goldstream River Bridge within Goldstream Provincial Park.,162,,,Infrastructure,Roads & Highways,Transportation,1. Vancouver Island/Coast,Goldstream,BC Ministry of Transportation and Transit,,Construction started,,Transportation & Warehousing,TRUE,TRUE,TRUE,FALSE,FALSE,FALSE,,FALSE,FALSE,,,,,,2030-Q1,,,,,(250) 356-1861,,2025-03-01,2025-03-01
4862,Surrey Memorial Hospital Interventional Cardiology,Create 2 new Cardiac Cath rooms and 2 new Interventional Radiology procedure rooms and recovery space.,97,,,Institutional,Health,Health Care and Social Assistance,2. Mainland/Southwest,Surrey,Fraser Health Authority,,Construction started,,Public Services,TRUE,TRUE,FALSE,FALSE,FALSE,FALSE,,FALSE,FALSE,,,,,2024-Q3,2025-Q3,,,,,,,2025-03-01,2025-03-01
4863,University Hospital of Northern British Columbia (UHNBC) Patient Care Tower Preparatory Works (Phase 1),"Early Works to occur prior to Acute Care Tower (ACT) construction: Demolish and decant the Health Unit building on the site of the new tower.
Northern Health securing a new site, tenant improvements, and relocate patients.
o	Construct an 8-storey, 471-stall parkade elsewhere on the UHNBC site.",103,,,Institutional,Health,Health Care and Social Assistance,5. Cariboo,Prince George,University Hospital of Northern British Columbia (UHNBC),,Construction started,,Public Services,TRUE,TRUE,FALSE,FALSE,FALSE,FALSE,,FALSE,FALSE,,,,,2023-Q3,2026-Q2,,,,,,,2025-03-01,2025-03-01
4864,St. Paul's Hospital - Clinical Support & Research Centre,the Clinical Support and Research Centre (CSRC) will accommodate clinicians and researchers on the campus. The project located on an 18.4-acre site on Station St has received approval of the business plan and funding.,638,,,Institutional,Health,Health Care and Social Assistance,2. Mainland/Southwest,Vancouver,Providence Health Care,,Construction started,,Public Services,TRUE,TRUE,TRUE,TRUE,TRUE,TRUE,LEED gold,FALSE,FALSE,,,,,2023-Q3,2029-Q3,,,,,,,2025-03-01,2025-03-01
4865,East Kootenay Regional Hospital - Renal & Oncology redevelopment,"The project will relocate the Oncology and Renal departments from the existing locations on the third floor of EKRH to a new two-floor building addition located adjacent to the ICU with a BGSM of 2,158 m2.",59,,,Institutional,Health,Health Care and Social Assistance,4. Kootenay,Cranbrook,Interior Health Authority/ Kootenay East Regional Hospital District,,Construction started,,Public Services,TRUE,TRUE,FALSE,FALSE,TRUE,FALSE,,FALSE,FALSE,,,,,2024-Q3,2028-Q3,,,,,,,2025-03-01,2025-03-01
4866,Silvertip Silver/Lead/Zinc Mine,"Underground silver mine located 107 km southwest of Watson Lake YT, Exploration is underway to provide updated resource estimate. Drill program",,New proposed project,,Industrial,Mining,Mining,7. Nechako,Cassiar,Coeur Mining,,Proposed,Preliminary/Feasibility,Mining & Oil & Gas Extraction,FALSE,FALSE,FALSE,FALSE,FALSE,FALSE,,FALSE,FALSE,,,,,,,,,,,,,2025-03-01,2025-03-01
4867,Slate and Ash Condominium,Proposed 62-unit condominium in a 6-storey building located at 5079 Ash Street.,20,New proposed project,,Residential,Primarily residential - Single use,Residential,2. Mainland/Southwest,Vancouver,Pennyfarthing Homes,,Proposed,Tender/Preconstruction,Residential/Commercial,FALSE,FALSE,FALSE,FALSE,FALSE,FALSE,,FALSE,FALSE,,,,,,,,,,,(604) 734-8443,,2025-03-01,2025-03-01
4879,Ashleigh Oakridge,Proposed 124-unit development in a 4-storey lowrise condominium located 5020 Ash St.,22,New proposed project,,Residential,Primarily residential - Single use,Residential,2. Mainland/Southwest,Vancouver,Peterson,GBL Architects,Proposed,Tender/Preconstruction,Residential/Commercial,FALSE,FALSE,FALSE,FALSE,FALSE,FALSE,,FALSE,FALSE,,,,,,,,,,,(60$0 688-4885,,2025-03-01,2025-03-01
4859,Trigon Liquid Petroleum Gas (LPG) Export Facility,Proposed new open-access 2.5 million MTPA LPG export facility.,750,New proposed project,,Industrial,Oil & Gas,Oil and Gas Extraction,6. North Coast,Prince Rupert,Trigon Pacific Terminals Ltd.,,Proposed,Consultation/Approvals,Mining & Oil & Gas Extraction,FALSE,FALSE,FALSE,FALSE,FALSE,FALSE,,FALSE,FALSE,,,,,2026-Q3,2029-Q4,,,,,,,2025-03-01,2025-03-01
4880,Highway 1 Selkirk,"The project is a segment of the TCH Four-Laning Program between Revelstoke and Golden and an extension of the planned Quartz Creek Project. The project begins 1.1 km east of the Quartz Creek Forest Service Road and continues eastward for about 3.9 km. 
Key features of the project include 3.9 km of four-laning the TCH, including the installation of median barrier, two wildlife crossings, exclusion fencing to protect wildlife and facilitate crossing management, and construction of the existing road subgrade to resolve the ongoing frost heave issues.",129,,,Infrastructure,Roads & Highways,Transportation,3. Thompson-Okanagan,Revelstoke,BC Ministry of Transportation and Transit,,Construction started,,Transportation & Warehousing,TRUE,TRUE,TRUE,FALSE,FALSE,FALSE,,FALSE,FALSE,,,,,,2027-Q1,,,,,(250) 356-8241,,2025-03-01,2025-03-01
4868,Autograph Condominium,Proposed 64-unit condominium in a 4-storey building located at 5007 Ash Street.,20,New proposed project,,Residential,Primarily residential - Single use,Residential,2. Mainland/Southwest,Vancouver,Pennyfarthing Homes,,Proposed,Tender/Preconstruction,Residential/Commercial,FALSE,FALSE,FALSE,FALSE,FALSE,FALSE,,FALSE,FALSE,,,,,,,,,,,(604) 734-8443,,2025-03-01,2025-03-01
4878,Dow Ave Condominium,Proposed 770-unit development located at 6645-6707 Dow Ave.,135,New proposed project,,Residential,Primarily residential - Single use,Residential,2. Mainland/Southwest,Burnaby,Peterson,,Proposed,Tender/Preconstruction,Residential/Commercial,FALSE,FALSE,FALSE,FALSE,FALSE,FALSE,,FALSE,FALSE,,,,,,,,,,,(60$0 688-4885,,2025-03-01,2025-03-01
4877,Maywood Condos,Proposed 276-unit condominium in a 32-storey highrise located at 4355 Maywood St.,46,New proposed project,,Residential,Primarily residential - Single use,Residential,2. Mainland/Southwest,Burnaby,Peterson,,Proposed,Tender/Preconstruction,Residential/Commercial,FALSE,FALSE,FALSE,FALSE,FALSE,FALSE,,FALSE,FALSE,,,,,,,,,,,(604) 559-3359,,2025-03-01,2025-03-01
4876,Unison Townhouse Condominium,Proposed 62-unit townhouse condominium located at 682 West 28th Ave.,20,New proposed project,,Residential,Primarily residential - Single use,Residential,2. Mainland/Southwest,Vancouver,Belford Properties,,Proposed,Tender/Preconstruction,Residential/Commercial,FALSE,FALSE,FALSE,FALSE,FALSE,FALSE,,FALSE,FALSE,,,,,,,,,,,(604) 559-3359,,2025-03-01,2025-03-01
4875,M Residences,Proposed 272-unit condominium in a 31-storey highrise located at Maywood St and Cassie Ave.,56,New proposed project,,Residential,Primarily residential - Single use,Residential,2. Mainland/Southwest,Burnaby,Belford Properties,Buttjes Architecture Inc.,Proposed,Tender/Preconstruction,Residential/Commercial,FALSE,FALSE,FALSE,FALSE,FALSE,FALSE,,FALSE,FALSE,,,,,,,,,,,(604) 559-3359,,2025-03-01,2025-03-01
4874,Telford Ave Condominium,Proposed 408-unit development in a 50-storey condominium located at 6508 Telford Ave.,80,New proposed project,,Residential,Primarily residential - Single use,Residential,2. Mainland/Southwest,Burnaby,Westland,Chris Dikeakos Architects Inc.,Proposed,Tender/Preconstruction,Residential/Commercial,FALSE,FALSE,FALSE,FALSE,FALSE,FALSE,,FALSE,FALSE,,,,,,,,,,,(604) 566-6888,,2025-03-01,2025-03-01
4873,King George Boulevard Condos,Proposed 746-unit development in a 67-storey highrise condominium located at 10227 King George Boulevard.,140,New proposed project,,Residential,Primarily residential - Single use,Residential,2. Mainland/Southwest,Surrey,Westland,Chris Dikeakos Architects Inc.,Proposed,Tender/Preconstruction,Residential/Commercial,FALSE,FALSE,FALSE,FALSE,FALSE,FALSE,,FALSE,FALSE,,,,,,,,,,,(604) 566-6888,,2025-03-01,2025-03-01
4872,Willingdon Ave Condominium,Proposed 215-unit development in a highrise building located at 6390 Willingdon Avenue.,38,New proposed project,,Residential,Primarily residential - Single use,Residential,2. Mainland/Southwest,Burnaby,Westland,Chris Dikeakos Architects Inc.,Proposed,Tender/Preconstruction,Residential/Commercial,FALSE,FALSE,FALSE,FALSE,FALSE,FALSE,,FALSE,FALSE,,,,,,,,,,,(604) 566-6888,,2025-03-01,2025-03-01
4871,Clarke Road & Hobbis Way Condos,Proposed 224-unit development in a 14-storey condominium.,40,New proposed project,,Residential,Primarily residential - Single use,Residential,2. Mainland/Southwest,Coquitlam,Westland,Chris Dikeakos Architects Inc.,Proposed,Tender/Preconstruction,Residential/Commercial,FALSE,FALSE,FALSE,FALSE,FALSE,FALSE,,FALSE,FALSE,,,,,,,,,,,(604) 566-6888,,2025-03-01,2025-03-01
4870,Core Highrise Condominium,Proposed 429-unit development in a 50 storey highrise located at 10294 City Parkway.,80,New proposed project,,Residential,Primarily residential - Single use,Residential,2. Mainland/Southwest,Surrey,Westland,Chris Dikeakos Architects Inc.,Proposed,Tender/Preconstruction,Residential/Commercial,FALSE,FALSE,FALSE,FALSE,FALSE,FALSE,,FALSE,FALSE,,,,,,2027-Q3,,,,,(604) 566-6888,,2025-03-01,2025-03-01
4869,Silver Ave Condominium,Proposed 254-unit highrise condominium located at 6444 Silver Ave.,43,New proposed project,,Residential,Primarily residential - Single use,Residential,2. Mainland/Southwest,Burnaby,Belford Properties,,Proposed,Tender/Preconstruction,Residential/Commercial,FALSE,FALSE,FALSE,FALSE,FALSE,FALSE,,FALSE,FALSE,,,,,,,,,,,(604) 559-3359,,2025-03-01,2025-03-01
4882,Highway 1 Bus on Shoulder - McKenzie to Colwood Interchange,"Project includes Highway 1 widening to accommodate a 4.0m wide bus on shoulder lane, proposed pedestrian bridge along the Galloping goose trail, rock cut, retaining walls and drainage upgrades.",95,,,Infrastructure,Roads & Highways,Transportation,1. Vancouver Island/Coast,Saanich,BC Ministry of Transportation and Transit,,Construction started,,Transportation & Warehousing,TRUE,TRUE,TRUE,FALSE,FALSE,FALSE,,FALSE,FALSE,,,,,,2028-Q1,,,,,(250) 356-1861,,2025-03-01,2025-03-01
4823,Various Sites - Transmission Load Interconnection Project,"This project is to facilitate the interconnection of customers' facilities to BC Hydro's Transmission system. Under BC Hydro's standards tariffs and policies, the customer is required to pay a portion of this project's costs.",47,,,Infrastructure,Utilities,Utilities,8. Northeast,Dawson Creek,BC Hydro,,Construction started,,Utilities (incl sewage treatment),TRUE,FALSE,FALSE,FALSE,TRUE,FALSE,,FALSE,FALSE,,,,,2024-Q4,2027-Q1,,,,,(604) 623-4472   Toll Free: 1-866-647-3334,,2024-12-01,2025-03-01
4836,Brewster Wind Farm,Proposed 200 MW wind energy project with 36 turbines to be located near Campbell River. Project was selected for a power purchase agreement in the 2024 BC Hydro clean call for power.,600,,,Infrastructure,Utilities,Utilities,1. Vancouver Island/Coast,Campbell River,Capstone Infrastructure Corp.,,Proposed,,Utilities (incl sewage treatment),FALSE,FALSE,FALSE,FALSE,FALSE,FALSE,,FALSE,TRUE,Wei Wai Kum First Nation,,275,,,2030-Q4,,,,,,,2024-12-01,2025-03-01
4835,Mount Milligan Mine Extension,Project to extend the mine life of the open pit copper and gold mine operation at Mount Milligan Mine to 2035. Preliminary economic assessment will take place in 2025 to evaluate the full potential of the extension.,,,,Industrial,Mining,Mining,5. Cariboo,Mackenzie Region,Centerra Gold,,Proposed,Preliminary/Feasibility,Mining & Oil & Gas Extraction,FALSE,FALSE,FALSE,FALSE,FALSE,FALSE,,FALSE,FALSE,,,,,,,55.11666,-124.0333,"55° 6' 59.98"" N","124° 1' 59.88"" W",,,2024-12-01,2025-03-01
4834,Aspen Point Program,"Project to include expansion of the T-North section of the Westcoast connector with 18 km of new pipeline segments that will add 535 MMcf/d transportation capacity. Looping of the existing Aitken Creek pipeline with a 9 km section of 24' pipeline, looping of the Fort St. John mainline with an 8 km section of 36' pipeline, and 1 km of 30' pipeline to connect the Wochiigii Compressor Station to the existing Alberta Mainline. Infrastructure upgrades will include installation of new electric compressors at the existing compressor stations. Project has received Canadian Energy Regulators (CER) approval in Dec 2024.",1200,,,Industrial,Oil & Gas,Liquefied Natural Gas - Natural Gas Pipeline,6. North Coast,Prince Rupert,Westcoast Energy Inc.,,Proposed,Consultation/Approvals,Transportation & Warehousing,FALSE,FALSE,FALSE,FALSE,FALSE,FALSE,,FALSE,FALSE,,,,,2025-Q2,2026-Q4,,,,,,,2024-12-01,2025-03-01
4833,Northeast British Columbia (NEBC) Connector,"Proposed project that will consist of two parallel 8"" to 12"" pipelines that will be 213 km in length, and transport condensate (C3+) and natural gas liquids (C5+). The pipelines will run from northwest of  Wonowon to the Gordondale area, extending  23 km over the Alberta border. Project working toward Financial Investment Decision (FID).",350,,,Industrial,Oil & Gas,Liquefied Natural Gas - Natural Gas Pipeline,8. Northeast,Wonowon,Northriver Midstream Inc.,,Proposed,Consultation/Approvals,Transportation & Warehousing,FALSE,FALSE,FALSE,FALSE,FALSE,FALSE,,FALSE,FALSE,,,,,,,,,,,,,2024-12-01,2025-03-01
4832,Highway 1 Corridor - Tank Hill,"Permanent Repairs to Highway 1 to rebuild infrastructure damaged during the Nov 2021 Atmospheric Event. A Request for Proposals (RFP) has been awarded to design and construct the repairs at Falls Creek Bridge, Tank Hill Crossing, and Nicomen River Bridge.",293,,,Infrastructure,Roads & Highways,Transportation,3. Thompson-Okanagan,Othello To Merrit,BC Ministry of Transportation and Transit,,Construction started,,Transportation & Warehousing,TRUE,TRUE,TRUE,FALSE,FALSE,FALSE,,FALSE,FALSE,,,,,2024-Q2,2026-Q2,,,,,(604) 453-4500,,2024-12-01,2025-03-01
4831,Highway 1 Corridor - Nicomen Bridge,"Permanent Repairs to Highway 1 to rebuild infrastructure damaged during the Nov 2021 Atmospheric Event. A Request for Proposals (RFP) has been awarded to design and construct the repairs at Falls Creek Bridge, Tank Hill Crossing, and Nicomen River Bridge.",144,,,Infrastructure,Roads & Highways,Transportation,3. Thompson-Okanagan,Othello To Merrit,BC Ministry of Transportation and Transit,,Construction started,,Transportation & Warehousing,TRUE,TRUE,TRUE,FALSE,FALSE,FALSE,,FALSE,FALSE,,,,,2023-Q1,2025-Q2,,,,,(604) 453-4500,,2024-12-01,2025-03-01
4828,George Greenway Elementary School Addition,Addition of 14 modular classrooms will increase capacity by 350 students.,21,,,Institutional,Education,Educational Services,2. Mainland/Southwest,Surrey,School District 36,,Proposed,Tender/Preconstruction,Public Services,TRUE,TRUE,FALSE,FALSE,FALSE,FALSE,,FALSE,FALSE,,,,,2025-Q2,2025-Q3,,,,,(604) 596-7733,,2024-12-01,2025-03-01
4826,Brookswood-Fernridge Firehall,"Replacement firehall for the Brookswood-Fernridge neighbourhood. Facility will include living quarters, offices, equipment and training rooms for career and paid-on-call firefighters.",32,,,Institutional,Government buildings,Public Administration,2. Mainland/Southwest,Langley,Langley Township,,Proposed,Tender/Preconstruction,Public Services,TRUE,FALSE,FALSE,TRUE,FALSE,FALSE,,FALSE,FALSE,,,,,2025-Q2,2026-Q1,,,,,(604) 534-3211,,2024-12-01,2025-03-01
4824,Hugh Keenleyside - 90 Tons Crane Upgrade Project,This project is to replace the 90-ton capacity gantry crane at the Hugh Keenleyside dam with a new crane to accommodate operational needs and increase lifting capacity requirements.,26,,,Infrastructure,Utilities,Utilities,4. Kootenay,Castlegar,BC Hydro,,Construction started,,Utilities (incl sewage treatment),TRUE,FALSE,FALSE,FALSE,TRUE,FALSE,,FALSE,FALSE,,,,,2024-Q4,2027-Q3,,,,,(604) 623-4472   Toll Free: 1-866-647-3334,,2024-12-01,2025-03-01
4837,Highland Valley Wind Farm,Proposed 197 MW wind farm located 18 km west of Logan Lake. Project was selected for a power purchase agreement in the 2024 BC Hydro clean call for power.,,,,Infrastructure,Utilities,Utilities,3. Thompson-Okanagan,Logan Lake,Capstone Infrastructure Corp.,,Proposed,,Utilities (incl sewage treatment),FALSE,FALSE,FALSE,FALSE,FALSE,FALSE,,FALSE,TRUE,Ashcroft Indian Band,,,,,2030-Q4,,,,,,,2024-12-01,2025-03-01
4822,Revelstoke - Marble Shear Block Rock Fall Mitigation/Instrumentation Project,This project is to address the instability on the face of the Marble Shear Block that has impacted the access to the Revelstoke generating station.,16,,,Infrastructure,Utilities,Utilities,3. Thompson-Okanagan,Revelstoke,BC Hydro,,Construction started,,Utilities (incl sewage treatment),TRUE,FALSE,FALSE,FALSE,TRUE,FALSE,,FALSE,FALSE,,,,,2024-Q4,2026-Q1,,,,,(604) 623-4472   Toll Free: 1-866-647-3334,,2024-12-01,2025-03-01
4844,ShTSaQU Solar Project,Proposed 104 MW solar farm located in the Logan Lake area. Project was selected for a power purchase agreement in the 2024 BC Hydro clean call for power.,,,,Infrastructure,Utilities,Utilities,3. Thompson-Okanagan,Logan Lake,BluEarth Renewables Inc.,,Proposed,,Utilities (incl sewage treatment),FALSE,FALSE,FALSE,FALSE,FALSE,FALSE,,FALSE,TRUE,Oregon Jack Creek Band,,,,,2030-Q4,,,,,,,2024-12-01,2025-03-01
4825,Jericho Water Pump Station,Project to construct a booster pump station to increase water system capacity in the Willoughby neighbourhood.,20,Project started construction,,Infrastructure,Utilities,Utilities,2. Mainland/Southwest,Langley,Langley Township,,Construction started,,Utilities (incl sewage treatment),TRUE,FALSE,FALSE,TRUE,FALSE,FALSE,,FALSE,FALSE,,,,,2025-Q1,2026-Q1,,,,,(604) 534-3211,,2024-12-01,2025-03-01
4848,Edge Condominiums,Proposed development of a 152-unit condominium in a 6-storey building located at 9488 134 St.,25,,,Residential,Primarily residential - Single use,Residential,2. Mainland/Southwest,Surrey,Adera Development Corp.,Keystone Architecture,Proposed,Tender/Preconstruction,Residential/Commercial,FALSE,FALSE,FALSE,FALSE,FALSE,FALSE,,FALSE,FALSE,,,,,,,,,,,(604) 684-8277,,2024-12-01,2025-03-01
4842,Nithi Mountain Wind Project,Proposed 200 MW wind farm has been selected for a power purchase agreement in the 2024 BC Hydro clean call for power.,,,,Infrastructure,Utilities,Utilities,7. Nechako,Fraser Lake,Innergex Renewable Energy,,Proposed,,Utilities (incl sewage treatment),FALSE,FALSE,FALSE,FALSE,FALSE,FALSE,,FALSE,TRUE,Stellat’en First Nation,,,,,2030-Q4,,,,,,,2024-12-01,2025-03-01
4838,Boulder and Elkhart Wind Project,"Proposed 94 MW wind project with 12 to 16 turbines, located between Merrit and Kelowna. Project was selected for a power purchase agreement in the 2024 BC Hydro clean call for power.",,,,Infrastructure,Utilities,Utilities,3. Thompson-Okanagan,Merritt,Elkhart Wind Limited Partnership,,Proposed,Permitting,Utilities (incl sewage treatment),FALSE,FALSE,FALSE,FALSE,FALSE,FALSE,,FALSE,TRUE,Upper Nicola Band,,,,2027-Q4,2028-Q4,,,,,(604) 648-6630,,2024-12-01,2025-03-01
4852,Sierra Condominiums,Proposed 422-unit development in a 6-storey condominium located at 228 Dunlop St.,80,,,Residential,Primarily residential - Single use,Residential,2. Mainland/Southwest,Coquitlam,Ledingham McAlister,,Proposed,,Residential/Commercial,FALSE,FALSE,FALSE,FALSE,FALSE,FALSE,,FALSE,FALSE,,,,,,,,,,,(604) 422-0599,,2024-12-01,2025-03-01
4849,Wellwood Condominium,Proposed 292-unit development located at 548 Cochrane Ave.,52,,,Residential,Primarily residential - Single use,Residential,2. Mainland/Southwest,Coquitlam,Adera Development Corp.,,Proposed,,Residential/Commercial,FALSE,FALSE,FALSE,FALSE,FALSE,FALSE,,FALSE,FALSE,,,,,,,,,,,(604) 684-8277,,2024-12-01,2025-03-01
4847,Rockford Condominium,Development of a 67-unit condominium at 1651 128 St.,20,,,Residential,Primarily residential - Single use,Residential,2. Mainland/Southwest,Surrey,Cressey Development Corp.,Yamamoto Architecture Inc.,Proposed,,Residential/Commercial,FALSE,FALSE,FALSE,FALSE,FALSE,FALSE,,FALSE,FALSE,,,,,2025-Q3,2027-Q4,,,,,(604) 895-0428,,2024-12-01,2025-03-01
4846,Town and Centre Highrise Condominium - North Tower,Proposed development of 265-units in a 28-storey condominium. Project is located at 3646 Westwood St.,60,,,Residential,Primarily residential - Single use,Residential,2. Mainland/Southwest,Port Coquitlam,Mosaic Homes,,Proposed,Tender/Preconstruction,Residential/Commercial,FALSE,FALSE,FALSE,FALSE,FALSE,FALSE,,FALSE,FALSE,,,,,,,49.277351,-122.789917,49° 16' 38.4636'' N,122° 47' 23.7012'' W,,,2024-12-01,2025-03-01
4840,K2 Wind Project,Proposed 160 MW wind farm has been selected for a power purchase agreement in the 2024 BC Hydro clean call for power.,,,,Infrastructure,Utilities,Utilities,3. Thompson-Okanagan,Kelowna,Innergex Renewable Energy,,Proposed,,Utilities (incl sewage treatment),FALSE,FALSE,FALSE,FALSE,FALSE,FALSE,,FALSE,TRUE,Westbank First Nation,,,,,2030-Q4,,,,,,,2024-12-01,2025-03-01
4843,Stewart Creek Wind Project,Proposed 200 MW wind farm located 60 km east of the existing  Dokie Wind Farm Project was selected for a power purchase agreement in the 2024 BC Hydro clean call for power.,,,,Infrastructure,Utilities,Utilities,8. Northeast,Fort St. John,Innergex Renewable Energy,,Proposed,,Utilities (incl sewage treatment),FALSE,FALSE,FALSE,FALSE,FALSE,FALSE,,FALSE,TRUE,West Moberly First Nation,,150,,,2030-Q4,,,,,,,2024-12-01,2025-03-01
4841,Nilhts’I Ecoener Project,Proposed 140 MW wind farm has been selected for a power purchase agreement in the 2024 BC Hydro clean call for power.,,,,Infrastructure,Utilities,Utilities,5. Cariboo,Prince George,Nilhts’I Ecoener Energy Corp,,Proposed,,Utilities (incl sewage treatment),FALSE,FALSE,FALSE,FALSE,FALSE,FALSE,,FALSE,TRUE,Lheidli T´enneh,,,,,2030-Q4,,,,,,,2024-12-01,2025-03-01
4845,Sussex Condominiums,Proposed 355-unit development of a 21-storey condominium located at 1340 Sussex St.,65,,,Residential,Primarily residential - Single use,Residential,1. Vancouver Island/Coast,Victoria,Intracorp Developments,,Proposed,Preliminary/Feasibility,Residential/Commercial,FALSE,FALSE,FALSE,FALSE,FALSE,FALSE,,FALSE,FALSE,,,,,,,,,,,(604) 801-7000,,2024-12-01,2025-03-01
4839,Mount Mabel Wind Project,Proposed 143 MW wind farm has been selected for a power purchase agreement in the 2024 BC Hydro clean call for power.,,,,Infrastructure,Utilities,Utilities,3. Thompson-Okanagan,Logan Lake,Capstone Infrastructure Corp.,,Proposed,,Utilities (incl sewage treatment),FALSE,FALSE,FALSE,FALSE,FALSE,FALSE,,FALSE,TRUE,Lower Nicola Indian Band,,,,,2030-Q4,,,,,,,2024-12-01,2025-03-01
4850,Vivere by Solterra,Development of a 16-storey condominium with 175 units located at 15202 Guilford Drive.,38,,,Residential,Primarily residential - Single use,Residential,2. Mainland/Southwest,Surrey,Solterra Development,Raffi Architecture,Proposed,,Residential/Commercial,FALSE,FALSE,FALSE,FALSE,FALSE,FALSE,,FALSE,FALSE,,,,,2025-Q2,2027-Q4,,,,,(604) 528-6010,,2024-12-01,2025-03-01
4791,Surrey Memorial Hospital Renal Hemodialysis Unit,New renal hemodialysis unit located on the Surrey Memorial Hospital campus.,85,,,Institutional,Health,Health Care and Social Assistance,2. Mainland/Southwest,Surrey,Fraser Health Authority,,Construction started,,Public Services,TRUE,TRUE,FALSE,FALSE,FALSE,FALSE,,FALSE,FALSE,,,,,2024-Q3,2025-Q4,,,,,(604) 581-1121,,2024-09-01,2025-03-01
4793,Kootenay Boundary Regional Hospital MRI Suite,"Proposed construction of a new state-of-the-art MRI suite located at the Kootenay Boundary Regional Hospital. Funding will be provided by Interior Health, West Kootenay Boundary Regional Hospital (KBRH) District and KBRH Health Foundation. The business plan has received approval.",36,,,Institutional,Health,Health Care and Social Assistance,4. Kootenay,Trail,Interior Health Authority,Stantec Architecture Ltd.,Proposed,Consultation/Approvals,Public Services,TRUE,TRUE,FALSE,FALSE,TRUE,FALSE,,FALSE,FALSE,,,,,2026-Q3,2028-Q3,,,,,(250) 354-3030,,2024-09-01,2025-03-01
4794,Smithers Long-term Care Home,Proposed 216-bed long-term care home will include replacement of 56 beds at Bulkley Valley Lodge.,,,,Institutional,Health,Health Care and Social Assistance,7. Nechako,Smithers,Northern Health Authority,,Proposed,Preliminary/Feasibility,Public Services,TRUE,TRUE,FALSE,FALSE,FALSE,FALSE,,FALSE,FALSE,,,,,2028-Q2,2030-Q4,,,,,(250) 565-2649,,2024-09-01,2025-03-01
4795,Quesnel Long-term Care Home,Proposed 220-bed long-term care home will include replacement of 67 beds at Dunrovin Park Lodge.,,,,Institutional,Health,Health Care and Social Assistance,5. Cariboo,Quesnel,Northern Health Authority,,Proposed,Preliminary/Feasibility,Public Services,TRUE,TRUE,FALSE,FALSE,FALSE,FALSE,,FALSE,FALSE,,,,,2026-Q4,2028-Q4,,,,,(250) 565-2649,,2024-09-01,2025-03-01
4797,UBC Student Housing Complex,"Redevelopment of the St. John's College site with 1,508 student beds (1,333 new graduate student beds and 175 replacement beds) in 5 buildings up to 18 stories. Project will include a 400-seat dining hall and a 37 space childcare facility. Funding will be provided by the provincial government ($300 million), and the University of British Columbia ($260 million).",560,,,Institutional,Education,Educational Services,2. Mainland/Southwest,Vancouver,University of British Columbia,,Proposed,Consultation/Approvals,Public Services,TRUE,TRUE,FALSE,FALSE,FALSE,TRUE,LEED gold,FALSE,FALSE,,,,,2026-Q4,2029-Q3,,,,,(604) 731-3103,,2024-09-01,2025-03-01
4789,Long-term Care Home Replacement,Proposed replacement of the Cottage Worthington Pavillion with a 200-bed long-term care home.,211,,,Institutional,Health,Health Care and Social Assistance,2. Mainland/Southwest,Abbotsford,Fraser Health Authority,,Construction started,,Public Services,TRUE,TRUE,FALSE,FALSE,FALSE,FALSE,,FALSE,FALSE,,,,,2023-Q1,2028-Q4,,,,,(604) 450-7881,,2024-09-01,2025-03-01
4799,SFU Student Housing Phase 3,Development of an 8-storey building with space for 445 students and a 160-space childcare facility. The funding will be provided by the provincial government ($132.2 million) and Simon Fraser University ($55.4 million).,152,Project started construction,,Institutional,Education,Educational Services,2. Mainland/Southwest,Burnaby,Simon Fraser University,,Construction started,,Public Services,TRUE,TRUE,FALSE,FALSE,FALSE,FALSE,,FALSE,FALSE,,,,,2025-Q1,2027-Q4,,,,,(604) 291-4743,,2024-09-01,2025-03-01
4779,Smith Middle School,Proposed new 900 student middle school located on Willoughby site with future secondary school.,103,,,Institutional,Education,Educational Services,2. Mainland/Southwest,Langley,School District 35,,Proposed,,Public Services,TRUE,TRUE,FALSE,FALSE,FALSE,FALSE,,FALSE,FALSE,,,,,2025-Q4,2027-Q3,,,,,(604) 534-7891,,2024-09-01,2025-03-01
4798,Camosun Student Housing,Development of a 429-bed student housing project located on the Lansdowne campus.,155,,,Institutional,Education,Educational Services,1. Vancouver Island/Coast,Victoria,Camosun College,,Proposed,Preliminary/Feasibility,Public Services,TRUE,TRUE,FALSE,FALSE,TRUE,TRUE,LEED Platinum,FALSE,FALSE,,,,,2025-Q3,2027-Q4,,,,,(250) 370-3602,,2024-09-01,2025-03-01
4796,Richmond Long-term Care Home,"Proposed 144-bed long-term care home will include replacement of 98 beds at Lions Manor-Fentiman Campus of Care, and a 37-space childcare facility.",178,,,Institutional,Health,Health Care and Social Assistance,2. Mainland/Southwest,Richmond,Vancouver Coastal Health,,Proposed,Consultation/Approvals,Public Services,TRUE,TRUE,FALSE,FALSE,FALSE,FALSE,,FALSE,FALSE,,,,,2026-Q1,2027-Q4,,,,,(604) 736-2033,,2024-09-01,2025-03-01
4788,Diefenbaker Elementary School Replacement,Proposed elementary school replacement to accommodate 465 students and a neighbourhood learning centre.,53,,,Institutional,Education,Educational Services,2. Mainland/Southwest,Richmond,School District 38,,Proposed,Consultation/Approvals,Public Services,TRUE,TRUE,FALSE,FALSE,FALSE,TRUE,LEED gold,FALSE,FALSE,,,,,2026-Q1,2028-Q3,,,,,(604) 668-6000,,2024-09-01,2025-03-01
4787,Pitt Meadows Secondary School,"New 1,100 student secondary school will include a neighbourhood learning centre, theater space and a teaching kitchen for the community.",144,,,Institutional,Education,Educational Services,2. Mainland/Southwest,Pitt Meadows,School District 42,,Proposed,Consultation/Approvals,Public Services,TRUE,TRUE,FALSE,FALSE,TRUE,TRUE,LEED gold,FALSE,FALSE,,,,,2026-Q2,2028-Q3,,,,,(604) 463-4200,,2024-09-01,2025-03-01
4785,Ladore Spillway Seismic Upgrade Project,This project is to replace the existing spillway gates system to address known seismic and reliability deficiencies at the Ladore dam.,373,,,Infrastructure,Utilities,Utilities,1. Vancouver Island/Coast,Campbell River,BC Hydro,,Construction started,,Utilities (incl sewage treatment),TRUE,FALSE,FALSE,FALSE,TRUE,FALSE,,FALSE,FALSE,,,,,2024-Q3,2028-Q2,,,,,(604) 623-4472   Toll Free: 1-866-647-3334,,2024-09-01,2025-03-01
4783,Nicomekl - Distribution Load Interconnection Project,"This project is to facilitate the interconnection of a customer's facility to BC Hydro's Nicomekl substation. Under BC Hydro's standard tariffs and policies, the customer is required to pay for a portion of this project's costs.",21,,,Infrastructure,Utilities,Utilities,2. Mainland/Southwest,Surrey,BC Hydro,,Construction started,,Utilities (incl sewage treatment),TRUE,FALSE,FALSE,FALSE,TRUE,FALSE,,FALSE,FALSE,,,,,2024-Q3,2025-Q2,,,,,(604) 623-4472   Toll Free: 1-866-647-3334,,2024-09-01,2025-03-01
4782,Fraser Valley (CBN and MLN) - Capacitive Reinforcement Project,The Fraser Valley CBN/MLN Capacitive Reinforcement project was initiated as part of the Contingency Plan filed by BC Hydro to the BCUC in April 2024 in response to the BCUC's Decision and Order G20-24 to the CPCN Application for the Lower Mainland Reactive Power Reinforcement project. This project will install shunt capacitor banks at Clayburn and McLellan substations.,48,,,Infrastructure,Utilities,Utilities,2. Mainland/Southwest,Surrey - Abbotsford,BC Hydro,,Construction started,,Utilities (incl sewage treatment),TRUE,FALSE,FALSE,FALSE,TRUE,FALSE,,FALSE,FALSE,,,,,2024-Q3,2026-Q4,,,,,(604) 623-4472   Toll Free: 1-866-647-3334,,2024-09-01,2025-03-01
4780,Smith Secondary School,"Proposed new 1,900 student secondary school located on Willoughby site with future middle school.",203,,,Institutional,Education,Educational Services,2. Mainland/Southwest,Langley,School District 35,,Proposed,,Public Services,TRUE,TRUE,FALSE,FALSE,FALSE,FALSE,,FALSE,FALSE,,,,,2025-Q4,2027-Q3,,,,,(604) 534-7891,,2024-09-01,2025-03-01
4778,George Greenaway Elementary School Additions,Addition of 350 new student spaces in 14 prefabricated classrooms.,21,Project started construction,,Institutional,Education,Educational Services,2. Mainland/Southwest,Surrey,School District 36,,Construction started,,Public Services,TRUE,TRUE,FALSE,FALSE,FALSE,FALSE,,FALSE,FALSE,,,,,2025-Q1,2026-Q1,,,,,(604) 596-7733,,2024-09-01,2025-03-01
4792,Squamish Long-term Care Home,Proposed 5-storey long-term care home located at 42000 Loggers Lane. Project will replace 90 beds at Hilltop House and include a childcare facility.,286,,,Institutional,Health,Health Care and Social Assistance,2. Mainland/Southwest,Squamish,Vancouver Coastal Health,,Proposed,Consultation/Approvals,Public Services,TRUE,TRUE,FALSE,FALSE,FALSE,FALSE,,FALSE,FALSE,,,,,2027-Q2,2030-Q4,49.726019,-123.140064,49° 43' 33.6684'' N,123° 8' 24.2304'' W,(604) 736-2033,,2024-09-01,2025-03-01
4800,SFU Medical School,Project to provide interim space for a new medical school with the redevelopment of current space at the SFU Surrey campus.,34,,,Institutional,Education,Educational Services,2. Mainland/Southwest,Surrey,Simon Fraser University,,Proposed,Consultation/Approvals,Public Services,TRUE,TRUE,FALSE,FALSE,FALSE,FALSE,,FALSE,FALSE,,,,,,2026-Q3,,,,,(604) 291-4743,,2024-09-01,2025-03-01
4781,Smith Athletic Park,"New facility with 3 playing fields in phase 1, and a covered playing field in phase 2. Park will include a dog park and playground and share use with nearby middle and high schools.",190,,,Commercial,Recreation,"Arts, Entertainment & Recreation",2. Mainland/Southwest,Langley,Langley Township,,Proposed,,Other Services,TRUE,FALSE,FALSE,TRUE,FALSE,FALSE,,FALSE,FALSE,,,,,,,,,,,(604) 534-3211,,2024-09-01,2025-03-01
4813,Koen Condominium,Proposed 147-unit condominium and townhouse development at 7232 Mac Pherson Ave.,24,,,Residential,Primarily residential - Single use,Residential,2. Mainland/Southwest,Burnaby,Beedie Living,,Proposed,Consultation/Approvals,Residential/Commercial,FALSE,FALSE,FALSE,FALSE,FALSE,FALSE,,FALSE,FALSE,,,,,2025-Q2,2028-Q4,49.217949,-122.982809,49° 13' 4.6164'' N,122° 58' 58.1124'' W,,,2024-09-01,2025-03-01
4790,Delta Long-term Care Home,A 200 bed facility to replace the 92 bed Mountain View care home on the Delta Hospital site.,180,,,Institutional,Health,Health Care and Social Assistance,2. Mainland/Southwest,Delta,Fraser Health Authority,,Construction started,,Public Services,TRUE,TRUE,FALSE,FALSE,FALSE,FALSE,,FALSE,FALSE,,,,,2023-Q1,2029-Q1,,,,,(604) 581-1121,,2024-09-01,2025-03-01
4801,The Colton Affordable Housing,Construction of a 371-unit condominium in four 6-storey buildings located at 8539 201B St. The project will include 40 below market units through the BC Builds program.,202,,,Residential,Primarily residential - Single use,Residential,2. Mainland/Southwest,Langley,BC Housing/Tannin Developments Ltd.,,Construction started,,Residential/Commercial,TRUE,TRUE,FALSE,FALSE,FALSE,FALSE,,FALSE,FALSE,,,,,2024-Q3,2027-Q4,49.133502,-122.663476,49° 8' 0.6072'' N,122° 39' 48.5136'' W,,,2024-09-01,2025-03-01
4818,Vine & West 49th Condominiums,Proposed 133-unit development in a 5-storey condominium located at Vine and West 49th.,,,,Residential,Primarily residential - Single use,Residential,2. Mainland/Southwest,Vancouver,Intracorp Developments,BHA Architecture Inc.,Proposed,Tender/Preconstruction,Residential/Commercial,FALSE,FALSE,FALSE,FALSE,FALSE,FALSE,,FALSE,FALSE,,,,,,,,,,,(604) 801-7000,,2024-09-01,2025-03-01
4817,Arbutus & West 34th Condominiums,Proposed 156-unit development in a 5-storey building located at Arbutus and West 34th St.,23,,,Residential,Primarily residential - Single use,Residential,2. Mainland/Southwest,Vancouver,Intracorp Developments,RWA Architecture Group,Proposed,Consultation/Approvals,Residential/Commercial,FALSE,FALSE,FALSE,FALSE,FALSE,FALSE,,FALSE,FALSE,,,,,,,,,,,(604) 801-7000,,2024-09-01,2025-03-01
4816,Granville & West 47th Seniors Facility,"Proposed 208-unit seniors care home in a 6-storey building. The facility will provide 78 assisted living homes, 68 memory care homes, and 62 long-term care homes.",34,,,Residential,Primarily residential - Single use,Seniors Housing,2. Mainland/Southwest,Vancouver,Intracorp Developments,RH Architects,Construction started,,Residential/Commercial,FALSE,FALSE,FALSE,FALSE,FALSE,FALSE,,FALSE,FALSE,,,,,2024-Q4,2026-Q2,,,,,(604) 801-7000,,2024-09-01,2025-03-01
4814,Symposia Condominium,Proposed 234-unit condominium in a 17-storey development located at 8955 University High St. .,45,,,Residential,Primarily residential - Single use,Residential,2. Mainland/Southwest,Burnaby,Mosaic Homes,,Proposed,Consultation/Approvals,Residential/Commercial,FALSE,FALSE,FALSE,FALSE,FALSE,FALSE,,FALSE,FALSE,,,,,,,49.278630,-122.911415,49° 16' 43.068'' N,122° 54' 41.094'' W,(604) 685-3888,,2024-09-01,2025-03-01
4819,2nd Grandview Heights Secondary,Site acquisition (2.73 hectares) for future 1500 capacity secondary.,44,,,Institutional,Education,Educational Services,2. Mainland/Southwest,Surrey,School District 36,,Proposed,,Public Services,TRUE,TRUE,FALSE,FALSE,FALSE,FALSE,,FALSE,FALSE,,,,,,,,,,,(604) 596-7733,,2024-09-01,2025-03-01
4812,Exeter Hall Condominium,Proposed 218-unit condominium located at Ross Drive and Gray Ave.,40,,,Residential,Primarily residential - Single use,Residential,2. Mainland/Southwest,Vancouver,Polygon Homes,,Proposed,Tender/Preconstruction,Residential/Commercial,FALSE,FALSE,FALSE,FALSE,FALSE,FALSE,,FALSE,FALSE,,,,,,,,,,,(604) 877-1131,,2024-09-01,2025-03-01
4811,Onyx Condominium,Proposed 260-unit highrise condominium located at 5969 Olive Ave.,50,,,Residential,Primarily residential - Single use,Residential,2. Mainland/Southwest,Burnaby,Polygon Homes,,Proposed,Consultation/Approvals,Residential/Commercial,FALSE,FALSE,FALSE,FALSE,FALSE,FALSE,,FALSE,FALSE,,,,,2025-Q2,2028-Q4,49.230948,-123.010035,49° 13' 51.4128'' N,123° 0' 36.126'' W,(604) 877-1131,,2024-09-01,2025-03-01
4810,Affordable Housing - 225 2nd St. E.,Construction of a 178-unit condominium on a pre-zoned site. Project will include below market units through the BC Builds program.,35,,,Residential,Primarily residential - Single use,Residential,2. Mainland/Southwest,North Vancouver,BC Housing,,Proposed,Permitting,Residential/Commercial,TRUE,TRUE,FALSE,FALSE,FALSE,FALSE,,FALSE,FALSE,,,,,,,49.310760,-123.074229,49° 18' 38.736'' N,123° 4' 27.2244'' W,,,2024-09-01,2025-03-01
4804,Affordable Housing - 27200 Block of Fraser Hwy.,Construction of a 100-unit condominium on a pre-zoned site. Project will include below market units through the BC Builds program.,20,,,Residential,Primarily residential - Single use,Residential,2. Mainland/Southwest,Langley,BC Housing/ Caliber Communities,,Proposed,Preliminary/Feasibility,Residential/Commercial,TRUE,TRUE,FALSE,FALSE,FALSE,FALSE,,FALSE,FALSE,,,,,,,,,,,,,2024-09-01,2025-03-01
4809,Affordable Housing - 1210 Seymour St.,Construction of a 112-unit condominium on a pre-zoned site. Project will include below market units through the BC Builds program.,20,,,Residential,Primarily residential - Single use,Residential,2. Mainland/Southwest,Vancouver,BC Housing,,Proposed,Permitting,Residential/Commercial,TRUE,TRUE,FALSE,FALSE,FALSE,FALSE,,FALSE,FALSE,,,,,,,49.276033,-123.125368,49° 16' 33.7188'' N,123° 7' 31.3248'' W,,,2024-09-01,2025-03-01
4820,Cameron Elementary Replacement,School replacement to increase capacity to 770 students.,68,,,Institutional,Education,Educational Services,2. Mainland/Southwest,Burnaby,School District 41,,Proposed,,Public Services,TRUE,TRUE,FALSE,FALSE,FALSE,FALSE,,FALSE,FALSE,,,,,2026-Q2,2028-Q3,,,,,(604) 664-8441,,2024-09-01,2025-03-01
4808,Affordable Housing - 222 Cowichan Way,Construction of a 199-unit condominium on a pre-zoned site. Project will include below market units through the BC Builds program.,40,Project started construction,,Residential,Primarily residential - Single use,Residential,1. Vancouver Island/Coast,Duncan,BC Housing,,Construction started,,Residential/Commercial,TRUE,TRUE,FALSE,FALSE,FALSE,FALSE,,FALSE,FALSE,,,,,2025-Q1,2026-Q2,48.773167,-123.703657,48° 46' 23.4012'' N,123° 42' 13.1652'' W,,,2024-09-01,2025-03-01
4807,Affordable Housing - 1475 Mount Fee Rd.,Development of 104 rental units two 4-storey condominiums. Project will include below market units through the BC Builds program ($12.7 million).,45,,,Residential,Primarily residential - Single use,Residential,2. Mainland/Southwest,Whistler,BC Housing/ Whistler Housing Authority,,Construction started,,Residential/Commercial,TRUE,TRUE,FALSE,TRUE,FALSE,FALSE,,FALSE,FALSE,,,,,2024-Q3,2026-Q1,50.079127,-123.039431,50° 4' 44.8572'' N,123° 2' 21.9516'' W,,,2024-09-01,2025-03-01
4806,Affordable Housing - 3838 Hastings St.,"Development of a 161-unit rental condominium, a 74-space childcare facility and commercial space on the ground level.",35,,,Residential,Primarily residential - Single use,Residential,2. Mainland/Southwest,Burnaby,BC Housing/ SUCCESS Affordable Housing Society,,Construction started,,Residential/Commercial,TRUE,TRUE,FALSE,FALSE,FALSE,FALSE,,FALSE,FALSE,,,,,2024-Q3,2026-Q4,49.281041,-123.019327,49° 16' 51.7476'' N,123° 1' 9.5772'' W,,,2024-09-01,2025-03-01
4805,Sunrise Village Affordable Housing,"Development of 146-units in two 6-storey apartments located at 2924 Venables St. Funding for the project is provided by the provincial government ($16 million), the federal government ($11 million), and the City of Vancouver ($8.3 million).",35,,,Residential,Primarily residential - Single use,Residential,2. Mainland/Southwest,Vancouver,BC Housing/ Brightside Community Homes Foundation,,Construction started,,Residential/Commercial,TRUE,TRUE,TRUE,TRUE,FALSE,FALSE,,FALSE,FALSE,,,,,2024-Q3,2027-Q1,49.276125,-123.043192,49° 16' 34.05'' N,123° 2' 35.4912'' W,,,2024-09-01,2025-03-01
4815,Mayfair West,"Proposed 1,149 condominium in a phased development located at 5507 Willow St.",200,,,Residential,Primarily residential - Single use,Residential,2. Mainland/Southwest,Vancouver,Grosvenor/ Transca/ Modern Green Canada,,Proposed,Consultation/Approvals,Residential/Commercial,FALSE,FALSE,FALSE,FALSE,FALSE,FALSE,,FALSE,FALSE,,,,,,,49.235577,-123.124223,49° 14' 8.0772'' N,123° 7' 27.2028'' W,(415) 434-0175,,2024-09-01,2025-03-01
4803,Affordable Housing - 7883 199 St.,Construction of a 160-unit condominium on a pre-zoned site. Project will include below market units through the BC Builds program.,30,,,Residential,Primarily residential - Single use,Residential,2. Mainland/Southwest,Langley,BC Housing/ Edgar Development and Orion Construction,,Proposed,Preliminary/Feasibility,Residential/Commercial,TRUE,TRUE,FALSE,FALSE,FALSE,FALSE,,FALSE,FALSE,,,,,,,49.145662,-122.672535,49° 8' 44.3832'' N,122° 40' 21.126'' W,,,2024-09-01,2025-03-01
4802,Affordable Housing - 20230 72B Ave,Construction of a 110-unit condominium on a pre-zoned site. Project will include below market units through the BC Builds program.,20,,,Residential,Primarily residential - Single use,Residential,2. Mainland/Southwest,Langley,BC Housing/ Caliber Communities,,Proposed,Preliminary/Feasibility,Residential/Commercial,TRUE,TRUE,FALSE,FALSE,FALSE,FALSE,,FALSE,FALSE,,,,,,,49.134363,-122.660774,49° 8' 3.7068'' N,122° 39' 38.7864'' W,,,2024-09-01,2025-03-01
4738,Northwest - Substations Outage Mitigation Project,"This project is to improve power supply availability to a customer by mitigating planned line outages on the radial bulk transmission system that supplies the Northwest. Under BC Hydro's standard tariffs and policies, the customer is required to pay for a portion of this project's costs",89,,,Infrastructure,Utilities,Utilities,6. North Coast,Kitimat,BC Hydro,,Construction started,,Public Services,TRUE,FALSE,FALSE,FALSE,TRUE,FALSE,,FALSE,FALSE,,,,,2024-Q2,2028-Q4,,,,,(604) 623-4472   Toll Free: 1-866-647-3334,,2024-06-01,2025-03-01
4750,930 Pandora Affordable Housing Apartments,Proposed 205-unit development with 158 affordable homes and 47supportive units in a 20-storey building..,,,,Residential,Primarily residential - Single use,Social Housing,1. Vancouver Island/Coast,Victoria,Capital Region Housing Corporation (CRHC) /BC Housing,,Proposed,Permitting,Residential/Commercial,TRUE,FALSE,FALSE,TRUE,FALSE,FALSE,,FALSE,FALSE,,,,,2025-Q2,2027-Q4,,,,,(250) 388-6422,,2024-06-01,2025-03-01
4751,Campus View Affordable Housing Project,Proposed redevelopment of the site to accommodate 119 units of affordable housing in a 6-storey building.,52,,,Residential,Primarily residential - Single use,Residential,1. Vancouver Island/Coast,Victoria,Capital Region Housing Corporation (CRHC),,Proposed,Consultation/Approvals,Residential/Commercial,TRUE,FALSE,FALSE,TRUE,FALSE,FALSE,,FALSE,FALSE,,,,,2025-Q2,2027-Q4,48.469239,-123.315909,48° 28' 9.2604'' N,123° 18' 57.2724'' W,(250) 388-6422,,2024-06-01,2025-03-01
4752,Cedar Hill Library Redevelopment,Redevelopment of the site to include a Library replacement and 210 units of affordable housing in an 18-storey building.,139,,,Residential,Mixed use,Mixed use - Residential/Commercial/Retail/ Industrial,1. Vancouver Island/Coast,Saanich,Capital Region Housing Corporation (CRHC),,Proposed,Consultation/Approvals,Residential/Commercial,TRUE,FALSE,FALSE,FALSE,TRUE,FALSE,,FALSE,FALSE,,,,,2025-Q3,2027-Q3,,,,,(250) 388-6422,,2024-06-01,2025-03-01
4754,Highland Valley Mine Life Extension,"Proposed copper and molybdenum mine life extension would include facility expansion to produce 178,000 tonnes/day to 2043.",1500,,Review,Industrial,Mining,Mining,3. Thompson-Okanagan,Logan Lake,Teck Highland Valley Copper Partnership,,Proposed,Tender/Preconstruction,Mining & Oil & Gas Extraction,FALSE,FALSE,FALSE,FALSE,FALSE,FALSE,,FALSE,FALSE,,,1250,200,2026-Q4,2028-Q4,,,50° 30? 25? N,121° 04? 49? W,,,2024-06-01,2025-03-01
4757,Aspen Park Elementary School Addition,Addition of 270 new student spaces in 11 prefabricated classrooms at Aspen Park Elementary school.,17,,,Institutional,Education,Educational Services,1. Vancouver Island/Coast,Comox,School District 71,,Proposed,,Public Services,TRUE,FALSE,FALSE,FALSE,TRUE,FALSE,,FALSE,FALSE,,,,,,2025-Q4,,,,,(250) 334-5500,,2024-06-01,2025-03-01
4758,Hudson Road Elementary Addition,"Additions to the elementary school to accommodate 265 more students will include 9 classrooms, multi-purpose space and safety upgrades.",23,,,Institutional,Education,Educational Services,3. Thompson-Okanagan,Kelowna,School District 23,,Proposed,Tender/Preconstruction,Public Services,TRUE,TRUE,FALSE,FALSE,FALSE,FALSE,,FALSE,FALSE,,,,,2025-Q2,2027-Q3,49.860801,-119.565464,49° 51' 38.8836'' N,119° 33' 55.6704'' W,(250) 491-4000,,2024-06-01,2025-03-01
4737,Cottonwoods Care Centre,Development of a new 4-storey long-term care home on the Cottonwood Care Centre site at 2255 Ethel St. The project will increase capacity to 314 beds and is funded by the Interior Health Authority and the Central Okanagan Regional Hospital District.,187,,,Institutional,Health,Health Care and Social Assistance,3. Thompson-Okanagan,Kelowna,Interior Health Authority,,Proposed,Consultation/Approvals,Public Services,TRUE,TRUE,FALSE,FALSE,TRUE,FALSE,,FALSE,FALSE,,,,,2026-Q2,2029-Q4,49.874792,-119.481749,49° 52' 29.2512'' N,119° 28' 54.2964'' W,(250) 354-3030,,2024-06-01,2025-03-01
4756,Highway 1 - Jumping Creek to MacDonald Snowshed,"Highway 1 improvements to 2.6 km of highway located east of Revelstoke. Upgrades include passing lanes, avalanche protection, and safety medians.",245,Project started construction,,Infrastructure,Roads & Highways,Transportation,3. Thompson-Okanagan,Revelstoke,BC Ministry of Transportation and Transit,,Construction started,,Transportation & Warehousing,TRUE,TRUE,TRUE,FALSE,FALSE,FALSE,,FALSE,FALSE,,,,,2025-Q1,2027-Q2,,,,,(604) 456-2420,,2024-06-01,2025-03-01
4739,Long Lake Terminal Station - Transmission Load Interconnection Project,"This project is to facilitate the interconnection of customers' facilities to BC Hydro's Long Lake Terminal Substation. Under BC Hydro's standard tariffs and policies, the customer is required to pay for a portion of this project's costs",80,,,Infrastructure,Utilities,Utilities,6. North Coast,Stewart,BC Hydro,,Construction started,,Public Services,TRUE,FALSE,FALSE,FALSE,TRUE,FALSE,,FALSE,FALSE,,,,,2024-Q2,2027-Q4,,,,,(604) 623-4472   Toll Free: 1-866-647-3334,,2024-06-01,2025-03-01
4740,Ah-sin-heek - Substation Replacement Project,This project is to replace the Ah-sin-heek substation which is at end-of-life with a new pad-mounted modular substation.,26,,,Infrastructure,Utilities,Utilities,6. North Coast,Bella Coola,BC Hydro,,Construction started,,Public Services,TRUE,FALSE,FALSE,FALSE,TRUE,FALSE,,FALSE,FALSE,,,,,2024-Q2,2025-Q4,,,,,(604) 623-4472   Toll Free: 1-866-647-3334,,2024-06-01,2025-03-01
4741,Fleetwood - Distribution Load Interconnection (SLS Servicing) Project,"This project is on behalf of BC Hydro's customer, the Province of BC, to supply the Surrey-Langley SkyTrain extension and will also allow BC Hydro to reinforce the flexibility and reliability of the overall distribution system. Under BC Hydro's standard tariffs and policies, the customer is required to pay for a portion of this project's costs.",158,,,Infrastructure,Utilities,Utilities,2. Mainland/Southwest,Surrey - Langley,BC Hydro,,Construction started,,Public Services,TRUE,FALSE,FALSE,FALSE,TRUE,FALSE,,FALSE,FALSE,,,,,2024-Q2,2027-Q4,,,,,(604) 623-4472   Toll Free: 1-866-647-3334,,2024-06-01,2025-03-01
4742,Various Sites - Reservoir Booms Replacement Project,This project is to address end-of-life reservoir booms at various dams to ensure safety and provide protection of spillways.,29,,,Infrastructure,Utilities,Utilities,2. Mainland/Southwest,"Cherryville, Squamish, Mission",BC Hydro,,Construction started,,Public Services,TRUE,FALSE,FALSE,FALSE,TRUE,FALSE,,FALSE,FALSE,,,,,2024-Q2,2025-Q4,,,,,(604) 623-4472   Toll Free: 1-866-647-3334,,2024-06-01,2025-03-01
4743,Operations and Maintenance Centre #5,Proposed Operations and Maintenance Centre to be located on a 36.5-acre site in Cloverdale.,1000,,,Infrastructure,Other Infrastructure,Transportation,2. Mainland/Southwest,Surrey,BC Ministry of Transportation and Transit,,Proposed,Tender/Preconstruction,Transportation & Warehousing,TRUE,TRUE,FALSE,FALSE,FALSE,FALSE,,FALSE,FALSE,,,,,2027-Q1,2028-Q4,49.133665,-122.726658,49° 8' 1.194'' N,122° 43' 35.9688'' W,(604) 453-4500,,2024-06-01,2025-03-01
4745,UBC - Okanagan Master of Physical Therapy & Occupational Therapy (MPT-MOT) Expansion,Project to expand the of physical therapy and occupational therapy departments of the faculty of medicine.,33,,,Institutional,Education,Educational Services,3. Thompson-Okanagan,Kelowna,University of British Columbia,,Proposed,,Public Services,TRUE,TRUE,FALSE,FALSE,TRUE,FALSE,,FALSE,FALSE,,,,,,,,,,,,,2024-06-01,2025-03-01
4746,UBC - Okanagan Centre for Climate Resiliency,"Proposed facility for inter-disciplinary research that includes energy production, efficient building technology and low carbon transportation.",20,,,Institutional,Education,Educational Services,3. Thompson-Okanagan,Kelowna,University of British Columbia,,Proposed,Preliminary/Feasibility,Public Services,TRUE,FALSE,FALSE,FALSE,TRUE,TRUE,LEED gold,FALSE,FALSE,,,,,,,,,,,,,2024-06-01,2025-03-01
4759,Edgehill Elementary School Addition,Addition to accommodate 120 students. Project will include a new multi-purpose room and dedicated learning spaces.,17,,,Institutional,Education,Educational Services,1. Vancouver Island/Coast,Powell River,School District 47,,Proposed,,Public Services,TRUE,TRUE,FALSE,FALSE,FALSE,FALSE,,FALSE,FALSE,,,,,2025-Q2,2026-Q1,,,,,(604) 485-6271,,2024-06-01,2025-03-01
4748,Village on the Green Redevelopment,Proposed redevelopment of the existing complex to 140 units of affordable housing in a 6-storey building.,65,,,Residential,Primarily residential - Single use,Social Housing,1. Vancouver Island/Coast,Victoria,Capital Region Housing Corporation (CRHC),,Proposed,Preliminary/Feasibility,Residential/Commercial,TRUE,FALSE,FALSE,TRUE,FALSE,FALSE,,FALSE,FALSE,,,,,2025-Q2,2027-Q4,48.426224,-123.351962,48° 25' 34.4064'' N,123° 21' 7.0632'' W,(250) 388-6422,,2024-06-01,2025-03-01
4755,Highway 1 - Mt. Lehman Road to Highway 11,Highway 1 widening for 8 km from Mt. Lehman Rd to Hwy 11 to include bus lanes and HOV/EV lanes. Replacement of the Peardonville Rd underpass and the Hwy 11 interchange will be included in the project.,2651,,,Infrastructure,Roads & Highways,Transportation,2. Mainland/Southwest,Abbotsford,BC Ministry of Transportation and Transit,,Construction started,,Transportation & Warehousing,TRUE,TRUE,FALSE,FALSE,FALSE,FALSE,,FALSE,FALSE,,,,,2024-Q4,2031-Q4,,,,,(604) 456-2420,,2024-06-01,2025-03-01
4749,Caledonia Housing Redevelopment,Redevelopment of site with 158 units of housing in two 5 and 6 storey apartments and townhouses. Project will include 32 units of provincially assisted housing.,71,,,Residential,Primarily residential - Single use,Social Housing,1. Vancouver Island/Coast,Victoria,Capital Region Housing Corporation (CRHC) /BC Housing,de Hoog & Kierulf Architects,Construction started,,Residential/Commercial,TRUE,FALSE,FALSE,TRUE,FALSE,FALSE,,FALSE,FALSE,,,,,2023-Q4,2025-Q2,48.430207,-123.349124,48° 25' 48.7452'' N,123° 20' 56.8464'' W,(250) 388-6422,,2024-06-01,2025-03-01
4747,Bradley Centre Long-Term Care Facility,Proposed 200-bed replacement of the Bradley Centre long-term care home at Chilliwack General Hospital.,274,,,Institutional,Health,Health Care and Social Assistance,2. Mainland/Southwest,Chilliwack,Fraser Health Authority,,Proposed,Preliminary/Feasibility,Public Services,TRUE,TRUE,FALSE,FALSE,FALSE,FALSE,,FALSE,FALSE,,,,,2026-Q4,2029-Q4,49.165547,-121.961597,49° 9' 55.9692'' N,121° 57' 41.7492'' W,(604) 587-4600,,2024-06-01,2025-03-01
4772,Finestra Townhouses,Proposed development of 123 townhomes located at 1788 168 St.,20,,,Residential,Primarily residential - Single use,Residential,2. Mainland/Southwest,Surrey,MetroVan,Ankenman Marchand Architects,Proposed,,Residential/Commercial,FALSE,FALSE,FALSE,FALSE,FALSE,FALSE,,FALSE,FALSE,,,,,,,49.034497,-122.756352,49° 2' 4.1892'' N,122° 45' 22.8672'' W,(604) 270-8855,,2024-06-01,2025-03-01
4777,King George Boulevard Rental Tower,Proposed development of a 41-storey rental tower will include commercial space in a 5-storey podium.,40,,,Residential,Primarily residential - Single use,Residential,2. Mainland/Southwest,Surrey,Appelt Properties,,Proposed,Consultation/Approvals,Residential/Commercial,FALSE,FALSE,FALSE,FALSE,FALSE,FALSE,,FALSE,FALSE,,,,,,,49.175520,-122.858244,49° 10' 31.872'' N,122° 51' 29.6784'' W,(250) 980-3577,,2024-06-01,2025-03-01
4776,Unison Condominium,Proposed 178-unit development in 6-storey condominiums located at 8192 208 St.,35,,,Residential,Primarily residential - Single use,Residential,2. Mainland/Southwest,Langley,Mortise Group,,Proposed,Tender/Preconstruction,Residential/Commercial,FALSE,FALSE,FALSE,FALSE,FALSE,FALSE,,FALSE,FALSE,,,,,,2026-Q4,49.151437,-122.644052,49° 9' 5.1732'' N,122° 38' 38.5872'' W,(778) 926-0093,,2024-06-01,2025-03-01
4775,Nova Condominiums,Development of 246-units in a lowrise condominium located at 8140 166 St.,40,,,Residential,Primarily residential - Single use,Residential,2. Mainland/Southwest,Surrey,Mortise Group,,Construction started,,Residential/Commercial,FALSE,FALSE,FALSE,FALSE,FALSE,FALSE,,FALSE,FALSE,,,,,2024-Q3,2025-Q4,49.150386,-122.762037,49° 9' 1.3896'' N,122° 45' 43.3332'' W,(778) 926-0093,,2024-06-01,2025-03-01
4753,Mission Senior Secondary School,New secondary school with a 1500-student capacity with the ability to expand to accommodate 1650 grade 10-12 students. Project will include a Neighbourhood Learning Centre and Community meeting spaces.,176,,,Institutional,Education,Educational Services,2. Mainland/Southwest,Mission,School District 75,,Proposed,Preliminary/Feasibility,Public Services,TRUE,TRUE,FALSE,FALSE,FALSE,FALSE,,FALSE,FALSE,,,,,2025-Q4,2028-Q3,,,,,(604) 826-6286,,2024-06-01,2025-03-01
4773,One Varsity Condominium,Development of a 341-unit condominium in a 33-storey tower located at 1405 Saint Paul St.,60,,,Residential,Primarily residential - Single use,Residential,3. Thompson-Okanagan,Kelowna,Kerkhoff Develop-Build,,Construction started,,Residential/Commercial,FALSE,FALSE,FALSE,FALSE,FALSE,FALSE,,FALSE,FALSE,,,,,2024-Q3,2026-Q4,49.888601,-119.491420,49° 53' 18.9636'' N,119° 29' 29.112'' W,(604) 824-4122,,2024-06-01,2025-03-01
4760,Olympic Village Elementary School,New 630-student elementary school will include a Neighbourhood Learning Centre.,151,,,Institutional,Education,Educational Services,2. Mainland/Southwest,Vancouver,School District 39,,Proposed,Preliminary/Feasibility,Public Services,TRUE,TRUE,FALSE,FALSE,FALSE,FALSE,,FALSE,FALSE,,,,,2027-Q1,2029-Q4,,,,,(604) 713-5255,,2024-06-01,2025-03-01
4771,Impressions Highrise Condominium,Proposed 540-unit development in a highrise condominium located at 3355 North Rd.,80,,,Residential,Primarily residential - Single use,Residential,2. Mainland/Southwest,Burnaby,ONNI Group,,Proposed,Consultation/Approvals,Residential/Commercial,FALSE,FALSE,FALSE,FALSE,FALSE,FALSE,,FALSE,FALSE,,,,,,,49.253867,-122.893661,49° 15' 13.9212'' N,122° 53' 37.1796'' W,(604) 602-7711,,2024-06-01,2025-03-01
4770,Cumberland Community - Beaufort (Jr.),Addition of 16 prefabricated classrooms at Cumberland Community school.,31,,,Institutional,Education,Educational Services,1. Vancouver Island/Coast,Comox,School District 71,,Proposed,,Public Services,TRUE,TRUE,FALSE,FALSE,FALSE,FALSE,,FALSE,FALSE,,,,,2025-Q3,2027-Q2,,,,,(250) 334-5500,,2024-06-01,2025-03-01
4769,Old Yale Road Elementary,"Addition of 10 prefabricated classrooms and an additional 7, for a total of 17 prefabricated elementary school classrooms to accommodate 425 students.",26,Project started construction,,Institutional,Education,Educational Services,2. Mainland/Southwest,Surrey,School District 36,,Construction started,,Public Services,TRUE,TRUE,FALSE,FALSE,FALSE,FALSE,,FALSE,FALSE,,,,,2025-Q1,2026-Q1,,,,,(604) 596-7733,,2024-06-01,2025-03-01
4768,Forsyth Road Elementary,Proposed school addition to increase capacity from 340 students to 680 students.,24,,,Institutional,Education,Educational Services,2. Mainland/Southwest,Surrey,School District 36,,Proposed,Consultation/Approvals,Public Services,TRUE,TRUE,FALSE,FALSE,FALSE,FALSE,,FALSE,FALSE,,,,,,,,,,,(604) 596-7733,,2024-06-01,2025-03-01
4767,Fleetwood Park Secondary  Addition,"Proposed school addition to increase capacity from 1,200 students to 2,000 students.",79,,,Institutional,Education,Educational Services,2. Mainland/Southwest,Surrey,School District 36,,Proposed,Consultation/Approvals,Public Services,TRUE,TRUE,FALSE,FALSE,FALSE,FALSE,,FALSE,FALSE,,,,,2026-Q4,2029-Q1,,,,,(604) 596-7733,,2024-06-01,2025-03-01
4766,Fernie Elementary School,"New elementary school with a capacity of 300 students, will have space for a Neighbourhood Learning Centre and GHG reduction strategy.",34,,,Institutional,Education,Educational Services,4. Kootenay,Fernie,School District 05,,Proposed,,Public Services,TRUE,TRUE,FALSE,FALSE,FALSE,TRUE,LEED gold,FALSE,FALSE,,,,,2025-Q3,2027-Q3,,,,,(250) 426-4201,,2024-06-01,2025-03-01
4774,Riverview at Sokana Condominiums,Lowrise condominium development of 138-units located at 270 Riverside Drive.,23,,,Residential,Primarily residential - Single use,Residential,3. Thompson-Okanagan,Penticton,Kerkhoff Develop-Build,Formosis Architecture,Construction started,,Residential/Commercial,FALSE,FALSE,FALSE,FALSE,FALSE,FALSE,,FALSE,FALSE,,,,,2024-Q2,2025-Q3,49.496927,-119.615549,49° 29' 48.9372'' N,119° 36' 55.9764'' W,(604) 824-4122,,2024-06-01,2025-03-01
4761,Mission Creek Landing Redevelopment,Phased redevelopment of the long-term care home that will expand the existing facility by 30-beds and add 110 new beds for a total 241 long-term care beds.,,,,Institutional,Health,Health Care and Social Assistance,3. Thompson-Okanagan,Kelowna,Interior Health Authority,,Construction started,,Public Services,TRUE,FALSE,FALSE,FALSE,TRUE,FALSE,,FALSE,FALSE,,,,,2024-Q3,2026-Q4,49.871857,-119.428048,49° 52' 18.6852'' N,119° 25' 40.9728'' W,(250) 354-3030,,2024-06-01,2025-03-01
4762,Nanaimo Cancer Centre,"New cancer care facility proposed at the Nanaimo Regional General Hospital. The centre will include radiation therapy, an oncology ambulatory care unit, examination and consultation rooms, as well as upgrades to existing facilities.",289,,,Institutional,Health,Health Care and Social Assistance,1. Vancouver Island/Coast,Nanaimo,Vancouver Island Health Authority,,Proposed,Consultation/Approvals,Public Services,TRUE,FALSE,FALSE,FALSE,TRUE,FALSE,,FALSE,FALSE,,,,,2025-Q3,2028-Q4,,,,,(250) 370-8369,,2024-06-01,2025-03-01
4763,Nanaimo Long-term Care Facility,Proposed new 306-bed care home in a 3-storey building will include a 20-bed hospice.,286,,,Institutional,Health,Health Care and Social Assistance,1. Vancouver Island/Coast,Nanaimo,Vancouver Island Health Authority,,Proposed,Consultation/Approvals,Public Services,TRUE,FALSE,FALSE,FALSE,TRUE,FALSE,,FALSE,FALSE,,,,,2025-Q2,2027-Q4,49.242211,-124.060071,49° 14' 31.9596'' N,124° 3' 36.2556'' W,(250) 370-8369,,2024-06-01,2025-03-01
4765,Fisher Creek Bridge Replacement,"Replacement of Fisher Creek Bridge on Highway 97, located 52 km west of Chetwynd. The new structure will be a 38 m steel girder single span bridge.",,,,Infrastructure,Roads & Highways,Transportation,8. Northeast,Chetwynd,BC Ministry of Transportation and Transit,,Construction started,,Transportation & Warehousing,TRUE,TRUE,FALSE,FALSE,FALSE,FALSE,,FALSE,FALSE,,,,,2024-Q3,2026-Q3,,,,,(604) 456-2420,,2024-06-01,2025-03-01
4764,Student Family Housing (NVIT),Proposed student housing to accommodate 30 students with family members. Project will include chid care facility.,20,Project started construction,,Institutional,Education,Educational Services,3. Thompson-Okanagan,Merritt,Nicola Valley Institute of Technology,,Construction started,,Public Services,TRUE,TRUE,FALSE,FALSE,TRUE,FALSE,,FALSE,FALSE,,,,,2025-Q1,2026-Q4,,,,,,,2024-06-01,2025-03-01
4706,Royal Inland Hospital Kamloops Cancer Centre,"Proposed development of a 5-storey cancer centre on the Westlands site has received approval for the business plan. The project will accommodate specialized space for radiation  treatment and associated services. Space for outpatient ambulatory care unit with 10 exam rooms, and renovations to the existing pharmacy and expansion of the oncology clinic are included.",386,,,Institutional,Health,Health Care and Social Assistance,3. Thompson-Okanagan,Kamloops,Interior Health Authority,,Proposed,Tender/Preconstruction,Public Services,TRUE,TRUE,FALSE,FALSE,FALSE,FALSE,,FALSE,FALSE,,,,,2025-Q3,2028-Q4,,,,,(250) 354-3030,,2024-03-01,2025-03-01
4710,Highway 1 - 264 Street to Mount Lehman Road,"Highway 1 corridor improvements from 264th St to Mt, Lehman Rd includes replacement of the 264th Street Interchange and Bradner Road Overpass, additional bus lanes and HOV/EV lanes, and Mt. Lehman/ Hwy 1 Interchange.",2340,,,Infrastructure,Roads & Highways,Transportation,2. Mainland/Southwest,Langley To Abbotsford,BC Ministry of Transportation and Transit,,Construction started,,Transportation & Warehousing,TRUE,TRUE,FALSE,FALSE,FALSE,FALSE,,FALSE,FALSE,,,,,2024-Q3,2028-Q4,,,,,(604) 456-2420,,2024-03-01,2025-03-01
4729,Joyce Street Condominium,Proposed 102-unit development in a 12-storey condominium over a podium located at 4902 Joyce St.,20,,,Residential,Primarily residential - Single use,Residential,2. Mainland/Southwest,Vancouver,Wanson Group,,Proposed,Tender/Preconstruction,Residential/Commercial,FALSE,FALSE,FALSE,FALSE,FALSE,FALSE,,FALSE,FALSE,,,,,,,49.239745,-123.029983,49° 14' 23.082'' N,123° 1' 47.9388'' W,(604) 730-8959,,2024-03-01,2025-03-01
4730,Nido Condominium,"Proposed 90-unit development in a 6-storey condominium located at
6692 Royal Oak Ave.",20,,,Residential,Primarily residential - Single use,Residential,2. Mainland/Southwest,Burnaby,Wanson Group,,Proposed,Tender/Preconstruction,Residential/Commercial,FALSE,FALSE,FALSE,FALSE,FALSE,FALSE,,FALSE,FALSE,,,,,,2026-Q4,49.222660,-122.988478,49° 13' 21.576'' N,122° 59' 18.5208'' W,(604) 730-8959,,2024-03-01,2025-03-01
4709,Kicking Horse River Bridge Replacement,Project to replace Kicking Horse River bridges 1 and 2 along Hwy 95. The $45 million contract has been awarded to Copcan Civil Limited Partnership. Funding will be provided by the provincial government ($60.9 million) and the federal government ($28.7 million).,90,,,Infrastructure,Roads & Highways,Transportation,3. Thompson-Okanagan,Golden,BC Ministry of Transportation and Transit,,Construction started,,Transportation & Warehousing,TRUE,TRUE,TRUE,FALSE,FALSE,FALSE,,FALSE,FALSE,,,,,2024-Q2,2026-Q4,,,,,(604) 456-2420,,2024-03-01,2025-03-01
4731,Silva Condominiums,Phased 164-unit development in a 4-storey lowrise condominium located at 13760 75A Ave.,30,,,Residential,Primarily residential - Single use,Residential,2. Mainland/Southwest,Surrey,Wanson Group,BHA Architecture Inc.,Construction started,,Residential/Commercial,FALSE,FALSE,FALSE,FALSE,FALSE,FALSE,,FALSE,FALSE,,,,,2024-Q2,2025-Q4,49.139329,-122.841466,49° 8' 21.5844'' N,122° 50' 29.2776'' W,(604) 730-8959,,2024-03-01,2025-03-01
4732,Lodana Condominium,A 123-unit development in a 6-storey lowrise condominium located at 601 Rochester Ave.,22,Project started construction,,Residential,Primarily residential - Single use,Residential,2. Mainland/Southwest,Coquitlam,Circadian Group,https://www.livabl.com/architect/integra-architecture,Construction started,,Residential/Commercial,FALSE,FALSE,FALSE,FALSE,FALSE,FALSE,,FALSE,FALSE,,,,,2025-Q1,2026-Q4,49.245573,-122.886556,49° 14' 44.0628'' N,122° 53' 11.6016'' W,(604) 357-3712,,2024-03-01,2025-03-01
4708,Colquitz River Bridge Improvements,Project to seismically retrofit and expand the two bridges over Burnside Rd. A bus lane will be added in both directions from Tillicum Rd to the McKenzie Interchange. The project will receive funding from the provincial government ($23.5 million) and the federal government ($12 million) through the Investing in Canada Infrastructure Program.,36,,,Infrastructure,Roads & Highways,Transportation,1. Vancouver Island/Coast,Victoria,BC Ministry of Transportation and Transit,,Construction started,,Transportation & Warehousing,TRUE,TRUE,TRUE,FALSE,FALSE,FALSE,,FALSE,FALSE,,,,,2024-Q3,2025-Q4,,,,,(604) 456-2420,,2024-03-01,2025-03-01
4703,R.E. Mountain Secondary School Addition,Proposed addition to the secondary school is in preliminary phases.,,,,Institutional,Education,Educational Services,2. Mainland/Southwest,Langley,School District 35,,Proposed,Preliminary/Feasibility,Public Services,FALSE,FALSE,FALSE,FALSE,FALSE,FALSE,,FALSE,FALSE,,,,,,,,,,,(604) 534-7891,,2024-03-01,2025-03-01
4728,Portico Condominium,Proposed 145-unit development in a 6-storey condominium located at 667 Elmwood St.,23,,,Residential,Primarily residential - Single use,Residential,2. Mainland/Southwest,Coquitlam,Wanson Group,Ciccozzi Architecture,Proposed,Tender/Preconstruction,Residential/Commercial,FALSE,FALSE,FALSE,FALSE,FALSE,FALSE,,FALSE,FALSE,,,,,,2026-Q4,49.266377,-122.886432,49° 15' 58.9572'' N,122° 53' 11.1552'' W,(604) 730-8959,lifeatportico.ca,2024-03-01,2025-03-01
4704,Conseil Scolaire Francophone de la Colombie-Britannique,Proposed development of a new kindergarten to Grade 6 elementary school. Project will include a Neighbourhood Learning Centre.,41,,,Institutional,Education,Educational Services,2. Mainland/Southwest,Burnaby,School District 93 (Conseil Scolaire Francophone),,Proposed,Preliminary/Feasibility,Public Services,TRUE,TRUE,FALSE,FALSE,FALSE,TRUE,LEED gold,FALSE,FALSE,,,,,,,,,,,(604) 214-2601,,2024-03-01,2025-03-01
4711,"Valemount New Office, Warehouse & Truck Bays","This project is required to replace the aging Valemount field facility office, warehouse building and truck bay in order to adequately meet operational requirements.",17,,,Infrastructure,Utilities,Utilities,5. Cariboo,Valemount,BC Hydro,,Construction started,,Utilities (incl sewage treatment),TRUE,FALSE,FALSE,FALSE,TRUE,FALSE,,FALSE,FALSE,,,,,2024-Q1,2026-Q1,,,,,(604) 623-4472   Toll Free: 1-866-647-3334,,2024-03-01,2025-03-01
4734,Skyliving Highrise Condominium,Proposed 375-unit development in a 32-storey condominium located at 13866 100 Ave.,,,,Residential,Primarily residential - Single use,Residential,2. Mainland/Southwest,Surrey,Allure Ventures Inc.,Matthew Cheng Architect,Proposed,Tender/Preconstruction,Residential/Commercial,FALSE,FALSE,FALSE,FALSE,FALSE,FALSE,,FALSE,FALSE,,,,,,2027-Q1,49.184084,-122.837981,49° 11' 2.7024'' N,122° 50' 16.7316'' W,(604) 359-8118,,2024-03-01,2025-03-01
4701,Grandview Heights Secondary Addition,Proposed addition to the Grandview Heights Secondary School is in preliminary phases.,,,,Institutional,Education,Educational Services,2. Mainland/Southwest,Surrey,School District 36,,Proposed,Preliminary/Feasibility,Public Services,TRUE,TRUE,FALSE,FALSE,FALSE,FALSE,,FALSE,FALSE,,,,,,,,,,,(604) 596-7733,,2024-03-01,2025-03-01
4702,Darts Hill Elementary,Proposed new elementary school is in the preliminary phases.,,,,Institutional,Education,Educational Services,2. Mainland/Southwest,Surrey,School District 36,,Proposed,Preliminary/Feasibility,Public Services,TRUE,TRUE,FALSE,FALSE,FALSE,FALSE,,FALSE,FALSE,,,,,,,,,,,(604) 596-7733,,2024-03-01,2025-03-01
4733,Porthaven Condominium,Proposed 108-unit development in a 6-storey lowrise condominium located at 2272 Leigh Square Pl.,,,,Residential,Primarily residential - Single use,Residential,2. Mainland/Southwest,Port Coquitlam,Northstar Development,,Proposed,Tender/Preconstruction,Residential/Commercial,FALSE,FALSE,FALSE,FALSE,FALSE,FALSE,,FALSE,FALSE,,,,,2025-Q2,2027-Q2,49.261394,-122.781299,49° 15' 41.0184'' N,122° 46' 52.6764'' W,,porthavenpoco.com,2024-03-01,2025-03-01
4722,Vista Point Condominiums,A four-phase condominium and townhome development. Phase 1 is called The Ridge.,40,,,Residential,Primarily residential - Single use,Residential,1. Vancouver Island/Coast,Langford,Seacliff Properties Ltd.,,Construction started,,Residential/Commercial,FALSE,FALSE,FALSE,FALSE,FALSE,FALSE,,FALSE,FALSE,,,,,2024-Q1,2025-Q4,48.431236,-123.528977,48° 25' 52.4496'' N,123° 31' 44.3172'' W,(250) 391-1966,,2024-03-01,2025-03-01
4719,McKenzie Avenue Condominiums,Development of a 6-storey rental building with commercial space at ground level.,20,,,Residential,Primarily residential - Single use,Residential,1. Vancouver Island/Coast,Saanich,Nicola Wealth,,Proposed,Consultation/Approvals,Residential/Commercial,FALSE,FALSE,FALSE,FALSE,FALSE,FALSE,,FALSE,FALSE,,,,,,,48.468395,-123.333992,48° 28' 6.222'' N,123° 20' 2.3712'' W,(250) 744-5341 (Saanich Municipality),,2024-03-01,2025-03-01
4718,The Mandarin Condominium,Proposed development of a 6-story condominium with underground parking.,20,,,Residential,Primarily residential - Single use,Residential,1. Vancouver Island/Coast,Saanich,Everise Developments,,Proposed,Consultation/Approvals,Residential/Commercial,FALSE,FALSE,FALSE,FALSE,FALSE,FALSE,,FALSE,FALSE,,,,,,,48.471939,-123.332266,48° 28' 18.9804'' N,123° 19' 56.1576'' W,(250) 744-5341 (Saanich Municipality),,2024-03-01,2025-03-01
4717,University Heights Development,Development of a 5 building  mixed housing complex with 600 residential units and commercial space at ground level.,115,,,Residential,Primarily residential - Single use,Residential,1. Vancouver Island/Coast,Saanich,Wesbild Holdings Ltd.,,Construction started,,Residential/Commercial,FALSE,FALSE,FALSE,FALSE,FALSE,FALSE,,FALSE,FALSE,,,,,2024-Q1,2026-Q4,48.469313,-123.333037,48° 28' 9.5268'' N,123° 19' 58.9332'' W,(604) 694-8800,,2024-03-01,2025-03-01
4716,Shelbourne Street Residential Development,Proposed residential development in a 6-storey condominium and adjacent townhomes.,22,,,Residential,Primarily residential - Single use,Residential,1. Vancouver Island/Coast,Saanich,Abstract Developments Inc.,,Proposed,Tender/Preconstruction,Residential/Commercial,FALSE,FALSE,FALSE,FALSE,FALSE,FALSE,,FALSE,FALSE,,,,,,,48.453661,-123.332599,48° 27' 13.1796'' N,123° 19' 57.3564'' W,(250) 883-5579,,2024-03-01,2025-03-01
4715,Oak & Stone Condominium,Development of a 87-unit condominium in a 6-storey building located in Shelbourne Valley.,20,,,Residential,Primarily residential - Single use,Residential,1. Vancouver Island/Coast,Saanich,Abstract Developments Inc.,,Construction started,,Residential/Commercial,FALSE,FALSE,FALSE,FALSE,FALSE,FALSE,,FALSE,FALSE,,,,,2024-Q1,2026-Q3,48.449972,-123.333559,48° 26' 59.8992'' N,123° 20' 0.8124'' W,(250) 883-5579,,2024-03-01,2025-03-01
4714,Burnaby Transit Centre,"Improvements to the Burnaby Transit Centre (BTC), an operations and maintenance facility will expand the BTC’s maintenance and storage capacity to support up to 130 additional buses.",44,,,Infrastructure,Roads & Highways,Transportation,2. Mainland/Southwest,Burnaby,Translink,,Proposed,,Transportation & Warehousing,TRUE,TRUE,TRUE,FALSE,FALSE,FALSE,,FALSE,FALSE,,,,,,,49.272783,-123.020802,49° 16' 22.0188'' N,123° 1' 14.8872'' W,(604) 453-4500,,2024-03-01,2025-03-01
4725,Ironwood Condominium,Proposed 428-unit development in a 44-storey condominium located at 617 Tyndall St.,80,,,Residential,Primarily residential - Single use,Residential,2. Mainland/Southwest,Coquitlam,Qualex-Landmark Developments Inc.,,Proposed,Consultation/Approvals,Residential/Commercial,FALSE,FALSE,FALSE,FALSE,FALSE,FALSE,,FALSE,FALSE,,,,,,,49.263676,-122.892025,49° 15' 49.2336'' N,122° 53' 31.29'' W,(604) 683-5152,,2024-03-01,2025-03-01
4721,Torquay Drive Condominiums,Proposed 90-unit development in a 5-storey condominium located on Torquay Drive and Shelbourne St. Rezoning required.,20,,,Residential,Primarily residential - Single use,Residential,1. Vancouver Island/Coast,Saanich,,Number 10 Architecture,Proposed,Consultation/Approvals,Residential/Commercial,FALSE,FALSE,FALSE,FALSE,FALSE,FALSE,,FALSE,FALSE,,,,,,,48.477110,-123.334190,48° 28' 37.596'' N,123° 20' 3.084'' W,(250) 744-5341 (Saanich Municipality),,2024-03-01,2025-03-01
4727,Park and Maven Condominiums,"Phased development of 55 townhomes, a 233-unit condominium called Cardinal and Heron, and a 157-unit condominium called Sparrow and Osprey, located at 19310 Fraser Hwy.",38,,,Residential,Primarily residential - Single use,Residential,2. Mainland/Southwest,Surrey,Jayen Properties,,Construction started,,Residential/Commercial,FALSE,FALSE,FALSE,FALSE,FALSE,FALSE,,FALSE,FALSE,,,,,2024-Q2,2025-Q3,49.117378,-122.688145,49° 7' 2.5608'' N,122° 41' 17.322'' W,(604) 579-0970,,2024-03-01,2025-03-01
4736,Deltita Gardens Condominium,Proposed 225-unit development in a 5-storey condominium with commercial at ground level located at 8507 120 St.,45,,,Residential,Primarily residential - Single use,Residential,2. Mainland/Southwest,Delta,Headwater Projects,,Proposed,Tender/Preconstruction,Residential/Commercial,FALSE,FALSE,FALSE,FALSE,FALSE,FALSE,,FALSE,FALSE,,,,,,,49.158053,-122.891607,49° 9' 28.9908'' N,122° 53' 29.7852'' W,(604) 899-2020,,2024-03-01,2025-03-01
4735,Bridge & Elliott Condominium,A 131-unit development in a 5-storey condominium with commercial at ground level located at 4906 Elliott St.,23,,,Residential,Primarily residential - Single use,Residential,2. Mainland/Southwest,Delta,Headwater Projects,,Construction started,,Residential/Commercial,FALSE,FALSE,FALSE,FALSE,FALSE,FALSE,,FALSE,FALSE,,,,,2024-Q4,2027-Q4,49.092044,-123.084276,49° 5' 31.3584'' N,123° 5' 3.3936'' W,(604) 899-2020,bridgeandelliott.com,2024-03-01,2025-03-01
4723,The Grand and Fir Condominiums,Development of a 5-storey with 82 condominium units located along the Island Highway.,20,,,Residential,Primarily residential - Single use,Residential,1. Vancouver Island/Coast,View Royal,,Urban West Architecture,Construction started,,Residential/Commercial,FALSE,FALSE,FALSE,FALSE,FALSE,FALSE,,FALSE,FALSE,,,,,2024-Q3,2026-Q2,48.451966,-123.433122,48° 27' 7.0776'' N,123° 25' 59.2392'' W,,,2024-03-01,2025-03-01
4720,Government Street Condominium,Proposed development of a 6-storey rental building with retail space at the ground level.,20,,,Residential,Primarily residential - Single use,Residential,1. Vancouver Island/Coast,Victoria,Nicola Wealth,,Proposed,Consultation/Approvals,Residential/Commercial,FALSE,FALSE,FALSE,FALSE,FALSE,FALSE,,FALSE,FALSE,,,,,,,48.430785,-123.366765,48° 25' 50.826'' N,123° 22' 0.354'' W,(250) 361-0382 (Victoria City),,2024-03-01,2025-03-01
4724,Botanica Condominium,Proposed 239-unit development in a 6-storey condominium located at 588 Harrison Ave.,32,,,Residential,Primarily residential - Single use,Residential,2. Mainland/Southwest,Coquitlam,Qualex-Landmark Developments Inc.,,Proposed,Consultation/Approvals,Residential/Commercial,FALSE,FALSE,FALSE,FALSE,FALSE,FALSE,,FALSE,FALSE,,,,,,2027-Q1,49.266996,-122.888671,49° 16' 1.1856'' N,122° 53' 19.2156'' W,(604) 683-5152,botanica.qualex.ca,2024-03-01,2025-03-01
4726,Level Condominium,Proposed 178-unit development in a 7-storey condominium located at 600 Shaw Ave.,36,,,Residential,Primarily residential - Single use,Residential,2. Mainland/Southwest,Coquitlam,Jayen Properties,Ciccozzi Architecture,Construction started,,Residential/Commercial,FALSE,FALSE,FALSE,FALSE,FALSE,FALSE,,FALSE,FALSE,,,,,2024-Q3,2027-Q4,49.243803,-122.886930,49° 14' 37.6908'' N,122° 53' 12.948'' W,(604) 579-0970,,2024-03-01,2025-03-01
4713,Minette - Transmission Load Interconnection Project,"This project is to facilitate the interconnection of a customer's facility to BC Hydro's Minette Substation. Under BC Hydro's standard tariffs and policies, the customer is required to pay for a portion of this project's costs.",72,,,Infrastructure,Utilities,Utilities,6. North Coast,Kitimat,BC Hydro,,Construction started,,Utilities (incl sewage treatment),TRUE,FALSE,FALSE,FALSE,TRUE,FALSE,,FALSE,FALSE,,,,,2023-Q2,2027-Q2,,,,,(604) 623-4472   Toll Free: 1-866-647-3334,,2024-03-01,2025-03-01
4684,Vancouver Community College - Centre for Clean Energy and Automotive Innovation,Eight-storey project to include an interdisciplinary hub for trades and technology including clean energy programs.,316,,,Institutional,Education,Educational Services,2. Mainland/Southwest,Vancouver,Vancouver Community College,,Construction started,,Public Services,TRUE,TRUE,FALSE,FALSE,TRUE,TRUE,LEED gold,FALSE,FALSE,,,1357,663,2024-Q2,2028-Q1,,,,,,,2023-12-01,2025-03-01
4689,Azure Grove Condominium,Proposed 273-unit development of a 6-storey condominium located at 20117 84 Ave.,48,,,Residential,Primarily residential - Single use,Residential,2. Mainland/Southwest,Langley,ML Emporio Properties,,Proposed,Tender/Preconstruction,Residential/Commercial,FALSE,FALSE,FALSE,FALSE,FALSE,FALSE,,FALSE,FALSE,,,,,2025-Q2,2027-Q4,49.156539,-122.664787,49° 9' 23.5404'' N,122° 39' 53.2332'' W,(604) 229-4755,,2023-12-01,2025-03-01
4700,Edition Condominium,Proposed 109-unit development in an 18-storey condominium located at 1116 Pendrell St.,20,,,Residential,Primarily residential - Single use,Residential,2. Mainland/Southwest,Vancouver,Skyllen Pacific,,Proposed,Consultation/Approvals,Residential/Commercial,FALSE,FALSE,FALSE,FALSE,FALSE,FALSE,,FALSE,FALSE,,,,,,,49.281264,-123.131021,49° 16' 52.5504'' N,123° 7' 51.6756'' W,(604) 629-8402,,2023-12-01,2025-03-01
4674,Long-term Care Facility,Proposed 200-bed long-term  care home to be located at 6500 Southridge Ave.,,,,Institutional,Health,Health Care and Social Assistance,5. Cariboo,Prince George,Providence Living/ Northern Health Authority,,Proposed,Tender/Preconstruction,Public Services,TRUE,TRUE,FALSE,FALSE,FALSE,FALSE,,FALSE,FALSE,,,,,2025-Q2,2028-Q1,53.864256,-122.783417,53° 51' 51.3216'' N,122° 47' 0.3012'' W,,,2023-12-01,2025-03-01
4675,Brentwood Park Elementary Upgrades,Proposed seismic upgrades to existing building and 165-seat expansion. Project to include Neighbourhood Learning Centre.,39,,,Institutional,Education,Educational Services,2. Mainland/Southwest,Burnaby,School District 41,,Proposed,Preliminary/Feasibility,Public Services,TRUE,TRUE,FALSE,FALSE,FALSE,FALSE,,FALSE,FALSE,,,,,2025-Q2,2026-Q3,,,,,(604) 664-8441,,2023-12-01,2025-03-01
4676,Surrey Elementary School Additions,"Addition of 875 new student spaces in 36 prefabricated classrooms at Walnut Rd ($24 million), Lena Shaw, and Woodland Park ($24 million) Elementary schools (completed). Pre-fabricated classrooms will add 875 more students spaces at Old Yale Rd Elementary (17 classrooms), William Watson Elementary (12 classrooms), and Latimer Rd Elementary (6 classrooms).",54,,,Institutional,Education,Educational Services,2. Mainland/Southwest,Surrey,School District 36,,Construction started,,Public Services,TRUE,TRUE,FALSE,FALSE,FALSE,FALSE,,FALSE,FALSE,,,,,2024-Q2,2026-Q1,,,,,(604) 596-7733,,2023-12-01,2025-03-01
4678,Baxter Bridge Replacement,Construction of a 2-lane steel bridge to replace existing wooden bridge on Trinity Valley Rd. The contract has been awarded to Formula Contractors Ltd.,17,,,Infrastructure,Roads & Highways,Transportation,3. Thompson-Okanagan,Enderby,BC Ministry of Transportation and Transit,,Construction started,,Transportation & Warehousing,TRUE,TRUE,FALSE,FALSE,FALSE,FALSE,,FALSE,FALSE,,,,,2024-Q2,2026-Q2,,,,,(250) 565-6185,,2023-12-01,2025-03-01
4679,McBride Street Roundabout,Construction of a roundabout at Hwy 16 at McBride St. and 2nd Ave.,18,,,Infrastructure,Roads & Highways,Transportation,6. North Coast,Prince Rupert,BC Ministry of Transportation and Transit,,Proposed,Tender/Preconstruction,Transportation & Warehousing,TRUE,TRUE,FALSE,FALSE,FALSE,FALSE,,FALSE,FALSE,,,,,2025-Q2,,,,,,,,2023-12-01,2025-03-01
4681,Social Housing,Development of 135-units of social housing for women and single mothers in a new 13-storey building located at 550 West 13th St.,30,,,Residential,Primarily residential - Single use,Social Housing,2. Mainland/Southwest,Vancouver,BC Housing,,Construction started,,Residential/Commercial,TRUE,TRUE,TRUE,FALSE,FALSE,FALSE,,FALSE,FALSE,,,,,2024-Q2,2026-Q4,49.329129,-123.151505,49° 19' 44.8644'' N,123° 9' 5.418'' W,(604) 456-8895,,2023-12-01,2025-03-01
4680,Belleville Terminal Redevelopment,"Demolition of existing Clipper Terminal infrastructure and construction of new consolidated preclearance terminal building with modern border security standards that abide by the Land, Rail, Marine, and Air Transport Preclearance Agreement between the Government of Canada and the USA.",331,,,Infrastructure,Other Transportation,Port and Harbour Facilities,1. Vancouver Island/Coast,Victoria,BC Ministry of Transportation and Transit,,Construction started,,Transportation & Warehousing,TRUE,TRUE,TRUE,FALSE,FALSE,FALSE,,FALSE,FALSE,,,,,2024-Q1,2028-Q4,,,,,(250) 356-1861,,2023-12-01,2025-03-01
4682,Social Housing,Development of 70-units of social housing for indigenous families and elders in a new building located at 830 11th Ave. East.,23,,,Residential,Primarily residential - Single use,Social Housing,6. North Coast,Prince Rupert,BC Housing,,Proposed,Tender/Preconstruction,Residential/Commercial,TRUE,TRUE,FALSE,FALSE,FALSE,FALSE,,FALSE,TRUE,Lax Kw’alaams WAAP Housing Society,Project partner,,,,2025-Q4,54.316790,-130.301935,54° 19' 0.444'' N,130° 18' 6.966'' W,(604) 456-8895,,2023-12-01,2025-03-01
4685,Halo Lowrise Condominiums,"Development of a 6-storey condominium with 206-units, located at 2388 152A St.",20,,,Residential,Primarily residential - Single use,Residential,2. Mainland/Southwest,Surrey,Polygon Homes,GBL Architects,Construction started,,Residential/Commercial,FALSE,FALSE,FALSE,FALSE,FALSE,FALSE,,FALSE,FALSE,,,,,2024-Q4,2026-Q2,49.045378,-122.799742,49° 2' 43.3608'' N,122° 47' 59.0712'' W,(604) 877-1131,,2023-12-01,2025-03-01
4672,Fleetwood - Distribution Feeder Ductbank and Feeder Installation (FV-FVW-023),This project is required to address the distribution capacity constraints in the Langley and southeast Surrey areas are experiencing high growth.,41,,,Infrastructure,Utilities,Utilities,2. Mainland/Southwest,Surrey,BC Hydro,,Construction started,,Utilities (incl sewage treatment),TRUE,FALSE,FALSE,FALSE,TRUE,FALSE,,FALSE,FALSE,,,,,2023-Q4,2025-Q3,,,,,604) 623-4472   Toll Free: 1-866-647-3334,,2023-12-01,2025-03-01
4688,Parkway 2 - Intersect Highrise,"Development of a 396-unit condominium in a 52-storey highrise located at 
10460 City Parkway.",65,,,Residential,Primarily residential - Single use,Residential,2. Mainland/Southwest,Surrey,Bosa Properties,,Construction started,,Residential/Commercial,FALSE,FALSE,FALSE,FALSE,FALSE,FALSE,,FALSE,FALSE,,,,,2024-Q1,2028-Q4,49.192124,-122.847505,49° 11' 31.6464'' N,122° 50' 51.018'' W,,,2023-12-01,2025-03-01
4671,Prince George to Terrace Capacitors Project,This project is required to increase the transfer capacity of the North Coast bulk transmission system to meet growing customer service requests in the region.,582,,,Infrastructure,Utilities,Utilities,6. North Coast,"Vanderhoof, Burns Lake, Terrace",BC Hydro,,Construction started,,Utilities (incl sewage treatment),TRUE,FALSE,FALSE,FALSE,TRUE,FALSE,,FALSE,FALSE,,,,,2023-Q4,2028-Q4,,,,,604) 623-4472   Toll Free: 1-866-647-3334,,2023-12-01,2025-03-01
4690,The Manhattan Condominium,Proposed 422-unit development in a 43-storey highrise condominium located at 10284 133A St.,60,,,Residential,Primarily residential - Single use,Residential,2. Mainland/Southwest,Surrey,ML Emporio Properties,IBI Group,Proposed,Tender/Preconstruction,Residential/Commercial,FALSE,FALSE,FALSE,FALSE,FALSE,FALSE,,FALSE,FALSE,,,,,2025-Q2,2029-Q4,49.189515,-122.851891,49° 11' 22.254'' N,122° 51' 6.8076'' W,(604) 229-4755,,2023-12-01,2025-03-01
4691,Dewdney Trunk Road Condominium,Proposed 127-unit condominium in a 5-storey development located at 22904 Dewdney Trunk Rd.,22,,,Residential,Primarily residential - Single use,Residential,2. Mainland/Southwest,Maple Ridge,Brimming Development,Billard Architecture Inc.,Proposed,Consultation/Approvals,Residential/Commercial,FALSE,FALSE,FALSE,FALSE,FALSE,FALSE,,FALSE,FALSE,,,,,,,49.220022,-122.587509,49° 13' 12.0792'' N,122° 35' 15.0324'' W,(604) 737-1777,,2023-12-01,2025-03-01
4692,Kora by Strand,Development of 322 condominium units in a 35-storey tower located at 648 Gardena Drive.,58,,,Residential,Primarily residential - Single use,Residential,2. Mainland/Southwest,Coquitlam,Strand Developments,Ciccozzi Architecture,Proposed,Tender/Preconstruction,Residential/Commercial,FALSE,FALSE,FALSE,FALSE,FALSE,FALSE,,FALSE,FALSE,,,,,,,49.265890,-122.888864,49° 15' 57.204'' N,122° 53' 19.9104'' W,(604) 262-9800,,2023-12-01,2025-03-01
4693,Park and Fourth Condominium,Proposed 168-unit townhouse development located at 560 Fourth St. Rezoning required.,26,,,Residential,Primarily residential - Single use,Residential,1. Vancouver Island/Coast,Nanaimo,Strand Developments,Ciccozzi Architecture,Proposed,,Residential/Commercial,FALSE,FALSE,FALSE,FALSE,FALSE,FALSE,,FALSE,FALSE,,,,,,,49.159552,-123.957411,49° 9' 34.3872'' N,123° 57' 26.6796'' W,(604) 262-9800,,2023-12-01,2025-03-01
4694,Rosser Ave Condominium,Proposed 442-unit development of a 61-storey condominium at 2211 Rosser Ave.,68,,,Residential,Primarily residential - Single use,Residential,2. Mainland/Southwest,Burnaby,Amacon Development Corp.,,Proposed,Consultation/Approvals,Residential/Commercial,FALSE,FALSE,FALSE,FALSE,FALSE,FALSE,,FALSE,FALSE,,,,,,,49.263808,-123.006366,49° 15' 49.7088'' N,123° 0' 22.9176'' W,(604) 602-7700,,2023-12-01,2025-03-01
4695,Town and Centre Highrise Condominium - South Tower,Proposed development of 221-units in a 30-storey condominium. Project is located at 3646 Westwood St.,40,,,Residential,Primarily residential - Single use,Residential,2. Mainland/Southwest,Port Coquitlam,Mosaic Homes,,Proposed,Tender/Preconstruction,Residential/Commercial,FALSE,FALSE,FALSE,FALSE,FALSE,FALSE,,FALSE,FALSE,,,,,2025-Q2,2028-Q1,49.277351,-122.789917,49° 16' 38.4636'' N,122° 47' 23.7012'' W,,,2023-12-01,2025-03-01
4696,Riva 4 Condominium,Proposed 318-unit development in a 6-storey condominium located at 7731 Alderbridge Way.,48,,,Residential,Primarily residential - Single use,Residential,2. Mainland/Southwest,Richmond,ONNI Group,,Construction started,,Residential/Commercial,FALSE,FALSE,FALSE,FALSE,FALSE,FALSE,,FALSE,FALSE,,,,,2024-Q2,2026-Q2,49.175894,-123.144048,49° 10' 33.2184'' N,123° 8' 38.5728'' W,(604) 602-7711,,2023-12-01,2025-03-01
4697,Pine and Glen East Tower,New 324-unit development in a 49-storey condominium located at 1175 Pinetree Way.,58,,,Residential,Primarily residential - Single use,Residential,2. Mainland/Southwest,Coquitlam,ONNI Group,,Construction started,,Residential/Commercial,FALSE,FALSE,FALSE,FALSE,FALSE,FALSE,,FALSE,FALSE,,,,,2024-Q3,2028-Q2,49.282070,-122.792928,49° 16' 55.452'' N,122° 47' 34.5408'' W,(604) 602-7711,,2023-12-01,2025-03-01
4698,375 East 1st Avenue Condominium,Proposed 220-unit development in a 14-storey condominium located at 375 East 1st Ave.,40,,,Residential,Primarily residential - Single use,Residential,2. Mainland/Southwest,Vancouver,ONNI Group,,Construction started,,Residential/Commercial,FALSE,FALSE,FALSE,FALSE,FALSE,FALSE,,FALSE,FALSE,,,,,2024-Q2,2029-Q2,49.268262,-123.095479,49° 16' 5.7432'' N,123° 5' 43.7244'' W,(604) 602-7711,,2023-12-01,2025-03-01
4699,Guilden Condominium,Proposed 187-unit condominium in a 6-storey development located at 14683 104 Ave.,35,,,Residential,Primarily residential - Single use,Residential,2. Mainland/Southwest,Surrey,RDG Management Ltd,,Proposed,Tender/Preconstruction,Residential/Commercial,FALSE,FALSE,FALSE,FALSE,FALSE,FALSE,,FALSE,FALSE,,,,,2025-Q2,2026-Q3,49.191686,-122.815319,49° 11' 30.0696'' N,122° 48' 55.1484'' W,(604) 881-4763,,2023-12-01,2025-03-01
4686,The Landmark at Foster Martin,A 128-unit development of a 23-storey condominium located at 1475 Foster St.,23,,,Residential,Primarily residential - Single use,Residential,2. Mainland/Southwest,White Rock,Landmark Premiere Properties,,Construction started,,Residential/Commercial,FALSE,FALSE,FALSE,FALSE,FALSE,FALSE,,FALSE,FALSE,,,,,2024-Q2,2026-Q2,49.029201,-122.803972,49° 1' 45.1236'' N,122° 48' 14.2992'' W,(604)620-1677,,2023-12-01,2025-03-01
4673,Fraser Street Condominium,Proposed 110-unit development of a 15-storey rental condominium with retail space on the ground floor. Includes below market units under the Moderate Income Rental Housing Pilot Program (MIRHPP).,24,,,Residential,Primarily residential - Single use,Residential,2. Mainland/Southwest,Vancouver,Anthem Properties,,Proposed,Consultation/Approvals,Residential/Commercial,TRUE,FALSE,FALSE,TRUE,FALSE,FALSE,,FALSE,FALSE,,,,,,,49.255689,-123.090376,49° 15' 20.4804'' N,123° 5' 25.3536'' W,,,2023-12-01,2025-03-01
4649,Carson Elementary School Replacement,Elementary school replacement will accommodate 390 students and a Neighbourhood Learning Centre.,61,,,Institutional,Education,Educational Services,5. Cariboo,Quesnel,School District 28,,Construction started,,Public Services,TRUE,TRUE,FALSE,FALSE,FALSE,TRUE,LEED gold,FALSE,FALSE,,,,,2024-Q3,2026-Q3,,,,,(250) 992-8802,,2023-09-01,2025-03-01
4662,Kidd No. 1 - Substation Upgrade Project,"This project is required to replace the control building, 60kV circuit breakers and disconnect switches at the Kidd No.1 Substation that have reached their end of life.",42,,,Infrastructure,Utilities,Utilities,2. Mainland/Southwest,Vancouver,BC Hydro,,Construction started,,Utilities (incl sewage treatment),TRUE,FALSE,FALSE,FALSE,TRUE,FALSE,,FALSE,FALSE,,,,,2023-Q3,2027-Q2,,,,,(604) 623-4472   Toll Free: 1-866-647-3334,,2023-09-01,2025-03-01
4661,Burrard Switchyard - Control Building Upgrade Project,"This project will address the need of constructing a new control building, establish the communication system, and install the new protection and control equipment for the Burrard switchyard.",57,,,Infrastructure,Utilities,Utilities,2. Mainland/Southwest,Port Moody,BC Hydro,,Construction started,,Utilities (incl sewage treatment),TRUE,FALSE,FALSE,FALSE,TRUE,FALSE,,FALSE,FALSE,,,,,2023-Q3,2029-Q3,,,,,(604) 623-4472   Toll Free: 1-866-647-3334,,2023-09-01,2025-03-01
4660,Woodland Park Elementary,Modular addition to increase school capacity to 40K/850E students. Development variance permit approved by council in Feb 2024.,24,,,Institutional,Education,Educational Services,2. Mainland/Southwest,Surrey,School District 36,,Construction started,,Public Services,TRUE,TRUE,FALSE,FALSE,FALSE,FALSE,,FALSE,FALSE,,,,,2024-Q2,2025-Q3,,,,,(604) 596-7733,,2023-09-01,2025-03-01
4659,Wonowon Elementary,Proposed 95-student capacity elementary school.,17,,,Institutional,Education,Educational Services,8. Northeast,Peace River North,School District 60,,Construction started,,Public Services,TRUE,TRUE,FALSE,FALSE,FALSE,FALSE,,FALSE,FALSE,,,,,2024-Q4,2025-Q4,,,,,(250) 262-6000,,2023-09-01,2025-03-01
4658,New East Side Elementary,Proposed new 500 student K-5 capacity school. Project will include a Neighbourhood Learning Centre.,59,Project started construction,,Institutional,Education,Educational Services,2. Mainland/Southwest,Chilliwack,School District 33,,Construction started,,Public Services,TRUE,TRUE,FALSE,FALSE,FALSE,FALSE,,FALSE,FALSE,,,,,2025-Q1,2027-Q2,,,,,(604) 792-1321,,2023-09-01,2025-03-01
4657,Kitchener Elementary Addition,Proposed addition of 20 prefabricated classrooms will add 375 student seats.,30,,,Institutional,Education,Educational Services,2. Mainland/Southwest,Burnaby,School District 41,,Proposed,Tender/Preconstruction,Public Services,TRUE,FALSE,FALSE,FALSE,TRUE,FALSE,,FALSE,FALSE,,,,,2025-Q2,2026-Q3,,,,,(604) 296-6900,,2023-09-01,2025-03-01
4656,Burnaby (former Duthie-Union) Elementary,"New 60K, 300E elementary school with Neighbourhood Learning Centre.",50,,,Institutional,Education,Educational Services,2. Mainland/Southwest,Burnaby,School District 93 (Conseil Scolaire Francophone),,Proposed,Tender/Preconstruction,Public Services,TRUE,FALSE,FALSE,FALSE,TRUE,FALSE,,FALSE,FALSE,,,,,2025-Q2,2027-Q3,,,,,(604) 214-2600,,2023-09-01,2025-03-01
4655,Highway 3 Bridge Replacements,"Replacement of two bridges on Highway 3 east of Jaffray, including Jaffray Overhead and the Big Sand Creek Bridge. The contract has been awarded to Emil Anderson Construction.",25,,,Infrastructure,Roads & Highways,Transportation,4. Kootenay,Jaffray,BC Ministry of Transportation and Transit,,Construction started,,Transportation & Warehousing,TRUE,TRUE,FALSE,FALSE,FALSE,FALSE,,FALSE,FALSE,,,,,2023-Q3,2025-Q4,,,,,(250) 356-1861,,2023-09-01,2025-03-01
4665,MTN Village Townhomes,Development of 107 townhome units in a 6-storey complex located at 1940 Centennial Way.,22,,,Residential,Primarily residential - Single use,Residential,2. Mainland/Southwest,Squamish,Anthem Properties,,Construction started,,Residential/Commercial,FALSE,FALSE,FALSE,FALSE,FALSE,FALSE,,FALSE,FALSE,,,,,2024-Q3,2026-Q4,49.727609,-123.136999,49° 43' 39.3924'' N,123° 8' 13.1964'' W,(604) 689-3040,,2023-09-01,2025-03-01
4654,Blackwater Rd at Knickerbocker Rd Realignment,Project to reinforce and realign a damaged segment of Blackwater Rd at Knickerbocker Road due to landslide.,203,,,Infrastructure,Roads & Highways,Transportation,5. Cariboo,Quesnel,BC Ministry of Transportation and Transit,,Construction started,,Transportation & Warehousing,TRUE,TRUE,TRUE,FALSE,FALSE,FALSE,,FALSE,FALSE,,,,,2024-Q2,2026-Q4,,,,,(250) 356-1861,,2023-09-01,2025-03-01
4653,Highway 97 - Cottonwood Hill,"Stabilization of a damaged segment of Highway 97 at Cottonwood Hill due to slow moving landslide. Phase 1 includes groyne installation along river, phase 2 will see Highway 97 realignment and crest unloading, and phase 3 will be downslope stabilization of the area.",335,,,Infrastructure,Roads & Highways,Transportation,5. Cariboo,Quesnel,BC Ministry of Transportation and Transit,,Construction started,,Transportation & Warehousing,TRUE,TRUE,TRUE,FALSE,FALSE,FALSE,,FALSE,FALSE,,,,,2024-Q1,2026-Q3,,,,,(250) 356-1861,,2023-09-01,2025-03-01
4651,Long-term Care Facility,Proposed development of a 148-bed long-term care facility located at 1700 4th St South.,156,,,Institutional,Health,Health Care and Social Assistance,4. Kootenay,Cranbrook,Interior Health Authority/ Kootenay East Regional Hospital District,,Proposed,Consultation/Approvals,Public Services,TRUE,TRUE,FALSE,FALSE,TRUE,FALSE,,FALSE,FALSE,,,,,2025-Q3,2029-Q4,49.505271,-115.757366,49° 30' 18.9756'' N,115° 45' 26.5176'' W,,,2023-09-01,2025-03-01
4646,Alfred B. Dixon Elementary Seismic Upgrades,Project to include improvements and seismic upgrade to elementary school.,31,,,Institutional,Education,Educational Services,2. Mainland/Southwest,Richmond,School District 38,,Construction started,,Public Services,TRUE,TRUE,FALSE,FALSE,FALSE,FALSE,,FALSE,FALSE,,,,,2024-Q3,2026-Q2,,,,,(604) 668-6000,,2023-09-01,2025-03-01
4645,BC Children's Hospital Complex Care Building,"Proposed 114,000 sq ft complex care building for children and youth will be located on a 6.7 acre site at Slocan St and 21st Ave. A 74-space childcare facility and underground parkade will be included in the project.",310,,,Institutional,Health,Health Care and Social Assistance,2. Mainland/Southwest,Vancouver,Fraser Health Authority,Dialog Architecture,Proposed,Consultation/Approvals,Public Services,TRUE,TRUE,FALSE,TRUE,FALSE,FALSE,,FALSE,FALSE,,,,,2025-Q2,2028-Q4,49.251904,-123.048165,49° 15' 6.8544'' N,123° 2' 53.394'' W,(604) 587-4600,,2023-09-01,2025-03-01
4664,Oldfield - Substation Feeder Section Upgrade Project,"This project is required to upgrade the 25kV feeder section, replace end of life equipment, and remove polychlorinated biphenyl (PCB) containing equipment at the Oldfield substation.",17,Project completed-removing next issue,,Infrastructure,Utilities,Utilities,6. North Coast,Prince Rupert,BC Hydro,,Completed,,Utilities (incl sewage treatment),TRUE,FALSE,FALSE,FALSE,TRUE,FALSE,,FALSE,FALSE,,,,,2023-Q3,2025-Q1,,,,,(604) 623-4472   Toll Free: 1-866-647-3334,,2023-09-01,2025-03-01
4644,Lorne Davies Complex (LDC) Renewal Project,"Renovations to the east building will include seismic, plumbing and mechanical upgrades. The project will improve the athletic facilities change rooms, pool deck and public access.",39,,,Institutional,Education,Educational Services,2. Mainland/Southwest,Burnaby,Simon Fraser University,Perkins & Will Architects,Construction started,,Public Services,TRUE,FALSE,FALSE,FALSE,TRUE,FALSE,,FALSE,FALSE,,,,,2023-Q3,2025-Q2,,,,,(604) 291-4743,,2023-09-01,2025-03-01
4643,Applied Sciences Building (ASB) Renovation Project,Project to increase energy efficiency with building envelope enhancements.,25,,,Institutional,Education,Educational Services,2. Mainland/Southwest,Burnaby,Simon Fraser University,Grout McTavish Architects,Construction started,,Public Services,TRUE,FALSE,FALSE,FALSE,TRUE,FALSE,,FALSE,FALSE,,,,,2023-Q3,2025-Q2,,,,,(604) 291-4743,,2023-09-01,2025-03-01
4642,Confederation Park Community Centre,"New community centre  located at Willingdon Ave and Albert St. Project will include a running track, fitness centre and outdoor public plaza. It will be integrated with the adjacent McGill Library and Eileen Daily Leisure Pool.",117,,,Commercial,Recreation,"Arts, Entertainment & Recreation",2. Mainland/Southwest,Burnaby,City of Burnaby,Revery Architecture,Proposed,Consultation/Approvals,Other Services,TRUE,FALSE,FALSE,TRUE,FALSE,FALSE,,FALSE,FALSE,,,,,,,,,,,,,2023-09-01,2025-03-01
4641,Davie Village Social Housing,"Seventeen-storey development of 154-unit low income housing located at 981 Davie St. The provincial government is contributing $27.8 million through BC Housing, $17.33 million through the Building BC: Community Housing Fund and $10.47 million in Cost Pressure Grant funding. The City of Vancouver is contributing  $48.05 million in land value, and the federal government is contributing $15.4 million through the National Housing Co-Investment Fund.",91,,,Residential,Primarily residential - Single use,Social Housing,2. Mainland/Southwest,Vancouver,BC Housing,,Construction started,,Residential/Commercial,TRUE,TRUE,TRUE,TRUE,FALSE,TRUE,Passive House,FALSE,FALSE,,,,,2023-Q4,2026-Q4,49.279085,-123.129085,49° 16' 44.706'' N,123° 7' 44.706'' W,(604) 456-8895,,2023-09-01,2025-03-01
4666,Partington Creek Townhomes,Proposed 148-unit townhouse development located at 3680 Victoria Drive.,28,,,Residential,Primarily residential - Single use,Residential,2. Mainland/Southwest,Coquitlam,Polygon Homes,,Proposed,Consultation/Approvals,Residential/Commercial,FALSE,FALSE,FALSE,FALSE,FALSE,FALSE,,FALSE,FALSE,,,,,,,49.294159,-122.722683,49° 17' 38.9724'' N,122° 43' 21.6588'' W,(604) 877-1131,,2023-09-01,2025-03-01
4667,Elle Condominiums,Development of a 136-unit condominium in a 22-storey highrise located on 15th St West.,30,,,Residential,Primarily residential - Single use,Residential,2. Mainland/Southwest,North Vancouver,Polygon Homes,,Construction started,,Residential/Commercial,FALSE,FALSE,FALSE,FALSE,FALSE,FALSE,,FALSE,FALSE,,,,,2023-Q4,2026-Q2,49.322131,-123.073611,49° 19' 19.6716'' N,123° 4' 24.9996'' W,(604) 877-1131,,2023-09-01,2025-03-01
4668,Kadence Highrise Condominium,Proposed development of a 136-unit condominium in a 25-storey highrise located at 1175 Pipeline Rd.,35,,,Residential,Primarily residential - Single use,Residential,2. Mainland/Southwest,Coquitlam,Ledingham McAllister Ltd.,,Proposed,Consultation/Approvals,Residential/Commercial,FALSE,FALSE,FALSE,FALSE,FALSE,FALSE,,FALSE,FALSE,,,,,,,49.282664,-122.785928,49° 16' 57.5904'' N,122° 47' 9.3408'' W,(604) 662-3700,,2023-09-01,2025-03-01
4669,Three Summits Condominium,Development of 201-units in 7-storey condominiums located at 38201 3 Ave.,40,,,Residential,Primarily residential - Single use,Residential,2. Mainland/Southwest,Squamish,Polygon Homes,,Proposed,Tender/Preconstruction,Residential/Commercial,FALSE,FALSE,FALSE,FALSE,FALSE,FALSE,,FALSE,FALSE,,,,,,2026-Q4,49.701969,-123.154153,49° 42' 7.0884'' N,123° 9' 14.9508'' W,(604) 877-1131,,2023-09-01,2025-03-01
4670,Skylark Condominiums,Development of 150-units in a 6-storey condominium located at 625 Cottonwood Ave.,35,,,Residential,Primarily residential - Single use,Residential,2. Mainland/Southwest,Coquitlam,Polygon Homes,,Construction started,,Residential/Commercial,FALSE,FALSE,FALSE,FALSE,FALSE,FALSE,,FALSE,FALSE,,,,,2023-Q4,2025-Q2,49.264420,-122.884387,49° 15' 32.0508'' N,122° 53' 3.7932'' W,(604) 877-1131,,2023-09-01,2025-03-01
4652,Campbell River Long-term Care Facility,Proposed development of a 153 bed long-term care facility that will provide levels of care to seniors and includes specialized care beds.,134,,,Institutional,Health,Health Care and Social Assistance,1. Vancouver Island/Coast,Campbell River,Island Health Authority,,Proposed,Consultation/Approvals,Public Services,TRUE,TRUE,FALSE,FALSE,FALSE,FALSE,,FALSE,FALSE,,,,,2025-Q4,2027-Q4,50.009834,-125.242771,50° 0' 35.4024'' N,125° 14' 33.9756'' W,(250) 592-2231,,2023-09-01,2025-03-01
4617,Bridge River 1 Replace Units 1-4 Generators / Governors Project,"This project is required to address the deteriorating condition of the aging generators, governors, excitors, and control systems at the Bridge River 1 generating station. The project will improve reliability, restore licensed flow and generation capacity, and increase operating flexibility of the generating station.",311,,,Infrastructure,Utilities,Utilities,2. Mainland/Southwest,Lillooet,BC Hydro,,Proposed,Tender/Preconstruction,Utilities (incl sewage treatment),TRUE,FALSE,FALSE,FALSE,TRUE,FALSE,,FALSE,FALSE,,,,,,2032-Q2,,,,,(604) 623-4472   Toll Free: 1-866-647-3334,,2023-06-01,2025-03-01
4634,Solhouse 6035 by Bosa,Proposed 411-unit development in a 50-storey highrise condominium,40,,,Residential,Primarily residential - Single use,Residential,2. Mainland/Southwest,Burnaby,Bosa Properties,,Proposed,Consultation/Approvals,Residential/Commercial,FALSE,FALSE,FALSE,FALSE,FALSE,FALSE,,FALSE,FALSE,,,,,2025-Q2,2028-Q4,,,,,,,2023-06-01,2025-03-01
4611,Howard De Beck Elementary School Seismic Upgrades,"Project to provide seismic upgrades to classrooms, gymnasium and offices in the elementary school.",21,,,Institutional,Education,Educational Services,2. Mainland/Southwest,Richmond,School District 38,,Construction started,,Public Services,TRUE,TRUE,FALSE,FALSE,FALSE,FALSE,,FALSE,FALSE,,,,,2024-Q1,2025-Q4,,,,,(604) 668-6000,,2023-06-01,2025-03-01
4628,Forest Edge Condominium,Proposed 87-unit condominium in a 6-storey development.,20,,,Residential,Primarily residential - Single use,Residential,2. Mainland/Southwest,Vancouver,Holborn Group,Arno Matis Architecture,Proposed,Tender/Preconstruction,Residential/Commercial,FALSE,FALSE,FALSE,FALSE,FALSE,FALSE,,FALSE,FALSE,,,,,,,49.243340,-123.103975,49° 14' 36.024'' N,123° 6' 14.31'' W,(604) 688-8387,,2023-06-01,2025-03-01
4629,Gilley Road Condominiums,Proposed 197-unit development in 4-storey lowrise condominiums.,22,,,Residential,Primarily residential - Single use,Residential,2. Mainland/Southwest,Richmond,Maskeen Development,,Proposed,Consultation/Approvals,Residential/Commercial,FALSE,FALSE,FALSE,FALSE,FALSE,FALSE,,FALSE,FALSE,,,,,,,49.177344,-122.965922,49° 10' 38.4384'' N,122° 57' 57.3192'' W,(604) 502-9096,,2023-06-01,2025-03-01
4630,Columbia Square Development,"Proposed 2,400-unit development will include office and retail space. Located on a 7.1 acre site near the New West skytrain station, the project will include green space, 300 rental units and 300 affordable housing units. In early stages.",,,,Residential,Primarily residential - Single use,Residential/Commercial/Retail,2. Mainland/Southwest,New Westminster,EDGAR Development,MCMP Architects,Proposed,Preliminary/Feasibility,Residential/Commercial,FALSE,FALSE,FALSE,FALSE,FALSE,FALSE,,FALSE,FALSE,,,,,,,49.201090,-122.917711,49° 12' 3.924'' N,122° 55' 3.7596'' W,(604) 558-3380,,2023-06-01,2025-03-01
4631,825 McBride Boulevard Condos,Proposed 252-unit development in a 28-storey condominium.,42,,,Residential,Primarily residential - Single use,Residential,2. Mainland/Southwest,New Westminster,Symphony Homes Ltd,,Proposed,Consultation/Approvals,Residential/Commercial,FALSE,FALSE,FALSE,FALSE,FALSE,FALSE,,FALSE,FALSE,,,,,,,49.223639,-122.912218,49° 13' 25.1004'' N,122° 54' 43.9848'' W,,,2023-06-01,2025-03-01
4625,Prince Rupert Middle School,Replacement of the middle school to meet current seismic and energy efficiency standards for 600 students. Project includes a Neighbourhood Learning Centre.,127,,,Institutional,Education,Educational Services,6. North Coast,Prince Rupert,School District 52,,Proposed,Tender/Preconstruction,Public Services,TRUE,TRUE,FALSE,FALSE,FALSE,TRUE,LEED gold,FALSE,FALSE,,,,,2025-Q2,2027-Q3,,,,,(250) 624-6717,,2023-06-01,2025-03-01
4633,Aurora at Talistar Condominium,Development of a 161-units in a 13-storey condominium.,25,,,Residential,Primarily residential - Single use,Residential,2. Mainland/Southwest,Richmond,Polygon Homes,,Construction started,,Residential/Commercial,FALSE,FALSE,FALSE,FALSE,FALSE,FALSE,,FALSE,FALSE,,,,,2024-Q1,2026-Q3,49.185435,-123.124988,49° 11' 7.566'' N,123° 7' 29.9568'' W,(604) 877-1131,,2023-06-01,2025-03-01
4624,Sir Wilfred Grenfell Community Elementary School,Seismic upgrade of the Elementary school to include capacity reduction from 565 to 490 students.,29,,,Institutional,Education,Educational Services,2. Mainland/Southwest,Vancouver,School District 39,,Construction started,,Public Services,TRUE,FALSE,FALSE,TRUE,FALSE,FALSE,,FALSE,FALSE,,,,,2024-Q4,2026-Q3,,,,,(604) 713-5255,,2023-06-01,2025-03-01
4635,Earl Condominium,Development of a 131-unit condominium located at 5076 Earles Street.,22,,,Residential,Primarily residential - Single use,Residential,2. Mainland/Southwest,Vancouver,Chard Development,,Construction started,,Residential/Commercial,FALSE,FALSE,FALSE,FALSE,FALSE,FALSE,,FALSE,FALSE,,,,,2024-Q3,2026-Q1,49.238479,-123.047473,49° 14' 18.5244'' N,123° 2' 50.9028'' W,(604) 682-6046,,2023-06-01,2025-03-01
4636,Kestrel Townhomes,Proposed 119-unit townhouse development located at 624 Thompson Ave.,21,,,Residential,Primarily residential - Single use,Residential,2. Mainland/Southwest,Coquitlam,Adera Development Corp,,Proposed,Tender/Preconstruction,Residential/Commercial,FALSE,FALSE,FALSE,FALSE,FALSE,FALSE,,FALSE,FALSE,,,,,,,49.268275,-122.885052,49° 16' 5.79'' N,122° 53' 6.1872'' W,(604) 684-8277,,2023-06-01,2025-03-01
4637,Komo Condominiums,Proposed 250-unit development in a 29-storey condominium.,44,,,Residential,Primarily residential - Single use,Residential,2. Mainland/Southwest,Coquitlam,Strand Developments,,Proposed,Preliminary/Feasibility,Residential/Commercial,FALSE,FALSE,FALSE,FALSE,FALSE,FALSE,,FALSE,FALSE,,,,,,,49.264235,-122.890718,49° 15' 51.246'' N,122° 53' 26.5848'' W,(604) 262-9800,,2023-06-01,2025-03-01
4638,Kemsley at Gardena,Proposed 320-unit development in a 32-storey condominium located at 593 Westley Ave.,62,,,Residential,Primarily residential - Single use,Residential,2. Mainland/Southwest,Coquitlam,Strand Developments,,Proposed,Preliminary/Feasibility,Residential/Commercial,FALSE,FALSE,FALSE,FALSE,FALSE,FALSE,,FALSE,FALSE,,,,,,,49.265823,-122.888295,49° 15' 56.9628'' N,122° 53' 17.862'' W,(604) 262-9800,,2023-06-01,2025-03-01
4639,Greenhouse Condominium,A 297-unit development in a 43-storey condominium located at 5895 Barker Ave.,58,,,Residential,Primarily residential - Single use,Residential,2. Mainland/Southwest,Burnaby,Concord Pacific,IBI Group,Construction started,,Residential/Commercial,FALSE,FALSE,FALSE,FALSE,FALSE,FALSE,,FALSE,FALSE,,,,,2024-Q1,2028-Q4,49.230653,-123.011809,49° 13' 50.3508'' N,123° 0' 42.5124'' W,(604) 681-8882,,2023-06-01,2025-03-01
4640,Concord Metrotown Grand Tower,Condominium development with 662-units in a 65-storey highrise located at 4750 Kingsway.,100,,,Residential,Primarily residential - Single use,Residential,2. Mainland/Southwest,Burnaby,Concord Pacific,,Proposed,,Residential/Commercial,FALSE,FALSE,FALSE,FALSE,FALSE,FALSE,,FALSE,FALSE,,,,,,2026-Q1,49.226806,-122.997847,49° 13' 36.516'' N,122° 59' 52.2564'' W,(604) 681-8882,,2023-06-01,2025-03-01
4632,Moonlight Sonata Lowrise Condos,Proposed 84-unit lowrise condominium development located at 5648 Imperial St.,20,,,Residential,Primarily residential - Single use,Residential,2. Mainland/Southwest,Burnaby,Symphony Homes Ltd.,Integra Architecture,Construction started,,Residential/Commercial,FALSE,FALSE,FALSE,FALSE,FALSE,FALSE,,FALSE,FALSE,,,,,2023-Q3,2025-Q2,49.221716,-122.981999,49° 13' 18.1776'' N,122° 58' 55.1964'' W,,,2023-06-01,2025-03-01
4616,John Hart Dam Seismic Upgrade Project,"This project will address dam safety risks at the John Hart dam and will significantly improve the overall seismic withstand of the dam structure, the reliability of the spillway gates system, and address inflow imbalance issues between the Ladore dam and John Hart dam.",912,,,Infrastructure,Utilities,Utilities,1. Vancouver Island/Coast,Campbell River,BC Hydro,,Construction started,,Utilities (incl sewage treatment),TRUE,FALSE,FALSE,FALSE,TRUE,FALSE,,FALSE,FALSE,,,,,2023-Q2,2029-Q3,,,,,(604) 623-4472   Toll Free: 1-866-647-3334,,2023-06-01,2025-03-01
4604,UBC Power House Sauder School of Business Expansion,"11-storey expansion to the Sauder School of Business  will add 141,420 sq ft of space. The new building will include offices, classrooms, a 150-seat auditorium and an event space. The project will be funded by the UBC Academic Capital Fund ($35 million), faculty reserves ($50 million), and private donations ($35 million).",150,,,Institutional,Education,Educational Services,2. Mainland/Southwest,Vancouver,University of British Columbia,Patkau Architects/ Acton Ostry Architects,Construction started,,Public Services,TRUE,FALSE,FALSE,FALSE,TRUE,FALSE,,FALSE,FALSE,,,,,2024-Q3,2028-Q1,,,,,(604) 731-3103,,2023-06-01,2025-03-01
4605,UBC Beaty Biodiversity Centre Expansion,"Project to expand research centre and museum with a 47,980 sq ft addition to the existing facility.",45,,,Institutional,Education,Educational Services,2. Mainland/Southwest,Vancouver,University of British Columbia,,Construction started,,Public Services,TRUE,FALSE,FALSE,FALSE,TRUE,FALSE,,FALSE,FALSE,,,,,2023-Q3,2025-Q2,,,,,(604) 731-3103,,2023-06-01,2025-03-01
4606,UBC Jack Bell Building Renewal,Building renewal will include a seismic upgrade and replacement of mechanical systems. Upgrades to the building envelope and interior layout will meet modern standards for function and efficiency.,27,,,Institutional,Education,Educational Services,2. Mainland/Southwest,Vancouver,University of British Columbia,,Construction started,,Public Services,TRUE,FALSE,FALSE,FALSE,TRUE,FALSE,,FALSE,FALSE,,,,,2024-Q2,2026-Q4,,,,,(604) 731-3103,,2023-06-01,2025-03-01
4607,UBC Okanagan Downtown Campus,Development of a downtown campus will include two residential towers and an office tower along with institutional space for the campus.,59,,,Institutional,Education,Educational Services,3. Thompson-Okanagan,Kelowna,University of British Columbia,,Construction started,,Public Services,TRUE,FALSE,FALSE,FALSE,TRUE,FALSE,,FALSE,FALSE,,,,,2023-Q1,2028-Q2,,,,,(604) 731-3103,,2023-06-01,2025-03-01
4608,UBC Okanagan's x??l sic snpax?nwix?tn Collaborative Teaching and Research Centre,"A 4-storey development of a 141,925 sq ft interdisciplinary collaborative centre. The project will include a 200-seat lecture hall, classrooms and labs, offices and a gathering space.",119,,,Institutional,Education,Educational Services,3. Thompson-Okanagan,Kelowna,University of British Columbia,,Construction started,,Public Services,TRUE,FALSE,FALSE,FALSE,TRUE,TRUE,LEED gold,FALSE,FALSE,,,,,2023-Q3,2026-Q4,,,,,(604) 731-3103,,2023-06-01,2025-03-01
4627,École La Vallée,"New K to grade 12 school will serve 20 K, 125 elementary and 75 secondary students.",66,,,Institutional,Education,Educational Services,2. Mainland/Southwest,Burnaby,School District 93 (Conseil Scolaire Francophone),,Proposed,Preliminary/Feasibility,Public Services,TRUE,TRUE,FALSE,FALSE,FALSE,FALSE,,FALSE,FALSE,,,,,2025-Q2,2027-Q3,,,,,(604) 214-2600,,2023-06-01,2025-03-01
4610,Guildford Park Secondary School Expansion,Expansion to the Guildford Park Secondary school will ad space for 450 students in 18 new classrooms. The project will receive 459.5 million from the Province and $5.36 million from the School District.,65,,,Institutional,Education,Educational Services,2. Mainland/Southwest,Surrey,School District 36,,Proposed,Preliminary/Feasibility,Public Services,TRUE,TRUE,FALSE,FALSE,TRUE,FALSE,,FALSE,FALSE,,,,,2025-Q4,2028-Q2,,,,,(604) 596-7733,,2023-06-01,2025-03-01
4603,Baldy Ridge Utilities Corridor,Project to construct a corridor to supply gas and water to the Elkview Administration and Maintenance Complex. An application has been submitted to amend the Baldy Ridge project to add over 32 hectares for the corridor.,,,,Industrial,Mining,Mining,4. Kootenay,Sparwood,Teck Coal Ltd.,,Proposed,Consultation/Approvals,Mining & Oil & Gas Extraction,FALSE,FALSE,FALSE,FALSE,FALSE,FALSE,,FALSE,FALSE,,,,,2025-Q2,2026-Q4,,,,,,,2023-06-01,2025-03-01
4618,Norgate - Offload NOR loads to NVR feeders (LM-NSH-074),This project is required to construct a ductbank corridor to route North Vancouver substation feeders to supply new customer loads and offload the Norgate substation.,48,,,Infrastructure,Utilities,Utilities,2. Mainland/Southwest,North Vancouver,BC Hydro,,Construction started,,Utilities (incl sewage treatment),TRUE,FALSE,FALSE,FALSE,TRUE,FALSE,,FALSE,FALSE,,,,,2023-Q2,2028-Q3,,,,,(604) 623-4472   Toll Free: 1-866-647-3334,,2023-06-01,2025-03-01
4620,Mica Townsite Studio Dorms Project,This project is required to provide accommodation for the workforce at the Mica generating station which is in a remote location.,34,Project completed-removing next issue,,Infrastructure,Utilities,Utilities,3. Thompson-Okanagan,Revelstoke,BC Hydro,,Completed,,Utilities (incl sewage treatment),TRUE,FALSE,FALSE,FALSE,TRUE,FALSE,,FALSE,FALSE,,,,,2023-Q2,2025-Q1,,,,,(604) 623-4472   Toll Free: 1-866-647-3334,,2023-06-01,2025-03-01
4621,Williams Lake Interiors Project,"This project is required to upgrade the interiors of the Williams Lake District office as the interior assets show signs of deterioration due to age and to address safety, ergonomic and maintenance issues.",19,Project completed-removing next issue,,Infrastructure,Utilities,Utilities,5. Cariboo,Williams Lake,BC Hydro,,Completed,,Utilities (incl sewage treatment),TRUE,FALSE,FALSE,FALSE,TRUE,FALSE,,FALSE,FALSE,,,,,2023-Q2,2025-Q1,,,,,(604) 623-4472   Toll Free: 1-866-647-3334,,2023-06-01,2025-03-01
4622,Various Sites - Mobile Diesel Generator Supply and Install (M193-M196) Project,"This project is required to install mobile diesel generators at Sandspit, Ah Sin Heek and Bella Bella substations as they are at end of life and cannot be overhauled.",17,,,Infrastructure,Utilities,Utilities,6. North Coast,Various Locations,BC Hydro,,Construction started,,Utilities (incl sewage treatment),TRUE,FALSE,FALSE,FALSE,TRUE,FALSE,,FALSE,FALSE,,,,,2022-Q4,2026-Q2,,,,,(604) 623-4472   Toll Free: 1-866-647-3334,,2023-06-01,2025-03-01
4623,Control PLC984 and RTU Replacement at Williston Substation (WSN) Project,This project is required to replace end-of-life control systems and remote terminal units at the Williston substation.,17,,,Infrastructure,Utilities,Utilities,5. Cariboo,Prince George,BC Hydro,,Construction started,,Utilities (incl sewage treatment),TRUE,FALSE,FALSE,FALSE,TRUE,FALSE,,FALSE,FALSE,,,,,2023-Q2,2025-Q4,,,,,(604) 623-4472   Toll Free: 1-866-647-3334,,2023-06-01,2025-03-01
4609,Simon Fraser University - Medical School,Proposed medical school located at the Surrey Campus.,521,,,Institutional,Education,Educational Services,2. Mainland/Southwest,Surrey,Simon Fraser University,,Proposed,Preliminary/Feasibility,Public Services,TRUE,TRUE,FALSE,FALSE,TRUE,FALSE,,FALSE,FALSE,,,,,,,,,,,(604) 291-3394,,2023-06-01,2025-03-01
4584,North East Latimer Elementary,New school that will accommodate 80K and 475 elementary students. Project will include a Neighbourhood Learning Centre.,52,,,Institutional,Education,Educational Services,2. Mainland/Southwest,Langley,School District 35,,Construction started,,Public Services,TRUE,TRUE,FALSE,FALSE,FALSE,TRUE,LEED gold,FALSE,FALSE,,,,,2024-Q2,2025-Q3,,,,,(604) 534-7891,,2023-03-01,2025-03-01
4591,Aavand Midrise Condominium,Development of 79 midrise condominium units in a 6-storey building located at 623 Kemsley Ave.,20,,,Residential,Primarily residential - Single use,Residential,2. Mainland/Southwest,Coquitlam,Canada West Group,,Construction started,,Residential/Commercial,FALSE,FALSE,FALSE,FALSE,FALSE,FALSE,,FALSE,FALSE,,,,,2023-Q3,2025-Q3,49.266581,-122.886100,49° 15' 59.6916'' N,122° 53' 9.96'' W,(778) 558-5928,,2023-03-01,2025-03-01
4575,Peace to Kelly Lake Stations Sustainment Project,This project is required to maintain the reliability of BC Hydro’s bulk transmission system by replacing station assets within the Peace to Kelly Lake transmission system that are at end of life.,344,,,Infrastructure,Utilities,Utilities,3. Thompson-Okanagan,Clinton,BC Hydro,,Construction started,,Utilities (incl sewage treatment),TRUE,FALSE,FALSE,FALSE,TRUE,FALSE,,FALSE,FALSE,,,,,2023-Q1,2028-Q4,,,,,(604) 623-4472   Toll Free: 1-866-647-3334,,2023-03-01,2025-03-01
4569,Royal BC Museum Collections and Research Facility,"A 163,611 sq ft collections and research building will house the Royal BC Museums archives and will be located on an 8 acre site at the Royal Bay development. The design-build contract has been awarded to Maple Reinders Construction Ltd.",270,,,Commercial,Recreation,"Arts, Entertainment & Recreation",1. Vancouver Island/Coast,Colwood,Royal British Columbia Museum,,Construction started,,Other Services,TRUE,TRUE,FALSE,FALSE,FALSE,TRUE,"CleanBC, LEED gold",FALSE,FALSE,,,,,2023-Q3,2025-Q4,,,,,,www.collectionsandresearchbuilding.ca,2023-03-01,2025-03-01
4576,Ecole Kwantlen Park Secondary Expansion,"Proposed 20 classroom expansion to increase the capacity of Kwantlen Park Secondary to accommodate 1,700 students, and include a Neighbourhood Learning Centre. Funding for the project will be provided by the provincial government ($40.9 million) and the school district ($4 million).",45,,,Institutional,Education,Educational Services,2. Mainland/Southwest,Surrey,School District 36,,Proposed,Tender/Preconstruction,Public Services,TRUE,TRUE,FALSE,FALSE,TRUE,FALSE,,FALSE,FALSE,,,,,2025-Q2,2027-Q2,,,,,(604) 596-7733,,2023-03-01,2025-03-01
4577,Snine (Pineview Valley) Elementary School,New 485-seat kindergarten to grade 7 elementary will include a Neighbourhood Learning Centre.,65,,,Institutional,Education,Educational Services,3. Thompson-Okanagan,Kamloops,School District 73,,Construction started,,Public Services,TRUE,TRUE,FALSE,FALSE,FALSE,TRUE,LEED gold,FALSE,FALSE,,,,,2024-Q2,2026-Q2,,,,,(250) 851-4420,,2023-03-01,2025-03-01
4578,St. Vincent's Heather Long-Term Care Home,Proposed project to develop a 240-bed long-term care home in a 13-storey facility on the site of the former St. Vincent’s Hospital.,207,,,Institutional,Health,Health Care and Social Assistance,2. Mainland/Southwest,Vancouver,Providence Health Care,,Proposed,Preliminary/Feasibility,Public Services,TRUE,TRUE,FALSE,FALSE,FALSE,FALSE,,FALSE,FALSE,,,,,2025-Q4,2028-Q4,,,,,(604) 682-2344,,2023-03-01,2025-03-01
4579,Seniors Housing,Development of 155-units of seniors housing in a 6-storey building located at 4277 Norland Ave. The provincial government is providing $17 million for the project.,20,Project completed-removing next issue,,Residential,Primarily residential - Single use,Seniors Housing,2. Mainland/Southwest,Burnaby,Dania Society,,Completed,,Residential/Commercial,TRUE,TRUE,FALSE,FALSE,FALSE,FALSE,,FALSE,FALSE,,,,,2023-Q2,2025-Q1,,,,,,,2023-03-01,2025-03-01
4581,Westshore Long-Term Care Facility,Proposed development of a 306-bed long term care home that will include a hospice and child care facility and be located on 5 acres near Metchosin Rd and Latoria Blvd. Funding for the project will be provided by the Province ($157 million) and the Capital Regional Hospital District ($67 million).,224,,,Institutional,Health,Health Care and Social Assistance,1. Vancouver Island/Coast,Colwood,Island Health Authority/ Capital Regional Hospital District,,Proposed,Tender/Preconstruction,Public Services,TRUE,TRUE,FALSE,FALSE,TRUE,FALSE,,FALSE,FALSE,,,,,2025-Q2,2027-Q4,,,,,,,2023-03-01,2025-03-01
4583,Langley Secondary School Expansion,Proposed school expansion to add 300 seats for secondary students.,29,Project started construction,,Institutional,Education,Educational Services,2. Mainland/Southwest,Langley,School District 35,,Construction started,,Public Services,TRUE,TRUE,FALSE,FALSE,FALSE,FALSE,,FALSE,FALSE,,,,,2025-Q1,2026-Q3,,,,,(604) 534-7891,,2023-03-01,2025-03-01
4585,Tamanawis Secondary School Expansion,"Proposed 23-classroom addition to increase school capacity from 1.125 to 1,700 students.",57,,,Institutional,Education,Educational Services,2. Mainland/Southwest,Surrey,School District 36,,Proposed,Preliminary/Feasibility,Public Services,TRUE,TRUE,FALSE,FALSE,FALSE,FALSE,,FALSE,FALSE,,,,,2025-Q2,2028-Q1,49.122715,-122.872426,49° 7' 21.774'' N,122° 52' 20.7336'' W,(604) 596-7733,,2023-03-01,2025-03-01
4587,Cloverley Elementary School,New school to accommodate 585 students and include a Neighbourhood Learning Centre. Funding for the school will be provided by the provincial government ($61 million) and the School District ($3 million).,64,,,Institutional,Education,Educational Services,2. Mainland/Southwest,North Vancouver,School District 44,,Construction started,,Public Services,TRUE,TRUE,FALSE,FALSE,TRUE,FALSE,,FALSE,FALSE,,,,,2024-Q4,2026-Q2,,,,,(604) 903-3444,,2023-03-01,2025-03-01
4582,Sardis Secondary School Expansion,School addition to accommodate an additional 400 secondary students and a new gymnasium.,40,,,Institutional,Education,Educational Services,2. Mainland/Southwest,Chilliwack,School District 33,,Construction started,,Public Services,TRUE,TRUE,FALSE,FALSE,FALSE,FALSE,,FALSE,FALSE,,,,,2024-Q2,2026-Q3,,,,,(604) 792-1321,,2023-03-01,2025-03-01
4589,Parksville 96 Highrise Condominium,Proposed 377-unit development in a 34-storey Highrise located on 140 St.,42,,,Residential,Primarily residential - Single use,Residential,2. Mainland/Southwest,Surrey,Darshan Builders,DF Architecture Inc.,Proposed,Consultation/Approvals,Residential/Commercial,FALSE,FALSE,FALSE,FALSE,FALSE,FALSE,,FALSE,FALSE,,,,,,2028-Q4,49.177209,-122.834824,49° 10' 37.9524'' N,122° 50' 5.3664'' W,(604) 786-0006,,2023-03-01,2025-03-01
4573,Kootenay Canal Modernize Controls Project,"This project is to address reliability, maintainability, and safety of the Kootenay Canal facility by replacing the aged control equipment, exciters, and select governor mechanical components for the four Kootenay Canal generating units.",61,,,Infrastructure,Utilities,Utilities,4. Kootenay,Castlegar,BC Hydro,,Construction started,,Utilities (incl sewage treatment),TRUE,FALSE,FALSE,FALSE,TRUE,FALSE,,FALSE,FALSE,,,,,2023-Q1,2029-Q2,,,,,(604) 623-4472   Toll Free: 1-866-647-3334,,2023-03-01,2025-03-01
4592,Bourna on 15A Condominium,Proposed 115-unit condominium located at 14458 105A Ave.,22,,,Residential,Primarily residential - Single use,Residential,2. Mainland/Southwest,Surrey,Canada West Group,,Proposed,Consultation/Approvals,Residential/Commercial,FALSE,FALSE,FALSE,FALSE,FALSE,FALSE,,FALSE,FALSE,,,,,,2027-Q4,49.193798,-122.821532,49° 11' 37.6728'' N,122° 49' 17.5152'' W,(778) 558-5928,,2023-03-01,2025-03-01
4593,Munroe Condos,Proposed 115-unit development in a 6-storey condominium located at 2615 Sooke Rd.,20,,,Residential,Primarily residential - Single use,Residential,1. Vancouver Island/Coast,Sooke,Landvision Group,,Proposed,Tender/Preconstruction,Residential/Commercial,FALSE,FALSE,FALSE,FALSE,FALSE,FALSE,,FALSE,FALSE,,,,,,2026-Q1,48.433156,-123.517161,48° 25' 59.3616'' N,123° 31' 1.7796'' W,(604) 771-0299,,2023-03-01,2025-03-01
4594,Harlin Condominiums,Development of a 334-unit condominium in a 30-storey located at 8633 River District Crossing.,60,,,Residential,Primarily residential - Single use,Residential,2. Mainland/Southwest,Vancouver,Wesgroup Properties,Boniface Oleksiuk Politano Architects,Construction started,,Residential/Commercial,FALSE,FALSE,FALSE,FALSE,FALSE,FALSE,,FALSE,FALSE,,,,,2024-Q2,2028-Q2,49.204234,-123.031729,49° 12' 15.2424'' N,123° 1' 54.2244'' W,(604) 632-1727,,2023-03-01,2025-03-01
4595,Gardena Highrise Condominium,Development of a 526-unit condominium in a 42-storey highrise located at 635 Gardena Drive.,80,,,Residential,Primarily residential - Single use,Residential,2. Mainland/Southwest,Coquitlam,Intracorp Developments,IBI Group,Construction started,,Residential/Commercial,FALSE,FALSE,FALSE,FALSE,FALSE,FALSE,,FALSE,FALSE,,,,,2024-Q2,2027-Q2,49.264420,-122.889378,49° 15' 51.912'' N,122° 53' 21.7608'' W,(604) 801-7000,,2023-03-01,2025-03-01
4596,Port Coquitlam Transit Centre,Expansion and rehabilitation to bring the facility to a state of good repair and to increase capacity to operate and maintain a larger fleet of busses. The project receives funding from the federal government ($13 million) through the Public Transit Infrastructure Stream of the Investing in Canada Infrastructure Program. This program is a part of the government’s Investing in Canada Plan. TransLink is contributing $18 million to this project.,31,,,Infrastructure,Roads & Highways,Transportation,2. Mainland/Southwest,Port Coquitlam,BC Ministry of Transportation and Transit,,Proposed,,Transportation & Warehousing,TRUE,TRUE,TRUE,FALSE,FALSE,FALSE,,FALSE,FALSE,,,,,2025-Q2,2026-Q4,49.259573,-122.772599,49° 15' 34.4628'' N,122° 46' 21.3564'' W,,,2023-03-01,2025-03-01
4597,Battery Electric Bus Facility Upgrades,"Design, acquisition and installation of 82 Battery Electric Bus (BEB) in-depot charging points and related infrastructure. Project will span 3 regions included under ID #4597, 4598, and 4599.",60,,,Infrastructure,Roads & Highways,Transportation,1. Vancouver Island/Coast,Victoria,BC Ministry of Transportation and Transit,,Proposed,Tender/Preconstruction,Transportation & Warehousing,TRUE,TRUE,TRUE,TRUE,FALSE,FALSE,,FALSE,FALSE,,,,,2025-Q2,2026-Q4,,,,,,,2023-03-01,2025-03-01
4598,Battery Electric Bus Facility Upgrades,"Design, acquisition and installation of 82 Battery Electric Bus (BEB) in-depot charging points and related infrastructure. Project will span 3 regions included under ID #4597, 4598, and 4599 (see ID #4597 for project cost).",,,,Infrastructure,Roads & Highways,Transportation,2. Mainland/Southwest,"Whistler, Chilliwack",BC Ministry of Transportation and Transit,,Proposed,Tender/Preconstruction,Transportation & Warehousing,TRUE,TRUE,TRUE,TRUE,FALSE,FALSE,,FALSE,FALSE,,,,,2025-Q2,2026-Q4,,,,,,,2023-03-01,2025-03-01
4599,Battery Electric Bus Facility Upgrades,"Design, acquisition and installation of 82 Battery Electric Bus (BEB) in-depot charging points and related infrastructure. Project will span 3 regions included under ID #4597, 4598, and 4599 (see ID #4597 for project cost).",,,,Infrastructure,Roads & Highways,Transportation,4. Kootenay,Nelson,BC Ministry of Transportation and Transit,,Proposed,Tender/Preconstruction,Transportation & Warehousing,TRUE,TRUE,TRUE,TRUE,FALSE,FALSE,,FALSE,FALSE,,,,,,,,,,,,,2023-03-01,2025-03-01
4600,Battery Electric Bus Facility Upgrades,"Design, acquisition and installation of 52 Battery Electric Bus (BEB) in-depot charging points and related infrastructure. Project will span 3 regions included under ID #4600, 4601, and 4602.",54,,,Infrastructure,Roads & Highways,Transportation,1. Vancouver Island/Coast,"Nanaimo, Powell River",BC Ministry of Transportation and Transit,,Proposed,Tender/Preconstruction,Transportation & Warehousing,TRUE,FALSE,TRUE,TRUE,FALSE,FALSE,,FALSE,FALSE,,,,,,,,,,,,,2023-03-01,2025-03-01
4601,Battery Electric Bus Facility Upgrades,"Design, acquisition and installation of 52 Battery Electric Bus (BEB) in-depot charging points and related infrastructure. Project will span 3 regions included under ID #4600, 4601, and 4602 (see ID #4600 for project cost).",,,,Infrastructure,Roads & Highways,Transportation,2. Mainland/Southwest,Sechelt,BC Ministry of Transportation and Transit,,Proposed,Tender/Preconstruction,Transportation & Warehousing,TRUE,FALSE,TRUE,TRUE,FALSE,FALSE,,FALSE,FALSE,,,,,2025-Q2,2026-Q4,,,,,,,2023-03-01,2025-03-01
4602,Battery Electric Bus Facility Upgrades,"Design, acquisition and installation of 52 Battery Electric Bus (BEB) in-depot charging points and related infrastructure. Project will span 3 regions included under ID #4600, 4601, and 4602 (see ID #4600 for project cost).",,,,Infrastructure,Roads & Highways,Transportation,3. Thompson-Okanagan,"Kelowna, Kamloops",BC Ministry of Transportation and Transit,,Proposed,Tender/Preconstruction,Transportation & Warehousing,TRUE,FALSE,TRUE,TRUE,FALSE,FALSE,,FALSE,FALSE,,,,,2025-Q2,2026-Q4,,,,,,,2023-03-01,2025-03-01
4588,Olo Condominium,Proposed 404-unit development located at 616 Kemsley Ave.,45,,,Residential,Primarily residential - Single use,Residential,2. Mainland/Southwest,Coquitlam,Rize,,Proposed,Consultation/Approvals,Residential/Commercial,FALSE,FALSE,FALSE,FALSE,FALSE,FALSE,,FALSE,FALSE,,,,,,,49.266348,-122.886604,49° 15' 58.8528'' N,122° 53' 11.7744'' W,(604) 681-6723,,2023-03-01,2025-03-01
4546,Centre for Food Wine and Tourism,A 4-storey hybrid mass timber Centre for Food Wine and Tourism at Okanagan College located at the Kelowna campus.,61,,,Institutional,Education,Educational Services,3. Thompson-Okanagan,Kelowna,Okanagan College,,Construction started,,Public Services,TRUE,TRUE,FALSE,FALSE,TRUE,TRUE,LEED gold CleanBC,FALSE,FALSE,,,232,128,2024-Q3,2027-Q2,,,,,(250) 762-5445,,2022-12-01,2025-03-01
4564,Centre Block Commercial Development,"Redevelopment of a 3.4 acre site near the Surrey Central Station will include a 47-storey office building called East Tower and 19-storey West Tower with 153,000 sq ft institutional space. A 4-storey podium will contain 23,000 sq ft of retail space and a public plaza. Rezoning is required.",,,,Commercial,Office,Commercial,2. Mainland/Southwest,Surrey,,,Proposed,Preliminary/Feasibility,Residential/Commercial,FALSE,FALSE,FALSE,FALSE,FALSE,FALSE,,FALSE,FALSE,,,,,,,49.189377,-122.848713,49° 11' 21.7572'' N,122° 50' 55.3668'' W,,,2022-12-01,2025-03-01
4562,Perla Condominiums,Development of  a 335-unit condominium in a 38-storey tower located at 5900 Olive Ave.,62,,,Residential,Primarily residential - Single use,Residential,2. Mainland/Southwest,Burnaby,Polygon Homes,,Construction started,,Residential/Commercial,FALSE,FALSE,FALSE,FALSE,FALSE,FALSE,,FALSE,FALSE,,,,,2023-Q4,2026-Q4,49.230033,-123.010675,49° 13' 48.1188'' N,123° 0' 38.43'' W,(604) 877-1131,,2022-12-01,2025-03-01
4560,Office Tower,"Development of a 32-storey building with 344,000 sq ft of office space located at 1166 West Pender St.",80,,,Commercial,Office,Commercial,2. Mainland/Southwest,Vancouver,Reliance Properties,,Construction started,,Residential/Commercial,FALSE,FALSE,FALSE,FALSE,FALSE,TRUE,LEED gold,FALSE,FALSE,,,,,2022-Q4,2025-Q4,49.287780,-123.122417,49° 17' 16.008'' N,123° 7' 20.7012'' W,(604) 683-2404,,2022-12-01,2025-03-01
4559,Burrard Exchange Office Tower,"The 16-storey Burrard Exchange will include 462,000 sq ft of office space. The project will be located on the site of the Bentall Centre parkade and feature 40,000 sq ft of retail space, a pavilion and a public plaza.",100,,,Commercial,Office,Commercial,2. Mainland/Southwest,Vancouver,Hudson Pacific Properties,Kohn Pedersen Fox Associates/Adamson Associates Architect,Proposed,,Residential/Commercial,FALSE,FALSE,FALSE,FALSE,FALSE,FALSE,,FALSE,FALSE,,,,,,,49.286442,-123.120488,49° 17' 11.1912'' N,123° 7' 13.7568'' W,,,2022-12-01,2025-03-01
4558,Nautilus Condominium Tower,Proposed 121-unit condominium in a 24-storey tower. Project will be located at 1500 Oxford St.,24,,,Residential,Primarily residential - Single use,Residential,2. Mainland/Southwest,White Rock,Isle of Mann,Chris Dikeakos Architects Inc.,Proposed,Consultation/Approvals,Residential/Commercial,FALSE,FALSE,FALSE,FALSE,FALSE,FALSE,,FALSE,FALSE,,,,,,,49.029474,-122.812130,49° 1' 46.1064'' N,122° 48' 43.668'' W,(604) 535-1628,,2022-12-01,2025-03-01
4557,Northeast Gordon Townhomes,Proposed 177-unit townhouse development located at 21081 72 Ave.,36,,,Residential,Primarily residential - Single use,Residential,2. Mainland/Southwest,Langley,Isle of Mann,Ciccozzi Architecture,Proposed,Consultation/Approvals,Residential/Commercial,FALSE,FALSE,FALSE,FALSE,FALSE,FALSE,,FALSE,FALSE,,,,,,,49.134335,-122.637924,49° 8' 3.606'' N,122° 38' 16.5264'' W,(604) 535-1628,,2022-12-01,2025-03-01
4556,Central Gordon Townhomes,Proposed 201-unit townhouse development located at 6868 202B St.,40,,,Residential,Primarily residential - Single use,Residential,2. Mainland/Southwest,Langley,Isle of Mann,DF Architecture Inc.,Proposed,Tender/Preconstruction,Residential/Commercial,FALSE,FALSE,FALSE,FALSE,FALSE,FALSE,,FALSE,FALSE,,,,,,,49.127371,-122.660369,49° 7' 38.5356'' N,122° 39' 37.3284'' W,(604) 535-1628,,2022-12-01,2025-03-01
4555,5656 Balaclava Condominium,Proposed 79-unit development located at 5656 Balaclava St.,20,,,Residential,Primarily residential - Single use,Residential,2. Mainland/Southwest,Vancouver,Hon Developments,,Proposed,Tender/Preconstruction,Residential/Commercial,FALSE,FALSE,FALSE,FALSE,FALSE,FALSE,,FALSE,FALSE,,,,,2025-Q2,2025-Q4,49.235152,-123.176656,49° 14' 6.5472'' N,123° 10' 35.9616'' W,,,2022-12-01,2025-03-01
4554,Citizen Highrise Condominium,A 372-unit development in a 66-storey condominium tower located on Kingsway.,66,Project started construction,,Residential,Primarily residential - Single use,Residential,2. Mainland/Southwest,Burnaby,Anthem Properties,,Construction started,,Residential/Commercial,FALSE,FALSE,FALSE,FALSE,FALSE,FALSE,,FALSE,FALSE,,,,,2025-Q1,2029-Q1,49.228816,-123.000022,49° 13' 43.7376'' N,123° 0' 0.0792'' W,(604) 689-3040,,2022-12-01,2025-03-01
4553,South Yards Condominiums,"Development of 505 condominium units in a 43-storey tower. The phased project is located at 2410 Willingdon Ave, and will include a total of 2,500 new homes and 60,000 sq ft of commercial space.",95,,,Residential,Primarily residential - Single use,Residential,2. Mainland/Southwest,Burnaby,Anthem Properties,,Construction started,,Residential/Commercial,FALSE,FALSE,FALSE,FALSE,FALSE,FALSE,,FALSE,FALSE,,,,,2023-Q4,2027-Q2,49.262690,-123.002325,49° 15' 45.684'' N,123° 0' 8.37'' W,(604) 689-3040,,2022-12-01,2025-03-01
4549,Provincial Distribution Centre,Development of a consolidated parts distribution centre for BC Transit maintenance and operations.,21,,,Infrastructure,Other Transportation,Transportation,1. Vancouver Island/Coast,Colwood,BC Ministry of Transportation and Transit,,Construction started,,Transportation & Warehousing,TRUE,TRUE,TRUE,TRUE,FALSE,FALSE,,FALSE,FALSE,,,,,2022-Q4,2025-Q2,,,,,(250) 426-1500,,2022-12-01,2025-03-01
4572,Oil Management Department Tank Farm Upgrade Project,This project is to address seismic and environmental risks associated with oil tank farms at BC Hydro's oil management facilities.,38,,,Infrastructure,Utilities,Utilities,2. Mainland/Southwest,Vancouver,BC Hydro,,Construction started,,Utilities (incl sewage treatment),TRUE,FALSE,FALSE,FALSE,TRUE,FALSE,,FALSE,FALSE,,,,,2021-Q4,2025-Q2,,,,,(604) 623-4472   Toll Free: 1-866-647-3334,,2022-12-01,2025-03-01
4547,Campus Expansion,"New 8,904 square metre (m2), 5-storey West Shore Learning Centre with 4 storeys of mass timber construction above a concrete first level and basement. Includes flexible classrooms, Indigenous spaces, Learning Commons, Innovation Space, academic and student support offices, and staff workspaces.",108,,,Institutional,Education,Educational Services,1. Vancouver Island/Coast,Colwood,Royal Roads University,,Construction started,,Public Services,TRUE,TRUE,FALSE,TRUE,FALSE,TRUE,"LEED gold CleanBC, Zero Carbon Bldg",FALSE,FALSE,,,442,243,2022-Q3,2025-Q3,,,,,(250) 391-2524,,2022-12-01,2025-03-01
4571,Three Fleetwood Feeders to Offload McLellan (FV-FVW-723) Project,This project is required to address capacity constraints of the distribution network serving the Surrey area.,41,,,Infrastructure,Utilities,Utilities,2. Mainland/Southwest,Surrey,BC Hydro,,Construction started,,Utilities (incl sewage treatment),TRUE,FALSE,FALSE,FALSE,TRUE,FALSE,,FALSE,FALSE,,,,,2022-Q4,2025-Q2,,,,,(604) 623-4472   Toll Free: 1-866-647-3334,,2022-12-01,2025-03-01
4545,Centre for Childhood Studies,"New two-storey, 2,135 m2 Centre for Childhood Studies (CCS) with a 74-space childcare centre on the ground floor and purpose-built laboratories, classrooms, student study space and administrative space for the Early Childhood Care and Education (ECCE) program on the 2nd floor.",25,Project completed-removing next issue,,Institutional,Education,Educational Services,2. Mainland/Southwest,North Vancouver,Capilano University,,Completed,,Public Services,TRUE,TRUE,FALSE,FALSE,FALSE,TRUE,"LEED gold, CleanBC",FALSE,FALSE,,,105,58,2023-Q1,2025-Q1,,,,,,,2022-12-01,2025-03-01
4544,George Pringle Secondary School,Construction of a new 1200-seat secondary school for grades 9 - 12 will include a Neighbourhood Learning Centre.,124,,,Institutional,Education,Educational Services,3. Thompson-Okanagan,Kelowna,School District 23,,Construction started,,Public Services,TRUE,TRUE,FALSE,FALSE,FALSE,FALSE,,FALSE,FALSE,,,,,2024-Q3,2027-Q3,49.827070,-119.632286,49° 49' 37.452'' N,119° 37' 56.2296'' W,(250) 491-4000,,2022-12-01,2025-03-01
4543,Wilden Elementary School,Proposed new 450-student  elementary school for the Wilden subdivision is in preliminary stages.,40,,,Institutional,Education,Educational Services,3. Thompson-Okanagan,Kelowna,School District 23,,Proposed,Preliminary/Feasibility,Public Services,TRUE,TRUE,FALSE,FALSE,FALSE,FALSE,,FALSE,FALSE,,,,,,,,,,,(250) 491-4000,,2022-12-01,2025-03-01
4540,Student Housing & Academic Building,Project for 368 bed student housing and academic space. The provincial government will provide $232.3 million for the project and Douglas College will provide $100.2 million.,333,,,Institutional,Education,Educational Services,2. Mainland/Southwest,New Westminster,Douglas College,,Construction started,,Public Services,TRUE,TRUE,FALSE,FALSE,TRUE,TRUE,LEED  gold CleanBC,FALSE,FALSE,,,1430,698,2023-Q3,2027-Q3,49.203122,-122.914510,49° 12' 11.2392'' N,122° 54' 52.236'' W,(604) 527-5400,,2022-12-01,2025-03-01
4539,Eric Langton Elementary School Replacement,School replacement that will add 9 classrooms and provide space for 680 elementary students.,49,,,Institutional,Education,Educational Services,2. Mainland/Southwest,Maple Ridge,School District 42,,Construction started,,Public Services,TRUE,TRUE,FALSE,FALSE,FALSE,TRUE,LEED gold,FALSE,FALSE,,,,,2024-Q2,2026-Q2,49.223640,-122.597460,49° 13' 25.104'' N,122° 35' 50.856'' W,(604) 463-4200,,2022-12-01,2025-03-01
4566,Hawksley Condominium,Eleven storey development of a 77-unit condominium located at 3963 Uplands Way.,20,,,Residential,Primarily residential - Single use,Residential,2. Mainland/Southwest,West Vancouver,British Pacific Properties/ Beedie Living,Ramsay Worden Architects Ltd.,Construction started,,Residential/Commercial,FALSE,FALSE,FALSE,FALSE,FALSE,FALSE,,FALSE,FALSE,,,,,2023-Q3,2025-Q4,49.352055,-123.205935,49° 21' 7.398'' N,123° 12' 21.366'' W,(604) 435-3321,,2022-12-01,2025-03-01
4567,Innova Condominiums,"Development of a 168-unit, 6-storey condominium located at 402 East 3rd St.",24,,,Residential,Primarily residential - Single use,Residential,2. Mainland/Southwest,North Vancouver,Cascadia Green Development,Integra Architecture,Construction started,,Residential/Commercial,FALSE,FALSE,FALSE,FALSE,FALSE,FALSE,,FALSE,FALSE,,,,,2023-Q1,2025-Q2,49.309624,-123.067568,49° 18' 34.6464'' N,123° 4' 3.2448'' W,(604) 260-1056,,2022-12-01,2025-03-01
4568,Arbour Condominium,"Development of a 178-unit, 6-storey condominium located at 9688 University Cres.",32,,,Residential,Primarily residential - Single use,Residential,2. Mainland/Southwest,Burnaby,Intergulf Development Corp,Integra Architecture Inc.,Construction started,,Residential/Commercial,FALSE,FALSE,FALSE,FALSE,FALSE,FALSE,,FALSE,FALSE,,,,,2023-Q1,2025-Q4,49.276454,-122.905693,49° 16' 35.2344'' N,122° 54' 20.4948'' W,(604) 683-2406,,2022-12-01,2025-03-01
4570,Mainwaring Station Upgrade Project,"This project is required to maintain the reliability of the Mainwaring substation, and address safety and environmental risks at the substation and load growth.",154,,,Infrastructure,Utilities,Utilities,2. Mainland/Southwest,Vancouver,BC Hydro,,Construction started,,Utilities (incl sewage treatment),TRUE,FALSE,FALSE,FALSE,TRUE,FALSE,,FALSE,FALSE,,,,,2022-Q4,2026-Q4,,,,,(604) 623-4472   Toll Free: 1-866-647-3334,,2022-12-01,2025-03-01
4565,Slate Condominiums,Development of a 341-unit condominium in a 46-storey highrise located at  2135 Springer Ave.,64,,,Residential,Primarily residential - Single use,Residential,2. Mainland/Southwest,Burnaby,Beedie Living,DYS Architects and Rafii Architects,Construction started,,Residential/Commercial,FALSE,FALSE,FALSE,FALSE,FALSE,FALSE,,FALSE,FALSE,,,,,2023-Q1,2026-Q2,49.264629,-122.987958,49° 15' 52.6644'' N,122° 59' 16.6488'' W,(604) 435-3321,,2022-12-01,2025-03-01
4548,Simon Fraser University - First Peoples Gathering House,"New 1,346 m2 building includes a 300 person Great Hall, a dressing room, an Elders room, a classroom, a wellness room, and a multi-generational Indigenous peoples’ lounge as well as a food service kitchen.",27,,,Institutional,Education,Educational Services,2. Mainland/Southwest,Surrey,Simon Fraser University,,Construction started,,Public Services,TRUE,TRUE,FALSE,TRUE,FALSE,TRUE,LEED gold WELL Passive House,FALSE,FALSE,,,112,61,2023-Q1,2025-Q3,,,,,(604) 291-4743,,2022-12-01,2025-03-01
4531,Sol Condominium,92-unit condominium in a 6-storey development located at 724 Como Lake Ave.,20,,,Residential,Primarily residential - Single use,Residential,2. Mainland/Southwest,Coquitlam,Adera Development Corp.,,Construction started,,Residential/Commercial,FALSE,FALSE,FALSE,FALSE,FALSE,FALSE,,FALSE,FALSE,,,,,2023-Q1,2025-Q2,49.263450,-122.881100,49° 15' 48.42'' N,122° 52' 51.96'' W,(604) 684-8277,www.solexperience.ca,2022-09-01,2025-03-01
4516,W.A.C. Bennett Dam Seal Low Level Outlets Project,This project is to address dam safety risks resulting from the deterioration of the low level outlets at the W.A.C. Bennett Dam.,48,,,Infrastructure,Utilities,Utilities,8. Northeast,Hudson Hope,BC Hydro,,Construction started,,Utilities (incl sewage treatment),TRUE,FALSE,FALSE,FALSE,TRUE,FALSE,,FALSE,FALSE,,,,,2022-Q3,2025-Q4,,,,,(604) 623-4472   Toll Free: 1-866-647-3334,,2022-09-01,2025-03-01
4533,Surrey Loop Highrise,Proposed 42-storey condominium is in preliminary stages.,,,,Residential,Primarily residential - Single use,Residential,2. Mainland/Southwest,Surrey,ML Emporio Properties,,Proposed,Preliminary/Feasibility,Residential/Commercial,FALSE,FALSE,FALSE,FALSE,FALSE,FALSE,,FALSE,FALSE,,,,,,,,,,,(604) 229-4755,,2022-09-01,2025-03-01
4532,Sequoia Highrise Condominium,Proposed 386-unit development in a 36-storey tower located 133 St and 104 Ave.,85,,,Residential,Primarily residential - Single use,Residential,2. Mainland/Southwest,Surrey,ML Emporio Properties,DF Architecture Inc.,Proposed,Tender/Preconstruction,Residential/Commercial,FALSE,FALSE,FALSE,FALSE,FALSE,FALSE,,FALSE,FALSE,,,,,2025-Q2,2027-Q2,49.191660,-122.854260,49° 11' 29.976'' N,122° 51' 15.336'' W,(604) 229-4755,www.sequoiawestvillage.ca,2022-09-01,2025-03-01
4529,1400 Alberni Condominium,Proposed 451-unit development in 2 highrise condominiums located on Alberni St.,85,,,Residential,Primarily residential - Single use,Residential,2. Mainland/Southwest,Vancouver,Landa Global Properties,Robert A. M. Stern Architects,Proposed,Tender/Preconstruction,Residential/Commercial,FALSE,FALSE,FALSE,FALSE,FALSE,FALSE,,FALSE,FALSE,,,,,,2026-Q4,49.288730,-123.129660,49° 17' 19.428'' N,123° 7' 46.776'' W,(604) 738-0988,,2022-09-01,2025-03-01
4530,Block Residences,A 187-unit development in a 30-storey tower located at 828 Cambie St.,35,,,Residential,Primarily residential - Single use,Residential,2. Mainland/Southwest,Vancouver,Amacon Construction Ltd.,GBL Architects,Construction started,,Residential/Commercial,FALSE,FALSE,FALSE,FALSE,FALSE,FALSE,,FALSE,FALSE,,,,,2023-Q4,2026-Q4,49.277830,-123.115440,49° 16' 40.188'' N,123° 6' 55.584'' W,(604) 602-7700,,2022-09-01,2025-03-01
4528,Lucent Highrise Condominium,A 400-unit development in a 26-storey highrise located at 135A St and 106 Ave.,80,,,Residential,Primarily residential - Single use,Residential,2. Mainland/Southwest,Surrey,Landa Global Properties,,Construction started,,Residential/Commercial,FALSE,FALSE,FALSE,FALSE,FALSE,FALSE,,FALSE,FALSE,,,,,2023-Q4,2026-Q4,49.187940,-122.843920,49° 11' 16.584'' N,122° 50' 38.112'' W,(604) 738-0988,,2022-09-01,2025-03-01
4538,1700 Alberni Highrise Condominium,Proposed 387-unit development in two 30 and 39-storey condominium towers located at 1700 Alberni St.,70,,,Residential,Primarily residential - Single use,Residential,2. Mainland/Southwest,Vancouver,Bosa Properties/ Kingswood Properties,Heatherwick Studio,Proposed,Preliminary/Feasibility,Residential/Commercial,FALSE,FALSE,FALSE,FALSE,FALSE,FALSE,,FALSE,FALSE,,,,,,,49.291250,-123.133030,49° 17' 28.5'' N,123° 7' 58.908'' W,(604) 299-1363,,2022-09-01,2025-03-01
4510,Penticton Regional Hospital Upgrades,"Expansion of the oncology  department that will double the current department capacity. Funding will be provided by the Interior Health Authority, the Okanagan-Similkameen Regional Hospital District ($3.2 million), and the SOS Medical Foundation with a $10 million contribution through fundraising. Demolition is nearing completion.",22,,,Institutional,Health,Health Care and Social Assistance,3. Thompson-Okanagan,Penticton,Interior Health Authority,,Construction started,,Public Services,TRUE,TRUE,FALSE,FALSE,TRUE,FALSE,,FALSE,FALSE,,,,,2024-Q2,2025-Q2,,,,,(250) 354-3030,,2022-09-01,2025-03-01
4511,Student Housing (VIU),10-storey development of 266 student housing beds and a dining hall.,104,,,Institutional,Education,Educational Services,1. Vancouver Island/Coast,Nanaimo,Vancouver Island University,,Construction started,,Public Services,TRUE,TRUE,FALSE,FALSE,FALSE,TRUE,"CleanBC, Step Code 4",FALSE,FALSE,,,365,201,2024-Q1,2027-Q1,,,,,(250) 753-3245,,2022-09-01,2025-03-01
4512,Materials Classification Facility,This project is to complete the construction and commissioning of the new Materials Classification Facility on the BC Hydro Surrey Campus.,76,,,Infrastructure,Utilities,Utilities,2. Mainland/Southwest,Surrey,BC Hydro,,Construction started,,Utilities (incl sewage treatment),TRUE,FALSE,FALSE,FALSE,TRUE,FALSE,,FALSE,FALSE,,,,,2022-Q3,2027-Q2,,,,,(604) 623-4472   Toll Free: 1-866-647-3334,,2022-09-01,2025-03-01
4513,Mica - Little Chief Inclinometers Installation Project,This project is to install and replace some of the instrumentation to monitor the Little Chief Slide slope stability. Little Chief Slide is located upstream of the Mica Dam and the current instrumentation has a reduced capacity for ongoing stability monitoring which is necessary to mitigate dam safety risks.,20,,,Infrastructure,Utilities,Utilities,3. Thompson-Okanagan,Revelstoke,BC Hydro,,Construction started,,Utilities (incl sewage treatment),TRUE,FALSE,FALSE,FALSE,TRUE,FALSE,,FALSE,FALSE,,,,,2022-Q3,2025-Q4,,,,,(604) 623-4472   Toll Free: 1-866-647-3334,,2022-09-01,2025-03-01
4535,The Scene Condominiums,Development of a 270-unit condominium in a 24-storey tower located at 2746 Peatt Rd.,48,,,Residential,Primarily residential - Single use,Residential,1. Vancouver Island/Coast,Langford,Langford Central Developments Inc.,,Construction started,,Residential/Commercial,FALSE,FALSE,FALSE,FALSE,FALSE,FALSE,,FALSE,FALSE,,,,,2022-Q3,2025-Q2,48.451380,-123.499800,48° 27' 4.968'' N,123° 29' 59.28'' W,,,2022-09-01,2025-03-01
4515,North Vancouver - Offload North Vancouver (NVR) Loads to Lynn Valley (LYN) New Feeders (LM-NSH-075) Project,This project is required to meet the overall need to expand the capability for load transfers by constructing more distribution feeders in the system.,20,,,Infrastructure,Utilities,Utilities,2. Mainland/Southwest,North Vancouver,BC Hydro,,Construction started,,Utilities (incl sewage treatment),TRUE,FALSE,FALSE,FALSE,TRUE,FALSE,,FALSE,FALSE,,,,,2022-Q3,2025-Q3,,,,,(604) 623-4472   Toll Free: 1-866-647-3334,,2022-09-01,2025-03-01
4536,Residences at the Empress,Proposed 8-storey rental building with commercial space at ground level. Project will be located on the site of the former bus depot southeast of the Fairmont Empress Hotel.,20,,,Residential,Primarily residential - Single use,Residential,1. Vancouver Island/Coast,Victoria,Bosa Development Corp.,James Cheng Architects,Proposed,Preliminary/Feasibility,Residential/Commercial,FALSE,FALSE,FALSE,FALSE,FALSE,FALSE,,FALSE,FALSE,,,,,,,48.421550,-123.367440,48° 25' 17.58'' N,123° 22' 2.784'' W,(604) 294-0666,,2022-09-01,2025-03-01
4517,Eagle View Heights,A 87-unit development in 3-storey condominiums located at 464 Eaglecrest Drive.,20,,,Residential,Primarily residential - Single use,Residential,2. Mainland/Southwest,Gibsons,Kind Development Group,Ankenman Marchand Architects,Construction started,,Residential/Commercial,FALSE,FALSE,FALSE,FALSE,FALSE,FALSE,,FALSE,FALSE,,,,,2022-Q3,2025-Q2,49.400080,-123.514430,49° 24' 0.288'' N,123° 30' 51.948'' W,(604) 568-8488,,2022-09-01,2025-03-01
4519,Juno Highrise Condominium,Proposed 340-unit condominium in a 33-storey highrise located at 104th Ave and 138A St.,64,,,Residential,Primarily residential - Single use,Residential,2. Mainland/Southwest,Surrey,Streetside Developments,DYS Architects,Construction started,,Residential/Commercial,FALSE,FALSE,FALSE,FALSE,FALSE,FALSE,,FALSE,FALSE,,,,,2024-Q3,2025-Q4,49.191410,-122.733120,49° 11' 29.076'' N,122° 43' 59.232'' W,(604) 579-0018,,2022-09-01,2025-03-01
4520,Cascadia Townhomes,A 232-unit townhome development located at 6961 204 St.,48,,,Residential,Primarily residential - Single use,Residential,2. Mainland/Southwest,Langley,Streetside Developments,,Construction started,,Residential/Commercial,FALSE,FALSE,FALSE,FALSE,FALSE,FALSE,,FALSE,FALSE,,,,,2023-Q4,2025-Q4,49.129070,-122.658180,49° 7' 44.652'' N,122° 39' 29.448'' W,(604) 579-0018,,2022-09-01,2025-03-01
4521,Emory Townhomes,A 156-unit townhome development located at 80th Ave and 204th St.,25,,,Residential,Primarily residential - Single use,Residential,2. Mainland/Southwest,Langley,Streetside Developments,,Construction started,,Residential/Commercial,FALSE,FALSE,FALSE,FALSE,FALSE,FALSE,,FALSE,FALSE,,,,,2024-Q2,2025-Q3,49.148172,-122.657086,49° 8' 53.4192'' N,122° 39' 25.5096'' W,(604) 579-0018,,2022-09-01,2025-03-01
4522,Gleneagles Pump Station Upgrades,Phased upgrades to 5 pump stations connected by the Gleneagles interceptor.,,,,Infrastructure,Utilities,"Water, Sewage, and Other Systems",2. Mainland/Southwest,West Vancouver,District of West Vancouver,,Construction started,,Utilities (incl sewage treatment),TRUE,FALSE,FALSE,TRUE,FALSE,FALSE,,FALSE,FALSE,,,,,2023-Q4,2027-Q4,,,,,604 432-6200 (Metro Vancouver),,2022-09-01,2025-03-01
4523,The Hive 2 Condominiums,Development of 156-units in a 6-storey condominium located at  7936 206 St.,28,,,Residential,Primarily residential - Single use,Residential,2. Mainland/Southwest,Langley,Apcon Group,,Construction started,,Residential/Commercial,FALSE,FALSE,FALSE,FALSE,FALSE,FALSE,,FALSE,FALSE,,,,,2022-Q4,2025-Q2,49.090936,-122.652363,49° 5' 27.3696'' N,122° 39' 8.5068'' W,(604) 503-5758,www.thehivewtc.com,2022-09-01,2025-03-01
4524,Canvas on Brydon Crescent,A 92-unit development in a 6-storey condominium located on Brydon Crescent.,20,,,Residential,Primarily residential - Single use,Residential,2. Mainland/Southwest,Langley,Redekop Development Corp.,"
Keystone Architecture",Construction started,,Residential/Commercial,FALSE,FALSE,FALSE,FALSE,FALSE,FALSE,,FALSE,FALSE,,,,,2023-Q2,2025-Q2,49.103190,-122.672270,49° 6' 11.484'' N,122° 40' 20.172'' W,(604) 852-4912,,2022-09-01,2025-03-01
4525,The Loop Condominium,Development of a 196-unit townhouse condominium located at 2350 165 St.,36,,,Residential,Primarily residential - Single use,Residential,2. Mainland/Southwest,Surrey,Gramercy Developments,,Construction started,,Residential/Commercial,FALSE,FALSE,FALSE,FALSE,FALSE,FALSE,,FALSE,FALSE,,,,,2023-Q2,2025-Q2,49.145830,-122.764210,49° 8' 44.988'' N,122° 45' 51.156'' W,(604) 536-3069,,2022-09-01,2025-03-01
4526,Bayrock Terrace Apartments,Proposed 189-unit condominium in an 11-storey development located on Henry St.,32,,,Residential,Primarily residential - Single use,Residential,2. Mainland/Southwest,Port Moody,Aultrust Development,Ankenman Marchand Architects,Proposed,Tender/Preconstruction,Residential/Commercial,FALSE,FALSE,FALSE,FALSE,FALSE,FALSE,,FALSE,FALSE,,,,,,,49.274638,-122.845135,49° 16' 28.6968'' N,122° 50' 42.486'' W,,,2022-09-01,2025-03-01
4527,Pura Condominiums,Proposed 6-storey condominium with 136 units in phase 1 and 112 units in phase 2.,42,,,Residential,Primarily residential - Single use,Residential,2. Mainland/Southwest,Surrey,Adera Development Corp.,,Construction started,,Residential/Commercial,FALSE,FALSE,FALSE,FALSE,FALSE,FALSE,,FALSE,FALSE,,,,,2022-Q4,2025-Q2,49.192833,-122.856240,49° 11' 34.1988'' N,122° 51' 22.464'' W,(604) 684-8277,www.livepura.ca,2022-09-01,2025-03-01
4514,Ruskin - Left Abutment Sinkhole Remediation Project,This project is to address the left abutment slope instability and remediate the sinkhole issues adjacent to the Ruskin Generating Station to mitigate dam safety risks.,129,,,Infrastructure,Utilities,Utilities,2. Mainland/Southwest,Mission,BC Hydro,,Construction started,,Utilities (incl sewage treatment),TRUE,FALSE,FALSE,FALSE,TRUE,FALSE,,FALSE,FALSE,,,,,2022-Q3,2026-Q1,,,,,(604) 623-4472   Toll Free: 1-866-647-3334,,2022-09-01,2025-03-01
4534,Azure Grove Condominiums,Proposed highrise towers are in preliminary stages.,,,,Residential,Primarily residential - Single use,Residential,2. Mainland/Southwest,Langley,ML Emporio Properties,Wilson Chang Architect Inc.,Proposed,Preliminary/Feasibility,Residential/Commercial,FALSE,FALSE,FALSE,FALSE,FALSE,FALSE,,FALSE,FALSE,,,,,,,49.156539,-122.664787,49° 9' 23.5404'' N,122° 39' 53.2332'' W,(604) 229-4755,,2022-09-01,2025-03-01
4485,Baden Park Condominiums,A 341-unit development in a 6-storey condominium located at 904 Lytton St. The first phase is called Yew at Baden Park,58,,,Residential,Primarily residential - Single use,Residential,2. Mainland/Southwest,North Vancouver,Anthem Properties,,Construction started,,Residential/Commercial,FALSE,FALSE,FALSE,FALSE,FALSE,FALSE,,FALSE,FALSE,,,,,2023-Q2,2025-Q4,49.314110,-122.999550,49° 18' 50.796'' N,122° 59' 58.38'' W,(604) 689-3040,www.badenparkbyanthem.com,2022-06-01,2025-03-01
4471,Student Housing (UFV),"6-storey, mass timber building will add 398 student housing beds on the Abbotsford campus. Funding of $62.3 million will be provided by the provincial government.",105,,,Institutional,Education,Educational Services,2. Mainland/Southwest,Abbotsford,University of the Fraser Valley,,Construction started,,Public Services,TRUE,TRUE,FALSE,FALSE,TRUE,TRUE,"CleanBC, Step Code 4",FALSE,FALSE,,,436,240,2024-Q1,2025-Q2,,,,,(604) 504-7441,,2022-06-01,2025-03-01
4472,Peter Ewart Middle School Expansion,Expansion to the school will add 275 seats in 11 new classrooms to increase capacity to 900 students. Project includes seismic upgrades.,39,Project completed-removing next issue,,Institutional,Education,Educational Services,2. Mainland/Southwest,Langley,School District 35,,Completed,,Public Services,TRUE,TRUE,FALSE,FALSE,FALSE,FALSE,,FALSE,FALSE,,,,,2023-Q2,2025-Q1,,,,,(604) 534-7891,,2022-06-01,2025-03-01
4497,Viva Condominium,A 71-unit lowrise condominium located at 14398 60 Ave.,20,,,Residential,Primarily residential - Single use,Residential,2. Mainland/Southwest,Surrey,Four Square Properties,,Construction started,,Residential/Commercial,FALSE,FALSE,FALSE,FALSE,FALSE,FALSE,,FALSE,FALSE,,,,,2023-Q4,2025-Q2,49.111798,-122.823439,49° 6' 42.4728'' N,122° 49' 24.3804'' W,,,2022-06-01,2025-03-01
4495,First and Royal Condominium,A 189-unit development in a 8-storey condominium located at 82 1st St.,28,,,Residential,Primarily residential - Single use,Residential,2. Mainland/Southwest,New Westminster,Areva Living,Iredale Group Architecture,Construction started,,Residential/Commercial,FALSE,FALSE,FALSE,FALSE,FALSE,FALSE,,FALSE,FALSE,,,,,2023-Q4,2025-Q4,49.210024,-122.902807,49° 12' 36.0864'' N,122° 54' 10.1052'' W,(604) 646-4376,www.arevaliving.com,2022-06-01,2025-03-01
4502,Curv Highrise Condominium,Proposed 501-unit development in a 60-storey highrise condominium located at  1083 Nelson St.,80,,,Residential,Primarily residential - Single use,Residential,2. Mainland/Southwest,Vancouver,Brivia Group/ Henson Developments,,Proposed,Consultation/Approvals,Residential/Commercial,FALSE,FALSE,FALSE,FALSE,FALSE,TRUE,Passive House,FALSE,FALSE,,,,,,2027-Q4,,,,,(604) 873-7011 (Vancouver City),www.thecurv.ca,2022-06-01,2025-03-01
4498,Piano Condominium,"Proposed development of 433-units in a 33-storey tower, and a 557-unit condominium in a 40-storey highrise, called north and south tower.",160,,,Residential,Primarily residential - Single use,Residential,2. Mainland/Southwest,Surrey,Concord Pacific,IBI Group,Proposed,Consultation/Approvals,Residential/Commercial,FALSE,FALSE,FALSE,FALSE,FALSE,FALSE,,FALSE,FALSE,,,,,,,49.194359,-122.849086,49° 11' 39.6924'' N,122° 50' 56.7096'' W,(604) 681-8882,www.concordbrentwood.com,2022-06-01,2025-03-01
4499,O2 Highrise Condominium,Development of a 285-unit condominium 32-storey tower located at 6620 Sussex Ave.,40,,,Residential,Primarily residential - Single use,Residential,2. Mainland/Southwest,Burnaby,Keltic Canada Development,,Construction started,,Residential/Commercial,FALSE,FALSE,FALSE,FALSE,FALSE,FALSE,,FALSE,FALSE,,,,,2023-Q2,2025-Q4,49.223250,-123.003150,49° 13' 23.7'' N,123° 0' 11.34'' W,(604) 210-5412,www.o2metrotown.com,2022-06-01,2025-03-01
4500,Florin Condominium,176-unit midrise condominium located at 572 Rochester Ave.,30,,,Residential,Primarily residential - Single use,Residential,2. Mainland/Southwest,Coquitlam,Allaire Homes/ The Circadian Group,"
Integra Architecture",Construction started,,Residential/Commercial,FALSE,FALSE,FALSE,FALSE,FALSE,FALSE,,FALSE,FALSE,,,,,2023-Q2,2025-Q3,49.245340,-122.886810,49° 14' 43.224'' N,122° 53' 12.516'' W,(604) 357-3712,www.liveatflorin.com,2022-06-01,2025-03-01
4492,Terrayne Townhouses,A 159-unit townhouse development located at 3550 McVicar Court.,28,,,Residential,Primarily residential - Single use,Residential,2. Mainland/Southwest,Coquitlam,Townline Group,RLA Architects Inc.,Construction started,,Residential/Commercial,FALSE,FALSE,FALSE,FALSE,FALSE,FALSE,,FALSE,FALSE,,,,,,2026-Q2,49.295920,-122.738340,49° 17' 45.312'' N,122° 44' 18.024'' W,(604) 327-8760,,2022-06-01,2025-03-01
4481,École Élémentaire Beausoleil,Proposed elementary school location at the Landsdowne site in Victoria East. Current temporary location is at the Braefoot Elementary school site.,16,,,Institutional,Education,Educational Services,1. Vancouver Island/Coast,Saanich,School District 93 (Conseil Scolaire Francophone),,Proposed,Preliminary/Feasibility,Public Services,TRUE,FALSE,FALSE,FALSE,TRUE,FALSE,,FALSE,FALSE,,,,,,,,,,,(604) 214-2601,,2022-06-01,2025-03-01
4490,Luxe Landsdowne,Development of 363 condominiums in a 15-storey highrise No 3 Rd and Landsdowne Rd.,68,Project completed-removing next issue,,Residential,Primarily residential - Single use,Residential,2. Mainland/Southwest,Richmond,Townline/ Canderel Residential,MCM Partnership,Completed,,Residential/Commercial,FALSE,FALSE,FALSE,FALSE,FALSE,FALSE,,FALSE,FALSE,,,,,2022-Q1,2025-Q1,,,,,(604) 327-8760,,2022-06-01,2025-03-01
4505,Douglas & Caledonia Condominium,Proposed 540-unit development in a 21-storey condominium located at 1961 Douglas St. Project will include retail and commercial space.,52,,,Residential,Primarily residential - Single use,Residential,1. Vancouver Island/Coast,Victoria,Chard Development,Musson Cattell Mackey Partnership,Proposed,Tender/Preconstruction,Residential/Commercial,FALSE,FALSE,FALSE,FALSE,FALSE,FALSE,,FALSE,FALSE,,,,,,,48.431690,-123.363770,48° 25' 54.084'' N,123° 21' 49.572'' W,(604) 682-6046,,2022-06-01,2025-03-01
4480,Pleasant Valley Secondary,Project to replace school gymnasium has bee awarded to Sawchuck Developments.,16,,,Institutional,Education,Educational Services,3. Thompson-Okanagan,Salmon Arm,School District 83,KMBR Architects,Construction started,,Public Services,TRUE,FALSE,FALSE,FALSE,TRUE,TRUE,LEED gold,FALSE,FALSE,,,,,2023-Q3,2025-Q2,,,,,(250) 832-2157,,2022-06-01,2025-03-01
4478,Dr. Knox Middle School Expansion,Additions to the middle school to expand capacity from 800 to 1100 students.,23,,,Institutional,Education,Educational Services,3. Thompson-Okanagan,Kelowna,School District 23,,Construction started,,Public Services,TRUE,FALSE,FALSE,FALSE,TRUE,FALSE,,FALSE,FALSE,,,,,2023-Q2,2025-Q3,,,,,(250) 860-8888,,2022-06-01,2025-03-01
4474,Vancouver General Hospital - Operating Room Renewal (Phase 2),Phase 2 of the operating room renewal will include 13 additional state-of the-art rooms. 39 beds will be added to the pre and post operative care unit as well as upgrades to the infrastructure and mechanical systems. The project will be funded by the provincial government and the VGH and UBC Hospital Foundation.,423,,,Institutional,Health,Health Care and Social Assistance,2. Mainland/Southwest,Vancouver,Vancouver General Hospital,,Construction started,,Public Services,TRUE,TRUE,FALSE,FALSE,TRUE,FALSE,,FALSE,FALSE,,,1800,,2023-Q4,2029-Q2,49.260542,-123.122822,"49° 15' 37.95"" N","123° 7' 22.16"" W",(604) 875-4111,,2022-06-01,2025-03-01
4473,Fuel Refinery Upgrade,"Proposed refinery expansion and upgrades to produce 700,000 million litres of low-carbon fuels per year by 2026. This project will receive support from the BC Low Carbon Fuel Standard compliance credits.",600,,,Industrial,Manufacturing - Petrochemical,Natural Gas Processing,2. Mainland/Southwest,Burnaby,Parkland Corp.,,Proposed,,Mining & Oil & Gas Extraction,FALSE,FALSE,FALSE,FALSE,FALSE,FALSE,,FALSE,FALSE,,,1000,,,,,,,,,,2022-06-01,2025-03-01
4509,Millstream Condominium,New 113-unit condominium in a 6-storey development located at 2631 Millstream Rd.,20,,,Residential,Primarily residential - Single use,Residential,1. Vancouver Island/Coast,Victoria,Landvision Group,,Construction started,,Residential/Commercial,FALSE,FALSE,FALSE,FALSE,FALSE,FALSE,,FALSE,FALSE,,,,,2023-Q1,2025-Q2,48.489461,-123.510635,48° 29' 22.0596'' N,123° 30' 38.286'' W,(250) 361-0382 (Victoria City),www.millstreamliving.ca,2022-06-01,2025-03-01
4491,Band Condominium,384-unit condominium in a 45-storey highrise located at 675 North Rd.,63,,,Residential,Primarily residential - Single use,Residential,2. Mainland/Southwest,Coquitlam,Townline Group,,Construction started,,Residential/Commercial,FALSE,FALSE,FALSE,FALSE,FALSE,FALSE,,FALSE,FALSE,,,,,2023-Q2,2026-Q1,49.258000,-122.892450,49° 15' 28.8'' N,122° 53' 32.82'' W,(604) 327-8760,,2022-06-01,2025-03-01
4507,Cadence Condominium,Development of a 77-unit condominium in a 6-storey building located at 3839 Quadra St.,20,,,Residential,Primarily residential - Single use,Residential,1. Vancouver Island/Coast,Victoria,Abstract Developments Inc.,KOKA Architecture + Design Inc.,Construction started,,Residential/Commercial,FALSE,FALSE,FALSE,FALSE,FALSE,FALSE,,FALSE,FALSE,,,,,2022-Q2,2025-Q2,48.462310,-123.359480,48° 27' 44.316'' N,123° 21' 34.128'' W,(250) 883-5579,,2022-06-01,2025-03-01
4501,Vue Highrise Condominium,Development of 296 condominiums in a 44-storey tower located at 638 Whiting Way.,60,,,Residential,Primarily residential - Single use,Residential,2. Mainland/Southwest,Coquitlam,Amacon Development Corp.,Chris Dikeakos Architects Inc.,Construction started,,Residential/Commercial,FALSE,FALSE,FALSE,FALSE,FALSE,FALSE,,FALSE,FALSE,,,,,2022-Q2,2025-Q2,49.256090,-122.891980,49° 15' 21.924'' N,122° 53' 31.128'' W,(604) 602-7700,,2022-06-01,2025-03-01
4503,Wentworth Condominium,Proposed 279-unit development in a 12 storey condominium located at 2480 Wentworth Ave.,48,,,Residential,Primarily residential - Single use,Residential,2. Mainland/Southwest,West Vancouver,Henson Developments,GBL Architects,Proposed,Consultation/Approvals,Residential/Commercial,FALSE,FALSE,FALSE,FALSE,FALSE,FALSE,,FALSE,FALSE,,,,,,,49.346700,-123.181040,49° 20' 48.12'' N,123° 10' 51.744'' W,(778)379-9660,,2022-06-01,2025-03-01
4482,Alina Condominium,A 246-unit condominium development in a 29-storey tower located at 626 Claremont St.,45,,,Residential,Primarily residential - Single use,Residential,2. Mainland/Southwest,Coquitlam,Strand Developments,IBI Group,Construction started,,Residential/Commercial,FALSE,FALSE,FALSE,FALSE,FALSE,FALSE,,FALSE,FALSE,,,,,2022-Q4,2026-Q1,49.264250,-122.890310,49° 15' 51.3'' N,122° 53' 25.116'' W,(604) 262-9800,www.ownalina.com,2022-06-01,2025-03-01
4483,The Passages Condominium,Proposed 954-unit development in a 39-storey condominium. Project is located at 10138 Whalley Boulevard.,80,,,Residential,Primarily residential - Single use,Residential,2. Mainland/Southwest,Surrey,Rize Alliance Properties Ltd.,,Proposed,Tender/Preconstruction,Residential/Commercial,FALSE,FALSE,FALSE,FALSE,FALSE,FALSE,,FALSE,FALSE,,,,,,,49.186755,-122.843011,49° 11' 12.318'' N,122° 50' 34.8396'' W,(604) 681-6723,,2022-06-01,2025-03-01
4484,Hartley Condominiums,New 74-unit development in four 6-storey condominiums located at 10463 139 St.,20,,,Residential,Primarily residential - Single use,Residential,2. Mainland/Southwest,Surrey,Porte Communities,Studio One Architecture,Construction started,,Residential/Commercial,FALSE,FALSE,FALSE,FALSE,FALSE,FALSE,,FALSE,FALSE,,,,,2022-Q4,2025-Q3,49.192589,-122.837237,49° 11' 33.3204'' N,122° 50' 14.0532'' W,,www.hartley.porte.ca,2022-06-01,2025-03-01
4508,Mateah Condominium,Proposed 250-unit condominium in a 10-storey development located at 750 Enterprise Cres.,45,,,Residential,Primarily residential - Single use,Residential,1. Vancouver Island/Coast,Victoria,Mike Geric Construction Ltd.,"
Shape Architecture",Proposed,Consultation/Approvals,Residential/Commercial,FALSE,FALSE,FALSE,FALSE,FALSE,FALSE,,FALSE,FALSE,,,,,,,48.485520,-123.387480,48° 29' 7.872'' N,123° 23' 14.928'' W,(250) 590-3666,,2022-06-01,2025-03-01
4460,Beach House Condominium,Proposed 100-unit condominium in and 8-storey development located at 236 Marina Way.,20,,,Residential,Primarily residential - Single use,Residential,3. Thompson-Okanagan,Penticton,Interrobang Developments Ltd.,,Proposed,Tender/Preconstruction,Residential/Commercial,FALSE,FALSE,FALSE,FALSE,FALSE,FALSE,,FALSE,FALSE,,,,,,,49.503951,-119.588603,49° 30' 14.2236'' N,119° 35' 18.9708'' W,,www.lifeatbeachhouse.com,2022-03-01,2025-03-01
4312,BCIT Trades & Technology,"Construction of a 2-storey, 7,670 sq m  mass timber Campus Services Building, a mass timber carpentry pavilion, an outdoor steel Marine Workshop, and a 4-storey Trades and Technology Centre.",220,Project started construction,,Institutional,Education,Educational Services,2. Mainland/Southwest,Burnaby,BC Institute of Technology,,Construction started,,Public Services,TRUE,TRUE,FALSE,FALSE,TRUE,TRUE,"CleanBC, Step Code L4",FALSE,FALSE,,,882,485,2025-Q1,2028-Q2,,,,,(604) 432-8773,,2022-03-01,2025-03-01
4444,Cheakamus Recoat Units 1 and 2 Penstocks (Interior and Exterior) Project,"This project is to recoat the interior and exterior of the Units 1 & 2 penstocks at Cheakamus generating station, as well as the shared steel lined tunnel section, due to corrosion and loss of steel.",42,,,Infrastructure,Utilities,Utilities,2. Mainland/Southwest,Squamish,BC Hydro,,Construction started,,Utilities (incl sewage treatment),TRUE,FALSE,FALSE,FALSE,TRUE,FALSE,,FALSE,FALSE,,,,,2018-Q4,2026-Q2,,,,,(604) 623-4472   Toll Free: 1-866-647-3334,,2022-03-01,2025-03-01
4459,The Anacapri Condominium,Development of 90 condominium units in a 6-storey building. Project is located at 1365 Belaire Ave.,20,,,Residential,Primarily residential - Single use,Residential,3. Thompson-Okanagan,Kelowna,Kingdom Properties,"
Pacific West Architecture Inc.",Construction started,,Residential/Commercial,FALSE,FALSE,FALSE,FALSE,FALSE,FALSE,,FALSE,FALSE,,,,,2022-Q3,2025-Q3,49.881290,-119.469740,49° 52' 52.644'' N,119° 28' 11.064'' W,(604) 276-0563,,2022-03-01,2025-03-01
4458,Central Block Condominium,Development of a 6-storey condominium with 99-units of market housing. Project is located at 1075 Tillicum Road.,20,,,Residential,Primarily residential - Single use,Residential,1. Vancouver Island/Coast,Saanich,Abstract Developments,Urban West Architecture,Construction started,,Residential/Commercial,FALSE,FALSE,FALSE,FALSE,FALSE,FALSE,,FALSE,FALSE,,,,,2023-Q4,2026-Q2,48.445090,-123.400426,48° 26' 42.324'' N,123° 24' 1.5336'' W,(250) 883-5579,,2022-03-01,2025-03-01
4457,Hydrogen Electrolyzer Plant,Proposed hydrogen electrolyzer plant that will utilize renewable hydrogen that is blended with natural gas to supply a green hydrogen product called Power-to-Gas.,200,,,Infrastructure,Utilities,Utilities,8. Northeast,Chetwynd,Renewable Hydrogen Canada/ Fortis BC/ Green Investment Group,,Proposed,Consultation/Approvals,Utilities (incl sewage treatment),FALSE,FALSE,FALSE,FALSE,FALSE,FALSE,,FALSE,FALSE,,,,,,,,,,,,,2022-03-01,2025-03-01
4455,Hawksley Condominium,Development of 77-units in an 11-storey condominium.,20,,,Residential,Primarily residential - Single use,Residential,2. Mainland/Southwest,West Vancouver,Beedie Living,Ramsay Worden Architects Ltd.,Construction started,,Residential/Commercial,FALSE,FALSE,FALSE,FALSE,FALSE,FALSE,,FALSE,FALSE,,,,,2024-Q4,2026-Q2,49.352050,-123.205930,49° 21' 7.38'' N,123° 12' 21.348'' W,,www.hawksley.beedie.ca,2022-03-01,2025-03-01
4454,Delta Grinding Facility,Construction of a grinding facility and associated infrastructure near the existing Delta Cement Plant. Project will include a marine terminal and a conveyor system as part of phase 2.,142,,Pre-application,Industrial,Other Manufacturing,Manufacturing,2. Mainland/Southwest,Delta,Heidelberg Materials Ltd.,,Proposed,Consultation/Approvals,Manufacturing,FALSE,FALSE,FALSE,FALSE,FALSE,FALSE,,FALSE,FALSE,,,134,,,,49.1445,-123.0196,49°08'40.2°N,123°01'10.7°W,(604) 269-6575,,2022-03-01,2025-03-01
4453,Annacis Auto Terminal (AAT),"Project to increase vehicle import capacity from 352,000 to 480,000/yr at the Annacis Island facility of Wallenius Wilhelmsen Solutions (WWS). Upgrades to the rail capacity to 144 railcars, expansion of the railyards, and modernization of the terminal buildings to include 8 additional electric vehicle charging stations.",43,,,Infrastructure,Other Transportation,Port and Harbour Facilities,2. Mainland/Southwest,Annacis Island,Vancouver Fraser Port Authority,,Construction started,,Transportation & Warehousing,TRUE,FALSE,TRUE,FALSE,FALSE,FALSE,,FALSE,FALSE,,,,,2023-Q1,2025-Q2,,,,,,,2022-03-01,2025-03-01
4452,Georgetown 2 Condominium,Development of a 355-unit condominium located at 13645 102 Ave.,40,,,Residential,Primarily residential - Single use,Residential,2. Mainland/Southwest,Surrey,Anthem Properties,IBI Group,Construction started,,Residential/Commercial,FALSE,FALSE,FALSE,FALSE,FALSE,FALSE,,FALSE,FALSE,,,,,2023-Q2,2026-Q2,49.187940,-122.843920,49° 11' 16.584'' N,122° 50' 38.112'' W,,,2022-03-01,2025-03-01
4451,Seymour Estates,Proposed 341-unit condominium and townhouse development located at 944 Lytton St.,42,,,Residential,Primarily residential - Single use,Residential,2. Mainland/Southwest,North Vancouver,Anthem Properties,,Proposed,Tender/Preconstruction,Residential/Commercial,FALSE,FALSE,FALSE,FALSE,FALSE,FALSE,,FALSE,FALSE,,,,,,,49.315520,-122.998870,49° 18' 55.872'' N,122° 59' 55.932'' W,(604) 689-3040,,2022-03-01,2025-03-01
4449,Chroma Condominiums,Development of a 6-storey condominium with commercial space at grade.,20,,,Residential,Primarily residential - Single use,Residential,2. Mainland/Southwest,Port Moody,Forte Living,,Construction started,,Residential/Commercial,FALSE,FALSE,FALSE,FALSE,FALSE,FALSE,,FALSE,FALSE,,,,,2023-Q2,2025-Q3,49.276496,-122.839433,49° 16' 35.3856'' N,122° 50' 21.9588'' W,,www.liveatchroma.com,2022-03-01,2025-03-01
4448,Highway Flood Recovery Projects - Highway 5 (Coquihalla),"Permanent Repairs to Highway 5 to rebuild infrastructure damaged during the Nov 2021 Atmospheric Event. A Request for Proposals (RFP) has been awarded to design and construct the repairs at Juliet, Jessica, and Bottletop bridges.",350,,,Infrastructure,Roads & Highways,Transportation,3. Thompson-Okanagan,Othello To Merrit,BC Ministry of Transportation and Transit,,Construction started,,Transportation & Warehousing,TRUE,TRUE,TRUE,FALSE,FALSE,FALSE,,FALSE,FALSE,,,,,2022-Q3,2025-Q4,,,,,(604) 453-4500,,2022-03-01,2025-03-01
4465,Comma King George Condominiums,"Development of a 392-unit residential tower over a 3 level atrium. The project will include 35,000 sq ft of commercial space and restoration of a heritage building.",206,Project completed-removing next issue,,Residential,Primarily residential - Single use,Residential/Commercial,2. Mainland/Southwest,Surrey,Rize Alliance Properties Ltd.,,Completed,,Residential/Commercial,FALSE,FALSE,FALSE,FALSE,FALSE,FALSE,,FALSE,FALSE,,,,,2022-Q2,2025-Q1,49.178062,-122.845291,49° 10' 41.0232'' N,122° 50' 43.0476'' W,(604) 270-8305,,2022-03-01,2025-03-01
4445,Comox-Puntledge Flow Control Improvements Project,This project is required to address public safety risk relating to water conveyance at Comox-Puntledge; the Puntledge Diversion Reach is a heavily used public recreation area.,53,,,Infrastructure,Utilities,Utilities,1. Vancouver Island/Coast,Comox,BC Hydro,,Construction started,,Utilities (incl sewage treatment),TRUE,FALSE,FALSE,FALSE,TRUE,FALSE,,FALSE,FALSE,,,,,2022-Q1,2026-Q4,,,,,(604) 623-4472   Toll Free: 1-866-647-3334,,2022-03-01,2025-03-01
4466,Maywood Condominium,Proposed 91-unit development in a 24-storey condominium located on Maywood St.,22,,,Residential,Primarily residential - Single use,Residential,2. Mainland/Southwest,Burnaby,Kirpal Group,,Proposed,Tender/Preconstruction,Residential/Commercial,FALSE,FALSE,FALSE,FALSE,FALSE,FALSE,,FALSE,FALSE,,,,,2025-Q1,2026-Q4,49.222940,-123.008060,49° 13' 22.584'' N,123° 0' 29.016'' W,,,2022-03-01,2025-03-01
4443,Treaty Creek Terminal - Transmission Load Interconnection (KSM) Project,"This project is to facilitate the interconnection of Kerr-Sulphurets-Mitchell (KSM) Mine to BC Hydro's transmission system. Under BC Hydro's standard tariffs and policies, the customer is required to pay for a portion of this project's costs.",168,,,Infrastructure,Utilities,Utilities,6. North Coast,Stewart,BC Hydro,,Construction started,,Utilities (incl sewage treatment),TRUE,FALSE,FALSE,FALSE,TRUE,FALSE,,FALSE,FALSE,,,,,2022-Q1,2028-Q4,,,,,(604) 623-4472   Toll Free: 1-866-647-3334,,2022-03-01,2025-03-01
4442,Clement Ave Extension (formerly Multi-modal Corridor),Project to extend Clement Ave from Spall Rd to Hwy 33. Project would be developed in conjunction with transit lanes along Harvey Ave. Early planning stages.,,,,Infrastructure,Roads & Highways,Transportation,3. Thompson-Okanagan,Kelowna,Kelowna City,,Proposed,Preliminary/Feasibility,Transportation & Warehousing,TRUE,FALSE,FALSE,TRUE,FALSE,FALSE,,FALSE,FALSE,,,,,,,,,,,(250) 763-6011 (Kelowna City),,2022-03-01,2025-03-01
4440,Highway Flood Recovery Projects - South Okanagan,"Assessment, repairs and temporary construction have restored passage on Highways 1, 5 and 8. Long-term repair is complete for Hwy5 (ID #4448). Hwy 8 has temporary repairs completed at 30 locations. Permanent repairs are complete at 5 sites and will continue through 2025. Projects funded under the Emergency and Disaster Management Act through the DFAA program of the Federal Government (Public Safety Canada),  will benefit projects in the Vancouver Island (ID #4438), Lower Mainland (ID #4439), and the Interior (ID #4440) regions.",,,,Infrastructure,Roads & Highways,Transportation,3. Thompson-Okanagan,Merritt Area,BC Ministry of Transportation and Transit,,Construction started,,Transportation & Warehousing,TRUE,TRUE,TRUE,FALSE,FALSE,FALSE,,FALSE,FALSE,,,,,2022-Q1,2025-Q4,,,,,(604) 453-4500,https://www2.gov.bc.ca/gov/content/transportation-projects/bc-highway-flood-recovery,2022-03-01,2025-03-01
4436,Smith Area Middle Secondary School,"Proposed middle-secondary school for the Smith neighbourhood on 76 Ave. The secondary school will provide 1,900 seats for students and the middle school will see an addition of 900 seats and a Neighbourhood Learning Centre.",306,,,Institutional,Education,Educational Services,2. Mainland/Southwest,Langley,School District 35,,Proposed,Preliminary/Feasibility,Public Services,TRUE,TRUE,FALSE,FALSE,TRUE,FALSE,,FALSE,FALSE,,,,,,,49.140721,-122.640118,49° 8' 26.5956'' N,122° 38' 24.4248'' W,(604) 534-7891,,2022-03-01,2025-03-01
4437,UBC - Recreation Centre North,"A 101,000 sq ft recreation facility that will include  a fitness centre, gymnasiums and an indoor track. Funding will be provided by UBC ($43.1 million), the Alma Mater Society ($17.7 million), and private donors ($5 million).",73,,,Institutional,Education,Educational Services,2. Mainland/Southwest,Vancouver,University of British Columbia,SHAPEArchitecture,Construction started,,Public Services,TRUE,FALSE,FALSE,FALSE,TRUE,TRUE,LEED gold,FALSE,FALSE,,,,,2022-Q2,2025-Q4,,,,,(604) 731-3103,,2022-03-01,2025-03-01
4327,Student Housing,Construction of 217 student beds in a 4-storey mass timber single student building that will provide 157 student beds; and a 4-storey mass timber family building that will provide 60 beds.,77,,,Institutional,Education,Educational Services,1. Vancouver Island/Coast,Courtenay,North Island College,,Construction started,,Public Services,TRUE,TRUE,FALSE,FALSE,TRUE,TRUE,"CleanBC, Step Code L4",FALSE,FALSE,,,324,178,2023-Q3,2025-Q2,,,,,,,2022-03-01,2025-03-01
4461,Emerald Gardens Condominium Development,Proposed 955-unit development in 3 condominium towers from 30 to 37 storeys. Project will include 2.282 sq ft of retail in a podium.,140,,,Residential,Primarily residential - Single use,Residential,2. Mainland/Southwest,Surrey,Allure Ventures Inc.,,Proposed,Consultation/Approvals,Residential/Commercial,FALSE,FALSE,FALSE,FALSE,FALSE,FALSE,,FALSE,FALSE,,,,,2025-Q2,2025-Q4,49.201553,-122.851262,49° 12' 5.5908'' N,122° 51' 4.5432'' W,(604) 359-8118,,2022-03-01,2025-03-01
4434,Student Housing,"A 362-bed student housing and a 250-seat dining hall project located on the campus. Funding is being provided by the Province ($41.5 M) as part of the Homes for BC Plan, and by the Capilano University($16.7 M).",58,,,Institutional,Education,Educational Services,2. Mainland/Southwest,North Vancouver,Capilano University,,Construction started,,Public Services,TRUE,TRUE,FALSE,FALSE,TRUE,TRUE,"LEED gold, Step Code 4",FALSE,FALSE,,,242,133,2023-Q1,2025-Q2,,,,,,,2022-03-01,2025-03-01
4462,Office Building,Development of a 23-storey office building located at 9677 137A St.,20,,,Commercial,Office,Commercial,2. Mainland/Southwest,Surrey,The Lark Group,,Construction started,,Residential/Commercial,FALSE,FALSE,FALSE,FALSE,FALSE,FALSE,,FALSE,FALSE,,,,,2024-Q1,2025-Q2,49.178590,-122.842250,49° 10' 42.924'' N,122° 50' 32.1'' W,(604) 576-2935,,2022-03-01,2025-03-01
4463,Midrise Condominiums,Phased 248-unit condominium in two 6-storey buildings located at 104A Ave and 138A St.,34,,,Residential,Primarily residential - Single use,Residential,2. Mainland/Southwest,Surrey,Adera Development Corp.,RH Architects,Construction started,,Residential/Commercial,FALSE,FALSE,FALSE,FALSE,FALSE,FALSE,,FALSE,FALSE,,,,,2023-Q1,2025-Q2,49.192410,-122.838429,49° 11' 32.676'' N,122° 50' 18.3444'' W,(604) 684-8277,,2022-03-01,2025-03-01
4446,S?I?NEW? S?E?I??E? (South Langford) Elementary,Development of a new K to Grade 5 elementary school with a capacity of 480 students. The project will include a Neighbourhood Learning Centre.,49,,,Institutional,Education,Educational Services,1. Vancouver Island/Coast,Sooke,School District 62,,Construction started,,Public Services,TRUE,TRUE,FALSE,FALSE,FALSE,FALSE,,FALSE,FALSE,,,,,2023-Q3,2025-Q3,,,,,(250) 474-9800,,2022-03-01,2025-03-01
4419,Park Residences 2 Condominium,Development of a 232-unit condominium in a 15-storey building.,45,,,Residential,Primarily residential - Single use,Residential,2. Mainland/Southwest,Richmond,Yue Hwa,WT Leung Architects Inc.,Construction started,,Residential/Commercial,FALSE,FALSE,FALSE,FALSE,FALSE,FALSE,,FALSE,FALSE,,,,,2022-Q1,2025-Q2,49.256090,-122.891980,49° 15' 21.924'' N,122° 53' 31.128'' W,,,2021-12-01,2025-03-01
4415,Natal and 1L274 - Transmission Reinforcement (Teck) Project,This project is to allow Teck Resources Ltd.to increase load and also meet their environmental obligations for the Elk Valley Water Quality Plan project. The BC Hydro transmission system requires upgrades to accommodate the load increase.,15,,,Infrastructure,Utilities,Utilities,4. Kootenay,Sparwood,BC Hydro,,Construction started,,Utilities (incl sewage treatment),TRUE,FALSE,FALSE,FALSE,TRUE,FALSE,,FALSE,FALSE,,,,,2021-Q4,2025-Q4,,,,,(604) 623-4472   Toll Free: 1-866-647-3334,,2021-12-01,2025-03-01
4413,Cameron Recreation Complex Replacement,"A 3-storey recreation complex will include 3 pools in a 30,000 sq ft aquatic centre, a 10,000 sq ft fitness area, 2 basketball courts, and a running track. A library, childcare facility and multi-purpose rooms would be accessed from a civic plaza near Cameron St.",280,,,Commercial,Recreation,"Arts, Entertainment & Recreation",2. Mainland/Southwest,Burnaby,City of Burnaby,Diamond Schmitt Architects,Construction started,,Other Services,TRUE,FALSE,FALSE,TRUE,FALSE,FALSE,,FALSE,FALSE,,,,,2024-Q4,2027-Q4,49.254190,-122.899210,49° 15' 15.084'' N,122° 53' 57.156'' W,(604) 294-7290 (Burnaby City),,2021-12-01,2025-03-01
4412,Marpole Community Centre,Community centre replacement will include a childcare facility and an outdoor pool in a future phase. The facility will be located at Oak Street and West 59th Ave.,91,,,Commercial,Recreation,"Arts, Entertainment & Recreation",2. Mainland/Southwest,Vancouver,City of Vancouver,,Construction started,,Other Services,TRUE,FALSE,FALSE,TRUE,FALSE,TRUE,LEED gold,FALSE,FALSE,,,,,2023-Q4,2026-Q4,,,,,(604) 873-7011 (Vancouver City),,2021-12-01,2025-03-01
4411,Cariboo Road Recovery Projects,Cariboo Road recovery projects will involve the repair and reconstruction of 10 major segments of road affected by slide and washout conditions. Some of the locations have undergone repairs and monitoring while design and consultation takes place for each site.,146,,,Infrastructure,Roads & Highways,Transportation,5. Cariboo,Quesnel Area,BC Ministry of Transportation and Transit,,Construction started,,Transportation & Warehousing,TRUE,TRUE,FALSE,FALSE,FALSE,FALSE,,FALSE,FALSE,,,,,2024-Q4,2025-Q4,,,,,(604) 453-4500,www.gov.bc.ca/cariboo-road-recovery-projects,2021-12-01,2025-03-01
4410,Burnaby Lake Aquatic and Arena Facility,Replacement of the existing pool facility with a 3 pool complex and 2 arenas. Project is being redesigned to reduce costs.,253,,,Commercial,Recreation,"Arts, Entertainment & Recreation",2. Mainland/Southwest,Burnaby,City of Burnaby,,Construction started,,Other Services,TRUE,FALSE,FALSE,TRUE,FALSE,FALSE,,FALSE,FALSE,,,,,2024-Q3,2025-Q4,49.250910,-122.965590,49° 15' 3.276'' N,122° 57' 56.124'' W,(604) 294-7290 (Burnaby City),,2021-12-01,2025-03-01
4423,Ardea Condominium,Proposed 204-unit development in a 12-storey condominium located at 3202 Riverwalk Ave.,32,,,Residential,Primarily residential - Single use,Residential,2. Mainland/Southwest,Vancouver,Wesgroup,,Proposed,Tender/Preconstruction,Residential/Commercial,FALSE,FALSE,FALSE,FALSE,FALSE,FALSE,,FALSE,FALSE,,,,,,2026-Q4,,,,,(604) 648-1800,www.ardeabywesgroup.ca,2021-12-01,2025-03-01
4418,Joseph Creek (JOE) Substation Upgrade Project,"This project is to address system reliability and safety risks at the Joseph Creek Substation as the wood pole distribution system, switching system and capacitor banks require replacement and upgrade.",19,Project completed-removing next issue,,Infrastructure,Utilities,Utilities,4. Kootenay,Cranbrook,BC Hydro,,Completed,,Utilities (incl sewage treatment),TRUE,FALSE,FALSE,FALSE,TRUE,FALSE,,FALSE,FALSE,,,,,2021-Q4,2025-Q1,,,,,(604) 623-4472   Toll Free: 1-866-647-3334,,2021-12-01,2025-03-01
4433,The Standard Condominium,424-units in a 43-storey condominium located at 6468 Willingdon Ave.,65,,,Residential,Primarily residential - Single use,Residential,2. Mainland/Southwest,Burnaby,Anthem Properties,,Construction started,,Residential/Commercial,FALSE,FALSE,FALSE,FALSE,FALSE,FALSE,,FALSE,FALSE,,,,,2022-Q2,2025-Q4,49.224070,-123.011150,49° 13' 26.652'' N,123° 0' 40.14'' W,(604) 689-3040,,2021-12-01,2025-03-01
4422,Reign at Metrotown,Development with 357-units in a 38-storey condominium.,80,,,Residential,Primarily residential - Single use,Residential,2. Mainland/Southwest,Burnaby,Wesgroup,Chris Dikeakos Architects Inc.,Proposed,Consultation/Approvals,Residential/Commercial,FALSE,FALSE,FALSE,FALSE,FALSE,FALSE,,FALSE,FALSE,,,,,,,49.226234,-123.008347,49° 13' 34.4424'' N,123° 0' 30.0492'' W,(604) 648-1800,,2021-12-01,2025-03-01
4424,3480 East Kent Ave South Condos,Proposed 314-unit development in a 28-storey condominium.,60,,,Residential,Primarily residential - Single use,Residential,2. Mainland/Southwest,Vancouver,Wesgruop,Boniface Oleksiuk Politano Architects,Proposed,Tender/Preconstruction,Residential/Commercial,FALSE,FALSE,FALSE,FALSE,FALSE,FALSE,,FALSE,FALSE,,,,,,,49.204330,-123.032490,49° 12' 15.588'' N,123° 1' 56.964'' W,(604) 648-1800,,2021-12-01,2025-03-01
4427,Hayer Town Centre,Phased 338-unit development located at 76 Ave and 200 St.,55,,,Residential,Primarily residential - Single use,Residential,2. Mainland/Southwest,Langley,Hayer Builders Group,,Construction started,,Residential/Commercial,FALSE,FALSE,FALSE,FALSE,FALSE,FALSE,,FALSE,FALSE,,,,,2022-Q3,2025-Q2,49.141220,-122.671150,49° 8' 28.392'' N,122° 40' 16.14'' W,(604) 800-9662,,2021-12-01,2025-03-01
4428,Central Living Condominiums,A 227-unit development in a 6-storey condominium located on 133 St.,38,,,Residential,Primarily residential - Single use,Residential,2. Mainland/Southwest,Surrey,Manse Group Developments Ltd.,,Construction started,,Residential/Commercial,FALSE,FALSE,FALSE,FALSE,FALSE,FALSE,,FALSE,FALSE,,,,,2024-Q4,2025-Q4,49.186121,-122.854141,49° 11' 10.0356'' N,122° 51' 14.9076'' W,,,2021-12-01,2025-03-01
4430,The Grand Condominium,341-unit development in a 46-storey condominium located at 10750 135A St.,60,,,Residential,Primarily residential - Single use,Residential,2. Mainland/Southwest,Surrey,Allure Ventures Inc.,IBI Group,Construction started,,Residential/Commercial,FALSE,FALSE,FALSE,FALSE,FALSE,FALSE,,FALSE,FALSE,,,,,2022-Q2,2025-Q2,49.198007,-122.847051,49° 11' 52.8252'' N,122° 50' 49.3836'' W,(604) 359-8118,,2021-12-01,2025-03-01
4432,Park Highrise Condominium,Proposed 126-unit condominium in a 31-storey development located at 1698 W. Georgia St.,20,,,Residential,Primarily residential - Single use,Residential,2. Mainland/Southwest,Vancouver,Anthem Properties,Kohn Pederson Fox,Proposed,Tender/Preconstruction,Residential/Commercial,FALSE,FALSE,FALSE,FALSE,FALSE,FALSE,,FALSE,FALSE,,,,,,,49.291170,-123.132220,49° 17' 28.212'' N,123° 7' 55.992'' W,(604) 689-3040,,2021-12-01,2025-03-01
4416,Peace to Kelly Lake - Remedial Action Scheme Upgrade Project,This project is to upgrade the existing generation shedding Remedial Action Scheme (RAS) in the Peace Region. The RAS is vital for BC Hydro's operations in order to maximize transmission system capabilities and maintain system stability.,15,Project completed-removing next issue,,Infrastructure,Utilities,Utilities,3. Thompson-Okanagan,Clinton,BC Hydro,,Completed,,Utilities (incl sewage treatment),TRUE,FALSE,FALSE,FALSE,TRUE,FALSE,,FALSE,FALSE,,,,,2021-Q4,2025-Q1,,,,,(604) 623-4472   Toll Free: 1-866-647-3334,,2021-12-01,2025-03-01
4390,Operations and Maintenance Centre #4 - Maintenance Facilities,OMC 4 - Construction of a new vehicle operations and maintenance facility for about 145 SkyTrain cars.,237,,,Infrastructure,Roads & Highways,Transportation,2. Mainland/Southwest,Coquitlam,BC Ministry of Transportation and Transit,,Construction started,,Transportation & Warehousing,TRUE,FALSE,TRUE,FALSE,TRUE,FALSE,,FALSE,FALSE,,,,,2024-Q1,2027-Q1,49.208740,-122.955660,49° 12' 31.464'' N,122° 57' 20.376'' W,(604) 453-4500,,2021-09-01,2025-03-01
4392,École Beausoleil (Lansdowne site),"Elementary school to be located on a 7.3 acre site in the East, Saanich area. Site acquired for future elementary school.",16,,,Institutional,Education,Educational Services,1. Vancouver Island/Coast,Saanich,School District 93 (Conseil Scolaire Francophone),,Construction started,,Public Services,TRUE,TRUE,FALSE,FALSE,FALSE,FALSE,,FALSE,FALSE,,,,,,,,,,,(604) 214-2600,,2021-09-01,2025-03-01
4407,Oval Condominiums,Development of a 16-storey condominium located at 6851 Elmbridge Way.,40,,,Residential,Primarily residential - Single use,Residential,2. Mainland/Southwest,Richmond,Landa Global Properties,,Construction started,,Residential/Commercial,FALSE,FALSE,FALSE,FALSE,FALSE,FALSE,,FALSE,FALSE,,,,,2021-Q3,2025-Q4,49.172760,-123.150110,49° 10' 21.936'' N,123° 9' 0.396'' W,(604) 738-0988,,2021-09-01,2025-03-01
4406,Eclipse Brentwood,Development of a 329-unit condominium in a 32-storey development located at 2381 Beta Ave.,58,,,Residential,Primarily residential - Single use,Residential,2. Mainland/Southwest,Burnaby,Thind Properties Ltd.,Chris Dikeakos Architects Inc.,Construction started,,Residential/Commercial,FALSE,FALSE,FALSE,FALSE,FALSE,FALSE,,FALSE,FALSE,,,,,2021-Q3,2025-Q2,49.262690,-122.998600,49° 15' 45.684'' N,122° 59' 54.96'' W,(604) 451-7780,,2021-09-01,2025-03-01
4405,Monaco Condominium,Development of a 97-unit condominium located at  1350 Johnston Rd.,20,,,Residential,Primarily residential - Single use,Residential,2. Mainland/Southwest,White Rock,Solterra Development,,Construction started,,Residential/Commercial,FALSE,FALSE,FALSE,FALSE,FALSE,FALSE,,FALSE,FALSE,,,,,2022-Q2,2025-Q2,49.026658,-122.800721,49° 1' 35.9688'' N,122° 48' 2.5956'' W,(604) 528-6010,,2021-09-01,2025-03-01
4402,Gateway to Alluring BC - Mixed Use Development,"Proposed development will include mixed-use condominiums, a hotel and convention centre with restaurants and retail space.",20,,,Residential,Mixed use,Mixed use - Residential/Commercial/Retail/ Industrial,2. Mainland/Southwest,Surrey,Darshan Builders,,Proposed,Preliminary/Feasibility,Residential/Commercial,FALSE,FALSE,FALSE,FALSE,FALSE,FALSE,,FALSE,FALSE,,,,,,,49.005580,-122.737370,49° 0' 20.088'' N,122° 44' 14.532'' W,(604) 786-0006,,2021-09-01,2025-03-01
4401,Elmwood Condominium Tower,"Proposed 333-unit condominium tower with 10,500 sq ft retail space in the podium and a strata office building.",45,,,Residential,Primarily residential - Single use,Residential,2. Mainland/Southwest,Burnaby,Marcon Developments,,Proposed,Tender/Preconstruction,Residential/Commercial,FALSE,FALSE,FALSE,FALSE,FALSE,FALSE,,FALSE,FALSE,,,,,,,,,,,(604) 534-6000,,2021-09-01,2025-03-01
4399,Movala Condominium,320-unit condominium in a 14-storey development located at 3340 Lakeshore Rd. Phase 1 called Skywater has 196-units.,46,,,Residential,Primarily residential - Single use,Residential,3. Thompson-Okanagan,Kelowna,The Stober Group,Meiklejohn Architects,Construction started,,Residential/Commercial,FALSE,FALSE,FALSE,FALSE,FALSE,TRUE,LEED,FALSE,FALSE,,,,,2022-Q2,2025-Q4,49.856970,-119.492010,49° 51' 25.092'' N,119° 29' 31.236'' W,(250) 763-2305,,2021-09-01,2025-03-01
4398,Pure Condominium,Development of a 92-unit condominium located at 203 West 49 Ave.,20,,,Residential,Primarily residential - Single use,Residential,2. Mainland/Southwest,Vancouver,Lavern Developments,,Construction started,,Residential/Commercial,FALSE,FALSE,FALSE,FALSE,FALSE,FALSE,,FALSE,FALSE,,,,,2023-Q3,2025-Q4,49.226180,-123.110990,49° 13' 34.248'' N,123° 6' 39.564'' W,,,2021-09-01,2025-03-01
4397,Moody Centre Condominium,Proposed 242-unit condominium development located at 2800 Saint George St.,48,,,Residential,Primarily residential - Single use,Residential,2. Mainland/Southwest,Port Moody,Marcon Developments,,Proposed,Tender/Preconstruction,Residential/Commercial,FALSE,FALSE,FALSE,FALSE,FALSE,FALSE,,FALSE,FALSE,,,,,,,49.275660,-122.850160,49° 16' 32.376'' N,122° 51' 0.576'' W,(604) 534-6000,,2021-09-01,2025-03-01
4386,Synchronous Condenser (SC) Excitation Systems Upgrade - Vancouver Island Terminal (VIT)/ Kelly Lake (KLY) Project,This project is to address reliability and maintainability issues with the three operational synchronous condensers at Vancouver Island Terminal and one at Kelly Lake.,47,,,Infrastructure,Utilities,Utilities,1. Vancouver Island/Coast,Duncan,BC Hydro,,Construction started,,Utilities (incl sewage treatment),TRUE,FALSE,FALSE,FALSE,TRUE,FALSE,,FALSE,FALSE,,,,,2020-Q1,2026-Q4,,,,,(604) 623-4472   Toll Free: 1-866-647-3334,,2021-09-01,2025-03-01
4394,Stride Avenue Community Elementary,School replacement for 390-seat elementary. Project will include a Neighbourhood Learning Centre.,47,,,Institutional,Education,Educational Services,2. Mainland/Southwest,Burnaby,School District 41,,Construction started,,Public Services,TRUE,TRUE,FALSE,FALSE,FALSE,FALSE,,FALSE,FALSE,,,,,2023-Q4,2026-Q2,49.210952,-122.954223,49° 12' 39.4272'' N,122° 57' 15.2028'' W,(604) 664-8441,,2021-09-01,2025-03-01
4376,Burke Mountain Middle - Secondary School,"Middle-secondary school to accommodate 1,000 students will be located in the Lower Hyde Creek Village area.",160,,,Institutional,Education,Educational Services,2. Mainland/Southwest,Coquitlam,School District 43,,Construction started,,Public Services,TRUE,TRUE,FALSE,TRUE,FALSE,FALSE,,FALSE,FALSE,,,,,2024-Q1,2026-Q3,,,,,(604) 939-9201,,2021-09-01,2025-03-01
4389,Station Access and Safety Project,SASP - Improvements to SkyTrain station infrastructure and systems to increase capacity and improve safety.,63,,,Infrastructure,Roads & Highways,Transportation,2. Mainland/Southwest,Metro Vancouver,BC Ministry of Transportation and Transit,,Construction started,,Transportation & Warehousing,TRUE,FALSE,TRUE,FALSE,TRUE,FALSE,,FALSE,FALSE,,,,,2023-Q4,2026-Q4,,,,,(604) 453-4500,,2021-09-01,2025-03-01
4385,Natal - 60-138 kV Switchyard Upgrade Project,"This project is to address reliability, regulatory and safety risks at the Natal substation as the 60-138kV switchyard equipment is at end of life and will remove PCB containing equipment by the December 31, 2025 Federal PCB Regulation deadline.",101,,,Infrastructure,Utilities,Utilities,4. Kootenay,East Kootenay Area,BC Hydro,,Construction started,,Utilities (incl sewage treatment),TRUE,FALSE,FALSE,FALSE,TRUE,FALSE,,FALSE,FALSE,,,,,2021-Q3,2025-Q4,,,,,(604) 623-4472   Toll Free: 1-866-647-3334,,2021-09-01,2025-03-01
4383,Grafia Condominium,109-unit development in a 6-storey condominium located at 2406 Garden Dr.,22,,,Residential,Primarily residential - Single use,Residential,2. Mainland/Southwest,Vancouver,Porte Communities,Integra Architecture,Construction started,,Residential/Commercial,FALSE,FALSE,FALSE,FALSE,FALSE,FALSE,,FALSE,FALSE,,,,,2023-Q2,2025-Q4,49.263020,-123.057740,49° 15' 46.872'' N,123° 3' 27.864'' W,(604) 732-7651,,2021-09-01,2025-03-01
4382,Bastille Condominium,Construction of a 123-unit development condominium located at 209 Lebleu St.,24,,,Residential,Primarily residential - Single use,Residential,2. Mainland/Southwest,Coquitlam,Porte Communities,,Construction started,,Residential/Commercial,FALSE,FALSE,FALSE,FALSE,FALSE,FALSE,,FALSE,FALSE,,,,,2023-Q3,2025-Q2,49.238400,-122.867330,49° 14' 18.24'' N,122° 52' 2.388'' W,(604) 732-7651,,2021-09-01,2025-03-01
4380,Surrey Langley Skytrain,Proposed 16 km extension of the Skytrain will include 8 stations from the King George Station to Langley City along the Fraser Hwy.  Request for Proposals (RFP) has resulted in selection of SkyLink Guideway Partners for the design/build contracts.,5996,Project started construction,,Infrastructure,Other Transportation,Transportation,2. Mainland/Southwest,Surrey To Langley,BC Ministry of Transportation and Transit,,Construction started,,Transportation & Warehousing,TRUE,TRUE,TRUE,FALSE,FALSE,FALSE,,FALSE,FALSE,,,,,2025-Q1,2029-Q4,,,,,(604) 453-4500,www.surreylangleyskytrain.ca,2021-09-01,2025-03-01
4379,UBC - Applied 1 Building,"Proposed 31,000 sq m applied science building that will facilitate teaching, research and industry collaboration.",285,,,Institutional,Education,Educational Services,2. Mainland/Southwest,Vancouver,University of British Columbia,,Proposed,Preliminary/Feasibility,Public Services,TRUE,FALSE,FALSE,FALSE,TRUE,FALSE,,FALSE,FALSE,,,,,,,,,,,(604) 731-3103,,2021-09-01,2025-03-01
4378,UBC - Medicine 1 Building,"Proposed 421,610 sq ft state-of-the-art medical centre with clinical and laboratory facilities for teaching, research and faculty offices.",567,,,Institutional,Education,Educational Services,2. Mainland/Southwest,Vancouver,University of British Columbia,,Proposed,Preliminary/Feasibility,Public Services,TRUE,FALSE,FALSE,FALSE,TRUE,FALSE,,FALSE,FALSE,,,,,,,,,,,(604) 731-3103,,2021-09-01,2025-03-01
4377,Highway 1 Four-Laning - Ford Road to Tappen,Ford Road to Tappen Valley Road four-laning of 4.3 km of Highway 1. The provincial government will provide $161 million in funding and the federal government will provide $82.1 million.,243,,,Infrastructure,Roads & Highways,Transportation,3. Thompson-Okanagan,Tappen,BC Ministry of Transportation and Transit,,Construction started,,Transportation & Warehousing,TRUE,TRUE,TRUE,FALSE,FALSE,FALSE,,FALSE,FALSE,,,,,2022-Q2,2026-Q4,,,,,(250) 356-8241,,2021-09-01,2025-03-01
4395,Coal Harbour Elementary,Elementary school with space for 340 students. Project is being funded by the Vancouver School Board and the City of Vancouver.,42,,,Institutional,Education,Educational Services,2. Mainland/Southwest,Vancouver,School District 39,,Construction started,,Public Services,TRUE,TRUE,FALSE,TRUE,FALSE,TRUE,LEED gold,FALSE,FALSE,,,,,2022-Q1,2025-Q4,49.290060,-123.125010,49° 17' 24.216'' N,123° 7' 30.036'' W,(604) 713-5000,,2021-09-01,2025-03-01
4344,Highway 99 Transit and Cycling Improvements/ Steveston Interchange,Proposed Steveston Highway Interchange will replace the two-lane overpass at Highway 99 with a five-lane overpass and improve transit and pedestrian access. Project is an early works portion of the George Massey Tunnel project (ID #3060). Flatiron Constructors Canada Ltd is the contractor selected for the design build contract.,137,,,Infrastructure,Roads & Highways,Transportation,2. Mainland/Southwest,Richmond,BC Ministry of Transportation and Transit,,Construction started,,Transportation & Warehousing,TRUE,TRUE,FALSE,FALSE,FALSE,FALSE,,FALSE,FALSE,,,,,2022-Q3,2025-Q4,,,,,(250) 356-8241,,2021-06-01,2025-03-01
4360,Canyon Falls Residential Development,Proposed 296-unit development in four 4-storey buildings.,35,,,Residential,Primarily residential - Single use,Residential,3. Thompson-Okanagan,Kelowna,Highstreet Ventures Inc,Highstreet Architecture Inc,Proposed,Preliminary/Feasibility,Residential/Commercial,FALSE,FALSE,FALSE,FALSE,FALSE,FALSE,,FALSE,FALSE,,,,,2025-Q2,2025-Q4,49.803100,-119.475450,49° 48' 11.16'' N,119° 28' 31.62'' W,(778) 946-6250,,2021-06-01,2025-03-01
4342,Queen Elizabeth Elementary Expansion,School expansion to accommodate 325 students in 13 new classrooms and additional space for childcare facilities.,34,,,Institutional,Education,Educational Services,2. Mainland/Southwest,New Westminster,School District 40,,Construction started,,Public Services,TRUE,FALSE,FALSE,FALSE,TRUE,FALSE,,FALSE,FALSE,,,,,2024-Q3,2026-Q3,,,,,(604) 517-6340,,2021-06-01,2025-03-01
4341,Fording River Extension Project (Castle),Proposal to extend the lifespan of the Fording River Operations by 40 years. Project will expand the mining area south of the current mine and use existing infrastructure. An application for a 2025 exploration program is under review.,4445,,,Industrial,Mining,Mining,4. Kootenay,Elk Valley,EVR Operations Ltd. (formerly Teck Coal),,Proposed,Preliminary/Feasibility,Mining & Oil & Gas Extraction,FALSE,FALSE,FALSE,FALSE,FALSE,FALSE,,FALSE,TRUE,Ktunaxa Nation,,200,,2028-Q4,2031-Q4,50.15445,-114.81111,,,,,2021-06-01,2025-03-01
4343,Snokomish Elementary (Formerly South Newton Elementary),New 655-seat elementary school in the Newton area with additional space for child care facilities. A Neighbourhood Learning Centre will be included in this project.,44,,,Institutional,Education,Educational Services,2. Mainland/Southwest,Surrey,School District 36,,Construction started,,Public Services,TRUE,FALSE,FALSE,FALSE,TRUE,TRUE,LEED gold,FALSE,FALSE,,,,,2023-Q3,2026-Q1,,,,,(604) 596-7733,,2021-06-01,2025-03-01
4347,Cedar Hill Middle School,Seismic 575-seat school replacement to include a Neighbourhood Learning Centre.,54,,,Institutional,Education,Educational Services,1. Vancouver Island/Coast,Victoria,School District 61,,Construction started,,Public Services,TRUE,TRUE,FALSE,FALSE,TRUE,TRUE,LEED gold,FALSE,FALSE,,,,,2023-Q3,2025-Q3,,,,,(250) 475-3212,,2021-06-01,2025-03-01
4354,Hailey Apartments,Development of a 106-unit apartment building located at 22057 Lougheed Hwy.,20,,,Residential,Primarily residential - Single use,Residential,2. Mainland/Southwest,Maple Ridge,Brimming Development,Wayne Stephen Bissky Architecture,Construction started,,Residential/Commercial,FALSE,FALSE,FALSE,FALSE,FALSE,FALSE,,FALSE,FALSE,,,,,2024-Q2,2025-Q2,49.217190,-122.611250,49° 13' 1.884'' N,122° 36' 40.5'' W,(604) 467-8300 (Architect),,2021-06-01,2025-03-01
4358,Onyx Office Building,Development of a 13-storey office building with retail at grade and 5 levels of underground parking.,28,,,Commercial,Office,Commercial/Retail,2. Mainland/Southwest,Vancouver,GWL Realty Advisors Ltd.,Musson Cattell Mackey Partnership,Construction started,,Residential/Commercial,FALSE,FALSE,FALSE,FALSE,FALSE,TRUE,LEED Gold,FALSE,FALSE,,,,,2022-Q4,,49.272870,-123.098090,49° 16' 22.332'' N,123° 5' 53.124'' W,(604) 713-6450,,2021-06-01,2025-03-01
4361,Midrise Condominium Development,Proposed 178-unit development in a 6-storey complex located on Dewdney Trunk Rd.,25,,,Residential,Primarily residential - Single use,Residential,2. Mainland/Southwest,Maple Ridge,Kerkhoff Develop-Build,Formosis Architecture,Proposed,Permitting,Residential/Commercial,FALSE,FALSE,FALSE,FALSE,FALSE,FALSE,,FALSE,FALSE,,,,,,,49.220050,-122.585690,49° 13' 12.18'' N,122° 35' 8.484'' W,(604) 824-4122,,2021-06-01,2025-03-01
4362,Apartment Tower,A 121-unit apartment in a 16-storey tower with retail space at grade.,21,,,Residential,Primarily residential - Single use,Residential,1. Vancouver Island/Coast,Victoria,Townline Group,Raffi Architects,Construction started,,Residential/Commercial,FALSE,FALSE,FALSE,FALSE,FALSE,FALSE,,FALSE,FALSE,,,,,2022-Q4,2025-Q2,48.426880,-123.356440,48° 25' 36.768'' N,123° 21' 23.184'' W,(604) 276-8823,,2021-06-01,2025-03-01
4370,Granville Apartments,Proposed 86-unit development in a 4-storey building with 1 level of underground parking.,20,,,Residential,Primarily residential - Single use,Residential,2. Mainland/Southwest,Vancouver,Domus Homes,Stuart Howard Architects,Proposed,Permitting,Residential/Commercial,FALSE,FALSE,FALSE,FALSE,FALSE,FALSE,,FALSE,FALSE,,,,,,,49.243300,-123.138730,49° 14' 35.88'' N,123° 8' 19.428'' W,(604) 628-2668,,2021-06-01,2025-03-01
4372,Vancouver Island Radio System Project,This project will replace end-of-life BC Hydro telecommunication (telecom) system on Vancouver Island with a modernized system to improve reliability and increase communication capacity. Upgrades are being completed at thirty-eight substations and microwave repeater sites as well as installation of a new microwave radio link.,58,,,Infrastructure,Utilities,Utilities,1. Vancouver Island/Coast,Comox Area,BC Hydro,,Construction started,,Utilities (incl sewage treatment),TRUE,FALSE,FALSE,FALSE,TRUE,FALSE,,FALSE,FALSE,,,,,2017-Q4,2025-Q2,,,,,(604) 623-4472   Toll Free: 1-866-647-3334,,2021-06-01,2025-03-01
4357,Spencer Block Apartment Building,A 278-unit development in a 5-storey apartment located at Chatham and Herald Sts.,32,,,Residential,Primarily residential - Single use,Residential,1. Vancouver Island/Coast,Victoria,Denciti Development Corp.,Integra Architecture Inc.,Construction started,,Residential/Commercial,FALSE,FALSE,FALSE,FALSE,FALSE,FALSE,,FALSE,FALSE,,,,,2023-Q4,2025-Q4,48.430820,-123.365580,48° 25' 50.952'' N,123° 21' 56.088'' W,(604) 638-0771,,2021-06-01,2025-03-01
4371,Luther Court Housing,Proposed 95-unit development in a 6-storey building to replace the current  residential wing at the Luther Court Society site.,20,,,Residential,Primarily residential - Single use,Social Housing,1. Vancouver Island/Coast,Saanich,Luther Court Society,Studio 531 Architects Inc,Proposed,Permitting,Residential/Commercial,TRUE,FALSE,FALSE,FALSE,TRUE,FALSE,,FALSE,FALSE,,,,,2025-Q2,2026-Q3,48.461880,-123.336470,48° 27' 42.768'' N,123° 20' 11.292'' W,(250) 477-7241,,2021-06-01,2025-03-01
4363,Evergreen Lane Affordable Housing,Phased 4-storey development of a 198-unit affordable housing complex. Project approved by council in Jul 2023.,20,,,Residential,Primarily residential - Single use,Residential,2. Mainland/Southwest,Delta,Affordable Housing Societies,DYS Architecture,Construction started,,Residential/Commercial,FALSE,FALSE,FALSE,FALSE,FALSE,FALSE,,FALSE,FALSE,,,,,2023-Q3,2025-Q2,,,,,(604) 946-3380 (Delta City),,2021-06-01,2025-03-01
4369,Midrise Apartment,Proposed 85-unit apartment in a 6-storey building located on 21 St W.,20,,,Residential,Primarily residential - Single use,Residential,2. Mainland/Southwest,North Vancouver,,Ankenman Marchand Architects,Proposed,Permitting,Residential/Commercial,FALSE,FALSE,FALSE,FALSE,FALSE,FALSE,,FALSE,FALSE,,,,,2025-Q3,2026-Q4,49.328560,-123.074210,49° 19' 42.816'' N,123° 4' 27.156'' W,(604) 872-2505 (Architect),,2021-06-01,2025-03-01
4368,Scott Building Condominium,Development of a 73-unit condominium in a 6-storey building and renovation of a 78-unit heritage building.,22,,,Residential,Primarily residential - Single use,Residential,1. Vancouver Island/Coast,Victoria,District Group,MG Architecture Inc.,Construction started,,Residential/Commercial,FALSE,FALSE,FALSE,FALSE,FALSE,FALSE,,FALSE,FALSE,,,,,2022-Q1,2025-Q2,48.437810,-123.366160,48° 26' 16.116'' N,123° 21' 58.176'' W,(604) 322-5762,,2021-06-01,2025-03-01
4366,81 Ave Apartment Building,New 101-unit development located at 13567 81 Ave.,20,Project completed-removing next issue,,Residential,Primarily residential - Single use,Residential,2. Mainland/Southwest,Surrey,,Barnett Dembek Architects,Completed,,Residential/Commercial,FALSE,FALSE,FALSE,FALSE,FALSE,FALSE,,FALSE,FALSE,,,,,2023-Q1,2025-Q1,49.150210,-122.846800,49° 9' 0.756'' N,122° 50' 48.48'' W,(604) 591-4441 (City of Surrey),,2021-06-01,2025-03-01
4364,KinVillage Redevelopment,Project to construct a 152-unit seniors development in a 4 to 6 storey complex located at 1054  54A St.,20,,,Residential,Primarily residential - Single use,Residential,2. Mainland/Southwest,Delta,,Ankenman Associates Architects Inc,Construction started,,Residential/Commercial,FALSE,FALSE,FALSE,FALSE,FALSE,FALSE,,FALSE,FALSE,,,,,2023-Q3,2024-Q4,49.021500,-123.072260,49° 1' 17.4'' N,123° 4' 20.136'' W,(604) 946-3380 (Delta City),,2021-06-01,2025-03-01
4321,601 Beach Crescent Condominium,Proposed 303-unit development  and 152 social housing units in a 53-storey condominium tower located at 601 Beach Crescent.,60,,,Residential,Primarily residential - Single use,Residential,2. Mainland/Southwest,Vancouver,Pinnacle International,"JYOM Architecture/ GBL Architects
GBL Architects",Proposed,Tender/Preconstruction,Residential/Commercial,FALSE,FALSE,FALSE,FALSE,FALSE,FALSE,,FALSE,FALSE,,,,,,,49.273390,-123.129640,49° 16' 24.204'' N,123° 7' 46.704'' W,(604) 988-1688,,2021-03-01,2025-03-01
4320,Glenmerry Elementary Replacement,Replacement of the elementary school that will create spaces for 435 kindergarten to grade 7 students. Project will include a Neighbourhood Learning Centre.,39,,,Institutional,Education,Educational Services,4. Kootenay,Trail,School District 20,,Construction started,,Public Services,TRUE,FALSE,FALSE,FALSE,TRUE,TRUE,LEED gold,FALSE,FALSE,,,,,2022-Q3,2025-Q3,49.098530,-117.662660,49° 5' 54.708'' N,117° 39' 45.576'' W,(250) 368-6434,,2021-03-01,2025-03-01
4339,Water Street by the Park,"Development of a 650-unit condominium in 42 storeys located at 1630 Water St. The Eli, phase 2, is under construction.",80,,,Residential,Primarily residential - Single use,Residential,3. Thompson-Okanagan,Kelowna,Orchard Park Properties,,Construction started,,Residential/Commercial,FALSE,FALSE,FALSE,FALSE,FALSE,FALSE,,FALSE,FALSE,,,,,2021-Q4,2025-Q2,49.884660,-119.497100,49° 53' 4.776'' N,119° 29' 49.56'' W,,www.waterstbythepark.com,2021-03-01,2025-03-01
4331,Nest Condominium,Proposed 108-unit development to include 74 condominiums and 34 townhouses located at 8192 208 St.,20,,,Residential,Primarily residential - Single use,Residential,2. Mainland/Southwest,Langley,Mortise Group,,Proposed,Tender/Preconstruction,Residential/Commercial,FALSE,FALSE,FALSE,FALSE,FALSE,FALSE,,FALSE,FALSE,,,,,,,49.151440,-122.644050,49° 9' 5.184'' N,122° 38' 38.58'' W,(778) 926-0093,,2021-03-01,2025-03-01
4328,Southaven Lowrise Condominium,"Development of a 163-unit, 6-storey condominium located at 3300 King George Boulevard.",23,,,Residential,Primarily residential - Single use,Residential,2. Mainland/Southwest,Surrey,Park Ridge Homes,,Construction started,,Residential/Commercial,FALSE,FALSE,FALSE,FALSE,FALSE,FALSE,,FALSE,FALSE,,,,,2021-Q4,2025-Q2,49.168120,-123.131580,49° 10' 5.232'' N,123° 7' 53.688'' W,(604) 576-5829,www.southaven.ca,2021-03-01,2025-03-01
4323,Cooney Road Condominium,83-unit development in a 14-storey condominium located at 6333 Cooney Rd.,22,,,Residential,Primarily residential - Single use,Residential,2. Mainland/Southwest,Richmond,Bold Properties,,Construction started,,Residential/Commercial,FALSE,FALSE,FALSE,FALSE,FALSE,FALSE,,FALSE,FALSE,,,,,2023-Q1,2026-Q4,49.168120,-123.131580,49° 10' 5.232'' N,123° 7' 53.688'' W,(604) 683-8399,,2021-03-01,2025-03-01
4340,Lakeview Village Residences,"Phased 6-storey development with 150 condominium units. Phase 1 is complete, phase 2 is planned.",20,,,Residential,Primarily residential - Single use,Residential,3. Thompson-Okanagan,Kelowna,Kind Development Group,Patrick McCusker Architecture Inc.,Construction started,,Residential/Commercial,FALSE,FALSE,FALSE,FALSE,FALSE,FALSE,,FALSE,FALSE,,,,,2021-Q4,2025-Q4,49.859090,-119.550300,49° 51' 32.724'' N,119° 33' 1.08'' W,(604) 568-8488,www.lakeviewliving.ca,2021-03-01,2025-03-01
4304,Deltaport Expansion Berth 4,Proposed expansion to increase container terminal capacity by 2 million TEU/yr. Construction of a fourth berth and 560 m extension to accommodate lager vessels. The coordinated impact assessment by BC Environmental Assessment Agency and the Impact Assessment Agency of Canada is in the Impact Statement Development phase.,,,Review,Infrastructure,Other Transportation,Port and Harbour Facilities,2. Mainland/Southwest,Delta,GCT Global Container Terminals Inc.,,Proposed,Consultation/Approvals,Transportation & Warehousing,FALSE,FALSE,FALSE,FALSE,FALSE,FALSE,,FALSE,FALSE,,,4700,1000,,,49.0236,-123.1528,49°01’25’’ N,123°09’10’’ W,(604) 267-5200,,2021-03-01,2025-03-01
4322,Anchor Condominium,Proposed 162-unit condominium development located at 2002 St. George St.,22,,,Residential,Primarily residential - Single use,Residential,2. Mainland/Southwest,Port Moody,Bold Properties,Gateway Architecture,Construction started,,Residential/Commercial,FALSE,FALSE,FALSE,FALSE,FALSE,FALSE,,FALSE,FALSE,,,,,2021-Q4,2025-Q3,49.275650,-122.868990,49° 16' 32.34'' N,122° 52' 8.364'' W,(604) 343-7719,,2021-03-01,2025-03-01
4302,The Arc Shadow Mixed-use Development,"Proposed mixed-use development located on Seymour and Dunsmuir Sts on the site of the Hudson's Bay parkade. Project will include 3 towers and an elevated multi-storey retail deck over retail at grade, that will preserve the Randall and Dunsmuir House heritage buildings. Rezoning is required.",,,,Residential,Primarily residential - Single use,Residential/Commercial/Retail,2. Mainland/Southwest,Vancouver,Holborn Group,"

 Chris Dikeakos Architects",Proposed,Tender/Preconstruction,Residential/Commercial,FALSE,FALSE,FALSE,FALSE,FALSE,FALSE,,FALSE,FALSE,,,,,,,,,,,(604) 688-8387,,2021-03-01,2025-03-01
4305,Cariboo Gold Project,"Proposed underground gold mining project that is expected to produce 4,750 tonnes/day with a mine life of 16 yrs. The project will include infrastructure to facilitate underground crushing, a surface concentrator, and upgrade processing facilities at the existing Quesnel River Mill. Project has been granted an operating permit under the Mines Act in Late 2024.",918,,Certified,Industrial,Mining,Mining,5. Cariboo,Wells,Barkerville Gold Mines Ltd.,,Proposed,Permitting,Mining & Oil & Gas Extraction,FALSE,FALSE,FALSE,FALSE,FALSE,FALSE,,FALSE,FALSE,,,634,,,,,,,,(604) 669-6463,,2021-03-01,2025-03-01
4306,Eskay Creek Mine Revitalization,Development of a former open pit gold mine is in definition and exploration phases. A feasibility study completed in Sep 2022. The project will undergo the federal impact assessment process.,713,,Pre-application,Industrial,Mining,Mining,7. Nechako,Dease Lake,Skeena Resources Ltd.,,Proposed,Consultation/Approvals,Mining & Oil & Gas Extraction,FALSE,FALSE,FALSE,FALSE,FALSE,FALSE,,FALSE,TRUE,Tahltan Nation,,,250,2025-Q3,2026-Q4,,,,,,,2021-03-01,2025-03-01
4307,Red Chris Mine Expansion,An exploration decline is proposed for the mine ($135 million) that will provide an updated resource evaluation and feasibility study. A proposal to transition from open pit mining to an underground method called block caving will be open for feedback in Early 2025.,2600,,Amendment Application,Industrial,Mining,Mining,6. North Coast,Iskut,Newcrest Red Chris Mining Ltd.,,Proposed,Consultation/Approvals,Mining & Oil & Gas Extraction,FALSE,FALSE,FALSE,FALSE,FALSE,FALSE,,FALSE,TRUE,Tahltan Nation,Located on Traditional Territory,3047,,2025-Q4,2032-Q4,,,"57° 43’ 57.8"" N","129° 46’ 3.5"" W",,,2021-03-01,2025-03-01
4310,National Centre for Indigenous Laws,"An addition to the Fraser Law building  that will be home to the world’s first joint degree in Indigenous legal orders and Canadian common law, as well as the Indigenous Law Research Unit. Funding for the project has been approved by the Province,",46,,,Institutional,Education,Educational Services,1. Vancouver Island/Coast,Victoria,University of Victoria,,Construction started,,Public Services,TRUE,TRUE,FALSE,FALSE,FALSE,FALSE,,FALSE,FALSE,,,191,105,2022-Q4,2025-Q2,,,,,,,2021-03-01,2025-03-01
4313,Rental Housing - East Broadway,Proposed 14-storey rental housing building application has been submitted  in favor of a previous plan to build a 12-storey office. Project will include152 rental units and 6000 sq ft of amenity space. Rezoning is required.,20,,,Commercial,Office,Commercial,2. Mainland/Southwest,Vancouver,Chard Development,MCMP Architecture,Proposed,Consultation/Approvals,Residential/Commercial,FALSE,FALSE,FALSE,FALSE,FALSE,TRUE,LEED gold,FALSE,FALSE,,,,,,,49.262710,-123.104260,49° 15' 45.756'' N,123° 6' 15.336'' W,,,2021-03-01,2025-03-01
4314,Office Tower,"Proposed 23-storey office tower located at 450 W Georgia St will include 1,500 sq ft of retail space at ground level.",,,,Commercial,Office,Commercial,2. Mainland/Southwest,Vancouver,Austeville Properties,W.T. Leung Architects,Proposed,Consultation/Approvals,Residential/Commercial,FALSE,FALSE,FALSE,FALSE,FALSE,FALSE,,FALSE,FALSE,,,,,,,49.280870,-123.116140,49° 16' 51.132'' N,123° 6' 58.104'' W,,,2021-03-01,2025-03-01
4315,Residential Condominium,Proposed development of two 25-storey towers over retail space in a podium,40,,,Residential,Primarily residential - Single use,Residential,2. Mainland/Southwest,Vancouver,Reliance Properties,NMDA Architects/ IBI Group,Proposed,Preliminary/Feasibility,Residential/Commercial,FALSE,FALSE,FALSE,FALSE,FALSE,FALSE,,FALSE,FALSE,,,,,,,49.262800,-123.108470,49° 15' 46.08'' N,123° 6' 30.492'' W,(604) 683-2404,,2021-03-01,2025-03-01
4317,Mass Timber Student Housing,"Project to build 376 new student housing units at campus locations in Kelowna, Vernon, and Salmon Arm. The provincial government has approved funding in the form of a $40.4 million grant and a $30.2 million loan. Okanagan College is providing $1 million funding for the project. Penticton Campus has 101beds of student housing approved with $23.5 million provincial funding and $500,000 from Okanagan College.",97,Project completed-removing next issue,,Institutional,Education,Educational Services,3. Thompson-Okanagan,"Vernon, Salmon Arm, Kelowna",Okanagan College,,Completed,,Public Services,TRUE,TRUE,FALSE,FALSE,TRUE,TRUE,"CleanBC, Step Code L4",FALSE,FALSE,,,310,170,2022-Q2,2025-Q1,,,,,(250) 762-5445,,2021-03-01,2025-03-01
4319,Northwest Langley Wastewater Treatment Plant Expansion,"Phased project to expand plant capacity, meet seismic safety needs and exceed wastewater treatment standards with a tertiary treatment system for the Township of Langley, Maple Ridge, Pitt Meadows and North Surrey, The project will utilize a new pump station and storage tank located in Maple Ridge, and two pipelines that extend under the Fraser River to the treatment plant expansion and outfall pipe in Langley.",2300,,,Infrastructure,Utilities,"Water, Sewage, and Other Systems",2. Mainland/Southwest,Langley,Township of Langley,,Proposed,Tender/Preconstruction,Utilities (incl sewage treatment),TRUE,FALSE,FALSE,TRUE,FALSE,FALSE,,FALSE,FALSE,,,,,2027-Q1,2030-Q4,,,,,604 432-6200 (Metro Vancouver),,2021-03-01,2025-03-01
4311,Stride Elementary - Phase 2,Phase 2 of the replacement to include seismic upgrades with space for 40 K and 375 elementary students and a Neighbourhood Learning Centre.,47,,,Institutional,Education,Educational Services,2. Mainland/Southwest,Burnaby,School District 41,,Construction started,,Public Services,TRUE,FALSE,FALSE,FALSE,TRUE,FALSE,,FALSE,FALSE,,,,,2023-Q4,2026-Q1,,,,,(604) 296-6900,,2021-03-01,2025-03-01
4299,Smith & Farrow Condominium,348-unit condominium development in 46 and 20 storeys. Project is located near Burquitlam Station.,65,,,Residential,Primarily residential - Single use,Residential,2. Mainland/Southwest,Coquitlam,Boffo Developments Ltd,Chris Dikeakos Architects Inc.,Construction started,,Residential/Commercial,FALSE,FALSE,FALSE,FALSE,FALSE,TRUE,LEED silver,FALSE,FALSE,,,,,2022-Q2,2025-Q2,49.261550,-122.892140,49° 15' 41.58'' N,122° 53' 31.704'' W,(604) 299-3443,,2020-12-01,2025-03-01
4287,Police Department Renovation and Expansion,Renovation and expansion of the police department facility. Phase 1 four-storey expansion will complete in Spring 2025 with phase 2 renovations expected to complete in Spring 2026.,87,,,Institutional,Government buildings,Public Administration,2. Mainland/Southwest,Abbotsford,City of Abbotsford,,Construction started,,Public Services,TRUE,FALSE,FALSE,TRUE,FALSE,FALSE,,FALSE,FALSE,,,,,2022-Q3,2025-Q2,,,,,(604) 864-5510 (Abbotsford City),,2020-12-01,2025-03-01
4286,Simon Fraser University - Innovative Teaching and Other Facilities,Proposed Innovative Teaching facility is in early planning for phased expansion of the Surrey campus.,,,,Institutional,Education,Educational Services,2. Mainland/Southwest,Surrey,Simon Fraser University,,Proposed,Preliminary/Feasibility,Public Services,TRUE,FALSE,FALSE,FALSE,TRUE,TRUE,LEED gold,FALSE,FALSE,,,,,,,,,,,(604) 291-3394,,2020-12-01,2025-03-01
4279,Rental Condominium,Proposed 179-unit rental development in a 6-storey and 15-storey condominium with a rooftop amenity space. Project will include affordable units under the Moderate Income Rental Housing Pilot Program (MIRHPP).,30,,,Residential,Primarily residential - Single use,Residential,2. Mainland/Southwest,Vancouver,EPTA Development Corp.,StudioOne Architecture,Proposed,Permitting,Residential/Commercial,TRUE,TRUE,FALSE,TRUE,FALSE,FALSE,,FALSE,FALSE,,,,,2025-Q2,2026-Q3,49.262100,-123.043830,49° 15' 43.56'' N,123° 2' 37.788'' W,(604) 270-1890,,2020-12-01,2025-03-01
4276,South Kaien Island Import Logistics Park,Proposed 25-hectare logistics park that will accommodate expanded transloading and warehousing facilities located on South Kaien Island. Project will receive $43.3 million from the federal government.,87,,,Infrastructure,Other Transportation,Port and Harbour Facilities,6. North Coast,Prince Rupert,Prince Rupert Port Authority/ Metlakatla Development Corp.,,Proposed,Consultation/Approvals,Transportation & Warehousing,TRUE,FALSE,TRUE,FALSE,FALSE,FALSE,,FALSE,TRUE,Metlakatla First Nation,Project partner,,,,2030-Q4,,,,,(250) 627-8899,,2020-12-01,2025-03-01
4289,Engineering and Computer Science Extension (ECSE) and New Laboratory,"A 58,720 sq ft expansion of the Engineering and Computer Science department in a 6-storey addition. A new 1.393 sq ft High Bay Research and Structures Lab (HBRSL) will be located in the parking lot near the Engineering lab. Funding for the project has been approved by the Province,",150,,,Institutional,Education,Educational Services,1. Vancouver Island/Coast,Victoria,University of Victoria,,Construction started,,Public Services,TRUE,TRUE,FALSE,FALSE,TRUE,TRUE,LEED gold,FALSE,FALSE,,,623,342,2024-Q1,2026-Q2,,,,,(250) 656-3166,,2020-12-01,2025-03-01
4291,Telus Living Condominium,Proposed 197-unit rental condominium in two 6-storey buildings located at 400 Fitzwilliam St.,70,,,Residential,Primarily residential - Single use,Residential,1. Vancouver Island/Coast,Nanaimo,Telus/ Omicron Development Inc.,,Proposed,,Residential/Commercial,FALSE,FALSE,FALSE,FALSE,FALSE,FALSE,,FALSE,FALSE,,,650,,,,49.166360,-123.941570,49° 9' 58.896'' N,123° 56' 29.652'' W,(250) 388-3800,,2020-12-01,2025-03-01
4294,The Grove Apartments,"Proposed 1,400-unit highrise condominium and 50 townhome development located on Dawson St. The project will be developed in 4 phases and include commercial and retail space in 5 towers up to 51 storeys and 4 rental buildings up to 6 storeys.",200,,,Residential,Primarily residential - Single use,Residential,2. Mainland/Southwest,Burnaby,Aoyuan International,,Proposed,Permitting,Residential/Commercial,FALSE,FALSE,FALSE,FALSE,FALSE,FALSE,,FALSE,FALSE,,,,,,,49.264110,-123.002380,49° 15' 50.796'' N,123° 0' 8.568'' W,,,2020-12-01,2025-03-01
4301,Brentwood Block Condominium,"Proposed 6 tower development up to 65 storeys located near Brentwood Town Centre Station. Project to include 200,000 sq ft office and retail space, 3,400 residential and affordable housing units. and a 100,000 sq ft community centre ($140 million). The phased development will include 5 districts and 2.5 acres of public plaza.",300,,,Residential,Mixed use,Mixed use - Residential/Commercial/Retail/ Industrial,2. Mainland/Southwest,Burnaby,Grosvenor International Canada Inc.,,Proposed,Tender/Preconstruction,Residential/Commercial,FALSE,FALSE,FALSE,FALSE,FALSE,FALSE,,FALSE,FALSE,,,,,2025-Q2,2026-Q4,49.265428,-122.999850,49° 15' 55.5408'' N,122° 59' 59.46'' W,(604) 683-1141,,2020-12-01,2025-03-01
4298,Format Condominium,Development of a 161-unit condominium in a 13-storey building located in East Vancouver.,30,Project completed-removing next issue,,Residential,Primarily residential - Single use,Residential,2. Mainland/Southwest,Vancouver,Cressey Development Group,,Completed,,Residential/Commercial,FALSE,FALSE,FALSE,FALSE,FALSE,FALSE,,FALSE,FALSE,,,,,2021-Q4,2025-Q1,49.248850,-123.072490,49° 14' 55.86'' N,123° 4' 20.964'' W,(604) 683-1256,formatbycressey.com,2020-12-01,2025-03-01
4300,Minoru Square Condominium,Proposed 429-unit condominium development will include 88 units of affordable housing.,,Cancelled-removing next issue,,Residential,Primarily residential - Single use,Residential,2. Mainland/Southwest,Richmond,Thind Properties,,On hold,,Residential/Commercial,FALSE,FALSE,FALSE,FALSE,FALSE,FALSE,,FALSE,FALSE,,,,,,,49.172860,-123.139130,49° 10' 22.296'' N,123° 8' 20.868'' W,(604) 451-7780,,2020-12-01,2025-03-01
4288,Royal Oak Fire Station Replacement,"Replacement of the No 2 fire station located on Royal Oak Dr with a 22,000 sq ft. facility. Demolition is required prior to construction of the 2-storey mass timber building. Phase 1 is complete with a temporary structure and site preparation for the new station construction.",47,,,Institutional,Government buildings,Public Administration,1. Vancouver Island/Coast,Saanich,District of Saanich,,Construction started,,Public Services,TRUE,FALSE,FALSE,TRUE,FALSE,TRUE,LEED gold,FALSE,FALSE,,,,,2023-Q4,2026-Q3,,,,,(250) 475-1775 (District of Saanich),,2020-12-01,2025-03-01
4296,McCallum Road Mixed- Use Development,Mixed-use development of 400-units residential and commercial space located at 790 McCallum Rd.,600,,,Residential,Mixed use,Mixed use - Residential/Commercial/Retail/ Industrial,1. Vancouver Island/Coast,Langford,,,Construction started,,Residential/Commercial,FALSE,FALSE,FALSE,FALSE,FALSE,FALSE,,FALSE,FALSE,,,,,2023-Q1,,48.457378,-123.505617,48° 27' 26.5608'' N,123° 30' 20.2212'' W,,,2020-12-01,2025-03-01
4269,King + Crescent Residential Midrise Condominium,Development of a 131-unit condominium in a 6-storey  mid-rise. Development permit application has been submitted.,22,Project completed-removing next issue,,Residential,Primarily residential - Single use,Residential,2. Mainland/Southwest,Surrey,Zenterra,,Completed,,Residential/Commercial,FALSE,FALSE,FALSE,FALSE,FALSE,FALSE,,FALSE,FALSE,,,,,2022-Q3,2025-Q1,,,,,(778) 945-2050,,2020-09-01,2025-03-01
4255,University Hospital of Northern British Columbia (UHNBC) Patient Care Tower (Phase 2),Proposed new 11-storey acute care tower will include a cardiac care unit. The tower will be located on the southeast corner of the UHNBC site.,1579,,,Institutional,Health,Health Care and Social Assistance,5. Cariboo,Prince George,University Hospital of Northern British Columbia (UHNBC),,Proposed,Tender/Preconstruction,Public Services,TRUE,TRUE,FALSE,FALSE,FALSE,TRUE,,TRUE,FALSE,,,,,2026-Q4,2031-Q3,53.911930,-122.764476,53° 54' 42.948'' N,122° 45' 52.1136'' W,,,2020-09-01,2025-03-01
4239,BCIT Student Housing Tall Timber House,"Construction of a 12-storey mass timber building with 469 student beds, The project will include ground floor common areas and 11 storeys of student housing.",144,,,Institutional,Education,Educational Services,2. Mainland/Southwest,Burnaby,BC Institute of Technology,,Construction started,,Public Services,TRUE,TRUE,FALSE,FALSE,TRUE,TRUE,"CleanBC, Step Code L4",FALSE,FALSE,,,589,324,2022-Q3,2025-Q2,,,,,(604) 432-8773,,2020-09-01,2025-03-01
4257,Guru Nanak (PICS) Diversity Village Seniors Facility,A 125-bed long term seniors facility located at 6471 175A St. PICS will provide $5 million in donor funding and the provincial government will provide operational funding.,123,,,Institutional,Health,Health Care and Social Assistance,2. Mainland/Southwest,Surrey,Fraser Health Authority/ Progressive Intercultural Community Services Society (PICS),,Construction started,,Public Services,TRUE,TRUE,FALSE,FALSE,FALSE,FALSE,,FALSE,FALSE,,,,125,2024-Q3,2026-Q2,49.005120,-122.735520,49° 0' 18.432'' N,122° 44' 7.872'' W,(604) 450-7881,,2020-09-01,2025-03-01
4254,G.M. Shrum (GMS) Substation Control Systems Upgrade Project,"This project is to replace the substation control, alarm and metering systems at the G.M. Shrum generating facility to address reliability and safety.",16,,,Infrastructure,Utilities,Utilities,8. Northeast,Hudson Hope,BC Hydro,,Construction started,,Utilities (incl sewage treatment),TRUE,FALSE,FALSE,FALSE,TRUE,FALSE,,FALSE,FALSE,,,,,2020-Q3,2027-Q4,,,,,(604) 623-4472   Toll Free: 1-866-647-3334,,2020-09-01,2025-03-01
4259,Powell Street Affordable Housing,114-unit senior and family homes located in a 7-storey complex at 528 Powell St will be supported through the Building BC: Community Housing Fund.,49,,,Residential,Primarily residential - Single use,Social Housing,2. Mainland/Southwest,Vancouver,BC Housing/ Lookout Health and Housing Society,NSDA Architects,Construction started,,Residential/Commercial,TRUE,TRUE,TRUE,FALSE,FALSE,FALSE,,FALSE,FALSE,,,,,2023-Q2,2025-Q2,49.283030,-123.092700,49° 16' 58.908'' N,123° 5' 33.72'' W,(604) 456-8895,,2020-09-01,2025-03-01
4270,Seniors Housing,Proposed seniors 6-storey housing development.,20,,,Residential,Primarily residential - Single use,Seniors Housing,2. Mainland/Southwest,Surrey,Sunshine Co-op,,Proposed,Consultation/Approvals,Residential/Commercial,FALSE,FALSE,FALSE,FALSE,FALSE,FALSE,,FALSE,FALSE,,,,,,,,,,,,,2020-09-01,2025-03-01
4271,Residential Condominium,Proposed two tower condominium development located on 107A Ave.,35,,,Residential,Primarily residential - Single use,Residential,2. Mainland/Southwest,Surrey,,MCM Architects,Proposed,Consultation/Approvals,Residential/Commercial,FALSE,FALSE,FALSE,FALSE,FALSE,FALSE,,FALSE,FALSE,,,,,,,,,,,,,2020-09-01,2025-03-01
4272,Victory Condominium,Development of a 6-storey condominium with 519 residential units in 7 buildings. Phases 1 and 2 will have 216 and 303 units.,60,,,Residential,Primarily residential - Single use,Residential,2. Mainland/Southwest,Surrey,Maskeen Development,,Construction started,,Residential/Commercial,FALSE,FALSE,FALSE,FALSE,FALSE,FALSE,,FALSE,FALSE,,,,,2024-Q4,2027-Q1,49.201470,-122.841310,49° 12' 5.292'' N,122° 50' 28.716'' W,(604) 502-9096,,2020-09-01,2025-03-01
4273,Highrise Condominiums,Proposed 21 and 26-storey residential towers with 175 rental and 249 market condominiums.,80,,,Residential,Primarily residential - Single use,Residential,2. Mainland/Southwest,Surrey,,,Proposed,Consultation/Approvals,Residential/Commercial,FALSE,FALSE,FALSE,FALSE,FALSE,FALSE,,FALSE,FALSE,,,,,,,49.004020,-122.735160,49° 0' 14.472'' N,122° 44' 6.576'' W,,,2020-09-01,2025-03-01
4275,Flavelle Mill Master Planned Community,Proposed 34 acre development to include 11 towers from 16 to 38 storeys located at 2400 Murray St.,300,,,Residential,Primarily residential - Single use,Residential,2. Mainland/Southwest,Port Moody,Flavelle Oceanfront Development,,Proposed,Preliminary/Feasibility,Residential/Commercial,FALSE,FALSE,FALSE,FALSE,FALSE,FALSE,,FALSE,FALSE,,,,,,,49.278690,-122.854740,49° 16' 43.284'' N,122° 51' 17.064'' W,,,2020-09-01,2025-03-01
4251,Jordan - Upgrade Governor & Pressure Regulating Valve (PRV) Controls Project,This project is to replace the governor and pressure reducing valve control system at the Jordan River generating facility to address reliability and maintainability problems.,24,Project completed-removing next issue,,Infrastructure,Utilities,Utilities,1. Vancouver Island/Coast,Sooke,BC Hydro,,Completed,,Utilities (incl sewage treatment),TRUE,FALSE,FALSE,FALSE,TRUE,FALSE,,FALSE,FALSE,,,,,2020-Q3,2025-Q1,,,,,(604) 623-4472   Toll Free: 1-866-647-3334,,2020-09-01,2025-03-01
4224,Montgomery Middle School Replacement,Proposed seismic replacement of the 600-student Montgomery Middle School to include a Neighbourhood Learning Centre.,87,,,Institutional,Education,Educational Services,2. Mainland/Southwest,Coquitlam,School District 43,,Proposed,Preliminary/Feasibility,Public Services,TRUE,TRUE,FALSE,FALSE,FALSE,TRUE,LEED gold,FALSE,FALSE,,,,,2026-Q2,2028-Q3,49.244660,-122.841370,49° 14' 40.776'' N,122° 50' 28.932'' W,(604) 939-9201,,2020-06-01,2025-03-01
4225,Maple Creek Middle School,Proposed seismic replacement of the Maple Creek Middle School to include a Neighbourhood Learning Centre. Requires funding approval.,39,,,Institutional,Education,Educational Services,2. Mainland/Southwest,Port Coquitlam,School District 43,,Proposed,Preliminary/Feasibility,Public Services,TRUE,TRUE,FALSE,FALSE,FALSE,FALSE,,FALSE,FALSE,,,,,,,49.278570,-122.781990,49° 16' 42.852'' N,122° 46' 55.164'' W,(604) 939-9201,,2020-06-01,2025-03-01
4221,Westminster Junction Affordable Housing,Affordable housing development with 302-units in 3 six-storey apartments. The project will include a daycare facility and a parkade located at Gately and Kingsway Ave.,96,,,Residential,Primarily residential - Single use,Residential,2. Mainland/Southwest,Port Coquitlam,Affordable Housing Societies,,Construction started,,Residential/Commercial,FALSE,FALSE,FALSE,FALSE,FALSE,FALSE,,FALSE,FALSE,,,,,2023-Q4,2025-Q4,49.265530,-122.783040,49° 15' 55.908'' N,122° 46' 58.944'' W,,,2020-06-01,2025-03-01
4222,The Education Learning Centre,Proposed school board office replacement will be located on Winslow Ave.,30,,,Institutional,Education,Educational Services,2. Mainland/Southwest,Coquitlam,School District 43,,Proposed,Tender/Preconstruction,Public Services,TRUE,FALSE,FALSE,FALSE,TRUE,FALSE,,FALSE,FALSE,,,,,,,49.253830,-122.862090,49° 15' 13.788'' N,122° 51' 43.524'' W,(604) 939-9201,,2020-06-01,2025-03-01
4223,Moody Elementary School Replacement,Seismic school replacement for 325 students. Project will include a Neighbourhood Learning Centre.,37,,,Institutional,Education,Educational Services,2. Mainland/Southwest,Port Moody,School District 43,,Construction started,,Public Services,TRUE,TRUE,FALSE,FALSE,FALSE,FALSE,,FALSE,FALSE,,,,,2023-Q3,2025-Q4,49.276140,-122.851370,49° 16' 34.104'' N,122° 51' 4.932'' W,(604) 939-9201,,2020-06-01,2025-03-01
4230,Henry Hudson Elementary School Replacement,A 785m2 elementary school addition to increase capacity from 365 to 510 students.,15,,,Institutional,Education,Educational Services,2. Mainland/Southwest,Vancouver,School District 39,,Construction started,,Public Services,TRUE,TRUE,FALSE,TRUE,TRUE,TRUE,LEED gold,FALSE,FALSE,,,,,2024-Q3,2025-Q4,,,,,(604) 713-5255,,2020-06-01,2025-03-01
4240,Mixed Use Development,Proposed 6-storey development with 107-units of affordable housing and a food bank.,22,,,Residential,Primarily residential - Single use,Residential,1. Vancouver Island/Coast,Langford,,Studio 531 Architects,Proposed,Consultation/Approvals,Residential/Commercial,FALSE,FALSE,FALSE,FALSE,FALSE,FALSE,,FALSE,FALSE,,,,,,,48.446100,-123.499730,48° 26' 45.96'' N,123° 29' 59.028'' W,(250) 384-2131 (Architect),,2020-06-01,2025-03-01
4241,Elysian Terraces Multi-family Development,"A 77-unit development of mixed apartment, townhouse and condominium housing. The townhouse phase has completed construction.",18,Project completed-removing next issue,,Residential,Primarily residential - Single use,Residential,1. Vancouver Island/Coast,Colwood,Beacon Carmannah Developments,Lowe Hammond Rowe Architects,Completed,,Residential/Commercial,FALSE,FALSE,FALSE,FALSE,FALSE,FALSE,,FALSE,FALSE,,,,,2021-Q4,2025-Q1,48.431100,-123.501330,48° 25' 51.96'' N,123° 30' 4.788'' W,(250) 812-4939,,2020-06-01,2025-03-01
4226,Duke Point Terminal Expansion,"Proposed port expansion will extend the wharf to 325 metres and add two 24-metre cranes. Terminal upgrades include utility systems renewal, a new warehouse and support buildings. The project will receive $46.2 million from the federal National Trade Corridor Fund, and $15 million through BC's economic recovery plan. A 50-year lease agreement is in place between DP World and the Port of Nanaimo. A federal Impact Assessment review is in progress,",105,,,Infrastructure,Other Transportation,Port and Harbour Facilities,1. Vancouver Island/Coast,Nanaimo,Nanaimo Port Authority/ DP World,,Proposed,Preliminary/Feasibility,Transportation & Warehousing,TRUE,TRUE,TRUE,FALSE,FALSE,FALSE,,FALSE,FALSE,,,900,,2025-Q2,2025-Q4,49.145400,-123.880870,49° 8' 43.44'' N,123° 52' 51.132'' W,(250) 753-4145,,2020-06-01,2025-03-01
4174,Highway 17 Keating Cross Overpass Project,"Project for a new overpass from the Pat Bay Hwy north to Keating Cross Rd. The improvements will include widening of Keating Cross Rd and bus pull-out facilities. Government of Canada is investing $16.7 million in this project through the New Building Canada Fund, Provincial-Territorial Infrastructure Component National and Regional Projects. The District of Central Saanich is contributing $2.5 million, and the provincial government is contributing $57.6 million for the project.",77,,,Infrastructure,Roads & Highways,Transportation,1. Vancouver Island/Coast,Central Saanich,BC Ministry of Transportation and Transit,,Construction started,,Transportation & Warehousing,TRUE,TRUE,TRUE,TRUE,FALSE,FALSE,,FALSE,FALSE,,,,,2023-Q3,2025-Q2,,,,,(250) 565-6185,,2020-06-01,2025-03-01
4248,Colwood Lodge Redevelopment,Proposed redevelopment of the current lodge to a 15-storey building with 119 affordable units. Project is being redesigned.,22,,,Residential,Primarily residential - Single use,Seniors Housing,1. Vancouver Island/Coast,Colwood,Greater Victoria Housing Society,,Proposed,Permitting,Residential/Commercial,FALSE,FALSE,FALSE,FALSE,FALSE,FALSE,,FALSE,FALSE,,,,,2025-Q2,2026-Q2,48.441110,-123.467910,48° 26' 27.996'' N,123° 28' 4.476'' W,(250) 384-3434,,2020-06-01,2025-03-01
4215,District Northwest Towers,"Proposed 922-unit condominium and 104-unit rental complex in 39, 45, and 11-storey towers will include 5-levels of underground parking, and a child care facility.",,Cancelled-removing next issue,,Residential,Primarily residential - Single use,Residential,2. Mainland/Southwest,Surrey,Thind Properties,IBI Group,On hold,,Residential/Commercial,FALSE,FALSE,FALSE,FALSE,FALSE,FALSE,,FALSE,FALSE,,,,,,,49.193260,-122.849950,49° 11' 35.736'' N,122° 50' 59.82'' W,(604) 451-7780,,2020-03-01,2025-03-01
4200,Business and Creative Technologies Facility,"Proposed 140,000 sq ft building for expansion of classrooms and research laboratories.",110,,,Institutional,Education,Educational Services,2. Mainland/Southwest,Burnaby,Simon Fraser University,,Proposed,Preliminary/Feasibility,Public Services,TRUE,FALSE,FALSE,FALSE,TRUE,TRUE,LEED,FALSE,FALSE,,,,,,,,,,,(604) 453-4500,,2020-03-01,2025-03-01
4202,Vernon Active Living Centre,Recreation centre with an indoor pool and fitness amenities. Project located at the former Kin Race Track is in early planning stages.,90,Project started construction,,Commercial,Recreation,"Arts, Entertainment & Recreation",3. Thompson-Okanagan,Vernon,City of Vernon,Faulkner Browns Architects,Construction started,,Other Services,TRUE,FALSE,FALSE,TRUE,FALSE,FALSE,,FALSE,FALSE,,,,,2025-Q1,2026-Q4,,,,,(250) 545-1361 (Vernon City),,2020-03-01,2025-03-01
4204,1880 Main Street Apartments,Proposed 131-unit rental apartments in an 11-storey building with retail space at ground level.,25,,,Residential,Primarily residential - Single use,Residential,2. Mainland/Southwest,Vancouver,Cressey Development Corp.,"Francl Architecture
Francl Architecture
Francl Architecture",Proposed,Tender/Preconstruction,Residential/Commercial,FALSE,FALSE,FALSE,FALSE,FALSE,FALSE,,FALSE,FALSE,,,,,,,49.268290,-123.100610,49° 16' 5.844'' N,123° 6' 2.196'' W,(604) 683-1256,,2020-03-01,2025-03-01
4205,"HandyDART Operations and Maintenance Facility, Victoria Regional Transit Commission","New Operations and Maintenance Facility and associated works for custom transit, including administrative space, operations building and transit yard to accommodate 110 custom transit buses.",84,Project completed-removing next issue,,Infrastructure,Other Transportation,Transportation,1. Vancouver Island/Coast,View Royal,BC Ministry of Transportation and Transit,,Completed,,Transportation & Warehousing,TRUE,TRUE,TRUE,TRUE,FALSE,TRUE,LEED,FALSE,FALSE,,,,,2019-Q4,2025-Q1,,,,,(250) 426-1500,,2020-03-01,2025-03-01
4206,Expo and Millennium Upgrade Program,Upgrades and expansion of Expo and Millennium SkyTrain facilities and systems and purchase of over 200 new SkyTrain cars.,2800,,,Infrastructure,Roads & Highways,Transportation,2. Mainland/Southwest,Metro Vancouver,BC Ministry of Transportation and Transit,,Construction started,,Transportation & Warehousing,TRUE,FALSE,TRUE,FALSE,TRUE,FALSE,,FALSE,FALSE,,,,,2020-Q3,2028-Q1,,,,,(250) 426-1500,,2020-03-01,2025-03-01
4211,Okanagan Capacity Upgrade,Proposed gas line capacity increase will see existing line extended by approximately 30 km north. An application for the project was filed with the BC Utilities Commission in Jul 2024.,327,,,Infrastructure,Utilities,Utilities,3. Thompson-Okanagan,Penticton,Fortis BC Inc.,,Proposed,,Utilities (incl sewage treatment),FALSE,FALSE,FALSE,FALSE,FALSE,FALSE,,FALSE,FALSE,,,,,,,,,,,(250) 368-0500,,2020-03-01,2025-03-01
4214,Fleetwood Village 2 Apartment Complex,793-unit development in seven 6-storey apartments and townhouses.,160,,,Residential,Primarily residential - Single use,Residential,2. Mainland/Southwest,Surrey,Estkin Developments Ltd.,Barnett Dembek Architects Inc,Construction started,,Residential/Commercial,FALSE,FALSE,FALSE,FALSE,FALSE,FALSE,,FALSE,FALSE,,,,,2023-Q1,2026-Q4,49.158510,-122.789940,49° 9' 30.6288'' N,122° 47' 23.784'' W,,,2020-03-01,2025-03-01
4217,Pitt Meadows Road and Rail Improvements Project,"Improvements include a 2-lane overpass at Kennedy Rd at the rail line, a 4-lane underpass at Harris Rd and a rail line extension. Funding will be provided by the VFPA, CP Rail and the federal government through the National Trade Corridors Fund.",195,,,Infrastructure,Other Transportation,Port and Harbour Facilities,2. Mainland/Southwest,Pitt Meadows,Vancouver Fraser Port Authority (VFPA)/ CP Rail,,Proposed,Consultation/Approvals,Transportation & Warehousing,TRUE,TRUE,FALSE,FALSE,FALSE,FALSE,,FALSE,FALSE,,,,,2025-Q2,2026-Q4,,,,,(604) 665-9000,,2020-03-01,2025-03-01
4218,Burnaby Rail Corridor Improvements Project / Holdom Overpass,"A 4-lane overpass will connect Holdom Ave to Douglas Rd. Upgrades to ventilation and rail access to Thorton Tunnel. Funding will be provided by the VFPA, CP Rail and the federal government through the National Trade Corridors Fund.",214,,,Infrastructure,Other Transportation,Port and Harbour Facilities,2. Mainland/Southwest,Burnaby,Vancouver Fraser Port Authority (VFPA)/ CP Rail,,Construction started,,Transportation & Warehousing,TRUE,FALSE,TRUE,FALSE,FALSE,FALSE,,FALSE,FALSE,,,,,2024-Q3,2025-Q4,,,,,(604) 665-9000,,2020-03-01,2025-03-01
4219,Portside/Blundell Road Improvements Project,"Project will include a new overpass on Portside Rd and widening of Blundell Rd to four lanes. Funding will be provided by the VFPA, CP Rail and the federal government through the National Trade Corridors Fund.",110,,,Infrastructure,Other Transportation,Port and Harbour Facilities,2. Mainland/Southwest,Richmond,Vancouver Fraser Port Authority (VFPA)/ CP Rail,,Proposed,Preliminary/Feasibility,Transportation & Warehousing,FALSE,FALSE,FALSE,FALSE,FALSE,FALSE,,FALSE,FALSE,,,,,,,,,,,(604) 665-9000,,2020-03-01,2025-03-01
4197,"Gateway Building (Nursing, Kinesiology, UBC Health & Integrated Student Health Services)","New building for the School of Nursing and the School of Kinesiology will also house Integrated Student Health Services. The project will include classrooms, labs, and 4 lecture theatres.",195,,,Institutional,Education,Educational Services,2. Mainland/Southwest,Vancouver,University of British Columbia,,Construction started,,Public Services,TRUE,FALSE,FALSE,FALSE,TRUE,FALSE,,FALSE,FALSE,,,,,2023-Q1,2026-Q2,,,,,(604) 731-3103,,2020-03-01,2025-03-01
4209,Inland Gas Upgrades,Upgrades and maintenance of natural gas lines will include regulation and replacement of up to 29 sections of line serving communities across BC. The project includes inline inspection equipment installation in 2020. British Columbia Utilities Commission (BCUC) approval was received in Jan 2020.,360,,,Infrastructure,Utilities,Utilities,4. Kootenay,"Cranbrook, Sparwood",Fortis BC Inc.,,Construction started,,Utilities (incl sewage treatment),FALSE,FALSE,FALSE,FALSE,FALSE,FALSE,,FALSE,FALSE,,,,,2020-Q3,2025-Q2,,,,,(250) 368-0500,,2020-03-01,2025-03-01
4213,Tilbury Phase 2 LNG expansion project,"Phase 2 expansion includes a 162,000 cubic metre tank that would triple the current storage capacity and an increased LNG liquefaction capacity to 3.5 million tonnes/yr.",3500,,Review,Industrial,Oil & Gas,Liquefied Natural Gas,2. Mainland/Southwest,Delta,Fortis BC Inc.,,Proposed,Preliminary/Feasibility,Mining & Oil & Gas Extraction,FALSE,FALSE,FALSE,FALSE,FALSE,FALSE,,FALSE,FALSE,,,,,2025-Q2,2028-Q4,49.142440,-123.034160,49° 8' 32.784'' N,123° 2' 2.976'' W,(604) 576-7536,,2020-03-01,2025-03-01
4194,Ho'-kee-melh Kloshe Lum Affordable Rental Housing,Development of two 14-storey buildings with 163 affordable rental homes and 80 shelter spaces. Vancouver Aboriginal Friendship Centre Society (VAFCS) will operate the shelter located at 1015 East Hastings St.,97,,,Residential,Primarily residential - Single use,Social Housing,2. Mainland/Southwest,Vancouver,BC Housing/ Vancouver Aboriginal Friendship Society (VAFCS),,Construction started,,Residential/Commercial,TRUE,TRUE,TRUE,TRUE,FALSE,FALSE,,FALSE,FALSE,,,,,2023-Q3,2025-Q4,49.281290,-123.081830,49° 16' 52.644'' N,123° 4' 54.588'' W,(604) 873-7011 (Vancouver City),,2020-03-01,2025-03-01
4195,Inglewood Care Centre Redevelopment,Phased redevelopment of a 230-unit care centre at 725 Inglewood Ave. Phase 2 will include 120 additional suites and possible future expansion of services on the site. Project will be a BC Housing partnership with Baptist Housing Society and Vancouver Coastal Health. Rezoning required.,500,,,Residential,Primarily residential - Single use,Social Housing,2. Mainland/Southwest,West Vancouver,BC Housing,,Proposed,Permitting,Residential/Commercial,TRUE,TRUE,FALSE,FALSE,FALSE,FALSE,,FALSE,FALSE,,,,,,,49.334890,-123.135550,49° 20' 5.604'' N,123° 8' 7.98'' W,(604) 456-8895,www.renewinglewood.ca,2020-03-01,2025-03-01
4212,Tilbury Phase 1 LNG Expansion Project,Proposed expansion includes a 0.65 million tonne liquefaction capacity increase and an up to 3 km gas line upgrade from the Tilbury facility to the Tilbury gate station.,60,,Pre-application,Industrial,Oil & Gas,Liquefied Natural Gas,2. Mainland/Southwest,Delta,Fortis BC Inc.,,Proposed,Consultation/Approvals,Mining & Oil & Gas Extraction,FALSE,FALSE,FALSE,FALSE,FALSE,FALSE,,FALSE,FALSE,,,,,2025-Q2,2028-Q4,,,,,(604) 576-7536,,2020-03-01,2025-03-01
4170,Ethylene Derivative Plant,Proposed plant to manufacture polyethylene products from the ethane produced at Olefins Ethylene Plant. Project is in very preliminary stages.,,,,Industrial,Manufacturing - Petrochemical,Petrochemical Manufacturing,5. Cariboo,Prince George,,,Proposed,Preliminary/Feasibility,Manufacturing,FALSE,FALSE,FALSE,FALSE,FALSE,FALSE,,FALSE,FALSE,,,,,,,,,,,,,2019-12-01,2025-03-01
4177,Terraced Condominium,Development of 184-units in two midrise buildings located on Charles St. The site will include 279 parking spaces. OCP amendment will be required.,36,,,Residential,Primarily residential - Single use,Residential,2. Mainland/Southwest,Port Moody,,GBL Architects,Proposed,Preliminary/Feasibility,Residential/Commercial,FALSE,FALSE,FALSE,FALSE,FALSE,FALSE,,FALSE,FALSE,,,,,,,49.278690,-122.869550,49° 16' 43.284'' N,122° 52' 10.38'' W,,,2019-12-01,2025-03-01
4173,CANXPORT (formerly Ridley Island Export Logistics Platform),Phased project to construct a large scale loading and storage platform ($250 million) for transloading bulk commodities to containers for export. The platform will be fully integrated with technology to support current and future port services. The project will receive $49.85 million from the federal government. The Trigon Pacific Terminals Berth Two Beyond Carbon project ($173 million) is underway and will increase capacity to 33.5 million tonnes annually. Funding will be provided by the National Trade Corridors Fund.,750,,,Infrastructure,Other Transportation,Port and Harbour Facilities,6. North Coast,Prince Rupert,Prince Rupert Port Authority,,Construction started,,Transportation & Warehousing,TRUE,FALSE,TRUE,FALSE,FALSE,FALSE,,FALSE,FALSE,,,200,300,2022-Q1,2026-Q4,,,,,(250) 627-8899,,2019-12-01,2025-03-01
4171,Frontier NGL Plant and Pipeline Project,"Proposed project west of Chetwynd for a straddle plant, an initiating pump station and a 130 to 170 km of 16-inch pipeline to carry natural gas liquids (NGL) to a rail loading facility south of Fort St John. The plant would extract  NGL at a rate of 1.5 bcf/d and transport for further processing. Project is in front-end engineering design (FEED) stages.",2500,,Early Engagement,Industrial,Oil & Gas,Natural Gas Pipeline,8. Northeast,Chetwynd,Enbridge Frontier Inc.,,Proposed,,Transportation & Warehousing,FALSE,FALSE,FALSE,FALSE,FALSE,FALSE,,FALSE,FALSE,,,,,,,,,,,,,2019-12-01,2025-03-01
4181,West Broadway Condominium,Proposed 154-unit development in a 14-storey condominium located at 3701 West Broadway.,30,,,Residential,Primarily residential - Single use,Residential,2. Mainland/Southwest,Vancouver,Westbank Projects Corp.,Leckie Studio Architecture + Design,Proposed,Permitting,Residential/Commercial,FALSE,FALSE,FALSE,FALSE,FALSE,FALSE,,FALSE,FALSE,,,,,,,49.264620,-123.186100,49° 15' 52.632'' N,123° 11' 9.96'' W,(604) 685-8986,,2019-12-01,2025-03-01
4178,Rental Apartments - Arbutus Street,Development of a 116-unit rental apartment in two 6-storey buildings. Project will be located on Arbutus St and include 74 parking and 227 bicycle spaces. Rezoning is required.,23,,,Residential,Primarily residential - Single use,Residential,2. Mainland/Southwest,Vancouver,PCI Group,BHA Architecture Inc.,Construction started,,Residential/Commercial,FALSE,FALSE,FALSE,FALSE,FALSE,FALSE,,FALSE,FALSE,,,,,2023-Q2,2024-Q4,49.253650,-123.153430,49° 15' 13.14'' N,123° 9' 12.348'' W,(604) 684-1151,,2019-12-01,2025-03-01
4159,Sperling Substation Metalclad Switchgear  Replacement Project,"This project will address the existing asset health, reliability and safety risks associated with the 12kV 60 series feeder section and the bulk oil breaker in the 12 kV 70/80 series feeder section, insufficient electrical clearances in the 60 series feeder section, and arc flash safety risks associated with the 12kV indoor metalclad switchgear.",76,,,Infrastructure,Utilities,Utilities,2. Mainland/Southwest,Vancouver,BC Hydro,,Construction started,,Utilities (incl sewage treatment),TRUE,FALSE,FALSE,FALSE,TRUE,FALSE,,FALSE,FALSE,,,,,2019-Q4,2027-Q2,,,,,(604) 623-4472   Toll Free: 1-866-647-3334,,2019-12-01,2025-03-01
4162,Cowichan Secondary School Replacement,New secondary school with capacity for 1.100 students will include a Neighbourhood Learning Centre. Funding will be provided by the Province and the Cowichan Valley School District ($2.2million).,86,Project completed-removing next issue,,Institutional,Education,Educational Services,1. Vancouver Island/Coast,Duncan,School District 79,,Completed,,Public Services,TRUE,TRUE,FALSE,FALSE,FALSE,FALSE,,FALSE,FALSE,,,,,2021-Q4,2025-Q1,,,,,(250) 748-2557,,2019-12-01,2025-03-01
4167,Senakw Housing Project,"Development of 6,000 units of mixed residential and affordable rental housing in 11 towers up to 56 storeys.",3000,,,Residential,Primarily residential - Single use,Residential,2. Mainland/Southwest,Vancouver,Westbank Projects/ Squamish Nation,Revery Architecture,Construction started,,Residential/Commercial,FALSE,FALSE,FALSE,FALSE,FALSE,FALSE,,FALSE,TRUE,Squamish Nation,Project partner,,,2021-Q4,2026-Q4,,,,,(604) 685-8986,,2019-12-01,2025-03-01
4184,SOCO Condominium,"Development of a 1,386-unit highrise condominium in 5 towers located on 6 acres at 319 North Rd. The project will include 70,000 sq ft of commercial space and 8 levels of parking. Phase 1 has two 27 and 31-storey towers with 494-units. Rezoning is required.",90,,,Residential,Primarily residential - Single use,Residential,2. Mainland/Southwest,Burnaby,Anthem Properties,IBI Group,Construction started,,Residential/Commercial,FALSE,FALSE,FALSE,FALSE,FALSE,FALSE,,FALSE,FALSE,,,,,2022-Q1,2025-Q2,49.288270,-122.914650,49° 17' 17.772'' N,122° 54' 52.74'' W,(604) 689-3040,www.socobyanthem.com,2019-12-01,2025-03-01
4179,Rental Apartment,Proposed development of a 6-storey affordable rental building located on a CP Rail right-of-way at Fir St and W 2nd Ave.,20,,,Residential,Primarily residential - Single use,Residential,2. Mainland/Southwest,Vancouver,,BHA Architecture,Construction started,,Residential/Commercial,FALSE,FALSE,FALSE,FALSE,FALSE,FALSE,,FALSE,FALSE,,,,,2024-Q4,2025-Q4,49.269920,-123.140510,49° 16' 11.712'' N,123° 8' 25.836'' W,(604) 873-7011 (Vancouver City),,2019-12-01,2025-03-01
4142,Cambridge Estates,Proposed development to include 95 townhomes and 7 coach homes located at 102 St and 117 Ave.,20,,,Residential,Primarily residential - Single use,Residential,8. Northeast,Fort St. John,Western Canadian Properties Group,,Proposed,Permitting,Residential/Commercial,FALSE,FALSE,FALSE,FALSE,FALSE,FALSE,,FALSE,FALSE,,,,,,,56.262560,-120.850510,56° 15' 45.216'' N,120° 51' 1.836'' W,(844) 874-9274,,2019-09-01,2025-03-01
4145,CF Richmond Centre,"2,000-unit condominium and townhouse development in 12 towers located on No. 3 Rd. Project includes 150,000 sq ft of amenities and 500,000 sq ft of retail space.",400,,,Residential,Primarily residential - Single use,Residential,2. Mainland/Southwest,Richmond,Cadillac Fairview Corporation/ Shape Properties,GBL Architects,Construction started,,Residential/Commercial,FALSE,FALSE,FALSE,FALSE,FALSE,FALSE,,FALSE,FALSE,,,,,2021-Q1,2026-Q4,49.166860,-123.136690,49° 10' 0.696'' N,123° 8' 12.084'' W,(604) 688-7236,www.liveatcfrc.com,2019-09-01,2025-03-01
4148,Highpoint Condominium,"295-unit development in a 51-storey tower located on Clarke Rd. Project will include 11,000 sq ft of amenity space.",55,,,Residential,Primarily residential - Single use,Residential,2. Mainland/Southwest,Coquitlam,Ledingham McAllister Communities Ltd.,,Construction started,,Residential/Commercial,FALSE,FALSE,FALSE,FALSE,FALSE,FALSE,,FALSE,FALSE,,,,,2021-Q4,2025-Q2,49.261670,-122.890280,49° 15' 42.012'' N,122° 53' 25.008'' W,(604) 662-3700,,2019-09-01,2025-03-01
4150,Purcell Way Development,"A 6-storey development of 124-units of condominiums, and 60 townhomes located at 1923 Purcell Way.",30,,,Residential,Primarily residential - Single use,Residential,2. Mainland/Southwest,North Vancouver,Woodbridge Northwest Communities,Rositch Hemphill Architects,Construction started,,Residential/Commercial,FALSE,FALSE,FALSE,FALSE,FALSE,FALSE,,FALSE,FALSE,,,,,2023-Q3,2025-Q2,49.317090,-123.021930,49° 19' 1.524'' N,123° 1' 18.948'' W,,,2019-09-01,2025-03-01
4138,Era Master Planned Community,"Community in 7 phases located at 223 St and Dewdney Trunk Rd. A mix of housing in 4 to 19 storey buildings, plus two 2 to 4 storey office buildings.",150,,,Residential,Primarily residential - Single use,Residential,2. Mainland/Southwest,Maple Ridge,SwissReal Developments,Iredale Architecture,Construction started,,Residential/Commercial,FALSE,FALSE,FALSE,FALSE,FALSE,FALSE,,FALSE,FALSE,,,,,2021-Q1,2030-Q4,49.220490,-122.603860,49° 13' 13.764'' N,122° 36' 13.896'' W,,,2019-09-01,2025-03-01
4155,Riviera Highrise Condominium,285-unit development in a 35-storey condominium located at 4960 Bennett St.,44,,,Residential,Primarily residential - Single use,Residential,2. Mainland/Southwest,Burnaby,Ledingham McAllister,IBI Group,Construction started,,Residential/Commercial,FALSE,FALSE,FALSE,FALSE,FALSE,FALSE,,FALSE,FALSE,,,,,2022-Q3,2025-Q2,49.224810,-122.993120,49° 13' 29.316'' N,122° 59' 35.232'' W,(604) 662-3700,,2019-09-01,2025-03-01
4144,811 Carnarvon Street Condominium,Development of a 469-unit condominium in a 44-storey tower and an 8-storey hotel with 120 guest suites. Project will include ground level retail space.,65,,,Residential,Primarily residential - Single use,Residential/Accommodation,2. Mainland/Southwest,New Westminster,Reliance Properties,,Proposed,Consultation/Approvals,Residential/Commercial,FALSE,FALSE,FALSE,FALSE,FALSE,FALSE,,FALSE,FALSE,,,,,,,49.201870,-122.913650,49° 12' 6.732'' N,122° 54' 49.14'' W,,,2019-09-01,2025-03-01
4156,Nuvo Highrise Condominium,358-unit condominium in a 44-storey tower and a 6-storey apartment located at 6075 Wilson Ave.,65,,,Residential,Primarily residential - Single use,Residential,2. Mainland/Southwest,Burnaby,Anthem Properties Group,GBL Architects,Construction started,,Residential/Commercial,FALSE,FALSE,FALSE,FALSE,FALSE,FALSE,,FALSE,FALSE,,,,,2022-Q2,2026-Q1,49.229270,-123.010630,49° 13' 45.372'' N,123° 0' 38.268'' W,(604) 689-3040,,2019-09-01,2025-03-01
4153,Marie Place Condominium,Proposed 140-unit development in two 6-storey buildings located at 405 Marie Place. Development permit has been approved.,26,,,Residential,Primarily residential - Single use,Residential,2. Mainland/Southwest,North Vancouver,,Engage Architecture,Proposed,Permitting,Residential/Commercial,FALSE,FALSE,FALSE,FALSE,FALSE,FALSE,,FALSE,FALSE,,,,,,,49.308940,-123.030880,49° 18' 32.184'' N,123° 1' 51.168'' W,,,2019-09-01,2025-03-01
4130,Zanardi Bridge and Causeway Upgrades,Proposed rehabilitation of existing bridge and construction of a new  2-track bridge at the Port of Prince Rupert Gateway. Federal funding of 60.6 million will be provided.,122,,,Infrastructure,Roads & Highways,Transportation,6. North Coast,Prince Rupert,Prince Rupert Port Authority/ CN,,Proposed,Tender/Preconstruction,Transportation & Warehousing,TRUE,FALSE,TRUE,FALSE,TRUE,FALSE,,FALSE,FALSE,,,,,2025-Q2,2025-Q4,,,,,(250) 627-8899,,2019-09-01,2025-03-01
4125,Mica Upgrade Heating Ventilation Air Conditioning (HVAC) System Project,"This project is to address the issues associated with the existing HVAC system, including the deficiencies, issues around the fire and life safety components and the mounting reliability issues associated with the HVAC system. This project will provide a reliable HVAC system, integrated with the fire alarm system, to provide effective smoke management for the safety of employees",40,,,Infrastructure,Utilities,Utilities,3. Thompson-Okanagan,Revelstoke,BC Hydro,,Construction started,,Utilities (incl sewage treatment),TRUE,FALSE,FALSE,FALSE,TRUE,FALSE,,FALSE,FALSE,,,,,2019-Q3,2025-Q4,,,,,(604) 623-4472   Toll Free: 1-866-647-3334,,2019-09-01,2025-03-01
4146,Glitz Condominiums,"75-unit condominium in a 9-storey development located at 6860 No 3 Rd. Project will include 118,000 sq ft of commercial space. Development permit approved.",20,,,Residential,Primarily residential - Single use,Residential,2. Mainland/Southwest,Richmond,iFortune Developments,GBL Architects,Construction started,,Residential/Commercial,FALSE,FALSE,FALSE,FALSE,FALSE,TRUE,LEED silver,FALSE,FALSE,,,,,2019-Q4,,49.163730,-123.136310,49° 9' 49.428'' N,123° 8' 10.716'' W,,,2019-09-01,2025-03-01
4132,2555 Whiteley Court Rental Housing,Proposed 16-storey development of a 106-unit seniors condominium to include renovations to the existing building at 2555 Whiteley Court. Development permit has been approved by council.,20,,,Residential,Primarily residential - Single use,Residential,2. Mainland/Southwest,North Vancouver,,,Proposed,Consultation/Approvals,Residential/Commercial,FALSE,FALSE,FALSE,FALSE,FALSE,FALSE,,FALSE,FALSE,,,,,,,49.331790,-123.042220,49° 19' 54.444'' N,123° 2' 31.992'' W,,,2019-09-01,2025-03-01
4100,Condominium Development,"Proposed apartment development with 502 units of rental housing located at 4683 Arbutus St. Project will include four buildings from 5 to 14 storeys with a food market, plaza and daycare.",28,,,Residential,Primarily residential - Single use,Residential,2. Mainland/Southwest,Vancouver,Broadway Properties,DIALOG Architecture and P+A Landscape Architecture,Proposed,Consultation/Approvals,Residential/Commercial,FALSE,FALSE,FALSE,FALSE,FALSE,FALSE,,FALSE,FALSE,,,,,,,49.243770,-123.154180,49° 14' 37.572'' N,123° 9' 15.048'' W,(604) 876-1188,,2019-06-01,2025-03-01
4097,UBC - Mathematics Building Replacement,"Proposed replacement of the mathematics building on the current site on West Mall. New facility will include classrooms, lecture theatres and space dedicated to research.",118,,,Institutional,Education,Educational Services,2. Mainland/Southwest,Vancouver,University of British Columbia,,Proposed,Preliminary/Feasibility,Public Services,TRUE,FALSE,FALSE,FALSE,TRUE,FALSE,,FALSE,FALSE,,,,,,2024-Q4,,,,,(604) 731-3103,,2019-06-01,2025-03-01
4093,Condominium Development - 1967 East Hastings,Proposed 131-unit condominium development located at East Hastings and Semlin Drive. The six-storey building will include retail space at the podium level. Rezoning is required.,22,,,Residential,Primarily residential - Single use,Residential,2. Mainland/Southwest,Vancouver,Reliance Properties,DIALOG Architecture,Proposed,Consultation/Approvals,Residential/Commercial,FALSE,FALSE,FALSE,FALSE,FALSE,FALSE,,FALSE,FALSE,,,,,,,49.281460,-123.064100,49° 16' 53.256'' N,123° 3' 50.76'' W,(604) 683-2404,,2019-06-01,2025-03-01
4094,Condominium Development - 1298 East Hastings Street,Proposed 207-unit condominium development located at East Hastings St and Clark Drive. Project will include 55-units of social housing. Rezoning is required.,38,,,Residential,Primarily residential - Single use,Residential,2. Mainland/Southwest,Vancouver,ONNI Group,,Proposed,Preliminary/Feasibility,Residential/Commercial,FALSE,FALSE,FALSE,FALSE,FALSE,FALSE,,FALSE,FALSE,,,,,,,49.280960,-123.077380,49° 16' 51.456'' N,123° 4' 38.568'' W,(604) 602-7711,,2019-06-01,2025-03-01
4105,SFU - Gondola,Proposed 3S tri-cable gondola to connect the Skytrain to SFU campus. In early planning and public engagement phases.,210,,,Infrastructure,Other Transportation,Transportation,2. Mainland/Southwest,Burnaby,Translink/ Simon Fraser University,,Proposed,Preliminary/Feasibility,Transportation & Warehousing,TRUE,TRUE,FALSE,FALSE,FALSE,FALSE,,FALSE,FALSE,,,,,,,,,,,(604) 453-4500,,2019-06-01,2025-03-01
4115,SCM Grinding Facility,"Proposed phased construction of a Supplementary Cementious Material (SCM) grinding facility adjacent to the Delta Cement Plant. A potential second stage includes a marine terminal depending on market conditions. The production rate will reach 650,000 t of material at capacity over a 40-year operating life.",142,,Pre-application,Industrial,Other Manufacturing,Manufacturing,2. Mainland/Southwest,Delta,Heidelberg Materials Ltd.,,Proposed,Consultation/Approvals,Manufacturing,FALSE,FALSE,FALSE,FALSE,FALSE,FALSE,,FALSE,FALSE,,,134,14,2025-Q2,2026-Q4,49.144100,-123.022800,49° 8' 38.76'' N,123° 1' 22.08'' W,(604) 946-0411,,2019-06-01,2025-03-01
4106,Dunbar Ryerson United Church Redevelopment,"Proposed development of two parcels of land on W 45th Ave by Dunbar Ryerson United Church will include church amenities and a housing project. Along with preservation of the church, a new hall and community space, there will be 40 market and 32 social housing units.",20,,,Residential,Primarily residential - Single use,Residential,2. Mainland/Southwest,Vancouver,Dunbar Ryerson United Church / Wall Financial Group,Endall Elliot Associates,Proposed,Preliminary/Feasibility,Residential/Commercial,FALSE,FALSE,FALSE,FALSE,FALSE,FALSE,,FALSE,FALSE,,,,,,,49.231090,-123.159380,49° 13' 51.924'' N,123° 9' 33.768'' W,,,2019-06-01,2025-03-01
4107,Pacific Tennis Centre,Proposed facility with 24 tennis courts near the Burnaby Lake Sports Complex will be a training hub and include space for supporting services.,30,,,Commercial,Recreation,"Arts, Entertainment & Recreation",2. Mainland/Southwest,Burnaby,City of Burnaby/ Tennis Canada,,Proposed,,Other Services,TRUE,FALSE,FALSE,TRUE,FALSE,FALSE,,FALSE,FALSE,,,,,,,49.252680,-122.968730,49° 15' 9.648'' N,122° 58' 7.428'' W,,,2019-06-01,2025-03-01
4099,UBC Okanagan - Industrial Scale Engineering Laboratory Expansion,"Planned expansion of the large scale industrial laboratory will accommodate the research, teaching and innovation of advanced technologies.",,,,Institutional,Education,Educational Services,3. Thompson-Okanagan,Kelowna,University of British Columbia,,Proposed,Preliminary/Feasibility,Public Services,TRUE,FALSE,FALSE,FALSE,TRUE,FALSE,,FALSE,FALSE,,,,,,,,,,,(604) 731-3103,,2019-06-01,2025-03-01
4088,Barclay x Thurlow Condominiums,"Development of 506 rental units, 365 condominiums and 99-units social housing in two 57 and 60 storeys. The towers will be connected by a bridge, amenities and retail space at grade. Rezoning application has been submitted.",60,,,Residential,Primarily residential - Single use,Residential,2. Mainland/Southwest,Vancouver,Bosa Properties,,Proposed,Consultation/Approvals,Residential/Commercial,FALSE,FALSE,FALSE,FALSE,FALSE,FALSE,,FALSE,FALSE,,,,,,,49.282740,-123.126860,49° 16' 57.864'' N,123° 7' 36.696'' W,(604) 299-1363,,2019-03-20,2025-03-01
4073,Nanaimo Regional General Hospital Intensive Care Unit Replacement,A new intensive care unit (ICU) will be built to replace the aging facility. Cost of the project will be shared by Island Health and the Nanaimo Regional Hospital District. The ICU has completed construction in Jun 2023 and a 12-bed high acuity unit is expected to complete in Summer 2024.,60,,,Institutional,Health,Health Care and Social Assistance,1. Vancouver Island/Coast,Nanaimo,Vancouver Island Health Authority,,Construction started,,Public Services,TRUE,TRUE,FALSE,FALSE,TRUE,FALSE,,FALSE,FALSE,,,200,,2021-Q1,2025-Q2,,,,,(250) 370-8369,,2019-03-01,2025-03-01
4084,1818 Alberni Highrise Condominium,Development of a 21-storey highrise condominium near Stanley Park. The 36 units will be 1800 to 5000 sq ft.,30,,,Residential,Primarily residential - Single use,Residential,2. Mainland/Southwest,Vancouver,Landa Global Properties,Rafii Architects,Construction started,,Residential/Commercial,FALSE,FALSE,FALSE,FALSE,FALSE,FALSE,,FALSE,FALSE,,,,,2023-Q4,2025-Q2,49.293160,-123.135820,49° 17' 35.376'' N,123° 8' 8.952'' W,(604) 738-0988,www.1818alberni.com,2019-03-01,2025-03-01
4076,Highway 1 Quartz Creek Bridge,"The key elements of the project scope include the replacement of the existing Quartz Creek Bridge No. 1607, which is nearing the end of its design life, improve approximately 4.9 km of the TCH by upgrading to a four-lane cross-section for a distance of approximately 4.4 km, geometrics improvements for 100 km/h design speed, access road improvements, rehabilitation and extension of the existing Wiseman Creek Culvert, and construction of a new Wildlife Underpass.",119,,,Infrastructure,Roads & Highways,Transportation,3. Thompson-Okanagan,Golden,BC Ministry of Transportation and Transit,,Construction started,,Transportation & Warehousing,TRUE,TRUE,TRUE,FALSE,FALSE,FALSE,,FALSE,FALSE,,,,,2021-Q2,2026-Q1,,,,,(250) 426-1500,,2019-03-01,2025-03-01
4086,Avani Centre King + Fraser Condominium,Development of a 30-storey condominium with 181 units located near Surrey City Centre.,,,,Residential,Primarily residential - Single use,Residential,2. Mainland/Southwest,Surrey,Avani Investment Group,Architecture49,On hold,,Residential/Commercial,FALSE,FALSE,FALSE,FALSE,FALSE,FALSE,,FALSE,FALSE,,,,,,,49.180670,-122.697460,49° 10' 50.412'' N,122° 41' 50.856'' W,(778) 591-8700,,2019-03-01,2025-03-01
4081,Latimer Heights Community,"Development of 2,000 units of townhouse and single family homes located on a 74 acre site on 202B Street.",150,,,Residential,Primarily residential - Single use,Residential,2. Mainland/Southwest,Langley,Vesta Properties,Ciccozzi Architecture,Construction started,,Residential/Commercial,FALSE,FALSE,FALSE,FALSE,FALSE,FALSE,,FALSE,FALSE,,,,,2019-Q2,2025-Q4,49.152030,-122.660780,49° 9' 7.308'' N,122° 39' 38.808'' W,(604) 888-7869,www.latimerheights.com,2019-03-01,2025-03-01
4080,5740 Cambie Condominiums,Proposed 213-unit development in 14 and 27 storey buildings across from Oakridge mall. Rezoning is required.,40,,,Residential,Primarily residential - Single use,Residential,2. Mainland/Southwest,Vancouver,Polygon Oakridge Development,,Proposed,Consultation/Approvals,Residential/Commercial,FALSE,FALSE,FALSE,FALSE,FALSE,FALSE,,FALSE,FALSE,,,,,,,49.232690,-123.115670,49° 13' 57.684'' N,123° 6' 56.412'' W,,,2019-03-01,2025-03-01
4067,UBC Farm Centre,Construction of a Farm Centre to house the Food and Beverage Technology and the Centre for Sustainable Food Systems research and teaching programs.,20,,,Institutional,Education,Educational Services,2. Mainland/Southwest,Vancouver,University of British Columbia,,Proposed,,Public Services,TRUE,FALSE,FALSE,FALSE,TRUE,FALSE,,FALSE,FALSE,,,,,,,,,,,(604) 731-3103,,2019-03-01,2025-03-01
4074,Highway 1 Widening - 216 Street to 264 Street,"Widening of 10 km of Highway 1 from 216 St to 264 St. Project will include extending the HOV lane and a commercial and passenger vehicle parking lot at Hwy 17. Glover Rd crossing replacement is expected to complete in Summer 2024. Upcoming phase of the project will include the replacement of the interchange at 232nd St with a higher structure. Funding will be provided by the federal government through the New Building Canada Fund ($95.9 M), The provincial government ($225.58 M) and the Township of Langley ($23.37 M).",345,,,Infrastructure,Roads & Highways,Transportation,2. Mainland/Southwest,Langley,BC Ministry of Transportation and Transit,,Construction started,,Transportation & Warehousing,TRUE,TRUE,TRUE,TRUE,FALSE,FALSE,,FALSE,FALSE,,,,,2022-Q2,2026-Q4,,,,,(604) 456-2420,,2019-03-01,2025-03-01
4066,UBC - Geography Building Replacement,Proposed replacement of the Geography building to meet current codes and configuration requirements.,50,,,Institutional,Education,Educational Services,2. Mainland/Southwest,Vancouver,University of British Columbia,,Proposed,Consultation/Approvals,Public Services,TRUE,FALSE,FALSE,FALSE,TRUE,FALSE,,FALSE,FALSE,,,,,,2021-Q4,,,,,(604) 731-3103,,2019-03-01,2025-03-01
4058,The Lauren Condominium,Six-storey development of a 60-unit midrise condominium on 3rd Ave will include retail at grade level.,20,,,Residential,Primarily residential - Single use,Residential,2. Mainland/Southwest,Squamish,Performing Equity Developments,,Proposed,Tender/Preconstruction,Residential/Commercial,FALSE,FALSE,FALSE,FALSE,FALSE,FALSE,,FALSE,FALSE,,,,,,,,,,,(604) 620-3728,,2018-12-01,2025-03-01
4033,Annacis Island Wastewater Treatment Plant Upgrades,"Plant upgrades to include infrastructure and equipment to expand wastewater treatment capacity, backup power and seismic improvements. Phased projects include new outfall pipeline. wastewater treatment equipment retrofit, laboratory and supporting structures, expecting to complete in stages to late 2029. Regional biosolids dryer and new digester expected to complete 2033.",1970,,,Infrastructure,Utilities,"Water, Sewage, and Other Systems",2. Mainland/Southwest,Delta,Corporation of Delta,,Construction started,,Utilities (incl sewage treatment),TRUE,FALSE,FALSE,TRUE,FALSE,FALSE,,FALSE,FALSE,,,,,2019-Q2,2023-Q4,49.164090,-122.949080,49° 9' 50.724'' N,122° 56' 56.688'' W,604 432-6200 (Metro Vancouver),,2018-12-01,2025-03-01
4023,RW Bruhn Bridge Replacement,Construction of a 5-lane bridge to replace existing bridge. Project will include intersection improvements and a multi-use path. Federal government providing $91.082 million funding.,260,,,Infrastructure,Roads & Highways,Transportation,3. Thompson-Okanagan,Sicamous,BC Ministry of Transportation and Transit,,Construction started,,Transportation & Warehousing,TRUE,TRUE,TRUE,FALSE,FALSE,FALSE,,FALSE,FALSE,,,,,2024-Q3,2027-Q3,,,,,(250) 356-1861,,2018-12-01,2025-03-01
4024,Harry Jerome Recreation Centre,"Proposed 230,000 sq ft recreation centre to include a swimming pool, gymnasiums, and a 500-seat arena.  Also included are amenities for seniors and youth and a daycare, park and fitness centre.",180,,,Commercial,Recreation,"Arts, Entertainment & Recreation",2. Mainland/Southwest,North Vancouver,City of North Vancouver,,Construction started,,Other Services,TRUE,TRUE,FALSE,TRUE,FALSE,FALSE,,FALSE,FALSE,,,,,2022-Q3,2025-Q4,49.320490,-123.073900,49° 19' 13.764'' N,123° 4' 26.04'' W,(604) 985-7761 (North Vancouver City),,2018-12-01,2025-03-01
4026,Fairview Container Terminal Expansion - Phase 2B,"Container port expansion to increase capacity to 1.8 million TEU's, Phase 2B will include storage yard increase to 41 hectares and the addition of 2 gantry cranes. Phase 2B Stage 1B is in development.",600,,,Infrastructure,Other Transportation,Port and Harbour Facilities,6. North Coast,Prince Rupert,Prince Rupert Port Authority/ DP World,,Construction started,,Transportation & Warehousing,FALSE,FALSE,FALSE,FALSE,FALSE,FALSE,,FALSE,FALSE,,,300,,2020-Q4,2025-Q2,54.28646,-130.35684,"54° 17' 11.26"" N","130° 21' 24.62"" W",(250) 627-8899 (Prince Rupert Port Authority),,2018-12-01,2025-03-01
4030,Glenmore Secondary School,Proposed new 1500-student capacity secondary school located on Burtch Rd.,127,,,Institutional,Education,Educational Services,3. Thompson-Okanagan,Kelowna,School District 23,,Proposed,,Public Services,TRUE,TRUE,FALSE,FALSE,FALSE,FALSE,,FALSE,FALSE,,,,,,,,,,,(250) 860-8888,,2018-12-01,2025-03-01
4054,Highrise Mixed-use Development - 1780 East Broadway,"Proposed development of 4 buildings with 11, 17, 21 and 24 storeys on a 2 storey commercial podium. Project will have 218- units residential and 306-units commercial with 524 parking spaces. Located near the East 10th Ave Skytrain, there will be 22,000 sq ft of public space including a playground and a plaza. Rezoning is required.",80,,,Residential,Primarily residential - Single use,Residential/Commercial,2. Mainland/Southwest,Vancouver,Westbank Projects Corp./Crombie REIT,,Proposed,Preliminary/Feasibility,Residential/Commercial,FALSE,FALSE,FALSE,FALSE,FALSE,FALSE,,FALSE,FALSE,,,,,,,49.261685,-123.068567,49° 15' 42.066'' N,123° 4' 6.8412'' W,(604) 685-8986,,2018-12-01,2025-03-01
4055,Redbridge Condominium,"435-unit condominium development will include 10,000 sq m of commercial space and public amenities.",70,,,Residential,Primarily residential - Single use,Residential,2. Mainland/Southwest,Squamish,Kingswood Capital Corp.,,Construction started,,Residential/Commercial,FALSE,FALSE,FALSE,FALSE,FALSE,FALSE,,FALSE,FALSE,,,,,2022-Q2,2025-Q3,49.701440,-123.142050,49° 42' 5.184'' N,123° 8' 31.38'' W,(604) 687-1520,,2018-12-01,2025-03-01
4041,UBC - Chemistry Laboratory Complex,"Proposed 274,910 sq ft undergraduate chemistry teaching lab and chemistry physics research lab. Funding will be provided by UBC ($112 million) and requested from the Province ($112 million).",286,,,Institutional,Education,Educational Services,2. Mainland/Southwest,Vancouver,University of British Columbia,,Proposed,Preliminary/Feasibility,Public Services,TRUE,TRUE,FALSE,FALSE,TRUE,FALSE,,FALSE,FALSE,,,,,2025-Q2,2026-Q4,,,,,(604) 822-6400,,2018-12-01,2025-03-01
4052,Gala Lowrise Condominium,Proposed development of 75 units in a 4-storey condominium located at 20276 73A Ave.,20,,,Residential,Primarily residential - Single use,Residential,2. Mainland/Southwest,Langley,Essence Properties,Focus Architecture,Proposed,Tender/Preconstruction,Residential/Commercial,FALSE,FALSE,FALSE,FALSE,FALSE,FALSE,,FALSE,FALSE,,,,,,,49.135669,-122.671551,49° 8' 8.4084'' N,122° 40' 17.5836'' W,(778) 574-0777,,2018-12-01,2025-03-01
4042,UBC - Mathematics Building,Proposed mathematics annex and LS Klinck building replacement. Funding will be provided by UBC ($59 million) and requested from the Province ($59 million).,126,,,Institutional,Education,Educational Services,2. Mainland/Southwest,Vancouver,University of British Columbia,,Proposed,Preliminary/Feasibility,Public Services,TRUE,FALSE,FALSE,FALSE,TRUE,FALSE,,FALSE,FALSE,,,,,,2023-Q4,,,,,(604) 822-6400,,2018-12-01,2025-03-01
4043,UBC - Community Health and Fitness Centre,"Proposed project to renew and consolidate the Community Health Sciences, Recreational Fitness Centre and War Memorial Gym facilities. Funding will be provided by the Province of BC ($80 million), UBC ($110 million) and the remaining from fundraising ($20 million).",210,,,Institutional,Education,Educational Services,2. Mainland/Southwest,Vancouver,University of British Columbia,,Proposed,Consultation/Approvals,Public Services,TRUE,FALSE,FALSE,FALSE,TRUE,FALSE,,FALSE,FALSE,,,,,,,,,,,(604) 822-6400,,2018-12-01,2025-03-01
3988,95 West Hastings Rental Condominium,Proposed 132-unit rental housing in a 10-storey building. Retail space will be located at ground level.,22,,,Residential,Primarily residential - Single use,Residential,2. Mainland/Southwest,Vancouver,Holborn Group,Gair Williamson Architects,Proposed,,Residential/Commercial,FALSE,FALSE,FALSE,FALSE,FALSE,FALSE,,FALSE,FALSE,,,,,,,49.282190,-123.106610,49° 16' 55.884'' N,123° 6' 23.796'' W,(604) 688-8387,,2018-09-01,2025-03-01
4021,Tenas Coal Project,Proposed development of a surface coal mine to produce roughly 15 million tonnes of metallurgical coal/yr over a 25 yr mine life.,82,,Review,Industrial,Mining,Mining,7. Nechako,Smithers Region,Telkwa Coal Ltd.,,Proposed,Consultation/Approvals,Mining & Oil & Gas Extraction,FALSE,FALSE,FALSE,FALSE,FALSE,FALSE,,FALSE,TRUE,Wet’suwet’en,Located on Traditional Territory,,,,,54.6133,-127.1787,"54°36'48"" N","127°10’43.25"" W",,,2018-09-01,2025-03-01
4020,Ridley Island Energy Export Facility,"Proposed liquids storage and export facility located on Ridley Island. The project will include containment and safety systems for a capacity of 90,000 cubic metres of LPG, 260,000 cubic metres of CPP and 220,000 cubic metres of methanol. Final Investment Decision stage in progress.",750,,Certified,Industrial,Oil & Gas,Liquefied Natural Gas,6. North Coast,Prince Rupert,Vopak Development Canada Inc./ AltaGas,,Proposed,Consultation/Approvals,Mining & Oil & Gas Extraction,FALSE,FALSE,FALSE,FALSE,FALSE,FALSE,,FALSE,FALSE,,,300,50,,,54.22148,-130.316,"54° 13' 17.33"" N","130° 18' 57.6"" W",,,2018-09-01,2025-03-01
3979,Mica Upgrade 600V Circuit Breakers Project,This project is to replace Mica's five 600V station switchgear assemblies and upgrade and relocate stations diesel generators.,32,,,Infrastructure,Utilities,Utilities,3. Thompson-Okanagan,Revelstoke,BC Hydro,,Construction started,,Utilities (incl sewage treatment),TRUE,FALSE,FALSE,FALSE,TRUE,FALSE,,FALSE,FALSE,,,,,2018-Q3,2025-Q4,,,,,(604) 623-4472   Toll Free: 1-866-647-3334,,2018-09-01,2025-03-01
3974,Cowichan District Hospital Replacement,"Cowichan District Hospital Replacement. The 46,000 sq m building will be built in phases and include 204 inpatient beds, operating rooms and modern diagnostic facilities.",1446,,,Institutional,Health,Health Care and Social Assistance,1. Vancouver Island/Coast,Duncan,Vancouver Island Health Authority,,Construction started,,Public Services,TRUE,TRUE,FALSE,FALSE,TRUE,TRUE,LEED gold,FALSE,FALSE,,,,,2023-Q2,2027-Q4,,,,,(250) 830-6953,,2018-09-01,2025-03-01
3995,Sophora at the Park,"222-unit condominium in a 40-storey tower with 24,000 sq ft of commercial space in a 5-storey commercial podium.",48,,,Residential,Primarily residential - Single use,Residential,2. Mainland/Southwest,Coquitlam,Polygon Homes,Chris Dikeakos Architects,Construction started,,Residential/Commercial,FALSE,FALSE,FALSE,FALSE,FALSE,FALSE,,FALSE,FALSE,,,,,2021-Q1,2023-Q4,49.281970,-122.790650,49° 16' 55.092'' N,122° 47' 26.34'' W,(604) 877-1131,,2018-09-01,2025-03-01
4008,Georgetown Mixed-Use Development,"Mixed-use 3618-unit development with 8 highrise apartments and 100,000 sq ft of office and retail space. Located on a 14 acre site in the city center.",,,,Residential,Mixed use,Mixed use - Residential/Commercial/Retail/ Industrial,2. Mainland/Southwest,Surrey,Anthem Properties,,Construction started,,Residential/Commercial,FALSE,FALSE,FALSE,FALSE,FALSE,FALSE,,FALSE,FALSE,,,,,2019-Q4,2030-Q4,49.187940,-122.843920,49° 11' 16.584'' N,122° 50' 38.112'' W,(604) 689-3040,www.anthemgeorgetown.com,2018-09-01,2025-03-01
4009,Park George Condominium,Phased 676-unit development in 39-storey condominium towers.,85,,,Residential,Primarily residential - Single use,Residential,2. Mainland/Southwest,Surrey,Concord Pacific,"DYS Architects
DYS Architects
DYS Architects",Construction started,,Residential/Commercial,FALSE,FALSE,FALSE,FALSE,FALSE,FALSE,,FALSE,FALSE,,,,,2020-Q2,2025-Q4,49.184200,-122.843260,49° 11' 3.12'' N,122° 50' 35.736'' W,(604) 681-8882,www.parkgeorge.com,2018-09-01,2025-03-01
4014,Aquara in Victoria West Seniors Complex,"Retirement community located at Kimta Rd at Tyee Rd. A 5 storey building will include 111 rental units 50 condominiums and 2,000 sq ft commercial space.",20,,,Residential,Primarily residential - Single use,Seniors Housing,1. Vancouver Island/Coast,Victoria,Element Lifestyle Retirement Inc.,,Proposed,Consultation/Approvals,Residential/Commercial,FALSE,FALSE,FALSE,FALSE,FALSE,FALSE,,FALSE,FALSE,,,,,,,,,,,(604) 676-1418,,2018-09-01,2025-03-01
3975,Dawson Creek Hospital,Development of a 70-bed Dawson Creek Hospital has received approval from the Province. The new facility will include an emergency department and laboratory. The design build contract has been  awarded to Graham Design Builders LP.,590,,,Institutional,Health,Health Care and Social Assistance,8. Northeast,Dawson Creek,Northern Health Authority,,Construction started,,Public Services,TRUE,TRUE,FALSE,FALSE,TRUE,TRUE,LEED gold,FALSE,FALSE,,,,,2023-Q4,2027-Q4,,,,,(250) 649-7542,,2018-09-01,2025-03-01
3965,Ocean Stories Retirement Community,Development of a  200-unit seniors care facility in 4 buildings to include assisted living and hospice. Project requires rezoning and Official Community Plan (OCP) amendments.,35,,,Residential,Primarily residential - Single use,Seniors Housing,2. Mainland/Southwest,Sechelt,Spani Developments Ltd.,Mobius Architecture,Proposed,,Residential/Commercial,FALSE,FALSE,FALSE,FALSE,FALSE,FALSE,,FALSE,FALSE,,,,,,,,,,,(604) 740-0424,,2018-06-01,2025-03-01
3958,Foster Ave and North Rd Development,"Proposed 41-storey development of 304-unit residential tower, a 6-storey rental building and 1,700 sq ft of retail space at ground level.",66,,,Residential,Primarily residential - Single use,Residential,2. Mainland/Southwest,Burnaby,Amacon Development Corp.,Chris Dikeakos Architects,Proposed,Consultation/Approvals,Residential/Commercial,FALSE,FALSE,FALSE,FALSE,FALSE,FALSE,,FALSE,FALSE,,,,,,,49.256420,-122.892400,49° 15' 23.112'' N,122° 53' 32.64'' W,(604) 602-7700,,2018-06-01,2025-03-01
3959,Flavelle Oceanfront Mixed-Use Development,"Proposed redevelopment of the 34 acre  Flavelle Sawmill site has been approved for rezoning. The project will include 3,400 residential units in 12 towers up to 38 storeys, 103,000 sq ft designated light industrial, 99,000 sq ft office space, 72,000 sq ft of retail space and a 106,000 sq ft campus of care facility.",,,,Residential,Mixed use,Mixed use - Residential/Commercial/Retail/ Industrial,2. Mainland/Southwest,Port Moody,AP Group,Wensley Architecture,Proposed,Consultation/Approvals,Residential/Commercial,FALSE,FALSE,FALSE,FALSE,FALSE,TRUE,LEED,FALSE,FALSE,,,,,,,49.278690,-122.854740,49° 16' 43.284'' N,122° 51' 17.064'' W,(604) 580-3646,www.flavelleoceanfront.ca,2018-06-01,2025-03-01
3942,Canoe Reach Geothermal Energy Project,Proposed 23MW geothermal power plant at Canoe Reach south of Valemount. Pre-feasibility study has completed and subsurface test drilling has commenced.,120,,,Infrastructure,Utilities,Utilities,5. Cariboo,Valemount,Borealis Geopower,,Proposed,Consultation/Approvals,Utilities (incl sewage treatment),FALSE,FALSE,FALSE,FALSE,FALSE,FALSE,,TRUE,FALSE,,,,,,,,,,,(403) 536-0871 (Borealis Inc),www.borealisgeopower.com,2018-06-01,2025-03-01
3957,The Dunes Residential Development,Proposed 317-unit multi-family residential development is in planning stages.,50,,,Residential,Primarily residential - Single use,Residential,3. Thompson-Okanagan,Kamloops,,,Proposed,Preliminary/Feasibility,Residential/Commercial,FALSE,FALSE,FALSE,FALSE,FALSE,FALSE,,FALSE,FALSE,,,,,,,50.780750,-120.330060,50° 46' 50.7'' N,120° 19' 48.216'' W,,,2018-06-01,2025-03-01
3956,Condominium Tower,Proposed development of a 49-storey condominium with 235 units at 1500 W. Georgia St.,50,,,Residential,Primarily residential - Single use,Residential,2. Mainland/Southwest,Vancouver,Bosa Properties,,Construction started,,Residential/Commercial,FALSE,FALSE,FALSE,FALSE,FALSE,FALSE,,FALSE,FALSE,,,,,,2027-Q4,49.290070,-123.130550,49° 17' 24.252'' N,123° 7' 49.98'' W,(604) 299-1363,,2018-06-01,2025-03-01
3954,Mica Modernize Controls  Project,"This project will address the reliability, maintainability, and operability of the Units 1-4 exciters, governors, unit controls and control room controls at the Mica Creek Generating Station.",56,Project completed-removing next issue,,Infrastructure,Utilities,Utilities,3. Thompson-Okanagan,Revelstoke,BC Hydro,,Completed,,Utilities (incl sewage treatment),TRUE,FALSE,FALSE,FALSE,TRUE,FALSE,,FALSE,FALSE,,,,,2018-Q2,2025-Q1,,,,,(604) 623-4472   Toll Free: 1-866-647-3334,,2018-06-01,2025-03-01
3951,Affordable Housing Complex,"Proposal to upgrade 71 units in two apartment buildings at 3800 27 Ave, and build an additional 41-unit apartment.",23,,,Residential,Primarily residential - Single use,Social Housing,3. Thompson-Okanagan,Vernon,Vancouver Resource Society,,Proposed,Consultation/Approvals,Residential/Commercial,TRUE,TRUE,FALSE,FALSE,FALSE,FALSE,,FALSE,FALSE,,,,,,,50.260940,-119.286090,50° 15' 39.384'' N,119° 17' 9.924'' W,,,2018-06-01,2025-03-01
3943,Kinskuch Hydroelectric Project,"Proposed 50 - 80 MW high head hydroelectric project located 150 km north of Terrace in the Skeena region. Included in the project will be a dam to increase Kinskuch lake storage, an intake structure, tunnel and penstock, a powerhouse located at the upper Kinskuch River and a 60km 138 kV transmission line.",250,,Review,Infrastructure,Utilities,Utilities,6. North Coast,Iskut,WindRiver Power Corp.,,Proposed,Permitting,Utilities (incl sewage treatment),FALSE,FALSE,FALSE,FALSE,FALSE,FALSE,,TRUE,TRUE,Nisga's Nation,Benefits Agreement,150,5,2025-Q2,2027-Q3,,,,,(604) 854-5465,,2018-06-01,2025-03-01
3961,The George Marine Resort Hotel and Residential Development,Proposed 6-storey development of a 116-room hotel with a conference centre and a 3-storey parking garage.,,,,Commercial,Accommodation,Accommodation/Residential,2. Mainland/Southwest,Gibsons,,Collabor8 Architecture,On hold,,Residential/Commercial,FALSE,FALSE,FALSE,FALSE,FALSE,FALSE,,FALSE,FALSE,,,,,,,49.388434,-123.514092,49° 23' 40.0596'' N,123° 27' 24.4476'' W,,www.georgegibsonsresidences.com,2018-06-01,2025-03-01
3941,Douglas Tower Brentwood,Condominium tower in preliminary stages to be located at 2152 Douglas Rd.,,,,Residential,Primarily residential - Single use,Residential,2. Mainland/Southwest,Burnaby,IMANI Development,,Proposed,Preliminary/Feasibility,Residential/Commercial,FALSE,FALSE,FALSE,FALSE,FALSE,FALSE,,FALSE,FALSE,,,,,,,49.264800,-122.990840,49° 15' 53.28'' N,122° 59' 27.024'' W,(604) 568-1333,,2018-06-01,2025-03-01
3920,Parkside at Lynn Mixed use Development,"Mixed use development with 327- units of rental and market housing in 10 buildings up to 12 storeys. The project will be built in four phases, starting with a six-storey, 84-unit rental building.",60,Project completed-removing next issue,,Residential,Mixed use,Mixed use - Residential/Commercial/Retail/ Industrial,2. Mainland/Southwest,North Vancouver,Mosaic Homes Ltd.,Ramsay Worden Architects,Completed,,Residential/Commercial,FALSE,FALSE,FALSE,FALSE,FALSE,FALSE,,FALSE,FALSE,,,,,2022-Q1,2025-Q1,49.330508,-123.038935,49° 19' 49.83'' N,123° 2' 20.17'' W,(604) 685-3888,,2018-03-01,2025-03-01
3939,1684 Alberni Condominium,Proposed 94-unit condominium in a 39-storey building at 1684 Alberni St.,20,,,Residential,Primarily residential - Single use,Residential,2. Mainland/Southwest,Vancouver,Westbank Projects Corp.,Bing Thom Architects,Proposed,Permitting,Residential/Commercial,FALSE,FALSE,FALSE,FALSE,FALSE,FALSE,,FALSE,FALSE,,,,,,,49.290799,-123.132935,49° 17' 26.88'' N,123° 7' 58.57'' W,(604) 685-8986,,2018-03-01,2025-03-01
3931,Whalley District,Proposed 35-storey development of 349-units located at 107A Ave.,54,,,Residential,Primarily residential - Single use,Residential,2. Mainland/Southwest,Surrey,Tien Sher Group of Companies,Chris Dikeakos Architects Inc.,Proposed,Preliminary/Feasibility,Residential/Commercial,FALSE,FALSE,FALSE,FALSE,FALSE,FALSE,,FALSE,FALSE,,,,,,,,,,,(604) 207-4633,,2018-03-01,2025-03-01
3922,Union Bay Estates,"Proposed 346 hectare residential and resort development with 2,949-units mixed residential, 2 hotels, 375,000 sq ft of commercial space and a marina. The project is expected to be developed over 20 years and will include 50 hectares of park with forest trails and beachfront. In Dec 2017, a revised Master Development Agreement received approval.",2000,,,Commercial,Accommodation,Resort/Residential,1. Vancouver Island/Coast,Union Bay,Kensington Union Bay Properties Ltd.,,Proposed,Consultation/Approvals,Residential/Commercial,FALSE,FALSE,FALSE,FALSE,FALSE,FALSE,,FALSE,TRUE,K'omoks First Nation,Impact Benefit Agreement,,,,2038-Q4,49.579689,-124.8841019,"49° 34' 46.88"" N","124° 53' 2.77"" W",,www.union-bay.com,2018-03-01,2025-03-01
3912,Surrey Hospital,"New 890,000 sq ft hospital located in Cloverdale. Project will include 168-beds in an 11-storey building with an emergency department, outpatient services and a BC Cancer Centre. Ellis-Don has been selected for the design-build contract.",2881,,,Institutional,Health,Health Care and Social Assistance,2. Mainland/Southwest,Surrey,Fraser Health Authority,,Construction started,,Public Services,TRUE,TRUE,FALSE,FALSE,TRUE,TRUE,LEED,FALSE,FALSE,,,,,2023-Q3,2029-Q2,49.101720,-122.723540,49° 6' 6.192'' N,122° 43' 24.744'' W,(604) 450-7881,,2018-03-01,2025-03-01
3925,Courtenay Condominiums,Proposed 7-storey condominium development located in Mulgrave Park.,20,,,Residential,Primarily residential - Single use,Residential,2. Mainland/Southwest,West Vancouver,British Pacific Properties,Ramsay Worden Architects,Proposed,Tender/Preconstruction,Residential/Commercial,FALSE,FALSE,FALSE,FALSE,FALSE,FALSE,,FALSE,FALSE,,,,,,,,,,,(604) 925-9000,,2018-03-01,2025-03-01
3885,Lions Gate Towers,"Development of 451 units of rental condominiums in 4 phases. Project will include seven buildings from 4 to 18 storeys, a community centre, public space and 631-space underground parking and mini storage facility.",68,,,Residential,Primarily residential - Single use,Residential,2. Mainland/Southwest,North Vancouver,Larco Investments,,Construction started,,Residential/Commercial,FALSE,FALSE,FALSE,FALSE,FALSE,FALSE,,FALSE,FALSE,,,,,2018-Q2,2026-Q4,49.326451,-123.121745,49° 19' 35.22'' N,123° 7' 18.28'' W,(604) 925-2700,,2017-12-01,2025-03-01
3908,Babcock Ridge Wind Farm,Proposed 15 MW wind farm has been accepted by BC Hydro standing offer program in Mar 2017. The BC Hydro Standing Offer Program (SOP) has been suspended.,50,,,Infrastructure,Utilities,Utilities,8. Northeast,Tumbler Ridge,Boralex,,Proposed,,Utilities (incl sewage treatment),FALSE,FALSE,FALSE,FALSE,FALSE,FALSE,,TRUE,FALSE,,,,,,,,,,,(855) 604-6403,,2017-12-01,2025-03-01
3879,Condominium Development,"Proposed redevelopment of the North Shore Winter Club site with 930 units in three towers of 26, 29 and 32 storeys. Council rejected proposal July 2019.",30,,,Residential,Primarily residential - Single use,Residential,2. Mainland/Southwest,North Vancouver,Darwin Properties,Perkins + Will Architects,On hold,,Residential/Commercial,FALSE,FALSE,FALSE,FALSE,FALSE,FALSE,,FALSE,FALSE,,,,,,,,,,,(604) 929-7944,www.NSWCLands.ca,2017-12-01,2025-03-01
3902,Victoria Parc Apartments,"Proposed 268-unit apartment in a 10-storey seniors complex located at 891 Fort St. The project will include 10,600 sq ft of commercial space at ground level.",38,,,Residential,Primarily residential - Single use,Residential,1. Vancouver Island/Coast,Victoria,Pacific Arbour Six Residences Ltd and Parc Retirement Living,Besharat Friars Architects,Proposed,Tender/Preconstruction,Residential/Commercial,FALSE,FALSE,FALSE,FALSE,FALSE,FALSE,,FALSE,FALSE,,,,,,,48.424076,-123.360192,48° 25' 26.67'' N,123° 21' 36.69'' W,(250) 361-0382 (Victoria City),,2017-12-01,2025-03-01
3881,Masonic Centre and Apartments,Redevelopment of Masonic Centre will include replacement of the centre in a 4-storey building and an additional 18-storey apartment with 159 rental units. Project located on 8th and Granville St will be built to LEED Gold standards.,28,,,Residential,Primarily residential - Single use,Residential,2. Mainland/Southwest,Vancouver,,SHAPE Architecture Inc.,Proposed,Consultation/Approvals,Residential/Commercial,FALSE,FALSE,FALSE,FALSE,FALSE,TRUE,LEED Gold,FALSE,FALSE,,,,,,,49.264464,-123.137658,49° 15' 52.07'' N,123° 8' 15.57'' W,(604) 687-4457 (Architect),,2017-12-01,2025-03-01
3883,Condominium and Hotel Development,Proposed re-development of the Best Western site on Capilano Rd. Project will include 275 mixed condominium units in a 24-storey building and a 140-room hotel in a 12-storey building.,50,,,Residential,Primarily residential - Single use,Residential/Accommodation,2. Mainland/Southwest,North Vancouver,Chard Developments Ltd.,Musson Cattell Mackay Partnership,Proposed,Consultation/Approvals,Residential/Commercial,FALSE,FALSE,FALSE,FALSE,FALSE,FALSE,,FALSE,FALSE,,,,,,,49.325232,-123.120987,49° 19' 30.84'' N,123° 7' 15.55'' W,(604) 687-2990 (Architect),,2017-12-01,2025-03-01
3884,Marvel Tower,"Proposed development of a 29-storey condominium with 208 units,  a 6-storey building with 56 units and a 4-storey building with 35 rental units. Project is located on the Travelodge site on Marine Dr. Rezoning is required.",38,,,Residential,Primarily residential - Single use,Residential,2. Mainland/Southwest,North Vancouver,Marvel Group Corp.,IBI Group,Proposed,,Residential/Commercial,FALSE,FALSE,FALSE,FALSE,FALSE,FALSE,,FALSE,FALSE,,,,,,,49.325127,-123.124254,49° 19' 30.46'' N,123° 7' 27.31'' W,(604) 971-5341,,2017-12-01,2025-03-01
3897,Hyatt Centric Victoria Hotel,A 135-room hotel in a 6-storey building located at 1324 Broad St. with retail space at ground level.,50,,,Residential,Primarily residential - Single use,Residential,1. Vancouver Island/Coast,Victoria,Chard Development,de Hoog Kierulf Architects,Construction started,,Residential/Commercial,FALSE,FALSE,FALSE,FALSE,FALSE,FALSE,,FALSE,FALSE,,,,,2023-Q3,2026-Q4,48.427331,-123.366250,48° 25' 38.39'' N,123° 21' 58.5'' W,(250) 381-1345,,2017-12-01,2025-03-01
3887,Maplewood Gardens,Proposed development with 553 market condominiums and 58 affordable rental units.,45,,,Residential,Primarily residential - Single use,Residential,2. Mainland/Southwest,North Vancouver,QuadReal Property Group,,Proposed,Consultation/Approvals,Residential/Commercial,FALSE,FALSE,FALSE,FALSE,FALSE,FALSE,,FALSE,FALSE,,,,,,,49.307119,-123.016160,49° 18' 25.6284'' N,123° 0' 58.176'' W,(604) 929-7944,,2017-12-01,2025-03-01
3891,Lansdowne Centre Redevelopment,"Phased redevelopment of a 50-acre property with 22 residential towers and 2 office towers, retail space and a 10-acre park.",,,,Residential,Primarily residential - Single use,Residential,2. Mainland/Southwest,Richmond,Vanprop Investments Ltd.,,Proposed,Permitting,Residential/Commercial,FALSE,FALSE,FALSE,FALSE,FALSE,FALSE,,FALSE,FALSE,,,,,2025-Q2,2028-Q4,49.175515,-123.132470,49° 10' 31.85'' N,123° 7' 56.89'' W,(604) 270-1569,,2017-12-01,2025-03-01
3892,Pacific House Condominium,"Condominiums in a 9 storey building with 66-unts, including 3 townhomes, and ground floor commercial space.",17,,,Residential,Primarily residential - Single use,Residential,1. Vancouver Island/Coast,Esquimalt,Lexi Development Group,Farzin Yadegari Architect,Construction started,,Residential/Commercial,FALSE,FALSE,FALSE,FALSE,FALSE,FALSE,,FALSE,FALSE,,,,,2022-Q1,2025-Q2,48.430497,-123.400338,48° 25' 49.79'' N,123° 24' 1.22'' W,(604) 779-5394,www.899esquimalt.ca,2017-12-01,2025-03-01
3893,Constance House,Proposed 83-unit rental project in a 6-storey development at 669 Constance Ave.,20,,,Residential,Primarily residential - Single use,Residential,1. Vancouver Island/Coast,Esquimalt,Standing Stone Developments,Lang Wilson Practice in Architecture Culture,Proposed,Consultation/Approvals,Residential/Commercial,FALSE,FALSE,FALSE,FALSE,FALSE,FALSE,,FALSE,FALSE,,,,,,,48.432828,-123.417791,48° 25' 58.18'' N,123° 25' 4.05'' W,(780) 445-8893,,2017-12-01,2025-03-01
3895,Affordable Housing,"Proposed development of 220 affordable homes and a 19,000 sq ft community centre. The homes will include 170 rental units and 50 supportive housing units.",,,,Residential,Primarily residential - Single use,Residential,1. Vancouver Island/Coast,Victoria,City of Victoria,,Proposed,,Residential/Commercial,TRUE,FALSE,FALSE,TRUE,FALSE,FALSE,,FALSE,FALSE,,,,,,,48.427670,-123.357416,48° 25' 39.61'' N,123° 21' 26.69'' W,(250) 361-0382 (Victoria City),,2017-12-01,2025-03-01
3898,Marson Condominiums,Proposed 242-unit development in 5 and 11-storey buildings located on Elk Lake Drive.,35,,,Residential,Primarily residential - Single use,Residential,1. Vancouver Island/Coast,Victoria,Mike Geric Construction Ltd.,D'Ambrosio Architecture + Urbanism,Proposed,Tender/Preconstruction,Residential/Commercial,FALSE,FALSE,FALSE,FALSE,FALSE,FALSE,,FALSE,FALSE,,,,,2025-Q2,2026-Q4,48.506164,-123.385438,48° 30' 22.19'' N,123° 23' 7.58'' W,(250) 590-3666,,2017-12-01,2025-03-01
3899,937 View Street Apartments,Proposed 19-storey building with 230 rental apartments located on View St. Project will have commercial space at the ground floor. Council rejected proposal as height exceeded recommended guidelines.,,,,Residential,Primarily residential - Single use,Residential,1. Vancouver Island/Coast,Victoria,Nelson Investments,de Hoog Kierulf Architects,On hold,,Residential/Commercial,FALSE,FALSE,FALSE,FALSE,FALSE,FALSE,,FALSE,FALSE,,,,,,,48.424419,-123.358329,48° 25' 27.91'' N,123° 21' 29.98'' W,(604) 725-5437,,2017-12-01,2025-03-01
3900,825 Fort Street Apartments,Development of a 101-unit rental apartment in an 11-storey building located at 819-827 Fort St. Retail space will be located at ground level.,20,,,Residential,Primarily residential - Single use,Residential,1. Vancouver Island/Coast,Victoria,The Salient Group,Musson Cattell Mackey Partnership,Construction started,,Residential/Commercial,FALSE,FALSE,FALSE,FALSE,FALSE,FALSE,,FALSE,FALSE,,,,,2022-Q4,2025-Q2,48.423964,-123.361289,48° 25' 26.27'' N,123° 21' 40.64'' W,(604) 669-5536,,2017-12-01,2025-03-01
3878,Mixed-Use Community,"Proposed 649-unit residential and retail development located at Broadway and Commercial Dr.  A 2-storey podium at the base of four towers of 11, 17, 21 and 24 storeys, will include a Safeway, 11,200 sq ft retail and 55,000 sq ft office space.",60,,,Residential,Mixed use,Mixed use - Residential/Commercial/Retail/ Industrial,2. Mainland/Southwest,Vancouver,Westbank Projects Corp./ Crombie REIT,Revery Architecture,Proposed,Preliminary/Feasibility,Residential/Commercial,FALSE,FALSE,FALSE,FALSE,FALSE,FALSE,,FALSE,FALSE,,,,,,,,,,,(604) 685-8986,,2017-12-01,2025-03-01
3890,Atmosphere Mixed-Use Development,"A 5-acre development with residential, office space and retail is planned for Alderbridge Way and No 3 Rd. The project will include 4 condominium towers, 2 rental towers and an office building with a 65,000 sq ft technology hub in the podium, and 60,000 sq ft of retail space.",100,,,Residential,Mixed use,Mixed use - Residential/Commercial/Retail/ Industrial,2. Mainland/Southwest,Richmond,South Street Development Group,GBL Architects,Proposed,Preliminary/Feasibility,Residential/Commercial,FALSE,FALSE,FALSE,FALSE,FALSE,FALSE,,FALSE,FALSE,,,,,,,,,,,(604) 714-0573,,2017-12-01,2025-03-01
3889,Myriad Condominium Development,Development of 468 units at Burquitlam Park (with 50 and 30 storey towers) and a new YMCA.,80,,,Residential,Primarily residential - Single use,Residential,2. Mainland/Southwest,Coquitlam,Concert Properties Ltd. and YMCA,,Construction started,,Residential/Commercial,FALSE,FALSE,FALSE,FALSE,FALSE,FALSE,,FALSE,FALSE,,,,,2021-Q3,2026-Q4,49.259679,-122.892590,49° 15' 34.84'' N,122° 53' 33.32'' W,(604) 688-9460,,2017-12-01,2025-03-01
3888,Vancouver Jewish Community Centre Redevelopment,"Phased redevelopment of the Jewish Community Centre site will replace the community centre ($155 million) and include a parking garage, a seniors care facility and two 24 and 26-storey apartment towers with 500 rental units ($272 million). The first phase is an 8-storey community centre located on the site of the east parking lot. The federal and provincial governments will be providing $25 million in funding each for the project. Design changes will be submitted in a new rezoning application in 2025.",427,,,Residential,Primarily residential - Single use,Residential,2. Mainland/Southwest,Vancouver,,Acton Ostry Architects,Proposed,Consultation/Approvals,Residential/Commercial,TRUE,TRUE,TRUE,FALSE,FALSE,TRUE,LEED gold environmental certification,FALSE,FALSE,,,,,,,49.233443,-123.126723,49° 14' 0.39'' N,123° 7' 36.20'' W,(604) 739-3344 (Architect),,2017-12-01,2025-03-01
3894,930 Fort Street Condominium,Proposed 62-unit condominium in a 12-storey building that will include retail space at ground level. Development permit approved by council. Project property is being sold.,15,,,Residential,Primarily residential - Single use,Residential,1. Vancouver Island/Coast,Victoria,Sakura Project Management,Wensley Architecture,On hold,,Residential/Commercial,FALSE,FALSE,FALSE,FALSE,FALSE,FALSE,,FALSE,FALSE,,,,,,,48.424000,-123.358000,48° 25' 26.4'' N,123° 21' 28.8'' W,(604) 685-3529 (Architect),,2017-12-01,2025-03-01
3848,Office Complex  - 401 W Georgia,"Proposed 147,000 sq ft development in a 9-storey office building at the corner of Dunsmuir and Homer streets. Development permit application has been submitted.",20,,,Commercial,Office,Commercial,2. Mainland/Southwest,Vancouver,Oxford Properties,B + H Architects,Proposed,Permitting,Residential/Commercial,FALSE,FALSE,FALSE,FALSE,FALSE,FALSE,,FALSE,FALSE,,,,,,,49.281195,-123.114879,49° 16' 52.3'' N,123° 6' 53.56'' W,(604) 893-3200,,2017-09-01,2025-03-01
3843,Condominium Tower - Harwood St,"Proposed 32-storey development at 1055 Harwood St will include 82 condominiums, 44 social housing units and 4 levels of underground parking. Rezoning application has been submitted.",22,,,Residential,Primarily residential - Single use,Residential,2. Mainland/Southwest,Vancouver,Intracorp Developments/ Strand Development,NSDA Architects,Proposed,Tender/Preconstruction,Residential/Commercial,FALSE,FALSE,FALSE,FALSE,FALSE,FALSE,,FALSE,FALSE,,,,,2025-Q2,2026-Q4,49.278662,-123.132560,49° 16' 43.18'' N,123° 7' 57.22'' W,(604) 801-7000,,2017-09-01,2025-03-01
3822,Simon Fraser University - Science Health & Technology Expansion,Proposed development of a science facility with classrooms and teaching labs that will accommodate 660-students.,90,,,Institutional,Education,Educational Services,2. Mainland/Southwest,Surrey,Simon Fraser University,,Proposed,Preliminary/Feasibility,Public Services,TRUE,FALSE,FALSE,FALSE,TRUE,TRUE,LEED,FALSE,FALSE,,,,,,,49.187313,-122.849139,49° 11' 14.33'' N,122° 50' 56.90'' W,(604) 291-3394,,2017-09-01,2025-03-01
3840,Pier West Condominiums,665-unit development of two condominium towers of 53 and 43 storeys and a 3-storey commercial building at 660 Quayside Drive.,50,,,Residential,Primarily residential - Single use,Residential,2. Mainland/Southwest,New Westminster,Bosa Development Corp.,,Construction started,,Residential/Commercial,FALSE,FALSE,FALSE,FALSE,FALSE,FALSE,,FALSE,FALSE,,,,,2018-Q4,2025-Q2,49.200147,-122.925409,49° 12' 0.53'' N,122° 55' 31.47'' W,(604) 294-0666,,2017-09-01,2025-03-01
3818,Highway 7 266th - 287th Improvements,"Project involves widening a four-kilometre section of the highway between 266th Street and 287th Street from two to four lanes, installing median barrier, creating two truck turnarounds and upgrading traffic signals at three intersections.  Government of Canada is contributing up to $29,2 million through the New Building Canada Fund, Provincial-Territorial Infrastructure Component National and Regional Projects, while the Government of British Columbia is contributing $100.9 million.",130,,,Infrastructure,Roads & Highways,Transportation,2. Mainland/Southwest,Maple Ridge And Mission,BC Ministry of Transportation and Transit,,Construction started,,Transportation & Warehousing,TRUE,TRUE,TRUE,FALSE,FALSE,FALSE,,FALSE,FALSE,,,,,2022-Q4,2025-Q4,,,,,(604) 453-4560,,2017-09-01,2025-03-01
3849,Mixed Use Development - 399 East 1st Ave,"Mixed-use development will include 80,000 sq ft office in a 7-storey  building,  220-units in two live-work buildings, and a 15-storey hotel with 199 rooms. Included in the project will be a public plaza, 44,735 sq ft retail space at grade, and an 86,407 sq ft underground warehouse. Project is being modified to increase density with 4 proposed mixed-use towers.",80,,,Commercial,Mixed use,Mixed use - Commercial/Retail/ Industrial/Residential,2. Mainland/Southwest,Vancouver,ONNI Developments,IBI Group,Construction started,,Residential/Commercial,FALSE,FALSE,FALSE,FALSE,FALSE,FALSE,,FALSE,FALSE,,,,,2022-Q3,2026-Q4,49.267627,-123.095179,49° 16' 3.46'' N,123° 5' 42.64'' W,(604) 602-7711,,2017-09-01,2025-03-01
3823,Second Narrows Water Supply Tunnel,"Construction of a 5.5 m tunnel from Vancouver to Burnaby.  The tunnel would house 2 new water mains of 1,100 m in length and run from the north shore and terminate at Montrose Park. Contract has been awarded to Aecon and Traylor Bros Inc.",400,Project completed-removing next issue,,Infrastructure,Utilities,Utilities,2. Mainland/Southwest,Vancouver,City of Vancouver,,Completed,,Utilities (incl sewage treatment),TRUE,FALSE,FALSE,TRUE,FALSE,FALSE,,FALSE,FALSE,,,,,2019-Q1,2025-Q1,,,,,(604) 873-7011 (Vancouver City),,2017-09-01,2025-03-01
3826,Art Gallery of Greater Victoria,"Proposed renewal of the art gallery at 1040 Moss St will include renovation of the gallery and 1,850 sq m gallery expansion. The provincial government will provide $6 million in funding. The project has received $11 million in private donations. Fundraising is ongoing.",30,,,Commercial,Recreation,"Arts, Entertainment & Recreation",1. Vancouver Island/Coast,Victoria,City of Victoria,,Proposed,,Other Services,TRUE,TRUE,TRUE,FALSE,FALSE,TRUE,LEED,FALSE,FALSE,,,,,,,48.421842,-123.347673,48° 25' 18.63'' N,123° 20' 51.62'' W,(250) 361-0382 (Victoria City),,2017-09-01,2025-03-01
3846,Condominium Development - West Georgia St,"Proposed 119-unit development in a 46-storey tower with 8 levels of underground parking. The project located on West Georgia St, requires rezoning.",22,,,Residential,Primarily residential - Single use,Residential,2. Mainland/Southwest,Vancouver,Brilliant Circle Group,James Cheng Architects,Proposed,Consultation/Approvals,Residential/Commercial,FALSE,FALSE,FALSE,FALSE,FALSE,FALSE,,FALSE,FALSE,,,,,,,49.289671,-123.128533,49° 17' 22.82'' N,123° 7' 42.72'' W,(604) 873-4333 (Architect),,2017-09-01,2025-03-01
3864,Lions Gate Hospital Redevelopment Phase 3,Acute care facility (Phase 3) of the Lions Gate Hospital Redevelopment will include renovations and a new 6-storey tower with 108 beds and 8 new operating rooms. Constructors West Coast Inc. has been selected as the preferred proponent for the design-build contract.,326,Project completed-removing next issue,,Institutional,Health,Health Care and Social Assistance,2. Mainland/Southwest,North Vancouver,Vancouver Coastal Health Authority,,Completed,,Public Services,TRUE,TRUE,FALSE,FALSE,TRUE,FALSE,,FALSE,FALSE,,,,,2021-Q3,2025-Q1,49.321459,-123.068027,49° 19' 17.25'' N,123° 4' 4.89'' W,(604) 984-5785,,2017-09-01,2025-03-01
3851,Thurlow + Harwood Condominiums,"Proposal for two condominium towers at Thurlow and Harwood Sts. The 33-storey North tower will include 143 market units and 98 social housing units, and the 32-storey South tower will have 143 market units.",45,,,Residential,Primarily residential - Single use,Residential,2. Mainland/Southwest,Vancouver,BlueSky Properties,Henriquez Partners Architects,Proposed,Tender/Preconstruction,Residential/Commercial,FALSE,FALSE,FALSE,FALSE,FALSE,FALSE,,FALSE,FALSE,,,,,,,49.278984,-123.133329,49° 16' 44.34'' N,123° 7' 59.98'' W,(604) 294-0666,,2017-09-01,2025-03-01
3862,Cariboo Memorial Hospital,"Phase one expansion through a new approx. 9,500 m2 addition including: 50 beds, a new emergency department, pharmacy, medical/surgical inpatient units, a maternity and women’s health unit.  Phase two renovation of approx. 2,600 m2 of the existing facility to provide expanded ambulatory care, an adult psychiatric inpatient unit, UBC Faculty of Medicine education space, and an expanded main entry with interfaith sacred space. Phase 1 is expected to complete in Fall 2026 followed by phase 2.",367,,,Institutional,Health,Health Care and Social Assistance,5. Cariboo,Williams Lake,Interior Health Authority,,Construction started,,Public Services,TRUE,TRUE,FALSE,FALSE,TRUE,TRUE,LEED gold,FALSE,FALSE,,,,,2023-Q2,2029-Q1,52.138347,-122.143101,52° 8' 18.01'' N,122° 8' 35.16'' W,(250) 392-2311 (Williams Lake City),,2017-09-01,2025-03-01
3793,Cheekeye Fan Development,"Proposed development over 81 ha that will consist of 537 single-family and, 678 multi-family units,13,000 sq ft of commercial space, and 12.2 acres of parkland. Development approval received in Fall 2024.",120,,,Residential,Primarily residential - Single use,Residential,2. Mainland/Southwest,Squamish,Sea to Sky Developments,,Proposed,Consultation/Approvals,Residential/Commercial,FALSE,FALSE,FALSE,FALSE,FALSE,FALSE,,FALSE,TRUE,Squamish First Nation,Project partner,,,,,,,,,(604) 892-5217 (District of Squamish),,2017-06-01,2025-03-01
3772,Highway 1 - Salmon Arm West,"Project is located on Trans Canada Highway 1 approximately 2 km west of the city center of the City of Salmon Arm, Southern Interior Region, Okanagan-Shuswap District. Scope is to upgrade existing two lane highway to four lane on TCH Hwy 1 from 1st Ave SW to 10th Avenue SW. This segment is approximately 2.2 km long and includes a new bridge across the Salmon River. Improvements to include a new interchange, upgraded intersections, approximately 3.5 km of frontage roads and a multi-use pathway that will improve safety and access for vehicles, pedestrians and cyclists.",140,,,Infrastructure,Roads & Highways,Transportation,3. Thompson-Okanagan,Salmon Arm,BC Ministry of Transportation and Transit,,Construction started,,Transportation & Warehousing,TRUE,TRUE,TRUE,FALSE,FALSE,FALSE,,FALSE,FALSE,,,,,2020-Q4,2025-Q4,,,,,(250) 356-8241,,2017-06-01,2025-03-01
3814,Sullivan Townhouses,Proposed development of a 62-unit townhouse complex located at 21132 77A Ave.,20,,,Residential,Primarily residential - Single use,Residential,2. Mainland/Southwest,Langley,Sunmark Developments,,Proposed,Tender/Preconstruction,Residential/Commercial,FALSE,FALSE,FALSE,FALSE,FALSE,FALSE,,FALSE,FALSE,,,,,,,49.142718,-122.636150,49° 8' 33.79'' N,122° 38' 10.'' W,(604) 597-7896,,2017-06-01,2025-03-01
3799,Great Wolf Lodge Indoor Waterpark,Proposal to develop a400-room hotel and an indoor water park is in early stages.,150,,,Commercial,Accommodation,Accommodation/Commercial,2. Mainland/Southwest,Surrey,Jim Pattison Development Corp. (JPDC),,Proposed,Preliminary/Feasibility,Residential/Commercial,FALSE,FALSE,FALSE,FALSE,FALSE,FALSE,,FALSE,FALSE,,,,600,,,,,,,(604) 591-4441 (City of Surrey),,2017-06-01,2025-03-01
3771,Highway 1 - Chase 4-Laning,"Project includes 4-laning 2 sections :Phase 1 called Chase Creek Road to Chase West (3.3 kilometres of highway widening and upgrades) is complete. Phase 2 called Chase East includes Chase West to Chase Creek Bridge (1.6 kilometres of highway widening, grade-separated interchange at Brooke Drive and extended improvements on Brooke Drive to Shuswap Avenue).   Government of Canada is providing up to $12.1 million under the Provincial-Territorial Infrastructure Component of the New Building Canada Fund.",196,,,Infrastructure,Roads & Highways,Transportation,3. Thompson-Okanagan,Chase,BC Ministry of Transportation and Transit,,Construction started,,Transportation & Warehousing,TRUE,TRUE,TRUE,FALSE,FALSE,FALSE,,FALSE,FALSE,,,,,2020-Q3,2025-Q4,,,,,(250) 356-8241,,2017-06-01,2025-03-01
3797,Avani Centre Hilton Hotel and Residential Tower,34-storey development of a 297 residential units and 67 rental units. Office and commercial space will be located at ground level at 13586- 98 Ave.,90,,,Commercial,Accommodation,Accommodation/Residential,2. Mainland/Southwest,Surrey,Yanna Holdings Inc.,Architecture 49,Construction started,,Residential/Commercial,FALSE,FALSE,FALSE,FALSE,FALSE,FALSE,,FALSE,FALSE,,,,,2023-Q3,2025-Q2,49.180402,-122.846432,49° 10' 49.45'' N,122° 50' 47.16'' W,(604) 591-4441 (City of Surrey),,2017-06-01,2025-03-01
3796,GEC Education Mega Centre,"Proposed 383-unit, 55-storey development located at City Parkway at 102A Ave. Project has been redesigned to a 39-storey building with 404,000 sq ft to include, apartments, office and educational space.",225,,,Commercial,Accommodation,Accommodation/Commercial,2. Mainland/Southwest,Surrey,WestStone Group/ CIBT Education Group,Chris Dikeakos Architects,Proposed,Tender/Preconstruction,Residential/Commercial,FALSE,FALSE,FALSE,FALSE,FALSE,FALSE,,FALSE,FALSE,,,,,,,49.188586,-122.847415,49° 11' 18.9096'' N,122° 50' 50.694'' W,(604) 498-1958,,2017-06-01,2025-03-01
3787,Block Condominium Development,"Development of a 131-unit condominium in a 29-storey tower with a 6-storey, 120 room hotel and 4,635 sq ft of commercial space at ground level. Project located at 150 Robson St will include restoration of the existing Northern Electric Building exterior. Rental residential floor are of 6,257 sq ft will be included in project.",30,,,Residential,Mixed use,Mixed use - Residential/Commercial/Retail/ Industrial,2. Mainland/Southwest,Vancouver,Amacon Development Corp.,GBL Group,Construction started,,Residential/Commercial,FALSE,FALSE,FALSE,FALSE,FALSE,TRUE,LEED gold,FALSE,FALSE,,,,,2023-Q4,2025-Q4,49.278179,-123.114904,49° 16' 41.44'' N,123° 6' 53.65'' W,(604) 602-7700,,2017-06-01,2025-03-01
3791,Richmond Industrial Centre,"170  acre development of a 2.8 million sq ft, build-to-suit industrial centre on Blundell Rd. Building 1 with 500,000 sq ft and 40 acres of green space.",300,,,Commercial,Other Commercial,Commercial/Industrial,2. Mainland/Southwest,Richmond,Omicron/ Montrose Property Holdings Ltd.,,Construction started,,Residential/Commercial,FALSE,FALSE,FALSE,FALSE,FALSE,FALSE,,FALSE,FALSE,,,,4800,2020-Q1,2038-Q4,,,,,(604) 632-3350,www.ricindustrial.com,2017-06-01,2025-03-01
3767,Michel Creek Coking Coal Project,"Proposed coal project located 1,000 ha site, 15 km southeast of Sparwood. The estimated production is 5,500 tonnes/day with a 10 yr mine life. Project is in the pre-application phase under the Environmental Assessment Act.",,,Pre-application,Industrial,Mining,Mining,4. Kootenay,Sparwood,CanAus Coal Ltd.,,Proposed,Preliminary/Feasibility,Mining & Oil & Gas Extraction,FALSE,FALSE,FALSE,FALSE,FALSE,FALSE,,FALSE,FALSE,,,500,300,,,49.648586,-114.769117,"49° 38’ 54.91"" N","114° 46’ 08.82"" W",(778) 518-0775,,2017-03-01,2025-03-01
3765,Royal Inland Hospital Patient Care Tower,"A newly constructed 9-storey, 26,723 m2 building that includes 2 below grade levels and a roof top helipad and provides 3 floors (30 beds/floor) of inpatient beds, including 30 mental health beds. The PCT construction has completed. Phase 2 is ongoing, including emergency department expansion, and pediatric unit renovations.",490,,,Institutional,Health,Health Care and Social Assistance,3. Thompson-Okanagan,Kamloops,Interior Health Authority,,Construction started,,Public Services,TRUE,TRUE,FALSE,FALSE,TRUE,TRUE,LEED gold,FALSE,FALSE,,,2432,,2018-Q4,2027-Q2,50.671417,-120.33402,"50° 40' 17.1"" N","120° 20' 2.49"" W",(250) 354-3030,,2017-03-01,2025-03-01
3749,Simon Fraser University - Shrum Science Physics Renewal Project,"Proposed project to redesign and upgrade the physics wing of the Shrum Science Complex, to include complete systems renewal..",47,,,Institutional,Education,Educational Services,2. Mainland/Southwest,Burnaby,Simon Fraser University,,Proposed,Preliminary/Feasibility,Public Services,TRUE,FALSE,FALSE,FALSE,TRUE,TRUE,LEED gold,FALSE,FALSE,,,,,2025-Q2,2027-Q3,,,,,(604) 291-4743,,2017-03-01,2025-03-01
3748,Simon Fraser University - Shrum Science Biology Renewal Project,"Proposed project to redesign and upgrade the biology wing of the Shrum Science Complex, to include renewal of major building systems.",54,,,Institutional,Education,Educational Services,2. Mainland/Southwest,Burnaby,Simon Fraser University,,Proposed,Preliminary/Feasibility,Public Services,TRUE,FALSE,FALSE,FALSE,TRUE,TRUE,LEED gold,FALSE,FALSE,,,,,2025-Q2,2027-Q3,,,,,(604) 291-4743,,2017-03-01,2025-03-01
3747,Simon Fraser University -  Library and Student Learning Commons Renewal,"Renewal planned for the 23,000 sq m library building to include expanded student learning centre.",98,,,Institutional,Education,Educational Services,2. Mainland/Southwest,Burnaby,Simon Fraser University,,Proposed,,Public Services,TRUE,FALSE,FALSE,FALSE,TRUE,FALSE,,FALSE,FALSE,,,,,,,49.279576,-122.925125,49° 16' 46.47'' N,122° 55' 30.45'' W,(604) 291-4743,,2017-03-01,2025-03-01
3744,YMCA - Surrey City Centre,"Proposed 60,000 sq ft community centre to include aquatics and fitness centres a community resource centre and multipurpose gym.",33,,,Commercial,Recreation,"Arts, Entertainment & Recreation",2. Mainland/Southwest,Surrey,City of Surrey,,Proposed,Preliminary/Feasibility,Other Services,TRUE,FALSE,FALSE,TRUE,FALSE,FALSE,,FALSE,FALSE,,,,,,,,,,,(604) 591-4441 (City of Surrey),,2017-03-01,2025-03-01
3743,Crystal Pool Replacement,Proposed project to replace the Crystal Pool and Fitness centre. A public referendum will be held in Early 2025. Council supports advancement of project to design stage.,233,Project removed from hold,,Commercial,Recreation,"Arts, Entertainment & Recreation",1. Vancouver Island/Coast,Victoria,City of Victoria,,Proposed,Consultation/Approvals,Other Services,TRUE,FALSE,FALSE,TRUE,FALSE,FALSE,,FALSE,FALSE,,,,,,,,,,,(250) 361-0382 (Victoria City),,2017-03-01,2025-03-01
3754,Sunset Ranch,Development of 400 townhome and single family homes. Project is located near the Sunset Ranch golf course.,40,,,Residential,Primarily residential - Single use,Residential,3. Thompson-Okanagan,Kelowna,Acorn Communities,,Construction started,,Residential/Commercial,FALSE,FALSE,FALSE,FALSE,FALSE,FALSE,,FALSE,FALSE,,,,,2016-Q4,2025-Q4,49.939798,-119.341795,49° 56' 23.27'' N,119° 20' 30.46'' W,(250) 491-0095,,2017-03-01,2025-03-01
3726,Front Street Hotel,Proposed development of a 155 room hotel in a nine-storey building located at 15 Front St. Development permit approval received Nov 2017. Project placed on hold as property is for sale.,,,,Commercial,Accommodation,Accommodation,1. Vancouver Island/Coast,Nanaimo,,,On hold,,Residential/Commercial,FALSE,FALSE,FALSE,FALSE,FALSE,FALSE,,FALSE,FALSE,,,,,,,49.169619,-123.937825,49° 10' 10.63'' N,123° 56' 16.17'' W,(250) 755-4429 (Nanaimo City),,2016-12-01,2025-03-01
3724,Burrard Place 2 Condominium,Development of a 36-storey condominium tower located at 1261 Hornby St. Project will have 239 units including 158 rental units.,35,,,Residential,Primarily residential - Single use,Residential,2. Mainland/Southwest,Vancouver,Reliance Properties,Neil M. Denari Architects,Construction started,,Residential/Commercial,FALSE,FALSE,FALSE,FALSE,FALSE,FALSE,,FALSE,FALSE,,,,,,2026-Q3,49.278501,-123.128273,49° 16' 42.60'' N,123° 7' 41.78'' W,(604) 683-2404,,2016-12-01,2025-03-01
3723,Southgate City Mixed Use Development,"Development of a 60-acre community with over 8000 residential units in 36 lowrises and 20 highrise buildings, to include a 200,000 sq ft commercial centre, community centre and a 5 acre park. The project will be located near the Edmonds Skytrain station. Initial phases include Precedence, 351-units in a 32-storey tower, and Azure, 282-units in a 30-storey tower. The Western Gateway phase includes 926-units in 41 and 37 storey towers over six-storey podiums. Icon is a 353-unit condominium in a 46-storey highrise",,,,Residential,Primarily residential - Single use,Residential/Commercial/Retail,2. Mainland/Southwest,Burnaby,Ledingham McAllister,IBI Architects and Integra Architects,Construction started,,Residential/Commercial,FALSE,FALSE,FALSE,FALSE,FALSE,FALSE,,FALSE,FALSE,,,,,2021-Q3,2028-Q4,49.211306,-122.948395,49° 12' 40.70'' N,122° 56' 54.22'',(604) 662-3700,www.southgatecity.com,2016-12-01,2025-03-01
3683,Nigel Valley Supportive Housing Development,"Phased redevelopment of site bordered by Vernon and Darwin avenues to provide 800-units of complex care and supportive housing. The project partners will develop and operate the facilities, including BC Housing (Bantin Fielding Townhomes), Broadmead Care Society (Nigel House), Island Community Mental Health (Darwin Apartments), the Garth Homer Society (813 Darwin Ave) and the Greater Victoria Housing Society (Nigel Square).",250,,,Residential,Primarily residential - Single use,Social Housing,1. Vancouver Island/Coast,Saanich,BC Housing,,Construction started,,Residential/Commercial,TRUE,FALSE,FALSE,FALSE,TRUE,TRUE,Passivhaus,FALSE,FALSE,,,,,2018-Q2,2026-Q3,48.456903,-123.367710,48° 27' 24.85'' N,123° 22' 3.76'' W,(604) 456-8895,,2016-09-01,2025-03-01
3696,Biofuel Facility,"Proposed commercial scale biocrude oil processing facility located in Prince George.  Conversion of wood waste from Canfor pulp mills would produce up to 400,000 barrels/yr.",70,,,Industrial,Oil & Gas,Oil and Gas Extraction,5. Cariboo,Prince George,Canfor Corporation/Licella,,Proposed,Preliminary/Feasibility,Mining & Oil & Gas Extraction,FALSE,FALSE,FALSE,FALSE,FALSE,FALSE,,FALSE,FALSE,,,,,,,,,,,(250) 563-0161,,2016-09-01,2025-03-01
3695,Tsawwassen Landing Development,Development of single-family homes and townhomes located near Tsawwassen Mills.,20,,,Residential,Primarily residential - Single use,Residential,2. Mainland/Southwest,Tsawwassen,ONNI Group,,Construction started,,Residential/Commercial,FALSE,FALSE,FALSE,FALSE,FALSE,FALSE,,FALSE,FALSE,,,,,2016-Q4,2025-Q2,49.043424,-123.102671,49° 2' 36.33'' N,123° 6' 9.62'' W,(604) 602-7711,www.onni.com/tsawwassen-landing,2016-09-01,2025-03-01
3684,West Shore Sewage Treatment Plant,"A sewage treatment plant proposed for the West Shore, uses a system by Aqua-Tex Scientific Consulting based on a decentralized wastewater and water-reuse concept, Project requires approval of the Capital Regional District sewage-treatment project board.",58,,,Infrastructure,Utilities,Sewage Treatment Facilities,1. Vancouver Island/Coast,Colwood/ Langford,,,Proposed,Preliminary/Feasibility,Utilities (incl sewage treatment),FALSE,FALSE,FALSE,FALSE,FALSE,FALSE,,FALSE,FALSE,,,,,,,,,,,(250) 478-5999 (City of Colwood),,2016-09-01,2025-03-01
3671,Broadway Subway Project,5.7 km extension to Millennium Line SkyTrain from VCC-Clark Station to Arbutus - includes 0.7 km of elevated guideway and 5 km tunnelled.,2954,,,Infrastructure,Roads & Highways,Transportation,2. Mainland/Southwest,Vancouver,BC Ministry of Transportation and Transit,,Construction started,,Transportation & Warehousing,TRUE,TRUE,TRUE,TRUE,FALSE,FALSE,,FALSE,FALSE,,,,,2021-Q2,2026-Q4,,,,,(604) 453-4500,www.broadwaysubway.ca,2016-09-01,2025-03-01
3688,Metchosin Business Park,"Proposed business park in Metchosin. Project would require a municipal boundary change, as well as public consultation and government approvals. Project is in very early stages.",15,,,Commercial,Office,Commercial,1. Vancouver Island/Coast,Metchosin,Beecher Bay First Nation/Metchosin/Langford,,Proposed,Preliminary/Feasibility,Residential/Commercial,FALSE,FALSE,FALSE,FALSE,FALSE,FALSE,,FALSE,TRUE,Beecher Bay First Nation,,,4000,,,,,,,(250) 474-3167 (District of Metchosin),,2016-09-01,2025-03-01
3409,Ksi Lisims LNG,Proposed liquefied natural gas facility located on Treaty Lands in Portland Canal. Project would receive gas from Prince Rupert Gas Transmission Project (see ID #3070).,10000,,Review,Industrial,Oil & Gas,Liquefied Natural Gas,6. North Coast,Nasoga Gulf,Nisga’a Nation/ Rockies LNG LP/ Western LNG,,Proposed,Preliminary/Feasibility,Mining & Oil & Gas Extraction,FALSE,FALSE,FALSE,FALSE,FALSE,FALSE,,FALSE,TRUE,Nisga’a First Nation,,,,,,54.901569,-130.072604,"54° 54' 5.65"" N","130° 4' 21.36"" W",,www.nisgaanation.ca/opportunities/LNG,2016-06-01,2025-03-01
2981,Burnaby Hospital Renewal,"Burnaby Hospital renewal will include a new energy centre and renovations to support buildings. Phase 1 six-storey patient care tower, will have 83 beds in  mental health and maternity units. The design/build contract has been awarded to EllisDon Design Build Inc., Construction is expected to complete in 2025. Phase 2 ($1.7 billion) will include a 160-bed patient care tower with a new cancer centre and expanded emergency unit. Phase 2 is expected to commence construction in late 2025.",2400,,,Institutional,Health,Health Care and Social Assistance,2. Mainland/Southwest,Burnaby,Fraser Health Authority,Parkin Architects Western Ltd.,Construction started,,Public Services,TRUE,TRUE,FALSE,FALSE,TRUE,TRUE,LEED,FALSE,FALSE,,,,,2021-Q3,2030-Q4,49.249829,-123.015914,49° 14' 59.38'' N,123° 0' 57.29'' W,(604) 587-4600,,2016-06-01,2025-03-01
3630,Richmond Hospital New Patient Care Tower,"The phased Patient Care Centre will include a nine-storey North tower replacement with a state-of-the-art emergency department and intensive care unit, and renovations to the existing South Tower, Phase 1 included cancer clinic relocation and building renovations. Phase 2 includes a new emergency department and Phase 3 will be the renovation of the south tower to bring the facility to modern standards. Funding will be provided by the provincial government ($1.889 billion), Vancouver Coastal Health ($30 million) and Richmond Hospital Foundation ($40 million).",1959,,,Institutional,Health,Health Care and Social Assistance,2. Mainland/Southwest,Richmond,Vancouver Coastal Health Authority,,Construction started,,Public Services,TRUE,TRUE,FALSE,FALSE,TRUE,TRUE,LEED,FALSE,FALSE,,,1500,,2023-Q4,2031-Q4,49.168822,-123.146312,49° 10' 7.76'' N,123° 8' 46.72'' W,(604) 278-9711,,2016-06-01,2025-03-01
3628,Royal Columbian Hospital Redevelopment - Phase 2/3,Redevelopment of Royal Columbian Hospital including a new 388-bed Acute Care Tower to house a new emergency department and combined surgical/interventional suite in Phase 2.  A major renovation of the Health Care Centre and upgrade of support services in Phase 3.,1247,,,Institutional,Health,Health Care and Social Assistance,2. Mainland/Southwest,New Westminster,Fraser Health Authority,,Construction started,,Public Services,TRUE,TRUE,FALSE,FALSE,TRUE,TRUE,LEED,FALSE,FALSE,,,5767,,2021-Q1,2026-Q4,49.226789,-122.892844,"49° 13' 36.44"" N","122° 53' 34.24"" W",(604) 587-4600,,2016-06-01,2025-03-01
3652,The Shire Condominiums,Shire on Inverness is a 90-unit development in three 5-storey buildings located on Quadra St.,18,,,Residential,Primarily residential - Single use,Residential,1. Vancouver Island/Coast,Saanich,,Misra Architect,Proposed,Permitting,Residential/Commercial,FALSE,FALSE,FALSE,FALSE,FALSE,FALSE,,FALSE,FALSE,,,,,,,48.473290,-123.370180,48° 28' 23.844'' N,123° 22' 12.648'' W,(250) 652- 4444 (Central Saanich),,2016-06-01,2025-03-01
3650,Playland Theme Park,"Proposal to redesign Playland as a theme park and expansion from 15 to 22 acres. The ten year plan will feature themed play and ride zones, green space and retail. Phases will include a new amphitheatre to be named Freedom Mobile Arch.",120,,,Commercial,Recreation,"Arts, Entertainment & Recreation",2. Mainland/Southwest,Vancouver,City of Vancouver,Revery Architecture,Construction started,,Other Services,TRUE,FALSE,FALSE,TRUE,FALSE,TRUE,LEED gold,FALSE,FALSE,,,,,2024-Q3,2026-Q3,,,,,(604) 873-7011 (Vancouver City),,2016-06-01,2025-03-01
3647,Garibaldi Springs Residential Development,"Phased development of 119-acre former golf course land to include 310 townhomes on 26 acres, 3 acres of park and a 90 acre ecological reserve. Highline is a phase of townhomes.",60,,,Residential,Primarily residential - Single use,Residential,2. Mainland/Southwest,Squamish,Polygon Homes,,Construction started,,Residential/Commercial,FALSE,FALSE,FALSE,FALSE,FALSE,TRUE,Built Green - gold standard,FALSE,FALSE,,,,,2022-Q4,2027-Q4,,,,,(604) 877-1131,www.polyhomes.com,2016-06-01,2025-03-01
3641,Mixed-Use Development,Proposed mixed-use development on the site of the Molson Coors brewery at 1550 Burrard St. Project is in planning stages and may require rezoning.,,,,Commercial,Mixed use,Mixed use - Commercial/Retail/ Industrial/Residential,2. Mainland/Southwest,Vancouver,Concord Pacific,,Proposed,Preliminary/Feasibility,Residential/Commercial,FALSE,FALSE,FALSE,FALSE,FALSE,FALSE,,FALSE,FALSE,,,,,,,49.272200,-123.144838,49° 16' 19.92'' N,123° 8' 41.42'' W,(604) 681-8882,,2016-06-01,2025-03-01
3613,G3 Terminal Vancouver,"Material handling facility will include receiving, storage and shipping of mainly wheat, soybeans, canola, and peas. A railcar receiving facility with rail loop and holding area and an overhead conveyor system will move materials through cleaning, storage, and ship loading structures. The project will include 48 concrete storage silos and dock extension to accommodate 3 articulated booms, improved support buildings,  access roads and transmission system upgrades. Peter Kiewit Sons ULC has been selected for the design-build contract.",600,,,Infrastructure,Other Transportation,Port and Harbour Facilities,2. Mainland/Southwest,North Vancouver,G3 Global Holdings,,Construction started,,Transportation & Warehousing,FALSE,FALSE,FALSE,FALSE,FALSE,FALSE,,FALSE,FALSE,,,175,60,2017-Q4,,49.303946,-123.043298,49° 18' 14.21'' N,123° 2' 35.87'' W,(604) 985-7761 (North Vancouver City),,2016-03-01,2025-03-01
3614,Renaissance Development Plan,"Proposed phased development with year-round recreation facilities and townhouse condominiums. The first 163,000 sq ft facility will include an indoor waterpark, roller coaster and rock-climbing. Outdoor projects include additional trails, a mountain coaster, snow school and a high-speed lift. The next two phases will include 60 townhomes, a luxury real estate development and a new day lodge. The project requires municipal and provincial approvals.",345,,,Commercial,Recreation,Skiing Facilities/Residential,2. Mainland/Southwest,Whistler,Whistler Blackcomb Holdings Inc.,,Proposed,Preliminary/Feasibility,Other Services,FALSE,FALSE,FALSE,FALSE,FALSE,FALSE,,FALSE,FALSE,,,,,,,,,,,(604) 932-5535 (Whistler Municipality),,2016-03-01,2025-03-01
3607,Flood Mitigation Project,Upgrade to four pump stations and enhancement of the North dyke to accommodate rising sea levels. The phased project will receive $16.6 million from the provincial government and the City of Richmond will contribute $8.3 million. The federal government will contribute $13.7 million through the Disaster Mitigation Adaptation Fund to upgrade 4.3 km of the dike network. A regional plan has been established with implementation of some preliminary phases and pump station upgrades.,39,,,Infrastructure,Utilities,Utilities,2. Mainland/Southwest,Richmond,City of Richmond,,Construction started,,Utilities (incl sewage treatment),TRUE,TRUE,TRUE,TRUE,FALSE,FALSE,,FALSE,FALSE,,,,,2020-Q3,2031-Q4,,,,,(604) 276-4000 (Richmond City),,2016-03-01,2025-03-01
3622,Concord Brentwood,"Phased development will consist of 10 highrise condominiums, a 13-acre park, 892-unit tower in phase 1, 900-units in Hillside East,  a 55-storey tower and a retail centre in phase 2. Project will be located on Dawson St near Brentwood Mall.",200,,,Residential,Primarily residential - Single use,Residential/Retail,2. Mainland/Southwest,Burnaby,Concord Pacific,James KM Cheng Architects Inc./ Francl Architecture/ PFS Studio,Construction started,,Residential/Commercial,FALSE,FALSE,FALSE,FALSE,FALSE,FALSE,,FALSE,FALSE,,,,,2018-Q1,2027-Q4,49.265685,-122.996113,49° 15' 56.47'' N,122° 59' 46.01'' W,(604) 899-8800,www.concordbrentwood.com,2016-03-01,2025-03-01
3590,Red Mountain Underground Gold Project,"Proposed underground gold mine located in the Bitter Creek Valley near Stewart. Mine life of 5 yrs is based on production estimate of 55,500 ounces gold and 171,000 ounces silver /yr. Project is certified under the Environmental Assessment Act.",76,,Certified,Industrial,Mining,Mining,6. North Coast,Stewart,Ascot Resources Ltd.,,Proposed,Consultation/Approvals,Mining & Oil & Gas Extraction,FALSE,FALSE,FALSE,FALSE,FALSE,FALSE,,FALSE,FALSE,,,105,98,,,55.96472,-129.69111,55° 57' 53'' N,129° 41' 28'' W,(778) 725-1060,,2015-12-01,2025-03-01
3587,Hospitality Inn Redevelopment,Proposed re-development of the Hospitality Inn at 500 Columbia St. W. Project is to develop a luxury hotel with up to 100 rooms and an adjoining condominium development with 60 to 80 units.,20,,,Commercial,Accommodation,Accommodation,3. Thompson-Okanagan,Kamloops,Pacific Hospitality Group,,Proposed,Preliminary/Feasibility,Residential/Commercial,FALSE,FALSE,FALSE,FALSE,FALSE,FALSE,,FALSE,FALSE,,,,,,,,,,,(604) 574-4441,,2015-12-01,2025-03-01
3585,Eastlake Campus,"Commercial development to include 6 multi-unit buildings in 3 phases of construction. Development will be designed for light industrial, technology and laboratory use, and meet LEED building standards.",30,,,Commercial,Other Commercial,Commercial/Industrial,2. Mainland/Southwest,Burnaby,Adera Developments,,Proposed,Consultation/Approvals,Residential/Commercial,FALSE,FALSE,FALSE,FALSE,FALSE,TRUE,LEED,FALSE,FALSE,,,,,,,49.258093,-122.924076,49° 15' 29.14'' N,122° 55' 26.67'' W,(604) 684-8277,,2015-12-01,2025-03-01
3584,Groundhog Project Anthracite Coal Mine,"Proposed 1,616 hectare underground anthracite coal project includes several mine sites, rail link spur and resource road to connect to port facilities in Stewart. Pre-feasibility study estimates a 5.4 Mtpa resource over a 38 yr mine life. Exploration and testing continues through 2018.",600,,Not Required,Industrial,Mining,Mining,7. Nechako,Smithers Area,Atrum Coal,,Proposed,Preliminary/Feasibility,Mining & Oil & Gas Extraction,FALSE,FALSE,FALSE,FALSE,FALSE,FALSE,,FALSE,TRUE,Gitxsan First Nation,Project located on territory.,,,,,56.867,-128.267,"56° 52' 1.2"" N","128° 16' 1.2"" W",,www.atrumcoal.com,2015-12-01,2025-03-01
3582,Northeast False Creek and Viaduct Replacement Plan,"Proposal to replace the Georgia and Dunsmuir St viaducts to include a 2,500 unit residential neighbourhood in False Creek, and a 13-acre park and social housing. An at grade street network will replace the viaducts. Preliminary development plan has been approved by council in Aug 2020.",1700,,,Residential,Primarily residential - Single use,Residential/Commercial,2. Mainland/Southwest,Vancouver,City of Vancouver,,Proposed,Permitting,Residential/Commercial,TRUE,FALSE,FALSE,TRUE,FALSE,FALSE,,FALSE,FALSE,,,,,2025-Q2,2035-Q4,,,,,(604) 873-7011 (Vancouver City),,2015-12-01,2025-03-01
3577,Senkulmen Enterprise Park,"Development of a 135 acre eco-industrial park. Anchor tenants include Constellation Brands (Vincor Wines), which is complete, and  Okanagan Correctional Centre (ID# 2718). A 10,000 sq ft wine distribution warehouse has also been completed. Property is fully serviced, and approximately 60 acres of the park remaining in phases 3 and 4. Green initiatives include an on-site state-of-the-art sewage treatment plant, solar applications on infrastructure, and district heating system.",,,,Commercial,Other Commercial,Commercial/Industrial,3. Thompson-Okanagan,Oliver,Osoyoos Indian Band Development Corp.,,Construction started,,Residential/Commercial,FALSE,FALSE,FALSE,FALSE,FALSE,FALSE,,FALSE,TRUE,Osoyoos Indian Band,,,,2009-Q4,,49.236484,-119.529397,49° 14' 11.34'' N,119° 31' 45.83'' W,(844) 556-3444,www.senkulmenenterprisepark.ca/,2015-12-01,2025-03-01
3435,Nanaimo Mid-Town Gateway Project,"Development that will include 175 units of housing, grocery and retail space as well as office space.",75,,,Residential,Primarily residential - Single use,Residential/Commercial/Retail,1. Vancouver Island/Coast,Nanaimo,Island West Coast Developments,,Construction started,,Residential/Commercial,FALSE,FALSE,FALSE,FALSE,FALSE,FALSE,,FALSE,FALSE,,,,,2024-Q1,2025-Q4,49.170458,-123.941048,"49° 10' 13.65"" N","123° 56' 27.77"" W",(250) 755-4429 (Nanaimo City),,2015-09-01,2025-03-01
3456,Residential Condominium - 3592 West 29th Ave.,"Proposed 5-storey development with 60 residential units over a grocery store, commercial space and 2 levels of underground parking.",20,,,Residential,Primarily residential - Single use,Residential/Commercial,2. Mainland/Southwest,Vancouver,Harwood Group,Henriquez Partners Architects,Proposed,Consultation/Approvals,Residential/Commercial,FALSE,FALSE,FALSE,FALSE,FALSE,FALSE,,FALSE,FALSE,,,,,,,49.246148,-123.185226,49° 14' 46.13'' N,123° 11' 6.81'' W,(604) 681-3401,,2015-09-01,2025-03-01
3457,Watson Island LNG,An LNG export terminal is proposed for Watson Island in an exclusivity agreement with the proponent and the City of Prince Rupert. Project site requires remediation.,270,,,Industrial,Oil & Gas,Liquefied Natural Gas,6. North Coast,Prince Rupert,Watson Island LNG Corp.,,On hold,,Mining & Oil & Gas Extraction,FALSE,FALSE,FALSE,FALSE,FALSE,FALSE,,FALSE,FALSE,,,200,30,,,,,,,,,2015-09-01,2025-03-01
3458,Residential Condominium - 3603 West 27th Ave.,Proposed 4-storey development with 48 residential units and commercial space at the ground level. Project will include a grocery store and 2 levels of underground parking.,20,,,Residential,Primarily residential - Single use,Residential/Commercial,2. Mainland/Southwest,Vancouver,Dunbar Partnership,IBI Group,Proposed,Consultation/Approvals,Residential/Commercial,FALSE,FALSE,FALSE,FALSE,FALSE,FALSE,,FALSE,FALSE,,,,,,,49.248100,-123.185731,49° 14' 53.16'' N,123° 11' 8.63'' W,(604) 873-7011 (Vancouver City),,2015-09-01,2025-03-01
3424,Sinclair Centre Redevelopment,"Redevelopment of Sinclair Centre bounded by West Hastings, Granville, Cordova and Howe Sts. The proposed redevelopment of the 4-building complex will retain heritage components and include a 29-storey office tower.",500,,,Institutional,Government buildings,Public Administration,2. Mainland/Southwest,Vancouver,Government of Canada,,Proposed,Preliminary/Feasibility,Public Services,TRUE,FALSE,TRUE,FALSE,TRUE,FALSE,,FALSE,FALSE,,,,,2025-Q2,2029-Q4,49.286040,-123.113844,49° 17' 9.74'' N,123° 6' 49.84'' W,(604) 873-7276 (Vancouver City),,2015-06-01,2025-03-01
3408,Creative Energy Plant,"Plan to convert former Central Heat Distribution Inc. natural gas steam plant at 720 Beatty St to a low-carbon energy system, utilizing boilers and underground system to heat downtown Vancouver. A new biofuel power plant called the Greenhouse, is proposed on Industrial Ave to serve northeast False Creek, Chinatown, West End, Downtown South and Eastside districts.",100,,,Infrastructure,Utilities,Utilities,2. Mainland/Southwest,Vancouver,Creative Energy Vancouver Platforms Inc.,,Construction started,,Utilities (incl sewage treatment),FALSE,FALSE,FALSE,FALSE,FALSE,FALSE,,FALSE,FALSE,,,,,2023-Q1,2025-Q2,49.278184,-123.112438,49° 16' 41.46'' N,123° 6' 44.78'' W,(604) 688-9584,www.creativeenergycanada.com,2015-06-01,2025-03-01
3419,ESE Synthetic Crude Pipeline,"Proposed pipeline to transport synthetic crude from Alberta to a port at Lax Kw’alaams, north of Prince Rupert.",,,,Industrial,Oil & Gas,Crude Oil Pipeline,6. North Coast,Prince Rupert,Eagle Spirit Energy Holdings Ltd./Aquilini Group,,On hold,,Transportation & Warehousing,FALSE,FALSE,FALSE,FALSE,FALSE,FALSE,,FALSE,TRUE,Multiple First Nation Partnership (30 across BC and AB),Project partnership and crossing traditional territory.,,,,,,,,,,,2015-06-01,2025-03-01
3425,Cypress Mountain Village,Development of a village will include residential and commercial components. The proposed project is located on 121 hectares along Cypress Bowl Rd in the Upper Lands area. Community open house conducted in Apr 2015. Project is in very early stages of planning.,,,,Residential,Primarily residential - Single use,Residential/Commercial/Retail,2. Mainland/Southwest,West Vancouver,District of West Vancouver,,Proposed,Consultation/Approvals,Residential/Commercial,FALSE,FALSE,FALSE,FALSE,FALSE,FALSE,,FALSE,FALSE,,,,,,,,,,,(604) 925-7000 (West Vancouver District),,2015-06-01,2025-03-01
3377,Residential Condominium,Development of a proposed 5 and 12 storey complex that will have 150 market condominiums and 30 affordable housing units. Kettle Friendship Society would have facilities on the site at Commercial Dr. and Venables St. Rezoning is required.,20,,,Residential,Primarily residential - Single use,Residential,2. Mainland/Southwest,Vancouver,Boffo Properties,,Proposed,Preliminary/Feasibility,Residential/Commercial,FALSE,FALSE,FALSE,FALSE,FALSE,FALSE,,FALSE,FALSE,,,,,,,49.276666,-123.069568,49° 16' 35.99'' N,123° 4' 10.45'' W,(604) 648-0594,,2015-06-01,2025-03-01
3428,Fifteen Fifteen Residential Condominium,195-unit development of a 40-storey residential tower to occupy 1515 Alberni St.,40,,,Residential,Primarily residential - Single use,Residential,2. Mainland/Southwest,Vancouver,Bosa Properties/ Kingswood Properties,Büro Ole Scheeren Architect,Construction started,,Residential/Commercial,FALSE,FALSE,FALSE,FALSE,FALSE,TRUE,LEED platinum,FALSE,FALSE,,,,,2022-Q4,2027-Q2,49.289794,-123.129431,49° 17' 23.26'' N,123° 7' 45.95'' W,(604) 299-1363,,2015-06-01,2025-03-01
3134,Pearson-Dogwood Redevelopment,"Development of a mixed-use community that will replace George Pearson Centre and the Dogwood Lodge located on Cambie St between 57 and 59 Ave. Mixed housing is proposed for the 25 acre site; including assisted living, affordable and market units, as well as health care and commercial space. In February 2015, VCHA has selected Onni Group as development partner for the redevelopment. Onni Group has purchased two parcels of land totalling 22.18 acres. VCHA will retain a 3.2 acre parcel which will be developed for health care and community uses. All proceeds generated from the sale of the Pearson Dogwood lands will remain with VCHA for re-investment into health care infrastructure, including on the site to replace existing outdated buildings. The first phase will have 22 and 26 storey towers with 307 market units and 138 social housing units. Retail space will be located at ground level. The 6-storey, 150-bed Dogwood Lodge Replacement will be developed by the Lark Group Pearson Homes is under development by Onni Group.",58,,,Residential,Mixed use,Mixed use - Residential/Commercial/Retail/ Industrial,2. Mainland/Southwest,Vancouver,Vancouver Coastal Health Authority,DYS Architecture,Construction started,,Residential/Commercial,TRUE,TRUE,FALSE,FALSE,FALSE,FALSE,,FALSE,FALSE,,,,,2020-Q2,2025-Q2,49.218376,-123.117009,49° 13' 6.1536'' N,123° 7' 1.2324'' W,(604) 736-2033,,2015-03-01,2025-03-01
3410,Innovation Village Seniors Complex,Proposed development for seniors with two 6-storey independent living buildings and a 12-storey building to house health services and assisted living units. The plan will include 1.35 acres of greenspace. Project has received approval from council.,,,,Residential,Primarily residential - Single use,Seniors housing,2. Mainland/Southwest,Surrey,WestStone Group,,On hold,,Residential/Commercial,FALSE,FALSE,FALSE,FALSE,FALSE,FALSE,,FALSE,FALSE,,,,,,,49.17690,-122.84634,"49° 10' 36.84"" N","122° 50' 46.82"" W",(604) 498-1958,,2015-03-01,2025-03-01
3374,McCallum Junction Commercial Development,"Proposed 130,000 sq ft commercial development on McCallum Rd and Hwy 1. Project will include a 70,000 sq ft Outdoor Outfitters outlet. The site requires rezoning and Official Community Plan (OCP) amendment.",20,,,Commercial,Retail,Retail/Residential,2. Mainland/Southwest,Abbotsford,McCallum Junction Properties Inc.,,Proposed,Permitting,Residential/Commercial,FALSE,FALSE,FALSE,FALSE,FALSE,FALSE,,FALSE,FALSE,,,,,,,49.03592,-122.29347,"49° 2' 9.31"" N","122° 17' 36.49"" W",(604) 864-5510 (City of Abbotsford),,2015-03-01,2025-03-01
3383,Sundance Clean Methanol Refinery,Proposal to build a natural gas to clean methanol refinery on a 1055 acre site near Chetwynd. A low carbon gas plant will be developed on the site (see project ID #2628).,1500,,,Industrial,Manufacturing - Petrochemical,Petrochemical Manufacturing,8. Northeast,Chetwynd,Canadian Methanol Corp.,,Proposed,Permitting,Manufacturing,FALSE,FALSE,FALSE,FALSE,FALSE,FALSE,,FALSE,FALSE,,,,,,,55.698147,-121.629689,"55° 41' 53.33"" N","121° 37' 46.88"" W",(250) 655-0330,www.canadianmethanol.com,2015-03-01,2025-03-01
3371,Cedar LNG,"Proposed LNG processing facility to be developed at three sites in the Douglas Channel, Haisla project lands. Cedar 1, Cedar 2 and Cedar 3 will have a capacity of 14.5 million tonnes/year. An application for an export license has been approved by the National Energy Board. A Financial Investment Decision was reached in Jun 2024, pre-construction and site clearing taking place in late 2024.",5500,,Certified,Industrial,Oil & Gas,Liquefied Natural Gas,6. North Coast,Kitimat,Cedar LNG Export Development Ltd.,,Proposed,Tender/Preconstruction,Mining & Oil & Gas Extraction,FALSE,FALSE,FALSE,FALSE,FALSE,FALSE,,FALSE,TRUE,Haisla First Nation,Project partner,500,100,2025-Q3,2028-Q4,53.92541,-128.727915,"53° 55' 31.48"" N","128° 43' 40.49"" W",(250) 632-8900 (District of Kitimat),www.cedarlng.com/project,2015-03-01,2025-03-01
3370,Tilbury Marine Jetty Project,Proposed project to include an LNG marine jetty near Tilbury Island liquefaction plant. Approval has been issued for a 25 yr export license for 3.5 million tonnes/yr. The project has been approved under a federal review.,175,,Certified,Industrial,Oil & Gas,Liquefied Natural Gas,2. Mainland/Southwest,Delta,Tilbury Jetty LP,,Proposed,Permitting,Mining & Oil & Gas Extraction,FALSE,FALSE,FALSE,FALSE,FALSE,FALSE,,FALSE,FALSE,,,132,19,2025-Q2,2025-Q2,49.14199,-123.03742,"49° 8' 31.16"" N","123° 2' 14.71"" W",(604) 946-3380 (Delta City),www.wespactilbury.ca,2015-03-01,2025-03-01
3375,Red Willow Wind Farm,"200 MW wind energy facility located 40 km southeast of the District of Tumbler Ridge, would include new access roads, a 230 kv transmission line will connect to the Quintette Substation.",480,,Review,Infrastructure,Utilities,Utilities,8. Northeast,Tumbler Ridge,Red Willow Wind LP,,Proposed,Consultation/Approvals,Utilities (incl sewage treatment),FALSE,FALSE,FALSE,FALSE,FALSE,FALSE,,TRUE,TRUE,Lheidli-T’enneh First Nation,Project located on traditional territory.,300,8,,,54.808663,-120.375011,"54° 48' 31.19"" N","120° 22' 30.04"" W",(855) 604-6403,www.boralex.com/projects/redwillow,2015-03-01,2025-03-01
3376,Isle Pierre Wind Farm,Proposed 100 MW wind farm located 35 km west of Prince George. Design studies are underway. Project is in the pre-application stage under the Environmental Assessment Act.,400,,Pre-application,Infrastructure,Utilities,Utilities,5. Cariboo,Prince George,Kruger Energy Inc.,,Proposed,Preliminary/Feasibility,Utilities (incl sewage treatment),FALSE,FALSE,FALSE,FALSE,FALSE,FALSE,,TRUE,FALSE,,,150,10,,,53.912778,-123.403889,"53º 54' 46"" N","123º 24' 14"" W",(514) 737-1131,www.krugerenergy.com,2015-03-01,2025-03-01
3348,Condominium Development - 1618 W 6th Ave,Proposed 12 storey development with 99 units over 107 stall underground parking.,20,,,Residential,Primarily residential - Single use,Residential,2. Mainland/Southwest,Vancouver,,W.T. Leung Architects,Proposed,Consultation/Approvals,Residential/Commercial,FALSE,FALSE,FALSE,FALSE,FALSE,FALSE,,FALSE,FALSE,,,,,,,49.26632,-123.14106,"49° 15' 58.75"" N","123° 8' 27.82"" W",(604) 736-9711 (Architect),,2014-12-01,2025-03-01
3349,Midrise Condominium,Development of 87 units in a 6 storey building located at 3501 E Hastings St.,20,,,Residential,Primarily residential - Single use,Residential,2. Mainland/Southwest,Vancouver,,Cornerstone Architecture,Proposed,Consultation/Approvals,Residential/Commercial,FALSE,FALSE,FALSE,FALSE,FALSE,FALSE,,FALSE,FALSE,,,,,,,49.28133,-123.02803,"49° 16' 52.79"" N","123° 1' 40.91"" W",(604) 253-8800 (Architect),,2014-12-01,2025-03-01
3350,Midrise Mixed-Use Development,Proposed 129 unit residential 6 storey building and a second 6 storey mixed-use building.,22,,,Residential,Primarily residential - Single use,Residential/Commercial,2. Mainland/Southwest,Vancouver,,GBL Architects,Proposed,Consultation/Approvals,Residential/Commercial,FALSE,FALSE,FALSE,FALSE,FALSE,FALSE,,FALSE,FALSE,,,,,,,49.21621,-123.11731,"49° 12' 58.36"" N","123° 7' 2.32"" W",(604) 736-1156 (Architect),,2014-12-01,2025-03-01
3361,Value Village Mixed-Use Development,"Mixed-use development that includes 803 units in 3 residential towers, 5 storey office building and ground level retail space. Project located at 7350 Edmonds St is in permitting phase.",,,,Commercial,Mixed use,Mixed use - Commercial/Retail/ Industrial/Residential,2. Mainland/Southwest,Burnaby,IBI Group Architects,,Proposed,Consultation/Approvals,Residential/Commercial,FALSE,FALSE,FALSE,FALSE,FALSE,FALSE,,FALSE,FALSE,,,,,,,49.21934,-122.95015,"49° 13' 9.62"" N","122° 57' 0.54"" W",(604) 294-7290 (Burnaby City),,2014-12-01,2025-03-01
3334,South Richmond Terminal Project,"Proposed aggregate processing and distribution facility located on the south end of No 7 Rd. The project will include a wash plant, reclaimer, rail and marine unloading and loading facilities.",,,,Commercial,Warehousing,General Warehousing and Storage,2. Mainland/Southwest,Richmond,Heidelberg Materials Ltd.,,Proposed,Consultation/Approvals,Transportation & Warehousing,FALSE,FALSE,FALSE,FALSE,FALSE,FALSE,,FALSE,TRUE,,,,,,,49.1465,-123.0515,"49  08’ 47.35"" N","123 03’ 05.25"" W",(604) 665-9047 (Port Metro Vancouver),,2014-12-01,2025-03-01
3357,Waterfront Square Office Tower,"Proposed 26 storey office tower to be located beside the Waterfront Skytrain Station. Project redesign, called The Crystal, will include a fourth floor viewing deck.",24,,,Commercial,Office,Commercial,2. Mainland/Southwest,Vancouver,Cadillac Fairview,B+H Architects,Proposed,Consultation/Approvals,Residential/Commercial,FALSE,FALSE,FALSE,FALSE,FALSE,TRUE,LEED platinum,FALSE,FALSE,,,,,,,49.285051,-123.111414,49° 17' 6.18'' N,123° 6' 41.09'' W,(604) 688-7236,,2014-12-01,2025-03-01
3341,Condominium Development - 180 E 2nd Ave,"Proposed 12 storey mixed use development that will contain 223 residential units and 30 units of non-market housing, with commercial space at grade and 297 underground parking stalls. The project will meet LEED gold building standards.",40,,,Residential,Primarily residential - Single use,Residential/Commercial,2. Mainland/Southwest,Vancouver,,Francl Architecture,Proposed,Consultation/Approvals,Residential/Commercial,FALSE,FALSE,FALSE,FALSE,FALSE,TRUE,LEED gold,FALSE,FALSE,,,,,,,49.269144,-123.1015,"49° 16' 8.92"" N","123° 6' 5.4"" W",(604) 688-3252 (Architect),,2014-12-01,2025-03-01
3335,Residential Development - 1755 W 14th Ave.,Proposal for the addition of 122 residential units in a 12 storey and 3 storey building.,20,,,Residential,Primarily residential - Single use,Residential/Commercial,2. Mainland/Southwest,Vancouver,,Musson Cattell Mackey Partnership,Proposed,Consultation/Approvals,Residential/Commercial,FALSE,FALSE,FALSE,FALSE,FALSE,FALSE,,FALSE,FALSE,,,,,,,49.25910,-123.14374,"49° 15' 32.76"" N","123° 8' 37.46"" W",(604) 687-2990 (Architect),,2014-12-01,2025-03-01
3344,Condominium Development,Proposed 13 storey condominium development with 127 residential units over 3 levels of underground parking has been rejected by council. A 9-storey proposal has been submitted.,22,,,Residential,Primarily residential - Single use,Residential,2. Mainland/Southwest,Vancouver,Beedie Holdings,Merrick Architecture,Proposed,,Residential/Commercial,FALSE,FALSE,FALSE,FALSE,FALSE,FALSE,,FALSE,FALSE,,,,,,,49.27992,-123.10113,"49° 16' 47.71"" N","123° 6' 4.07"" W",(604) 683-4131 (Architect),,2014-12-01,2025-03-01
3314,Condominium Towers,Condominium development with 376 units in three towers located at 7791 Alderbridge Way. Phase 1 will have 168 units in a 14-storey building and phase 2 will consist of 208 units in 11 and 12 storeys.,45,,,Residential,Primarily residential - Single use,Residential,2. Mainland/Southwest,Richmond,Hungerford Properties,,Proposed,Consultation/Approvals,Residential/Commercial,FALSE,FALSE,FALSE,FALSE,FALSE,FALSE,,FALSE,FALSE,,,,,,,49.177049,-123.142468,"49° 10' 37.38"" N","123° 8' 32.88"" W",(604) 736-8550,,2014-09-01,2025-03-01
3321,Gilmore Place Mixed-Use Development,"Phased 1,563 residential and commercial development in a mixed-use highrise complex up to 64 storeys in height. Project is located on a 12.3 acre site at 4171 Dawson Street next to Gilmore Station.",100,,,Residential,Mixed use,Mixed use - Residential/Commercial/Retail/ Industrial,2. Mainland/Southwest,Burnaby,ONNI Group,IBI Group,Construction started,,Residential/Commercial,FALSE,FALSE,FALSE,FALSE,FALSE,FALSE,,FALSE,FALSE,,,,,2019-Q2,2025-Q4,49.26469,-123.01008,"49° 15' 52.88"" N","123° 0' 36.29"" W",(604) 602-7711,www.onni.com/gilmoreplace,2014-09-01,2025-03-01
3316,Brookmere Condominium Development,Proposed development for a 27-storey highrise with commercial space at ground level. Project is located at 535 North Rd.,40,,,Residential,Primarily residential - Single use,Residential,2. Mainland/Southwest,Coquitlam,ONNI Group,Chris Dikeakos Architect,Proposed,Consultation/Approvals,Residential/Commercial,FALSE,FALSE,FALSE,FALSE,FALSE,FALSE,,FALSE,FALSE,,,,,,,49.25023,-122.89258,"49° 15' 0.83"" N","122° 53' 33.29"" W",(604) 602-7711,www.onni.com/brookmere,2014-09-01,2025-03-01
3312,Condominium Development,Proposed 153 unit multi- family condominium development on a 62 acre site at 2755 McCurdy Rd. Project has received third reading.,40,,,Residential,Primarily residential - Single use,Residential,3. Thompson-Okanagan,Kelowna,,,On hold,,Residential/Commercial,FALSE,FALSE,FALSE,FALSE,FALSE,FALSE,,FALSE,FALSE,,,,,,,49.901416,-119.410435,"49° 54' 5.1"" N","119° 24' 37.57"" W",(403) 567-2100,,2014-09-01,2025-03-01
3306,Pacific Future Energy Refinery,"Bitumen refinery proposed for the North Coast will be built in phases, each processing 200,000 barrels/day to a total of 1,000,000 barrels/day on completion. A new rail terminal and rail connection will be included along with storage and support buildings. The site selected is called Dubose Flats, located between Terrace and Kitimat. A project description has been submitted to the federal and provincial environmental assessment agencies.",11000,,Pre-application,Industrial,Manufacturing - Petrochemical,Petrochemical Manufacturing,6. North Coast,Kitimat,Pacific Future Energy Corp.,,Proposed,Preliminary/Feasibility,Manufacturing,FALSE,FALSE,FALSE,FALSE,FALSE,FALSE,,FALSE,FALSE,,,3500,1000,,2023-Q4,54.283897,-128.617569,"54° 17' 2.03""N","128° 37' 3.25""W",(604) 559-3611,,2014-09-01,2025-03-01
3310,Coal Mountain Phase 2 Project,Proposed extension of the Coal Mountain Operations located 15 km south of Sparwood. The clean coal project would expand current production to 2.25 million metric tonnes/yr with an estimated total of 76.5 million metric tonnes over a 34 yr mine life. Project is on care and maintenance status.,396,,Withdrawn,Industrial,Mining,Mining,4. Kootenay,Sparwood,Teck Coal Ltd.,,On hold,,Mining & Oil & Gas Extraction,FALSE,FALSE,FALSE,FALSE,FALSE,FALSE,,FALSE,TRUE,Ktunaxa Nation,Pre-Impact Benefit Agreement,200,353,,,49.588506,-114.867401,"49° 35’ 18.621"" N","114° 52’ 2.642"" W",(403) 767-8500,,2014-09-01,2025-03-01
3274,Direct Transfer Coal Facility,Direct Transfer Coal Facility with a 4 million metric tonne capacity. The facility will transfer thermal coal from rail to barge for transport to a Texada Island shipping facility. Environmental Impact Assessment has been conducted. Project permit has been issued.,20,,,Infrastructure,Other Transportation,Port and Harbour Facilities,2. Mainland/Southwest,Surrey,Fraser Surrey Docks Ltd.,,Construction started,,Transportation & Warehousing,FALSE,FALSE,FALSE,FALSE,FALSE,FALSE,,FALSE,FALSE,,,,,2016-Q1,,49.177795,-122.916269,"49° 10' 40.06"" N","122° 54' 58.57"" W",(604) 665-9047 (Port Metro Vancouver),,2014-06-01,2025-03-01
3275,Turtle Bay Crossing Commercial Development,"Proposed 38,000 sq ft commercial and retail development will be located at Highway 97 and Oceola Rd.",15,,,Commercial,Retail,Retail,3. Thompson-Okanagan,Lake Country,Turtle Bay Crossing Development Ltd.,,Proposed,Consultation/Approvals,Residential/Commercial,FALSE,FALSE,FALSE,FALSE,FALSE,FALSE,,FALSE,FALSE,,,,,,,50.05915,-119.413106,"50° 3' 32.94"" N","119° 24' 47.18"" W",(250) 766-5650 (Lake Country District),,2014-06-01,2025-03-01
3222,Oak Green Condominium Development,"Redevelopment of the 13.8 acre Oakridge Transit Centre (OTC) site on 41st and Oak St. The 17-building project will include 1425 units of market housing and affordable housing, a child care facility, retail and park space.",270,,,Residential,Primarily residential - Single use,Residential,2. Mainland/Southwest,Vancouver,Modern Green Development Corp.,,Construction started,,Residential/Commercial,FALSE,FALSE,FALSE,FALSE,FALSE,FALSE,,FALSE,FALSE,,,,,2021-Q3,2031-Q4,49.233850,-123.125160,49° 14' 1.86'' N,123° 7' 30.576'' W,(604) 873-7011 (Vancouver City),,2014-06-01,2025-03-01
3287,Cambie & 35th Condominiums,Proposed 188 unit condominium development located at Cambie Street and West 35th Avenue.,28,,,Residential,Primarily residential - Single use,Residential,2. Mainland/Southwest,Vancouver,Washington Properties,,Proposed,Consultation/Approvals,Residential/Commercial,FALSE,FALSE,FALSE,FALSE,FALSE,FALSE,,FALSE,FALSE,,,,,,,,,,,(604) 428-5717,,2014-06-01,2025-03-01
3236,Skaha Hills Development,"Development of a 550 acre site with 600 units in seven phases of single family and condominium homes and a winery. The project has started with 50 homes and a golf course in phase 1, phase 2 includes 65 homes. Phase 3 is The Views and The Vistas. Phase 4, The Bench is under construction. Skaha Hills Development Corp is a partnership between Greyback Construction and the Penticton Indian Band Development Corp.",250,,,Residential,Primarily residential - Single use,Residential,3. Thompson-Okanagan,Penticton,The Skaha Hills Development Corp.,KelTec Design,Construction started,,Residential/Commercial,FALSE,FALSE,FALSE,FALSE,FALSE,FALSE,,FALSE,TRUE,Penticton Indian Band,Greyback Developments was awarded a 150 yr lease on 550 acres. Penticton Indian Band will receive 20% of the profits from Skaha Hills Development.,,,2014-Q3,2025-Q2,49.45098,-119.61019,"49° 27' 3.53"" N","119° 36' 36.68"" W",(250) 490-2400 (Penticton City),,2014-03-01,2025-03-01
3242,Lakelse Geothermal Power Plant,"Proposed 15MW geothermal power plant south of Lakelse Lake near Terrace. The plant would generate power for 10,000 homes. Pre-feasibility study has determined an inferred resource of 23 Mw power over a 30-yr span.",120,,,Infrastructure,Utilities,Utilities,6. North Coast,Terrace,Enbridge/ Borealis Geopower/ Kitselas First Nation,,Proposed,Consultation/Approvals,Utilities (incl sewage treatment),FALSE,FALSE,FALSE,FALSE,FALSE,FALSE,,TRUE,TRUE,Kitselas First Nation,,,,,,54.44564,-128.54030,"54° 26' 44.3"" N","128° 32' 25.08"" W",(403) 536-0871 (Borealis Inc),www.borealisgeopower.com,2014-03-01,2025-03-01
3247,Valemount Glacier Destination Resort,"Proposed sight-seeing and year round destination ski resort on Mt. Arthur Meighen near Valemount. A final phased master includes 4,997 ha Controlled Recreation Area, lifts from the base of Mt Trudeau to Mt Arthur Meighen and McLennan Glacier, and a lift to Twilight Glacier. Ski runs and lifts will be added over three phases of development, as well as a 2,000 bed resort village and day lodge. The Province has approved a Master Development Agreement for the resort.",800,,,Commercial,Accommodation,Resort,5. Cariboo,Valemount,Valemount Glacier Destinations,Pheidias Project Management Corp. & Oberti Resort Design,Proposed,,Residential/Commercial,FALSE,FALSE,FALSE,FALSE,FALSE,FALSE,,FALSE,TRUE,Simpcw First Nation,,800,,,,52.82014,-119.39148,"52° 49' 12.5"" N","119° 23' 29.33"" W",(250) 566-4435 (Valemount Village),,2014-03-01,2025-03-01
3232,Nakusp Hot Springs Resort Development,"Development of a 77 acre parcel with an all season resort lodge and future residential. Located on a 245 acre property near the Village of Nakusp and Arrow Lake. Current facility includes chalets and campground and access to mineral hot springs, parkland and skiing trails.",,,,Commercial,Accommodation,Resort/Residential,4. Kootenay,Nakusp,The Village of Nakusp,,Proposed,Preliminary/Feasibility,Residential/Commercial,TRUE,FALSE,FALSE,TRUE,FALSE,FALSE,,FALSE,FALSE,,,,,,,50.296217,-117.685567,"50° 17' 46.38"" N","117° 41' 8.04"" W",(250) 265-3689,www.nakusphotsprings.com,2014-03-01,2025-03-01
3209,Horseshoe Bay Terminal Upgrades,Possible upgrades are in the planning stages for the BC Ferries Horseshoe Bay Terminal which will improve service to the Nanaimo terminals.,200,,,Infrastructure,Other Transportation,Port and Harbour Facilities,2. Mainland/Southwest,North Vancouver,BC Ferries Corporation,,Proposed,Preliminary/Feasibility,Transportation & Warehousing,TRUE,FALSE,FALSE,FALSE,TRUE,FALSE,,FALSE,FALSE,,,,,,,49.3733711,-123.2796707,"49° 22' 24.14"" N","123° 16' 46.81"" W",(250) 381-1401,,2013-12-01,2025-03-01
3203,"Port Alberni
Transshipment Hub (PATH)",Proposed expansion of port facilities to include a deep-sea shipping terminal.,1600,,,Infrastructure,Other Transportation,Port and Harbour Facilities,1. Vancouver Island/Coast,Port Alberni,Port Alberni Port Authority,,Proposed,Preliminary/Feasibility,Transportation & Warehousing,FALSE,FALSE,FALSE,FALSE,FALSE,FALSE,,FALSE,TRUE,Huu-ay-aht First Nation,,1000,300,,,49.2294884,-124.8106308,"49° 13' 46.16"" N","124° 48' 38.27"" W",(250) 723-5312,www.portalberniportauthority.ca/,2013-12-01,2025-03-01
3224,Hiawatha Park Revitalization Project,"An 18 acre development on the site of the Hiawatha RV Park located at 3795 Lakeshore Rd. Phases will include 3 residential towers and 200 townhouse units. Project will have up to 1,000 rental units..",150,,,Residential,Primarily residential - Single use,Residential,3. Thompson-Okanagan,Kelowna,Westcorp Properties Inc.,,Construction started,,Residential/Commercial,FALSE,FALSE,FALSE,FALSE,FALSE,FALSE,,FALSE,FALSE,,,,,2021-Q3,2025-Q4,49.84927,-119.483112,"49° 50' 57.37"" N","119° 28' 59.2"" W",(780) 431-3300,,2013-12-01,2025-03-01
3227,498 Drake Condominium,Proposed 258-unit development in a 43 storey tower located at 498 Drake St.,30,,,Residential,Primarily residential - Single use,Residential,2. Mainland/Southwest,Vancouver,Wall Group of Companies,DiALOG/ Keakos and Cotter,Proposed,Consultation/Approvals,Residential/Commercial,FALSE,FALSE,FALSE,FALSE,FALSE,FALSE,,FALSE,FALSE,,,,,,,49.27477,-123.12565,"49° 16' 29.17"" N","123° 7' 32.34"" W",(604) 893-7131,,2013-12-01,2025-03-01
3221,Agri-Centre,Proposed development of a 33 acre site on Atkinson and Elridge into a 5 lot agricultural equipment supply centre.,20,,,Commercial,Office,Commercial,2. Mainland/Southwest,Abbotsford,Corpus Management,,Proposed,Consultation/Approvals,Residential/Commercial,FALSE,FALSE,FALSE,FALSE,FALSE,FALSE,,FALSE,FALSE,,,,,,,,,,,(604) 854-1720,,2013-12-01,2025-03-01
3192,Harbour Landing Office Building,"Proposed 47,000 sq ft office building will have retail space at the ground level. Located at corner of Harbour Road and Esquimalt Road. Project will be designed to meet Leadership in Energy and Environmental Design (LEED) Gold standards.",15,,,Commercial,Office,Commercial,1. Vancouver Island/Coast,Victoria,Mountain West Properties,,Proposed,Consultation/Approvals,Residential/Commercial,FALSE,FALSE,FALSE,FALSE,FALSE,TRUE,LEED gold,FALSE,FALSE,,,,,,,48.4287796,-123.3751297,"48° 25' 43.61"" N","123° 22' 30.47"" W",(250) 381-9611,,2013-09-01,2025-03-01
3176,Woodfibre LNG Project,"LNG facility located on former 86 hectare Woodfibre pulp mill, which has been granted a certificate of compliance for site remediation. A 25 year licence to export natural gas has been approved by the National Energy Board. Squamish Nation Council approved an Environmental Certificate. KBR Inc has been awarded a Front-end Engineering and Design (FEED) contract in Mar 2016. Financial Investment Decision (FID) has been taken in Nov 2016. Geotechnical surveys conducted Dec 2017. Site cleanup and demolition of pulp mill occurred Summer 2018. Application submitted in Jun 2018 to the BC Oil and Gas Commission. Final Investment Decision (FID) expected in Summer 2021, with site remediation underway in Fall 2021. The site preparation continues in 2024 with the arrival of the modular facility components in Early 2025.",6800,Project started construction,Extended,Industrial,Oil & Gas,Liquefied Natural Gas,2. Mainland/Southwest,Squamish,Woodfibre Natural Gas Ltd,,Construction started,,Mining & Oil & Gas Extraction,FALSE,FALSE,FALSE,FALSE,FALSE,FALSE,,FALSE,TRUE,Squamish First Nation,,650,100,2025-Q1,2027-Q4,49.667027,-123.256746,"49° 40' 01.299"" N","123° 15' 24.286"" W",(778) 875-1613,www.woodfibrelng.ca,2013-09-01,2025-03-01
3182,Sooke Wind Project,Proposed 300 MW wind farm in the Sooke area with 100 to 150 turbines. Project placed on hold.,750,,,Infrastructure,Utilities,Utilities,1. Vancouver Island/Coast,Sooke,TimberWest Forest Corp./EDP Renewables,,On hold,,Utilities (incl sewage treatment),FALSE,FALSE,FALSE,FALSE,FALSE,FALSE,,FALSE,FALSE,,,350,50,,,48.41121,-123.79417,"48° 24' 40.36"" N","123° 47' 39.01"" W",(604) 654-4600,,2013-09-01,2025-03-01
3175,Eagle Mountain Woodfibre Gas Pipeline,"Natural gas pipeline to extend 47 km from north of Coquitlam to a liquefied natural gas facility proposed by Woodfibre Natural Gas Ltd on the site of the former Woodfibre pulp mill. The pipeline will operate parallel to the existing FEVI pipeline. Project has approval from the Canadian Environmental Assessment Agency, Squamish First Nation, and is certified under the BC Environmental Assessment Act. Approval received from the BC Utilities Commission.",350,,Certified,Industrial,Oil & Gas,Liquefied Natural Gas - Natural Gas Pipeline,2. Mainland/Southwest,Coquitlam,FortisBC Energy (Vancouver Island) Inc.,,Construction started,,Transportation & Warehousing,FALSE,FALSE,FALSE,FALSE,FALSE,FALSE,,FALSE,TRUE,Squamish First Nation,Independent Environmental Review,650,5,2023-Q3,2025-Q4,,,,,(866) 436-7847,www.talkingenergy.ca/project/eagle-mountain-pipeline-project,2013-09-01,2025-03-01
3168,Burrard Inlet Marine Container Examination Facility,Proposed cargo examination facility operated by Canada Border Services Agency will improve cargo inspection and include large scale imaging devices. Located at the Vancouver container terminals on Burrard Inlet. Funding will be provided by the Government of Canada and Port Metro Vancouver.,30,,,Infrastructure,Other Transportation,Port and Harbour Facilities,2. Mainland/Southwest,Vancouver,Port Metro Vancouver,,Proposed,Consultation/Approvals,Transportation & Warehousing,TRUE,FALSE,FALSE,FALSE,TRUE,FALSE,,FALSE,FALSE,,,,,,,49.2837486,-123.0767059,"49° 17' 1.49"" N","123° 4' 36.14"" W",(604) 665-9047,,2013-09-01,2025-03-01
3172,New Monaco Mixed-Use Development,"A proposed mixed use development, to be constructed over 20 years, with a diversity of housing types and commercial opportunities. Located on a 125 acre parcel between The Okanagan Connector and Hwy 97, it is proposed that the development will be comprised of approximately 255,000 sq ft of retail and office space and 2800 units (maximum).",1000,,,Residential,Mixed use,Mixed use - Residential/Commercial/Retail/ Industrial,3. Thompson-Okanagan,Peachland,AMC Developments,,Proposed,Consultation/Approvals,Residential/Commercial,FALSE,FALSE,FALSE,FALSE,FALSE,FALSE,,FALSE,FALSE,,,,,,,49.80023,-119.6985092,"49° 48' 0.83"" N","119° 41' 54.63"" W",(250) 767-2647 (Peachland Municipality),www.newmonaco.ca,2013-09-01,2025-03-01
3190,Quottoon Cluster of Hydroelectric Projects,Proposed 62.2 MW hydroelectric cluster on 7 creeks that flow into the Quottoon Inlet or the Work Channel. The project is located 25 km north of Prince Rupert and will interconnect into the BC Hydro grid.,120,,,Infrastructure,Utilities,Utilities,6. North Coast,Prince Rupert,Sequoia Energy Inc.,,Proposed,Consultation/Approvals,Utilities (incl sewage treatment),FALSE,FALSE,FALSE,FALSE,FALSE,FALSE,,TRUE,FALSE,,,,,,,54.466667,-130.066667,"54° 28' 0"" N",130° 4? 0? W,(250) 727-7677,,2013-09-01,2025-03-01
3181,Hydroelectric Dam,Proposed 45 - 65 MW power facility on the Similkameen River 15 km south of Princeton. Project will include a 175 m high dam and a 21 km long reservoir.,150,,,Infrastructure,Utilities,Utilities,3. Thompson-Okanagan,Princeton,Fortis Generation Inc.,,Proposed,Preliminary/Feasibility,Utilities (incl sewage treatment),FALSE,FALSE,FALSE,FALSE,FALSE,FALSE,,FALSE,FALSE,,,,,,,49.36671,-120.55122,"49° 22' 0.16"" N","120° 33' 4.39"" W",(866) 436-7847,,2013-09-01,2025-03-01
3197,Maple Heights Village,Proposed 193-unit townhouse development located at 240th and 112th Ave. Project will be built in four phases and include trail and park amenities.,28,,,Residential,Primarily residential - Single use,Residential,2. Mainland/Southwest,Maple Ridge,Blexo Developments,,Proposed,Consultation/Approvals,Residential/Commercial,FALSE,FALSE,FALSE,FALSE,FALSE,FALSE,,FALSE,FALSE,,,,,,,49.2058182,-122.5566635,"49° 12' 20.95"" N","122° 33' 23.99"" W",(604) 597-5612,,2013-09-01,2025-03-01
3174,Tabletop Mountain Resort,"A proposed 5 star 58 suite luxury resort hotel (54,000 sq ft) with spa, health club, 2 restaurants and cooking school. Attached is a proposed state of the art winery (8,000 sq ft). This is a development on 25 acres located at 5126 MacKinnon Road. The hotel will be a four season destination hotel with stunning views of Lake Okanagan. In addition, there are 20 luxury homes on the estate for purchase.",32,,,Commercial,Accommodation,Resort,3. Thompson-Okanagan,Peachland,,,Proposed,Consultation/Approvals,Residential/Commercial,FALSE,FALSE,FALSE,FALSE,FALSE,FALSE,,FALSE,FALSE,,,,,,,49.797081,-119.7192993,"49° 47' 49.49"" N","119° 43' 9.48"" W",(250) 767-2647 (Peachland Municipality),www.tabletopresort.com,2013-09-01,2025-03-01
3166,North Montney Mainline,305 km extension to the Groundbirch pipeline that will connect to the Prince Rupert Gas Transmission project (ID #3070). The project will include necessary metering and compression facilities. NOVA Gas Transmission Ltd. is a subsidiary of TransCanada Corp.,1700,,Certified,Industrial,Oil & Gas,Natural Gas Pipeline,8. Northeast,Peace River,NOVA Gas Transmission Ltd.,,Construction started,,Transportation & Warehousing,FALSE,FALSE,FALSE,FALSE,FALSE,FALSE,,FALSE,FALSE,,,,,2020-Q1,,,,,,(403) 920-6098,,2013-09-01,2025-03-01
3159,One92 Apartments,Development of a 72-unit apartment condominium at 6685 192 St.,20,,,Residential,Primarily residential - Single use,Residential,2. Mainland/Southwest,Surrey,Lakewood Homes,,Proposed,Consultation/Approvals,Residential/Commercial,FALSE,FALSE,FALSE,FALSE,FALSE,FALSE,,FALSE,FALSE,,,,,,,49.1176214,-122.6910502,"49° 7' 3.44"" N","122° 41' 27.78"" W",(604) 590-8444,www.lakewood.ca,2013-06-01,2025-03-01
3143,Plaza Hotel Condominium Development,"Six-storey, 105-unit condominium development will include restoring and upgrades to portions of the Plaza Hotel on Government St and Pandora Ave.",20,,,Residential,Primarily residential - Single use,Residential,1. Vancouver Island/Coast,Victoria,GMC Projects Ltd./League Financial Partners,Eric Barker Architect Inc.,Proposed,Consultation/Approvals,Residential/Commercial,FALSE,FALSE,FALSE,FALSE,FALSE,FALSE,,FALSE,FALSE,,,,,,,48.4284782,-123.3671188,"48° 25' 42.52"" N","123° 22' 1.63"" W",(250) 361-0382 (Victoria City),,2013-06-01,2025-03-01
3144,Horn River Basin Light Industrial Park,"Light industrial park located on 250 acres in the Horn River Basin. 1 acre to 20 acre parcels are serviced with power, gas, electrical, sewer and road access to the Alaska Hwy.",40,,,Commercial,Other Commercial,Commercial/Industrial,8. Northeast,Fort Nelson,Northern Rockies Regional Municipality,,Proposed,Tender/Preconstruction,Residential/Commercial,FALSE,FALSE,FALSE,FALSE,FALSE,FALSE,,FALSE,FALSE,,,,,,,58.799312,-122.670364,58° 47' 57.52'' N,122° 40' 13.31'' W,(250) 774-2541,,2013-06-01,2025-03-01
3148,Elliot Street Condominium,Proposed 18-storey condominium located at Agnes St and Eliot St.,20,,,Residential,Primarily residential - Single use,Residential,2. Mainland/Southwest,New Westminster,Censorio,GBL Architects,Proposed,Consultation/Approvals,Residential/Commercial,FALSE,FALSE,FALSE,FALSE,FALSE,FALSE,,FALSE,FALSE,,,,,,,49.20791,-122.90380,"49° 12' 28.44"" N","122° 54' 13.68"" W",(604) 662-8009,,2013-06-01,2025-03-01
3118,Gateway (Park Royal) Condominiums,"Development of 203 condominiums and commercial space in 11 and 14 storey towers located at 752 Marine Drive. Project will include retail space, daycare centre and a 232-stall parking garage. Design will meet LEED gold standards.",40,,,Residential,Primarily residential - Single use,Residential,2. Mainland/Southwest,Vancouver,Larco Investments Ltd.,DIALOG Architecture,Construction started,,Residential/Commercial,FALSE,FALSE,FALSE,FALSE,FALSE,TRUE,LEED gold,FALSE,FALSE,,,,,2019-Q2,2020-Q4,49.2109635,-123.0896262,"49° 12' 39.47"" N","123° 5' 22.65"" W",(604) 925-2700,,2013-03-01,2025-03-01
3122,Residential Condominium,Proposed development of a 22-storey residential condominium located at 455 Beach Ave. Project has received approval from council.,30,,,Residential,Primarily residential - Single use,Residential,2. Mainland/Southwest,Vancouver,,Hulbert Group,Proposed,Consultation/Approvals,Residential/Commercial,FALSE,FALSE,FALSE,FALSE,FALSE,FALSE,,FALSE,FALSE,,,,,,,49.2743226,-123.1311369,"49° 16' 27.56"" N","123° 7' 52.09"" W",(604) 873-7011 (Vancouver City),,2013-03-01,2025-03-01
3120,Office Complex,"Proposed 800,000 sq ft office complex in five buildings located at 3030 E. Broadway.",40,,,Commercial,Office,Commercial,2. Mainland/Southwest,Vancouver,British Columbia Investment Management Corp.,,Proposed,Consultation/Approvals,Residential/Commercial,FALSE,FALSE,FALSE,FALSE,FALSE,FALSE,,FALSE,FALSE,,,,,,,49.2618881,-123.0401068,"49° 15' 42.8"" N","123° 2' 24.38"" W",(604) 731-9053,,2013-03-01,2025-03-01
3124,Condominium Development,Proposed 34-storey residential tower with a 7-storey lowrise condominium. Project located at 734 Rolston Cres has received approval from council.,45,,,Residential,Primarily residential - Single use,Residential,2. Mainland/Southwest,Vancouver,IBI Group Inc.,,Proposed,Consultation/Approvals,Residential/Commercial,FALSE,FALSE,FALSE,FALSE,FALSE,FALSE,,FALSE,FALSE,,,,,,,49.2754908,-123.1283001,"49° 16' 31.77"" N","123° 7' 41.88"" W",(604) 873-7011 (Vancouver City),,2013-03-01,2025-03-01
3066,Taylor Wind Project,Proposed 40 turbine wind energy project of 200 MW to be located 10 km south of the District of Taylor. Project was selected in the 2024 BC Hydro clean call for power.,600,,Pre-application,Infrastructure,Utilities,Utilities,8. Northeast,Taylor,Taylor Wind Project Ltd.,,Proposed,Consultation/Approvals,Utilities (incl sewage treatment),FALSE,FALSE,FALSE,FALSE,FALSE,FALSE,,TRUE,TRUE,Saulteau First Nations,,150,12,,2031-Q4,56.0205,-120.7348,"56° 1' 13.8"" N","120° 44' 5.28"" W",(250) 789-3392 (District of Taylor),,2012-12-01,2025-03-01
3065,Bingay Main Coal Project,"Proposed open pit and underground mine with an expected capacity of 2 million tonnes/year. Located 21 km north of Elkford, the project will include a coal processing facility and a 27 km rail line. Environmental Assessment pre-application phase has been initiated.",380,,Pre-application,Industrial,Mining,Mining,4. Kootenay,Elkford,Centermount Coal Ltd.,,Proposed,Consultation/Approvals,Mining & Oil & Gas Extraction,FALSE,FALSE,FALSE,FALSE,FALSE,FALSE,,FALSE,TRUE,Ktunaxa Kinbasket Tribal Council,Located on traditional territory,494,200,,,50.200833,-114.980278,"50°12'03"" N","114°58'49"" W",(604) 568-3388,,2012-12-01,2025-03-01
3067,Sundance Wind Project,Proposed 250 MW wind energy project located 20 km north of the Tumbler Ridge. Project may be submitted into a future BC Hydro clean call for power. Project has been put on hold until demand increases.,600,,Pre-application,Infrastructure,Utilities,Utilities,8. Northeast,Tumbler Ridge,Sundance Wind Project Ltd.,,On hold,,Utilities (incl sewage treatment),FALSE,FALSE,FALSE,FALSE,FALSE,FALSE,,TRUE,FALSE,,,250,10,,,55.3547,-121.0845,"55° 21' 16.92"" N","121° 5' 4.2"" W",,,2012-12-01,2025-03-01
3070,Prince Rupert Gas Transmission Project,"Project to build, own and operate a 900 km natural gas pipeline from Fort St. John to proposed Pacific Northwest LNG export facility (cancelled project ID #3131) at Port Edward, near Prince Rupert. The projects Environmental Assessment certificate has been extended to Nov 2024. 11 permits for pipeline and compressor stations have been issued by the BC Oil and Gas Commission. Project agreements with 13 First Nations are in place. Project options are in review.",5000,,Extended,Industrial,Oil & Gas,Liquefied Natural Gas - Natural Gas Pipeline,6. North Coast,Prince Rupert,TransCanada Corp.,,Proposed,,Transportation & Warehousing,FALSE,FALSE,FALSE,FALSE,FALSE,FALSE,,FALSE,TRUE,"Doig River, Gitanyow, Gitxaala, Gitxsan, Halfway River, Kitselas, Lake Babine Nation, Lax Kw’alaams, McLeod Lake Band, Metlakatla First Nation, Nisga’a Lisims Government, Takla Lake, Tl’azt’en Nation and Yekooche First Nations",Benefits Agreements and Impact Benefit Agreements,2000,40,,,,,,,(403) 920-2000,www.princerupertgas.com,2012-12-01,2025-03-01
3086,Commercial/ Retail Development,Proposed 203-unit rental development with below market units in a 20-storey tower located at 1395 W. Broadway. Heritage component will be retained.,20,,,Residential,Primarily residential - Single use,Residential,2. Mainland/Southwest,Vancouver,Yuanheng Holdings Ltd.,Shape Architecture,Proposed,Consultation/Approvals,Residential/Commercial,FALSE,FALSE,FALSE,FALSE,FALSE,FALSE,,FALSE,FALSE,,,,,,,49.2637498,-123.135818,"49° 15' 49.5"" N","123° 8' 8.94"" W",(604) 909-6860,,2012-12-01,2025-03-01
3060,Fraser River Tunnel Project,"Proposed replacement of the Massey Tunnel and upgrades and associated infrastructure. Phase 1 would include improvements to the highway approaches and Phase 2 will include an 8 lane immersed tube tunnel. Request for Qualifications (RFQ) has been released to selected teams; Cross Fraser Partnership, Daewoo-GS JV, and Fraser River Tunnel Constructors.",4148,,Pre-application,Infrastructure,Roads & Highways,Transportation,2. Mainland/Southwest,Delta To Richmond,,,Proposed,Consultation/Approvals,Transportation & Warehousing,TRUE,TRUE,FALSE,FALSE,FALSE,FALSE,,FALSE,FALSE,,,,,2026-Q4,2030-Q4,49.121767,-123.075704,"49° 07' 18.36"" N","123° 04’ 32 32"" W",,www.engage.gov.bc.ca/masseytunnel/overview,2012-12-01,2025-03-01
3064,Kitimat Clean Oil Refinery,"Proposed refinery located 13 km north of Kitimat will process an estimated 400,000 barrels/day of Alberta oil sands bitumen refined to produce diesel, gasoline, and aviation fuel. The refined products will be stored and delivered via 23 km of 18"" fuel delivery pipeline to a proposed marine terminal on the Douglas Channel, 12 km south of Kitimat.",22000,,Pre-application,Industrial,Manufacturing - Petrochemical,Petrochemical Manufacturing,6. North Coast,Kitimat,Kitimat Clean Ltd.,,Proposed,Consultation/Approvals,Manufacturing,FALSE,FALSE,FALSE,FALSE,FALSE,FALSE,,FALSE,FALSE,,,6000,2500,,2029-Q4,54.22099,-128.66450,"54° 13' 15.56"" N","128° 39' 52.2"" W",,www.kitimatclean.ca,2012-12-01,2025-03-01
3049,Lougheed Town Centre Redevelopment,"Phased redevelopment of the Lougheed mall into a regional town centre to include 23 residential towers, located on Lougheed Hwy and Austin Ave. The commercial buildings and tower podiums will include commercial space. Rezoning is required.",7000,,,Commercial,Retail,Retail/Residential,2. Mainland/Southwest,Burnaby,Shape Properties,,Construction started,,Residential/Commercial,FALSE,FALSE,FALSE,FALSE,FALSE,FALSE,,FALSE,FALSE,,,,,2020-Q4,2025-Q4,49.2521,-122.8959,"49° 15' 7.55"" N","122° 53' 45.17"" W",(604) 681.2358,www.lougheedtowncentre.com,2012-09-01,2025-03-01
3042,Townhouse Development - 1123 Brunette Ave,Development of an 83-unit townhouse at 1123 Brunette Ave. A heritage building will be retained on site.,20,,,Residential,Primarily residential - Single use,Residential,2. Mainland/Southwest,Coquitlam,Guang Xin Development Ltd.,Matthew Cheng Architect Inc.,Proposed,Consultation/Approvals,Residential/Commercial,FALSE,FALSE,FALSE,FALSE,FALSE,FALSE,,FALSE,FALSE,,,,,,,49.2390921,-122.8606472,"49° 14' 20.73"" N","122° 51' 38.33"" W",(604) 927-3000 (Coquitlam City),,2012-09-01,2025-03-01
3043,Kemess Underground Copper-Gold Mine,"Underground coal mine located 5 km north of the former Kemess South mine. Estimated annual mine production of 95,000 oz gold and 41.4 million lbs of copper over a 12-year mine life.",524,,Certified,Industrial,Mining,Mining,8. Northeast,Chetwynd,Northgate Minerals Corp.,,Construction started,,Mining & Oil & Gas Extraction,FALSE,FALSE,FALSE,FALSE,FALSE,FALSE,,FALSE,FALSE,,,1127,240,2023-Q1,,56.976605,-126.761678,"56° 58' 35.78"" N","126° 45' 42.04"" W",(647) 260-8880,www.auricometals.ca/kemess,2012-09-01,2025-03-01
3044,Robson Valley Hydroelectric Project,"Series of ten run-of-river plants with a total of 76.5 MW located on tributaries in the Holmes watershed. The project, 12 km east of McBride, has water licences and land tenures in place and have qualified for BC Hydro's Standing Offer Program.",200,,,Infrastructure,Utilities,Utilities,5. Cariboo,McBride,Holmes Hydro,,Proposed,Consultation/Approvals,Utilities (incl sewage treatment),FALSE,FALSE,FALSE,FALSE,FALSE,FALSE,,TRUE,FALSE,,,,,,,53.346859,-119.840635,"53° 20' 48.69"" N","119° 50' 26.29"" W",(250) 569-3489,,2012-09-01,2025-03-01
3045,Prince George Global Logistics Park,"Proposed 1,700 acre industrial park located near the Prince George Airport. Phase 1 of the project is ready for development with 19 serviced lots.",382,,,Commercial,Other Commercial,Commercial/Industrial,5. Cariboo,Prince George,Prince George Global Logistics Park,,Proposed,Preliminary/Feasibility,Residential/Commercial,TRUE,FALSE,FALSE,TRUE,FALSE,FALSE,,FALSE,FALSE,,,,,,,53.90050,-122.68017,"53° 54' 1.8"" N","122° 40' 48.61"" W",(250) 561-7614 (Prince George City),,2012-09-01,2025-03-01
3021,Monaco Condominium Development,"Proposed development with 161 condominiums and 128 hotel suites in two 22 and 26 storey towers. Located at 526 Doyle Ave. and 1372 St. Paul St. The project will include 20,500 sq ft of commercial space.",70,,,Residential,Primarily residential - Single use,Residential,3. Thompson-Okanagan,Kelowna,Premier Pacific Properties,Points West Architecture,Proposed,,Residential/Commercial,FALSE,FALSE,FALSE,FALSE,FALSE,FALSE,,FALSE,FALSE,,,,,,,49.88916,-119.49168,"49° 53' 20.98"" N","119° 29' 30.05"" W",(250) 795-2125,www.themonacokelowna.com,2012-09-01,2025-03-01
3048,Hart North Industrial Site,"Proposed development of a 3,000 hectare industrial site with 400 hectares in phase 1. Located 36 km north of Prince George, the site is in close proximity to Prince George International Airport .",,,,Commercial,Other Commercial,Commercial/Industrial,5. Cariboo,Prince George,Prince George Economic Development Corp./ Regional District of Fraser-Fort George,,Proposed,Preliminary/Feasibility,Residential/Commercial,TRUE,FALSE,FALSE,TRUE,FALSE,FALSE,,FALSE,FALSE,,,,,,,54.176389,-122.6325,54° 10' 35” N,122° 37' 57” W,(250) 960-4400 (Regional District of Fraser-Fort George),,2012-09-01,2025-03-01
3028,Westcoast Connector Gas Transmission Project,"Proposal for a multi-pipeline natural gas corridor from the Cypress area in northeast B.C. to serve proposed West Coast LNG exports in the Prince Rupert area. An Environmental Assessment Certificate has been issued. Approximately 850-kilometres, 48-inch pipelines with a design capacity of up to 8.4 billion cubic feet per day.",6000,,Expired,Industrial,Oil & Gas,Liquefied Natural Gas - Natural Gas Pipeline,6. North Coast,Prince Rupert,Enbridge Inc.,,Proposed,,Transportation & Warehousing,FALSE,FALSE,FALSE,FALSE,FALSE,FALSE,,FALSE,TRUE,"Doig River First Nation, Gitanyow First Nation, Gitxaala First Nation, Kitselas First Nation, Metlakatla First Nation, Takla Lake First Nation",Benefits Agreement,3600,60,,,,,,,(403) 231-3900,www.enbridge.com,2012-09-01,2025-03-01
3050,McArthur Glen Outlet Store,"An outlet store located on 30 acres of Vancouver Airport lands near Templeton Station. The project is be a partnership between MacArthurGlen Group and Vancouver Airport Authority. Phases 1 and 2 with 335,000 sq ft. are complete. Phase 3 is planned with an additional 65,000 sq ft.",40,,,Commercial,Retail,Retail,2. Mainland/Southwest,Richmond,MacArthurGlen Group/ Vancouver Airport Authority,,Construction started,,Residential/Commercial,TRUE,FALSE,FALSE,FALSE,TRUE,FALSE,,FALSE,FALSE,,,,,2014-Q2,2026-Q3,,,,,(604) 276-4000 (Richmond City),www.mcarthurglen.com/en/designer-outlet-vancouver/en/,2012-09-01,2025-03-01
3052,Braid Street Office Building,"Proposed 400,000 sq ft office building located on Braid St.",20,,,Commercial,Office,Commercial,2. Mainland/Southwest,New Westminster,British Columbia Investment Management Corp./ City Development Corp.,,Proposed,Consultation/Approvals,Residential/Commercial,FALSE,FALSE,FALSE,FALSE,FALSE,TRUE,LEED gold,FALSE,FALSE,,,,,,,49.23228,-122.88294,"49° 13' 56.21"" N","122° 52' 58.58"" W",(250) 356-0263,,2012-09-01,2025-03-01
3053,Norampac Business Park,Proposed 64 acre business park on the former Norampac mill site.,20,,,Commercial,Other Commercial,Commercial/Industrial,2. Mainland/Southwest,Burnaby,Oxford Properties,,Proposed,,Residential/Commercial,FALSE,FALSE,FALSE,FALSE,FALSE,FALSE,,FALSE,FALSE,,,,,,,49.1863976,-122.9722672,"49° 11' 11.03"" N","122° 58' 20.16"" W",(604) 893-3200,,2012-09-01,2025-03-01
3055,PacificLink Industrial Park,"Master-planned 84 acre development will accommodate industrial, commercial and retail space, located on Scott Rd. Texan Distribution Centre is a major tenant, occupying 75,000 sq ft of warehouse and 30,000 sq ft office space. Other tenants include FedEx Freight, Pacific Coast Express and Lordco Auto Parts. 16 acres remain unused.",100,,,Commercial,Other Commercial,Commercial/Industrial,2. Mainland/Southwest,Delta,Wesgroup Properties,,Construction started,,Residential/Commercial,FALSE,FALSE,FALSE,FALSE,FALSE,FALSE,,FALSE,FALSE,,,,,2013-Q3,,49.19148,-122.89471,"49° 11' 29.33"" N","122° 53' 40.96"" W",(604) 632-1727,,2012-09-01,2025-03-01
3056,North Harbour Waterfront Condominiums,700-unit condominium development located on Harbourside Dr.  Aire East and West are condominium and townhome planned phases in North Harbour.,400,,,Residential,Mixed use,Mixed use - Residential/Commercial/Retail/ Industrial,2. Mainland/Southwest,North Vancouver,Concert Properties Ltd.,,Construction started,,Residential/Commercial,FALSE,FALSE,FALSE,FALSE,FALSE,TRUE,LEED gold,FALSE,FALSE,,,,,2022-Q1,2026-Q4,49.3144433,-123.0971024,"49° 18' 52"" N","123° 5' 49.57"" W",(604) 685-9875,www.concertproperties.com,2012-09-01,2025-03-01
3015,Willingdon Light Industrial Park,Development of 17.4 hectares on Willingdon Rd into a sustainable light industrial park. The project has received approval from Transport Canada and the municipality.,,,,Commercial,Other Commercial,Commercial/Industrial,1. Vancouver Island/Coast,Victoria,Victoria Airport Authority,,Proposed,Consultation/Approvals,Residential/Commercial,TRUE,TRUE,FALSE,FALSE,TRUE,FALSE,,FALSE,FALSE,,,,,,,48.6490707,-123.4418716,"48° 38' 56.65"" N","123° 26' 30.74"" W",(250) 953-7554,,2012-09-01,2025-03-01
3026,Vicarro Ranch Residential Development,"Proposed 1,400-unit residential community on a 160 hectare site near Whatcom Rd and Cassiar Rd. Project will proceed in phases with 264 single family homes, 38 duplex, 229 townhome and 348 condominium units over 5 sub-areas. Official Community Plan amendment (OCP) required.",560,,,Residential,Primarily residential - Single use,Residential,2. Mainland/Southwest,Abbotsford,,New Town Planning and Architecture Services,Proposed,Consultation/Approvals,Residential/Commercial,FALSE,FALSE,FALSE,FALSE,FALSE,FALSE,,FALSE,FALSE,,,,,,,49.05924,-122.24384,"49° 3' 33.26"" N","122° 14' 37.82"" W",(604) 853-2281 (City of Abbotsford),,2012-09-01,2025-03-01
3047,Alterna Biocarbon Manufacturing Facility,"Biocarbon production facility will be constructed in phases; phase 1 will convert 12,000 tonnes of green wood residues into 3500 tonnes of biocarbon annually; phase 2 will convert 110,000 tonnes of green wood residues into 25,000 tonnes of biocarbon annually.",15,,,Industrial,Other Manufacturing,Manufacturing,5. Cariboo,Prince George,Alterna Biocarbon,,Proposed,Consultation/Approvals,Manufacturing,FALSE,FALSE,FALSE,FALSE,FALSE,FALSE,,FALSE,FALSE,,,,,,,53.8406906,-122.7414169,"53° 50' 26.49"" N","122° 44' 29.1"" W",(250) 649-2460,,2012-09-01,2025-03-01
2997,BC Metro Residential Project,Proposed development of 100 condominium units located adjacent to the Executive Hotel.,20,,,Residential,Primarily residential - Single use,Residential,2. Mainland/Southwest,Burnaby,Executive Group Development,,Proposed,Consultation/Approvals,Residential/Commercial,FALSE,FALSE,FALSE,FALSE,FALSE,FALSE,,FALSE,FALSE,,,,,,,49.2675332,-123.0106141,"49° 16' 3.12"" N","123° 0' 38.21"" W",(604) 642-5250,,2012-06-01,2025-03-01
3011,Ampri International Gateway Centre,"Proposed development of an office and hotel complex on Bridgeport Rd. Project will include 2 hotels; a 122-room, 9-storey building; 167 room, 11-storey building and an 11-storey office tower.",100,,,Commercial,Accommodation,Accommodation,2. Mainland/Southwest,Richmond,Ampri Group,,Proposed,Consultation/Approvals,Residential/Commercial,FALSE,FALSE,FALSE,FALSE,FALSE,FALSE,,FALSE,FALSE,,,,,,,49.19321,-123.12148,"49° 11' 35.56"" N","123° 7' 17.33"" W",(604) 277-8453,,2012-06-01,2025-03-01
2843,Tresah Condominium Development,"Development of two12-storey towers with 247-units and 26,077 sq ft commercial space at ground level.",40,,,Residential,Primarily residential - Single use,Residential,1. Vancouver Island/Coast,Victoria,Mike Geric Construction Ltd.,,Construction started,,Residential/Commercial,FALSE,FALSE,FALSE,FALSE,FALSE,FALSE,,FALSE,FALSE,,,,,2020-Q4,2025-Q3,48.4450659,-123.3741048,"48° 26' 42.24"" N","123° 22' 26.78"" W",(250) 590-3666,,2012-06-01,2025-03-01
2990,Britannia South Mixed-use Development,"Residential neighbourhood located on the former Makin Lands will include a commercial core, community amenities and a marina. OCP amendment is required to allow 3,000 units.",1000,,,Residential,Primarily residential - Single use,Residential/Commercial,2. Mainland/Southwest,Squamish,Taicheng Development Corp.,,Proposed,Permitting,Residential/Commercial,FALSE,FALSE,FALSE,FALSE,FALSE,FALSE,,FALSE,FALSE,,,,,,2026-Q4,49.6243591,-123.2061768,"49° 37' 27.69"" N","123° 12' 22.24"" W",(778) 279-7930,,2012-06-01,2025-03-01
3005,Office Building,"Proposed development of 800,000 sq ft in 5 buildings at 3030 East Broadway. Rezoning approved with conditions met Jul 2015.",40,,,Commercial,Office,Commercial,2. Mainland/Southwest,Vancouver,British Columbia Investment Management Corp.,B+H Bunting Coady Architects,On hold,,Residential/Commercial,FALSE,FALSE,FALSE,FALSE,FALSE,FALSE,,FALSE,FALSE,,,,,,,49.2619,-123.0408,"49° 15' 42.9"" N","123° 2' 27.02"" W",(250) 356-0263,,2012-06-01,2025-03-01
2987,Farrell Creek 88-I South Gas Plant,"Proposed natural gas processing plant of 14.16 million cubic metres/day maximum capacity, located 25 km north of Hudson Hope. Project has been withdrawn from the BC Environmental Assessment process. Proponent is reviewing project development plans.",250,,Withdrawn,Industrial,Oil & Gas,Oil and Gas Extraction,8. Northeast,Hudson Hope,Progress Energy Canada Ltd.,,On hold,,Mining & Oil & Gas Extraction,FALSE,FALSE,FALSE,FALSE,FALSE,FALSE,,FALSE,FALSE,,,1500,160,,,56.232276,-122.094599,"56° 13' 56.19"" N","122° 5' 40.56"" W",(403) 513-7298,,2012-06-01,2025-03-01
2969,Mixed Use Development,"Mixed use development proposed for 10770 72 Ave, near Burns Bog. A development application has been submitted which will require an OCP amendment of the site.",,,,Residential,Primarily residential - Single use,Residential/Commercial,2. Mainland/Southwest,Delta,MK Delta Lands Group Inc.,,Proposed,Consultation/Approvals,Residential/Commercial,FALSE,FALSE,FALSE,FALSE,FALSE,FALSE,,FALSE,FALSE,,,,,,,49.134019,-122.925528,"49° 8' 2.47"" N","122° 55' 31.9"" W",(604) 952-5542,,2012-06-01,2025-03-01
2980,St. Paul's Hospital Replacement,"A new acute-care hospital and integrated health campus with capacity for up to 548 beds (115 net new beds) including emergency and critical care, mental health and addictions beds and programs, ambulatory services and outpatient clinics, and a variety of general and specialized care programs. Phase two includes the Clinical Support and Research Centre (CSRC), which will accommodate clinicians and researchers on the campus. The project located on an 18.4-acre site on Station St has received approval of the business plan and funding.",2300,,,Institutional,Health,Health Care and Social Assistance,2. Mainland/Southwest,Vancouver,Providence Health Care,Perkins + Will,Construction started,,Public Services,TRUE,TRUE,FALSE,FALSE,TRUE,TRUE,LEED gold,FALSE,FALSE,,,,,2021-Q1,2027-Q3,49.275290,-123.096610,49° 16' 31.044'' N,123° 5' 47.796'' W,(604) 806-8566,www.thenewstpauls.ca,2012-06-01,2025-03-01
2973,Sapperton Green Mixed-use Development,"A 38-acre phased development near Braid skytrain station. Project will include 750,000 sq ft in office buildings, 100,000 sq ft in retail space and a 4,700 unit residential component with some affordable rental housing in each phase and 8 acres of greenspace.",300,,,Residential,Primarily residential - Single use,Residential/Commercial,2. Mainland/Southwest,New Westminster,QuadReal Property Group,Musson Cattell Mackey Partnership,Construction started,,Residential/Commercial,FALSE,FALSE,FALSE,FALSE,FALSE,FALSE,,FALSE,FALSE,,,,,2024-Q3,2030-Q4,49.23228,-122.88303,"49° 13' 56.21"" N","122° 52' 58.91"" W",(604) 661-5000,,2012-03-01,2025-03-01
2972,International Plaza,"A 4 million sq ft development on 30 hectares located on Bridgeport Rd. Project will include 6 hotels, restaurants, theatres and marina offices. Rezoning is required.",4000,,,Commercial,Accommodation,Accommodation/Retail,2. Mainland/Southwest,Richmond,Jingon International Development Group,,Proposed,Tender/Preconstruction,Residential/Commercial,FALSE,FALSE,FALSE,FALSE,FALSE,FALSE,,FALSE,FALSE,,,,,,,49.192007,-123.105506,"49° 11' 31.23"" N","123° 6' 19.82"" W",(604) 276-4000 (Richmond City),www.itcrichmond.com,2012-03-01,2025-03-01
2956,Carbon Creek Mine,"Proposed project to construct an open pit coal mine with an estimated 2.9 million tonnes/year over a 30-year mine life. The surface mine would be completed in 3 years, followed by an underground mine expected to complete in 2 years. Project is in the pre-application phase under the Environmental Assessment Act and has completed a pre-feasibility study.",301,,Pre-application,Industrial,Mining,Mining,8. Northeast,Hudson Hope,Cardero Resource Corp.,,Proposed,,Mining & Oil & Gas Extraction,FALSE,FALSE,FALSE,FALSE,FALSE,FALSE,,FALSE,FALSE,,,,,,,55.983773,-122.398885,"55° 59' 1.58"" N","122° 23' 55.99"" W",(604) 408-7488,,2012-03-01,2025-03-01
2929,Stewart Bulk Terminals,Expansion of the terminal to include construction of a 1.84 ha sheet pile and fill wharf to allow handling of barged cargo and forest products. Federal environmental assessment permit has been issued.,15,,Certified,Infrastructure,Other Transportation,Port and Harbour Facilities,6. North Coast,Stewart,Soucie Construction Inc.,,Proposed,Consultation/Approvals,Transportation & Warehousing,FALSE,FALSE,FALSE,FALSE,FALSE,FALSE,,FALSE,FALSE,,,,,,,,,,,(250) 636-2215,,2011-12-01,2025-03-01
2904,Residential Development,"Redevelopment of Expo 86 lands to include 2,000 residential units in a 30-storey tower, 350,000 sq ft of commercial space and an arena complex with a recreation facility, meeting rooms and a public plaza.",350,,,Residential,Mixed use,Mixed use - Residential/Commercial/Retail/ Industrial,2. Mainland/Southwest,Vancouver,Canadian Metropolitan Properties/ Aquilini Investment Group,B+H Architects,Construction started,,Residential/Commercial,FALSE,FALSE,FALSE,FALSE,FALSE,FALSE,,FALSE,FALSE,,,,,2017-Q1,2026-Q1,49.275015,-123.110175,49° 16? 30.05? N,123° 6? 36.63? W,(604) 682-0777,www.aquilinidevelopment.com,2011-12-01,2025-03-01
2922,Queen Charlotte Industrial Park Development,Proposed development of a 10 to 25 acre industrial site with access from Queen Charlotte Mainline and Honna Rd.,15,,,Commercial,Other Commercial,Commercial/Industrial,6. North Coast,Queen Charlotte,Village of Queen Charlotte,,Proposed,Consultation/Approvals,Residential/Commercial,FALSE,FALSE,FALSE,FALSE,FALSE,FALSE,,FALSE,FALSE,,,,,,,53.244091,-132.1458893,"53° 14' 38.73"" N","132° 8' 45.2"" W",(250) 559-4765,,2011-12-01,2025-03-01
2930,Industrial Development Park,"Proposed 20 acre serviced industrial development site is located near Highway 16 and railway. Potential for forestry-based manufacturing and services, site is zoned for heavy industrial use.",15,,,Commercial,Other Commercial,Commercial/Industrial,6. North Coast,Terrace,City of Terrace,,Proposed,Preliminary/Feasibility,Residential/Commercial,TRUE,FALSE,FALSE,TRUE,FALSE,FALSE,,FALSE,FALSE,,,,,,,,,,,(250) 615-4041 (Terrace City),,2011-12-01,2025-03-01
2931,Huckleberry Copper and Gold Mine,"East zone drill program results shows copper mineralization below previously mined deposit, Further drilling will be required to determine extent of possible expansion.",,,Certified,Industrial,Mining,Mining,7. Nechako,Houston,Huckleberry Mines Ltd.,,Construction started,,Mining & Oil & Gas Extraction,FALSE,FALSE,FALSE,FALSE,FALSE,FALSE,,FALSE,FALSE,,,,,2012-Q2,,53.679882,-127.177575,"53° 40' 47.58"" N","127° 10' 39.27"" W",(604) 517-4700,,2011-12-01,2025-03-01
2937,LNG Canada Facility,"LNG terminal facility located on the former Methanex facility site. The project will include a gas liquification plant, storage tanks, a marine terminal and a rail yard. Water treatment facility and flare stacks will be constructed on the site. JGC Corp and Flour Corp have been awarded the engineering, procurement and construction contract. An agreement is in place to connect to the BC Hydro power grid. Project has been approved under the Environmental Assessment Act, and by the National Energy Board (NEB) for a 40-yr export licence to replace the current 25-yr licence. Final investment decision was approved in Oct 2018. Extension of Terminal A completed in Dec 2021. Construction is expected to complete Spring 2025..",36000,,Certified,Industrial,Oil & Gas,Liquefied Natural Gas,6. North Coast,Kitimat,"Shell Canada Energy, Petronas, PetroChina, Mitsubishi Corp., and Kogas Canada LNG",,Construction started,,Mining & Oil & Gas Extraction,FALSE,FALSE,FALSE,FALSE,FALSE,FALSE,,FALSE,TRUE,Haisla First Nation,Within traditional territory,7500,400,2018-Q4,2025-Q2,54.029229,-128.68809,"54° 1' 45.22"" N","128° 41' 17.12"" W",(403) 691-3392,www.lngcanada.ca,2011-12-01,2025-03-01
2932,Skeena Industrial Development Park,A 2400 acre heavy industrial greenfield development site is located south of the Northwest Regional Airport. A 250 acre portion will be developed in 2 to 10 acre parcels. Phases 1 and 2 site clearing and preparation are underway. A 172 acre parcel is owned by Kitselas Development Corporation and 17 acres by Global Dewatering Ltd. Taisheng International Investment Services had purchased 1187 acres that was bought back in late 2023 by a joint venture representing Kitselas First Nation and the City of Terrace.,,,,Industrial,Other Manufacturing,Manufacturing,6. North Coast,Terrace,City of Terrace,,Proposed,,Manufacturing,TRUE,FALSE,FALSE,TRUE,FALSE,FALSE,,FALSE,TRUE,Kitselas First Nation,,,,,,54.4617805,-128.5340118,"54° 27' 42.41"" N","128° 32' 2.44"" W",(250) 615-4041 (Terrace City),,2011-12-01,2025-03-01
2896,Central Park House Condominium,41-storey highrise development with 356 condominiums located at 5977 Wilson Ave.,40,,,Residential,Primarily residential - Single use,Residential,2. Mainland/Southwest,Burnaby,Bosa Properties,Gensler Architects,Construction started,,Residential/Commercial,FALSE,FALSE,FALSE,FALSE,FALSE,FALSE,,FALSE,FALSE,,,,,2021-Q2,2025-Q2,49.2305368,-123.0085711,"49° 13' 49.93"" N","123° 0' 30.86"" W",(604) 299-1363,www.blueskyproperties.ca,2011-09-01,2025-03-01
2824,Park Royal Residential Towers,"Proposed development of 201 residential units in two 11 and 14 storey towers near the Park Royal shopping centre. Project will include 29,000 sq ft of commercial space and a child care facility. Rental units and below market housing",60,,,Residential,Primarily residential - Single use,Residential,2. Mainland/Southwest,West Vancouver,Larco Investments Ltd.,,Proposed,,Residential/Commercial,FALSE,FALSE,FALSE,FALSE,FALSE,FALSE,,FALSE,FALSE,,,,,,,49.32652,-123.13665,"49° 19' 35.47"" N","123° 8' 11.94"" W",(604) 925-2700,,2011-06-01,2025-03-01
2835,Silver Creek Industrial Park,"Proposed 38 acre business park located west of Mission. The park has CP Rail, Lougheed Hwy and Fraser River frontage and has been subdivided into 20 lots ranging from .76 to 4.5 acres. 16 lots have been purchased and 3 lots developed.",40,,,Commercial,Other Commercial,Commercial/Industrial,2. Mainland/Southwest,Mission,Solterra Developments,,Construction started,,Residential/Commercial,FALSE,FALSE,FALSE,FALSE,FALSE,FALSE,,FALSE,FALSE,,,,,2010-Q3,,49.1346474,-122.3531647,"49° 8' 4.73"" N","122° 21' 11.39"" W",(604) 528-6010,,2011-06-01,2025-03-01
2819,Aley Project,"Proposed 10,000 tonne/day open pit niobium mine is located 140 km north of Mackenzie. Site exploration continues with drilling program. Estimated cost shown includes mine construction, converter and transmission line. Project is in the pre-application phase under the Environmental Assessment Act, which will serve as a substitution of the federal environmental assessment.",870,,Pre-application,Industrial,Mining,Mining,5. Cariboo,Mackenzie Region,Taseko Mines Ltd.,,Proposed,Consultation/Approvals,Mining & Oil & Gas Extraction,FALSE,FALSE,FALSE,FALSE,FALSE,FALSE,,FALSE,FALSE,,,1400,350,,,55.549137,-123.2995614,55° 32' 56.89'' N,123° 17' 58.42'' W,(877) 441-4533,www.tasekomines.com/properties/aley/project-summary,2011-06-01,2025-03-01
2823,Quintette Coal Mine,Open pit coal mine located 20 km south of Tumbler Ridge. The mine was previously in operation from 1982 to 2000. Expansion to bring into production up to 3 million metric tonnes/yr for a 16-year mine life. Preliminary on-site construction was carried out. Site is on Care and Maintenance status. Mines Act Permit amendment granted.,860,,,Industrial,Mining,Mining,8. Northeast,Tumbler Ridge,Conuma Resources Ltd.,,On hold,,Mining & Oil & Gas Extraction,FALSE,FALSE,FALSE,FALSE,FALSE,FALSE,,FALSE,FALSE,,,,400,,,,,,,,,2011-06-01,2025-03-01
2743,Campbell River Power Enterprises,Proposed 35 MW wood-residue power station. Project has been selected to proceed in the Phase 2 Bioenergy Call for Power.,105,,,Infrastructure,Utilities,Utilities,1. Vancouver Island/Coast,Campbell River,0887572 B.C. Ltd.,,Proposed,,Utilities (incl sewage treatment),FALSE,FALSE,FALSE,FALSE,FALSE,FALSE,,TRUE,FALSE,,,,,,,,,,,(250) 286-5700 (Campbell River),,2011-06-01,2025-03-01
2745,Biomass Project - McBride,Project to include a combined heat and electricity generating station. Phase 1 will produce a total of 7 MW of power and will be followed by phase 2 planned for 24 MW. Phase 3 is in the planning stages. Rezoning and permitting are in place and establishment of temporary housing for workers. Project has been submitted into the Sep 2010 BC Hydro Community-Based Biomass Power Call.,140,,,Infrastructure,Utilities,Utilities,5. Cariboo,McBride,ecoTECH Energy Group (Canada) Inc.,,Proposed,Preliminary/Feasibility,Utilities (incl sewage treatment),FALSE,FALSE,FALSE,FALSE,FALSE,FALSE,,TRUE,FALSE,,,,,,,53.3412,-120.2724,"53° 20' 28.32"" N","120° 16' 20.64"" W",(604) 767-5467,,2011-06-01,2025-03-01
2750,Biomass Project - Anahim Lake,Proposed biomass plant to produce in excess of 5 MW. Project has been submitted into the Sep 2010 BC Hydro Community-Based Biomass Power Call.,15,,,Infrastructure,Utilities,Utilities,5. Cariboo,Anahim Lake,Yun Ka Whu'ten Holdings,,Proposed,,Utilities (incl sewage treatment),FALSE,FALSE,FALSE,FALSE,FALSE,FALSE,,TRUE,TRUE,Ulkatcho Indian Band,Owned by Band,,,,,,,,,(250) 742-3212,,2011-06-01,2025-03-01
2752,Anahim Lake Bioenergy Project,"Proposed 5MW bioenergy project that would involve integrating logging waste and pine beetle infested wood from Tumbler Ridge, 100 Mile House and Cache Creek into one bio-oil production facility. The bio-oil would then be used to produce power at plants in each of the three communities. Project had been submitted into the Sep 2010 BC Hydro Community-Based Biomass Power Call, but was not selected. Developer is exploring options for proceeding.",15,,,Infrastructure,Utilities,Utilities,5. Cariboo,Anahim Lake,Ainsworth Energy Co. Ltd.,,Proposed,,Utilities (incl sewage treatment),FALSE,FALSE,FALSE,FALSE,FALSE,FALSE,,TRUE,FALSE,,,,,,,,,,,(250) 242-4242 (Tumbler Ridge District),,2011-06-01,2025-03-01
2813,Vancouver Island Rail Corridor (formerly E&N Rail),"The project will include restoration of the track and equipment to provide rail service from Victoria to Nanaimo and Courtney. Funding of $20.9 million will be provided by the provincial ($7 million), federal and local governments. In an operating agreement between Via Rail, the Island Corridor Foundation and Southern Railway of Vancouver Island Ltd, Via Rail will provide $1.45 million/yr in operating costs and 3 refurbished passenger cars. A business plan has been submitted for review. Three sites are considered for location of the Victoria station; near Mary St, the Roundhouse, and Johnson Street Bridge west green space.",70,,,Infrastructure,Roads & Highways,Transportation,1. Vancouver Island/Coast,Nanaimo,Island Corridor Foundation,,Proposed,Consultation/Approvals,Transportation & Warehousing,TRUE,TRUE,TRUE,TRUE,TRUE,FALSE,,FALSE,FALSE,,,,,,,,,,,(250) 246-4320,,2011-06-01,2025-03-01
2842,Satikw Crossing Retail Centre,"250,000 sq ft retail development on a 25 acre site on Channel Parkway and Green Ave on Penticton Indian Band Lands. Anchor tenants will include a car dealership, grocery outlet, drugstore, electronics store, Landmark Cinemas, and financial and restaurant services. Further development of 140 acres is planned with commercial, industrial and residential phases.",100,,,Commercial,Retail,Retail,3. Thompson-Okanagan,Penticton,Penticton Indian Band Development Corp.,,Construction started,,Residential/Commercial,FALSE,FALSE,FALSE,FALSE,FALSE,FALSE,,FALSE,TRUE,Penticton Indian Band,,,,2016-Q3,2025-Q2,49.4990883,-119.5955276,"49° 29' 56.72"" N","119° 35' 43.9"" W",(250) 492-3164,,2011-06-01,2025-03-01
2782,Wapiti River Coal Project,"Proposed underground coal mine located on a 15,000 hectare property located 45 km southeast of Tumbler Ridge. Project has an active exploration permit and is seeking financing.",,,,Industrial,Mining,Mining,8. Northeast,Tumbler Ridge,Canadian Dehua International Mines Group Inc.,,Proposed,Consultation/Approvals,Mining & Oil & Gas Extraction,FALSE,FALSE,FALSE,FALSE,FALSE,FALSE,,FALSE,FALSE,,,,400,,,54.839,-120.624,"54° 50' 20.4"" N","120° 37' 26.4"" W",(604) 697-0118,www.dehua.ca,2011-03-01,2025-03-01
2770,Condominium Development - 800 Griffiths Way,Proposed development of 755 units in two residential towers and one mixed use building located at 800 Thurlow St. The project will include 529 sq m of office space and 205 parking stalls.,80,,,Residential,Primarily residential - Single use,Residential/Commercial,2. Mainland/Southwest,Vancouver,Aquilini Development and Construction Inc.,,Proposed,,Residential/Commercial,FALSE,FALSE,FALSE,FALSE,FALSE,FALSE,,FALSE,FALSE,,,,,,,49.277839,-123.110169,"49° 16' 40.22"" N","123° 6' 36.61"" W",(604) 909-7969,www.aquilinidevelopment.com,2011-03-01,2025-03-01
2766,Point Hope Maritime Shipyard Expansion,"Shipyard expansion at 345 Harbour Rd to include graving dock, extension of rail spur lines and a building to accommodate United Engineering and Island Plate and Steel. The project requires a preliminary facilities alteration permit from Transport Canada.",30,,,Infrastructure,Other Transportation,Port and Harbour Facilities,1. Vancouver Island/Coast,Victoria,Ralmax Group of Companies,,Proposed,Consultation/Approvals,Transportation & Warehousing,FALSE,FALSE,FALSE,FALSE,FALSE,FALSE,,FALSE,FALSE,,,,250,,,48.4310913,-123.3765717,"48° 25' 51.93"" N","123° 22' 35.66"" W",(250) 385-3623,,2011-03-01,2025-03-01
2760,Royal BC Museum Redevelopment,"Proposed redevelopment of the Royal BC Museum would include exhibit, retail space, Several heritage buildings will be preserved on the site bordered by Douglas, Belleville, Government and Superior Streets. Further public consultations to take place.",,,,Commercial,Recreation,"Arts, Entertainment & Recreation",1. Vancouver Island/Coast,Victoria,Royal British Columbia Museum,,On hold,,Other Services,TRUE,FALSE,TRUE,FALSE,FALSE,TRUE,LEED gold,FALSE,FALSE,,,,,,,48.42096,-123.3663406,"48° 25' 15.46"" N","123° 21' 58.83"" W",(250) 361-0382 (Victoria City),www.royalbcmuseummodernization.ca,2011-03-01,2025-03-01
2789,Berg Copper-Molybdenum-Silver Mine,"Proposed molybdenum mine located 80 km southwest of Houston in scoping stages. Previous 42,000 m drill program has revealed a significant copper-molybdenum, silver and gold resource.",,,,Industrial,Mining,Mining,7. Nechako,Houston,Surge Copper Corp.,,Proposed,,Mining & Oil & Gas Extraction,FALSE,FALSE,FALSE,FALSE,FALSE,FALSE,,FALSE,FALSE,,,,,,2026-Q4,53.8,-127.433333,53° 48’ N,127° 26' W,(604) 718-5454,www.thompsoncreekmetals.com,2011-03-01,2025-03-01
2778,Murray River Coal Project,Underground coal mine with a production capacity of 6 million tonnes annually for an expected 31 yr mine life. Project is located 12 km south of Tumbler Ridge.,668,Project started construction,Extended,Industrial,Mining,Mining,8. Northeast,Tumbler Ridge,HD Mining International Ltd.,,Construction started,,Mining & Oil & Gas Extraction,FALSE,FALSE,FALSE,FALSE,FALSE,FALSE,,FALSE,FALSE,,,,,2025-Q1,2030-Q1,55.126784,-120.993032,"55° 7' 36.42"" N","120° 59' 34.92"" W",(604) 697-0118,www.hdminingintl.com/murray-river-project,2011-03-01,2025-03-01
2746,Biocoal Production Plant - Terrace,"Biocoal production facility proposed for Terrace would convert wood waste into biocoal, producing 25 tonnes/hr. The plant would use Wyssmont Turbo-Dryer technology to produce the biocoal for use in coal-fired power and cement plants. The plant is currently seeking financing.",30,,,Industrial,Manufacturing - Wood Products,Wood Products Manufacturing,6. North Coast,Terrace,Global Bio-Coal Energy Inc.,,Proposed,,Manufacturing,FALSE,FALSE,FALSE,FALSE,FALSE,FALSE,,TRUE,FALSE,,,,,,,,,,,(604) 683-7955,www.globalbiocoalenergy.ca,2010-12-01,2025-03-01
2749,Biomass Project - Kamloops,Proposed 4.8 MW biomass power plant has been submitted into the Sep 2010 BC Hydro Community-Based Biomass Power Call.,15,,,Infrastructure,Utilities,Utilities,3. Thompson-Okanagan,Kamloops,Nations Energy Corp.,,Proposed,,Utilities (incl sewage treatment),FALSE,FALSE,FALSE,FALSE,FALSE,FALSE,,TRUE,FALSE,,,,,,,,,,,,,2010-12-01,2025-03-01
2727,Ridgemont Condominiums,Proposed midrise condominium located at Westwood Village.,20,,,Residential,Primarily residential - Single use,Residential,2. Mainland/Southwest,Coquitlam,Bosa Properties Inc.,,Proposed,,Residential/Commercial,FALSE,FALSE,FALSE,FALSE,FALSE,FALSE,,FALSE,FALSE,,,,,,,49.2827239,-122.7941166,"49° 16' 57.81"" N","122° 47' 38.82"" W",(604) 299-1363,www.bosaproperties.com,2010-12-01,2025-03-01
2715,1314-1324 Wharf Street,Proposed rental complex incorporating a heritage façade on the site. Retail space will be included on the ground floor.,,,,Residential,Primarily residential - Single use,Residential/Retail,1. Vancouver Island/Coast,Victoria,Reliance Properties,Dialog,Proposed,,Residential/Commercial,FALSE,FALSE,FALSE,FALSE,FALSE,FALSE,,FALSE,FALSE,,,,,,,48.4278412,-123.3700333,"48° 25' 40.23"" N","123° 22' 12.12"" W",(604) 569-3900,,2010-12-01,2025-03-01
2757,Industrial Business Park,Proposed 24 acre industrial business park located at 5974 272 St. Rezoning is required.,20,,,Commercial,Other Commercial,Commercial/Industrial,2. Mainland/Southwest,Langley,Beedie Group,,Proposed,,Residential/Commercial,FALSE,FALSE,FALSE,FALSE,FALSE,FALSE,,FALSE,FALSE,,,,,,,49.1101913,-122.4702606,"49° 6' 36.69"" N","122° 28' 12.94"" W",(604) 435-3321,,2010-12-01,2025-03-01
2756,Townhouse Development,Proposed development of 103 townhouses will border on a future park. Located at the corner of 70 Ave and 200 St in the Routley neighbourhood.,20,,,Residential,Primarily residential - Single use,Residential,2. Mainland/Southwest,Langley,Focus Architecture,,Proposed,,Residential/Commercial,FALSE,FALSE,FALSE,FALSE,FALSE,FALSE,,FALSE,FALSE,,,,,,,49.13024,-122.66900,"49° 7' 48.86"" N","122° 40' 8.4"" W",(604) 853-5222,,2010-12-01,2025-03-01
2758,Suskwa Biomass Power Project,Proposed 34 MW power project that will use the incineration of wood waste and sawmill residue to generate electricity.,70,,,Infrastructure,Utilities,Utilities,6. North Coast,New Hazelton,Concord Green Energy Inc.,,On hold,,Utilities (incl sewage treatment),FALSE,FALSE,FALSE,FALSE,FALSE,FALSE,,TRUE,FALSE,,,,,,,55.25,-127.5833,"55° 15' 0"" N","127° 34' 59.88"" W",(604) 946-9232,,2010-12-01,2025-03-01
2753,Tumbler Ridge Bioenergy Project,Proposed 5 MW generating plant that would use liquid fuel produced from pine beetle affected wood. Ainsworth Energy Co and the District of Tumbler Ridge have submitted the project into the Sep 2010 BC Hydro Community-Based Biomass Power Call.,15,,,Infrastructure,Utilities,Utilities,8. Northeast,Tumbler Ridge,Ainsworth Energy Co. Ltd.,,Proposed,,Utilities (incl sewage treatment),FALSE,FALSE,FALSE,FALSE,FALSE,FALSE,,TRUE,FALSE,,,,,,,,,,,(604) 661-3200,,2010-12-01,2025-03-01
2690,Blume Townhouse Development,Proposed 90 units townhouse development located at 60 Ave and 144 St.,20,,,Residential,Primarily residential - Single use,Residential,2. Mainland/Southwest,Surrey,Vesta Properties,,Proposed,Consultation/Approvals,Residential/Commercial,FALSE,FALSE,FALSE,FALSE,FALSE,FALSE,,FALSE,FALSE,,,,,,,49.1118567,-122.824169,"49° 6' 42.68"" N","122° 49' 27.01"" W",(604) 888-7869,www.blumeliving.com,2010-09-01,2025-03-01
2673,Pattullo Bridge Replacement,"Six-lane bridge replacement of the Pattullo Bridge. Two dedicated bicycle and pedestrian lanes will be included, and improved road connections in New Westminster and Surrey. Fraser Crossing Partners has been selected for the design, build, finance project.",1637,,Certified,Infrastructure,Roads & Highways,Transportation,2. Mainland/Southwest,New Westminster,BC Ministry of Transportation and Transit,,Construction started,,Transportation & Warehousing,TRUE,TRUE,FALSE,FALSE,FALSE,FALSE,,FALSE,FALSE,,,,,2020-Q3,2025-Q4,,,,,(604) 453-4500,,2010-09-01,2025-03-01
2704,Burrard Place (formerly Burrard Gateway) Mixed Use Development,"Development located at Hornby and Drake Streets of  775,000 sq ft  will include 23 city lots. 14 lots are owned by Reliance Properties; the site will include two residential towers 35 and 54-storeys (completed). A third 13-storey tower with 146,375 sq ft of office space will include a Toyota Dealership to occupy the first three floors and 5 floors below grade. Initial phases include an office tower and 90,000 sq ft of office space in a 7-storey podium and the 239-unit, 35-storey tower.",500,,,Residential,Mixed use,Mixed use - Residential/Commercial/Retail/ Industrial,2. Mainland/Southwest,Vancouver,Reliance Properties Ltd./Jim Pattison Developments Ltd.,,Construction started,,Residential/Commercial,FALSE,FALSE,FALSE,FALSE,FALSE,TRUE,LEED gold,FALSE,FALSE,,,,,2016-Q4,2023-Q3,49.2776,-123.1298,"49° 16' 39.43"" N","123° 7' 47.39"" W",(604) 683-2404,www.burrardplace.ca,2010-09-01,2025-03-01
2685,West Highlands Residential Community,Development of 850-1300 single and multifamily units on 122 acres near a 35 acre park. Completion of the final phases are underway and will see 94 single family lots and 200 multifamily units.,150,,,Residential,Primarily residential - Single use,Residential,3. Thompson-Okanagan,Kamloops,Aberdeen Highlands  Development Corp.,,Construction started,,Residential/Commercial,FALSE,FALSE,FALSE,FALSE,FALSE,FALSE,,FALSE,FALSE,,,,,2009-Q4,2025-Q3,50.6385051,-120.3768137,"50° 38' 18.62"" N","120° 22' 36.53"" W",(250) 828-1676,www.aberdeenhighlands.ca,2010-09-01,2025-03-01
2617,Maple Ridge Industrial Park,"Development of 81 hectares of land on 203 Street in Maple Ridge would include an industrial park, 2 hectares of community garden, park space, trails and community amenities.",250,,,Commercial,Other Commercial,Commercial/Industrial,2. Mainland/Southwest,Maple Ridge,Steve Pelton,,Construction started,,Residential/Commercial,FALSE,FALSE,FALSE,FALSE,FALSE,FALSE,,FALSE,FALSE,,,,,2012-Q4,,49.23259,-122.65643,"49° 13' 57.32"" N","122° 39' 23.15"" W",(604) 463-5221 (District of Maple Ridge),,2010-06-01,2025-03-01
2644,Semiahmoo Mall Redevelopment,Proposed redevelopment of Semiahmoo mall site purchased from Bosa Development Corp. The 152 St. property is anchored by Price Smart and Shoppers Drugmart currently under redevelopment.,,,,Commercial,Retail,Retail,2. Mainland/Southwest,White Rock,First Capital Realty,,Proposed,Consultation/Approvals,Residential/Commercial,FALSE,FALSE,FALSE,FALSE,FALSE,FALSE,,FALSE,FALSE,,,,,,,49.0331955,-122.8014221,"49° 1' 59.5"" N","122° 48' 5.12"" W",(604) 541-2155 (White Rock City),,2010-06-01,2025-03-01
2625,South Burrard Development,Development of 8 acres under the south end of the Burrard St Bridge will include plans for phased residential and commercial space. Preliminary draft includes 28 and 35 storey residential towers and at least six additional commercial/residential buildings.,1000,,,Residential,Mixed use,Mixed use - Residential/Commercial/Retail/ Industrial,2. Mainland/Southwest,Vancouver,Squamish First Nation,,Proposed,,Residential/Commercial,FALSE,FALSE,FALSE,FALSE,FALSE,FALSE,,FALSE,TRUE,Squamish First Nation,,,,,,49.2737007,-123.1424408,"49° 16' 25.32"" N","123° 8' 32.79"" W",(604) 873-7011 (Vancouver City),,2010-06-01,2025-03-01
2612,Avanti Kitsault Mine Project,"Open pit molybdenum mine located 140 km northeast of Prince Rupert. Production of 11,300 tonnes of molybdenum and 1 million ounces of silver are anticipated over a 14 yr mine life. Project has been certified under the Environmental Assessment Act. An agreement has been reached with Nisga'a Nation and a Mines Act permit has been issued. Preconstruction work has completed on site. Project is on care and maintenance.",1000,,Certified,Industrial,Mining,Mining,6. North Coast,Alice Arm,Alloycorp Mining Inc.,,On hold,,Mining & Oil & Gas Extraction,FALSE,FALSE,FALSE,FALSE,FALSE,FALSE,,FALSE,TRUE,"Nisga'a Lisims Government,",Impact Benefits Agreement,700,350,,,55.421944,-129.419444,55°25'19? N,129°25'10? W,(416) 847-0376,,2010-06-01,2025-03-01
2657,Midrise Residential Development,80-unit development located at Thrift Ave and Everall St. Development permit has been approved by council.,20,,,Residential,Primarily residential - Single use,Residential,2. Mainland/Southwest,White Rock,464676 BC Ltd.,Ankenman Associates Architects,Proposed,Preliminary/Feasibility,Residential/Commercial,FALSE,FALSE,FALSE,FALSE,FALSE,FALSE,,FALSE,FALSE,,,,,,,49.0275688,-122.8094025,"49° 1' 39.25"" N","122° 48' 33.85"" W",(604) 541-2155 (White Rock City),,2010-06-01,2025-03-01
2628,Sundance Low Carbon Gasoline Refinery,Proposal to build a natural gas to gasoline plant on a 1055 acre site near Chetwynd. A clean methanol refinery will be developed on the site (see project ID #3383).,2500,,,Industrial,Manufacturing - Petrochemical,Petrochemical Manufacturing,8. Northeast,Chetwynd,Blue Fuel Energy Corp.,,Proposed,,Manufacturing,FALSE,FALSE,FALSE,FALSE,FALSE,FALSE,,FALSE,FALSE,,,300,50,,,55.698147,-121.629689,"55° 41' 53.33"" N","121° 37' 46.88"" W",(250) 655-0330,,2010-06-01,2025-03-01
2641,Nicola Lake Hydro Project,Proposed 770 MW capacity pumped storage hydro power system located on Nicola Lake. A water license application has been submitted to the BC integrated land management branch. Approvals will be required from the BC Utilities Commission and the BC Environmental Assessment Office.,,,,Infrastructure,Utilities,Utilities,3. Thompson-Okanagan,Merritt,Fortis BC Inc.,,Proposed,,Utilities (incl sewage treatment),FALSE,FALSE,FALSE,FALSE,FALSE,FALSE,,FALSE,FALSE,,,,,,,,,,,(250) 368-0500,,2010-06-01,2025-03-01
2653,Townhouse Condominiums - 7544 Bevan St,Proposed development of 112 townhouse condominiums at 7544 Bevan St. Rezoning initiated.,22,,,Residential,Primarily residential - Single use,Residential,2. Mainland/Southwest,Burnaby,Bevan Holdings,,Proposed,,Residential/Commercial,FALSE,FALSE,FALSE,FALSE,FALSE,FALSE,,FALSE,FALSE,,,,,,,49.204278,-122.967044,"49° 12' 15.4"" N","122° 58' 1.36"" W",(604) 294-7290 (Burnaby City),,2010-06-01,2025-03-01
2595,Highrise Apartment Condominiums - 13778 100 Avenue,Development at 13778 - 100 Ave will include 551 units in 46-storey and 20-storey condominium towers.,110,,,Residential,Primarily residential - Single use,Residential,2. Mainland/Southwest,Surrey,King George Developments,,Proposed,,Residential/Commercial,FALSE,FALSE,FALSE,FALSE,FALSE,FALSE,,FALSE,FALSE,,,,,,,49.184261,-122.841003,"49° 11' 3.34"" N","122° 50' 27.61"" W",(604) 591-4441 (City of Surrey),,2010-03-01,2025-03-01
2600,Highrise Condominium Development - 137 St. and 104 Ave.,"Proposed 504 unit highrise development with 146 units in a 16 storey tower (13748 - 104 Ave), 206 units in a 23 storey tower (13774 - 104 Ave), and 152 units in a 20 storey tower (13777 - 103 Ave) which will include 1,150 sq m retail space at ground level.",100,,,Residential,Primarily residential - Single use,Residential,2. Mainland/Southwest,Surrey,633 Oakview Investment Ltd.,,Proposed,,Residential/Commercial,FALSE,FALSE,FALSE,FALSE,FALSE,FALSE,,FALSE,FALSE,,,,,,,49.191553,-122.840647,"49° 11' 29.59"" N","122° 50' 26.33"" W",(604) 591-4441 (City of Surrey),,2010-03-01,2025-03-01
2596,Apartment Condominium - 105 Avenue,Proposed 105 unit lowrise condominium at 13410 -13430 105 Ave. Project has received third reading and is in the servicing agreement stage.,20,,,Residential,Primarily residential - Single use,Residential,2. Mainland/Southwest,Surrey,Newgen Central Properties,,Proposed,,Residential/Commercial,FALSE,FALSE,FALSE,FALSE,FALSE,FALSE,,FALSE,FALSE,,,,,,,49.193153,-122.850628,"49° 11' 35.35"" N","122° 51' 2.26"" W",(604) 591-4441 (City of Surrey),,2010-03-01,2025-03-01
2605,Apartment Condominium - 9371 Alexandra Road,Proposed 5 storey development will include 138 units and 349 sq m retail space located at 9371 Alexandra Rd. Development permit application has been submitted.,27,,,Residential,Primarily residential - Single use,Residential,2. Mainland/Southwest,Richmond,0797460 BC Ltd.,,Proposed,Preliminary/Feasibility,Residential/Commercial,FALSE,FALSE,FALSE,FALSE,FALSE,FALSE,,FALSE,FALSE,,,,,,,49.178881,-123.119997,"49° 10' 43.97"" N","123° 7' 11.99"" W",(604) 276-4000 (Richmond City),,2010-03-01,2025-03-01
2597,Hotel and Residential Development,"Development located at 10342 - 136A St will include a 9-storey, 161 room hotel and a 27-storey residential tower with 234 units. In project review stage.",55,,,Commercial,Accommodation,Accommodation/Residential,2. Mainland/Southwest,Surrey,Janda Tower Corporation,,Proposed,,Residential/Commercial,FALSE,FALSE,FALSE,FALSE,FALSE,FALSE,,FALSE,FALSE,,,,,,,49.201519,-122.845258,"49° 12' 5.47"" N","122° 50' 42.93"" W",(604) 591-4441 (City of Surrey),,2010-03-01,2025-03-01
2599,Residential Tower - 13586 98 Avenue,"Proposed 24 storey development, located at 13586 - 98 Ave, will include 206 units and retail space at ground level.",40,,,Residential,Primarily residential - Single use,Residential,2. Mainland/Southwest,Surrey,,,Proposed,,Residential/Commercial,FALSE,FALSE,FALSE,FALSE,FALSE,FALSE,,FALSE,FALSE,,,,,,,49.180528,-122.846542,"49° 10' 49.9"" N","122° 50' 47.55"" W",(604) 591-4441 (City of Surrey),,2010-03-01,2025-03-01
2594,Holland Park Residential Development,"Residential development of 1,100 units in three towers. Phase 1 will be a 29-storey tower with 262 units. Located at King George Blvd & 98A Ave.",200,,,Residential,Primarily residential - Single use,Residential,2. Mainland/Southwest,Surrey,Century Group,,Construction started,,Residential/Commercial,FALSE,FALSE,FALSE,FALSE,FALSE,TRUE,LEED,FALSE,FALSE,,,,,2022-Q2,2025-Q3,49.182222,-122.846111,"49° 10' 56"" N","122° 50' 46"" W",(604) 591-4441 (City of Surrey),,2010-03-01,2025-03-01
2573,Painted Rock Condominiums,"Proposed development of a 100-unit luxury condominium on the site of the Painted Rock winery near Skaha Lake. Planning is in very early stages, and rezoning is required.",20,,,Residential,Primarily residential - Single use,Residential,3. Thompson-Okanagan,Penticton,John Skinner,,Proposed,Preliminary/Feasibility,Residential/Commercial,FALSE,FALSE,FALSE,FALSE,FALSE,FALSE,,FALSE,FALSE,,,,,,,49.4291115,-119.5752487,"49° 25' 44.8"" N","119° 34' 30.9"" W",(250) 490-2400 (Penticton City),,2010-03-01,2025-03-01
2603,Lowrise Condominium,"Lowrise condominium with 220 units located at 9340, 9360 and 9400 Odlin Rd.",44,,,Residential,Primarily residential - Single use,Residential,2. Mainland/Southwest,Richmond,,GBL Architects,On hold,,Residential/Commercial,FALSE,FALSE,FALSE,FALSE,FALSE,FALSE,,FALSE,FALSE,,,,,,,49.181778,-123.119589,"49° 10' 54.4"" N","123° 7' 10.52"" W",(604) 276-4000 (Richmond City),,2010-03-01,2025-03-01
2564,Beaver River Hydroelectric Project,"Proposed 44 MW run-of-river hydroelectric project, located 50 km northwest of Golden, will include a 19 MW facility on Cupola Creek and a 25 MW facility on Ventego Creek. Project has been approved for a BC Hydro energy purchase agreement in Mar 2010.",130,,,Infrastructure,Utilities,Utilities,3. Thompson-Okanagan,Golden,Selkirk Power Company Ltd.,,Proposed,,Utilities (incl sewage treatment),FALSE,FALSE,FALSE,FALSE,FALSE,FALSE,,TRUE,FALSE,,,,,,,51.297222,-116.966944,"51° 17' 50"" N","116° 58' 1"" W",(250) 352-5573,,2010-03-01,2025-03-01
2591,Brighton House Condominium,Development of a 24-storey apartment building with 147 units located at 13852 101 Ave. Development permit in place. Project is for sale.,30,,,Residential,Primarily residential - Single use,Residential,2. Mainland/Southwest,Surrey,Odyssey Tower Properties Ltd.,,On hold,,Residential/Commercial,FALSE,FALSE,FALSE,FALSE,FALSE,FALSE,,FALSE,FALSE,,,,,,,49.186064,-122.838811,"49° 11' 9.83"" N","122° 50' 19.72"" W",(604) 591-4837 (City of Surrey),,2010-03-01,2025-03-01
2578,Condominium Tower - 10925 University Drive,Proposed 27 storey residential tower with 186 units.,40,,,Residential,Primarily residential - Single use,Residential,2. Mainland/Southwest,Surrey,0793260 B.C. Ltd.,,Proposed,,Residential/Commercial,FALSE,FALSE,FALSE,FALSE,FALSE,FALSE,,FALSE,FALSE,,,,,,,49.200231,-122.851278,"49° 12' 0.83"" N","122° 51' 4.6"" W",(604) 591-4441 (City of Surrey),,2010-03-01,2025-03-01
2586,Brentwood Town Centre Redevelopment - The Amazing Brentwood,"Redevelopment of the Brentwood Town Centre will include one million sq ft of additional retail space, an 11 tower residential component and civic plaza.",1300,,,Commercial,Retail,Retail/Residential,2. Mainland/Southwest,Burnaby,Shape Properties Corp.,James K. M. Cheng Architects Inc.,Construction started,,Residential/Commercial,FALSE,FALSE,FALSE,FALSE,FALSE,FALSE,,FALSE,FALSE,,,,,2015-Q3,2028-Q1,49.2665291,-122.9985809,"49° 15' 59.5"" N","122° 59' 54.89"" W",(604) 681.2358,www.theamazingbrentwood.com,2010-03-01,2025-03-01
2511,Pacific National Exhibition (PNE) Expansion,Redevelopment plan of Hastings Park that would see Playland expanded ($36.5M) and pulled back from Hastings St. Improvements to auditoriums ($40.6M) and parking expansion ($32M). Improvements to greenspaces commenced with Creekway Park connecting Hastings Park to Burrard Inlet. Empire Fields and Plateau Sports Park construction completed in Nov 2014. An amphitheater is expected to complete in 2026.,208,,,Commercial,Recreation,"Arts, Entertainment & Recreation",2. Mainland/Southwest,Vancouver,City of Vancouver,,Construction started,,Other Services,TRUE,FALSE,FALSE,TRUE,FALSE,FALSE,,FALSE,FALSE,,,,,2013-Q4,2026-Q4,49.2806587,-123.0413437,"49° 16' 50.37"" N","123° 2' 28.84"" W",(604) 873-7011 (Vancouver City),,2009-12-01,2025-03-01
2520,Hurley River Watershed Hydropower Project,46 MW run-of-river hydroelectric project located near Pemberton would divert flow of Hurley River to a powerhouse into Downton Lake above Lajoie Dam. The project is listed in the BC Hydro 2008 Clean Power Call.,138,,,Infrastructure,Utilities,Utilities,2. Mainland/Southwest,Pemberton,Hurley River Hydro LP,,Proposed,Consultation/Approvals,Utilities (incl sewage treatment),FALSE,FALSE,FALSE,FALSE,FALSE,FALSE,,TRUE,FALSE,,,,,,,50.323327,-122.804933,"50° 19' 23.98"" N","122° 48' 17.76"" W",(604) 633-9990,,2009-12-01,2025-03-01
2521,Fries Creek Hydroelectric Project,Proposed 9 MW hydroelectric project is listed in the BC Hydro 2008 Clean Power Call. Project is registered under the federal ecoENERGY for Renewable Power program.,20,,,Infrastructure,Utilities,Utilities,2. Mainland/Southwest,Harrison Hot Springs,Pacific Greengen Power Inc.,,Proposed,Consultation/Approvals,Utilities (incl sewage treatment),FALSE,FALSE,FALSE,FALSE,FALSE,FALSE,,FALSE,FALSE,,,,,,,,,,,(604) 796-2235 (District of Kent),,2009-12-01,2025-03-01
2522,Lower Wood River Hydropower Project,"Proposed 48 MW hydropower generation project located on Lower Wood River, 56 kms northeast of Mica Creek. Project would include a 5.5 km penstock, powerhouse with 2-24 MW Pelton Wheel turbine generator units and a 69 kV transmission line to connect to existing Mica Dam power lines from a new 69 kV to 500 kV sub-station.",144,,,Infrastructure,Utilities,Utilities,3. Thompson-Okanagan,Mica,Syntaris Power Corp.,,Proposed,Consultation/Approvals,Utilities (incl sewage treatment),FALSE,FALSE,FALSE,FALSE,FALSE,FALSE,,FALSE,FALSE,,,,,,,52.008661,-118.563766,"52° 0' 31.18"" N","118° 33' 49.56"" W",(778) 329-9629,,2009-12-01,2025-03-01
2503,BURNCO Aggregate Project,"Sand and gravel pit and processing plant located on the northwest shore of Howe Sound will have a production capacity of 1 to 1.5 million tonnes/year for a 16 yr mine life. A marine loading facility, maintenance building, small craft dock and electrical substation will be included in the project. Proponent is evaluating timeline.",60,,Certified,Industrial,Mining,Mining,2. Mainland/Southwest,Gibsons,BURNCO Rock Products Ltd.,,Proposed,,Mining & Oil & Gas Extraction,FALSE,FALSE,FALSE,FALSE,FALSE,FALSE,,FALSE,FALSE,,,,,,,49.564511,-123.390378,"49° 33' 52.24"" N","123° 23' 25.36"" W",(403) 255-2600,,2009-12-01,2025-03-01
2524,Bronson Slope Hydropower Projects,"Applications filed for seven hydroelectric projects in the Bronson Slope mine area include, 8.6 MW Bronson Creek, 9.2 MW Canyon Creek, 3.1 MW Fewright Creek, 8.4 MW Ketchum, 3.7 MW King Creek, 19.8 MW Snippaker Creek, and 19.5 MW Sulphurets Creek for a total of 72 MW power generation for the cluster of projects. The power plants would be linked by a 60 km line.",216,,,Infrastructure,Utilities,Utilities,6. North Coast,Stewart Region,,,Proposed,Consultation/Approvals,Utilities (incl sewage treatment),FALSE,FALSE,FALSE,FALSE,FALSE,FALSE,,FALSE,FALSE,,,,,,,56.656944,-131.070556,"56° 39' 25"" N","131° 4' 14"" W",(604) 270-3878,,2009-12-01,2025-03-01
2516,Gun Creek Hydroelectric Project,36 MW run-of-river hydroelectric project located near Pemberton is listed in the BC Hydro 2008 Clean Power Call.,108,,,Infrastructure,Utilities,Utilities,2. Mainland/Southwest,Pemberton,,,On hold,,Utilities (incl sewage treatment),FALSE,FALSE,FALSE,FALSE,FALSE,FALSE,,TRUE,FALSE,,,,,,,50.874878,-122.829311,"50° 52' 29.56"" N","122° 49' 45.52"" W",,,2009-12-01,2025-03-01
2534,Rocky Creek Wind Energy Project,"Proposed 500 MW wind power project located 80 km southeast of Tumbler Ridge will include over 200 wind turbines, three substations and interconnecting transmission lines. The project area is bordered on the north by Blind Creek, by Sukunka River to the east and south and by Howling Wolves and Watsons Peaks to the west. Project has been withdrawn from Environmental Assessment Act.",1500,,Withdrawn,Infrastructure,Utilities,Utilities,8. Northeast,Tumbler Ridge,Bridge Power Holdings/Invenergy LLC,,On hold,,Utilities (incl sewage treatment),FALSE,FALSE,FALSE,FALSE,FALSE,FALSE,,TRUE,FALSE,,,,,,,55.241538,-121.844076,"55° 14' 29.54"" N","121° 50' 38.67"" W",(604) 306-5015,,2009-12-01,2025-03-01
2528,Fosthall Creek Hydropower Project,"Proposed 19.4 MW hydropower project on Upper Arrow Lake, is 20 km northwest of Nakusp with a planned interconnection near Pingston IPP. The project has been accepted by BC Hydro standing offer program in Mar 2017. The BC Hydro Standing Offer Program (SOP) has been suspended.",50,,,Infrastructure,Utilities,Utilities,4. Kootenay,Nakusp,Fosthall Creek Power LP,,Proposed,,Utilities (incl sewage treatment),FALSE,FALSE,FALSE,FALSE,FALSE,FALSE,,TRUE,TRUE,Splatsin First Nation,Benefits Agreement,,,,,50.241332,-117.801075,"50° 14' 28.8"" N","117° 48' 3.87"" W",(250) 352-6665 (Regional District of Central Kootenay),,2009-12-01,2025-03-01
2526,Phantom Lake Hydropower Project,Proposed 15 MW hydropower project is under consideration in the BC Hydro 2008 Clean Power Call. Project is on hold.,35,,,Infrastructure,Utilities,Utilities,2. Mainland/Southwest,Sechelt,Hydromax Energy Ltd.,,On hold,,Utilities (incl sewage treatment),FALSE,FALSE,FALSE,FALSE,FALSE,FALSE,,FALSE,FALSE,,,,,,,,,,,(604) 637-6393,,2009-12-01,2025-03-01
2485,Maselpanik Creek Hydro Project,"Proposed 13 MW hydroelectric project located on Maselpanik Creek, south of the Wahleach generating station near Chilliwack.",35,,,Infrastructure,Utilities,Utilities,2. Mainland/Southwest,Chilliwack,Enmax Syntaris Bid Corporation,,Proposed,Consultation/Approvals,Utilities (incl sewage treatment),FALSE,FALSE,FALSE,FALSE,FALSE,FALSE,,FALSE,FALSE,,,,,,,49.24943,-121.39353,"49° 14' 57.95"" N","121° 23' 36.71"" W",(778) 329-9629,,2009-09-01,2025-03-01
2473,East Grandview Heights Neighbourhood,"Proposed development of 3,000 to 5,000 mixed residential units on 200 hectares at 176th St. to 184th St. and 20 Ave. to 32nd Ave.",100,,,Residential,Primarily residential - Single use,Residential,2. Mainland/Southwest,Surrey,Pennyfarthing Development,,Proposed,Consultation/Approvals,Residential/Commercial,FALSE,FALSE,FALSE,FALSE,FALSE,FALSE,,FALSE,FALSE,,,,,,,49.05025,-122.72441,"49° 3' 0.9"" N","122° 43' 27.88"" W",(604) 591-4441 (City of Surrey),,2009-09-01,2025-03-01
2478,Line Creek Coal Mine Phase 2,Development of two new mine sites near the existing Line Creek Operations has an ENV amendment submitted to the Dry Creek Watershed permit agreement. The project has a conditional certification under the BC Environmental Assessment Act and the Mines Act Permit review.,140,,Certified,Industrial,Mining,Mining,4. Kootenay,Sparwood,Teck Coal Ltd.,,Proposed,,Mining & Oil & Gas Extraction,FALSE,FALSE,FALSE,FALSE,FALSE,FALSE,,FALSE,TRUE,Ktunaxa Nation,Pre-Impact Benefit Agreement,30,500,,,49.88479,-114.852031,"49° 53' 5.24"" N","114° 51' 7.31"" W",(250) 425-2555,,2009-09-01,2025-03-01
2432,South Skirt Mountain Village,"Proposed development of the South Skirt Mountain Village on 84 acres between Bear Mountain Resort and Hwy 1 includes 2819 residential units, a village centre and an ecological centre. Rezoning has been passed by council in Jun 2009. Project will meet Leadership in Energy and Environmental Design (LEED) standards.",400,,,Residential,Primarily residential - Single use,Residential,1. Vancouver Island/Coast,Langford,Totangi Properties,,Proposed,Consultation/Approvals,Residential/Commercial,FALSE,FALSE,FALSE,FALSE,FALSE,TRUE,LEED,FALSE,FALSE,,,,,,,48.46115,-123.50248,"48° 27' 40.14"" N","123° 30' 8.93"" W",(250) 478-6434,,2009-06-01,2025-03-01
2425,Nk'Mip Canyon Desert Resort,"The Osoyoos Indian Band, Watermark Asset Management and Bellstar Hotels will develop a 400 unit resort on the Nk'Mip Canyon Desert Golf Course. A hotel, condominium and townhouse units with time-share options and a spa, conference facility and vineyard will be part of the development. Five phases of development will include; 56 townhouse units in phase 1 called Beach Residences; phase 2 called Canyon Desert Inn with conference facilities and 100 resort suites; phase 3 called Golf Residences with 154 townhouse units; Beach Lodge in phase 4 will have a 3-storey lodge and 50 condominium units; and phase 5 called Golf Lodge will have a 4-storey lodge and 90 condominium units.",120,,,Commercial,Accommodation,Resort,3. Thompson-Okanagan,Osoyoos,Osoyoos Indian Band,,Construction started,,Residential/Commercial,FALSE,FALSE,FALSE,FALSE,FALSE,FALSE,,FALSE,TRUE,Osoyoos Indian Band,,,,2011-Q2,2026-Q4,49.195779,-119.534540,49° 11' 44.80'' N,119° 32' 4.34'' W,(250) 498-3444,www.canyondesertresort.com,2009-06-01,2025-03-01
2409,Wave Energy Project,A permit has been granted to investigate tidal power over 475 hectares off the west coast of Vancouver Island using CETO wave energy technology. The project will receive provincial funding under the Innovative Clean Energy (ICE) Fund.,20,,,Infrastructure,Utilities,Utilities,1. Vancouver Island/Coast,Ucluelet,Pacific Coast Wave Energy Corp.,,Proposed,,Utilities (incl sewage treatment),TRUE,TRUE,FALSE,FALSE,FALSE,FALSE,,TRUE,FALSE,,,,,,,,,,,(250) 726-7744 (District of Ucluelet),,2009-06-01,2025-03-01
2421,Chu Molybdenum Mine,"Proposed open pit molybdenum mine located southwest of Vanderhoof, is expected to have a production rate of 90,000 tonnes/day over a 20-year mine life. Project has been withdrawn from the Environmental Assessment process, and may be re-entered when market conditions improve.",1040,,Withdrawn,Industrial,Mining,Mining,7. Nechako,Vanderhoof,TTM Resources Inc.,,On hold,,Mining & Oil & Gas Extraction,FALSE,FALSE,FALSE,FALSE,FALSE,FALSE,,FALSE,FALSE,,,,,,,53.365,-124.575,"53° 21' 54"" N","124° 34' 30"" W",(604) 685-1144,,2009-06-01,2025-03-01
2379,Ruddock Creek Zinc-Lead Mine Development Project,"Proposed zinc-lead mine which would include process facilities, mill, tailings area and access roads. Estimated production rate of 1,050,000 tonnes/year over a 10-15 year mine life. Feasibility studies took place in Late 2013. The project is in the pre-application phase under the Environmental Act. Further baseline studies are being conducted in 2015 and 2016.",100,,Pre-application,Industrial,Mining,Mining,3. Thompson-Okanagan,Clearwater,Ruddock Creek Mining Corp.,,Proposed,Consultation/Approvals,Mining & Oil & Gas Extraction,FALSE,FALSE,FALSE,FALSE,FALSE,FALSE,,FALSE,FALSE,,,300,200,,,51.776667,-118.901667,51°46.6? N,118°54.1? W,(604) 669-8959 (Imperial Metals Corp.),www.imperialmetals.com,2009-03-01,2025-03-01
2341,Parhar Business Park,"Commercial development of 200,000 sq ft on a 3.25 ha property south of Duncan. Plans are to build 12 to 14 buildings in three phases.",40,,,Commercial,Other Commercial,Commercial/Industrial,1. Vancouver Island/Coast,Duncan,Parhar Group,,Construction started,,Residential/Commercial,FALSE,FALSE,FALSE,FALSE,FALSE,FALSE,,FALSE,FALSE,,,,,2013-Q1,2025-Q4,48.75772,-123.68310,"48° 45' 27.79"" N","123° 40' 59.16"" W",(250) 746-6126 (Duncan City),,2008-12-01,2025-03-01
2326,Snowfield Gold Project,"Proposed 120,000 t/day open pit operation, located 65 km north of Stewart, to include production of Gold-silver doré, copper-gold-silver concentrate, and molybdenum-rhenium concentrate. Project is the subject of a joint engineering study with Seabridge Gold examining economics of operating their KSM Project with Snowfield. Site is on maintenance status, while Pretium concentrates resources on other project sites.",3400,,,Industrial,Mining,Mining,6. North Coast,Iskut,Pretium Resources Inc.,,On hold,,Mining & Oil & Gas Extraction,FALSE,FALSE,FALSE,FALSE,FALSE,FALSE,,FALSE,TRUE,"Tahltan Band Council, Iskut Band Council, Tahltan Central Council",,,,,,56.680374,-129.902344,"56° 40' 49.35"" N","129° 54' 8.44"" W",(604) 558-1784,www.pretivm.com,2008-12-01,2025-03-01
2307,Cabin Gas Plant,Facility for processing natural gas from the Horn River Basin at a rate of 5.634 Mmcf/day. Phase 1 of the project completed in Late 2012. Phase 2 is expected to increase the capacity by 400 Mmcf/day.,800,,Certified,Industrial,Oil & Gas,Oil and Gas Extraction,8. Northeast,Fort Nelson,Enbridge Inc.,,On hold,,Mining & Oil & Gas Extraction,FALSE,FALSE,FALSE,FALSE,FALSE,FALSE,,FALSE,FALSE,,,267,40,,,59.230286,-121.67935,"59° 13' 49.03"" N","121?40'45.66"" W",(403) 231-3900,,2008-12-01,2025-03-01
2325,GJ Kinaskan Lake Copper-Gold Project,"Proposed copper-gold project located in the Stikine River region includes 39 exploration sites over 20,155 hectares. Project is still planning to proceed, but no work programs are currently in place.",,,,Industrial,Mining,Mining,6. North Coast,Iskut,Teck Resources/NGEx Resources,,Proposed,Preliminary/Feasibility,Mining & Oil & Gas Extraction,FALSE,FALSE,FALSE,FALSE,FALSE,FALSE,,FALSE,FALSE,,,,,,,57.666667,-130.25,57° 40' N,130° 15' W,(604) 699-4000,,2008-12-01,2025-03-01
2316,Hudson Bay Mountain Estates,"Resort development to include the addition of a chairlift, 10 runs and a 148 lot residential component to Hudson Bay Mountain. Area master plan has received approval. 35 lots released in phase 1.",100,,,Residential,Primarily residential - Single use,Residential,7. Nechako,Smithers,2020 Development,,Proposed,Consultation/Approvals,Residential/Commercial,FALSE,FALSE,FALSE,FALSE,FALSE,FALSE,,FALSE,FALSE,,,,,,,54.76923,-127.1559982,"54° 46' 9.23"" N","127° 9' 21.59"" W",(250) 847-6006,www.hudsonbaymountain.com,2008-12-01,2025-03-01
2337,Iona Island Wastewater Treatment Plant Upgrades,"Proposed primary treatment plant replacement. Upgrades will include secondary and tertiary wastewater treatment expansion, and groundworks improvements. The facility operations will be completed by 2034 and additional digestors will be constructed by 2041.",10400,,,Infrastructure,Utilities,"Water, Sewage, and Other Systems",2. Mainland/Southwest,Richmond,Greater Vancouver Regional District,,Proposed,Preliminary/Feasibility,Utilities (incl sewage treatment),TRUE,FALSE,FALSE,TRUE,FALSE,FALSE,,FALSE,TRUE,Musqueam Indian Band,,,,2026-Q4,2041-Q4,49.2194252,-123.2127762,"49° 13' 9.93"" N","123° 12' 45.99"" W",604 432-6200 (Metro Vancouver),,2008-12-01,2025-03-01
2321,King George Station Mixed-Use Development,"Commercial and residential development will include a 70 storey office/residential tower, a 55 storey hotel/office complex and three 40 to 50 storey residential towers. Retail and recreation amenities may include a casino and 1,800 seat show theatre. The project will be located near the King George skytrain station and developed over 4 phases. Phase B, The HUB, includes a 15-storey office tower, 40 and 29 storey condo towers with 112,535 sq ft of retail at ground level. Tether will be a 40-storey tower with 400 rental units.",1600,,,Residential,Mixed use,Mixed use - Residential/Commercial/Retail/ Industrial,2. Mainland/Southwest,Surrey,The PCI Group,,Construction started,,Residential/Commercial,FALSE,FALSE,FALSE,FALSE,FALSE,TRUE,LEED gold,FALSE,FALSE,,,,,2014-Q3,2026-Q4,49.183211,-122.844389,"49° 10' 59.56"" N","122° 50' 39.8"" W",(604) 684-1151,,2008-12-01,2025-03-01
2338,Kinskuch Hydro Project,Proposed 80 MW hydroelectric project located on Kinskuch Lake. Project will include a 39 km 138 KV transmission line to connect to the line along Hwy 37. Currently in the pre-application phase under the BC Environmental Assessment Act.,300,,Pre-application,Infrastructure,Utilities,Utilities,6. North Coast,Iskut,Kinskuch Lake Hydro LP,,Proposed,Consultation/Approvals,Utilities (incl sewage treatment),FALSE,FALSE,FALSE,FALSE,FALSE,FALSE,,FALSE,FALSE,,,210,6,,,57.857174,-129.979248,"57° 51' 25.83"" N","129° 58' 45.29"" W",(778) 329-9629,,2008-12-01,2025-03-01
2267,Hawkeye Green Energy Grid Project,"Proposed 151 MW hydroelectric project located near the Toba and Jarvis Inlets, will consist of 12 run-of-river sites and a 150 km transmission line. Project is in the pre-application phase under the Environmental Assessment Act.",450,,Pre-application,Infrastructure,Utilities,Utilities,1. Vancouver Island/Coast,Powell River,Hawkeye Energy Corp.,,Proposed,Consultation/Approvals,Utilities (incl sewage treatment),FALSE,FALSE,FALSE,FALSE,FALSE,FALSE,,TRUE,FALSE,,,,,,,49.836045,-124.524794,"49° 50' 9.76"" N","124° 31' 29.26"" W",(604) 878-1339,,2008-09-01,2025-03-01
2250,Caban Gyro Beach Cityhomes - 3377 Lakeshore Rd.,Proposed 127 unit condominium development in two 6-storey concrete midrise building joined by a podium of retail space. A proposal including a public space with a waterfall has been submitted.,24,,,Residential,Primarily residential - Single use,Residential,3. Thompson-Okanagan,Kelowna,Cressey Development Corp.,Meiklejohn Architects Inc.,Proposed,,Residential/Commercial,FALSE,FALSE,FALSE,FALSE,FALSE,FALSE,,FALSE,FALSE,,,,,,2024-Q2,49.8556331,-119.4907458,"49° 51' 20.28"" N","119° 29' 26.68"" W",(250) 717-1299,www.cabangyro.com,2008-09-01,2025-03-01
2269,Harper Creek Mine Project,"Proposed copper-gold-silver mine with a capacity of up to 70,000 tonnes/day over an 28 year mine life. Project review under the BC Environmental Assessment Act has terminated. On hold until market conditions become more favourable.",839,,Terminated,Industrial,Mining,Mining,3. Thompson-Okanagan,Clearwater,Harper Creek Mining Corp.,,On hold,,Mining & Oil & Gas Extraction,FALSE,FALSE,FALSE,FALSE,FALSE,FALSE,,FALSE,TRUE,Simpcw First Nation/Whispering Pines/Clinton Indian Band,Negotiation Agreement is in place to determine an Accommodation Agreement.,600,450,,,51.55,-119.7,51° 33’ N,119° 42’ W,(604) 273-5597,www.yellowheadmining.com,2008-09-01,2025-03-01
2273,Vertical Farm Tower,A proposed vertical farm to be located near SFU in Surrey. The indoor plantation of up to 30 storeys high is in preliminary stages.,25,,,Residential,Primarily residential - Single use,Residential,2. Mainland/Southwest,Surrey,Dickson Despommier,,Proposed,Preliminary/Feasibility,Residential/Commercial,FALSE,FALSE,FALSE,FALSE,FALSE,FALSE,,FALSE,FALSE,,,,,,,49.19025,-122.85085,"49° 11' 24.9"" N","122° 51' 3.06"" W",(604) 591-4441 (City of Surrey),,2008-09-01,2025-03-01
2296,Jade Lake Power Project,"Proposed 120 MW Jade power cluster will have 4 intakes; Kinskuch River, Jade Creek, ZZ-4 Creek and Tchitin River located above Kinskuch Lake 27 km east of Stewart.",360,,,Infrastructure,Utilities,Utilities,6. North Coast,Stewart,Syntaris Power Corp.,,Proposed,Preliminary/Feasibility,Utilities (incl sewage treatment),FALSE,FALSE,FALSE,FALSE,FALSE,FALSE,,FALSE,FALSE,,,,,,,,,,,(778) 329-9629,,2008-09-01,2025-03-01
2263,Brockton Oval Rugby Stadium,"10,000 seat rugby stadium proposed for Brockton Oval site.",,,,Commercial,Recreation,"Arts, Entertainment & Recreation",2. Mainland/Southwest,Vancouver,Vancouver Rowing Club,,Proposed,Preliminary/Feasibility,Other Services,FALSE,FALSE,FALSE,FALSE,FALSE,FALSE,,FALSE,FALSE,,,,,,,49.2906303,-123.1463013,"49° 17' 26.27"" N","123° 8' 46.68"" W",(604) 687-3400,,2008-09-01,2025-03-01
2213,Waterfront Revitalization Project,"Proposed revitalization of the downtown waterfront north of Cordova St. between Granville and Richards St. Plan would include restaurant, hotel, retail and office space in six new developments with a transportation hub.",100,,,Residential,Mixed use,Mixed use - Residential/Commercial/Retail/ Industrial,2. Mainland/Southwest,Vancouver,,,Proposed,Consultation/Approvals,Residential/Commercial,FALSE,FALSE,FALSE,FALSE,FALSE,FALSE,,FALSE,FALSE,,,,,,,49.28559,-123.11166,"49° 17' 8.12"" N","123° 6' 41.98"" W",(604) 873-7276 (Vancouver City),,2008-06-01,2025-03-01
2242,Shovel Creek Hydroelectric Project,"Proposed 16 MW run-of-river hydroelectric project on Shovel Creek, a tributary of Big Silver Creek, approximately 54 km north of the community of Harrison Hot Springs. Project has received approval under the BC Environmental Assessment Act and has been selected for a BC Hydro energy purchase agreement in Mar 2010.",40,,Expired,Infrastructure,Utilities,Utilities,2. Mainland/Southwest,Harrison Hot Springs,Innergex Renewable Energy Inc.,,Proposed,Consultation/Approvals,Utilities (incl sewage treatment),FALSE,FALSE,FALSE,FALSE,FALSE,FALSE,,TRUE,FALSE,,,40,5,,,49.779983,-121.866637,"49° 46' 47.94"" N","121° 51' 59.89"" W",(604) 633-9990,,2008-06-01,2025-03-01
2203,JuniperWest Residential Development,"93 hectare, 668-unit development will include 397 single family units and 271 townhouse units. The development will be built in phases. Remaining phases include 200 single family lots and 150 multi-family units.",150,,,Residential,Primarily residential - Single use,Residential,3. Thompson-Okanagan,Kamloops,Tercon Construction,,Construction started,,Residential/Commercial,FALSE,FALSE,FALSE,FALSE,FALSE,FALSE,,FALSE,FALSE,,,,,2009-Q2,2025-Q4,50.6603582,-120.2453974,"50° 39' 37.29"" N","120° 14' 43.43"" W",(778) 471-2981,www.juniperwest.com,2008-06-01,2025-03-01
2229,Little Mountain Housing Redevelopment,"Redevelopment of a 6 hectare site between Main and Ontario, and E33 and E37 Ave. Rezoning has been approved for 1,600 residential units with 282 units of social housing, a 69-space childcare centre.  Project includes 53 units of social housing in a 5-storey building located at 155 E 37 Ave, zoned RM-3A. Social housing units complete in Spring 2025 and non-market units will complete in 2026.",300,,,Residential,Primarily residential - Single use,Social Housing,2. Mainland/Southwest,Vancouver,Holborn Group/BC Housing/ City of Vancouver,James K. M. Cheng Architects Inc.,Construction started,,Residential/Commercial,TRUE,FALSE,FALSE,FALSE,TRUE,FALSE,,FALSE,FALSE,,,,,2013-Q2,2026-Q4,49.241453,-123.101697,"49° 14' 29.23"" N","123° 6' 6.11"" W",(604) 688-8387,www.vancouverlittlemountain.com,2008-06-01,2025-03-01
2189,Power Station - Casorso Road,Proposed power station located on Casorso Road has received support in public open house held in Apr 2008. Approval received from BC Utilities Commission. Application must be made for exclusion from the Agricultural Land Reserve (ALR) and for re-zoning.,18,,,Infrastructure,Utilities,Utilities,3. Thompson-Okanagan,Kelowna,Fortis BC Inc.,,Proposed,Consultation/Approvals,Utilities (incl sewage treatment),FALSE,FALSE,FALSE,FALSE,FALSE,FALSE,,FALSE,FALSE,,,,,,,49.8488312,-119.4695892,"49° 50' 55.79"" N","119° 28' 10.52"" W",(250) 368-0500,,2008-06-01,2025-03-01
2199,Ioco Lands Mixed-Use Development,Proposed redevelopment of Ioco Lands and Imperial Oil lands into a mixed residential subdivision with some commercial space.,100,,,Residential,Primarily residential - Single use,Residential/Commercial,2. Mainland/Southwest,Port Moody,Brilliant Circle Group,James Cheng Architects,Proposed,Preliminary/Feasibility,Residential/Commercial,FALSE,FALSE,FALSE,FALSE,FALSE,FALSE,,FALSE,FALSE,,,,,,,49.30476,-122.8837051,"49° 18' 17.14"" N","122° 53' 1.34"" W",(604) 873-4333 (Architect),,2008-06-01,2025-03-01
2245,Kerr - Sulphurets - Mitchell (KSM) Gold/Copper,"Open pit mine project, located approximately 65 km northwest of Stewart, consists of the copper porphyry deposits Kerr, Sulphurets, Mitchell and Iron Cap. Ore production of 80,000 to 120,000 mtpd over 25 years is expected, with 90,000 mtpd for the remainder of a 52 yr mine life. Project has been certified under the BC Environmental Assessment Act and received federal environmental assessment approval. Exploration drilling has confirmed resources. Early stage construction activities completed.",8360,,Substanially started,Industrial,Mining,Mining,6. North Coast,Stewart,Seabridge Gold Inc.,,Construction started,,Mining & Oil & Gas Extraction,FALSE,FALSE,FALSE,FALSE,FALSE,FALSE,,FALSE,TRUE,"Nisga'a Nation, Tahltan Band Council, Iskut Band Council, Tahltan Central Council",Impact benefits agreements,1800,500,2024-Q3,,56.491,-130.293,"56° 29' 27.6"" N","130° 17' 34.8"" W",(416) 367-9292,www.seabridgegold.net,2008-06-01,2025-03-01
2142,Cheslatta Green Energy  Project,"Proposed 10 MW power plant, located near Cheslatta Forest Products, to use gasification technology to convert wood residue into electricity for 9500 homes. Cost of project includes transmission line to BC Hydro's power grid. Project requires provincial and BC Hydro approvals.",46,,,Infrastructure,Utilities,Utilities,7. Nechako,Burns Lake,Pristine Power Inc./Cheslatta Forest Products,,Proposed,Consultation/Approvals,Utilities (incl sewage treatment),FALSE,FALSE,FALSE,FALSE,FALSE,FALSE,,TRUE,FALSE,,,,,,,54.22883,-125.76240,"54° 13' 43.79"" N","125° 45' 44.64"" W",(250) 692-7587 (Village of Burns Lake),,2008-03-01,2025-03-01
2151,Roundhouse Mixed Use Community,Development of 1913 historic railway Roundhouse on the Bayview property (project ID #847). Plans include seismic upgrades and building revitalization. Rezoning has been approved and site cleanup has completed. Project includes nine highrises from 10 to 32 storeys.,200,,,Residential,Primarily residential - Single use,Residential/Commercial,1. Vancouver Island/Coast,Victoria,Bayview Properties,Hotson Bakker Architects,Construction started,,Residential/Commercial,FALSE,FALSE,FALSE,FALSE,FALSE,TRUE,LEED,FALSE,FALSE,,,,,2020-Q4,2034-Q1,48.427271,-123.378704,48° 25' 38.1756'' N,123° 22' 43.3344'' W,(250) 388-9924,www.bayviewplace.com,2008-03-01,2025-03-01
2164,Turnagain Nickel Project Expansion,"Nickel mine located 70 km east of Dease Lake. A 2011 Preliminary Assessment (PA) of the Turnagain deposit indicated initial production of 52 million lbs of nickel and 2.8 million lbs of cobalt per year. A $555 million expansion would increase production to 97 million lbs of nickel and 5.36 million lbs of cobalt for 16 yrs. The ore would be processed through an on-site concentrator and hydrometallurgical process facility that would produce nickel, cobalt and copper precipitation products. The completion of the mine expansion has yet to be determined.",2460,,,Industrial,Mining,Mining,7. Nechako,Dease Lake Area,Gigametals Corp.,,Proposed,,Mining & Oil & Gas Extraction,FALSE,FALSE,FALSE,FALSE,FALSE,FALSE,,FALSE,TRUE,"Tahltan Band Council, Iskut Band Council, Tahltan Central Council, Acho Dene Koe First Nation",Benefits Agreement,,,,,58.476,-128.826,"58° 28' 33.6"" N","128° 49' 33.6"" W",(604) 681-2300,http://www.hardcreek.com,2008-03-01,2025-03-01
2147,Tillicum Towers Residential and Commercial Development,"Proposed 300,000 square feet of residential space, overlooking Cuthbert Holmes Park, on the northwest corner of its Tillicum Shopping Centre property. The design concept shows a 296-unit in 9 and 13 storey buildings with 30,000 sq ft of retail space. Project has been approved.",100,,,Residential,Primarily residential - Single use,Residential/Commercial,1. Vancouver Island/Coast,Saanich,RioCan Investment Trust,MCM Partnership Architects,Proposed,Consultation/Approvals,Residential/Commercial,FALSE,FALSE,FALSE,FALSE,FALSE,FALSE,,FALSE,FALSE,,,,,,,48.4487,-123.3985,"48° 26' 55.32"" N","123° 23' 54.6"" W",(416) 866-3000,,2008-03-01,2025-03-01
2108,Oceanwest Resort Development,"Resort development to be released in 12 to 15 phases and will include 450 single and 600 multi-family units, and 400 hotel, commercial and retail sites. Project has commenced on Phases called Odyssey, with single family and a 30 condominium units, and Cedar Ridge, with single family homes and 600m of new trail.",200,,,Residential,Mixed use,Mixed use - Residential/Commercial/Retail/ Industrial,1. Vancouver Island/Coast,Ucluelet,Onni Group,,Construction started,,Residential/Commercial,FALSE,FALSE,FALSE,FALSE,FALSE,FALSE,,FALSE,FALSE,,,,,2008-Q3,2022-Q1,48.9421005,-125.5589981,"48° 56' 31.56"" N","125° 33' 32.39"" W",(250) 726-2228,www.oceanwest.com,2007-12-01,2025-03-01
2122,Sandstone Towne Centre - South Nanaimo Lands,"Proposed new neighbourhood expanding the southern boundary of Nanaimo, to include up to 1 million sq ft of residential/mixed development for 2000 residents on 726 acres. It will also include approx. 1 million sq ft of industrial building space. The project rezoning phase will be followed by development. A new owner is being sought for project development phase.",1000,,,Residential,Mixed use,Mixed use - Residential/Commercial/Retail/ Industrial,1. Vancouver Island/Coast,Nanaimo,Northwest Properties,,On hold,,Residential/Commercial,FALSE,FALSE,FALSE,FALSE,FALSE,FALSE,,FALSE,FALSE,,,,,,,49.12183,-124.012001,"49° 7' 18.59"" N","124° 0' 43.2"" W",(604) 299-7517,www.sandstonenanaimo.ca,2007-12-01,2025-03-01
2120,Residential Development - 8410 Wallace Drive,"Proposed development on 13 hectares adjacent to the Vantreight farm at 8410 Wallace Drive, to include 57 single-family homes, townhomes and condominiums. Open house held and council approval received in Aug 2010.",150,,,Residential,Primarily residential - Single use,Residential,1. Vancouver Island/Coast,Central Saanich,Ian Vantreight,,Proposed,Consultation/Approvals,Residential/Commercial,FALSE,FALSE,FALSE,FALSE,FALSE,FALSE,,FALSE,FALSE,,,,,,,48.609403,-123.407586,"48° 36' 33.85"" N","123° 24' 27.31"" W",(250) 652- 4444 (Central Saanich),,2007-12-01,2025-03-01
2084,Shelter Bay Residential Neighbourhood,"Proposed development for the west side of Okanagan Lake. The developer is in negotiations with the Westbank First Nations for a 125 year lease that would allow for 1,500 condominium units including highrise towers and a marina.",1000,,,Residential,Primarily residential - Single use,Residential,3. Thompson-Okanagan,Westbank First Nation Lands,,,Proposed,Consultation/Approvals,Residential/Commercial,FALSE,FALSE,FALSE,FALSE,FALSE,FALSE,,FALSE,FALSE,,,,,,,49.8777999,-119.5256571,"49° 52' 40.08"" N","119° 31' 32.37"" W",(604) 681-8882,,2007-12-01,2025-03-01
2089,North Shore Wastewater Treatment Plant (formerly Lions Gate Sewerage),Construction of a new secondary sewage treatment plant near Burrard Inlet on the former BC Rail passenger station at McKeen Avenue and West First Street in the District of North Vancouver to replace the existing Lions Gate Primary Treatment plant at the north end of the Lions Gate Bridge. Funding will be provided by the provincial ($193 M) and federal ($212.3M) governments. The pump station and conveyance pipe construction completed in Summer 2022. Phasing and cost allocation will be reviewed in the 2025-2029 Financial Plan.,3860,,,Infrastructure,Utilities,"Water, Sewage, and Other Systems",2. Mainland/Southwest,North Vancouver,City of North Vancouver,,Construction started,,Utilities (incl sewage treatment),TRUE,TRUE,TRUE,TRUE,FALSE,TRUE,"LEED gold, Envision gold",FALSE,FALSE,,,,,2018-Q1,2030-Q1,49.316374,-123.109199,49° 18' 58.95'' N,123° 6' 33.12'' W,(604) 985-7761 (North Vancouver City),www.northshorewwtp.ca,2007-12-01,2025-03-01
2083,Aqua Residential Development,Development of a 6.75 acre resort community located on Okanagan Lake and Lakeshore Rd. The project plans include 400 residential units and resort accommodation with water features and pedestrian amenities.,,,,Residential,Primarily residential - Single use,Residential,3. Thompson-Okanagan,Kelowna,Mission Group,,Construction started,,Residential/Commercial,FALSE,FALSE,FALSE,FALSE,FALSE,FALSE,,FALSE,FALSE,,,,,2023-Q2,2026-Q4,49.8435919,-119.4880299,"49° 50' 36.93"" N","119° 29' 16.91"" W",(250) 448-8810,www.missiongroup.ca/residential/our-communities/aqua,2007-12-01,2025-03-01
2086,Vancouver Art Gallery,"Vancouver Art Gallery to be located at Cambie and West Georgia streets. The 7-storey wood structure will include a 350-seat auditorium and a plaza at grade level and will be named Chan Centre for Visual Arts. Project has been approved for a 99 year lease. The provincial government has awarded $50 million in funding, $29.3 from the federal government, $23 million from VAG Board and $185 million from private donors (including $100 million from the Audain family and $40 million from the Chan family). Fundraising of $340 million has been achieved and the project has broken ground in Sep 2023. The project cost increase has determined a review will take place to reduce costs.",600,,,Commercial,Recreation,"Arts, Entertainment & Recreation",2. Mainland/Southwest,Vancouver,Vancouver Art Gallery,Herzog & de Meuron and Perkins + Will,Construction started,,Other Services,TRUE,TRUE,TRUE,FALSE,TRUE,TRUE,Passive House,FALSE,FALSE,,,3000,1000,2023-Q3,2028-Q4,49.2793617,-123.1132431,"49° 16' 45.7"" N","123° 6' 47.68"" W",(604) 873-7276 (Vancouver City),,2007-12-01,2025-03-01
2037,Hackney Hills Wind Park,Proposed 370 MW wind park project located east of Fort St. John. Project is in the pre-application phase under the Environmental Assessment Act.,400,,Pre-application,Infrastructure,Utilities,Utilities,8. Northeast,Fort St. John,Aeolis Wind Power Corporation,,Proposed,Consultation/Approvals,Utilities (incl sewage treatment),FALSE,FALSE,FALSE,FALSE,FALSE,FALSE,,TRUE,FALSE,,,,,,,56.249263,-120.847549,"56° 14' 57.35"" N","120° 50' 51.18"" W",(250) 655-0330,,2007-09-01,2025-03-01
2035,Kelowna International Airport Expansion,"Kelowna International Airport is undergoing phased expansion of the air terminal complex and operations building, airside pavement rehabilitation and overflow parking lot. Cost and completion date shown are for current phase of expansion which will include roof replacement to the terminal and a new hotel and parkade.",422,,,Infrastructure,Other Transportation,Airport Operations,3. Thompson-Okanagan,Kelowna,Kelowna International Airport,,Construction started,,Transportation & Warehousing,TRUE,FALSE,FALSE,FALSE,TRUE,FALSE,,FALSE,FALSE,,,,,2023-Q3,2033-Q2,49.9508209,-119.3817368,"49° 57' 2.96"" N","119° 22' 54.25"" W",(250) 765-5125,,2007-09-01,2025-03-01
1103,Site C Project,"This project will construct a third dam and hydroelectric generating station on the Peace River approximately seven kilometres southwest of Fort St. John. It will be capable of producing approximately 5,100 gigawatt-hours of electricity annually and 1,150 - 1,230 megawatts of capacity. Site C will provide clean, renewable and cost-effective power in B.C. for more than 100 years. 
*Planned in-service date for all units. 
**Site C project anticipated total cost and project cost to date include capital costs, charges subject to regulatory deferral and certain operating expenditures. 
***The approved project cost estimate (June 2021) is $16 billion with a project in-service date of November 2025 (for the last generating unit). The first, second, third and fourth generating units are in-service in October 2024, December 2024, February 2025 and March 2025 respectively, with all four units ahead of their approved schedule in-service dates. BC Hydro continues to manage the project including commercial negotiations and claims with contractors, commissioning delays, and potential inflationary pressures. The Site C Project continues to work with the Project Advisory Board, Mr. Milburn, Ernst & Young Canada, and the Technical Advisory Board to manage these project risks.",16000,,,Infrastructure,Utilities,Utilities,8. Northeast,Fort St. John,BC Hydro,,Construction started,,Utilities (incl sewage treatment),TRUE,FALSE,FALSE,FALSE,TRUE,FALSE,,TRUE,FALSE,,,,,2015-Q3,2025-Q4,,,,,(604) 623-4472   Toll Free: 1-866-647-3334,https://www.sitecproject.com,2007-09-01,2025-03-01
2060,Willow Beach Condominiums,"Proposed condominium development located on north Osoyoos Lake. Site is on former Willow Beach campground. The initial large scale project has been re-designed and scaled down to include 80 residential units, a lagoon and a public park.",20,,,Residential,Primarily residential - Single use,Residential,3. Thompson-Okanagan,Osoyoos,Willow Beach (GLD) Developments Ltd.,Ankenman Marchand Architects,Proposed,Consultation/Approvals,Residential/Commercial,FALSE,FALSE,FALSE,FALSE,FALSE,FALSE,,FALSE,FALSE,,,,,,,49.08205,-119.52431,"49° 4' 55.38"" N","119° 31' 27.52"" W",(250) 492-0237 (Okanagan-Similkameen Regional District),,2007-09-01,2025-03-01
2040,Thunder Mountain Wind Park,Proposed 320 MW wind park project located southeast of Tumbler Ridge. Project has received certification under the Environmental Assessment Act in Dec 2009. All permitting is in place. Project has been put on hold until demand increases.,1000,,Certified,Infrastructure,Utilities,Utilities,8. Northeast,Tumbler Ridge,Aeolis Wind Power Corporation,,On hold,,Utilities (incl sewage treatment),FALSE,FALSE,FALSE,FALSE,FALSE,FALSE,,TRUE,TRUE,"Heidi T'enneh, McLeod Lake Indian Band",First Nations Clean Energy Revenue Sharing Agreement,,,,,54.945418,-120.5573071,54° 56' 43.51'' N,120° 33' 26.31'' W,(250) 655-0330,,2007-09-01,2025-03-01
2028,Oceanview Golf Resort & Spa (formerly Cable Bay Golf Resort),"Development on the southeast edge of Nanaimo, to include a golf resort, spa, 2677 residential units, seniors housing, a 120-room hotel, and 295,000 sq ft commercial space.",1000,,,Residential,Mixed use,Mixed use - Residential/Commercial/Retail/ Industrial,1. Vancouver Island/Coast,Nanaimo,,,Proposed,Preliminary/Feasibility,Residential/Commercial,FALSE,FALSE,FALSE,FALSE,FALSE,FALSE,,FALSE,FALSE,,,1000,500,,2031-Q4,49.1332779,-123.852211,"49° 7' 59.8"" N","123° 51' 7.96"" W",,www.oceanviewgolfresort.com,2007-06-01,2025-03-01
1987,Giscome Quarry and Lime Project,"Proposed lime processing facility and quarry located near Prince George. The capacity is expected to be 600,000 tonnes/year with a mine life of 25 years. The project is certified under the Environmental Assessment Act.",130,,Extended,Industrial,Mining,Mining,5. Cariboo,Prince George,Graymont Western Canada Inc.,,Proposed,Consultation/Approvals,Mining & Oil & Gas Extraction,FALSE,FALSE,FALSE,FALSE,FALSE,FALSE,,FALSE,FALSE,,,60,20,,,54.075603,-122.351658,"54°04'32.17"" N","122°21'05.97"" W",(604) 276-9331,,2007-06-01,2025-03-01
1993,Spirits Reach Resort Development,"Development of 250 acres of a 500 acre site will include 400 units in 4 neighbourhoods with amenity buildings. Phase 1 of 63 duplex and triplex units is called Spirit of the Lake. Phase 2, Spirit Rise consists of 112 residential units. Phase 3 of 135 units, named Hardie Creek and phase 4 of 36 units is called Mustangs Crossing.",80,,,Residential,Primarily residential - Single use,Residential,4. Kootenay,Cranbrook,Columere Park Developments Ltd.,,Construction started,,Residential/Commercial,FALSE,FALSE,FALSE,FALSE,FALSE,FALSE,,FALSE,FALSE,,,,,2007-Q2,,50.22288,-115.88728,"50° 13' 22.37"" N","115° 53' 14.21"" W",(403) 802-0233,,2007-06-01,2025-03-01
1997,Ladner Harbour Redevelopment,Proposed plan to redevelop the Ladner Harbour will include clean up and redevelopment of the fishing and marina portion and the addition of retail and hotel space. New Official Community Plan (OCP) will accommodate development proposals for the area.,,,,Residential,Primarily residential - Single use,Residential/Commercial/Retail,2. Mainland/Southwest,Delta,Corporation of Delta,,Proposed,Consultation/Approvals,Residential/Commercial,TRUE,FALSE,FALSE,TRUE,TRUE,FALSE,,FALSE,FALSE,,,,,,,49.0927887,-123.0867004,"49° 5' 34.04"" N","123° 5' 12.12"" W",(604) 946-3380 (Delta City),,2007-06-01,2025-03-01
1991,Halcyon Hot Springs,246-unit resort development will include a 150-unit condominium hotel and 96 chalet and cottage style units. Phase 1 with 44 chalets has completed.,52,,,Commercial,Accommodation,Resort,4. Kootenay,Nakusp,Halcyon Hot Springs Village & Spa,,Construction started,,Residential/Commercial,FALSE,FALSE,FALSE,FALSE,FALSE,FALSE,,FALSE,FALSE,,,,,2006-Q3,,50.2485504,-117.8092422,"50° 14' 54.78"" N","117° 48' 33.27"" W",(250) 265-3554,www.halcyon-hotsprings.com,2007-06-01,2025-03-01
1977,West Harbour Development,"Initial plan for 1500-unit townhouse development on a 45 acre site has been changed to a 250 unit housing development. Project will be built in three phases and include retail and recreational amenities, a marina and amphitheatre.",50,,,Residential,Primarily residential - Single use,Residential,3. Thompson-Okanagan,Westbank First Nation Lands,Troika Developments,,Construction started,,Residential/Commercial,FALSE,FALSE,FALSE,FALSE,FALSE,FALSE,,FALSE,TRUE,Westbank First Nation,,,,2010-Q3,2025-Q3,49.8910541,-119.5368646,"49° 53' 27.79"" N","119° 32' 12.71"" W",(250) 869-4945,www.westharbourkelowna.com,2007-06-01,2025-03-01
2027,Campbell River Arena,"The Regional District, in partnership with the City of Campbell River and Cape Mudge Indian Band, is exploring the feasibility of a 3000 seat arena at Willis Road and Inland Island Hwy.",21,,,Commercial,Recreation,"Arts, Entertainment & Recreation",1. Vancouver Island/Coast,Campbell River,Comox Strathcona Regional District,,Proposed,Consultation/Approvals,Other Services,TRUE,FALSE,FALSE,TRUE,FALSE,FALSE,,FALSE,FALSE,,,,,,,50.0140419,-125.2828293,"50° 0' 50.55"" N",125° 16' 58.19 W,(250) 334-6000,,2007-06-01,2025-03-01
1929,Whiskey Jack Resort Development,"Single and multi-family residential development with condominium hotels for a maximum of 900 equivalent mixed use residential units in 6 phases. Project includes a conference centre, clubhouse, a 15 acre commercial development and a resort-oriented 18-hole golf course with driving range, designed by the Fred Couples / Gene Bates Group. Construction phase 3 of lots has commenced.",200,,,Commercial,Accommodation,Resort/Residential,4. Kootenay,Sparwood,District of Sparwood Properties,,Construction started,,Residential/Commercial,FALSE,FALSE,FALSE,FALSE,FALSE,FALSE,,FALSE,FALSE,,,,,2007-Q4,2025-Q4,49.7556381,-114.8951569,"49° 45' 20.3"" N","114° 53' 42.56"" W",(250) 425-6271 (Sparwood District),www.sparwood.bc.ca/golf,2007-03-01,2025-03-01
1932,Gething Coal Project,"Proposed coal mine with coal preparation plant will have a production rate of 2 million tonnes per year over a 50 year mine life. Exploration, design and permitting stages. Currently in pre-application phase under the Environmental Assessment Act. Funding of $860 million will be provided by Canadian Kailuan Dehua Mines Co., Ltd., a partnership between the Kailuan Group Co. Ltd, Shougang Group and Canadian Dehua International Mines Group Inc. $500 million will be contributed by a partnership between Shandong Energy Feicheng Mining Group Co. Ltd. And Canadian Dehua International Mines Group Inc. Construction is planned to take place 2 years after assessment process is complete.",1360,,Pre-application,Industrial,Mining,Mining,8. Northeast,Hudson Hope,"Canadian Kailuan Dehua Mines Co., Ltd./ Shandong Energy Feicheng Mining Group Co. Ltd",,Proposed,Consultation/Approvals,Mining & Oil & Gas Extraction,FALSE,FALSE,FALSE,FALSE,FALSE,FALSE,,FALSE,FALSE,,,,400,,,55.875311,-121.915283,"55° 52' 31.12"" N","121° 54' 55.02"" W",(604) 697-0118,www.dehua.ca,2007-03-01,2025-03-01
1958,Capital City Centre (Colwood Corners) Residential Development,"Development of a village centre that will total 3.8 million sq ft of floor space, to replace an existing mall at Sooke Rd and Goldstream Ave. The project includes 12 residential towers and 5 office towers, lowrise townhouses, retail and office space. Phase 1 of the project will be built over 4 years and cost $250 million and include: a five storey office building, a London Drugs with 5 levels of residential, and a 27 storey residential tower. Followed by; single storey commercial units, a grocery store, and a residential tower, Phases 2 and 3 are planned to complete over a 20 year period. The project design will be pedestrian oriented and incorporate smart growth standards. The project has been purchased by Onni Group in Oct 2014.",1000,,,Residential,Mixed use,Mixed use - Residential/Commercial/Retail/ Industrial,1. Vancouver Island/Coast,Colwood,Onni Group,,Construction started,,Residential/Commercial,FALSE,FALSE,FALSE,FALSE,FALSE,FALSE,,FALSE,FALSE,,,,,2012-Q1,2030-Q4,48.4431,-123.47,"48° 26' 35.16"" N","123° 28' 12"" W",(604) 602-7711,www.onni.com,2007-03-01,2025-03-01
1869,Chateau Blanc Resort Hotel,"Highrise hotel and convention centre located at Big White's former Ridge parking lot. The project includes 400-plus rooms in a 17-storey tower, a 929 sq m convention centre and commercial space. Project is on hold.",200,,,Commercial,Accommodation,Accommodation,3. Thompson-Okanagan,Big White,Berezan Management Ltd.,DA Architects + Planners,On hold,,Residential/Commercial,FALSE,FALSE,FALSE,FALSE,FALSE,FALSE,,FALSE,FALSE,,,,,,,49.7214088,-118.9257507,"49° 43' 17.07"" N","118° 55' 32.7"" W",(250) 368-9148 (Regional District of Kootenay Boundary),,2006-12-01,2025-03-01
1901,Falcon Ridge Residential Development,"943-unit, seven building residential development located on Gladwin Rd. Phase 1 has 90 units, phase 2 will include 145 homes and 120 multi-family units.",50,,,Residential,Primarily residential - Single use,Residential,2. Mainland/Southwest,Abbotsford,Odessa Group,,Construction started,,Residential/Commercial,FALSE,FALSE,FALSE,FALSE,FALSE,FALSE,,FALSE,FALSE,,,,,2006-Q4,,49.0560213,-122.2155887,"49° 3' 21.68"" N","122° 12' 56.12"" W",(604) 864-5510 (Abbotsford City),www. Heightsoffalconridge.com,2006-12-01,2025-03-01
1904,Mission Waterfront Project,"Proposed mixed residential development with commercial components on 150 acres bordered by Fraser River, the Westcoast Express Station and downtown Mission. Project to include hotel, an arts centre, office and commercial and educational space. Site will require a combination of remediation and in-filling before any development will be able to occur, requiring significant local investment. Project continues to be of interest, but no activity is expected to happen in the near future.",1500,,,Residential,Primarily residential - Single use,Residential,2. Mainland/Southwest,Mission,District of Mission,,Proposed,Tender/Preconstruction,Residential/Commercial,TRUE,FALSE,FALSE,TRUE,FALSE,FALSE,,FALSE,FALSE,,,,,,,49.12756,-122.2984873,"49° 7' 39.22"" N","122° 17' 54.55"" W",(604) 820-3700,,2006-12-01,2025-03-01
1917,Wildstone Golf and Residential Development,"Golf course and residential development  to include two Gary Player-designed 18-hole championship courses and 3000 unit residential development. Neighbourhood plan and zoning are in place, and one golf course has completed. Phase 1, The Whins, with 76 homesites and phase 2, Boulder Creek Villas with 43 units, are complete, followed by Penley Greens. Remaining single-family lots are ongoing.",750,,,Commercial,Accommodation,Resort,4. Kootenay,Cranbrook,,,Construction started,,Residential/Commercial,FALSE,FALSE,FALSE,FALSE,FALSE,FALSE,,FALSE,FALSE,,,,,2007-Q4,,49.5420914,-115.7574005,"49° 32' 31.53"" N","115° 45' 26.64"" W",(250) 426-4211 (City of Cranbrook),www.havaday.ca,2006-12-01,2025-03-01
1915,Grand Coastal Resort and Spa,"Proposed 72-unit quarter-share hotel and conference centre with 27,000 sq ft of commercial space on a 3-acre site of the former Marina Inn. Development permit was approved in 2009, but no further permit applications have been filed.",56,,,Commercial,Accommodation,Accommodation,1. Vancouver Island/Coast,Campbell River,Island Coastal Properties Ltd.,,On hold,,Residential/Commercial,FALSE,FALSE,FALSE,FALSE,FALSE,FALSE,,FALSE,FALSE,,,,,,,50.0345192,-125.2555237,"50° 2' 4.27"" N","125° 15' 19.89"" W",(250) 286-5700 (Campbell River),,2006-12-01,2025-03-01
1909,Gateway Green Office Tower,"Proposed 150,000 sq ft of Class A office space, with retail space on the ground floor, in 15-storeys, located at 1620 Blanshard Street. Architect: de Hoog and Kierulf Architects. The project is being designed to meet the standards for Leadership in Energy and Environmental Design (LEED) Gold. Rezoning has been approved. Project is on hold.",40,,,Commercial,Office,Commercial,1. Vancouver Island/Coast,Victoria,Gateway Green Developments,deHoog & Kierulf Architects,On hold,,Residential/Commercial,FALSE,FALSE,FALSE,FALSE,FALSE,TRUE,LEED gold,FALSE,FALSE,,,,,,,48.4288673,-123.3620834,"48° 25' 43.92"" N","123° 21' 43.5"" W",(250) 477-2414,www.gatewaygreen.ca,2006-12-01,2025-03-01
1894,The Station Town Centre,"Proposed development on 207 acres located on the Alaska Hwy near Fort St. John. Project includes a power centre with big box stores over 80 acres. A hotel, truck centre and mixed density residential will comprise the remainder of the development. Estimated cost shown is for phase 1, commercial development portion of project. Phase 1 is fully serviced.",500,,,Commercial,Retail,Retail,8. Northeast,Fort St. John,Monark Group,,Construction started,,Residential/Commercial,FALSE,FALSE,FALSE,FALSE,FALSE,FALSE,,FALSE,FALSE,,,,,2016-Q4,2025-Q4,,,,,(250) 787-8150 (Fort St John City),www.station44.ca,2006-12-01,2025-03-01
1820,Oakridge Centre Redevelopment,"Redevelopment of the Oakridge Mall near 41st St and Cambie, with expansion of the mall that would increase retail space over 300,000 sq ft and office space by 400,000 sq ft . In addition, 2,900 units of residential space in thirteen 6 to 45-storey towers will also be added on the 11 hectare site. Oakridge Public Community Centre and Library are expected to complete in 2024.",1500,,,Commercial,Mixed use,Mixed use - Commercial/Retail/ Industrial/Residential,2. Mainland/Southwest,Vancouver,Westbank/ Quadreal Property Group,Henriquez Partners Architects,Construction started,,Residential/Commercial,FALSE,FALSE,FALSE,FALSE,FALSE,TRUE,LEED gold,FALSE,FALSE,,,,,2021-Q1,2026-Q4,49.233589,-123.117706,"49° 14' 0.92"" N","123° 7' 3.74"" W",(604) 263-2672,www.oakridge2025.ca,2006-09-01,2025-03-01
1811,Victoria Lake Hydro Project,Proposed 9.5 MW hydroelectric run-of-river project located south of Port Alice. This project has been selected in the BC Hydro 2006 call for power.,18,,,Infrastructure,Utilities,Utilities,1. Vancouver Island/Coast,Port Alice,Synex Energy Resources Ltd.,,Proposed,Consultation/Approvals,Utilities (incl sewage treatment),FALSE,FALSE,FALSE,FALSE,FALSE,FALSE,,TRUE,FALSE,,,,,,,,,,,(604) 688-8271,,2006-09-01,2025-03-01
1806,Songhees Creek Hydro Project,Proposed 15 MW hydroelectric run-of-river project located north of Port Hardy on Songhees Creek. This project was selected in the BC Hydro 2006 call for power. Project is registered under the federal ecoENERGY for Renewable Power program.,30,,,Infrastructure,Utilities,Utilities,1. Vancouver Island/Coast,Port Hardy,Songhees Creek Hydro Inc.,,On hold,,Utilities (incl sewage treatment),FALSE,FALSE,FALSE,FALSE,FALSE,FALSE,,TRUE,FALSE,,,,,,,50.76696,-127.62799,"50° 46' 1.06"" N","127° 37' 40.76"" W",(604) 683-8271,,2006-09-01,2025-03-01
1793,Youbou Townsite Development,"Proposed commercial townsite, marina, hotel and 1950 single and multi-family homes on 673 acres near Lake Cowichan. Remediation of a lumber mill site is nearly complete. Public hearing was held in May 2009 and district approval has been granted in Jun 2010. Rezoning application to be submitted for project after a period on hold.",50,,,Residential,Mixed use,Mixed use - Residential/Commercial/Retail/ Industrial,1. Vancouver Island/Coast,Youbou,Chris Clement Group,Hotson Bakker Boniface Haden Architects,Proposed,,Residential/Commercial,FALSE,FALSE,FALSE,FALSE,FALSE,FALSE,,FALSE,FALSE,,,,,,,48.8747597,-124.2087021,"48° 52' 29.13"" N","124° 12' 31.33"" W",(250) 746-2500 (Cowichan Valley Reg'l District),,2006-06-01,2025-03-01
1785,Ocean Grove (Aquattro) Residential Development,"Development of 13 storey condominiums, low-rise 3 to 6 storey condominiums, townhouses, and commercial space on 19.2 ha fronting Esquimalt Lagoon. 88 units have completed in The Ridge waterfront townhomes. New owner has revised plans for the remaining 10 ha of the property with application for 200 additional residential units to total 870 units; 40 percent of the site will remain as green space.",400,,,Residential,Primarily residential - Single use,Residential,1. Vancouver Island/Coast,Colwood,Seacliff Properties Ltd.,,Construction started,,Residential/Commercial,FALSE,FALSE,FALSE,FALSE,FALSE,FALSE,,FALSE,FALSE,,,,,2007-Q3,2025-Q4,48.42122,-123.47343,"48° 25' 16.39"" N","123° 28' 24.35"" W",(250) 391-1966,www.oceangrove.ca,2006-06-01,2025-03-01
1722,Kutcho Mine Project,Proposed copper-zinc-silver-gold deposit development with an expected production capacity of 1 million tonnes/year. Final feasibility study complete late 2007.,483,,Pre-application,Industrial,Mining,Mining,7. Nechako,Dease Lake area,Kutcho Copper Corp.,,On hold,,Mining & Oil & Gas Extraction,FALSE,FALSE,FALSE,FALSE,FALSE,FALSE,,FALSE,FALSE,,,300,230,,,58.205,-128.358,"58° 12' 18"" N","128° 21' 28.8"" W",,,2006-06-01,2025-03-01
1767,Sandhill Aggregate Processing and Export Terminal,"Sand, rock and gravel processing and deep sea export terminal. Project would also include a new access road to Moon Bay Marina. Cascadia land acquisition completed Aug 2006. Initial shipping volume expected at 6 million tonnes in 60-75 DWT vessels. Export terminal is in planning stages. Project may proceed if supported by stakeholder in 2018, followed by 12-18 month preconstruction and 12 month construction phases.",90,,,Industrial,Mining,Mining,6. North Coast,Kitimat,Sandhill Materials Inc.,,On hold,,Mining & Oil & Gas Extraction,FALSE,FALSE,FALSE,FALSE,FALSE,FALSE,,FALSE,FALSE,,,,,,,53.986667,-128.696389,"53°59'12"" N","128°41'47"" W",(250) 764-6144,,2006-06-01,2025-03-01
1787,Stonebridge Village,Proposed new village centre and residences on 140 acres at Hwy 1 and Shawnigan Lake Road. Land is zoned for golf course and residential development.,50,,,Residential,Primarily residential - Single use,Residential/Commercial,1. Vancouver Island/Coast,Mill Bay,Hayworth Communities,,Proposed,Consultation/Approvals,Residential/Commercial,FALSE,FALSE,FALSE,FALSE,FALSE,FALSE,,FALSE,FALSE,,,,,,,48.65853,-123.555832,"48° 39' 30.71"" N","123° 33' 20.99"" W",(250) 478-4431,,2006-06-01,2025-03-01
1675,The Falls Golf and Country Club and Residences,"Development includes golf course, estate lots, golf villas, townhomes and condominium units. The golf course is complete and construction on residential development over 341 acres. Phases include Camden at the Falls, single-family homes and Skyy with 88 condominiums.",70,,,Residential,Primarily residential - Single use,Residential/Commercial,2. Mainland/Southwest,Chilliwack,Aquilini Development,Points West Architecture,Construction started,,Residential/Commercial,FALSE,FALSE,FALSE,FALSE,FALSE,FALSE,,FALSE,FALSE,,,,,2006-Q3,,49.1517715,-121.8081284,"49° 9' 6.38"" N","121° 48' 29.26"" W",(604) 687-8813,live@thefalls.com,2006-03-01,2025-03-01
1644,Pacific Northern Gas Pipeline Looping Project,"Project consists of construction of a new 525 km, 24-inch natural gas pipeline between Summit Lake and Kitimat BC primarily along current pipeline right-of-ways. Project also includes a new compressor station as well as upgrades to existing stations. Pre-application phase under the Environmental Assessment Act has commenced. Geographic coordinates shown indicate project endpoint.",1300,,Pre-application,Industrial,Oil & Gas,Liquefied Natural Gas - Natural Gas Pipeline,6. North Coast,Kitimat To Summit Lake,Pacific Northern Gas Ltd.,,Proposed,Consultation/Approvals,Transportation & Warehousing,FALSE,FALSE,FALSE,FALSE,FALSE,FALSE,,FALSE,FALSE,,,2100,,,,54.033019,-128.685544,"54° 01' 58.87"" N","128° 41' 07.96"" W",(604) 691-5680,www.png.ca/png-looping-project,2006-03-01,2025-03-01
1648,Commercial Development,"Commercial development of approx 140,000 sq ft on a 12.3 ha parcel near the Crown Isle resort. Permits in place.",480,,,Commercial,Retail,Retail,1. Vancouver Island/Coast,Courtenay,CanCorp Properties Ltd.,,Proposed,Permitting,Residential/Commercial,FALSE,FALSE,FALSE,FALSE,FALSE,FALSE,,FALSE,FALSE,,,,,,,49.71613,-124.95317,"49° 42' 58.07"" N","124° 57' 11.41"" W",(604) 241-4400,,2006-03-01,2025-03-01
1695,Norquay Village Neighbourhood Centre,"Neighbourhood located along Kingsway from Gladstone St. to Kilarney Streets. Development will include condominiums, commercial space and public amenities. The project has commenced with residential development at 2392 Kingsway and street improvements. Skyway Towers condominium by Thind Properties Ltd, is located at 2700 Kingsway. The project will include 130-units in 12 and 4 storey buildings, and 9 commercial units. The 12-storey Windsor by Imani Developments is a 126-unit condominium to be built to LEED gold standards.",40,,,Residential,Primarily residential - Single use,Residential,2. Mainland/Southwest,Vancouver,City of Vancouver,,Construction started,,Residential/Commercial,TRUE,FALSE,FALSE,TRUE,FALSE,TRUE,LEED gold,FALSE,FALSE,,,,,2011-Q2,2030-Q4,49.23794,-123.04821,"49° 14' 16.58"" N","123° 2' 53.56"" W",(604) 873-7736,,2006-03-01,2025-03-01
1693,Airport Expansion and Commercial Development,"Airport development that includes terminal upgrades, extending the runway to 1200 m, 12 new hangars and a light industrial area. Request for Proposal (RFP) has been released for clearway extension to runway Aug 2017.",15,,,Infrastructure,Other Transportation,Airport Operations,2. Mainland/Southwest,Sechelt,Yrainucep Development Corp.,,Proposed,,Transportation & Warehousing,TRUE,TRUE,FALSE,FALSE,FALSE,FALSE,,FALSE,FALSE,,,,,,,49.466667,-123.75,"49° 28' 0"" N","123° 45' 0"" W",(604) 885-1986 (District of Sechelt),,2006-03-01,2025-03-01
1680,Great Central Lake Resort Development,"Resort development on 100 acres planned for Great Central Lake near Port Alberni. Plans include a 60-room hotel and cabins, approx 50 single family lots and 25 condominiums, a marine centre and restaurant, and other components. The development permit has been received and site work is currently underway for a 40-lot RV park.",70,,,Residential,Primarily residential - Single use,Residential/Accommodation,1. Vancouver Island/Coast,Port Alberni,Mahoe Properties,,Proposed,Consultation/Approvals,Residential/Commercial,FALSE,FALSE,FALSE,FALSE,FALSE,FALSE,,FALSE,FALSE,,,,,,,49.366667,-125.166667,49°22? N,125°10? W,(250) 479-9800,,2006-03-01,2025-03-01
1714,Highland Valley Centre for Sustainable Waste Management,"Regional landfill proposed on a waste rock and overburden dump at the Highland Valley copper/molybdenum mine, located 20 km east of Logan Lake, with a capacity of 50 million tonnes of municipal solid waste (up to 600,000 tonnes/year) from throughout south-western BC. Certification has been received under the BC Environmental Assessment Act. Project is on hold until mine life is complete. Mine life has been extended to approximately 2028.",1100,,Certified,Infrastructure,Utilities,Sewage Treatment Facilities,3. Thompson-Okanagan,Logan Lake,Highland Valley Copper Corporation,,On hold,,Utilities (incl sewage treatment),FALSE,FALSE,FALSE,FALSE,FALSE,FALSE,,FALSE,FALSE,,,35,38,,,50.485067,-120.583542,"50° 29' 6.24"" N","120° 35' 0.75"" W",(250) 523-2443,,2006-03-01,2025-03-01
1617,Fairmont Hot Springs Golf Course Resort,"Proposed expansion and renovation of the Fairmont resort, to include new hotels and an expansion of the existing hotel, condominium and commercial developments, and expansion of the resort's ski areas, over 25 years. Majority of project is on hold until market conditions improve.",1000,,,Commercial,Accommodation,Resort,4. Kootenay,Invermere area,Fairmont Hot Springs Resort,,On hold,,Residential/Commercial,FALSE,FALSE,FALSE,FALSE,FALSE,FALSE,,FALSE,FALSE,,,,,,,,,,,(250) 345-6070,,2005-12-01,2025-03-01
1600,Lorraine Copper Mine,"Exploration and feasibility reviews underway for a potential copper mine located 280 km northwest of Prince George, BC.",100,,,Industrial,Mining,Mining,7. Nechako,Fort St. James,Sun Metals Corp.,,Proposed,Consultation/Approvals,Mining & Oil & Gas Extraction,FALSE,FALSE,FALSE,FALSE,FALSE,FALSE,,FALSE,FALSE,,,,,,,55.916667,-125.45,55° 55' N,125° 27' W,(604) 683-7790,,2005-12-01,2025-03-01
1603,Crown Mountain Coking Coal Project,Proposed open pit coal mine located approximately 12 km northeast of Sparwood. Exploration has determined an estimated a metallurgical coal resource of 99 million tonnes. Project is in the pre-application stage under the Environmental Assessment Act.,561,,Review,Industrial,Mining,Mining,4. Kootenay,Sparwood,NWP Coal Canada Ltd./ Bathurst Resources,,Proposed,Consultation/Approvals,Mining & Oil & Gas Extraction,FALSE,FALSE,FALSE,FALSE,FALSE,FALSE,,FALSE,FALSE,,,150,240,2025-Q3,2026-Q4,49.802,-114.729,"49° 48' 7.1994"" N","114° 43' 44.3994"" W",(604) 629-8605,,2005-12-01,2025-03-01
1594,Central Saanich Municipal Facilities,"A 20 year master plan for the municipality has identified major municipal facilities requiring upgrades including: Parks and Public Works Yard, Firehall 2 and the Saanich Police Department headquarters.",21,,,Institutional,Government buildings,Public Administration,1. Vancouver Island/Coast,Saanich,District Central Saanich,Omicron Architecture Engineering Construction Ltd.,Proposed,Preliminary/Feasibility,Public Services,TRUE,FALSE,FALSE,TRUE,FALSE,FALSE,,FALSE,FALSE,,,,,,,48.5444717,-123.4450073,"48° 32' 40.1"" N","123° 26' 42.03"" W",(250) 652-4444,,2005-12-01,2025-03-01
1584,Spanish Mountain Copper-Gold Mines,Proposed project located 70 km northeast of Williams Lake is an open pit mine with an expected production rate of 14.6 million tonnes/year and a ten year mine life. Project is in the pre-application phase under the Environmental Assessment Act.,898,,Pre-application,Industrial,Mining,Mining,5. Cariboo,Williams Lake,Spanish Mountain Gold Ltd.,,Proposed,Consultation/Approvals,Mining & Oil & Gas Extraction,FALSE,FALSE,FALSE,FALSE,FALSE,FALSE,,FALSE,TRUE,"Williams Lake , Xat??ll First Nation",,2500,360,,,52.579703,-121.388031,"52° 34' 46.93"" N","121° 23' 16.91"" W",(604) 536-9501,,2005-12-01,2025-03-01
1588,Bralorne Mine/King/ Pioneer Mines,"Development and exploration of three historic mines, Bralorne, King and Pioneer mines. Proponent is continuing exploration program and compiling historical data of the Bralorne District.",100,,,Industrial,Mining,Mining,2. Mainland/Southwest,Gold Bridge,Talisker Resources,,Construction started,,Mining & Oil & Gas Extraction,FALSE,FALSE,FALSE,FALSE,FALSE,FALSE,,FALSE,FALSE,,,,,2011-Q2,2025-Q3,50.927276,-122.849121,"50° 55' 38.19"" N","122° 50' 56.84"" W",(604) 682-3701,,2005-12-01,2025-03-01
1510,Coldstream Meadows Expansion,"Coldstream Meadows Retirement Community at 9104 Mackie Dr. is developing its 23-acre property as a Campus of Care Retirement Community, to provide 100 units of a full range of accommodation, hospitality services and service needs for seniors. Phase 1 includes 56 units and phase 2 with 33 units have completed construction. Amenities and 70 units in phase 3 are on hold. Project design will meet Leadership in Energy and Environmental Design (LEED) standards.",15,,,Residential,Primarily residential - Single use,Residential,3. Thompson-Okanagan,Vernon,Rob Borden,,On hold,,Residential/Commercial,FALSE,FALSE,FALSE,FALSE,FALSE,TRUE,LEED,FALSE,FALSE,,,,,,,50.2199293,-119.2211043,"50° 13' 11.75"" N","119° 13' 15.98"" W",,www.coldstreammeadows.com,2005-09-01,2025-03-01
1465,Orchards Walk,"A 675 unit residential community on 60-acres consisting primarily of single-family homes. Multi-family homes will consist of ground level retail shops with two-storey condominiums. This will be a geothermal energy community, to include a village centre containing a recreation centre and other amenities. Phase 1 through 4, single family dwellings, are complete. The multi-family homes completed phases 5 through 8. Phases include Cortland Park townhomes and Orchards Plaza with 30,000 sq ft of retail space, 191-unit Park Place retirement residence and the Residence at Orchards Walk. Monarch, Cameo, and Tydeman homes are new phases, followed by Braeburn and Cortland Park.",150,,,Residential,Primarily residential - Single use,Residential,3. Thompson-Okanagan,Kamloops,Ovation Development Corp.,,Construction started,,Residential/Commercial,FALSE,FALSE,FALSE,FALSE,FALSE,FALSE,,FALSE,FALSE,,,,,2005-Q4,2025-Q2,50.6715355,-120.2253113,"50° 40' 17.53"" N","120° 13' 31.12"" W",(250) 374-8430,www.orchardswalk.com,2005-09-01,2025-03-01
1501,Harmony Gold Project,"The Harmony property is located on Graham Island, with a potential of 64 million tonnes containing 3 million ounces of gold. Detailed engineering and exploration studies will be required.",50,,,Industrial,Mining,Mining,6. North Coast,Graham Island,JDS Energy & Mining Inc.,,Proposed,,Mining & Oil & Gas Extraction,FALSE,FALSE,FALSE,FALSE,FALSE,FALSE,,FALSE,FALSE,,,,,,,53.514064,-132.397868,"53° 30' 50.63"" N","132° 23' 52.32"" W",(250) 763-6369,,2005-09-01,2025-03-01
1414,Residential Development on Evelyn Drive,"Development of low rise and mid-rise residences on a 20-acre area above the Park Royal North shopping centre on Evelyn Drive. 105 units in phase 1 will include; Cliffside One, Cliffside Two and Three. Four phases of Forest's Edge are completing. Construction continues with Evelyn Homeowner Centre and single family homes.",30,,,Residential,Primarily residential - Single use,Residential,2. Mainland/Southwest,West Vancouver,ONNI Group,"Walter Francl, Nick Milkovich",Construction started,,Residential/Commercial,FALSE,FALSE,FALSE,FALSE,FALSE,FALSE,,FALSE,FALSE,,,,,2012-Q2,,49.32990,-123.13764,"49° 19' 47.64"" N","123° 8' 15.5"" W",(604) 602-7711,www.onni.com/evelyn,2005-06-01,2025-03-01
1418,Westhills Green Neighbourhood,"Long term plans for a 6000-dwelling project above Langford Lake on an 83-ha site to include a shopping centre, a passenger station for the E&N Railway, and a lodge. Project is registered to meet Leadership in Energy and Environmental Design (LEED) standards. This is a pilot project for LEED-ND (neighbourhood design). Website: www.westhillsbc.com. In Spring 2009, construction started with Parkdale Creek followed by Lakeview Ridge. Glenvale. The Paradise Falls neighbourhood will include single family and townhouse units. Project also includes a new YM-YWCA. Lakepoint One has 44 condominiums in a 6-storey building and Lakepoint Two will include 116-units in a 17-storey tower planned for construction in 2019 to 2021.",2000,,,Residential,Primarily residential - Single use,Residential,1. Vancouver Island/Coast,Langford,Westhills Land Corp.,,Construction started,,Residential/Commercial,FALSE,FALSE,FALSE,FALSE,FALSE,TRUE,LEED,FALSE,FALSE,,,,,2009-Q2,2029-Q4,48.4413015,-123.5332239,"48° 26' 28.69"" N","123° 31' 59.61"" W",(250) 388-1141,www.westhillsbc.com,2005-06-01,2025-03-01
1390,Wartenbe Wind Energy Project,"Proposed 70.5 MW wind farm in a location south of the WAC Bennett Dam. The project has been accepted by BC Hydro standing offer program in Mar 2017, and has received certification under the Environmental Assessment Act. The BC Hydro Standing Offer Program (SOP) has been suspended.",140,,Expired,Infrastructure,Utilities,Utilities,8. Northeast,Chetwynd area,Dokie Wind Energy Inc.,,Proposed,,Utilities (incl sewage treatment),FALSE,FALSE,FALSE,FALSE,FALSE,FALSE,,TRUE,FALSE,,,50,9,,,55.698195,-121.629474,"55° 41' 53.5"" N","121° 37' 46.11"" W",(250) 381-1208,,2005-06-01,2025-03-01
1435,Sage Hills University and Residential Community,"Proposed international educational facilities with a private university and kindergarten to Grade 12 academy, to include a world-class sports academy and related residential and commercial development. Located on 2040 acres adjacent to the Inland Highway northwest of Union Bay and south of Courtenay. Initial stages would construct up to 2000 homes. The development will include two 18 hole golf courses. Hotson Bakker Architects have been selected as the Master Planner in Spring 2006. IMG Sports Group has been selected for the golf course and sports facility design. The master plan requires development approval.",1500,,,Institutional,Education,Educational Services,1. Vancouver Island/Coast,Union Bay,Independent Academies Canada Inc.,Hotson Bakker Architects,Proposed,Consultation/Approvals,Public Services,FALSE,FALSE,FALSE,FALSE,FALSE,FALSE,,FALSE,FALSE,,,,,,,49.62419,-124.93354,"49° 37' 27.08"" N","124° 56' 0.74"" W",(250) 381-8997,www.sagehillsbc.com,2005-06-01,2025-03-01
1448,Church Hill Meadows,Development to include approximately 135 units: 92 single family dwellings and 44 townhouses to be completed in 6 phases. Project is on hold.,15,,,Residential,Primarily residential - Single use,Residential,1. Vancouver Island/Coast,Sooke,Seastar Capital Contracting Ltd.,,On hold,,Residential/Commercial,FALSE,FALSE,FALSE,FALSE,FALSE,FALSE,,FALSE,FALSE,,,,,,,48.3855077,-123.7215506,"48° 23' 7.83"" N","123° 43' 17.58"" W",(250) 642-1634 (Sooke District),www.churchhillmeadows.com,2005-06-01,2025-03-01
1460,Adventure Bay Point,"Development to include 300 units (100 strata, 200 apartments) in six 4-storey buildings with common recreation facilities. Lots for single-family homes are in development.",45,,,Residential,Primarily residential - Single use,Residential,3. Thompson-Okanagan,Vernon,Paul Gaskin,,Construction started,,Residential/Commercial,FALSE,FALSE,FALSE,FALSE,FALSE,FALSE,,FALSE,FALSE,,,,,2005-Q2,2025-Q2,50.246817,-119.367914,"50° 14' 48.54"" N","119° 22' 4.49"" W",(250) 550-3575 (Vernon City),www.adventurebayvernon.com,2005-06-01,2025-03-01
1366,Coquihalla Pass Resort,"Proposed ski hill and four-season recreational development 140 km east of Vancouver in the Coquihalla Pass on an approx 200 ha site. Plans include ski lifts, an 18-hole golf course, aquatic centre, spa, conference facilities and approx 2,500 residential units. Currently in pre-application stage under the BC Environmental Assessment Act.",150,,Pre-application,Commercial,Accommodation,Resort,3. Thompson-Okanagan,Merritt,Westscapes Developments,,Proposed,Permitting,Residential/Commercial,FALSE,FALSE,FALSE,FALSE,FALSE,FALSE,,FALSE,FALSE,,,600,1000,,,49.7047,-121.125,"49° 42' 16.92"" N","121° 7' 30"" W",(403) 802-2800,,2005-03-01,2025-03-01
1342,Porteau Cove Residential Development,"Major residential development is proposed for 476 ha on a site that is 4 km south of Furry Creek and 20 km north of Lions Bay. Plans include up to 1,100 units of single and multi-family and mixed use homes, and a commercial area. Plans also include 295 ha of open space.",,,,Residential,Primarily residential - Single use,Residential/Commercial,2. Mainland/Southwest,Furry Creek area,Concord Pacific,,On hold,,Residential/Commercial,FALSE,FALSE,FALSE,FALSE,FALSE,FALSE,,FALSE,FALSE,,,,,,,49.5499992,-123.2332993,"49° 32' 60"" N","123° 13' 59.88"" W",(604) 894-6371 (Squamish-Lillooet Regional District),www.porteaucove.com,2005-03-01,2025-03-01
1361,The Foothills Residential Development,"Proposed 730 home residential development on a 1826 acre site to include single- and multi-family units, a commercial area, golf course and approx 900 acres of parkland and trails. This project has been revised; two of the five parcels in the development have been sold and a new proposal was presented to council Sep 2010.  Project was on hold, but is re-activating, with a subdivision application  currently under review.",75,,,Residential,Primarily residential - Single use,Residential/Commercial,1. Vancouver Island/Coast,Lantzville,Lantzville Foothills Estates Inc,,Proposed,,Residential/Commercial,FALSE,FALSE,FALSE,FALSE,FALSE,FALSE,,FALSE,FALSE,,,,,,,49.232587,-124.093022,49° 13' 57.31'' N,124° 5' 34.88'' W,(250) 390-4006,,2005-03-01,2025-03-01
1372,Sagebrush Golf and Sporting Club,"Development on a 126 ha site to include an 18-hole golf course designed by Richard Zokol and Rod Whitman, a clubhouse, cottages and a lodge. Approval was also received for 36 single-family homes. Golf course is completed.",40,,,Residential,Primarily residential - Single use,Residential/Commercial,3. Thompson-Okanagan,Merritt region,Newmark Group,,Construction started,,Residential/Commercial,FALSE,FALSE,FALSE,FALSE,FALSE,FALSE,,FALSE,FALSE,,,,,2006-Q2,,50.1600609,-120.6494827,"50° 9' 36.22"" N","120° 38' 58.14"" W",1 877 377 8673 (Regional District),www.sagebrushclub.com,2005-03-01,2025-03-01
1324,Juan de Fuca  Power Cable,"Proposed construction of a 550 MW direct current line that would connect Vancouver Island to the Pacific Northwest power grid. The National Energy Board approved the Juan de Fuca cable project in Sep 2006. Environmental permitting and public consultation has completed, and final permitting and technical work is also complete. The project received a presidential permit from the US Department of Energy in Jul 2008 and a certificate of public convenience and necessity from Canada's National Energy Board. Proponent is expected to re-apply for a certificate of public convenience and necessity.",480,,,Infrastructure,Utilities,Utilities,1. Vancouver Island/Coast,Esquimalt,"Sea Breeze Pacific Juan de Fuca Cable, LP",,Proposed,,Utilities (incl sewage treatment),FALSE,FALSE,FALSE,FALSE,FALSE,FALSE,,FALSE,FALSE,,,16,,,,48.45,-123.4167,"48° 27' 0"" N","123° 25' 0.12"" W",(604) 689-2991,,2005-03-01,2025-03-01
1358,Pheasant Glen Resort Development,"Golf Course expansion is complete. Plans for a resort include 225 units, some with quarter ownership, in lodge units, cottages and villas. Phase 1 consists of a clubhouse and a 300-seat conference room and upper floors of accommodation.",50,,,Residential,Primarily residential - Single use,Residential/Accommodation,1. Vancouver Island/Coast,Qualicum Beach,Pheasant Glen,,Proposed,Consultation/Approvals,Residential/Commercial,FALSE,FALSE,FALSE,FALSE,FALSE,FALSE,,FALSE,FALSE,,,,,,,49.3553085,-124.4214935,"49° 21' 19.11"" N","124° 25' 17.38"" W",(250) 752-8786,www.pheasantglen.com,2005-03-01,2025-03-01
1291,Hemlock Valley Mountain Ski Resort Expansion,"Proposed expansion to include additional lifts and ski runs as well as a new village centre, several 35 to 65 room hotels and up to 5,000 housing units. Project has undergone a review of the Master Plan and has received provincial government approval.",1500,,,Commercial,Recreation,Skiing Facilities/Residential,2. Mainland/Southwest,Agassiz,Berezan Management Ltd.,,Proposed,Consultation/Approvals,Other Services,FALSE,FALSE,FALSE,FALSE,FALSE,FALSE,,FALSE,TRUE,Sts'ailes First Nation,Project partner,,,,,49.3798981,-121.9357681,"49° 22' 47.63"" N","121° 56' 8.77"" W",(604) 455-5000,www.hemlockvalleyresort.com,2005-03-01,2025-03-01
1318,Hermann Coal Mine,Proposed open pit coal mine to include mining the Hermann deposits located on four Coal Licenses in the southern portion of the Wolverine property. The estimated production capacity is 1 million tonnes/year with a 5 to 7 year mine life. Project has received approval under the Environmental Assessment Act and will require a Mines Act Permit.,55,,Expired,Industrial,Mining,Mining,8. Northeast,Tumbler Ridge area,Western Canadian Coal Corp,,Proposed,,Mining & Oil & Gas Extraction,FALSE,FALSE,FALSE,FALSE,FALSE,FALSE,,FALSE,FALSE,,,,100,,,55.266598,-120.671582,"55° 15' 59.75"" N","120° 40' 17.7"" W",(604) 608-2692,,2005-03-01,2025-03-01
1260,Downtown Hotel - Residential/Commercial Development,"Proposed development on a 4 acre site to include a 174 room, 32-storey boutique hotel, 17,000 sq ft of conference space and 12,000 sq ft of commercial space located at Bernard Ave, Mill Street, and Queensway. New plan will include 49 luxury residences. Project has received development permit in Feb 2020.",65,,,Commercial,Accommodation,Accommodation/Residential,3. Thompson-Okanagan,Kelowna,Westcorp Properties Inc.,Kasian Kennedy Architecture Inc.,On hold,,Residential/Commercial,FALSE,FALSE,FALSE,FALSE,FALSE,FALSE,,FALSE,FALSE,,,720,300,,,49.8862991,-119.497963,"49° 53' 10.68"" N",119° 29' 52.67 W,(780) 431-3300,,2004-12-01,2025-03-01
1269,Dockside Green Development,"Mixed use development of the 6 ha Dockside Lands site. The development initially planned 1200 housing units, 75,000 sq ft of office and commercial space, a boutique hotel, and an open-air amphitheatre. Biomass heat generating plant and wastewater treatment plant are located on the site. Construction of Phase 1, Synergy (95 units) and Phase 2, Balance (171 units) took place from Spring 2006 to 2009. and have been certified to meet LEED Platinum standards. After a period on hold, Catalyst Community Developments Society is planning 49 affordable units in 2 buildings. Acheson and Madrona are underway.",650,,,Residential,Mixed use,Mixed use - Residential/Commercial/Retail/ Industrial,1. Vancouver Island/Coast,Victoria,Bosa Development Corp.,Busby Perkins + Will,Construction started,,Residential/Commercial,TRUE,TRUE,FALSE,FALSE,FALSE,TRUE,LEED platinum,FALSE,FALSE,,,,,2018-Q3,2027-Q4,48.430924,-123.378342,"48° 25' 51.32"" N","123° 22' 42.03"" W",(250) 361-0382 (Victoria City),www.docksidegreen.com,2004-12-01,2025-03-01
1280,Black Mountain Golf Community,"Major development on 385 acres to include approx 800 units of single-family homes, condominiums, townhouses and quarter share villas to be built in eight phases. Phases and 2 with mixed housing are complete. The Black Mountain Golf Course, an 18-hole course has completed construction. The Tuscan Sun Resort is a hotel which will contain 100-suites, a conference room, restaurant/pub, spa, gym, pool, retail space and underground parking. The Rialto Plaza 1 and 2 include commercial, retail space at ground level and residential units above. The Highlands ridge lots and phases are in Bluesky at Black Mountain. Current phases include phase 8c, phase 2 at Turnberry and the Villas at Greenock.",500,,,Residential,Primarily residential - Single use,Residential/Commercial,3. Thompson-Okanagan,Kelowna,Melcor Developments Ltd.,,Construction started,,Residential/Commercial,FALSE,FALSE,FALSE,FALSE,FALSE,FALSE,,FALSE,FALSE,,,,,2004-Q3,2025-Q4,49.8821,-119.3476,"49° 52' 55.57"" N","119° 20' 51.21"" W",(250) 717-8390,www.blackmountain.ca,2004-12-01,2025-03-01
1227,Spruce Hills Resort and Spa Expansion,Proposed expansion to the 108 Mile Ranch health facility. Plans include 250 housing units and a village which would include a variety of health and wellness services. Rezoning has been approved for Comprehensive Development (CD1).,40,,,Commercial,Accommodation,Accommodation,5. Cariboo,108 Mile,Hills Health and Guest Ranch Ltd.,,Proposed,,Residential/Commercial,FALSE,FALSE,FALSE,FALSE,FALSE,FALSE,,FALSE,FALSE,,,,,,,51.74234,-121.37719,"51° 44' 32.42"" N","121° 22' 37.88"" W",(250) 791-5225,,2004-12-01,2025-03-01
1243,Silverdale Hill Housing Development,"Residential development on 604 ha in the Silverdale area to include housing for up to 30,000 people. First neighbourhood project would include single-family, multi-family and commercial space on 300 acres. Amendment to OCP was approved.by  Council.",400,,,Residential,Primarily residential - Single use,Residential/Commercial,2. Mainland/Southwest,Mission,Genstar Development Co Limited/Madison Group,,Construction started,,Residential/Commercial,FALSE,FALSE,FALSE,FALSE,FALSE,FALSE,,FALSE,FALSE,,,,,2021-Q1,2030-Q4,,,,,(604) 299-4325,,2004-12-01,2025-03-01
1284,Nahwitti Wind Farm,A 100 MW wind farm from 50 turbines located 45 km north of Port Hardy will include 20 km of underground transmission lines and 30 km of access roads. The BC Hydro Standing Offer Program (SOP) has been suspended.,400,,Expired,Infrastructure,Utilities,Utilities,1. Vancouver Island/Coast,Port Hardy,Bridge Power Holdings,,Proposed,,Utilities (incl sewage treatment),FALSE,FALSE,FALSE,FALSE,FALSE,FALSE,,TRUE,TRUE,"Quatsino First Nation, Tlatlasikwala First Nation",Revenue sharing agreement,125,7,,,50.618242,-127.463324,"50° 46' 45.08"" N","128° 1' 51.09"" W",(250) 902-1234,,2004-12-01,2025-03-01
1124,Elk Gold Mine,"Proposed open pit gold mine on a previously mined property 45km southeast of Merritt. Exploration and assessment revealed high-grade gold at the Elk project. Further testing was conducted in Summer 2006 and Fall 2007 field programs, 2010 exploration program, and 2012 to 2014 bulk sampling program with nine areas of gold mineralization identified.",100,,,Industrial,Mining,Mining,3. Thompson-Okanagan,Merritt,Trek Mining,,Proposed,Consultation/Approvals,Mining & Oil & Gas Extraction,FALSE,FALSE,FALSE,FALSE,FALSE,FALSE,,FALSE,FALSE,,,,,,,50.106268,-120.774593,"50° 6' 22.56"" N","120° 46' 28.53"" W",(604) 558-0560,www.almadenminerals.com,2004-06-04,2025-03-01
1159,Morrison Copper-Gold Mine,"Proposed 25,000 tonnes/day ore production for an open pit copper/gold mine 65 km northeast of Smithers and 35 km north of the village of Granisle. Environmental Assessment approval refused.",517,,Refused,Industrial,Mining,Mining,7. Nechako,Granisle,Pacific Booker Minerals Inc.,,On hold,,Mining & Oil & Gas Extraction,FALSE,FALSE,FALSE,FALSE,FALSE,FALSE,,FALSE,FALSE,,,1250,251,,,55.1833,-126.2667,55°11? N,126°16? W,(604) 681-8556,,2004-06-01,2025-03-01
1089,Stewart - Omineca Resource Road,"A private consortium including Tercon Construction Ltd, McElhanney Consulting Services Ltd, and Allcon Consultants Ltd is proposing to build and fund the majority of costs for a 145 km new road connecting the Kemess mine northwest of Prince George with a road north of Hazelton to allow connection to ports and highways for resource goods movement. Project is undergoing environmental studies.",45,,,Infrastructure,Roads & Highways,Transportation,7. Nechako,Kispiox,Tercon Construction Ltd/Consortium,,Proposed,Consultation/Approvals,Transportation & Warehousing,FALSE,FALSE,FALSE,FALSE,FALSE,FALSE,,FALSE,FALSE,,,,,,,,,,,(250) 372-0922,,2004-03-01,2025-03-01
1082,New Polaris Gold Mine,"Reactivation and expansion of a former underground gold mine approx 100 km south of Atlin and 60 km east of Juneau, Alaska. Re-modeling, metallurgical testing and engineering of a portion of the gold resources, necessary for a 65,000 opy high-grade underground gold mine, is underway. A scoping study identified the potential to develop a 65,000 oz/year to 100,000 oz./year high grade, underground gold mine over the next three years. New office and refurbished camp complex now on site. Initial Project Description and public engagement plan approved in Mar 2023.",144,,Early Engagement,Industrial,Mining,Mining,7. Nechako,Atlin,Canagold Resources,,Proposed,Preliminary/Feasibility,Mining & Oil & Gas Extraction,FALSE,FALSE,FALSE,FALSE,FALSE,FALSE,,FALSE,FALSE,,,,,,,58.701,-133.63334,"58° 42' 3.6"" N","133° 38' 0.02"" W",(604) 685-9700,www.canarc.net,2004-03-01,2025-03-01
1074,Galore Creek Gold/Silver/ Copper Mine,"The proposed project is located 145 km northwest of Stewart. The mine will have a processing rate of 65,000 TPD. Concentrate would be shipped out through the port of Stewart and power would be supplied via the BC hydro grid. Project is on care and maintenance.",5160,,Certified,Industrial,Mining,Mining,6. North Coast,Iskut,NovaGold Resources Inc./Teck Resources,,On hold,,Mining & Oil & Gas Extraction,FALSE,FALSE,FALSE,FALSE,FALSE,FALSE,,FALSE,TRUE,"Tahltan Band Council, Iskut Band Council, Tahltan Central Council",,1000,525,,,57.13,-131.47,"57° 7' 48"" N","131° 28' 12"" W",(604) 669-6227,www.novagold.net,2004-03-01,2025-03-01
1080,Schaft Creek Porphyry Copper-Gold Mine,"Project covers the Schaft Creek area and is located 25 km northeast of the Galore Creek mine proposal (see separate entry). The production capacity of the proposed open pit mine is expected at up to 100,000 tonnes/day with a mine life a 20 years. Pre-feasibility study has revealed three deposit zones called Main, West Breccia and Paramount. The application has been withdrawn from BC Environmental Assessment process while the project undergoes substantial changes to the Project Summary. Resource modelling on the deposit is expected to complete in Q4 of 2016.",2900,,Withdrawn,Industrial,Mining,Mining,6. North Coast,Iskut,Copper Fox Metals/ Teck Resources,,Proposed,Consultation/Approvals,Mining & Oil & Gas Extraction,FALSE,FALSE,FALSE,FALSE,FALSE,FALSE,,FALSE,TRUE,"Tahltan Central Council, Tahltan Band Council, Iskut Band Council",,2100,700,,,57.367833,-130.98025,"57° 22' 4.2"" N","130° 58' 48.9"" W",(604) 689-5080,www.copperfoxmetals.com,2004-03-01,2025-03-01
1033,Newport Beach (Squamish Oceanfront) Development,"Development of downtown of Squamish to include former BC Rail lands transferred to the City Nov 2003. This 60 acre brownfield site (which also has 44 acres of water lot) is a planned sustainable community with an urban public open space, 6,500 residences and a commercial component. The first phase will include an education facility with a renewable energy research and development centre.",38,,,Residential,Mixed use,Mixed use - Residential/Commercial/Retail/ Industrial,2. Mainland/Southwest,Squamish,Cornerstone Developments,,Construction started,,Residential/Commercial,TRUE,FALSE,FALSE,TRUE,FALSE,FALSE,,FALSE,TRUE,Squamish First Nation,Project partner,2300,,2017-Q2,2024-Q3,49.68944,-123.16061,"49° 41' 21.98"" N","123° 9' 38.2"" W",(604) 815-5002,www.newportbeachsquamish.ca,2003-12-01,2025-03-01
1027,Pacific Institute for Sports Excellence (PISE) - Camosun College,"Sports complex to be constructed in 2 phases. Phase 1 ($27.7M) included a double gymnasium with seating and portable stage, sport medicine and sport science centres, fitness and wellness studios, food services, lit all-weather turf field, and 4 volleyball courts has completed. Phase 2 includes 125-bed student athlete residences and a 5,000-seat stadium, which is now on hold pending funding. A 400 m, four lane track and a 500 seat bleacher will be added to the turf field..",42,,,Institutional,Education,Educational Services,1. Vancouver Island/Coast,Victoria,Pacific Sport and Camosun College,Cannon Design,Construction started,,Public Services,TRUE,FALSE,FALSE,FALSE,TRUE,TRUE,LEED,FALSE,FALSE,,,,420,2007-Q1,,48.4465294,-123.3219299,"48° 26' 47.51"" N","123° 19' 18.95"" W",(250) 370-3602,,2003-12-01,2025-03-01
989,River District (formerly East Fraserlands) Development,"130 acre community bordered by the Fraser River, Marine Way, Boundary Rd and Kerr St. A comprehensive neighbourhood plan includes 7,000 units in 25-storey residential towers, low-rise townhouses, and a commercial core with a community centre, parks and public open space. The Official Development Plan was adopted in Nov 2006. New Water will be the first phase with 157 units in 2 towers, followed by Shoreline waterfront apartments and R+R 99-unit condominiums. Currents at Water's Edge is a 143 unit mid-rise condominium built by Polygon Homes and Fraser Flats with 269-units is by Wesgroup.",4000,,,Residential,Mixed use,Mixed use - Residential/Commercial/Retail/ Industrial,2. Mainland/Southwest,Vancouver,Polygon Homes/Parklane Homes,GBL Architects,Construction started,,Residential/Commercial,FALSE,FALSE,FALSE,FALSE,FALSE,TRUE,LEED,FALSE,FALSE,,,,,2011-Q4,2032-Q4,49.2065,-123.0329,"49° 12' 23.4"" N","123° 1' 58.44"" W",(604) 873-7276 (Vancouver City),www.riverdistrict.ca,2003-09-01,2025-03-01
1009,Spuzzum Creek Power Project,"Run-of-river power project near Boston Bar to generate 29 MW of electricity. The project was selected on Sep 26, 2003 for an electricity purchase agreement under a BC Hydro call for green energy proposals.",45,,,Infrastructure,Utilities,Utilities,2. Mainland/Southwest,Boston Bar,Renewable Energy Developers,,On hold,,Utilities (incl sewage treatment),FALSE,FALSE,FALSE,FALSE,FALSE,FALSE,,TRUE,FALSE,,,,,,,49.6664009,-121.4189987,"49° 39' 59.04"" N","121° 25' 8.4"" W",(416) 943-8099,,2003-09-01,2025-03-01
869,Ucona River Hydroelectric Project,Proposed 35 MW run-of-river hydroelectric power project on the Ucona River near Gold River which includes a 2.5 km tunnel. The project is on hold.,52,,,Infrastructure,Utilities,Utilities,1. Vancouver Island/Coast,Gold River,Ucona River Joint Venture,,On hold,,Utilities (incl sewage treatment),FALSE,FALSE,FALSE,FALSE,FALSE,FALSE,,TRUE,FALSE,,,,,,,,,,,(905) 363-4200,,2003-03-01,2025-03-01
867,Ryan River Hydro Project,"Proposed 145 MW run-of-river hydroelectric power project on the Ryan River approx 7 km north of Pemberton is a joint venture between Ryan River Power and Regional Power Inc. Project is under consideration in the BC Hydro 2008 Clean Power Call Request for Proposal (RFP), and is in the pre-application phase of the Environmental Assessment Act.",273,,Pre-application,Infrastructure,Utilities,Utilities,2. Mainland/Southwest,Pemberton,Ryan River Joint Venture,,Proposed,Consultation/Approvals,Utilities (incl sewage treatment),FALSE,FALSE,FALSE,FALSE,FALSE,FALSE,,TRUE,FALSE,,,240,4,,,50.446389,-122.954444,"50°26'47"" N","122°57'16"" W",(905) 363-4200,,2003-03-01,2025-03-01
864,Kitsault River and Homestake Creek Hydro Project,14.5 MW hydro facility on the Kitsault River and Homestake Creek. Construction of the 30 km access road complete. Project is shovel ready but on hold until power purchase agreement can be secured.,21,,,Infrastructure,Utilities,Utilities,6. North Coast,Alice Arm,Kitsault Hydroelectric Corp.,,On hold,,Utilities (incl sewage treatment),FALSE,FALSE,FALSE,FALSE,FALSE,FALSE,,TRUE,FALSE,,,,,,,55.49439,-129.48734,"55° 29' 39.8"" N","129° 29' 14.42"" W",(604) 270-8811,,2003-03-01,2025-03-01
863,Roberts Bank Container Expansion Program Terminal 2,"Led by the Vancouver Fraser Port Authority, the Project is a container expansion program at Roberts Bank consisting of a single project to create a 2.4 million TEU terminal. Terminal 2 is a proposed greenfield container terminal at Roberts Bank, located adjacent to the existing GCT Deltaport container terminal. The project has been approved in federal environmental assessment.",3500,,Certified,Infrastructure,Other Transportation,Port and Harbour Facilities,2. Mainland/Southwest,Delta,Vancouver Fraser Port Authority,,Proposed,Consultation/Approvals,Transportation & Warehousing,FALSE,FALSE,FALSE,FALSE,FALSE,FALSE,,FALSE,FALSE,,,15000,9200,2027-Q4,2033-Q4,49.018567,-123.184258,"49° 1' 6.84"" N","123° 11' 3.33"" W",(604) 665-9000,www.robertsbankterminal2.com/,2002-12-01,2025-03-01
847,Bayview Residential Development,"Development of 5 buildings in Songhees including 3 residential towers, 10- , 11- and 13-storeys, and series of townhouses totalling 597 units. Bayview One is the first building to complete construction, a 143-units condominium in 11-storeys at 100 Saghalie Rd. Tower 2, 21-storey Promontory by Bosa Properties has 177 units is complete. Tower 3, 17-storey Encore has completed construction. Aquara seniors residence is on Parcel A. The fourth tower is 25-storey E&N Building with 183 units. The restoration of the historic Roundhouse portion (ID #2151) of the site will include additional commercial space. The 5-storey Bayview Place seniors residence is approved for construction in phase 4.",1000,,,Residential,Primarily residential - Single use,Residential,1. Vancouver Island/Coast,Victoria,Bayview Properties/ Bosa Properties,,Construction started,,Residential/Commercial,FALSE,FALSE,FALSE,FALSE,FALSE,TRUE,LEED,FALSE,FALSE,,,,,2006-Q3,2025-Q4,48.4287531,-123.3795748,"48° 25' 43.51"" N","123° 22' 46.47"" W",(250) 388-9924,www.bayviewresidences.com,2002-12-01,2025-03-01
831,Campbell Heights Business Park,"Project comprises approx 798 ha (1,971 acres) of land located south of 44 Ave, east of 186 St, north of 18 Ave and west of the Surrey/Langley border (196 St). The plan includes high-technology, research, office and business park. In the 105 ha phase 1, Construction on Corporate Images' 200,000 sq ft building completed in Mar 2005. Linmark building finished in Sep 05, Flynn Canada completed Oct 05. Trimetal finished Dec 05. Environmental studies required for the development of 80 ha in phase 2. Developed to the Green Building code, 16,000 sq ft by the Beedie Group is complete in Summer 2009. Development of Campbell Heights east will be ongoing. 250 acres has been released in Campbell Heights north, planned as a clean energy and technology hub. Loblaws has completed a 420,000 sq ft distribution centre, OK Tire, Advanced Wire Products and Tulsa Winch Group occupy an additional 100,000 sq ft. Beedie Group is developing a 50 acre parcel. Hopewell plans 200,000 sq ft in four buildings. Walmart Distribution Centre completed in 2021. Sunmark Business Centre  located at 18750 28 Ave is a 190,000 sq ft complex on 7.5 acres completed in Late 2022. South Campbell Heights area is an area south of 20th Ave that will add up to 400 acres of industrial development.",200,,,Commercial,Other Commercial,Commercial/Industrial,2. Mainland/Southwest,Surrey,Campbell Heights Group,,Construction started,,Residential/Commercial,FALSE,FALSE,FALSE,FALSE,FALSE,FALSE,,FALSE,FALSE,,,,,2004-Q3,2030-Q4,49.0820389,-122.6514435,"49° 4' 55.34"" N","122° 39' 5.2"" W",(604) 687-1520,,2002-09-01,2025-03-01
857,Blackstone Resort Development,"A maximum of 1,484 equivalent residential units. Single- and multi-family residential and accommodation development, condominium hotels, 120-room hotel and conference centre, mixed use residential, a clubhouse, 4.7 acre spa and wellness centre, 1.9 acre entertainment centre, recreation amenities, and a 2 acre commercial development. A resort-oriented 18-hole golf course and driving range, designed by the Greg Norman Group, with a mixed commercial use and accommodation clubhouse will also be built. Part of the area is rezoned; however an additional area is being included in a rezoning application. Golf course financing of $34 million, ground was broken to start on the golf course Nov 2005. First phase of the residential portion is owned and being constructed by Montane Developments Ltd.",200,,,Commercial,Accommodation,Resort/Residential,4. Kootenay,Fernie,Montane Developments Ltd.,,Construction started,,Residential/Commercial,FALSE,FALSE,FALSE,FALSE,FALSE,FALSE,,FALSE,FALSE,,,,,2014-Q4,,49.4904442,-115.0606842,"49° 29' 25.6"" N","115° 3' 38.46"" W",(250) 423-4136,www.montanefernie.ca,2002-09-01,2025-03-01
833,Village at Fraser Mills,"Phased development includes 5,000 units of mixed housing including low rise and high rise buildings and 190,000 sq ft of retail space and 100,000 sq ft of office space and a BCIT training campus. An amendment to the Official Community Plan approved in Mar 2007. Development permit application has been submitted for a 22-storey highrise, 7 and 10 storey commercial/residential buildings, a 3-storey commercial building, and a pier. Two industrial buildings of 117,961 sq ft will initiate the first phase of construction. Changes to the master plan include the addition of 1,000 residential units and an aquatic centre. Debut will be a 36-storey condominium with 318 units, and Encore is the second tower of the project. Chapter will have 173-units in a 6-storey condominium.",600,,,Residential,Primarily residential - Single use,Residential/Commercial,2. Mainland/Southwest,Coquitlam,Beedie Group,Hotson Bakker Boniface Haden Architects,Proposed,,Residential/Commercial,FALSE,FALSE,FALSE,FALSE,FALSE,FALSE,,FALSE,FALSE,,,,,2025-Q2,2030-Q4,49.22472,-122.8208084,"49° 13' 28.99"" N","122° 49' 14.91"" W",(604) 435-3321,www.villageatfrasermills.com,2002-09-01,2025-03-01
829,Lougheed Highway Business Park,"A 215 acre business park is in development on the former CP Rail land to be built in 2 to 3 phases. Phase 1 is a 250,000 sq ft Western Grocers distribution centre which completed in Fall 2004. 65 acres is for intermodal warehouse distributor facilities. Infrastructure work for the site is complete.",35,,,Commercial,Warehousing,General Warehousing and Storage,2. Mainland/Southwest,Pitt Meadows,Canadian Pacific,,Construction started,,Transportation & Warehousing,FALSE,FALSE,FALSE,FALSE,FALSE,FALSE,,FALSE,FALSE,,,,,2003-Q4,,49.2345619,-122.6991348,"49° 14' 4.42"" N","122° 41' 56.89"" W",(604) 465-5454 (Pitt Meadows),,2002-09-01,2025-03-01
819,NaiKun Wind Power Project,"Proposed 396 MW wind power project on the Queen Charlotte Islands. A detailed transmission study is completed and approval obtained to investigate use of the seabed for anchoring the towers. Permits have been obtained from Provincial and Federal governments to do seismic tests, wind tests and environmental studies; also obtained is a written permit from the Council of the Haida Nation. Project received Environmental Assessment Act certification and Federal approval. Project requires electricity purchase agreement in place to proceed.",2400,,Extended,Infrastructure,Utilities,Utilities,6. North Coast,Masset Area,Nai Kun Wind Development Inc./ABB New Ventures,,On hold,,Utilities (incl sewage treatment),FALSE,FALSE,FALSE,FALSE,FALSE,FALSE,,TRUE,TRUE,Council of the Haida Nation,,381,60,,,53.926986,-131.473389,"53° 55' 37.15"" N","131° 28' 24.2"" W",(604) 639-8460,www.naikun.ca,2002-06-01,2025-03-01
771,Turtle Mountain Residential Development,"Development on Turtle Mountain located west of the city to include 315 units of single-family homes. Phases 1 and 2 have been completed, phase 3 is underway.",60,,,Residential,Primarily residential - Single use,Residential,3. Thompson-Okanagan,Vernon,Wesbild Holdings Ltd.,,Construction started,,Residential/Commercial,FALSE,FALSE,FALSE,FALSE,FALSE,FALSE,,FALSE,FALSE,,,,,2006-Q3,,50.2720861,-119.2908061,"50° 16' 19.51"" N","119° 17' 26.9"" W",(604) 694-8800,www.turtlemountainvernon.com,2001-09-01,2025-03-01
752,Eagle Ranch Golf Resort,"A lodge of 20 condo suites (60,000 sq ft) and approx 300 recreational condo units (300,000 sq ft) will be constructed in several phases. The clubhouse started construction in Summer 2004. Phase 1: lodge, pool, fitness facility, and food services, as well as condo units around the Windermere Valley Golf Course. Construction on the condominium suites completed. The recreational condominiums are upcoming phases.",20,,,Commercial,Accommodation,Resort,4. Kootenay,Windermere,Stone Creek Properties Inc.,Marshall & Associates,Construction started,,Residential/Commercial,FALSE,FALSE,FALSE,FALSE,FALSE,FALSE,,FALSE,FALSE,,,,,2004-Q3,,50.4754715,-115.9454803,"50° 28' 31.7"" N","115° 56' 43.73"" W",(403) 802-3600,,2001-06-01,2025-03-01
723,Seymour Creek Village,"Proposed 430,000 sq ft of commercial and retail development over 12 ha. One of the big box retail outlets will be 116,000 sq ft. Pre-development agreement with tentative retailers include Home Depot, Best Buy, Office Depot and Michaels. Project in development stage and has been approved by band council and members. The development will be constructed in four stages.",100,,,Commercial,Retail,Retail,2. Mainland/Southwest,North Vancouver,Squamish Nation/Kingswood Capital Corp./Progressive Properties,Urban Design Group Architects,Proposed,Consultation/Approvals,Residential/Commercial,FALSE,FALSE,FALSE,FALSE,FALSE,FALSE,,FALSE,TRUE,Squamish Nation,Project partner,,,,,49.3107643,-123.023315,"49° 18' 38.75"" N","123° 1' 23.94"" W",(604) 980-4553,,2001-03-01,2025-03-01
713,Log Creek Water Power  Project,Proposed run-of-river hydroelectric project approx 15 km northwest of Boston Bar in the Nahatlatch River watershed. Project has a 40-year EPA with BC Hydro and has undergone advanced environmental and engineering studies. Development timeline under review.,20,,,Infrastructure,Utilities,Utilities,2. Mainland/Southwest,Boston Bar,Altagas Ltd.,,Proposed,Preliminary/Feasibility,Utilities (incl sewage treatment),FALSE,FALSE,FALSE,FALSE,FALSE,FALSE,,TRUE,FALSE,,,15,1,,,49.938936,-121.545868,"49° 56' 20.17""
N","121° 32' 45.12"" W",(604) 623-4750,,2000-12-01,2025-03-01
649,Canoe Mountain Resort Developments,"Development proposals near the Village of Valemount include a gondola ($11-12 million), resort (possibly condos, hotel), golf courses, private residences at Canoe Mountain and a nearby guest ranch. Development to be undertaken in four phases and completed over 12 to 20 years, depending on the market. Phase 1 would include the gondola, a hotel and a 9-hole golf course, and would be complete in 3 to 5 years. Project has gone through changes made to the OCP. The Master Plan was approved. Land clearing began in Spring 2004 and infrastructure in place by Summer 2007.",100,,,Commercial,Accommodation,Resort,5. Cariboo,Valemount,Sunrise International Inc.,,On hold,,Residential/Commercial,FALSE,FALSE,FALSE,FALSE,FALSE,FALSE,,FALSE,FALSE,,,300,165,,,52.82083,-119.26700,"52° 49' 14.99"" N","119° 16' 1.2"" W",(780) 963-9292,www.canoemountainresorts.com,2000-03-01,2025-03-01
581,Crystal Mountain Ski Resort Expansion,"Proposed 3,800-bed ski hill development to include a hotel, townhouses, single-family dwellings and condos, 18-hole golf course, day lodge, restaurants, and conference centre. Proposal includes 11 new ski lifts. Project has all provincial approvals. Regional District of Central Okanagan review required.",125,,,Commercial,Recreation,Skiing Facilities,3. Thompson-Okanagan,West Kelowna,Pheidias Project Management,,On hold,,Other Services,FALSE,FALSE,FALSE,FALSE,FALSE,FALSE,,FALSE,FALSE,,,3000,1000,,,49.84685,-119.66875,"49° 50' 48.66"" N","119° 40' 7.5"" W",(250) 768-5189,www.crystalresort.com,1999-06-01,2025-03-01
576,Predator Ridge Golf Resort Development,"New resort community near Vernon which includes an expansion to the existing golf course (completed - 27 holes), 51 golf-cottages, a town centre, and 2,120 housing units (single- and multi-family). Construction is on 400 acres of a 1,200 acre site. Phase 1, a 237 unit single- and multi-family subdivision and phases 2 and 3, each of which included 27 units have completed. A road development south of Predator Ridge, Longspoon Drive, provides access to Longspoon Ridge neighbourhood witch has 3 phases completed. Vista Crest is a 13 lot phase released in Falcon Point. The Doug Carrick designed course named the Ridge Course completed in Summer 2010. Longspoon Ridge phase contains single family homes and Whitetail phase brings the development to 650 homes. The Triangle Lands will include 211 single family and townhouse units. Semi-detached homes are under development in Havencrest phase.",500,,,Residential,Primarily residential - Single use,Residential/Commercial,3. Thompson-Okanagan,Vernon,Predator Ridge Developments Ltd.,The Hulbert Group,Construction started,,Residential/Commercial,FALSE,FALSE,FALSE,FALSE,FALSE,FALSE,,FALSE,FALSE,,,,,1999-Q3,2030-Q4,50.1882133,-119.3892365,"50° 11' 17.57"" N","119° 23' 21.25"" W",(250) 503-1739,www.predatorridge.com,1999-06-01,2025-03-01
557,Revelstoke Mountain Ski Resort,"All-season ski resort near Revelstoke with 25 lifts, 100 ski and snowboard trails, and 16,000 beds to be built in five phases. The $100 million Phase 1 will include the construction of 5 chairlifts and 300 to 400 units of housing.  Approx 369 acres of private land at the base is slated to have an 18-hole golf course, a commercial development, and a residential development to include 556 single-family homes, 834 townhomes, 1,471 condominiums and several hotels. The $22 million gondola and chairlift opened in Dec 2007. Phase 2 is underway with expansion of employee housing, a hotel, and golf course developed by Northland Properties/Cabot Pacific. Raven townhomes are completing Late 2024.",1000,,,Commercial,Recreation,Skiing Facilities,3. Thompson-Okanagan,Revelstoke,Revelstoke Mountain Resorts Ltd.,Raymond Letkeman Architects,Construction started,,Other Services,FALSE,FALSE,FALSE,FALSE,FALSE,FALSE,,FALSE,FALSE,,,1300,1400,2007-Q2,2025-Q4,50.9781685,-118.1665421,"50° 58' 41.41"" N","118° 9' 59.55"" W",(250) 426-1743 (Integrated Land Management Bureau),www.skirevelstoke.com,1999-03-01,2025-03-01
523,Bonanza Ledge Mine,"Mine with 3,000 tonnes/day gold ore (300 t/d from underground operations) 82 km east of Quesnel. Bulk sampling has been conducted previously at the site. Barkerville Gold Mines Ltd received exploration drill permits for the Bonanza Ledge Zone on Barkerville Mountain. Site preparation is underway, including a gravel access road which is complete. Project has received a Mines Act permit.",60,,,Industrial,Mining,Mining,5. Cariboo,Quesnel,Barkerville Gold Mines Ltd.,,Proposed,Tender/Preconstruction,Mining & Oil & Gas Extraction,FALSE,FALSE,FALSE,FALSE,FALSE,FALSE,,FALSE,FALSE,,,90,,,,53.071361,-121.544722,"53°4'16.9"" N","121°32'41.0"" W",(604) 669-6463,,1999-03-01,2025-03-01
550,Lakeview Estates (Lakewood Neighbourhood),"400,000 sq ft townhouse, condominium and single-family development containing 923 units, 17,500 sq ft of commercial space, and park and school space at 1220 Parkdale Dr. Construction has completed on 135 residential units. Property sold to Associated Building Credits.",50,,,Residential,Primarily residential - Single use,Residential/Commercial,1. Vancouver Island/Coast,Langford,Associated Building Credits,,Proposed,,Residential/Commercial,FALSE,FALSE,FALSE,FALSE,FALSE,FALSE,,FALSE,FALSE,,,,,,2026-Q4,48.4402837,-123.5304766,"48° 26' 25.02"" N","123° 31' 49.72"" W",(250) 383-9281,,1999-03-01,2025-03-01
514,Elk Park Ranch Housing Development,"Development includes 50-room hotel, 250 housing units, a large recreational vehicle park, swimming pool, mini-golf and water park. Infrastructure for housing is complete. Boundary expansion of 81 ha was approved.",60,,,Commercial,Accommodation,Accommodation/Residential,4. Kootenay,Radium,Schickedanz Bros. Ltd.,,Construction started,,Residential/Commercial,FALSE,FALSE,FALSE,FALSE,FALSE,FALSE,,FALSE,FALSE,,,,,2010-Q4,,50.62586,-116.07059,"50° 37' 33.1"" N","116° 4' 14.12"" W",(403) 239-1952,www.elkparkranch.com,1998-12-01,2025-03-01
509,Cascade Heritage Power Park,"Proposed 25 MW hydroelectric generating facility, enough to power 13,750 homes, along the Kettle River near Christina Lake on a former site of a small hydroelectric plant. The new plant will include a museum and walking trails. Project certification received under the Environmental Assessment Act has expired. Project is on hold, seeking funding partners.",24,,Expired,Infrastructure,Utilities,Utilities,4. Kootenay,Grand Forks,Powerhouse Developments Inc.,,On hold,,Utilities (incl sewage treatment),FALSE,FALSE,FALSE,FALSE,FALSE,FALSE,,FALSE,FALSE,,,,,,,49.03872,-118.21130,"49° 2' 19.39"" N","118° 12' 40.68"" W",(604) 689-2991,,1998-12-01,2025-03-01
422,Harbourside Business Park,"Project includes an auto mall of 13 tenants, a light-industrial business park, and a hotel and shopping area on 27 ha of waterfront land that was formerly occupied by Fullerton sawmill. Phase 1, two buildings of approx 35,000 sq ft, are completed. A private high school of approx 63,000 sq ft was completed in Sep 2003. Construction on the Clark Ford and Regency Nissan buildings completed in early 2005. Construction of the 80,000 sq ft Sinclair Dental Supplies building, completed in late 2005. Phase 2 of the site is being considered for a hotel, retail development, marina and 450-unit condominiums. Rezoning on all 4 phases of project have been approved.",110,,,Commercial,Mixed use,Mixed use - Commercial/Retail/ Industrial/Residential,2. Mainland/Southwest,North Vancouver,Concert Properties Ltd.,,Construction started,,Residential/Commercial,FALSE,FALSE,FALSE,FALSE,FALSE,FALSE,,FALSE,FALSE,,,4000,,2000-Q2,2026-Q4,49.313836,-123.0975561,"49° 18' 49.81"" N","123° 5' 51.2"" W",(604) 688-9460,www.concertproperties.com,1998-06-01,2025-03-01
394,Kicking Horse Ski Resort Expansion,"Expansion of existing ski resort with upgrades to facilities. The phased development will include six ski lifts, a gondola, commercial development, 440 rooms in three hotels, 150 chalet units, 300 townhomes and 65 detached homes. The 51 unit Mountaineer Lodge, 46 unit Palliser Lodge, and the Glacier Lodge have completed. The Black Bear Lodge with commercial space was cancelled. The Aspens, a 60-unit townhouse project, and the Cache Neighbourhood have completed construction. Semi-detached homes are currently under construction. The upgraded Dawn Mountain Nordic Centre opened in Mar 2012. A Thomas McBroom golf course is planned for this site.",200,,,Commercial,Recreation,Skiing Facilities,3. Thompson-Okanagan,Golden,Golden Peaks Resort Inc.,,Construction started,,Other Services,FALSE,FALSE,FALSE,FALSE,FALSE,FALSE,,FALSE,FALSE,,,500,500,2000-Q2,2040-Q4,51.2974625,-117.0443344,"51° 17' 50.87"" N","117° 2' 39.6"" W",(250) 439-5425,www.kickinghorseresort.com,1998-03-01,2025-03-01
393,Kimberley Ski Resort Expansion,"Ski resort expansion to include upgrades to existing facilities and additional accommodation with construction of an Alpine village in phases. An 80-room Marriott Hotel (renamed Trickle Creek Lodge), 69-unit Mountain Spirit and Polaris Lodge, with skier services and accommodation, are complete. Conference and Athletic Training Centre. 469 residential units have completed, with 212 additional units planned. Dreamcatcher and Stemwinder Dr developments include single-family lots that are being built as the market demands.",200,,,Commercial,Recreation,Skiing Facilities,4. Kootenay,Kimberley region,Resorts of the Canadian Rockies,,Construction started,,Other Services,FALSE,FALSE,FALSE,FALSE,FALSE,FALSE,,FALSE,FALSE,,,,,1998-Q4,2026-Q4,49.6867104,-116.0016327,"49° 41' 12.16"" N","116° 0' 5.88"" W",(403) 254-7669,,1998-03-01,2025-03-01
267,Wilden Development,"Development of 2,800 housing units made up of single-family homes, townhouses, row houses including some 3- to 4-storey apartment buildings, 10,000 sq ft of convenience commercial areas, an elementary school and parks.  Located between Glenmore and Clifton Roads. Total area is 720 ha. Phase 1 includes 450 single-family and 200 townhome units and is nearing completion.  Phase 2 includes 1,200 single-family and multi-family units and is under construction.  Phase 2 will eventually include a school and a mixed-use village centre. Phase 2E, Rocky Point includes 82 single-family lots which were completed in the fall of 2015.  Phase 2F, Forest Edge includes 63 single-family lots which will be complete and available in the fall of 2016. Rezoning for the balance of the property is not yet complete.",2100,,,Residential,Primarily residential - Single use,Residential,3. Thompson-Okanagan,Kelowna,Blenk Development Corp.,Ekistics Town Planning Inc.,Construction started,,Residential/Commercial,FALSE,FALSE,FALSE,FALSE,FALSE,FALSE,,FALSE,FALSE,,,,,2002-Q3,2030-Q4,49.93045,-119.46156,"49° 55' 49.62"" N","119° 27' 41.62"" W",(604) 739-7526 (Ekistics),,1998-03-01,2025-03-01
315,Kenney Dam Cold Water Release Facility,Project to protect salmon on the Nechako River through either a cold water release facility (Kenney Dam) or other environmental enhancements. Project is dependant on a power purchase agreement.,275,,,Infrastructure,Utilities,Utilities,7. Nechako,Vanderhoof,,,Proposed,Preliminary/Feasibility,Utilities (incl sewage treatment),FALSE,FALSE,FALSE,FALSE,FALSE,FALSE,,FALSE,TRUE,Cheslatta Carrier Nations,,,,,,53.566667,-124.95,53°34?0? N,124°57?0? W,(604) 257-1400,,1997-12-01,2025-03-01
302,New Prosperity Gold-Copper Project,Proposed development of a large gold/copper deposit 125 km SW of Williams Lake (192 km by road). An estimated resource containing 13.3 million oz of gold and 5.3 billion lbs of copper. Construction of a 125 km power transmission line and access roads will be included in the project. Pre-feasibility study was completed by Kilborn Engineering Pacific Ltd.,1000,,Certified,Industrial,Mining,Mining,5. Cariboo,Williams Lake,Taseko Mines Ltd.,,On hold,,Mining & Oil & Gas Extraction,FALSE,FALSE,FALSE,FALSE,FALSE,FALSE,,FALSE,FALSE,,,700,650,,,51.466667,-123.616667,51°28‘ N,123°37‘ W,(778) 373-4533,www.newprosperityproject.ca,1997-12-01,2025-03-01
7,Royal Bay Housing Development,"Multi-phase (2,800 homes) development on 250 ha site on Metchosin Rd over 20 years. Phase 1 consists of approximately 650 residential units on 92 ha (227 acres) spread over a number of individual developments and featuring single family homes, townhomes, parks and walkways. Phase 2 includes an additional 1,500 residential units, some units in the Hatley, Delora and The Woods subdivisions are complete with construction ongoing in The Woods and The Bluffs. Project will include an 800,000 sq ft of mixed use town centre called The Commons, a secondary school (completed), parks, trails and playing fields. New phases include 50 single family homes and an 83-unit townhouse complex called the Coral. Eliza at Royal Bay and Bella Park will be 4-storey condominiums.",150,,,Residential,Primarily residential - Single use,Residential,1. Vancouver Island/Coast,Colwood,British Columbia Investment Management Corporation,,Construction started,,Residential/Commercial,FALSE,FALSE,FALSE,FALSE,FALSE,FALSE,,FALSE,FALSE,,,,,2000-Q1,2025-Q2,48.40869,-123.48495,"48° 24' 31.28"" N","123° 29' 5.82"" W",(250) 478-8311,,1997-12-01,2025-03-01
12,CFB Esquimalt Projects,"Activity on projects includes: Hazardous Materials Facility ($14.53), and the Firehall and Operations Centre ($23.5 million) are complete. The Modernization of the Fleet Maintenance Facility ($500 million) is a program to transform 38 maintenance shops into one facility, phased over 5 years. A 500 m utility corridor ($19.7 million) includes 5 access structures for maintenance. Improvements include repair of caisson ($4 million), and security upgrades across CFB Esquimalt ($11 million). Replacement of Jetties A and B ($1.1 billion) includes supporting infrastructure. Demolition and rebuilding of B jetty has completed with construction ongoing towards the completion of A jetty.",1635,,,Institutional,Government buildings,Public Administration,1. Vancouver Island/Coast,Esquimalt,Department of Defense,,Construction started,,Public Services,TRUE,FALSE,TRUE,FALSE,FALSE,FALSE,,FALSE,FALSE,,,1300,,1999-Q1,2031-Q4,48.4304008,-123.4319992,"48° 25' 49.44"" N","123° 25' 55.2"" W",(250) 363-7928,,1997-12-01,2025-03-01
145,False Creek North Hotel,"Proposed 30-storey, 300,000 sq ft hotel at the Plaza of Nations site on False Creek at 750 Pacific Blvd. Hotel would include 457-rooms, restaurants, convention space. Project has been revised and is currently under review.",60,,,Commercial,Accommodation,Accommodation/Commercial,2. Mainland/Southwest,Vancouver,Canadian Metropolitan Properties Ltd.,Architectura,Proposed,Consultation/Approvals,Residential/Commercial,FALSE,FALSE,FALSE,FALSE,FALSE,FALSE,,FALSE,FALSE,,,,,,,49.2763901,-123.1094894,"49° 16' 35"" N","123° 6' 34.16"" W",(604) 682-0777,,1997-12-01,2025-03-01
270,Tower Ranch Golf Resort,"Project includes championship golf course, country club, hotel, 800 unit residential development and village centre. Clubhouse and Thomas Broom-designed golf course are complete. Dilworth Homes built 238 single-family units, with the model homes include Solstice and Uplands phases. Sage Water and Kuipers Peak townhomes and the Peregrine are multi-family homes.",1000,,,Residential,Primarily residential - Single use,Residential/Accommodation,3. Thompson-Okanagan,Kelowna,Parkbridge Homes,,Construction started,,Residential/Commercial,FALSE,FALSE,FALSE,FALSE,FALSE,FALSE,,FALSE,FALSE,,,,,2007-Q2,2025-Q4,49.9122963,-119.342926,"49° 54' 44.27"" N","119° 20' 34.53"" W",(604) 594-1335,,1997-12-01,2025-03-01
282,Sun Rivers Community,"Development of a country club, residential units, school, and retail and commercial space on a 460 acre site near Hwy 16. The project will eventually contain 2,500 single- and multi-family residential units, with eight phases in total. An 18-hole golf course and a driving range are complete. Development of Phase 1 of the single-family units: The Fairways, a 9-townhouse unit, and the Sagewood are complete. Construction of the Mariposa, Rosewood and Trillium are complete. Development of Talasa, by the Cambri Development Group, will include 450 multi-residential units, a 20,000 sq ft recreation centre and a retail village square. Lowrise buildings Navarro, Alamar, and Paloma have completed. Future phases of a long-term care home and 600 units of mixed housing are planned on the  remaining parcels.",450,,,Residential,Mixed use,Mixed use - Residential/Commercial/Retail/ Industrial,3. Thompson-Okanagan,Kamloops,Sun Rivers Development Corp.,,Construction started,,Residential/Commercial,FALSE,FALSE,FALSE,FALSE,FALSE,FALSE,,FALSE,FALSE,,,,,1997-Q4,2030-Q4,50.6883278,-120.2978439,"50° 41' 17.98"" N","120° 17' 52.24"" W",(250) 828-9989,www.sunrivers.com,1997-12-01,2025-03-01
283,Big White Ski Resort Expansion,"Long-term program of ongoing ski hill developments, including a license to build up to 22,000 bed units; presently there are approx 13,500 bed units available. Construction in the 2004/2005 season included 250 single- and multi-family condo units ($100 million sale value), two new chair lifts, terrain changes, and new grooming machines. Firelights development has been discontinued; The Edge condominium completed in 2011. Renovations and improvements to nine ski runs have now expanded to fourteen. Included in the project is the now completed, $7-million Snow Ghost Express chairlift. Construction on the Powder chair ($3.9 million) and expansion of runs and trails took place in 2018.  Upgrades to sewer and infrastructure are planned. New residential projects include Black Forest Residences ($60 million) and the Blackhawk and Wildwood residences ($58 million).",250,,,Commercial,Recreation,Skiing Facilities,3. Thompson-Okanagan,Kelowna,Big White Ski Resort Ltd.,,Construction started,,Other Services,FALSE,FALSE,FALSE,FALSE,FALSE,FALSE,,FALSE,FALSE,,,,,,2025-Q1,49.8793793,-119.3960876,"49° 52' 45.77"" N","119° 23' 45.92"" W",(250) 765-3101,www.bigwhite.com,1997-12-01,2025-03-01
322,Iskut (Bronson Slope) Copper/Gold/Silver/Molybdenum Mine,"Proposed copper, gold, silver and molybdenum mine in the Iskut Valley north of Stewart. Exploration continues with a drilling program in 2020.",175,,Withdrawn,Industrial,Mining,Mining,6. North Coast,Stewart region,Seabridge Gold Inc.,,Proposed,,Mining & Oil & Gas Extraction,FALSE,FALSE,FALSE,FALSE,FALSE,FALSE,,FALSE,FALSE,,,,,,,56.770788,-130.924072,"56° 46' 14.84"" N","130° 55' 26.66"" W",(416) 367-9292,,1997-12-01,2025-03-01
119,Garibaldi at Squamish Ski Resort,"Proposed all-season mountain resort in the Brohm Ridge region of Mount Garibaldi, adjacent to Garibaldi Provincial Park and the community of Squamish. The resort will be built in 4 phases with the resort capacity reaching 17,538 by 2040. Garibaldi at Squamish Inc. (GAS) is composed of principals Aquilini Investment Group and Northland Properties.",3500,,Certified,Commercial,Recreation,Skiing Facilities/Residential,2. Mainland/Southwest,Squamish,Garibaldi at Squamish Inc.,,Proposed,Consultation/Approvals,Other Services,FALSE,FALSE,FALSE,FALSE,FALSE,FALSE,,FALSE,TRUE,Squamish Nation,Project site is on traditional territory.,13232,2463,2025-Q4,2040-Q4,49.833333,-123.116667,"49°50'00"" N","123°07'00"" W",(604) 687-8813,www.garibaldiatsquamish.com,1997-09-01,2025-03-01
292,Fernie Alpine Resort,"Long-term program for construction of ski resort facilities. The resort centre, express quad lift, and a number of facilities and accommodations are completed. Residential phase is the Timber Landing subdivision. The sewage treatment plant has been rebuilt. Bear Paw Lodge, Snow Creek cabins and Polar Peak Lodges are complete. New development will occur after infrastructure planning is completed. Estimated capital cost is over 10 years.",250,,,Commercial,Recreation,Skiing Facilities,4. Kootenay,Fernie,Resorts of the Canadian Rockies,,Construction started,,Other Services,FALSE,FALSE,FALSE,FALSE,FALSE,FALSE,,FALSE,FALSE,,,,,1998-Q2,,49.4614487,-115.0846176,"49° 27' 41.22"" N","115° 5' 4.62"" W",(250) 256-8473,,1997-09-01,2025-03-01
