Propriétaire de l’installation,Nom du site,Adresse du site,Municipalité du site,Secteur,District,Contaminant,Type de dépassement,Date du début du dépassement,Date de la fin du dépassement,Limite du contaminant,Unité du contaminant,Fréquence de la limite,Nombre de dépassements,Minimum de la quantité,Maximum de la quantité,Mesure prise par l’installation,Mesure prise par le ministère
Bigwin Island Golf Club,Bigwin Island Golf Club,1137 - 2 Old Highway 117,Lake of Bays,Miscellaneous Communal,Barrie,CARBONACEOUS BIOCHEMICAL OXYGEN DEMAND,Approval / Permit Non-Compliance,05/01/2022,05/31/2022,10,mg/L,mon avg,1,11,11,Additional Monitoring Underway,Assessment Underway
Bigwin Island Golf Club,Bigwin Island Golf Club,1137 - 2 Old Highway 117,Lake of Bays,Miscellaneous Communal,Barrie,CARBONACEOUS BIOCHEMICAL OXYGEN DEMAND,Approval / Permit Non-Compliance,06/01/2022,06/30/2022,10,mg/L,mon avg,1,38,38,Additional Monitoring Underway,Assessment Underway
Bigwin Island Golf Club,Bigwin Island Golf Club,1137 - 2 Old Highway 117,Lake of Bays,Miscellaneous Communal,Barrie,TOTAL SUSPENDED SOLIDS,Approval / Permit Non-Compliance,06/01/2022,06/30/2022,10,mg/L,mon avg,1,16,16,Additional Monitoring Underway,Assessment Underway
Bigwin Island Golf Club,Bigwin Island Golf Club,1137 - 2 Old Highway 117,Lake of Bays,Miscellaneous Communal,Barrie,TOTAL SUSPENDED SOLIDS,Approval / Permit Non-Compliance,07/01/2022,07/31/2022,10,mg/L,mon avg,1,11.5,11.5,Additional Monitoring Underway,Assessment Underway
Bigwin Island Golf Club,Bigwin Island Golf Club,1137 - 2 Old Highway 117,Lake of Bays,Miscellaneous Communal,Barrie,TOTAL SUSPENDED SOLIDS,Approval / Permit Non-Compliance,08/01/2022,08/31/2022,10,mg/L,mon avg,1,23.2,23.2,Additional Monitoring Underway,Assessment Underway
CLEARVIEW,Creemore Water Pollution Control Plant,"83 MARY ST, CREEMORE",Clearview,Municipal Sewage,Barrie,ESCHERICHIA COLI,Approval / Permit Non-Compliance,03/01/2022,03/31/2022,200,CT/100mL,mon avg. on a geo. mean density,1,611,611,Equipment Modified/Repaired,Event Resolved
CLEARVIEW,Creemore Water Pollution Control Plant,"83 MARY ST, CREEMORE",Clearview,Municipal Sewage,Barrie,TOTAL AMMONIA NITROGEN,Approval / Permit Non-Compliance,03/01/2022,03/31/2022,10,mg/L,mon avg,1,290.2,290.2,Equipment Modified/Repaired,Event Resolved
CLEARVIEW,Creemore Water Pollution Control Plant,"83 MARY ST, CREEMORE",Clearview,Municipal Sewage,Barrie,TOTAL SUSPENDED SOLIDS,Approval / Permit Non-Compliance,03/01/2022,03/31/2022,10,mg/L,mon avg,1,18.6,18.6,Equipment Modified/Repaired,Voluntary Abatement Program Underway
CLEARVIEW,Creemore Water Pollution Control Plant,"83 MARY ST, CREEMORE",Clearview,Municipal Sewage,Barrie,"PHOSPHORUS, TOTAL",Approval / Permit Non-Compliance,03/01/2022,03/31/2022,0.28,kg/d,mon avg,1,0.32,0.32,Equipment Modified/Repaired,Event Resolved
CLEARVIEW,Creemore Water Pollution Control Plant,"83 MARY ST, CREEMORE",Clearview,Municipal Sewage,Barrie,TOTAL AMMONIA NITROGEN,Approval / Permit Non-Compliance,03/01/2022,03/31/2022,14,kg/d,mon avg,1,68.7,68.7,Equipment Modified/Repaired,Event Resolved
CLEARVIEW,Creemore Water Pollution Control Plant,"83 MARY ST, CREEMORE",Clearview,Municipal Sewage,Barrie,"PHOSPHORUS, TOTAL",Approval / Permit Non-Compliance,03/01/2022,03/31/2022,0.2,mg/L,mon avg,1,1.29,1.29,Equipment Modified/Repaired,Voluntary Abatement Program Underway
CLEARVIEW,Creemore Water Pollution Control Plant,"83 MARY ST, CREEMORE",Clearview,Municipal Sewage,Barrie,"PHOSPHORUS, TOTAL",Approval / Permit Non-Compliance,04/01/2022,04/30/2022,0.2,mg/L,mon avg,1,0.55,0.55,Conducting Study,Voluntary Abatement Program Underway
CLEARVIEW,Creemore Water Pollution Control Plant,"83 MARY ST, CREEMORE",Clearview,Municipal Sewage,Barrie,TOTAL AMMONIA NITROGEN,Approval / Permit Non-Compliance,06/01/2022,06/30/2022,2,mg/L,mon avg,1,4,4,Training Procedure Change,Event Resolved
CLEARVIEW,Creemore Water Pollution Control Plant,"83 MARY ST, CREEMORE",Clearview,Municipal Sewage,Barrie,TOTAL AMMONIA NITROGEN,Approval / Permit Non-Compliance,07/01/2022,07/31/2022,2,mg/L,mon avg,1,6.33,6.33,Training Procedure Change,Voluntary Abatement Program Underway
CLEARVIEW,Creemore Water Pollution Control Plant,"83 MARY ST, CREEMORE",Clearview,Municipal Sewage,Barrie,TOTAL AMMONIA NITROGEN,Approval / Permit Non-Compliance,12/01/2022,12/31/2022,4,mg/L,mon avg,1,6.15,6.15,New Equipment Installed,Voluntary Abatement Program Underway
CLEARVIEW,Stayner Water Pollution Control Plant,"300 MOWAT ST N, CLEARVIEW",Clearview,Municipal Sewage,Barrie,CARBONACEOUS BIOCHEMICAL OXYGEN DEMAND,Approval / Permit Non-Compliance,03/01/2022,03/31/2022,10,mg/L,mon avg,1,10.8,10.8,Operational Process Modified,Voluntary Abatement Program Underway
CLEARVIEW,Stayner Water Pollution Control Plant,"300 MOWAT ST N, CLEARVIEW",Clearview,Municipal Sewage,Barrie,FLOW,Approval / Permit Non-Compliance,06/02/2022,06/05/2022,630, m³/d,/d,4,"1,526","4,267",Training Procedure Change,Event Resolved
CLEARVIEW,Stayner Water Pollution Control Plant,"300 MOWAT ST N, CLEARVIEW",Clearview,Municipal Sewage,Barrie,TOTAL AMMONIA NITROGEN,Approval / Permit Non-Compliance,12/01/2022,12/31/2022,4,mg/L,mon avg,1,5.24,5.24,Resolved w/o Actions Required,Event Resolved
COLLINGWOOD,Collingwood Water Pollution Control Plant,"3 BIRCH ST, COLLINGWOOD, ON L9Y 2T8",Collingwood,Municipal Sewage,Barrie,ESCHERICHIA COLI,Approval / Permit Non-Compliance,11/01/2022,11/30/2022,200,CT/100mL,mon avg. on a geo. mean density,1,288,288,Resolved w/o Actions Required,Event Resolved
ESSA,Angus Water Pollution Control Plant,"143 CENTRE ST, ANGUS",Essa,Municipal Sewage,Barrie,ESCHERICHIA COLI,Approval / Permit Non-Compliance,02/01/2022,02/28/2022,200,CT/100mL,mon avg. on a geo. mean density,1,9000,9000,Equipment Modified/Repaired,Voluntary Abatement Program Underway
ESSA,Angus Water Pollution Control Plant,"143 CENTRE ST, ANGUS",Essa,Municipal Sewage,Barrie,TOTAL SUSPENDED SOLIDS,Approval / Permit Non-Compliance,02/01/2022,02/28/2022,55,kg/d,mon avg,1,71.876,71.876,Equipment Modified/Repaired,Voluntary Abatement Program Underway
ESSA,Angus Water Pollution Control Plant,"143 CENTRE ST, ANGUS",Essa,Municipal Sewage,Barrie,"PHOSPHORUS, TOTAL",Approval / Permit Non-Compliance,02/01/2022,02/28/2022,0.3,mg/L,mon avg,1,0.31,0.31,Equipment Modified/Repaired,Voluntary Abatement Program Underway
ESSA,Angus Water Pollution Control Plant,"143 CENTRE ST, ANGUS",Essa,Municipal Sewage,Barrie,TOTAL SUSPENDED SOLIDS,Approval / Permit Non-Compliance,02/01/2022,02/28/2022,10,mg/L,mon avg,1,20.86,20.86,Equipment Modified/Repaired,Voluntary Abatement Program Underway
ESSA,Angus Water Pollution Control Plant,"143 CENTRE ST, ANGUS",Essa,Municipal Sewage,Barrie,"PHOSPHORUS, TOTAL",Approval / Permit Non-Compliance,05/01/2022,05/31/2022,0.3,mg/L,mon avg,1,0.315,0.315,Equipment Modified/Repaired,Voluntary Abatement Program Underway
GULLWING LAKE PARK,Gullwing Lake Park,"1025 Gullwing Lake Road, Torrance",Muskoka Lakes,Miscellaneous Communal,Barrie,TOTAL SUSPENDED SOLIDS,Approval / Permit Non-Compliance,06/01/2022,06/30/2022,10,mg/L,mon avg,3,27,27,Operational Process Modified,Voluntary Abatement Program Underway
GULLWING LAKE PARK,Gullwing Lake Park,"1025 Gullwing Lake Road, Torrance",Muskoka Lakes,Miscellaneous Communal,Barrie,TOTAL SUSPENDED SOLIDS,Approval / Permit Non-Compliance,06/01/2022,06/30/2022,10,mg/L,mon avg,1,27,27,Operational Process Modified,Voluntary Abatement Program Underway
GULLWING LAKE PARK,Gullwing Lake Park,"1025 Gullwing Lake Road, Torrance",Muskoka Lakes,Miscellaneous Communal,Barrie,"PHOSPHORUS, TOTAL",Approval / Permit Non-Compliance,06/01/2022,06/30/2022,3,mg/L,mon avg,1,3.07,3.07,Operational Process Modified,Voluntary Abatement Program Underway
GULLWING LAKE PARK,Gullwing Lake Park,"1025 Gullwing Lake Road, Torrance",Muskoka Lakes,Miscellaneous Communal,Barrie,TOTAL SUSPENDED SOLIDS,Approval / Permit Non-Compliance,07/01/2022,07/31/2022,10,mg/L,mon avg,1,23,23,Operational Process Modified,Voluntary Abatement Program Underway
GULLWING LAKE PARK,Gullwing Lake Park,"1025 Gullwing Lake Road, Torrance",Muskoka Lakes,Miscellaneous Communal,Barrie,TOTAL AMMONIA NITROGEN,Approval / Permit Non-Compliance,08/01/2022,08/31/2022,3,mg/L,mon avg,1,9.2,9.2,Operational Process Modified,Voluntary Abatement Program Underway
GULLWING LAKE PARK,Gullwing Lake Park,"1025 Gullwing Lake Road, Torrance",Muskoka Lakes,Miscellaneous Communal,Barrie,TOTAL SUSPENDED SOLIDS,Approval / Permit Non-Compliance,09/01/2022,09/30/2022,10,mg/L,mon avg,1,10.2,10.2,Operational Process Modified,Voluntary Abatement Program Underway
INNSERVICES UTILITIES INC.,Cookstown WPCP,1315 Victoria St,Innisfil,Municipal Sewage,Barrie,TOTAL AMMONIA NITROGEN,Approval / Permit Non-Compliance,04/01/2022,04/30/2022,4,mg/L,mon avg,1,4.15,4.15,None Required,Assessment Complete - No Action Required
Killam Investments Inc.,Silver Creek Estates Mobile Home Park,1292 Carlyon Line,Severn,Miscellaneous Communal,Barrie,TOTAL AMMONIA NITROGEN,Approval / Permit Non-Compliance,09/01/2022,09/30/2022,2.4,mg/L,mon avg,1,2.58,2.58,None Required,Assessment Complete - No Action Required
TRG-KFH (Lakeside) Inc.,Legacy Cottages,1040 JUDDHAVEN RD,Muskoka Lakes,Miscellaneous Communal,Barrie,"PHOSPHORUS, TOTAL",Approval / Permit Non-Compliance,02/01/2022,02/28/2022,1,mg/L,mon avg,1,1.31,1.31,Resolved w/o Actions Required,Voluntary Abatement Program Underway
TRG-KFH (Lakeside) Inc.,Legacy Cottages,1040 JUDDHAVEN RD,Muskoka Lakes,Miscellaneous Communal,Barrie,"PHOSPHORUS, TOTAL",Approval / Permit Non-Compliance,05/01/2022,05/31/2022,1,mg/L,mon avg,1,1.03,1.03,Equipment Modified/Repaired,Voluntary Abatement Program Underway
TRG-KFH (Lakeside) Inc.,Legacy Cottages,1040 JUDDHAVEN RD,Muskoka Lakes,Miscellaneous Communal,Barrie,"PHOSPHORUS, TOTAL",Approval / Permit Non-Compliance,06/01/2022,06/30/2022,1,mg/L,mon avg,1,1.1,1.1,Equipment Modified/Repaired,Voluntary Abatement Program Underway
TRG-KFH (Lakeside) Inc.,Legacy Cottages,1040 JUDDHAVEN RD,Muskoka Lakes,Miscellaneous Communal,Barrie,"PHOSPHORUS, TOTAL",Approval / Permit Non-Compliance,07/01/2022,07/31/2022,1,mg/L,mon avg,1,2.7,2.7,Equipment Modified/Repaired,Voluntary Abatement Program Underway
TRG-KFH (Lakeside) Inc.,Legacy Cottages,1040 JUDDHAVEN RD,Muskoka Lakes,Miscellaneous Communal,Barrie,"PHOSPHORUS, TOTAL",Approval / Permit Non-Compliance,08/01/2022,08/31/2022,1,mg/L,mon avg,1,4.79,4.79,Equipment Modified/Repaired,Voluntary Abatement Program Underway
TRG-KFH (Lakeside) Inc.,Legacy Cottages,1040 JUDDHAVEN RD,Muskoka Lakes,Miscellaneous Communal,Barrie,TOTAL SUSPENDED SOLIDS,Approval / Permit Non-Compliance,08/01/2022,08/31/2022,20,mg/L,mon avg,1,27,27,Equipment Modified/Repaired,Voluntary Abatement Program Underway
TRG-KFH (Lakeside) Inc.,Legacy Cottages,1040 JUDDHAVEN RD,Muskoka Lakes,Miscellaneous Communal,Barrie,"PHOSPHORUS, TOTAL",Approval / Permit Non-Compliance,09/01/2022,09/30/2022,1,mg/L,mon avg,1,2.56,2.56,Equipment Modified/Repaired,Voluntary Abatement Program Underway
TRG-KFH (Lakeside) Inc.,Legacy Cottages,1040 JUDDHAVEN RD,Muskoka Lakes,Miscellaneous Communal,Barrie,TOTAL SUSPENDED SOLIDS,Approval / Permit Non-Compliance,09/01/2022,09/30/2022,20,mg/L,mon avg,1,22,22,Equipment Modified/Repaired,Voluntary Abatement Program Underway
SPRINGWATER,Elmvale Water Pollution Control Plant,"LOT:4, CONCESSION:10, GEOTOWNSHIP:FLOS",Springwater,Municipal Sewage,Barrie,TOTAL SUSPENDED SOLIDS,Approval / Permit Non-Compliance,01/01/2022,12/31/2022,5,mg/L,/annum,1,7.65,7.65,New Equipment Installed,Voluntary Abatement Program Underway
SPRINGWATER,Elmvale Water Pollution Control Plant,"LOT:4, CONCESSION:10, GEOTOWNSHIP:FLOS",Springwater,Municipal Sewage,Barrie,"PHOSPHORUS, TOTAL",Approval / Permit Non-Compliance,07/01/2022,07/31/2022,0.17,mg/L,mon avg,1,0.228,0.228,Equipment Modified/Repaired,Voluntary Abatement Program Underway
SPRINGWATER,Elmvale Water Pollution Control Plant,"LOT:4, CONCESSION:10, GEOTOWNSHIP:FLOS",Springwater,Municipal Sewage,Barrie,"PHOSPHORUS, TOTAL",Approval / Permit Non-Compliance,08/01/2022,08/31/2022,0.17,mg/L,mon avg,1,0.21,0.21,Equipment Modified/Repaired,Voluntary Abatement Program Underway
SPRINGWATER,Snow Valley Environmental Centre,"15 ALPINE TR, MINESING",Springwater,Municipal Sewage,Barrie,TOTAL AMMONIA NITROGEN,Approval / Permit Non-Compliance,01/01/2022,12/31/2022,7,mg/L,annual avg,1,8.37,8.37,Operational Process Modified,Voluntary Abatement Program Underway
The Corporation of the Township of Springwater,Stonemanor Wastewater Treatment Plant,3168 DOBSON RD E,Springwater,Municipal Sewage,Barrie,TOTAL AMMONIA NITROGEN,Approval / Permit Non-Compliance,05/01/2022,05/31/2022,4.2,mg/L,mon avg,1,4.97,4.97,Equipment Modified/Repaired,Voluntary Abatement Program Underway
The Corporation of the Township of Springwater,Stonemanor Wastewater Treatment Plant,3168 DOBSON RD E,Springwater,Municipal Sewage,Barrie,CARBONACEOUS BIOCHEMICAL OXYGEN DEMAND,Approval / Permit Non-Compliance,12/01/2022,12/31/2022,15,mg/L,mon avg,1,15.5,15.5,Additional Monitoring Underway,Voluntary Abatement Program Underway
The Corporation of the Township of Springwater,Stonemanor Wastewater Treatment Plant,3168 DOBSON RD E,Springwater,Municipal Sewage,Barrie,TOTAL AMMONIA NITROGEN,Approval / Permit Non-Compliance,12/01/2022,12/31/2022,4.2,mg/L,mon avg,1,5.21,5.21,Additional Monitoring Underway,Voluntary Abatement Program Underway
TAY,Victoria Harbour Water Pollution Control Plant,"158 INDUSTRIAL RD,",Tay,Municipal Sewage,Barrie,TOTAL SUSPENDED SOLIDS,Approval / Permit Non-Compliance,04/01/2022,04/30/2022,15,mg/L,mon avg,1,20.4,20.4,Equipment Modified/Repaired,Event Resolved
TAY,Victoria Harbour Water Pollution Control Plant,"158 INDUSTRIAL RD,",Tay,Municipal Sewage,Barrie,ESCHERICHIA COLI,Approval / Permit Non-Compliance,04/01/2022,04/30/2022,200,CT/100mL,mon avg. on a geo. mean density,1,344,344,Equipment Modified/Repaired,Event Resolved
TAY,Victoria Harbour Water Pollution Control Plant,"158 INDUSTRIAL RD,",Tay,Municipal Sewage,Barrie,CARBONACEOUS BIOCHEMICAL OXYGEN DEMAND,Approval / Permit Non-Compliance,04/01/2022,04/30/2022,15,mg/L,mon avg,1,18.1,18.1,Equipment Modified/Repaired,Event Resolved
The Rosseau Resort Developments Inc. - Niagara Resorts (Muskoka) Inc.,Red Leaves Rousseau Resort," Part of Lots 24 and 25, Concession: 11, 12",Muskoka Lakes,Miscellaneous Communal,Barrie,TOTAL AMMONIA NITROGEN,Approval / Permit Non-Compliance,05/01/2022,05/31/2022,2.5,mg/L,mon avg,1,5.71,5.71,Equipment Modified - Repaired - Replaced or Re-calibrated,Assessment Complete - Incident Resolved
The Rosseau Resort Developments Inc. - Niagara Resorts (Muskoka) Inc.,Red Leaves Rousseau Resort," Part of Lots 24 and 25, Concession: 11, 12",Muskoka Lakes,Miscellaneous Communal,Barrie,TOTAL AMMONIA NITROGEN,Approval / Permit Non-Compliance,08/01/2022,08/31/2022,2.5,mg/L,mon avg,1,5.57,5.57,Equipment Modified - Repaired - Replaced or Re-calibrated,Assessment Complete - Incident Resolved
The Rosseau Resort Developments Inc. - Niagara Resorts (Muskoka) Inc.,Red Leaves Rousseau Resort," Part of Lots 24 and 25, Concession: 11, 12",Muskoka Lakes,Miscellaneous Communal,Barrie,TOTAL AMMONIA NITROGEN,Approval / Permit Non-Compliance,09/01/2022,09/30/2022,2.5,mg/L,mon avg,1,4.63,4.63,Equipment Modified - Repaired - Replaced or Re-calibrated,Assessment Complete - Incident Resolved
TOUCHSTONE RESORT ON LAKE MUSKOKA,TOUCHSTONE RESORT,"1869 MUSKOKA RD 118 W, BRACEBRIDGE",Muskoka Lakes,Miscellaneous Communal,Barrie,TOTAL SUSPENDED SOLIDS,Approval / Permit Non-Compliance,11/01/2022,11/30/2022,10,mg/L,mon avg,1,11.7,11.7,Resolved w/o Actions Required,Event Resolved
WASAGA BEACH,Wasaga Beach Water Pollution Control Plant,"30 WOODLAND DR, WASAGA BEACH, ON L9Z 2V5",Wasaga Beach,Municipal Sewage,Barrie,TOTAL AMMONIA NITROGEN,Approval / Permit Non-Compliance,01/26/2022,01/26/2022,5,mg/L,/d,1,6.9,6.9,Operational Process Modified,Other Action Taken
WASAGA BEACH,Wasaga Beach Water Pollution Control Plant,"30 WOODLAND DR, WASAGA BEACH, ON L9Z 2V5",Wasaga Beach,Municipal Sewage,Barrie,"PHOSPHORUS, TOTAL",Approval / Permit Non-Compliance,02/01/2022,02/28/2022,0,mg/L,mon avg,1,0.43,0.43,Operational Process Modified,Other Action Taken
WASAGA BEACH,Wasaga Beach Water Pollution Control Plant,"30 WOODLAND DR, WASAGA BEACH, ON L9Z 2V5",Wasaga Beach,Municipal Sewage,Barrie,TOTAL AMMONIA NITROGEN,Approval / Permit Non-Compliance,02/02/2022,02/02/2022,5,mg/L,/d,1,6.3,6.3,Operational Process Modified,Other Action Taken
WASAGA BEACH,Wasaga Beach Water Pollution Control Plant,"30 WOODLAND DR, WASAGA BEACH, ON L9Z 2V5",Wasaga Beach,Municipal Sewage,Barrie,"PHOSPHORUS, TOTAL",Approval / Permit Non-Compliance,03/01/2022,03/31/2022,0,mg/L,mon avg,1,0.5,0.5,Operational Process Modified,Other Action Taken
WASAGA BEACH,Wasaga Beach Water Pollution Control Plant,"30 WOODLAND DR, WASAGA BEACH, ON L9Z 2V5",Wasaga Beach,Municipal Sewage,Barrie,"PHOSPHORUS, TOTAL",Approval / Permit Non-Compliance,03/01/2022,03/31/2022,3,kg/d,mon avg,1,4.017,4.017,Operational Process Modified,Other Action Taken
WASAGA BEACH,Wasaga Beach Water Pollution Control Plant,"30 WOODLAND DR, WASAGA BEACH, ON L9Z 2V5",Wasaga Beach,Municipal Sewage,Barrie,"PHOSPHORUS, TOTAL",Approval / Permit Non-Compliance,04/01/2022,04/30/2022,0,mg/L,mon avg,1,0.24,0.24,Operational Process Modified,Other Action Taken
WASAGA BEACH,Wasaga Beach Water Pollution Control Plant,"30 WOODLAND DR, WASAGA BEACH, ON L9Z 2V5",Wasaga Beach,Municipal Sewage,Barrie,"PHOSPHORUS, TOTAL",Approval / Permit Non-Compliance,08/01/2022,08/31/2022,0,mg/L,mon avg,1,0.21,0.21,Operational Process Modified,Event Resolved
The Regional Municipality of Halton,Georgetown Wastewater Treatment Plant,275 MOUNTAINVIEW RD S,Halton Hills,Municipal Sewage,Halton-Peel,"PHOSPHORUS, TOTAL",Approval / Permit Non-Compliance,02/01/2022,02/28/2022,6.8,kg/d,mon avg,1,8.9,8.9,None Required,Assessment Complete - No Action Required
The Regional Municipality of Halton,Georgetown Wastewater Treatment Plant,275 MOUNTAINVIEW RD S,Halton Hills,Municipal Sewage,Halton-Peel,"PHOSPHORUS, TOTAL",Approval / Permit Non-Compliance,02/01/2022,02/28/2022,0.3,mg/L,mon avg,1,0.57,0.57,None Required,Assessment Complete - No Action Required
The Regional Municipality of Halton,Georgetown Wastewater Treatment Plant,275 MOUNTAINVIEW RD S,Halton Hills,Municipal Sewage,Halton-Peel,TOTAL SUSPENDED SOLIDS,Approval / Permit Non-Compliance,02/01/2022,02/28/2022,113.6,kg/d,mon avg,1,218.7,218.7,None Required,Assessment Complete - No Action Required
The Regional Municipality of Halton,Georgetown Wastewater Treatment Plant,275 MOUNTAINVIEW RD S,Halton Hills,Municipal Sewage,Halton-Peel,TOTAL SUSPENDED SOLIDS,Approval / Permit Non-Compliance,02/01/2022,02/28/2022,5,mg/L,mon avg,1,14.1,14.1,None Required,Assessment Complete - No Action Required
The Regional Municipality of Halton,Georgetown Wastewater Treatment Plant,275 MOUNTAINVIEW RD S,HALTON HILLS,Municipal Sewage,Halton-Peel,CARBONACEOUS BIOCHEMICAL OXYGEN DEMAND,Approval / Permit Non-Compliance,12/01/2022,12/31/2022,5,mg/L,mon avg,1,5.7,5.7,Operational Process Modified,Voluntary Abatement Program Underway
The Regional Municipality of Halton,Georgetown Wastewater Treatment Plant,275 MOUNTAINVIEW RD S,HALTON HILLS,Municipal Sewage,Halton-Peel,"PHOSPHORUS, TOTAL",Approval / Permit Non-Compliance,12/01/2022,12/31/2022,6.8,kg/d,mon avg,1,12.6,12.6,Operational Process Modified,Voluntary Abatement Program Underway
The Regional Municipality of Halton,Georgetown Wastewater Treatment Plant,275 MOUNTAINVIEW RD S,HALTON HILLS,Municipal Sewage,Halton-Peel,"PHOSPHORUS, TOTAL",Approval / Permit Non-Compliance,12/01/2022,12/31/2022,0.3,mg/L,mon avg,1,0.9,0.9,Operational Process Modified,Voluntary Abatement Program Underway
The Regional Municipality of Halton,Georgetown Wastewater Treatment Plant,275 MOUNTAINVIEW RD S,HALTON HILLS,Municipal Sewage,Halton-Peel,TOTAL SUSPENDED SOLIDS,Approval / Permit Non-Compliance,12/01/2022,12/31/2022,113.6,kg/d,mon avg,1,545.2,545.2,Operational Process Modified,Voluntary Abatement Program Underway
The Regional Municipality of Halton,Georgetown Wastewater Treatment Plant,275 MOUNTAINVIEW RD S,HALTON HILLS,Municipal Sewage,Halton-Peel,TOTAL SUSPENDED SOLIDS,Approval / Permit Non-Compliance,12/01/2022,12/31/2022,5,mg/L,mon avg,1,37.9,37.9,Operational Process Modified,Voluntary Abatement Program Underway
The Regional Municipality of Halton,Skyway Wastewater Treatment Plant,1125 Lakeshore Rd,Burlington,Municipal Sewage,Halton-Peel,PH - LOW,Approval / Permit Non-Compliance,10/15/2022,10/15/2022,5.28,pH,any,1,5.28,5.28,Equipment Modified - Repaired - Replaced or Re-calibrated,Assessment Complete - No Action Required; Voluntary Abatement Program Underway
The Regional Municipality of Peel,G.E. Booth (Lakeview) Wastewater Treatment Facility ,1300 Lakeshore Rd E,Mississauga,Municipal Sewage,Halton-Peel,"PHOSPHORUS, TOTAL",Approval / Permit Non-Compliance,01/01/2022,01/31/2022,0.8,mg/L,mon avg,1,0.95,0.95,Operational Process Modification,Voluntary Abatement Program Underway
The Regional Municipality of Peel,G.E. Booth (Lakeview) Wastewater Treatment Facility ,1300 Lakeshore Rd E,Mississauga,Municipal Sewage,Halton-Peel,"PHOSPHORUS, TOTAL",Approval / Permit Non-Compliance,01/01/2022,01/31/2022,394,kg/d,mon avg,1,412,412,Operational Process Modification,Voluntary Abatement Program Underway
The Regional Municipality of Peel,G.E. Booth (Lakeview) Wastewater Treatment Facility ,1300 Lakeshore Rd E,Mississauga,Municipal Sewage,Halton-Peel,"PHOSPHORUS, TOTAL",Approval / Permit Non-Compliance,02/01/2022,02/28/2022,0.8,mg/L,mon avg,1,2.4,2.4,Operational Process Modification,Assessment Complete - Incident Resolved
The Regional Municipality of Peel,G.E. Booth (Lakeview) Wastewater Treatment Facility ,1300 Lakeshore Rd E,Mississauga,Municipal Sewage,Halton-Peel,"PHOSPHORUS, TOTAL",Approval / Permit Non-Compliance,02/01/2022,02/28/2022,394,kg/d,mon avg,1,1196,1196,Operational Process Modification,Assessment Complete - Incident Resolved
City of Toronto,Ashbridges Bay Wastewater Treatment Plant,9 Leslie St,Toronto,Municipal Sewage,Toronto,"PHOSPHORUS, TOTAL",Approval / Permit Non-Compliance,11/01/2022,11/30/2022,1,mg/L,mon avg,1,1.29,1.29,Additional Monitoring Underway; Operational Process Modification,Assessment Complete - Incident Resolved
City of Toronto,Highland Creek WWTP,51 Beechgrove Dr,Toronto,Municipal Sewage,Toronto,TOTAL SUSPENDED SOLIDS,Approval / Permit Non-Compliance,05/01/2022,05/31/2022,25,mg/L,mon avg,1,26.61,26.61,None Required,Assessment Complete - No Action Required
City of Toronto,Humber Water Pollution Control Plant,130 The Queensway,Toronto,Municipal Sewage,Toronto,ESCHERICHIA COLI,Approval / Permit Non-Compliance,07/01/2022,07/31/2022,200,CT/100mL,mon avg. on a geo. mean density,1,378,378,None Required,Assessment Complete - No Action Required
City of Toronto,Humber Water Pollution Control Plant,130 The Queensway,TORONTO,Municipal Sewage,Toronto,ESCHERICHIA COLI,Approval / Permit Non-Compliance,12/01/2022,12/31/2022,200,CT/100mL,mon avg. on a geo. mean density,1,406.5,406.5,Resolved w/o Actions Required,Other Action Taken
B&D Love Inc.,Dog Tales Rescue & Sanctuary,1405 19th Side Rd,King,Miscellaneous Communal,York-Durham,CARBONACEOUS BIOCHEMICAL OXYGEN DEMAND,Approval / Permit Non-Compliance,05/01/2022,05/31/2022,10,mg/L, /mon,1,18.3,18.3,Additional Monitoring Underway,Assessment Underway
B&D Love Inc.,Dog Tales Rescue & Sanctuary,1405 19th Side Rd,King,Miscellaneous Communal,York-Durham,TOTAL SUSPENDED SOLIDS,Approval / Permit Non-Compliance,05/01/2022,05/31/2022,10,mg/L, /mon,1,18,18,Additional Monitoring Underway,Assessment Underway
B&D Love Inc.,Dog Tales Rescue & Sanctuary,1405 19th Side Rd,King,Miscellaneous Communal,York-Durham,CARBONACEOUS BIOCHEMICAL OXYGEN DEMAND,Approval / Permit Non-Compliance,05/01/2022,05/31/2022,10,mg/L, /mon,1,16.9,16.9,Additional Monitoring Underway,Assessment Underway
B&D Love Inc.,Dog Tales Rescue & Sanctuary,1405 19th Side Rd,King,Miscellaneous Communal,York-Durham,TOTAL SUSPENDED SOLIDS,Approval / Permit Non-Compliance,05/01/2022,05/31/2022,10,mg/L, /mon,1,16,16,Additional Monitoring Underway,Assessment Underway
B&D Love Inc.,Dog Tales Rescue & Sanctuary,1405 19th Side Rd,King,Miscellaneous Communal,York-Durham,CARBONACEOUS BIOCHEMICAL OXYGEN DEMAND,Approval / Permit Non-Compliance,10/01/2022,10/31/2022,10,mg/L, /mon,1,15,15,Equipment Modified - Repaired - Replaced or Re-calibrated,Assessment Underway
B&D Love Inc.,Dog Tales Rescue & Sanctuary,1405 19th Side Rd,King,Miscellaneous Communal,York-Durham,TOTAL SUSPENDED SOLIDS,Approval / Permit Non-Compliance,10/01/2022,10/31/2022,10,mg/L, /mon,1,34,34,Equipment Modified - Repaired - Replaced or Re-calibrated,Assessment Underway
B&D Love Inc.,Dog Tales Rescue & Sanctuary,1405 19th Side Rd,King,Miscellaneous Communal,York-Durham,TOTAL NITROGEN,Approval / Permit Non-Compliance,10/01/2022,10/31/2022,10,mg/L, /mon,1,32.7,32.7,Equipment Modified - Repaired - Replaced or Re-calibrated,Assessment Underway
B&D Love Inc.,Dog Tales Rescue & Sanctuary,1405 19th Side Rd,King,Miscellaneous Communal,York-Durham,CARBONACEOUS BIOCHEMICAL OXYGEN DEMAND,Approval / Permit Non-Compliance,11/01/2022,11/30/2022,10,mg/L, /mon,1,14,14,Additional Monitoring Underway,Assessment Underway
B&D Love Inc.,Dog Tales Rescue & Sanctuary,1405 19th Side Rd,King,Miscellaneous Communal,York-Durham,TOTAL SUSPENDED SOLIDS,Approval / Permit Non-Compliance,11/01/2022,11/30/2022,10,mg/L, /mon,1,18,18,Additional Monitoring Underway,Assessment Underway
B&D Love Inc.,Dog Tales Rescue & Sanctuary,1405 19th Side Rd,King,Miscellaneous Communal,York-Durham,TOTAL NITROGEN,Approval / Permit Non-Compliance,11/01/2022,11/30/2022,10,mg/L, /mon,1,42.7,42.7,Additional Monitoring Underway,Assessment Underway
Ballantrae Natural Resource Centre Inc.,Ballantrae Golf and Country Club,1 The Master's South,Whitchurch-Stouffville,Miscellaneous Communal,York-Durham,TOTAL AMMONIA NITROGEN,Approval / Permit Non-Compliance,05/01/2022,05/31/2022,1,mg/L,mon avg,1,17,17,Equipment Modified - Repaired - Replaced or Re-calibrated,Assessment Underway
Ballantrae Natural Resource Centre Inc.,Ballantrae Golf and Country Club,1 The Master's South,Whitchurch-Stouffville,Miscellaneous Communal,York-Durham,TOTAL AMMONIA NITROGEN,Approval / Permit Non-Compliance,05/01/2022,05/31/2022,1.05,kg/d,mon avg,1,7.5,7.5,Equipment Modified - Repaired - Replaced or Re-calibrated,Assessment Underway
Ballantrae Natural Resource Centre Inc.,Ballantrae Golf and Country Club,1 The Master's South,Whitchurch-Stouffville,Miscellaneous Communal,York-Durham,TOTAL NITROGEN,Approval / Permit Non-Compliance,05/01/2022,05/31/2022,5.6,mg/L,mon avg,1,19,19,Equipment Modified - Repaired - Replaced or Re-calibrated,Assessment Underway
Ballantrae Natural Resource Centre Inc.,Ballantrae Golf and Country Club,1 The Master's South,Whitchurch-Stouffville,Miscellaneous Communal,York-Durham,TOTAL NITROGEN,Approval / Permit Non-Compliance,05/01/2022,05/31/2022,5.85,kg/d,mon avg,1,8.5,8.5,Equipment Modified - Repaired - Replaced or Re-calibrated,Assessment Underway
Ballantrae Natural Resource Centre Inc.,Ballantrae Golf and Country Club,1 The Master's South,Whitchurch-Stouffville,Miscellaneous Communal,York-Durham,TOTAL AMMONIA NITROGEN,Approval / Permit Non-Compliance,06/01/2022,06/30/2022,1,mg/L,mon avg,1,6.8,6.8,Equipment Modified - Repaired - Replaced or Re-calibrated,Assessment Underway
Ballantrae Natural Resource Centre Inc.,Ballantrae Golf and Country Club,1 The Master's South,Whitchurch-Stouffville,Miscellaneous Communal,York-Durham,TOTAL AMMONIA NITROGEN,Approval / Permit Non-Compliance,06/01/2022,06/30/2022,1.05,kg/d,mon avg,1,4.51,4.51,Equipment Modified - Repaired - Replaced or Re-calibrated,Assessment Underway
Ballantrae Natural Resource Centre Inc.,Ballantrae Golf and Country Club,1 The Master's South,Whitchurch-Stouffville,Miscellaneous Communal,York-Durham,TOTAL NITROGEN,Approval / Permit Non-Compliance,06/01/2022,06/30/2022,5.6,mg/L,mon avg,1,8.6,8.6,Equipment Modified - Repaired - Replaced or Re-calibrated,Assessment Underway
Ballantrae Natural Resource Centre Inc.,Ballantrae Golf and Country Club,1 The Master's South,Whitchurch-Stouffville,Miscellaneous Communal,York-Durham,TOTAL AMMONIA NITROGEN,Approval / Permit Non-Compliance,07/01/2022,07/31/2022,1,mg/L,mon avg,1,3.4,3.4,Equipment Modified - Repaired - Replaced or Re-calibrated,Voluntary Abatement Program Underway
Ballantrae Natural Resource Centre Inc.,Ballantrae Golf and Country Club,1 The Master's South,Whitchurch-Stouffville,Miscellaneous Communal,York-Durham,TOTAL AMMONIA NITROGEN,Approval / Permit Non-Compliance,07/01/2022,07/31/2022,1.05,kg/d,mon avg,1,1.52,1.52,Equipment Modified - Repaired - Replaced or Re-calibrated,Voluntary Abatement Program Underway
Ballantrae Natural Resource Centre Inc.,Ballantrae Golf and Country Club,1 The Master's South,Whitchurch-Stouffville,Miscellaneous Communal,York-Durham,TOTAL NITROGEN,Approval / Permit Non-Compliance,07/01/2022,07/31/2022,5.6,mg/L,mon avg,1,5.9,5.9,Equipment Modified - Repaired - Replaced or Re-calibrated,Voluntary Abatement Program Underway
Ballantrae Natural Resource Centre Inc.,Ballantrae Golf and Country Club,1 The Master's South,Whitchurch-Stouffville,Miscellaneous Communal,York-Durham,ESCHERICHIA COLI,Approval / Permit Non-Compliance,07/01/2022,07/31/2022,14,CT/100mL,mon avg. on a geo. mean density,1,24,24,Equipment Modified - Repaired - Replaced or Re-calibrated,Voluntary Abatement Program Underway
ClubLink Corporation ULC,King Valley Golf Club,15675 Dufferin St,King,Miscellaneous Communal,York-Durham,PH - LOW,Approval / Permit Non-Compliance,05/24/2022,05/24/2022,6.5,pH,any,1,6.4,6.4,None Required,Assessment Underway
ClubLink Corporation ULC,King's Riding Golf Club,14700 Bathurst St,King,Miscellaneous Communal,York-Durham,ESCHERICHIA COLI,Approval / Permit Non-Compliance,07/01/2022,07/31/2022,100,CT/100mL,mon avg. on a geo. mean density,1,120,120,Equipment Modified - Repaired - Replaced or Re-calibrated,Assessment Complete - Incident Resolved
LEBOVIC ENTERPRISES,Lebovic West Golf and Club,14020 Leslie St,Aurora,Golf Courses and Country Clubs,York-Durham,TOTAL AMMONIA NITROGEN,Approval / Permit Non-Compliance,05/01/2022,05/31/2022,6,mg/L,mon avg,1,10,10,Other,Other Action Taken
LEBOVIC ENTERPRISES,Lebovic West Golf and Club,14020 Leslie St,Aurora,Golf Courses and Country Clubs,York-Durham,TOTAL AMMONIA NITROGEN,Approval / Permit Non-Compliance,06/01/2022,06/30/2022,6,mg/L,mon avg,1,7.8,7.8,Other,Voluntary Abatement Program Underway
LEBOVIC ENTERPRISES,Lebovic West Golf and Club,14020 Leslie St,Aurora,Golf Courses and Country Clubs,York-Durham,TOTAL AMMONIA NITROGEN,Approval / Permit Non-Compliance,11/01/2022,11/30/2022,6,mg/L,mon avg,1,11.4,11.4,Equipment Modified/Repaired,Voluntary Abatement Program Underway
LEBOVIC ENTERPRISES,Lebovic West Golf and Club,14020 Leslie St,Aurora,Golf Courses and Country Clubs,York-Durham,ESCHERICHIA COLI,Approval / Permit Non-Compliance,11/01/2022,11/30/2022,100,CT/100mL,mon avg. on a geo. mean density,1,107,107,Equipment Modified/Repaired,Voluntary Abatement Program Underway
LEBOVIC ENTERPRISES,Lebovic West Golf and Club,14020 Leslie St,Aurora,Golf Courses and Country Clubs,York-Durham,TOTAL AMMONIA NITROGEN,Approval / Permit Non-Compliance,12/01/2022,12/31/2022,6,mg/L,mon avg,1,6.7,6.7,Equipment Modified/Repaired,Voluntary Abatement Program Underway
LK Aurora Inc.,LK Aurora Sewage Disposal,"Lot 21 Concession 8, Whitchurch",Whitchurch-Stouffville,Miscellaneous Communal,York-Durham,TOTAL SUSPENDED SOLIDS,Approval / Permit Non-Compliance,01/01/2022,01/31/2022,10,mg/L,mon avg,1,11.6,11.6,Action Plan Submitted - Implementing Improvements; Additional Monitoring Underway; Equipment Modified - Repaired - Replaced or Re-calibrated,Other Action Taken
LK Aurora Inc.,LK Aurora Sewage Disposal,"Lot 21 Concession 8, Whitchurch",Whitchurch-Stouffville,Miscellaneous Communal,York-Durham,CARBONACEOUS BIOCHEMICAL OXYGEN DEMAND,Approval / Permit Non-Compliance,01/01/2022,01/31/2022,10,mg/L,mon avg,1,25.85,25.85,Action Plan Submitted - Implementing Improvements; Additional Monitoring Underway; Equipment Modified - Repaired - Replaced or Re-calibrated,Other Action Taken
LK Aurora Inc.,LK Aurora Sewage Disposal,"Lot 21 Concession 8, Whitchurch",Whitchurch-Stouffville,Miscellaneous Communal,York-Durham,CARBONACEOUS BIOCHEMICAL OXYGEN DEMAND,Approval / Permit Non-Compliance,02/01/2022,02/28/2022,10,mg/L,mon avg,1,15.5,15.5,Action Plan Submitted - Implementing Improvements; Additional Monitoring Underway; Equipment Modified - Repaired - Replaced or Re-calibrated,Other Action Taken
LK Aurora Inc.,LK Aurora Sewage Disposal,"Lot 21 Concession 8, Whitchurch",Whitchurch-Stouffville,Miscellaneous Communal,York-Durham,TOTAL AMMONIA NITROGEN,Approval / Permit Non-Compliance,02/01/2022,02/28/2022,2.5,mg/L,mon avg,1,2.84,2.84,Action Plan Submitted - Implementing Improvements; Additional Monitoring Underway; Equipment Modified - Repaired - Replaced or Re-calibrated,Other Action Taken
LK Aurora Inc.,LK Aurora Sewage Disposal,"Lot 21 Concession 8, Whitchurch",Whitchurch-Stouffville,Miscellaneous Communal,York-Durham,TOTAL SUSPENDED SOLIDS,Approval / Permit Non-Compliance,03/01/2022,03/31/2022,10,mg/L,mon avg,1,11,11,Action Plan Submitted - Implementing Improvements; Additional Monitoring Underway; Equipment Modified - Repaired - Replaced or Re-calibrated,Other Action Taken
LK Aurora Inc.,LK Aurora Sewage Disposal,"Lot 21 Concession 8, Whitchurch",Whitchurch-Stouffville,Miscellaneous Communal,York-Durham,CARBONACEOUS BIOCHEMICAL OXYGEN DEMAND,Approval / Permit Non-Compliance,03/01/2022,03/31/2022,10,mg/L,mon avg,1,18.5,18.5,Action Plan Submitted - Implementing Improvements; Additional Monitoring Underway; Equipment Modified - Repaired - Replaced or Re-calibrated,Other Action Taken
LK Aurora Inc.,LK Aurora Sewage Disposal,"Lot 21 Concession 8, Whitchurch",Whitchurch-Stouffville,Miscellaneous Communal,York-Durham,CARBONACEOUS BIOCHEMICAL OXYGEN DEMAND,Approval / Permit Non-Compliance,03/01/2022,08/31/2022,10,mg/L,mon avg,1,47.8,47.8,Action Plan Submitted - Implementing Improvements; Additional Monitoring Underway; Equipment Modified - Repaired - Replaced or Re-calibrated,Other Action Taken
LK Aurora Inc.,LK Aurora Sewage Disposal,"Lot 21 Concession 8, Whitchurch",Whitchurch-Stouffville,Miscellaneous Communal,York-Durham,CARBONACEOUS BIOCHEMICAL OXYGEN DEMAND,Approval / Permit Non-Compliance,04/01/2022,04/30/2022,10,mg/L,mon avg,1,28.85,28.85,Action Plan Submitted - Implementing Improvements; Additional Monitoring Underway; Equipment Modified - Repaired - Replaced or Re-calibrated,Other Action Taken
LK Aurora Inc.,LK Aurora Sewage Disposal,"Lot 21 Concession 8, Whitchurch",Whitchurch-Stouffville,Miscellaneous Communal,York-Durham,CARBONACEOUS BIOCHEMICAL OXYGEN DEMAND,Approval / Permit Non-Compliance,05/01/2022,05/31/2022,10,mg/L,mon avg,1,32.9,32.9,Action Plan Submitted - Implementing Improvements; Additional Monitoring Underway; New Equipment or Treatment Process Installed,Other Action Taken
LK Aurora Inc.,LK Aurora Sewage Disposal,"Lot 21 Concession 8, Whitchurch",Whitchurch-Stouffville,Miscellaneous Communal,York-Durham,TOTAL SUSPENDED SOLIDS,Approval / Permit Non-Compliance,06/01/2022,06/30/2022,10,mg/L,mon avg,1,18.4,18.4,Action Plan Submitted - Implementing Improvements; Additional Monitoring Underway; Equipment Modified - Repaired - Replaced or Re-calibrated,Other Action Taken
LK Aurora Inc.,LK Aurora Sewage Disposal,"Lot 21 Concession 8, Whitchurch",Whitchurch-Stouffville,Miscellaneous Communal,York-Durham,CARBONACEOUS BIOCHEMICAL OXYGEN DEMAND,Approval / Permit Non-Compliance,06/01/2022,06/30/2022,10,mg/L,mon avg,1,42.53,42.53,Action Plan Submitted - Implementing Improvements; Additional Monitoring Underway; Equipment Modified - Repaired - Replaced or Re-calibrated,Other Action Taken
LK Aurora Inc.,LK Aurora Sewage Disposal,"Lot 21 Concession 8, Whitchurch",Whitchurch-Stouffville,Miscellaneous Communal,York-Durham,TOTAL SUSPENDED SOLIDS,Approval / Permit Non-Compliance,07/01/2022,07/31/2022,10,mg/L,mon avg,1,20.55,20.55,Action Plan Submitted - Implementing Improvements; Additional Monitoring Underway; Equipment Modified - Repaired - Replaced or Re-calibrated,Other Action Taken
LK Aurora Inc.,LK Aurora Sewage Disposal,"Lot 21 Concession 8, Whitchurch",Whitchurch-Stouffville,Miscellaneous Communal,York-Durham,CARBONACEOUS BIOCHEMICAL OXYGEN DEMAND,Approval / Permit Non-Compliance,07/01/2022,07/31/2022,10,mg/L,mon avg,1,37.44,37.44,Action Plan Submitted - Implementing Improvements; Additional Monitoring Underway; Equipment Modified - Repaired - Replaced or Re-calibrated,Other Action Taken
LK Aurora Inc.,LK Aurora Sewage Disposal,"Lot 21 Concession 8, Whitchurch",Whitchurch-Stouffville,Miscellaneous Communal,York-Durham,TOTAL SUSPENDED SOLIDS,Approval / Permit Non-Compliance,08/01/2022,08/31/2022,10,mg/L,mon avg,1,25.75,25.75,Action Plan Submitted - Implementing Improvements; Additional Monitoring Underway; Equipment Modified - Repaired - Replaced or Re-calibrated,Other Action Taken
LK Aurora Inc.,LK Aurora Sewage Disposal,"Lot 21 Concession 8, Whitchurch",Whitchurch-Stouffville,Miscellaneous Communal,York-Durham,TOTAL SUSPENDED SOLIDS,Approval / Permit Non-Compliance,09/01/2022,09/30/2022,10,mg/L,mon avg,1,37.8,37.8,Action Plan Submitted - Implementing Improvements; Additional Monitoring Underway; Equipment Modified - Repaired - Replaced or Re-calibrated,Other Action Taken
LK Aurora Inc.,LK Aurora Sewage Disposal,"Lot 21 Concession 8, Whitchurch",Whitchurch-Stouffville,Miscellaneous Communal,York-Durham,CARBONACEOUS BIOCHEMICAL OXYGEN DEMAND,Approval / Permit Non-Compliance,09/01/2022,09/30/2022,10,mg/L,mon avg,1,48.7,48.7,Action Plan Submitted - Implementing Improvements; Additional Monitoring Underway; Equipment Modified - Repaired - Replaced or Re-calibrated,Other Action Taken
LK Aurora Inc.,LK Aurora Sewage Disposal,"Lot 21 Concession 8, Whitchurch",Whitchurch-Stouffville,Miscellaneous Communal,York-Durham,TOTAL SUSPENDED SOLIDS,Approval / Permit Non-Compliance,10/01/2022,10/31/2022,10,mg/L,mon avg,1,20.4,20.4,Action Plan Submitted - Implementing Improvements; Additional Monitoring Underway; Equipment Modified - Repaired - Replaced or Re-calibrated,Other Action Taken
LK Aurora Inc.,LK Aurora Sewage Disposal,"Lot 21 Concession 8, Whitchurch",Whitchurch-Stouffville,Miscellaneous Communal,York-Durham,CARBONACEOUS BIOCHEMICAL OXYGEN DEMAND,Approval / Permit Non-Compliance,10/01/2022,10/31/2022,10,mg/L,mon avg,1,33.8,33.8,Action Plan Submitted - Implementing Improvements; Additional Monitoring Underway; Equipment Modified - Repaired - Replaced or Re-calibrated,Other Action Taken
LK Aurora Inc.,LK Aurora Sewage Disposal,"Lot 21 Concession 8, Whitchurch",Whitchurch-Stouffville,Miscellaneous Communal,York-Durham,TOTAL SUSPENDED SOLIDS,Approval / Permit Non-Compliance,11/01/2022,11/30/2022,10,mg/L,mon avg,1,15.3,15.3,Action Plan Submitted - Implementing Improvements; Additional Monitoring Underway; Equipment Modified - Repaired - Replaced or Re-calibrated,Other Action Taken
LK Aurora Inc.,LK Aurora Sewage Disposal,"Lot 21 Concession 8, Whitchurch",Whitchurch-Stouffville,Miscellaneous Communal,York-Durham,CARBONACEOUS BIOCHEMICAL OXYGEN DEMAND,Approval / Permit Non-Compliance,11/01/2022,11/30/2022,10,mg/L,mon avg,1,26.83,26.83,Action Plan Submitted - Implementing Improvements; Additional Monitoring Underway; Equipment Modified - Repaired - Replaced or Re-calibrated,Other Action Taken
LK Aurora Inc.,LK Aurora Sewage Disposal,"Lot 21 Concession 8, Whitchurch",Whitchurch-Stouffville,Miscellaneous Communal,York-Durham,TOTAL SUSPENDED SOLIDS,Approval / Permit Non-Compliance,12/01/2022,12/31/2022,10,mg/L,mon avg,1,11.2,11.2,Action Plan Submitted - Implementing Improvements; Additional Monitoring Underway; Equipment Modified - Repaired - Replaced or Re-calibrated,Other Action Taken
Regional Municipality of York,Nobleton Water Pollution Control Plant,7277 King Rd Nobleton,King,Municipal Sewage,York-Durham,TOTAL SUSPENDED SOLIDS,Approval / Permit Non-Compliance,02/01/2022,02/28/2022,10,mg/L,mon avg,1,10.5,10.5,Action Plan Submitted - Implementing Improvements; Equipment Modified - Repaired - Replaced or Re-calibrated; Operational Process Modification,Assessment Complete - Incident Resolved
"Dave and Ellen Harrington
Dave/ Ellen Harrington",Bay Meadows Trailer Park,"153 County Road 27 Part of Lot 32 Concession 3
153 County Road 27  North Beach Road R.R. # 3 Consecon ","Prince Edward
Prince Edward",Miscellaneous Communal,Belleville,"PHOSPHORUS, TOTAL",Approval / Permit Non-Compliance,05/01/2022,05/31/2022,0.1,mg/L,mon avg,1,0.15,0.15,Other,Assessment Complete - No Action Required
PRINCE EDWARD COUNTY,Wellington Water Pollution Control Plant,"461 MAIN ST, WELLINGTON",PRINCE EDWARD COUNTY,Municipal Sewage,Belleville,"PHOSPHORUS, TOTAL",Approval / Permit Non-Compliance,07/01/2022,07/31/2022,0.75,kg/d,mon avg,1,1.17,1.17,Additional Monitoring Underway,Addressed w/o Intervention
PRINCE EDWARD COUNTY,Wellington Water Pollution Control Plant,"461 MAIN ST, WELLINGTON",PRINCE EDWARD COUNTY,Municipal Sewage,Belleville,TOTAL SUSPENDED SOLIDS,Approval / Permit Non-Compliance,07/01/2022,07/31/2022,25,mg/L,mon avg,1,103.58,103.58,Additional Monitoring Underway,Addressed w/o Intervention
PRINCE EDWARD COUNTY,Wellington Water Pollution Control Plant,"461 MAIN ST, WELLINGTON",PRINCE EDWARD COUNTY,Municipal Sewage,Belleville,TOTAL SUSPENDED SOLIDS,Approval / Permit Non-Compliance,07/01/2022,07/31/2022,37.5,kg/d,mon avg,1,78.43,78.43,Additional Monitoring Underway,Addressed w/o Intervention
PRINCE EDWARD COUNTY,Wellington Water Pollution Control Plant,"461 MAIN ST, WELLINGTON",PRINCE EDWARD COUNTY,Municipal Sewage,Belleville,ESCHERICHIA COLI,Approval / Permit Non-Compliance,07/01/2022,07/31/2022,200,CT/100mL,mon avg. on a geo. mean density,1,591.43,591.46,Additional Monitoring Underway,Addressed w/o Intervention
PRINCE EDWARD COUNTY,Wellington Water Pollution Control Plant,"461 MAIN ST, WELLINGTON",PRINCE EDWARD COUNTY,Municipal Sewage,Belleville,"PHOSPHORUS, TOTAL",Approval / Permit Non-Compliance,07/01/2022,07/31/2022,1,mg/L,mon avg,1,1.55,1.55,Additional Monitoring Underway,Addressed w/o Intervention
PRINCE EDWARD COUNTY,Wellington Water Pollution Control Plant,"461 MAIN ST, WELLINGTON",PRINCE EDWARD COUNTY,Municipal Sewage,Belleville,CARBONACEOUS BIOCHEMICAL OXYGEN DEMAND,Approval / Permit Non-Compliance,07/01/2022,07/31/2022,25,mg/L,mon avg,1,33.42,33.42,Additional Monitoring Underway,Addressed w/o Intervention
PRINCE EDWARD COUNTY,Wellington Water Pollution Control Plant,"461 MAIN ST, WELLINGTON",PRINCE EDWARD COUNTY,Municipal Sewage,Belleville,TOTAL SUSPENDED SOLIDS,Approval / Permit Non-Compliance,08/01/2022,08/31/2022,25,mg/L,mon avg,1,47.22,47.22,Additional Monitoring Underway,Addressed w/o Intervention
PRINCE EDWARD COUNTY,Wellington Water Pollution Control Plant,"461 MAIN ST, WELLINGTON",PRINCE EDWARD COUNTY,Municipal Sewage,Belleville,CARBONACEOUS BIOCHEMICAL OXYGEN DEMAND,Approval / Permit Non-Compliance,08/01/2022,08/31/2022,25,mg/L,mon avg,1,27.16,27.16,Additional Monitoring Underway,Addressed w/o Intervention
PRINCE EDWARD COUNTY,Wellington Water Pollution Control Plant,"461 MAIN ST, WELLINGTON",PRINCE EDWARD COUNTY,Municipal Sewage,Belleville,"PHOSPHORUS, TOTAL",Approval / Permit Non-Compliance,08/01/2022,08/31/2022,1,mg/L,mon avg,1,1.02,1.02,Additional Monitoring Underway,Addressed w/o Intervention
PRINCE EDWARD COUNTY,Wellington Water Pollution Control Plant,"461 MAIN ST, WELLINGTON",PRINCE EDWARD COUNTY,Municipal Sewage,Belleville,TOTAL SUSPENDED SOLIDS,Approval / Permit Non-Compliance,08/01/2022,08/31/2022,37.5,kg/d,mon avg,1,41.214,41.214,Additional Monitoring Underway,Addressed w/o Intervention
PRINCE EDWARD COUNTY,Wellington Water Pollution Control Plant,"461 MAIN ST, WELLINGTON",PRINCE EDWARD COUNTY,Municipal Sewage,Belleville,"PHOSPHORUS, TOTAL",Approval / Permit Non-Compliance,08/01/2022,08/31/2022,0.75,kg/d,mon avg,1,0.888,0.888,Additional Monitoring Underway,Addressed w/o Intervention
The Corporation of the City of Clarence-Rockland,Rockland Sewage Treatment Plant,700 Industrial Ave,CLARENCE-ROCKLAND,Municipal Sewage,Cornwall,TOTAL AMMONIA NITROGEN,Approval / Permit Non-Compliance,12/01/2022,12/31/2022,20,mg/L,/mon,1,25.7,25.7,New Equipment Installed,Voluntary Abatement Program Underway
Creg Quay Limited,Creg Quay,21236 South Service Rd,South Glengarry,Miscellaneous Communal,Cornwall,"PHOSPHORUS, TOTAL",Approval / Permit Non-Compliance,10/31/2022,10/31/2022,1,mon avg,mon avg,1,1.19,1.19,Conducting Study,Assessment Underway
The Corporation of the Township of North Dundas,Chesterville Lagoon,"Concession 4, Lot 20, Water St., Chesterville, ON",NORTH DUNDAS,Municipal Sewage,Cornwall,"PHOSPHORUS, TOTAL",Approval / Permit Non-Compliance,01/01/2022,12/31/2022,1.66,kg/d,/annum,1,4.36,4.36,Operational Process Modified,Addressed w/o Intervention
NORTH STORMONT,Moose Creek Sewage Lagoons,"Lot 22, Concession 7 (16810 8th Rd.)",North Stormont,Municipal Sewage,Cornwall,TOTAL SUSPENDED SOLIDS,Approval / Permit Non-Compliance,04/11/2022,04/26/2022,30,mg/L,seasonal avg,1,31,31,None Required,Assessment Complete - No Action Required
The Corporation of the City of Clarence-Rockland,Rockland Sewage Treatment Plant,700 Industrial Ave,Clarence-Rockland,Municipal Sewage,Cornwall,BIOCHEMICAL OXYGEN DEMAND,Approval / Permit Non-Compliance,09/01/2022,09/30/2022,25,mg/L,mon avg,1,26.5,26.5,Equipment Modified - Repaired - Replaced or Re-calibrated,Assessment Complete - No Action Required
The Corporation of the City of Clarence-Rockland,Rockland Sewage Treatment Plant,700 Industrial Ave,Clarence-Rockland,Municipal Sewage,Cornwall,TOTAL SUSPENDED SOLIDS,Approval / Permit Non-Compliance,09/01/2022,09/30/2022,25,mg/L,mon avg,1,26.5,26.5,Equipment Modified - Repaired - Replaced or Re-calibrated,Assessment Complete - No Action Required
The Corporation of the City of Cornwall,Cornwall Wastewater Treatment Plant,2800 Montreal Rd E,Cornwall,Municipal Sewage,Cornwall,ESCHERICHIA COLI,Approval / Permit Non-Compliance,06/01/2022,06/30/2022,200,CT/100mL,mon avg. on a geo. mean density,1,245,245,Operational Process Modification,Assessment Complete - No Action Required
The Corporation of the Nation Municipality,Limoges Sewage Lagoon,1915 Route 500 W,The Nation,Municipal Sewage,Cornwall,TOTAL AMMONIA NITROGEN,Approval / Permit Non-Compliance,01/01/2022,01/31/2022,5,mg/L,mon avg,1,16.78,16.78,Equipment Modified - Repaired - Replaced or Re-calibrated; New Equipment or Treatment Process Installed; Operational Process Modification,Assessment Underway
The Corporation of the Nation Municipality,Limoges Sewage Lagoon,1915 Route 500 W,The Nation,Municipal Sewage,Cornwall,TOTAL AMMONIA NITROGEN,Approval / Permit Non-Compliance,01/01/2022,01/31/2022,17.3,kg/d,mon avg,1,27.5,27.5,Equipment Modified - Repaired - Replaced or Re-calibrated; New Equipment or Treatment Process Installed; Operational Process Modification,Assessment Underway
The Corporation of the Nation Municipality,Limoges Sewage Lagoon,1915 Route 500 W,The Nation,Municipal Sewage,Cornwall,TOTAL AMMONIA NITROGEN,Approval / Permit Non-Compliance,02/01/2022,02/28/2022,5,mg/L,mon avg,1,25.78,25.78,Equipment Modified - Repaired - Replaced or Re-calibrated; New Equipment or Treatment Process Installed; Operational Process Modification,Assessment Underway
The Corporation of the Nation Municipality,Limoges Sewage Lagoon,1915 Route 500 W,The Nation,Municipal Sewage,Cornwall,TOTAL AMMONIA NITROGEN,Approval / Permit Non-Compliance,02/01/2022,02/28/2022,17.3,kg/d,mon avg,1,40.2,40.2,Equipment Modified - Repaired - Replaced or Re-calibrated; New Equipment or Treatment Process Installed; Operational Process Modification,Assessment Underway
The Corporation of the Nation Municipality,Limoges Sewage Lagoon,1915 Route 500 W,The Nation,Municipal Sewage,Cornwall,TOTAL SUSPENDED SOLIDS,Approval / Permit Non-Compliance,02/01/2022,02/28/2022,5,mg/L,mon avg,1,9,9,Equipment Modified - Repaired - Replaced or Re-calibrated; New Equipment or Treatment Process Installed; Operational Process Modification,Assessment Underway
The Corporation of the Nation Municipality,Limoges Sewage Lagoon,1915 Route 500 W,The Nation,Municipal Sewage,Cornwall,CARBONACEOUS BIOCHEMICAL OXYGEN DEMAND,Approval / Permit Non-Compliance,02/01/2022,02/28/2022,5,mg/L,mon avg,1,11.25,11.25,Equipment Modified - Repaired - Replaced or Re-calibrated; New Equipment or Treatment Process Installed; Operational Process Modification,Assessment Underway
The Corporation of the Nation Municipality,Limoges Sewage Lagoon,1915 Route 500 W,The Nation,Municipal Sewage,Cornwall,CARBONACEOUS BIOCHEMICAL OXYGEN DEMAND,Approval / Permit Non-Compliance,02/01/2022,02/28/2022,17.3,kg/d,mon avg,1,21.7,21.7,Equipment Modified - Repaired - Replaced or Re-calibrated; New Equipment or Treatment Process Installed; Operational Process Modification,Assessment Underway
The Corporation of the Nation Municipality,Limoges Sewage Lagoon,1915 Route 500 W,The Nation,Municipal Sewage,Cornwall,TOTAL AMMONIA NITROGEN,Approval / Permit Non-Compliance,03/01/2022,03/31/2022,5,mg/L,mon avg,1,27.1,27.1,Equipment Modified - Repaired - Replaced or Re-calibrated; New Equipment or Treatment Process Installed; Operational Process Modification,Assessment Underway
The Corporation of the Nation Municipality,Limoges Sewage Lagoon,1915 Route 500 W,The Nation,Municipal Sewage,Cornwall,TOTAL AMMONIA NITROGEN,Approval / Permit Non-Compliance,03/01/2022,03/31/2022,17.3,kg/d,mon avg,1,88.5,88.5,Equipment Modified - Repaired - Replaced or Re-calibrated; New Equipment or Treatment Process Installed; Operational Process Modification,Assessment Underway
The Corporation of the Nation Municipality,Limoges Sewage Lagoon,1915 Route 500 W,The Nation,Municipal Sewage,Cornwall,TOTAL SUSPENDED SOLIDS,Approval / Permit Non-Compliance,03/01/2022,03/31/2022,5,mg/L,mon avg,1,7.2,7.2,Equipment Modified - Repaired - Replaced or Re-calibrated; New Equipment or Treatment Process Installed; Operational Process Modification,Assessment Underway
The Corporation of the Nation Municipality,Limoges Sewage Lagoon,1915 Route 500 W,The Nation,Municipal Sewage,Cornwall,CARBONACEOUS BIOCHEMICAL OXYGEN DEMAND,Approval / Permit Non-Compliance,03/01/2022,03/31/2022,5,mg/L,mon avg,1,10.4,10.4,Equipment Modified - Repaired - Replaced or Re-calibrated; New Equipment or Treatment Process Installed; Operational Process Modification,Assessment Underway
The Corporation of the Nation Municipality,Limoges Sewage Lagoon,1915 Route 500 W,The Nation,Municipal Sewage,Cornwall,CARBONACEOUS BIOCHEMICAL OXYGEN DEMAND,Approval / Permit Non-Compliance,03/01/2022,03/31/2022,17.3,kg/d,mon avg,1,34,34,Equipment Modified - Repaired - Replaced or Re-calibrated; New Equipment or Treatment Process Installed; Operational Process Modification,Assessment Underway
The Corporation of the Nation Municipality,Limoges Sewage Lagoon,1915 Route 500 W,The Nation,Municipal Sewage,Cornwall,TOTAL AMMONIA NITROGEN,Approval / Permit Non-Compliance,04/01/2022,04/30/2022,5,mg/L,mon avg,1,18.4,18.4,Equipment Modified - Repaired - Replaced or Re-calibrated; New Equipment or Treatment Process Installed; Operational Process Modification,Assessment Complete - No Action Required
The Corporation of the Nation Municipality,Limoges Sewage Lagoon,1915 Route 500 W,The Nation,Municipal Sewage,Cornwall,TOTAL AMMONIA NITROGEN,Approval / Permit Non-Compliance,04/01/2022,04/30/2022,17.3,kg/d,mon avg,1,54.7,54.7,Equipment Modified - Repaired - Replaced or Re-calibrated; New Equipment or Treatment Process Installed; Operational Process Modification,Assessment Complete - No Action Required
The Corporation of the Nation Municipality,Limoges Sewage Lagoon,1915 Route 500 W,The Nation,Municipal Sewage,Cornwall,TOTAL AMMONIA NITROGEN,Approval / Permit Non-Compliance,05/01/2022,05/31/2022,1,mg/L,mon avg,1,3.35,3.35,Equipment Modified - Repaired - Replaced or Re-calibrated; New Equipment or Treatment Process Installed; Operational Process Modification,Assessment Complete - No Action Required
The Corporation of the Nation Municipality,Limoges Sewage Lagoon,1915 Route 500 W,The Nation,Municipal Sewage,Cornwall,TOTAL AMMONIA NITROGEN,Approval / Permit Non-Compliance,05/01/2022,05/31/2022,3.5,kg/d,mon avg,1,9.8,9.8,Equipment Modified - Repaired - Replaced or Re-calibrated; New Equipment or Treatment Process Installed; Operational Process Modification,Assessment Complete - No Action Required
The Corporation of the Nation Municipality,Limoges Sewage Lagoon,1915 Route 500 W,The Nation,Municipal Sewage,Cornwall,TOTAL AMMONIA NITROGEN,Approval / Permit Non-Compliance,06/01/2022,06/30/2022,1,mg/L,mon avg,1,1.08,1.08,Equipment Modified - Repaired - Replaced or Re-calibrated; New/Modified Sampling Program Underway; Operational Process Modification,Assessment Complete - No Action Required
The Corporation of the Nation Municipality,Limoges Sewage Lagoon,1915 Route 500 W,The Nation,Municipal Sewage,Cornwall,TOTAL AMMONIA NITROGEN,Approval / Permit Non-Compliance,07/01/2022,07/31/2022,1,mg/L,mon avg,1,6.89,6.89,Equipment Modified - Repaired - Replaced or Re-calibrated,Assessment Complete - No Action Required
The Corporation of the Nation Municipality,Limoges Sewage Lagoon,1915 Route 500 W,The Nation,Municipal Sewage,Cornwall,TOTAL AMMONIA NITROGEN,Approval / Permit Non-Compliance,07/01/2022,07/31/2022,3.5,kg/d,mon avg,1,6.45,6.45,Equipment Modified - Repaired - Replaced or Re-calibrated,Assessment Complete - No Action Required
The Corporation of the Nation Municipality,Limoges Sewage Lagoon,1915 Route 500 W,The Nation,Municipal Sewage,Cornwall,CARBONACEOUS BIOCHEMICAL OXYGEN DEMAND,Approval / Permit Non-Compliance,07/01/2022,07/31/2022,5,mg/L,mon avg,1,5.75,5.75,Equipment Modified - Repaired - Replaced or Re-calibrated,Assessment Complete - No Action Required
The Corporation of the Nation Municipality,Limoges Sewage Lagoon,1915 Route 500 W,The Nation,Municipal Sewage,Cornwall,TOTAL SUSPENDED SOLIDS,Approval / Permit Non-Compliance,07/01/2022,07/31/2022,5,mg/L,mon avg,1,6,6,Equipment Modified - Repaired - Replaced or Re-calibrated,Assessment Complete - No Action Required
The Corporation of the Nation Municipality,Limoges Sewage Lagoon,1915 Route 500 W,The Nation,Municipal Sewage,Cornwall,TOTAL AMMONIA NITROGEN,Approval / Permit Non-Compliance,08/01/2022,08/31/2022,1,mg/L,mon avg,1,5.29,5.29,Conducting Study; Equipment Modified - Repaired - Replaced or Re-calibrated; New Equipment or Treatment Process Installed,Assessment Underway
The Corporation of the Nation Municipality,Limoges Sewage Lagoon,1915 Route 500 W,The Nation,Municipal Sewage,Cornwall,TOTAL AMMONIA NITROGEN,Approval / Permit Non-Compliance,08/01/2022,08/31/2022,3.5,kg/d,mon avg,1,6.6,6.6,Conducting Study; Equipment Modified - Repaired - Replaced or Re-calibrated; New Equipment or Treatment Process Installed,Assessment Underway
The Corporation of the Nation Municipality,Limoges Sewage Lagoon,1915 Route 500 W,The Nation,Municipal Sewage,Cornwall,TOTAL AMMONIA NITROGEN,Approval / Permit Non-Compliance,09/01/2022,09/30/2022,1,mg/L,mon avg,1,5.23,5.23,Conducting Study; Equipment Modified - Repaired - Replaced or Re-calibrated; New Equipment or Treatment Process Installed,Assessment Underway
The Corporation of the Nation Municipality,Limoges Sewage Lagoon,1915 Route 500 W,The Nation,Municipal Sewage,Cornwall,TOTAL AMMONIA NITROGEN,Approval / Permit Non-Compliance,09/01/2022,09/30/2022,3.5,kg/d,mon avg,1,5.8,5.8,Conducting Study; Equipment Modified - Repaired - Replaced or Re-calibrated; New Equipment or Treatment Process Installed,Assessment Underway
The Corporation of the Nation Municipality,Limoges Sewage Lagoon,1915 Route 500 W,The Nation,Municipal Sewage,Cornwall,TOTAL AMMONIA NITROGEN,Approval / Permit Non-Compliance,10/01/2022,10/31/2022,1,mg/L,mon avg,1,2.24,2.24,Conducting Study; Equipment Modified - Repaired - Replaced or Re-calibrated; New Equipment or Treatment Process Installed,Assessment Underway
The Corporation of the Nation Municipality,Limoges Sewage Lagoon,1915 Route 500 W,THE NATION,Municipal Sewage,Cornwall,TOTAL AMMONIA NITROGEN,Approval / Permit Non-Compliance,12/01/2022,12/31/2022,5,mg/L,/mon,1,5.32,5.32,Equipment Modified/Repaired,Voluntary Abatement Program Underway
The Corporation of the Nation Municipality,St. Isidore Sewage Lagoon,4235 Bourgon Rd,The Nation,Municipal Sewage,Cornwall,"PHOSPHORUS, TOTAL",Approval / Permit Non-Compliance,05/01/2022,05/31/2022,1,mg/L,seasonal avg,1,1.07,1.07,New Equipment or Treatment Process Installed; Operational Process Modification,Assessment Complete - No Action Required
The Corporation of the Township of Alfred and Plantagenet,Alfred Village Sewage Treatment Lagoon,721 Peat Moss R.,Alfred and Plantagenet,Municipal Sewage,Cornwall,TOTAL SUSPENDED SOLIDS,Approval / Permit Non-Compliance,01/01/2022,12/31/2022,40,mg/L,annual avg,1,57.1,57.1,None Required,Assessment Complete - Incident Resolved
The Corporation of the Township of Alfred and Plantagenet,Wendover Sewage Treatment Plant,3081 County Road 17,Alfred and Plantagenet,Municipal Sewage,Cornwall,"PHOSPHORUS, TOTAL",Approval / Permit Non-Compliance,01/01/2022,01/31/2022,0.7,mg/L,mon avg,1,1.1,1.1,Action Plan Submitted - Implementing Improvements; Equipment Modified - Repaired - Replaced or Re-calibrated,Assessment Complete - No Action Required
The Corporation of the Township of Russell,Embrun Sewage Lagoon,1647 Road 400,Russell,Municipal Sewage,Cornwall,TOTAL AMMONIA NITROGEN,Approval / Permit Non-Compliance,11/30/2022,12/21/2022,2,mg/L,seasonal avg,1,5.22,5.22,Operational Process Modification,Assessment Complete - No Action Required
The Corporation of the Township of South Glengarry,Green Valley Sewage Lagoon,"Lot 35, Concession 7",South Glengarry,Municipal Sewage,Cornwall,TOTAL SUSPENDED SOLIDS,Approval / Permit Non-Compliance,04/27/2022,05/02/2022,30,mg/L,avg of 3 consecutive samples,1,35.6,35.6,Operational Process Modification,Assessment Complete - No Action Required
The Corporation of the Village of Casselman,Casselman Lagoons,224 LAURIER ST,Casselman,Municipal Sewage,Cornwall,ESCHERICHIA COLI,Approval / Permit Non-Compliance,01/01/2022,01/31/2022,200,CT/100mL,mon avg. on a geo. mean density,1,897.14,897.14,New/Modified Sampling Program Underway; Operational Process Modification,Assessment Complete - No Action Required
The Corporation of the Village of Casselman,Casselman Lagoons,224 LAURIER ST,Casselman,Municipal Sewage,Cornwall,ESCHERICHIA COLI,Approval / Permit Non-Compliance,02/01/2022,02/28/2022,200,CT/100mL,mon avg. on a geo. mean density,1,857.6,857.6,Conducting Study; New Equipment or Treatment Process Installed,Assessment Underway
The Corporation of the Village of Casselman,Casselman Lagoons,224 LAURIER ST,Casselman,Municipal Sewage,Cornwall,ESCHERICHIA COLI,Approval / Permit Non-Compliance,03/01/2022,03/31/2022,200,CT/100mL,mon avg. on a geo. mean density,1,600,600,Other,Assessment Underway
The Corporation of the Village of Casselman,Casselman Lagoons,224 LAURIER ST,CASSELMAN,Municipal Sewage,Cornwall,Flow,Approval / Permit Non-Compliance,10/01/2022,12/31/2022,"267,650",m³,seasonal,1,288874,288874,Action Plan Submitted,Addressed w/o Intervention
The Corporation of the Nation Municipality,St. Albert WSP Lagoon,"1665 ROUTE 900 WEST, ST-ALBERT, ON, K0A 3C0",ST-ALBERT,Municipal Sewage,Cornwall,HYDROGEN SULPHIDE,Approval / Permit Non-Compliance,03/01/2022,03/31/2022,0.89,mg/L,/mon,1,1.32,1.32,Resolved w/o Actions Required,Voluntary Abatement Program Underway
The Corporation of the Nation Municipality,St. Albert WSP Lagoon,"1665 ROUTE 900 WEST, ST-ALBERT, ON, K0A 3C0",ST-ALBERT,Municipal Sewage,Cornwall,HYDROGEN SULPHIDE,Approval / Permit Non-Compliance,03/01/2022,03/31/2022,42,kg,/mon,1,74,74,Resolved w/o Actions Required,Voluntary Abatement Program Underway
KINGSTON,Cataraqui Bay (Kingston West) Wastewater Treatment Plant,"409 FRONT RD, KINGSTON, ON K7M 5R8",KINGSTON,Municipal Sewage,Kingston,"PHOSPHORUS, TOTAL",Approval / Permit Non-Compliance,08/01/2022,08/31/2022,1,mg/L,/mon,1,1.16,1.16,Operational Process Modified,Addressed w/o Intervention
KINGSTON,Cataraqui Bay (Kingston West) Wastewater Treatment Plant,"409 FRONT RD, KINGSTON, ON K7M 5R8",KINGSTON,Municipal Sewage,Kingston,"PHOSPHORUS, TOTAL",Approval / Permit Non-Compliance,10/01/2022,10/31/2022,1.01,mg/L,/mon,1,1.03,1.03,Operational Process Modified,Addressed w/o Intervention
KINGSTON,Cataraqui Bay (Kingston West) Wastewater Treatment Plant,"409 FRONT RD, KINGSTON, ON K7M 5R8",KINGSTON,Municipal Sewage,Kingston,"PHOSPHORUS, TOTAL",Approval / Permit Non-Compliance,11/01/2022,11/30/2022,1,mg/L,/mon,1,1.1,1.1,Operational Process Modified,Addressed w/o Intervention
OPINICON INC.,Opinicon Resort,"1697 CHAFFEY'S LOCK RD, RIDEAU LAKES, ON K0G 1E0",RIDEAU LAKES,Miscellaneous Communal,Kingston,TOTAL SUSPENDED SOLIDS,Approval / Permit Non-Compliance,01/28/2022,12/06/2022,20, mg/L,any,5,25,128,Other,Assessment Underway
OPINICON INC.,Opinicon Resort,"1697 CHAFFEY'S LOCK RD, RIDEAU LAKES, ON K0G 1E0",RIDEAU LAKES,Miscellaneous Communal,Kingston,TOTAL SUSPENDED SOLIDS,Approval / Permit Non-Compliance,05/31/2022,06/23/2022,20, mg/L,any,2,30,38,Other,Assessment Underway
OPINICON INC.,Opinicon Resort,"1697 CHAFFEY'S LOCK RD, RIDEAU LAKES, ON K0G 1E0",RIDEAU LAKES,Miscellaneous Communal,Kingston,TOTAL SUSPENDED SOLIDS,Approval / Permit Non-Compliance,05/31/2022,05/31/2022,20,mg/L,any,1,30,30,Other,Assessment Underway
OPINICON INC.,Opinicon Resort,"1697 CHAFFEY'S LOCK RD, RIDEAU LAKES, ON K0G 1E0",RIDEAU LAKES,Miscellaneous Communal,Kingston,CARBONACEOUS BIOCHEMICAL OXYGEN DEMAND,Approval / Permit Non-Compliance,06/23/2022,08/26/2022,20, mg/L,any,3,91,130,Other,Assessment Underway
ST. LAWRENCE PARKS COMMISSION,Ivy Lea Campground,"649 THOUSAND ISLANDS PKY, LEEDS AND THE THOUSAND ISLANDS, ON K0E 1L0",LEEDS AND THE THOUSAND ISLANDS,Miscellaneous Communal,Kingston,"PHOSPHORUS, TOTAL",Approval / Permit Non-Compliance,05/24/2022,10/11/2022,1,mg/L,seasonal avg,1,1.41,1.41,Other,Assessment Underway
The Corporation of Loyalist Township,Amherstview WPCP,4326 Taylor Kidd Blvd ,Loyalist,Municipal Sewage,Kingston,ESCHERICHIA COLI,Approval / Permit Non-Compliance,07/01/2022,07/31/2022,200,CT/100mL,mon avg. on a geo. mean density,1,422,840,Operational Process Modification,Assessment Complete - No Action Required
The Corporation of Loyalist Township,Amherstview WPCP,4326 Taylor Kidd Blvd ,Loyalist,Municipal Sewage,Kingston,ESCHERICHIA COLI,Approval / Permit Non-Compliance,08/01/2022,08/31/2022,200,CT/100mL,mon avg. on a geo. mean density,1,1124,12300,Operational Process Modification,Assessment Complete - No Action Required
The Corporation of Loyalist Township,Amherstview WPCP,4326 Taylor Kidd Blvd ,Loyalist,Municipal Sewage,Kingston,ESCHERICHIA COLI,Approval / Permit Non-Compliance,09/01/2022,09/30/2022,200,CT/100mL,mon avg. on a geo. mean density,1,408,640,Operational Process Modification,Assessment Complete - No Action Required
The Corporation of Loyalist Township,Amherstview WPCP,4326 Taylor Kidd Blvd ,Loyalist,Municipal Sewage,Kingston,ESCHERICHIA COLI,Approval / Permit Non-Compliance,10/01/2022,10/31/2022,200,CT/100mL,mon avg. on a geo. mean density,1,224,500,Operational Process Modification,Assessment Complete - No Action Required
The Corporation of Loyalist Township,Amherstview WPCP,4326 Taylor Kidd Blvd ,Loyalist,Municipal Sewage,Kingston,PH - HIGH,Approval / Permit Non-Compliance,10/04/2022,10/31/2022,9.5,pH,any,4,9.6,9.84,Additional Monitoring Underway,Assessment Complete - No Action Required
The Corporation of Loyalist Township,Amherstview WPCP,4326 Taylor Kidd Blvd ,Loyalist,Municipal Sewage,Kingston,PH - HIGH,Approval / Permit Non-Compliance,11/14/2022,11/18/2022,9.5,pH,any,5,9.71,9.87,Operational Process Modification,Assessment Complete - No Action Required
The Corporation of Loyalist Township,Bath Water Pollution Control Plant,50 Sir John Johnson Dr Bath,Loyalist,Municipal Sewage,Kingston,"PHOSPHORUS, TOTAL",Approval / Permit Non-Compliance,01/01/2022,01/31/2022,1,mg/L,mon avg,1,1.1,1.1,Operational Process Modification,Assessment Complete - Incident Resolved
Boundary Road Development Inc.,Boundary Road Distribution Centre,5225 Boundary Rd,Ottawa,Miscellaneous Communal,Ottawa,PH - LOW,Approval / Permit Non-Compliance,06/10/2022,06/10/2022,6,pH,any,1,5.3,5.3,"Action Plan Submitted - Implementing Improvements, Additional Monitoring Underway",Assessment Complete - Incident Resolved
Greely Village Centre Owners Association Inc.,Greely Village Centre Water's Edge,South of Parkway Road East of Bank Street and west of Sales Barn Road Part of Lots 73 and 74 Concession 5 RCP 902,Ottawa,Miscellaneous Communal,Ottawa,TOTAL SUSPENDED SOLIDS,Approval / Permit Non-Compliance,05/01/2022,05/31/2022,10,mg/L,mon avg,1,11.2,11.2,Action Plan Submitted - Implementing Improvements; Equipment Modified - Repaired - Replaced or Re-calibrated,Assessment Complete - No Action Required
Greely Village Centre Owners Association Inc.,Greely Village Centre Water's Edge,South of Parkway Road East of Bank Street and west of Sales Barn Road Part of Lots 73 and 74 Concession 5 RCP 902,Ottawa,Miscellaneous Communal,Ottawa,TOTAL SUSPENDED SOLIDS,Approval / Permit Non-Compliance,08/01/2022,08/31/2022,10,mg/L,mon avg,1,10.4,10.4,Action Plan Submitted - Implementing Improvements,Assessment Complete - No Action Required
Greely Village Centre Owners Association Inc.,Greely Village Centre Water's Edge,South of Parkway Road East of Bank Street and west of Sales Barn Road Part of Lots 73 and 74 Concession 5 RCP 902,Ottawa,Miscellaneous Communal,Ottawa,"PHOSPHORUS, TOTAL",Approval / Permit Non-Compliance,08/01/2022,08/31/2022,0.1,mg/L,mon avg,1,0.23,0.23,Action Plan Submitted - Implementing Improvements,Assessment Complete - No Action Required
Greely Village Centre Owners Association Inc.,Greely Village Centre Water's Edge,South of Parkway Road East of Bank Street and west of Sales Barn Road Part of Lots 73 and 74 Concession 5 RCP 902,Ottawa,Miscellaneous Communal,Ottawa,NITRATE (AS NITROGEN),Approval / Permit Non-Compliance,09/01/2022,09/30/2022,15,mg/L,mon avg,1,16.4,16.4,Equipment Modified - Repaired - Replaced or Re-calibrated,Assessment Complete - No Action Required
Greely Village Centre Owners Association Inc.,Greely Village Centre Water's Edge,South of Parkway Road East of Bank Street and west of Sales Barn Road Part of Lots 73 and 74 Concession 5 RCP 902,Ottawa,Miscellaneous Communal,Ottawa,"PHOSPHORUS, TOTAL",Approval / Permit Non-Compliance,09/01/2022,09/30/2022,0.1,mg/L,mon avg,1,0.13,0.13,Equipment Modified - Repaired - Replaced or Re-calibrated,Assessment Complete - No Action Required
"The Corporation of the Town of Carleton Place
",Carleton Place Water Pollution Control Plant,122 Patterson Cres,Carleton Place,Municipal Sewage,Ottawa,TOTAL AMMONIA NITROGEN,Approval / Permit Non-Compliance,06/01/2022,06/30/2022,4,mg/L,mon avg,1,8.8,8.8,Other,Assessment Complete - No Action Required
The Corporation of the Township of Madawaska Valley,Barry's Bay Sewage Treatment Plant,107 Lakeshore Dr,Madawaska Valley,Municipal Sewage,Ottawa,TOTAL SUSPENDED SOLIDS,Approval / Permit Non-Compliance,10/01/2022,10/31/2022,15,mg/L,mon avg,1,17,17,Action Plan Submitted - Implementing Improvements; Operational Process Modification,Voluntary Abatement Program Underway
The Corporation of the Township of Madawaska Valley,Barry's Bay Sewage Treatment Plant,107 Lakeshore Dr,Madawaska Valley,Municipal Sewage,Ottawa,"PHOSPHORUS, TOTAL",Approval / Permit Non-Compliance,10/01/2022,10/31/2022,0.2,mg/L,mon avg,1,0.5,0.5,Action Plan Submitted - Implementing Improvements; Operational Process Modification,Voluntary Abatement Program Underway
The Corporation of the Township of Madawaska Valley,Barry's Bay Sewage Treatment Plant,107 Lakeshore Dr,Madawaska Valley,Municipal Sewage,Ottawa,ESCHERICHIA COLI,Approval / Permit Non-Compliance,10/01/2022,10/31/2022,200,CT/100mL,mon avg. on a geo. mean density,1,1113,1113,Action Plan Submitted - Implementing Improvements; Operational Process Modification,Voluntary Abatement Program Underway
BURLEIGH FALLS INN & SUITES,Burleigh Falls Inn & Suites,"4791 HIGHWAY 28, NORTH KAWARTHA, ON K0L 2H0",NORTH KAWARTHA,Miscellaneous Communal,Peterborough,TOTAL AMMONIA NITROGEN,Approval / Permit Non-Compliance,06/01/2022,10/31/2022,2, mg/L,/d,4,2.4,12,Equipment Modified/Repaired,Event Resolved
CAPREIT Apartments Inc.,Sunny Creek Estates,63 Whites Rd,Quinte West,Miscellaneous Communal,Peterborough,TOTAL SUSPENDED SOLIDS,Approval / Permit Non-Compliance,01/31/2022,01/31/2022,15,mg/L,mon avg,1,19,19,Operational Process Modification,Assessment Complete - No Action Required
CAPREIT Apartments Inc.,Sunny Creek Estates,63 Whites Rd,Quinte West,Miscellaneous Communal,Peterborough,TOTAL SUSPENDED SOLIDS,Approval / Permit Non-Compliance,02/28/2022,02/28/2022,15,mg/L,mon avg,1,17,17,Operational Process Modification,Assessment Complete - No Action Required
CAPREIT Apartments Inc.,Sunny Creek Estates,63 Whites Rd,Quinte West,Miscellaneous Communal,Peterborough,CARBONACEOUS BIOCHEMICAL OXYGEN DEMAND,Approval / Permit Non-Compliance,02/28/2022,02/28/2022,25,mg/L,mon avg,1,28,28,Operational Process Modification,Assessment Complete - No Action Required
CAPREIT Apartments Inc.,Sunny Creek Estates,63 Whites Rd,Quinte West,Miscellaneous Communal,Peterborough,TOTAL SUSPENDED SOLIDS,Approval / Permit Non-Compliance,03/31/2022,03/31/2022,15,mg/L,mon avg,1,17,17,Operational Process Modification,Assessment Complete - No Action Required
CAPREIT Apartments Inc.,Sunny Creek Estates,63 Whites Rd,Quinte West,Miscellaneous Communal,Peterborough,TOTAL SUSPENDED SOLIDS,Approval / Permit Non-Compliance,12/31/2022,12/31/2022,15,mg/L,mon avg,1,27,27,Action Plan Submitted - Implementing Improvements; Additional Monitoring Underway,Assessment Complete - Incident Resolved
HK TRAVEL CENTRES,Port Hope ONroute Service Station,"LOT:31 AND 32, CONCESSION:2, GEOTOWNSHIP:PORT HOPE, PORT HOPE, ON ",PORT HOPE,Miscellaneous Communal,Peterborough,TOTAL SUSPENDED SOLIDS,Approval / Permit Non-Compliance,03/01/2022,03/31/2022,10,mg/L,mon avg,1,10.8,10.8,Resolved w/o Actions Required,Addressed w/o Intervention
HK TRAVEL CENTRES,Port Hope ONroute Service Station,"LOT:31 AND 32, CONCESSION:2, GEOTOWNSHIP:PORT HOPE, PORT HOPE, ON ",PORT HOPE,Miscellaneous Communal,Peterborough,TOTAL SUSPENDED SOLIDS,Approval / Permit Non-Compliance,10/01/2022,10/31/2022,10,mg/L,mon avg,1,10.8,10.8,Resolved w/o Actions Required,Addressed w/o Intervention
HK TRAVEL CENTRES,Port Hope ONroute Service Station,"LOT:31 AND 32, CONCESSION:2, GEOTOWNSHIP:PORT HOPE, PORT HOPE, ON ",PORT HOPE,Miscellaneous Communal,Peterborough,"PHOSPHORUS, TOTAL",Approval / Permit Non-Compliance,11/01/2022,11/30/2022,0.3,mg/L,mon avg,1,0.59,0.59,Other,Addressed w/o Intervention
HK TRAVEL CENTRES,Port Hope ONroute Service Station,"LOT:31 AND 32, CONCESSION:2, GEOTOWNSHIP:PORT HOPE, PORT HOPE, ON ",PORT HOPE,Miscellaneous Communal,Peterborough,TOTAL SUSPENDED SOLIDS,Approval / Permit Non-Compliance,12/01/2022,12/31/2022,10,mg/L,mon avg,1,12.5,12.5,Resolved w/o Actions Required,Addressed w/o Intervention
The Corporation of the City of Kawartha Lakes,Fenelon Falls Water Pollution Control Plant,"216 ELLICE ST, FENELON FALLS",KAWARTHA LAKES,Municipal Sewage,Peterborough,"PHOSPHORUS, TOTAL",Approval / Permit Non-Compliance,01/01/2022,01/31/2022,0.5,mg/L,mon avg,1,0.7,0.7,Equipment Modified/Repaired,Addressed w/o Intervention
The Corporation of the City of Kawartha Lakes,Fenelon Falls Water Pollution Control Plant,"216 ELLICE ST, FENELON FALLS",KAWARTHA LAKES,Municipal Sewage,Peterborough,TOTAL AMMONIA NITROGEN,Approval / Permit Non-Compliance,01/01/2022,01/31/2022,7,mg/L,mon avg,1,8.49,8.49,Equipment Modified/Repaired,Addressed w/o Intervention
The Corporation of the City of Kawartha Lakes,Fenelon Falls Water Pollution Control Plant,"216 ELLICE ST, FENELON FALLS",KAWARTHA LAKES,Municipal Sewage,Peterborough,TOTAL AMMONIA NITROGEN,Approval / Permit Non-Compliance,02/01/2022,02/28/2022,7,mg/L,mon avg,1,7.78,7.78,Equipment Modified/Repaired,Addressed w/o Intervention
The Corporation of the City of Kawartha Lakes,Fenelon Falls Water Pollution Control Plant,"216 ELLICE ST, FENELON FALLS",KAWARTHA LAKES,Municipal Sewage,Peterborough,TOTAL AMMONIA NITROGEN,Approval / Permit Non-Compliance,03/01/2022,03/31/2022,7,mg/L,mon avg,1,8.12,8.12,Equipment Modified/Repaired,Addressed w/o Intervention
The Corporation of the City of Kawartha Lakes,Fenelon Falls Water Pollution Control Plant,"216 ELLICE ST, FENELON FALLS",KAWARTHA LAKES,Municipal Sewage,Peterborough,TOTAL AMMONIA NITROGEN,Approval / Permit Non-Compliance,03/01/2022,03/31/2022,12.6,kg/d,mon avg,1,15.18,15.18,Equipment Modified/Repaired,Addressed w/o Intervention
The Corporation of the City of Kawartha Lakes,Fenelon Falls Water Pollution Control Plant,"216 ELLICE ST, FENELON FALLS",KAWARTHA LAKES,Municipal Sewage,Peterborough,TOTAL AMMONIA NITROGEN,Approval / Permit Non-Compliance,04/01/2022,04/30/2022,3.5,mg/L,mon avg,1,6.71,6.71,Equipment Modified/Repaired,Addressed w/o Intervention
The Corporation of the City of Kawartha Lakes,Fenelon Falls Water Pollution Control Plant,"216 ELLICE ST, FENELON FALLS",KAWARTHA LAKES,Municipal Sewage,Peterborough,TOTAL AMMONIA NITROGEN,Approval / Permit Non-Compliance,04/01/2022,04/30/2022,6.3,kg/d,mon avg,1,10.09,10.09,Equipment Modified/Repaired,Addressed w/o Intervention
The Corporation of the City of Kawartha Lakes,Fenelon Falls Water Pollution Control Plant,"216 ELLICE ST, FENELON FALLS",KAWARTHA LAKES,Municipal Sewage,Peterborough,PH - LOW,Approval / Permit Non-Compliance,08/22/2022,08/22/2022,6,pH,any,1,5.92,5.92,Operational Process Modified,Addressed w/o Intervention
SELWYN,Lakefield Wastewater Treatment Plant,1256 County Road 33,Selwyn,Municipal Sewage,Peterborough,TOTAL AMMONIA NITROGEN,Approval / Permit Non-Compliance,08/01/2022,08/31/2022,3,mg/L,mon avg,1,4.8,4.8,Operational Process Modification,Assessment Complete - Incident Resolved
The Corporation of the City of Kawartha Lakes,Lindsay Water Pollution Control Plant,48 Lagoon Rd,Kawartha Lakes,Municipal Sewage,Peterborough,TOTAL AMMONIA NITROGEN,Approval / Permit Non-Compliance,02/01/2022,02/28/2022,3,mg/L, /mon,1,3.25,3.25,Action Plan Submitted - Implementing Improvements,Voluntary Abatement Program Underway
The Corporation of the City of Kawartha Lakes,Lindsay Water Pollution Control Plant,48 Lagoon Rd,Kawartha Lakes,Municipal Sewage,Peterborough,TOTAL AMMONIA NITROGEN,Approval / Permit Non-Compliance,03/01/2022,03/31/2022,3,mg/L, /mon,1,5.1,5.1,New Equipment or Treatment Process Installed,Voluntary Abatement Program Underway
The Corporation of the City of Kawartha Lakes,Lindsay Water Pollution Control Plant,48 Lagoon Rd,Kawartha Lakes,Municipal Sewage,Peterborough,TOTAL AMMONIA NITROGEN,Approval / Permit Non-Compliance,03/01/2022,03/31/2022,64.5,kg/d, /mon,1,95.8,95.8,New Equipment or Treatment Process Installed,Voluntary Abatement Program Underway
The Corporation of the City of Kawartha Lakes,Lindsay Water Pollution Control Plant,48 Lagoon Rd,Kawartha Lakes,Municipal Sewage,Peterborough,TOTAL AMMONIA NITROGEN,Approval / Permit Non-Compliance,04/01/2022,04/30/2022,3,mg/L, /mon,1,9.28,9.28,Equipment Modified - Repaired - Replaced or Re-calibrated,Voluntary Abatement Program Underway
The Corporation of the City of Kawartha Lakes,Lindsay Water Pollution Control Plant,48 Lagoon Rd,Kawartha Lakes,Municipal Sewage,Peterborough,TOTAL AMMONIA NITROGEN,Approval / Permit Non-Compliance,04/01/2022,04/30/2022,64.5,kg/d, /mon,1,134.97,134.97,Equipment Modified - Repaired - Replaced or Re-calibrated,Voluntary Abatement Program Underway
The Corporation of the City of Kawartha Lakes,Lindsay Water Pollution Control Plant,48 Lagoon Rd,Kawartha Lakes,Municipal Sewage,Peterborough,TOTAL AMMONIA NITROGEN,Approval / Permit Non-Compliance,05/01/2022,05/31/2022,1.5,mg/L, /mon,1,11.26,11.26,Action Plan Submitted - Implementing Improvements,Voluntary Abatement Program Underway
The Corporation of the City of Kawartha Lakes,Lindsay Water Pollution Control Plant,48 Lagoon Rd,Kawartha Lakes,Municipal Sewage,Peterborough,TOTAL AMMONIA NITROGEN,Approval / Permit Non-Compliance,05/01/2022,05/31/2022,32.3,kg/d, /mon,1,142.71,142.71,Action Plan Submitted - Implementing Improvements,Voluntary Abatement Program Underway
The Corporation of the City of Kawartha Lakes,Lindsay Water Pollution Control Plant,48 Lagoon Rd,Kawartha Lakes,Municipal Sewage,Peterborough,TOTAL AMMONIA NITROGEN,Approval / Permit Non-Compliance,06/01/2022,06/30/2022,1.5,mg/L, /mon,1,14.23,14.23,Action Plan Submitted - Implementing Improvements,Voluntary Abatement Program Underway
The Corporation of the City of Kawartha Lakes,Lindsay Water Pollution Control Plant,48 Lagoon Rd,Kawartha Lakes,Municipal Sewage,Peterborough,TOTAL AMMONIA NITROGEN,Approval / Permit Non-Compliance,06/01/2022,06/30/2022,32.3,kg/d, /mon,1,191.51,191.51,Action Plan Submitted - Implementing Improvements,Voluntary Abatement Program Underway
The Corporation of the City of Kawartha Lakes,Lindsay Water Pollution Control Plant,48 Lagoon Rd,Kawartha Lakes,Municipal Sewage,Peterborough,TOTAL AMMONIA NITROGEN,Approval / Permit Non-Compliance,07/01/2022,07/31/2022,1.5,mg/L, /mon,1,18,18,Equipment Modified - Repaired - Replaced or Re-calibrated,Voluntary Abatement Program Underway
The Corporation of the City of Kawartha Lakes,Lindsay Water Pollution Control Plant,48 Lagoon Rd,Kawartha Lakes,Municipal Sewage,Peterborough,TOTAL AMMONIA NITROGEN,Approval / Permit Non-Compliance,07/01/2022,07/31/2022,32.3,kg/d, /mon,1,180.56,180.56,Equipment Modified - Repaired - Replaced or Re-calibrated,Voluntary Abatement Program Underway
The Corporation of the City of Kawartha Lakes,Lindsay Water Pollution Control Plant,48 Lagoon Rd,Kawartha Lakes,Municipal Sewage,Peterborough,TOTAL AMMONIA NITROGEN,Approval / Permit Non-Compliance,08/01/2022,08/31/2022,1.5,mg/L, /mon,1,17.4,17.4,Action Plan Submitted - Implementing Improvements,Voluntary Abatement Program Underway
The Corporation of the City of Kawartha Lakes,Lindsay Water Pollution Control Plant,48 Lagoon Rd,Kawartha Lakes,Municipal Sewage,Peterborough,TOTAL AMMONIA NITROGEN,Approval / Permit Non-Compliance,08/01/2022,08/31/2022,32.3,kg/d, /mon,1,146.86,146.86,Action Plan Submitted - Implementing Improvements,Voluntary Abatement Program Underway
The Corporation of the City of Kawartha Lakes,Lindsay Water Pollution Control Plant,48 Lagoon Rd,Kawartha Lakes,Municipal Sewage,Peterborough,TOTAL AMMONIA NITROGEN,Approval / Permit Non-Compliance,09/01/2022,09/30/2022,1.5,mg/L, /mon,1,11.42,11.42,New Equipment or Treatment Process Installed,Voluntary Abatement Program Underway
The Corporation of the City of Kawartha Lakes,Lindsay Water Pollution Control Plant,48 Lagoon Rd,Kawartha Lakes,Municipal Sewage,Peterborough,TOTAL AMMONIA NITROGEN,Approval / Permit Non-Compliance,09/01/2022,09/30/2022,32.3,kg/d, /mon,1,104.06,104.06,New Equipment or Treatment Process Installed,Voluntary Abatement Program Underway
The Corporation of the City of Peterborough,Peterborough Waste Water Treatment Plant,425 Kennedy Rd  ,Peterborough,Municipal Sewage,Peterborough,"PHOSPHORUS, TOTAL",Approval / Permit Non-Compliance,08/01/2022,08/31/2022,0.35,mg/L,mon avg,1,0.61,0.61,Action Plan Submitted - Implementing Improvements,Assessment Complete - Incident Resolved
The Corporation of the City of Peterborough,Peterborough Waste Water Treatment Plant,425 Kennedy Rd  ,Peterborough,Municipal Sewage,Peterborough,TOTAL SUSPENDED SOLIDS,Approval / Permit Non-Compliance,08/01/2022,08/31/2022,10,mg/L,mon avg,1,22.8,22.8,Action Plan Submitted - Implementing Improvements,Assessment Complete - Incident Resolved
The Corporation of the City of Peterborough,Peterborough Waste Water Treatment Plant,425 Kennedy Rd  ,Peterborough,Municipal Sewage,Peterborough,"PHOSPHORUS, TOTAL",Approval / Permit Non-Compliance,09/01/2022,09/30/2022,0.39,mg/L,mon avg,1,0.43,0.43,Additional Monitoring Underway; Equipment Modified - Repaired - Replaced or Re-calibrated; Operational Process Modification,Voluntary Abatement Program Underway
The Corporation of the City of Peterborough,Peterborough Waste Water Treatment Plant,425 Kennedy Rd  ,Peterborough,Municipal Sewage,Peterborough,TOTAL AMMONIA NITROGEN,Approval / Permit Non-Compliance,09/01/2022,09/30/2022,6,mg/L,mon avg,1,8.6,8.6,Additional Monitoring Underway; Equipment Modified - Repaired - Replaced or Re-calibrated; Operational Process Modification,Voluntary Abatement Program Underway
The Corporation of the City of Peterborough,Peterborough Waste Water Treatment Plant,425 Kennedy Rd  ,Peterborough,Municipal Sewage,Peterborough,"PHOSPHORUS, TOTAL",Approval / Permit Non-Compliance,10/01/2022,10/31/2022,0.39,mg/L,mon avg,1,0.57,0.57,Action Plan Submitted - Implementing Improvements,Voluntary Abatement Program Underway
The Corporation of the City of Peterborough,Peterborough Waste Water Treatment Plant,425 Kennedy Rd  ,Peterborough,Municipal Sewage,Peterborough,ESCHERICHIA COLI,Approval / Permit Non-Compliance,10/01/2022,10/31/2022,200,CT/100mL,mon avg. on a geo. mean density,1,224,224,Action Plan Submitted - Implementing Improvements,Voluntary Abatement Program Underway
The Corporation of the Municipality of Brighton,Brighton Lagoon,100 County Road 64,Brighton,Municipal Sewage,Peterborough,TOTAL AMMONIA NITROGEN,Approval / Permit Non-Compliance,01/01/2022,01/31/2022,17,mg/L,mon avg,1,18.43,18.43,Conducting Study; New/Amended Approval; Operational Process Modification,Assessment Underway; Technical Standard under development; Voluntary Abatement Program Underway
The Corporation of the Municipality of Brighton,Brighton Lagoon,100 County Road 64,Brighton,Municipal Sewage,Peterborough,TOTAL AMMONIA NITROGEN,Approval / Permit Non-Compliance,02/01/2022,02/28/2022,17,mg/L,mon avg,1,19.6,19.6,New/Modified Sampling Program Underway; Operational Process Modification; Other,Assessment Underway; Other Abatement Action Taken; Technical Standard under development
The Corporation of the Municipality of Brighton,Brighton Lagoon,100 County Road 64,Brighton,Municipal Sewage,Peterborough,TOTAL AMMONIA NITROGEN,Approval / Permit Non-Compliance,05/01/2022,05/31/2022,14,mg/L,mon avg,1,15.5,15.5,Conducting Study; Operational Process Modification; Other,Assessment Underway; Other Abatement Action Taken; Voluntary Abatement Program Underway
The Corporation of the Municipality of Brighton,Brighton Lagoon,100 County Road 64,Brighton,Municipal Sewage,Peterborough,TOTAL AMMONIA NITROGEN,Approval / Permit Non-Compliance,06/01/2022,06/30/2022,14,mg/L,mon avg,1,20.2,20.2,Conducting Study; Operational Process Modification; Other,Assessment Underway; Other Abatement Action Taken; Voluntary Abatement Program Underway
The Corporation of the Municipality of Brighton,Brighton Lagoon,100 County Road 64,Brighton,Municipal Sewage,Peterborough,TOTAL AMMONIA NITROGEN,Approval / Permit Non-Compliance,07/01/2022,07/31/2022,14,mg/L,mon avg,1,16.5,16.5,Conducting Study; Operational Process Modification; Other,Other Action Taken
The Corporation of the Municipality of Port Hope,Port Hope Wastewater Treatment Plant,100 Lake St,Port Hope,Municipal Sewage,Peterborough,TOTAL RESIDUAL CHLORINE,Approval / Permit Non-Compliance,07/04/2022,07/04/2022,0.02,mg/L,any,1,0.12,0.12,Equipment Modified - Repaired - Replaced or Re-calibrated,Assessment Complete - Incident Resolved
The Corporation of the Town of Cobourg,Cobourg Water Pollution Control Plant No. 1,420 King St W,Cobourg,Municipal Sewage,Peterborough,TOTAL AMMONIA NITROGEN,Approval / Permit Non-Compliance,01/01/2022,01/31/2022,6,mg/L,mon avg,1,7.7,7.7,Operational Process Modification,Assessment Underway; Other Abatement Action Taken
The Corporation of the Town of Cobourg,Cobourg Water Pollution Control Plant No. 1,420 King St W,Cobourg,Municipal Sewage,Peterborough,TOTAL AMMONIA NITROGEN,Approval / Permit Non-Compliance,02/01/2022,02/28/2022,6,mg/L,mon avg,1,11.86,11.86,Other,Assessment Underway; Voluntary Abatement Program Underway
The Corporation of the Town of Cobourg,Cobourg Water Pollution Control Plant No. 1,420 King St W,Cobourg,Municipal Sewage,Peterborough,TOTAL AMMONIA NITROGEN,Approval / Permit Non-Compliance,02/01/2022,02/28/2022,82,kg/d,mon avg,1,97.4,97.4,Other,Assessment Underway; Voluntary Abatement Program Underway
The Corporation of the Town of Cobourg,Cobourg Water Pollution Control Plant No. 1,420 King St W,Cobourg,Municipal Sewage,Peterborough,TOTAL AMMONIA NITROGEN,Approval / Permit Non-Compliance,04/01/2022,04/30/2022,6,mg/L,mon avg,1,9.9,9.9,Conducting Study,Assessment Underway; Voluntary Abatement Program Underway
The Corporation of the Town of Cobourg,Cobourg Water Pollution Control Plant No. 1,420 King St W,Cobourg,Municipal Sewage,Peterborough,TOTAL AMMONIA NITROGEN,Approval / Permit Non-Compliance,04/01/2022,04/30/2022,82,kg/d,mon avg,1,87.5,87.5,Conducting Study,Assessment Underway; Voluntary Abatement Program Underway
The Corporation of the Town of Cobourg,Cobourg Water Pollution Control Plant No. 1,420 King St W,Cobourg,Municipal Sewage,Peterborough,TOTAL AMMONIA NITROGEN,Approval / Permit Non-Compliance,05/01/2022,05/31/2022,4,mg/L,mon avg,1,13.2,13.2,Action Plan Submitted - Implementing Improvements; Conducting Study,Assessment Underway; Other Abatement Action Taken
The Corporation of the Township of Asphodel-Norwood,Norwood Water Pollution Control Plant,34 Industrial Dr,Asphodel-Norwood,Municipal Sewage,Peterborough,TOTAL AMMONIA NITROGEN,Approval / Permit Non-Compliance,01/01/2022,01/31/2022,6.6,mg/L,mon avg,1,8.2,8.2,Equipment Modified - Repaired - Replaced or Re-calibrated; Other,Assessment Complete - No Action Required
The Corporation of the Township of Asphodel-Norwood,Norwood Water Pollution Control Plant,34 Industrial Dr,Asphodel-Norwood,Municipal Sewage,Peterborough,TOTAL AMMONIA NITROGEN,Approval / Permit Non-Compliance,02/01/2022,02/28/2022,6.6,mg/L,mon avg,1,7.36,7.36,Additional Monitoring Underway,Assessment Complete - No Action Required
The Corporation of the Township of Cramahe,Colborne Water Pollution Control Plant,1108 Ontario Street,Cramahe,Municipal Sewage,Peterborough,ESCHERICHIA COLI,Approval / Permit Non-Compliance,09/01/2022,09/30/2022,200,CT/100mL,mon avg. on a geo. mean density,1,234.3,234.3,Equipment Modified - Repaired - Replaced or Re-calibrated,Assessment Underway
The Corporation of the Town of Fort Frances,Fort Frances Waste Water Treatment Plant,320 Portage Ave,Fort Frances,Municipal Sewage,Kenora,ESCHERICHIA COLI,Approval / Permit Non-Compliance,04/01/2022,04/30/2022,200,CT/100mL,mon avg. on a geo. mean density,1,742.14,742.14,Operational Process Modification,Assessment Complete - Incident Resolved
"The Corporation of the Township of Ignace
",Ignace Water Pollution Control Plant,600 Highway 17 - West Part of Lot 22 Part 4 Ref. Plan M-292 behind the Ambulance Services building,IGNACE,Municipal Sewage,Kenora,ESCHERICHIA COLI,Approval / Permit Non-Compliance,01/01/2022,01/31/2022,200,CT/100mL,mon avg. on a geo. mean density,1,279,279,Action Plan Submitted - Implementing Improvements; Operational Process Modification,Voluntary Abatement Program Underway
"The Corporation of the Township of Ignace
",Ignace Water Pollution Control Plant,600 Highway 17 - West Part of Lot 22 Part 4 Ref. Plan M-292 behind the Ambulance Services building,IGNACE,Municipal Sewage,Kenora,ESCHERICHIA COLI,Approval / Permit Non-Compliance,03/01/2022,03/31/2022,200,CT/100mL,mon avg. on a geo. mean density,1,682,682,Equipment Modified - Repaired - Replaced or Re-calibrated; Operational Process Modification,Voluntary Abatement Program Underway
Township of Chapple,Barwick Wastewater Treatment Lagoon,"Lot 46, 47 Chapple Township","Lot 46, 47 Chapple Township",Municipal Sewage,Kenora,PH - HIGH,Approval / Permit Non-Compliance,05/28/2022,06/09/2022,9.5,pH, /d,9,9.65,10.05,Operational Process Modification,Assessment Complete - Incident Resolved
Township of Chapple,Barwick Wastewater Treatment Lagoon,"Lot 46, 47 Chapple Township","Lot 46, 47 Chapple Township",Municipal Sewage,Kenora,TOTAL SUSPENDED SOLIDS,Approval / Permit Non-Compliance,11/22/2022,11/30/2022,30,mg/L,seasonal avg,1,147.3,147.3,Operational Process Modification,Other Action Taken
The Corporation of the City of North Bay,North Bay Sewage Treatment Plant,650 Memorial Dr Lot 20 Concession D.,north bay,Municipal Sewage,North Bay,PH - LOW,Approval / Permit Non-Compliance,06/21/2022,06/21/2022,6,pH,any,1,5.94,5.94,Operational Process Modification,Assessment Complete - No Action Required
The Corporation of the City of North Bay,North Bay Sewage Treatment Plant,650 Memorial Dr Lot 20 Concession D.,north bay,Municipal Sewage,North Bay,PH - LOW,Approval / Permit Non-Compliance,06/28/2022,06/28/2022,6,pH,any,1,5.9,5.9,Operational Process Modification,Assessment Complete - No Action Required
The Corporation of the City of Temiskaming Shores,Haileybury Wastewater Treatment Plant,100 View St,Haileybury,Municipal Sewage,North Bay,ESCHERICHIA COLI,Approval / Permit Non-Compliance,05/31/2022,05/31/2022,200,CT/100mL,mon avg. on a geo. mean density,1,767,767,Equipment Modified - Repaired - Replaced or Re-calibrated; New Equipment or Treatment Process Installed,Other Action Taken
The Corporation of the Municipality of West Nipissing,Field Sewage Treatment Plant,"Lot: 14, Concession: 5,  Geographic Township: FIELD","Lot: 14, Concession: 5,  Geographic Township: FIELD",Municipal Sewage,North Bay,TOTAL AMMONIA NITROGEN,Approval / Permit Non-Compliance,09/01/2022,09/30/2022,7.1,mg/L,mon avg,1,9.8,9.8,Operational Process Modification,Assessment Complete - No Action Required
The Corporation of the Municipality of West Nipissing,Sturgeon Falls Water Pollution Control Centre,315 Third St,West Nipissing,Municipal Sewage,North Bay,PH - LOW,Approval / Permit Non-Compliance,02/07/2022,02/07/2022,6,pH,any,1,5.06,5.06,Operational Process Modification,Assessment Complete - No Action Required
The Corporation of the Town of Englehart,Englehart Sewage Treatment Lagoon,First St,First St,Municipal Sewage,North Bay,PH - HIGH,Approval / Permit Non-Compliance,09/06/2022,09/06/2022,9,pH,any,1,9.11,9.11,Other,Voluntary Abatement Program Underway
The Corporation of the Town of Englehart,Englehart Sewage Treatment Lagoon,First St,First St,Municipal Sewage,North Bay,PH - HIGH,Approval / Permit Non-Compliance,10/12/2022,10/12/2022,9,pH,any,1,9.3,9.3,Operational Process Modification,Voluntary Abatement Program Underway
The Corporation of the Township of Armstrong,Earlton Wastewater Collection and Treatment System,"126101 10th Street, Earlton ",Armstrong Twp.,Municipal Sewage,North Bay,HYDROGEN SULPHIDE,Approval / Permit Non-Compliance,04/26/2022,11/04/2022,0.02,mg/L,any,2,0.04,0.06,Other,Voluntary Abatement Program Underway
HILTON BEACH,Hilton Beach Water Pollution Control Plant,3225 Birch St.,Hilton Beach,Municipal Sewage,Sault Ste. Marie,"PHOSPHORUS, TOTAL",Approval / Permit Non-Compliance,01/01/2022,01/31/2022,1,mg/L,mon avg,1,1.275,1.275,Operational Process Modified,Event Resolved
HILTON BEACH,Hilton Beach Water Pollution Control Plant,3225 Birch St.,Hilton Beach,Municipal Sewage,Sault Ste. Marie,"PHOSPHORUS, TOTAL",Approval / Permit Non-Compliance,01/01/2022,01/31/2022,1,mg/L,mon avg,1,1.275,1.275,Operational Process Modified,Event Resolved
HILTON BEACH,Hilton Beach Water Pollution Control Plant,3225 Birch St.,Hilton Beach,Municipal Sewage,Sault Ste. Marie,"PHOSPHORUS, TOTAL",Approval / Permit Non-Compliance,03/01/2022,03/31/2022,1,mg/L,mon avg,1,1.03,1.03,Operational Process Modified,Event Resolved
HILTON BEACH,Hilton Beach Water Pollution Control Plant,3225 Birch St.,Hilton Beach,Municipal Sewage,Sault Ste. Marie,"PHOSPHORUS, TOTAL",Approval / Permit Non-Compliance,03/01/2022,03/31/2022,1,mg/L,mon avg,1,1.03,1.03,Operational Process Modified,Event Resolved
HILTON BEACH,Hilton Beach Water Pollution Control Plant,3225 Birch St.,Hilton Beach,Municipal Sewage,Sault Ste. Marie,"PHOSPHORUS, TOTAL",Approval / Permit Non-Compliance,06/01/2022,06/30/2022,1,mg/L,mon avg,1,1.2,1.2,Operational Process Modified,Event Resolved
HILTON BEACH,Hilton Beach Water Pollution Control Plant,3225 Birch St.,Hilton Beach,Municipal Sewage,Sault Ste. Marie,"PHOSPHORUS, TOTAL",Approval / Permit Non-Compliance,06/01/2022,06/30/2022,1,mg/L,mon avg,1,1.2,1.2,Operational Process Modified,Event Resolved
"MACDONALD, MEREDITH AND ABERDEEN ADDITIONAL",Echo Bay Water Pollution Control Plant,3121 HWY 17B S,"MACDONALD, MEREDITH AND ABERDEEN ADDITIONAL",Municipal Sewage,Sault Ste. Marie,ESCHERICHIA COLI,Approval / Permit Non-Compliance,08/01/2022,08/31/2022,200,CT/100mL,mon avg. on a geo. mean density,1,263.4,263.4,Equipment Modified/Repaired,Addressed w/o Intervention
"MACDONALD, MEREDITH AND ABERDEEN ADDITIONAL",Echo Bay Water Pollution Control Plant,3121 HWY 17B S,"MACDONALD, MEREDITH AND ABERDEEN ADDITIONAL",Municipal Sewage,Sault Ste. Marie,"PHOSPHORUS, TOTAL",Approval / Permit Non-Compliance,09/01/2022,09/30/2022,1,mg/L,mon avg,1,1.725,1.725,Equipment Modified/Repaired,Addressed w/o Intervention
"MACDONALD, MEREDITH AND ABERDEEN ADDITIONAL",Echo Bay Water Pollution Control Plant,3121 HWY 17B S,"MACDONALD, MEREDITH AND ABERDEEN ADDITIONAL",Municipal Sewage,Sault Ste. Marie,ESCHERICHIA COLI,Approval / Permit Non-Compliance,11/01/2022,11/30/2022,200,CT/100mL,mon avg. on a geo. mean density,1,343.9,343.9,Equipment Modified/Repaired,Addressed w/o Intervention
"MACDONALD, MEREDITH AND ABERDEEN ADDITIONAL",Echo Bay Water Pollution Control Plant,3121 HWY 17B S,"MACDONALD, MEREDITH AND ABERDEEN ADDITIONAL",Municipal Sewage,Sault Ste. Marie,TOTAL SUSPENDED SOLIDS,Approval / Permit Non-Compliance,11/01/2022,11/30/2022,25,mg/L,mon avg,1,26,26,Equipment Modified/Repaired,Addressed w/o Intervention
RUPERT ACRES LIMITED,RUPERT ACRES LIMITED,20 RUPERT ACRES DR,SAULT STE. MARIE,Miscellaneous Communal,Sault Ste. Marie,TOTAL SUSPENDED SOLIDS,Approval / Permit Non-Compliance,01/01/2022,12/31/2022,40,mg/L,annual avg,1,216,216,Other,Assessment Underway
RUPERT ACRES LIMITED,RUPERT ACRES LIMITED,20 RUPERT ACRES DR,SAULT STE. MARIE,Miscellaneous Communal,Sault Ste. Marie,TOTAL SUSPENDED SOLIDS,Approval / Permit Non-Compliance,01/01/2022,12/31/2022,40,mg/L,annual avg,1,123,123,Other,Assessment Underway
RUPERT ACRES LIMITED,RUPERT ACRES LIMITED,20 RUPERT ACRES DR,SAULT STE. MARIE,Miscellaneous Communal,Sault Ste. Marie,TOTAL SUSPENDED SOLIDS,Approval / Permit Non-Compliance,01/01/2022,12/31/2022,40,mg/L,annual avg,1,122,122,Other,Assessment Underway
ST. JOSEPH,Richards Landing Water Pollution Control Plant,"1250 MARGUERITE RD, RICHARDS LANDING",ST. JOSEPH,Municipal Sewage,Sault Ste. Marie,"PHOSPHORUS, TOTAL",Approval / Permit Non-Compliance,01/01/2022,01/31/2022,1,mg/L,mon avg,1,2.2,2.2,Equipment Modified/Repaired,Assessment Underway
ST. JOSEPH,Richards Landing Water Pollution Control Plant,"1250 MARGUERITE RD, RICHARDS LANDING",ST. JOSEPH,Municipal Sewage,Sault Ste. Marie,ESCHERICHIA COLI,Approval / Permit Non-Compliance,01/01/2022,01/31/2022,200,CT/100mL,mon avg. on a geo. mean density,1,812.9,812.9,Equipment Modified/Repaired,Addressed w/o Intervention
ST. JOSEPH,Richards Landing Water Pollution Control Plant,"1250 MARGUERITE RD, RICHARDS LANDING",ST. JOSEPH,Municipal Sewage,Sault Ste. Marie,TOTAL SUSPENDED SOLIDS,Approval / Permit Non-Compliance,01/01/2022,01/31/2022,25,mg/L,mon avg,1,28.3,28.3,Equipment Modified/Repaired,Addressed w/o Intervention
WAWA,Wawa Lagoon,"Golf Course Road, Municipality of Wawa",Wawa,Municipal Sewage,Sault Ste. Marie,PH - HIGH,Approval / Permit Non-Compliance,01/01/2022,12/31/2022,8.5, pH,any,3,8.99,9.48,Additional Monitoring Underway,Addressed w/o Intervention
The Corporation of the Township of Assiginack,Manitowaning-Assiginack Lagoon,"LOT:41 42, CONCESSION:1, GEOTOWNSHIP:ASSIGINACK",Assiginack,Municipal Sewage,Sudbury,"PHOSPHORUS, TOTAL",Approval / Permit Non-Compliance,09/01/2022,09/30/2022,1,mg/L,mon avg,1,1.09,1.09,Additional Monitoring Underway,Voluntary Abatement Program Underway
CENTRAL MANITOULIN,Mindemoya Water Pollution Control Plant,"Lot 22, Concession 6, Twp. Of Carnarvon, Central Manitouling Township",Central Manitoulin,Municipal Sewage,Sudbury,TOTAL AMMONIA NITROGEN,Approval / Permit Non-Compliance,07/01/2022,07/31/2022,3.2,kg/d,mon avg,1,4.61,4.61,Equipment Modified/Repaired,Event Resolved
CENTRAL MANITOULIN,Mindemoya Water Pollution Control Plant,"Lot 22, Concession 6, Twp. Of Carnarvon, Central Manitouling Township",Central Manitoulin,Municipal Sewage,Sudbury,TOTAL AMMONIA NITROGEN,Approval / Permit Non-Compliance,07/01/2022,07/31/2022,5,mg/L,mon avg,1,12.675,12.675,Equipment Modified/Repaired,Event Resolved
CENTRAL MANITOULIN,Mindemoya Water Pollution Control Plant,"Lot 22, Concession 6, Twp. Of Carnarvon, Central Manitouling Township",Central Manitoulin,Municipal Sewage,Sudbury,TOTAL AMMONIA NITROGEN,Approval / Permit Non-Compliance,07/01/2022,07/31/2022,3.2,kg/d,mon avg,1,4.61,4.61,Equipment Modified/Repaired,Event Resolved
CENTRAL MANITOULIN,Mindemoya Water Pollution Control Plant,"Lot 22, Concession 6, Twp. Of Carnarvon, Central Manitouling Township",Central Manitoulin,Municipal Sewage,Sudbury,TOTAL AMMONIA NITROGEN,Approval / Permit Non-Compliance,07/01/2022,07/31/2022,5,mg/L,mon avg,1,12.675,12.675,Equipment Modified/Repaired,Event Resolved
City of Greater Sudbury,Azilda Wastewater Treatment Plant,564 St. Agnes St Azilda,Greater Sudbury,Municipal Sewage,Sudbury,Total Suspended Solids,Approval / Permit Non-Compliance,01/01/2022,01/31/2022,10,mg/L,mon avg,1,11.5,11.5,Equipment Modified - Repaired - Replaced or Re-calibrated,Assessment Complete - No Action Required
City of Greater Sudbury,Azilda Wastewater Treatment Plant,564 St. Agnes St Azilda,Greater Sudbury,Municipal Sewage,Sudbury,TOTAL AMMONIA NITROGEN,Approval / Permit Non-Compliance,02/01/2022,02/28/2022,5,mg/L,mon avg,1,10.53,10.53,Equipment Modified - Repaired - Replaced or Re-calibrated,Assessment Complete - No Action Required
City of Greater Sudbury,Azilda Wastewater Treatment Plant,564 St. Agnes St Azilda,Greater Sudbury,Municipal Sewage,Sudbury,TOTAL AMMONIA NITROGEN,Approval / Permit Non-Compliance,03/01/2022,03/31/2022,5,mg/L,mon avg,1,9.09,9.09,Operational Process Modification,Assessment Complete - No Action Required
City of Greater Sudbury,Azilda Wastewater Treatment Plant,564 St. Agnes St Azilda,Greater Sudbury,Municipal Sewage,Sudbury,PH - LOW,Approval / Permit Non-Compliance,08/20/2022,08/20/2022,6,pH,any,1,5.4,5.4,Operational Process Modification,Assessment Complete - Incident Resolved
City of Greater Sudbury,Azilda Wastewater Treatment Plant,564 St. Agnes St Azilda,Greater Sudbury,Municipal Sewage,Sudbury,PH - LOW,Approval / Permit Non-Compliance,08/22/2022,08/22/2022,6,pH,any,1,5.7,5.7,Operational Process Modification,Assessment Complete - Incident Resolved
City of Greater Sudbury,Azilda Wastewater Treatment Plant,564 St. Agnes St Azilda,Greater Sudbury,Municipal Sewage,Sudbury,PH - LOW,Approval / Permit Non-Compliance,09/15/2022,09/15/2022,6,pH,any,1,5.7,5.7,Operational Process Modification,Assessment Complete - Incident Resolved
City of Greater Sudbury,Valley East Wastewater Treatment Plant,1317 Yorkshire Dr Val Caron,Greater Sudbury,Municipal Sewage,Sudbury,Total Suspended Solids,Approval / Permit Non-Compliance,05/01/2022,05/31/2022,25,mg/L,mon avg,1,29.2,29.2,Additional Monitoring Underway; Operational Process Modification,Assessment Complete - No Action Required
City of Greater Sudbury,Valley East Wastewater Treatment Plant,1317 Yorkshire Dr Val Caron,Greater Sudbury,Municipal Sewage,Sudbury,PH - LOW,Approval / Permit Non-Compliance,08/20/2022,08/20/2022,6,pH,any,1,5.9,6,None Required,Assessment Complete - No Action Required
ESPANOLA,Espanola Water Pollution Control Plant,"200 BOIS ST, ESPANOLA, ON P5E 1A6",ESPANOLA,Municipal Sewage,Sudbury,ESCHERICHIA COLI,Approval / Permit Non-Compliance,03/01/2022,03/31/2022,200,CT/100mL,mon avg. on a geo. mean density,1,600,600,Equipment Modified/Repaired,Event Resolved
The Corporation of the Town of Espanola,Espanola Water Pollution Control Plant,"200 BOIS ST, ESPANOLA, ON P5E 1A6",ESPANOLA,Municipal Sewage,Sudbury,ESCHERICHIA COLI,Approval / Permit Non-Compliance,03/01/2022,03/31/2022,200,CT/100mL,mon avg. on a geo. mean density,1,600,600,Equipment Modified/Repaired,Event Resolved
The Corporation of the Town of Espanola,Espanola Water Pollution Control Plant,"200 BOIS ST, ESPANOLA, ON P5E 1A6",ESPANOLA,Municipal Sewage,Sudbury,ESCHERICHIA COLI,Approval / Permit Non-Compliance,04/01/2022,04/30/2022,200,CT/100mL,mon avg. on a geo. mean density,1,210.1,210.1,Equipment Modified/Repaired,Event Resolved
The Corporation of the Town of Espanola,Espanola Water Pollution Control Plant,"200 BOIS ST, ESPANOLA, ON P5E 1A6",ESPANOLA,Municipal Sewage,Sudbury,ESCHERICHIA COLI,Approval / Permit Non-Compliance,04/01/2022,04/30/2022,200,CT/100mL,mon avg. on a geo. mean density,1,210.1,210.1,Equipment Modified/Repaired,Event Resolved
The Corporation of the Town of Espanola,Espanola Water Pollution Control Plant,"200 BOIS ST, ESPANOLA, ON P5E 1A6",ESPANOLA,Municipal Sewage,Sudbury,ESCHERICHIA COLI,Approval / Permit Non-Compliance,11/01/2022,11/30/2022,200,CT/100mL,mon avg. on a geo. mean density,1,229.7,229.7,Equipment Modified/Repaired,Event Resolved
The Corporation of the Town of Espanola,Espanola Water Pollution Control Plant,"200 BOIS ST, ESPANOLA, ON P5E 1A6",ESPANOLA,Municipal Sewage,Sudbury,ESCHERICHIA COLI,Approval / Permit Non-Compliance,11/01/2022,11/30/2022,200,CT/100mL,mon avg. on a geo. mean density,1,229.7,229.7,Equipment Modified/Repaired,Event Resolved
MARKSTAY-WARREN,Warren Lagoon,"LOT:12, CONCESSION:6, GEOTOWNSHIP:WARREN, MARKSTAY-WARREN, ON ",MARKSTAY-WARREN,Municipal Sewage,Sudbury,TOTAL SUSPENDED SOLIDS,Approval / Permit Non-Compliance,10/18/2022,11/02/2022,40,mg/L,seasonal avg,1,230,230,Action Plan Submitted,Event Resolved
MARKSTAY-WARREN,Warren Lagoon,"LOT:12, CONCESSION:6, GEOTOWNSHIP:WARREN, MARKSTAY-WARREN, ON ",MARKSTAY-WARREN,Municipal Sewage,Sudbury,"PHOSPHORUS, TOTAL",Approval / Permit Non-Compliance,10/18/2022,11/02/2022,1,mg/L,seasonal avg,1,1.94,1.94,Action Plan Submitted,Event Resolved
NORTHEASTERN MANITOULIN AND THE ISLANDS,Little Current Lagoon,"LOT:24, CONCESSION:11, GEOTOWNSHIP:HOWLAND, N.E. MANITOULIN & THE ISLANDS, ON ",N.E. MANITOULIN & THE ISLANDS,Municipal Sewage,Sudbury,"PHOSPHORUS, TOTAL",Approval / Permit Non-Compliance,01/01/2022,12/31/2022,1,mg/L,annual avg,1,1.14,1.14,Additional Monitoring Underway,Event Resolved
Her Majesty the Queen in Right of Ontario as Represented by the Minister of Infrastructure: Ontario Infrastructure and Lands Corporation,McFarlane Lake Wasterwater Treatment Plant,3767 HWY 69 S,GREATER SUDBURY,Miscellaneous Communal,Sudbury,ESCHERICHIA COLI,Approval / Permit Non-Compliance,05/23/2022,05/23/2022,200,CT/100mL,mon avg. on a geo. mean density,1,228,228,Operational Process Modified,Addressed w/o Intervention
GREENSTONE,Nakina Water Pollution Control Plant,"413 RIVER DR, NAKINA, GREENSTONE, ON P0T 2H0",GREENSTONE,Municipal Sewage,Thunder Bay,ESCHERICHIA COLI,Approval / Permit Non-Compliance,01/01/2022,12/31/2022,200,CT/100mL,annual avg on a geo. mean density,1,423,423,Operational Process Modified,Voluntary Abatement Program Underway
MANITOUWADGE,Manitouwadge Lagoon,"LOT:M179, CONCESSION:BLKA, GEOTOWNSHIP:LESLIE",MANITOUWADGE,Municipal Sewage,Thunder Bay,CARBONACEOUS BIOCHEMICAL OXYGEN DEMAND,Approval / Permit Non-Compliance,03/14/2022,03/14/2022,25,mg/L,any,1,36,36,Resolved w/o Actions Required,Voluntary Abatement Program Underway
MANITOUWADGE,Manitouwadge Lagoon,"LOT:M179, CONCESSION:BLKA, GEOTOWNSHIP:LESLIE",MANITOUWADGE,Municipal Sewage,Thunder Bay,CARBONACEOUS BIOCHEMICAL OXYGEN DEMAND,Approval / Permit Non-Compliance,03/28/2022,03/28/2022,25,mg/L,any,1,61,61,Resolved w/o Actions Required,Voluntary Abatement Program Underway
MANITOUWADGE,Manitouwadge Lagoon,"LOT:M179, CONCESSION:BLKA, GEOTOWNSHIP:LESLIE",MANITOUWADGE,Municipal Sewage,Thunder Bay,CARBONACEOUS BIOCHEMICAL OXYGEN DEMAND,Approval / Permit Non-Compliance,04/11/2022,04/11/2022,25,mg/L,any,1,44,44,Resolved w/o Actions Required,Voluntary Abatement Program Underway
MANITOUWADGE,Manitouwadge Lagoon,"LOT:M179, CONCESSION:BLKA, GEOTOWNSHIP:LESLIE",MANITOUWADGE,Municipal Sewage,Thunder Bay,CARBONACEOUS BIOCHEMICAL OXYGEN DEMAND,Approval / Permit Non-Compliance,05/06/2022,05/06/2022,25,mg/L,any,1,36.5,36.5,Resolved w/o Actions Required,Voluntary Abatement Program Underway
MARATHON,Marathon Water Pollution Control Plant,41 HOWE ST,MARATHON,Municipal Sewage,Thunder Bay,"PHOSPHORUS, TOTAL",Approval / Permit Non-Compliance,06/29/2022,06/29/2022,1,mg/L,24 hr avg,1,2.21,2.21,Operational Process Modified,Voluntary Abatement Program Underway
MARATHON,Marathon Water Pollution Control Plant,41 HOWE ST,MARATHON,Municipal Sewage,Thunder Bay,"PHOSPHORUS, TOTAL",Approval / Permit Non-Compliance,07/12/2022,07/28/2022,1,mg/L,24 hr avg,1,2.12,2.12,Operational Process Modified,Voluntary Abatement Program Underway
MARATHON,Marathon Water Pollution Control Plant,41 HOWE ST,MARATHON,Municipal Sewage,Thunder Bay,"PHOSPHORUS, TOTAL",Approval / Permit Non-Compliance,07/25/2022,07/28/2022,1,mg/L,24 hr avg,1,1.41,1.41,Operational Process Modified,Voluntary Abatement Program Underway
MARATHON,Marathon Water Pollution Control Plant,41 HOWE ST,MARATHON,Municipal Sewage,Thunder Bay,TOTAL SUSPENDED SOLIDS,Approval / Permit Non-Compliance,08/10/2022,08/10/2022,10,mg/L,24 hr avg,1,20.2,20.2,Operational Process Modified,Voluntary Abatement Program Underway
MARATHON,Marathon Water Pollution Control Plant,41 HOWE ST,MARATHON,Municipal Sewage,Thunder Bay,"PHOSPHORUS, TOTAL",Approval / Permit Non-Compliance,08/10/2022,08/28/2022,1,mg/L,24 hr avg,1,1.25,1.25,Operational Process Modified,Voluntary Abatement Program Underway
MARATHON,Marathon Water Pollution Control Plant,41 HOWE ST,MARATHON,Municipal Sewage,Thunder Bay,"PHOSPHORUS, TOTAL",Approval / Permit Non-Compliance,08/23/2022,08/28/2022,1,mg/L,24 hr avg,1,1.93,1.93,Operational Process Modified,Voluntary Abatement Program Underway
MARATHON,Marathon Water Pollution Control Plant,41 HOWE ST,MARATHON,Municipal Sewage,Thunder Bay,"PHOSPHORUS, TOTAL",Approval / Permit Non-Compliance,09/21/2022,09/21/2022,1,mg/L,24 hr avg,1,1.6,1.6,Operational Process Modified,Voluntary Abatement Program Underway
MARATHON,Marathon Water Pollution Control Plant,41 HOWE ST,MARATHON,Municipal Sewage,Thunder Bay,"PHOSPHORUS, TOTAL",Approval / Permit Non-Compliance,10/19/2022,10/19/2022,1,mg/L,24 hr avg,1,1.5,1.5,Operational Process Modified,Voluntary Abatement Program Underway
MARATHON,Marathon Water Pollution Control Plant,41 HOWE ST,MARATHON,Municipal Sewage,Thunder Bay,"PHOSPHORUS, TOTAL",Approval / Permit Non-Compliance,11/03/2022,11/03/2022,1,mg/L,24 hr avg,1,1.03,1.03,Operational Process Modified,Voluntary Abatement Program Underway
NIPIGON,Nipigon Water Pollution Control Plant,112 NEWTON ST,NIPIGON,Municipal Sewage,Thunder Bay,ESCHERICHIA COLI,Approval / Permit Non-Compliance,05/01/2022,05/31/2022,200,CT/100mL,mon avg. on a geo. mean density,1,377,377,Resolved w/o Actions Required,Addressed w/o Intervention
RED ROCK,Red Rock Water Pollution Control Plant,3 BAKER RD,RED ROCK,Municipal Sewage,Thunder Bay,"PHOSPHORUS, TOTAL",Approval / Permit Non-Compliance,01/01/2022,01/31/2022,1,mg/L,mon avg,1,1.65,1.65,Operational Process Modified,Addressed w/o Intervention
RED ROCK,Red Rock Water Pollution Control Plant,3 BAKER RD,RED ROCK,Municipal Sewage,Thunder Bay,"PHOSPHORUS, TOTAL",Approval / Permit Non-Compliance,02/01/2022,02/28/2022,1,mg/L,mon avg,1,2.97,2.97,Operational Process Modified,Addressed w/o Intervention
RED ROCK,Red Rock Water Pollution Control Plant,3 BAKER RD,RED ROCK,Municipal Sewage,Thunder Bay,TOTAL SUSPENDED SOLIDS,Approval / Permit Non-Compliance,02/01/2022,02/28/2022,25,mg/L,mon avg,1,25.8,25.8,Resolved w/o Actions Required,Addressed w/o Intervention
RED ROCK,Red Rock Water Pollution Control Plant,3 BAKER RD,RED ROCK,Municipal Sewage,Thunder Bay,"PHOSPHORUS, TOTAL",Approval / Permit Non-Compliance,03/01/2022,03/31/2022,1,mg/L,mon avg,1,1.94,1.94,Equipment Modified/Repaired,Addressed w/o Intervention
The Corporation of the Town of Atikokan,Atikokan Water Pollution Control Plant,601 Mckenzie Ave,ATIKOKAN,Municipal Sewage,Thunder Bay,TOTAL SUSPENDED SOLIDS,Approval / Permit Non-Compliance,01/01/2022,01/31/2022,25,mg/L,mon avg,1,32.5,32.5,Action Plan Submitted - Implementing Improvements; Operational Process Modification; Training/Procedure Change,Voluntary Abatement Program Underway
The Corporation of the Town of Atikokan,Atikokan Water Pollution Control Plant,601 Mckenzie Ave,ATIKOKAN,Municipal Sewage,Thunder Bay,TOTAL SUSPENDED SOLIDS,Approval / Permit Non-Compliance,04/01/2022,04/30/2022,25,mg/L,mon avg,1,40.3,40.3,Additional Monitoring Underway; New/Modified Sampling Program Underway; Operational Process Modification,Voluntary Abatement Program Underway
The Corporation of the Town of Atikokan,Atikokan Water Pollution Control Plant,601 Mckenzie Ave,ATIKOKAN,Municipal Sewage,Thunder Bay,ESCHERICHIA COLI,Approval / Permit Non-Compliance,09/01/2022,09/30/2022,200,CT/100mL,mon avg. on a geo. mean density,1,1208,1208,None Required,Assessment Complete - No Action Required
THUNDER BAY,Atlantic Avenue Water Pollution Control Plant,901 ATLANTIC AVE,THUNDER BAY,Municipal Sewage,Thunder Bay,ESCHERICHIA COLI,Approval / Permit Non-Compliance,04/01/2022,04/30/2022,200,CT/100mL,mon avg. on a geo. mean density,1,912,912,Other,Addressed w/o Intervention
THUNDER BAY,Atlantic Avenue Water Pollution Control Plant,901 ATLANTIC AVE,THUNDER BAY,Municipal Sewage,Thunder Bay,ESCHERICHIA COLI,Approval / Permit Non-Compliance,05/01/2022,05/31/2022,200,CT/100mL,mon avg. on a geo. mean density,1,7124,7124,Other,Addressed w/o Intervention
CANADIAN SHIELD CONSULTANTS AGENCY INC.,Little Long Generation Station Work Camp,"Adam Creek Sluiceway - Harmon Unorganized Township, District of Cochrane",Harmon township,Miscellaneous Communal,Timmins,CARBONACEOUS BIOCHEMICAL OXYGEN DEMAND,Approval / Permit Non-Compliance,01/01/2022,01/31/2022,25,mg/L,mon avg,1,43,43,Conducting Study,Other Action Taken
CANADIAN SHIELD CONSULTANTS AGENCY INC.,Little Long Generation Station Work Camp,"Adam Creek Sluiceway - Harmon Unorganized Township, District of Cochrane",Harmon township,Miscellaneous Communal,Timmins,ESCHERICHIA COLI,Approval / Permit Non-Compliance,02/01/2022,02/28/2022,200,CT/100mL,mon avg. on a geo. mean density,1,466.9,466.9,Equipment Modified/Repaired,Other Action Taken
CANADIAN SHIELD CONSULTANTS AGENCY INC.,Little Long Generation Station Work Camp,"Adam Creek Sluiceway - Harmon Unorganized Township, District of Cochrane",Harmon township,Miscellaneous Communal,Timmins,ESCHERICHIA COLI,Approval / Permit Non-Compliance,04/01/2022,04/30/2022,200,CT/100mL,mon avg. on a geo. mean density,1,1814,1814,Ceased Operations,Other Action Taken
CANADIAN SHIELD CONSULTANTS AGENCY INC.,Little Long Generation Station Work Camp,"Adam Creek Sluiceway - Harmon Unorganized Township, District of Cochrane",Harmon township,Miscellaneous Communal,Timmins,ESCHERICHIA COLI,Approval / Permit Non-Compliance,06/01/2022,06/30/2022,200,CT/100mL,mon avg. on a geo. mean density,1,14500,14500,Equipment Modified - Repaired - Replaced or Re-calibrated,Other Action Taken
CANADIAN SHIELD CONSULTANTS AGENCY INC.,Little Long Generation Station Work Camp,"Adam Creek Sluiceway - Harmon Unorganized Township, District of Cochrane",Harmon township,Miscellaneous Communal,Timmins,ESCHERICHIA COLI,Approval / Permit Non-Compliance,06/01/2022,06/30/2022,200,CT/100mL,mon avg. on a geo. mean density,1,22500,22500,Equipment Modified - Repaired - Replaced or Re-calibrated,Other Action Taken
CANADIAN SHIELD CONSULTANTS AGENCY INC.,Little Long Generation Station Work Camp,"Adam Creek Sluiceway - Harmon Unorganized Township, District of Cochrane",Harmon township,Miscellaneous Communal,Timmins,ESCHERICHIA COLI,Approval / Permit Non-Compliance,08/01/2022,08/31/2022,200,CT/100mL,mon avg. on a geo. mean density,1,3768,3768,Equipment Modified/Repaired,Other Action Taken
CANADIAN SHIELD CONSULTANTS AGENCY INC.,Little Long Generation Station Work Camp,"Adam Creek Sluiceway - Harmon Unorganized Township, District of Cochrane",Harmon township,Miscellaneous Communal,Timmins,ESCHERICHIA COLI,Approval / Permit Non-Compliance,08/01/2022,08/31/2022,200,CT/100mL,mon avg. on a geo. mean density,1,1661,1661,Equipment Modified/Repaired,Other Action Taken
CANADIAN SHIELD CONSULTANTS AGENCY INC.,Little Long Generation Station Work Camp,"Adam Creek Sluiceway - Harmon Unorganized Township, District of Cochrane",Harmon township,Miscellaneous Communal,Timmins,ESCHERICHIA COLI,Approval / Permit Non-Compliance,03/01/2022,03/31/2022,200,CT/100mL,mon avg. on a geo. mean density,1,534.8,534.8,Equipment Modified/Repaired,Other Action Taken
CANADIAN SHIELD CONSULTANTS AGENCY INC.,Little Long Generation Station Work Camp,"Adam Creek Sluiceway - Harmon Unorganized Township, District of Cochrane",Harmon township,Miscellaneous Communal,Timmins,ESCHERICHIA COLI,Approval / Permit Non-Compliance,04/01/2022,04/30/2022,200,CT/100mL,mon avg. on a geo. mean density,1,1731.68,1731.68,Ceased Operations,Other Action Taken
CANADIAN SHIELD CONSULTANTS AGENCY INC.,Little Long Generation Station Work Camp,"Adam Creek Sluiceway - Harmon Unorganized Township, District of Cochrane",Harmon township,Miscellaneous Communal,Timmins,TOTAL SUSPENDED SOLIDS,Approval / Permit Non-Compliance,04/01/2022,04/30/2022,25,mg/L,mon avg,1,43.5,43.5,Ceased Operations,Other Action Taken
Canadian Shield Consultants Agency Inc.,Little Long Generation Station Work Camp,"Adam Creek Sluiceway - Harmon Unorganized Township, District of Cochrane",Harmon township,Miscellaneous Communal,Timmins,TOTAL SUSPENDED SOLIDS,Approval / Permit Non-Compliance,06/01/2022,06/30/2022,25,mg/L,mon avg,1,37,37,Equipment Modified - Repaired - Replaced or Re-calibrated,Other Action Taken
CANADIAN SHIELD CONSULTANTS AGENCY INC.,Little Long Generation Station Work Camp,"Adam Creek Sluiceway - Harmon Unorganized Township, District of Cochrane",Harmon township,Miscellaneous Communal,Timmins,TOTAL SUSPENDED SOLIDS,Approval / Permit Non-Compliance,02/01/2022,02/28/2022,25,mg/L,mon avg,1,54.6,54.6,Equipment Modified/Repaired,Other Action Taken
CANADIAN SHIELD CONSULTANTS AGENCY INC.,Little Long Generation Station Work Camp,"Adam Creek Sluiceway - Harmon Unorganized Township, District of Cochrane",Harmon township,Miscellaneous Communal,Timmins,CARBONACEOUS BIOCHEMICAL OXYGEN DEMAND,Approval / Permit Non-Compliance,02/01/2022,02/28/2022,25,mg/L,mon avg,1,50,50,Equipment Modified/Repaired,Other Action Taken
CANADIAN SHIELD CONSULTANTS AGENCY INC.,Little Long Generation Station Work Camp,"Adam Creek Sluiceway - Harmon Unorganized Township, District of Cochrane",Harmon township,Miscellaneous Communal,Timmins,TOTAL SUSPENDED SOLIDS,Approval / Permit Non-Compliance,03/01/2022,03/31/2022,25,mg/L,mon avg,1,37.4,37.4,Conducting Study,Other Action Taken
CANADIAN SHIELD CONSULTANTS AGENCY INC.,Little Long Generation Station Work Camp,"Adam Creek Sluiceway - Harmon Unorganized Township, District of Cochrane",Harmon township,Miscellaneous Communal,Timmins,TOTAL SUSPENDED SOLIDS,Approval / Permit Non-Compliance,04/01/2022,04/30/2022,25,mg/L,mon avg,1,37.4,37.4,Ceased Operations,Other Action Taken
Canadian Shield Consultants Agency Inc.,Little Long Generation Station Work Camp,"Adam Creek Sluiceway - Harmon Unorganized Township, District of Cochrane",Harmon township,Miscellaneous Communal,Timmins,CARBONACEOUS BIOCHEMICAL OXYGEN DEMAND,Approval / Permit Non-Compliance,06/01/2022,06/30/2022,25,mg/L,mon avg,1,28,28,Equipment Modified - Repaired - Replaced or Re-calibrated,Other Action Taken
CANADIAN SHIELD CONSULTANTS AGENCY INC.,Little Long Generation Station Work Camp,"Adam Creek Sluiceway - Harmon Unorganized Township, District of Cochrane",Harmon township,Miscellaneous Communal,Timmins,TOTAL SUSPENDED SOLIDS,Approval / Permit Non-Compliance,08/01/2022,08/31/2022,25,mg/L,mon avg,1,30.1,30.1,Equipment Modified/Repaired,Other Action Taken
CANADIAN SHIELD CONSULTANTS AGENCY INC.,Little Long Generation Station Work Camp,"Adam Creek Sluiceway - Harmon Unorganized Township, District of Cochrane",Harmon township,Miscellaneous Communal,Timmins,CARBONACEOUS BIOCHEMICAL OXYGEN DEMAND,Approval / Permit Non-Compliance,08/01/2022,08/31/2022,25,mg/L,mon avg,1,57,57,Equipment Modified/Repaired,Other Action Taken
Canadian Shield Consultants Agency Inc.,The Den,"Lot 3, Con 4&5 Invergarry","Invergarry
Unorganized Township",Miscellaneous Communal,Timmins,CARBONACEOUS BIOCHEMICAL OXYGEN DEMAND,Approval / Permit Non-Compliance,05/26/2022,05/26/2022,25,mg/L, /d,1,27,27,Action Plan Submitted - Implementing Improvements,Voluntary Abatement Program Underway
Canadian Shield Consultants Agency Inc.,The Den,"Lot 3, Con 4&5 Invergarry","Invergarry
Unorganized Township",Miscellaneous Communal,Timmins,TOTAL SUSPENDED SOLIDS,Approval / Permit Non-Compliance,06/02/2022,06/02/2022,25,mg/L, /d,1,26.5,26.5,Action Plan Submitted - Implementing Improvements,Voluntary Abatement Program Underway
The Corporation of the Town of Smooth Rock Falls,Smooth Rock Falls Sewage Treatment Plant,110 First St,Smooth Rock Falls,Municipal Sewage,Timmins,Total Residual Chlorine,Approval / Permit Non-Compliance,03/01/2022,03/31/2022,0.02,mg/L,mon avg,1,0.28,0.28,Equipment Modified - Repaired - Replaced or Re-calibrated,Assessment Complete - No Action Required
The Corporation of the Town of Smooth Rock Falls,Smooth Rock Falls Sewage Treatment Plant,110 First St,Smooth Rock Falls,Municipal Sewage,Timmins,Total Suspended Solids,Approval / Permit Non-Compliance,03/01/2022,03/31/2022,25,mg/L,mon avg,1,30.5,30.5,None Required,Assessment Complete - Incident Resolved
KAPUSKASING,Kapuskasing Water Pollution Control Plant,20 MONTGOMERY AVE,KAPUSKASING,Municipal Sewage,Timmins,"PHOSPHORUS, TOTAL",Policy/Guidance/ Non-Conf.,03/01/2022,03/31/2022,1,mg/L,mon avg,1,1.14,1.14,Conducting Study,Event Resolved
KAPUSKASING,Kapuskasing Water Pollution Control Plant,20 MONTGOMERY AVE,KAPUSKASING,Municipal Sewage,Timmins,"PHOSPHORUS, TOTAL",Policy/Guidance/ Non-Conf.,09/01/2022,09/30/2022,1,mg/L,mon avg,1,1.81,1.81,Conducting Study,Event Resolved
Local Services Board of Jogues,Jogues Sewage Lagoons,"Lot: 9, Concession: 2,  Geographic Township: Way",Way,Municipal Sewage,Timmins,"PHOSPHORUS, TOTAL",Approval / Permit Non-Compliance,05/24/2022,06/05/2022,1,mg/L,avg of 3 consecutive samples,1,1.23,1.23,Ceased Operations,Assessment Complete - Incident Resolved
MCGARRY,Virginiatown And Kearns Water Pollution Control Plant,Mining Claim MC L5414 PCL 348CST,McGarry,Municipal Sewage,Timmins,"PHOSPHORUS, TOTAL",Approval / Permit Non-Compliance,04/01/2022,04/30/2022,0.6,kg/d,mon avg,1,0.62,0.62,Operational Process Modified,Addressed w/o Intervention
The Corporation of the City of Timmins,Mattagami River Water Pollution Control Plant,551 Airport Rd Lot 3 Concession 3,Timmins,Municipal Sewage,Timmins,ESCHERICHIA COLI,Approval / Permit Non-Compliance,04/01/2022,04/30/2022,200,CT/100mL,mon avg. on a geo. mean density,1,209.74,209.74,None Required; Operational Process Modification,Assessment Complete - No Action Required
The Corporation of the Town of Kirkland Lake,Kirkland Lake WWTP,510 Archer Dr,Kirkland Lake,Municipal Sewage,Timmins,ESCHERICHIA COLI,Approval / Permit Non-Compliance,09/01/2022,09/30/2022,200,CT/100mL,mon avg. on a geo. mean density,1,1104,1104,Equipment Modified - Repaired - Replaced or Re-calibrated,Assessment Complete - No Action Required
The Corporation of the Town of Kirkland Lake,Kirkland Lake WWTP,510 Archer Dr,Kirkland Lake,Municipal Sewage,Timmins,ESCHERICHIA COLI,Approval / Permit Non-Compliance,10/01/2022,10/31/2022,200,CT/100mL,mon avg. on a geo. mean density,1,525,525,Action Plan Submitted - Implementing Improvements; Operational Process Modification,Assessment Complete - No Action Required
The Corporation of the Town of Smooth Rock Falls,Smooth Rock Falls Sewage Treatment Plant,110 First St,Smooth Rock Falls,Municipal Sewage,Timmins,ESCHERICHIA COLI,Approval / Permit Non-Compliance,04/01/2022,04/30/2022,200,CT/100mL,mon avg. on a geo. mean density,1,2433,2433,None Required,Assessment Complete - No Action Required
The Corporation of the Town of Smooth Rock Falls,Smooth Rock Falls Sewage Treatment Plant,110 First St,SMOOTH ROCK FALLS,Municipal Sewage,Timmins,TOTAL SUSPENDED SOLIDS,Approval / Permit Non-Compliance,08/01/2022,08/30/2022,25,mg/L,mon avg,1,26.4,26.4,Resolved w/o Actions Required,Addressed w/o Intervention
The Corporation of the Town of Smooth Rock Falls,Smooth Rock Falls Sewage Treatment Plant,110 First St,SMOOTH ROCK FALLS,Municipal Sewage,Timmins,TOTAL SUSPENDED SOLIDS,Approval / Permit Non-Compliance,12/01/2022,12/31/2022,25,mg/L,mon avg,1,33.4,33.4,Resolved w/o Actions Required,Addressed w/o Intervention
The Corporation of the Township of Mattice-Val Cote,Val Cote Sewage Lagoons,"Lot: 15, Concession: 7,  Geographic Township: DEVITT, Mattice-Val Cote",Mattice-Val Cote,Municipal Sewage,Timmins,"PHOSPHORUS, TOTAL",Approval / Permit Non-Compliance,06/08/2022,06/21/2022,1,mg/L,avg of 3 consecutive samples,1,1.2,1.2,None Required,Assessment Complete - Incident Resolved
TIMMINS,Bob's Lake Lagoon,"300 Ida Street, Porcupine",Timmins,Municipal Sewage,Timmins,"PHOSPHORUS, TOTAL",Policy/Guidance/ Non-Conf.,01/01/2022,12/31/2022,1,mg/L,annual avg,1,1.1,1.1,Action Plan Submitted,Voluntary Abatement Program Underway
TIMMINS,Whitney & Tisdale Water Pollution Control Plant,"815 GERVAIS ST, TIMMINS, ON P0N 1C0",Timmins,Municipal Sewage,Timmins,"PHOSPHORUS, TOTAL",Policy/Guidance/ Non-Conf.,01/01/2022,12/31/2022,1,mg/L,annual avg,1,1.31,1.31,Action Plan Submitted,Voluntary Abatement Program Underway
County of Oxford,Drumbo WPCP,93 Peterson St,Blandford-Blenheim,Municipal Sewage,London,TOTAL AMMONIA NITROGEN,Approval / Permit Non-Compliance,08/01/2022,08/31/2022,2.7,mg/L, /mon,1,4.96,4.96,Equipment Modified - Repaired - Replaced or Re-calibrated,Assessment Complete - Incident Resolved
County of Oxford,Drumbo WPCP,93 Peterson St,Blandford-Blenheim,Municipal Sewage,London,TOTAL AMMONIA NITROGEN,Approval / Permit Non-Compliance,08/01/2022,08/31/2022,0.8,kg/d, /mon,1,0.98,0.98,Equipment Modified - Repaired - Replaced or Re-calibrated,Assessment Complete - Incident Resolved
County of Oxford,Drumbo WPCP,93 Peterson St,Blandford-Blenheim,Municipal Sewage,London,TOTAL AMMONIA NITROGEN,Approval / Permit Non-Compliance,10/01/2022,10/31/2022,2.7,mg/L, /mon,1,5.98,5.98,Equipment Modified - Repaired - Replaced or Re-calibrated,Assessment Complete - Incident Resolved
County of Oxford,Drumbo WPCP,93 Peterson St,Blandford-Blenheim,Municipal Sewage,London,TOTAL AMMONIA NITROGEN,Approval / Permit Non-Compliance,10/01/2022,10/31/2022,0.8,kg/d, /mon,1,1.09,1.09,Equipment Modified - Repaired - Replaced or Re-calibrated,Assessment Complete - Incident Resolved
County of Oxford,Drumbo WPCP,93 Peterson St,Blandford-Blenheim,Municipal Sewage,London,TOTAL SUSPENDED SOLIDS,Approval / Permit Non-Compliance,10/01/2022,10/31/2022,9.3,mg/L, /mon,1,13.3,13.3,Equipment Modified - Repaired - Replaced or Re-calibrated,Assessment Complete - Incident Resolved
County of Oxford,Drumbo WPCP,93 Peterson St,Blandford-Blenheim,Municipal Sewage,London,"PHOSPHORUS, TOTAL",Approval / Permit Non-Compliance,10/01/2022,10/31/2022,0.46,mg/L, /mon,1,0.49,0.49,Equipment Modified - Repaired - Replaced or Re-calibrated,Assessment Complete - Incident Resolved
County of Oxford,Drumbo WPCP,93 Peterson St,BLANDFORD-BLENHEIM,Municipal Sewage,London,TOTAL AMMONIA NITROGEN,Approval / Permit Non-Compliance,12/01/2022,12/31/2022,4.5,mg/L,/mon,1,5.06,5.06,Operational Process Modified,Event Resolved
County of Oxford,Woodstock Wastewater Treatment Plant,195 Admiral St,Woodstock,Municipal Sewage,London,Total Residual Chlorine,Approval / Permit Non-Compliance,06/15/2022,06/16/2022,0.05,mg/L,Any,1,0.9,0.9,Equipment Modified - Repaired - Replaced or Re-calibrated,Assessment Complete - Incident Resolved
County of Oxford,Woodstock Wastewater Treatment Plant,195 Admiral St,Woodstock,Municipal Sewage,London,TOTAL RESIDUAL CHLORINE,Approval / Permit Non-Compliance,08/07/2022,08/07/2022,0.05,mg/L,any,1,0.85,0.85,Equipment Modified - Repaired - Replaced or Re-calibrated,Assessment Complete - Incident Resolved
HMS Host,Ingersoll ONroute,401 West Bound,South-West Oxford,Miscellaneous Communal,London,ESCHERICHIA COLI,Approval / Permit Non-Compliance,01/31/2022,02/28/2022,200,CT/100mL,mon avg. on a geo. mean density,2,224,2093,Equipment Modified - Repaired - Replaced or Re-calibrated; New Equipment or Treatment Process Installed; New/Amended Approval,Voluntary Abatement Program Underway
Municipality of Middlesex Centre,Komoka Wastewater Treatment Plant,22280 Komoka Rd,Middlesex Centre,Municipal Sewage,London,PH - LOW,Approval / Permit Non-Compliance,11/09/2022,11/09/2022,6,pH,any,1,5.6,5.6,None Required,Assessment Complete - Incident Resolved
Oxford County,Norwich STP,8 Sutton St,Norwich,Municipal Sewage,London,Flow,Approval / Permit Non-Compliance,02/17/2022,02/17/2022,5160,m³, /d,1,5194,5194,None Required,Assessment Complete - No Action Required
Oxford County,Plattsville Waste Water Treatment Plant,"Lot 16 Concession 12, Blandford-Blenheim",Blandford-Blenheim,Municipal Sewage,London,TOTAL SUSPENDED SOLIDS,Approval / Permit Non-Compliance,11/01/2022,11/30/2022,10,mg/L,mon avg,1,11.6,11.6,Action Plan Submitted - Implementing Improvements; Additional Monitoring Underway; Other,Assessment Complete - No Action Required
The Corporation of the Township of Perth East,Milverton WPCP,"MILL ST W, LOT 5, CONCESSION III",PERTH EAST,Municipal Sewage,London,"PHOSPHORUS, TOTAL",Approval / Permit Non-Compliance,02/01/2022,02/28/2022,1,mg/L,mon avg,1,1.052,1.052,Other,Other Action Taken
The Corporation of the City of London,Greenway Wastewater Treatment Centre,109 Greenside Ave,London,Municipal Sewage,London,"PHOSPHORUS, TOTAL",Approval / Permit Non-Compliance,09/01/2022,09/30/2022,0.58,mg/L, /mon,1,0.66,0.66,Additional Monitoring Underway,Assessment Complete - Incident Resolved
The Corporation of the Municipality of Central Elgin,Port Stanley WWTP,37575 Scotch Line,Central Elgin,Municipal Sewage,London,"PHOSPHORUS, TOTAL",Approval / Permit Non-Compliance,07/01/2022,07/31/2022,0.25,mg/L,mon avg,1,0.35,0.35,Equipment Modified - Repaired - Replaced or Re-calibrated,Assessment Complete - No Action Required
The Corporation of the Municipality of Strathroy-Caradoc,Mount Brydges Sewage Treatment Plant,22416 MILL RD,STRATHROY-CARADOC,Municipal Sewage,London,TOTAL AMMONIA NITROGEN,Approval / Permit Non-Compliance,12/01/2022,12/31/2022,5,mg/L,mon avg,1,13.88,13.88,Additional Monitoring Underway,Voluntary Abatement Program Underway
The Corporation of the Municipality of Strathroy-Caradoc,Mount Brydges Sewage Treatment Plant,22416 MILL RD,STRATHROY-CARADOC,Municipal Sewage,London,TOTAL SUSPENDED SOLIDS,Approval / Permit Non-Compliance,12/01/2022,12/31/2022,15,mg/L,mon avg,1,15.25,15.25,Additional Monitoring Underway,Voluntary Abatement Program Underway
The Corporation of the Municipality of Strathroy-Caradoc,Mount Brydges Sewage Treatment Plant,22416 MILL RD,Strathroy-Caradoc,Municipal Sewage,London,TOTAL AMMONIA NITROGEN,Approval / Permit Non-Compliance,01/01/2022,01/31/2022,5,mg/L,mon avg,1,6,6,Conducting Study; Equipment Modified - Repaired - Replaced or Re-calibrated,Voluntary Abatement Program Underway
The Corporation of the Municipality of Strathroy-Caradoc,Mount Brydges Sewage Treatment Plant,22416 MILL RD,Strathroy-Caradoc,Municipal Sewage,London,TOTAL AMMONIA NITROGEN,Approval / Permit Non-Compliance,02/01/2022,02/28/2022,5,mg/L,mon avg,1,9.1,9.1,Action Plan Submitted - Implementing Improvements; Operational Process Modification,Voluntary Abatement Program Underway
The Corporation of the Municipality of Strathroy-Caradoc,Mount Brydges Sewage Treatment Plant,22416 MILL RD,Strathroy-Caradoc,Municipal Sewage,London,TOTAL AMMONIA NITROGEN,Approval / Permit Non-Compliance,03/01/2022,03/31/2022,5,mg/L,mon avg,1,11.3,11.3,Conducting Study; Operational Process Modification,Voluntary Abatement Program Underway
The Corporation of the Municipality of Strathroy-Caradoc,Mount Brydges Sewage Treatment Plant,22416 MILL RD,Strathroy-Caradoc,Municipal Sewage,London,TOTAL AMMONIA NITROGEN,Approval / Permit Non-Compliance,04/01/2022,04/30/2022,3,mg/L,mon avg,1,10.83,10.83,Action Plan Submitted - Implementing Improvements; Conducting Study; Equipment Modified - Repaired - Replaced or Re-calibrated; Operational Process Modification,Voluntary Abatement Program Underway
The Corporation of the Municipality of Strathroy-Caradoc,Mount Brydges Sewage Treatment Plant,22416 MILL RD,Strathroy-Caradoc,Municipal Sewage,London,CARBONACEOUS BIOCHEMICAL OXYGEN DEMAND,Approval / Permit Non-Compliance,04/01/2022,04/30/2022,10,mg/L,mon avg,1,10.25,10.25,Action Plan Submitted - Implementing Improvements; Conducting Study; Equipment Modified - Repaired - Replaced or Re-calibrated; Operational Process Modification,Voluntary Abatement Program Underway
The Corporation of the Municipality of Strathroy-Caradoc,Mount Brydges Sewage Treatment Plant,22416 MILL RD,Strathroy-Caradoc,Municipal Sewage,London,TOTAL SUSPENDED SOLIDS,Approval / Permit Non-Compliance,04/01/2022,04/30/2022,10,mg/L,mon avg,1,14.75,14.75,Action Plan Submitted - Implementing Improvements; Conducting Study; Equipment Modified - Repaired - Replaced or Re-calibrated; Operational Process Modification,Voluntary Abatement Program Underway
The Corporation of the Municipality of Strathroy-Caradoc,Mount Brydges Sewage Treatment Plant,22416 MILL RD,Strathroy-Caradoc,Municipal Sewage,London,TOTAL AMMONIA NITROGEN,Approval / Permit Non-Compliance,05/01/2022,05/31/2022,3,mg/L,mon avg,1,15.3,15.3,Action Plan Submitted - Implementing Improvements; Additional Monitoring Underway; Equipment Modified - Repaired - Replaced or Re-calibrated,Voluntary Abatement Program Underway
The Corporation of the Municipality of Strathroy-Caradoc,Mount Brydges Sewage Treatment Plant,22416 MILL RD,Strathroy-Caradoc,Municipal Sewage,London,CARBONACEOUS BIOCHEMICAL OXYGEN DEMAND,Approval / Permit Non-Compliance,05/01/2022,05/31/2022,10,mg/L,mon avg,1,10.75,10.75,Action Plan Submitted - Implementing Improvements; Additional Monitoring Underway; Equipment Modified - Repaired - Replaced or Re-calibrated,Voluntary Abatement Program Underway
The Corporation of the Municipality of Strathroy-Caradoc,Mount Brydges Sewage Treatment Plant,22416 MILL RD,Strathroy-Caradoc,Municipal Sewage,London,TOTAL SUSPENDED SOLIDS,Approval / Permit Non-Compliance,05/01/2022,05/31/2022,10,mg/L,mon avg,1,17.5,17.5,Action Plan Submitted - Implementing Improvements; Additional Monitoring Underway; Equipment Modified - Repaired - Replaced or Re-calibrated,Voluntary Abatement Program Underway
The Corporation of the Municipality of Strathroy-Caradoc,Mount Brydges Sewage Treatment Plant,22416 MILL RD,Strathroy-Caradoc,Municipal Sewage,London,TOTAL AMMONIA NITROGEN,Approval / Permit Non-Compliance,06/01/2022,06/30/2022,3,mg/L,mon avg,1,10.16,10.16,Equipment Modified - Repaired - Replaced or Re-calibrated; Operational Process Modification,Voluntary Abatement Program Underway
The Corporation of the Municipality of Strathroy-Caradoc,Mount Brydges Sewage Treatment Plant,22416 MILL RD,Strathroy-Caradoc,Municipal Sewage,London,TOTAL SUSPENDED SOLIDS,Approval / Permit Non-Compliance,06/01/2022,06/30/2022,10,mg/L,mon avg,1,17.2,17.2,Equipment Modified - Repaired - Replaced or Re-calibrated; Operational Process Modification,Voluntary Abatement Program Underway
The Corporation of the Municipality of Strathroy-Caradoc,Mount Brydges Sewage Treatment Plant,22416 MILL RD,Strathroy-Caradoc,Municipal Sewage,London,TOTAL SUSPENDED SOLIDS,Approval / Permit Non-Compliance,07/01/2022,07/31/2022,10,mg/L,mon avg,1,12.25,12.25,Equipment Modified - Repaired - Replaced or Re-calibrated; Operational Process Modification,Voluntary Abatement Program Underway
The Corporation of the Municipality of Strathroy-Caradoc,Mount Brydges Sewage Treatment Plant,22416 MILL RD,Strathroy-Caradoc,Municipal Sewage,London,TOTAL AMMONIA NITROGEN,Approval / Permit Non-Compliance,08/01/2022,08/31/2022,3,mg/L,mon avg,1,5.64,5.64,Equipment Modified - Repaired - Replaced or Re-calibrated; New/Modified Sampling Program Underway; Operational Process Modification,Voluntary Abatement Program Underway
The Corporation of the Municipality of Strathroy-Caradoc,Mount Brydges Sewage Treatment Plant,22416 MILL RD,Strathroy-Caradoc,Municipal Sewage,London,TOTAL AMMONIA NITROGEN,Approval / Permit Non-Compliance,11/01/2022,11/30/2022,3,mg/L,mon avg,1,4.46,4.46,Action Plan Submitted - Implementing Improvements; Equipment Modified - Repaired - Replaced or Re-calibrated; New/Modified Sampling Program Underway; Operational Process Modification,Voluntary Abatement Program Underway
The Corporation of the Municipality of Strathroy-Caradoc,Strathroy Sewage Treatment Plant,27886 & 27888 Pike Road,Adelaide Metcalfe,Municipal Sewage,London,TOTAL AMMONIA NITROGEN,Approval / Permit Non-Compliance,02/01/2022,02/28/2022,5,mg/L,mon avg,1,6.41,6.41,Equipment Modified - Repaired - Replaced or Re-calibrated; Operational Process Modification,Assessment Complete - No Action Required
The Corporation of the Separated Town of St. Marys,St. Marys Wastewater Treatment Plant,309 Thomas St,St. Marys,Municipal Sewage,London,TOTAL AMMONIA NITROGEN,Approval / Permit Non-Compliance,02/03/2022,02/03/2022,8,mg/L, /d,1,14.4,14.4,None Required,Assessment Complete - No Action Required
The Corporation of the Separated Town of St. Marys,St. Marys Wastewater Treatment Plant,309 Thomas St,St. Marys,Municipal Sewage,London,"PHOSPHORUS, TOTAL",Approval / Permit Non-Compliance,08/23/2022,08/23/2022,1,mg/L, /d,1,1.07,1.07,Equipment Modified - Repaired - Replaced or Re-calibrated,Assessment Complete - Incident Resolved
The Corporation of the Town of Aylmer,Aylmer Lagoon,9853 Rogers Rd,Malahide,Municipal Sewage,London,TOTAL SUSPENDED SOLIDS,Approval / Permit Non-Compliance,04/01/2022,04/30/2022,30,mg/L,mon avg,1,43.5,43.5,Operational Process Modification,Voluntary Abatement Program Underway
The Corporation of the Town of Aylmer,Aylmer Lagoon,9853 Rogers Rd,Malahide,Municipal Sewage,London,TOTAL AMMONIA NITROGEN,Approval / Permit Non-Compliance,04/25/2022,04/25/2022,1.2,mg/L,any,1,1.4,1.4,Operational Process Modification,Voluntary Abatement Program Underway
The Corporation of the Township of Lucan Biddulph,Granton WPCP,34195 Granton Line,Lucan Biddulph,Municipal Sewage,London,TOTAL SUSPENDED SOLIDS,Approval / Permit Non-Compliance,01/01/2022,01/31/2022,10,mg/L,mon avg,1,12.3,12.3,Operational Process Modification,Voluntary Abatement Program Underway
The Corporation of the Township of Lucan Biddulph,Granton WPCP,34195 Granton Line,Lucan Biddulph,Municipal Sewage,London,TOTAL SUSPENDED SOLIDS,Approval / Permit Non-Compliance,02/01/2022,02/28/2022,10,mg/L,mon avg,1,14.7,14.7,Operational Process Modification,Voluntary Abatement Program Underway
The Corporation of the Township of Lucan Biddulph,Granton WPCP,34195 Granton Line,Lucan Biddulph,Municipal Sewage,London,TOTAL SUSPENDED SOLIDS,Approval / Permit Non-Compliance,03/01/2022,03/31/2022,10,mg/L,mon avg,1,10.2,10.2,Operational Process Modification,Voluntary Abatement Program Underway
The Corporation of the Township of Lucan Biddulph,Granton WPCP,34195 Granton Line,Lucan Biddulph,Municipal Sewage,London,TOTAL SUSPENDED SOLIDS,Approval / Permit Non-Compliance,04/01/2022,04/30/2022,10,mg/L,mon avg,1,11,11,Operational Process Modification,Voluntary Abatement Program Underway
The Corporation of the Township of Lucan Biddulph,Granton WPCP,34195 Granton Line,Lucan Biddulph,Municipal Sewage,London,TOTAL SUSPENDED SOLIDS,Approval / Permit Non-Compliance,10/01/2022,10/31/2022,10,mg/L,mon avg,1,10.5,10.5,Operational Process Modification,Voluntary Abatement Program Underway
The Corporation of the Township of Lucan Biddulph,Granton WPCP,34195 Granton Line,Lucan Biddulph,Municipal Sewage,London,TOTAL SUSPENDED SOLIDS,Approval / Permit Non-Compliance,12/01/2022,12/31/2022,10,mg/L,mon avg,1,10.8,10.8,Operational Process Modification,Voluntary Abatement Program Underway
The Corporation of the Township of Lucan Biddulph,Lucan WPCP,6242 Fallon Drive,Lucan Biddulph,Municipal Sewage,London,TOTAL SUSPENDED SOLIDS,Approval / Permit Non-Compliance,02/01/2022,02/28/2022,10,mg/L,mon avg,1,12.4,12.4,Equipment Modified - Repaired - Replaced or Re-calibrated; Operational Process Modification,Voluntary Abatement Program Underway
The Corporation of the Township of Lucan Biddulph,Lucan WPCP,6242 Fallon Drive,Lucan Biddulph,Municipal Sewage,London,TOTAL SUSPENDED SOLIDS,Approval / Permit Non-Compliance,06/01/2022,06/30/2022,10,mg/L,mon avg,1,11.1,11.1,Equipment Modified - Repaired - Replaced or Re-calibrated; Operational Process Modification,Voluntary Abatement Program Underway
The Corporation of the Township of Lucan Biddulph,Lucan WPCP,6242 Fallon Drive,Lucan Biddulph,Municipal Sewage,London,TOTAL SUSPENDED SOLIDS,Approval / Permit Non-Compliance,07/01/2022,07/31/2022,10,mg/L,mon avg,1,11.2,11.2,Equipment Modified - Repaired - Replaced or Re-calibrated; Operational Process Modification,Voluntary Abatement Program Underway
The Corporation of the Township of Lucan Biddulph,Lucan WPCP,6242 Fallon Drive,Lucan Biddulph,Municipal Sewage,London,TOTAL AMMONIA NITROGEN,Approval / Permit Non-Compliance,08/01/2022,08/31/2022,1.3,mg/L,mon avg,1,4.7,4.7,Equipment Modified - Repaired - Replaced or Re-calibrated; Operational Process Modification,Voluntary Abatement Program Underway
The Corporation of the Township of Lucan Biddulph,Lucan WPCP,6242 Fallon Drive,Lucan Biddulph,Municipal Sewage,London,TOTAL AMMONIA NITROGEN,Approval / Permit Non-Compliance,08/01/2022,08/31/2022,2.3,kg/d,mon avg,1,4.36,4.36,Equipment Modified - Repaired - Replaced or Re-calibrated; Operational Process Modification,Voluntary Abatement Program Underway
The Corporation of the Township of Perth East,Milverton WPCP,"MILL ST W, LOT 5, CONCESSION III",Perth East,Municipal Sewage,London,TOTAL SUSPENDED SOLIDS,Approval / Permit Non-Compliance,03/01/2022,03/31/2022,15,mg/L,mon avg,1,26.2,26.2,None Required,Assessment Complete - No Action Required
The Corporation of the Township of Perth East,Shakespeare Wastewater Treatment Plant,3976 Galt St,Perth East,Municipal Sewage,London,TOTAL SUSPENDED SOLIDS,Approval / Permit Non-Compliance,03/01/2022,03/31/2022,10,mg/L,mon avg,1,13.4,13.4,None Required,Assessment Complete - No Action Required
The Corporation of the Township of Perth East,Shakespeare Wastewater Treatment Plant,3976 Galt St,Perth East,Municipal Sewage,London,TOTAL AMMONIA NITROGEN,Approval / Permit Non-Compliance,03/01/2022,03/31/2022,3,mg/L,mon avg,1,5.03,5.03,None Required,Assessment Complete - No Action Required
The Corporation of the Township of Perth East,Shakespeare Wastewater Treatment Plant,3976 Galt St,Perth East,Municipal Sewage,London,TOTAL SUSPENDED SOLIDS,Approval / Permit Non-Compliance,04/01/2022,04/30/2022,10,mg/L,mon avg,1,10.4,10.4,Equipment Modified - Repaired - Replaced or Re-calibrated,Voluntary Abatement Program Underway
The Corporation of the Township of Perth East,Shakespeare Wastewater Treatment Plant,3976 Galt St,Perth East,Municipal Sewage,London,TOTAL AMMONIA NITROGEN,Approval / Permit Non-Compliance,04/01/2022,04/30/2022,3,mg/L,mon avg,1,3.1,3.1,Equipment Modified - Repaired - Replaced or Re-calibrated,Voluntary Abatement Program Underway
The Corporation of the Township of Perth East,Shakespeare Wastewater Treatment Plant,3976 Galt St,Perth East,Municipal Sewage,London,"PHOSPHORUS, TOTAL",Approval / Permit Non-Compliance,04/01/2022,04/30/2022,0.5,mg/L,mon avg,1,0.662,0.662,Equipment Modified - Repaired - Replaced or Re-calibrated,Voluntary Abatement Program Underway
ARRAN-ELDERSLIE,Chesley Lagoon,"230 4TH ST SW, ARRAN-ELDERSLIE, ON N0G 1L0",ARRAN-ELDERSLIE,Municipal Sewage,Owen Sound,TOTAL AMMONIA NITROGEN,Approval / Permit Non-Compliance,06/01/2022,06/30/2022,2,mg/L,mon avg,1,3.23,3.23,Other,Event Resolved
ARRAN-ELDERSLIE,Chesley Lagoon,"230 4TH ST SW, ARRAN-ELDERSLIE, ON N0G 1L0",ARRAN-ELDERSLIE,Municipal Sewage,Owen Sound,TOTAL AMMONIA NITROGEN,Approval / Permit Non-Compliance,06/01/2022,06/30/2022,3.5,kg/d,mon avg,1,4.6,4.6,Other,Event Resolved
ARRAN-ELDERSLIE,Tara Lagoon,"LOT:28, CONCESSION:7, GEOTOWNSHIP:ARRAN, ARRAN-ELDERSLIE, ON ",ARRAN-ELDERSLIE,Municipal Sewage,Owen Sound,TOTAL SUSPENDED SOLIDS,Approval / Permit Non-Compliance,11/01/2022,11/30/2022,40,mg/L,mon avg,1,57,57,Ceased Operations,Other Action Taken
Beaver Valley Ski Club,Beaver Valley Ski Club (Clubhouse),100 Pioneer Dr Lot 1 & 2 Concession 5 & 6 Markdale,Grey Highlands,Miscellaneous Communal,Owen Sound,BIOCHEMICAL OXYGEN DEMAND,Approval / Permit Non-Compliance,03/01/2022,03/31/2022,15,mg/L,mon avg,1,55,55,Ceased Operations,Assessment Complete - No Action Required
Beaver Valley Ski Club,Beaver Valley Ski Club (Clubhouse),100 Pioneer Dr Lot 1 & 2 Concession 5 & 6 Markdale,Grey Highlands,Miscellaneous Communal,Owen Sound,TOTAL SUSPENDED SOLIDS,Approval / Permit Non-Compliance,03/01/2022,03/31/2022,15,mg/L,mon avg,1,87,87,Ceased Operations,Assessment Complete - No Action Required
Beaver Valley Ski Club,Beaver Valley Ski Club (Clubhouse),100 Pioneer Dr Lot 1 & 2 Concession 5 & 6 Markdale,Grey Highlands,Miscellaneous Communal,Owen Sound,"PHOSPHORUS, TOTAL",Approval / Permit Non-Compliance,03/01/2022,03/31/2022,0.6,mg/L,mon avg,1,3.67,3.67,Ceased Operations,Assessment Complete - No Action Required
Beaver Valley Ski Club,Beaver Valley Ski Club (Clubhouse),100 Pioneer Dr Lot 1 & 2 Concession 5 & 6 Markdale,Grey Highlands,Miscellaneous Communal,Owen Sound,TOTAL AMMONIA NITROGEN,Approval / Permit Non-Compliance,03/01/2022,03/31/2022,2.5,mg/L,mon avg,1,67.9,67.9,Ceased Operations,Assessment Complete - No Action Required
Beaver Valley Ski Club,Beaver Valley Ski Club (Clubhouse),100 Pioneer Dr Lot 1 & 2 Concession 5 & 6 Markdale,Grey Highlands,Miscellaneous Communal,Owen Sound,ESCHERICHIA COLI,Approval / Permit Non-Compliance,03/01/2022,03/31/2022,100,CT/100mL,mon avg. on a geo. mean density,1,787,787,Ceased Operations,Assessment Complete - No Action Required
Beaver Valley Ski Club,Beaver Valley Ski Club (Clubhouse),100 Pioneer Dr Lot 1 & 2 Concession 5 & 6 Markdale,Grey Highlands,Miscellaneous Communal,Owen Sound,TOTAL AMMONIA NITROGEN,Approval / Permit Non-Compliance,11/01/2022,11/30/2022,7,mg/L,mon avg,1,2.5,2.5,Operational Process Modification,Assessment Complete - No Action Required
Beaver Valley Ski Club,Beaver Valley Ski Club (Clubhouse),100 Pioneer Dr Lot 1 & 2 Concession 5 & 6 Markdale,Grey Highlands,Miscellaneous Communal,Owen Sound,"PHOSPHORUS, TOTAL",Approval / Permit Non-Compliance,11/01/2022,11/30/2022,0.45,mg/L,mon avg,1,0.54,0.54,Operational Process Modification,Assessment Complete - No Action Required
Beaver Valley Ski Club,Beaver Valley Ski Club (Clubhouse),100 Pioneer Dr Lot 1 & 2 Concession 5 & 6 Markdale,Grey Highlands,Miscellaneous Communal,Owen Sound,TOTAL AMMONIA NITROGEN,Approval / Permit Non-Compliance,12/01/2022,12/31/2022,2.5,mg/L, /mon,1,34.6,34.6,Equipment Modified - Repaired - Replaced or Re-calibrated,Assessment Complete - Incident Resolved
Castle Glen Development Corporation,Castle Glen Development,Grey County Road 19 Lot 10 Concession 3,The Blue Mountains,Miscellaneous Communal,Owen Sound,PH - HIGH,Approval / Permit Non-Compliance,06/08/2022,06/08/2022,9,pH,any,1,9.2,9.2,Equipment Modified - Repaired - Replaced or Re-calibrated,Assessment Complete - Incident Resolved
COBBLE BEACH GOLF LINKS,Cobble Beach Wastewater Treatment Plant,"LOT:30 & 31, CONCESSION:3, GEOTOWNSHIP:SARAWAK, GEORGIAN BLUFFS, ON ",GEORGIAN BLUFFS,Miscellaneous Communal,Owen Sound,"PHOSPHORUS, TOTAL",Approval / Permit Non-Compliance,07/01/2022,07/31/2022,0.5,mg/L,mon avg,1,0.71,0.71,New Equipment Installed,Other Action Taken
GEORGIAN BLUFFS,Derby Wastewater Treatment Works,"062111 SIDERD 3, GEORGIAN BLUFFS, ON N4K 5N5",GEORGIAN BLUFFS,Municipal Sewage,Owen Sound,TOTAL SUSPENDED SOLIDS,Approval / Permit Non-Compliance,09/01/2022,09/30/2022,40,mg/L,mon avg,1,46,46,Ceased Operations,Other Action Taken
HURON EAST,Seaforth Sewage Treatment Plant,"79468 HANNAH LINE, HURON EAST, ON N0K 1W0",HURON EAST,Municipal Sewage,Owen Sound,"PHOSPHORUS, TOTAL",Approval / Permit Non-Compliance,06/01/2022,06/30/2022,0.8,mg/L,mon avg,1,0.98,0.98,Operational Process Modified,Event Resolved
HURON EAST,Seaforth Sewage Treatment Plant,"79468 HANNAH LINE, HURON EAST, ON N0K 1W0",HURON EAST,Municipal Sewage,Owen Sound,"PHOSPHORUS, TOTAL",Approval / Permit Non-Compliance,06/01/2022,06/30/2022,0.8,mg/L,mon avg,1,0.98,0.98,Operational Process Modified,Assessment Underway
HURON-KINLOSS,Lucknow Lagoon,"65 WASHINGTON ST, HURON-KINLOSS, ON N0G 2R0",HURON-KINLOSS,Municipal Sewage,Owen Sound,TOTAL AMMONIA NITROGEN,Approval / Permit Non-Compliance,11/01/2022,11/30/2022,2.5,mg/L,mon avg,1,3.08,3.08,Resolved w/o Actions Required,Event Resolved
SAUGEEN SHORES,Port Elgin Water Pollution Control Plant,"815 LEHNEN ST, SAUGEEN SHORES, ON N0H 2C4",SAUGEEN SHORES,Municipal Sewage,Owen Sound,"PHOSPHORUS, TOTAL",Approval / Permit Non-Compliance,09/01/2022,09/30/2022,6.5,kg/d,mon avg,1,6.96,6.96,Operational Process Modified,Other Action Taken
SAUGEEN SHORES,Port Elgin Water Pollution Control Plant,"815 LEHNEN ST, SAUGEEN SHORES, ON N0H 2C4",SAUGEEN SHORES,Municipal Sewage,Owen Sound,"PHOSPHORUS, TOTAL",Approval / Permit Non-Compliance,09/01/2022,09/30/2022,1,mg/L,mon avg,1,1.85,1.85,Operational Process Modified,Other Action Taken
SAUGEEN SHORES,Port Elgin Water Pollution Control Plant,"815 LEHNEN ST, SAUGEEN SHORES, ON N0H 2C4",SAUGEEN SHORES,Municipal Sewage,Owen Sound,"PHOSPHORUS, TOTAL",Approval / Permit Non-Compliance,10/01/2022,10/31/2022,1,mg/L,mon avg,1,1.22,1.22,Operational Process Modified,Other Action Taken
SOUTHGATE,Dundalk Lagoon,"752051 IDA ST S, DUNDALK",SOUTHGATE,Municipal Sewage,Owen Sound,"AMMONIA, UNIONIZED",Approval / Permit Non-Compliance,02/07/2022,02/07/2022,0.1,mg/L,any,1,0.16,0.16,Ceased Operations,Event Resolved
SOUTHGATE,Dundalk Lagoon,"752051 IDA ST S, DUNDALK",SOUTHGATE,Municipal Sewage,Owen Sound,"AMMONIA, UNIONIZED",Approval / Permit Non-Compliance,05/02/2022,05/10/2022,0.1, mg/L,any,2,0.1165,0.1446,Ceased Operations,Event Resolved
The Corporation of the Municipality of Kincardine,Kincardine Wastewater Treatment Plant,177 Mahood-Johnston Dr,Kincardine,Municipal Sewage,Owen Sound,TOTAL SUSPENDED SOLIDS,Approval / Permit Non-Compliance,08/01/2022,08/31/2022,40,mg/L,mon avg,1,42.4,42.4,Additional Monitoring Underway,Assessment Complete - Incident Resolved
The Corporation of the Municipality of Kincardine,Kincardine Wastewater Treatment Plant,177 Mahood-Johnston Dr,Kincardine,Municipal Sewage,Owen Sound,TOTAL SUSPENDED SOLIDS,Approval / Permit Non-Compliance,09/01/2022,09/30/2022,40,mg/L,mon avg,1,46,46,None Required,Assessment Complete - No Action Required
WEST GREY,Durham Water Pollution Control Plant,"455 SADDLER ST W, WEST GREY, ON ",WEST GREY,Municipal Sewage,Owen Sound,TOTAL AMMONIA NITROGEN,Approval / Permit Non-Compliance,12/01/2022,12/31/2022,10,mg/L,mon avg,1,13.4,13.4,New Equipment Installed,Other Action Taken
WEST GREY,Durham Water Pollution Control Plant,"455 SADDLER ST W, WEST GREY, ON ",WEST GREY,Municipal Sewage,Owen Sound,ESCHERICHIA COLI,Approval / Permit Non-Compliance,12/01/2022,12/31/2022,200,CT/100mL,mon avg. on a geo. mean density,1,4874,4874,Equipment Modified/Repaired,Other Action Taken
The Corporation of the City of Sarnia,Bright's Grove Sewage Treatment Facility,2923 Lakeshore Rd,Sarnia,Municipal Sewage,Sarnia,TOTAL SUSPENDED SOLIDS,Approval / Permit Non-Compliance,10/01/2022,10/31/2022,10,mg/L,mon avg,1,13.5,13.5,New Equipment or Treatment Process Installed; New/Modified Sampling Program Underway,Assessment Underway
The Corporation of the City of Sarnia,Sarnia Wastewater Treatment Plant,333 St. Andrew St (Sarnia WPCC),Sarnia,Municipal Sewage,Sarnia,TOTAL SUSPENDED SOLIDS,Approval / Permit Non-Compliance,08/01/2022,08/31/2022,15,mg/L,mon avg,1,16.6,16.6,None Required,Assessment Complete - No Action Required
The Corporation of the City of Sarnia,Sarnia Wastewater Treatment Plant,333 St. Andrew St (Sarnia WPCC),Sarnia,Municipal Sewage,Sarnia,"PHOSPHORUS, TOTAL",Approval / Permit Non-Compliance,08/01/2022,08/31/2022,1,mg/L,mon avg,1,1.36,1.36,None Required,Assessment Complete - No Action Required
The Corporation of the Municipality of Bluewater,Bayfield Sewage Treatment Plant,"Lot: 7, Concession: Bayfield Road",Bluewater,Municipal Sewage,Sarnia,TOTAL AMMONIA NITROGEN,Approval / Permit Non-Compliance,03/01/2022,03/31/2022,4,mg/L,mon avg,1,4.73,4.73,Action Plan Submitted - Implementing Improvements,Voluntary Abatement Program Underway
The Corporation of the Municipality of Bluewater,Bayfield Sewage Treatment Plant,"Lot: 7, Concession: Bayfield Road",Bluewater,Municipal Sewage,Sarnia,CARBONACEOUS BIOCHEMICAL OXYGEN DEMAND,Approval / Permit Non-Compliance,08/01/2022,11/30/2022,10,mg/L,mon avg,3,14.3,23.5,Action Plan Submitted - Implementing Improvements,Voluntary Abatement Program Underway
The Corporation of the Municipality of Bluewater,Bayfield Sewage Treatment Plant,"Lot: 7, Concession: Bayfield Road",Bluewater,Municipal Sewage,Sarnia,"PHOSPHORUS, TOTAL",Approval / Permit Non-Compliance,08/01/2022,11/30/2022,0.5,mg/L,mon avg,3,0.65,2.1,Action Plan Submitted - Implementing Improvements,Voluntary Abatement Program Underway
The Corporation of the Municipality of Bluewater,Bayfield Sewage Treatment Plant,"Lot: 7, Concession: Bayfield Road",Bluewater,Municipal Sewage,Sarnia,TOTAL SUSPENDED SOLIDS,Approval / Permit Non-Compliance,08/01/2022,11/30/2022,10,mg/L,mon avg,4,22.8,420,Action Plan Submitted - Implementing Improvements,Voluntary Abatement Program Underway
"The Corporation of the Municipality of Lambton Shores
",Indian Hills Estates Subdivision WWTP,9173 Indian Hills Trail W,Lambton Shores,Municipal Sewage,Sarnia,ESCHERICHIA COLI,Approval / Permit Non-Compliance,07/01/2022,07/31/2022,200,CT/100mL,mon avg. on a geo. mean density,1,226,226,Operational Process Modification,Assessment Complete - Incident Resolved
"The Corporation of the Municipality of Lambton Shores
",Indian Hills Estates Subdivision WWTP,9173 Indian Hills Trail W,Lambton Shores,Municipal Sewage,Sarnia,TOTAL SUSPENDED SOLIDS,Approval / Permit Non-Compliance,09/01/2022,09/30/2022,15,mg/L,mon avg,1,15.4,15.4,None Required,Assessment Complete - No Action Required
"The Corporation of the Town of Petrolia
Jacobs Canada Inc.",Petrolia Wastewater Treatment Plant,546 Maude St,Petrolia,Municipal Sewage,Sarnia,TOTAL AMMONIA NITROGEN,Approval / Permit Non-Compliance,01/01/2022,01/31/2022,6,mg/L,mon avg,1,10.7,10.7,Equipment Modified - Repaired - Replaced or Re-calibrated,Assessment Complete - Incident Resolved
"The Corporation of the Town of Petrolia
Jacobs Canada Inc.",Petrolia Wastewater Treatment Plant,546 Maude St,Petrolia,Municipal Sewage,Sarnia,ESCHERICHIA COLI,Approval / Permit Non-Compliance,05/01/2022,05/31/2022,200,CT/100mL,mon avg. on a geo. mean density,1,274,274,Operational Process Modification,Voluntary Abatement Program Underway
2492309 ONTARIO LIMITED,Double Diamond Farms,607 MERSEA RD 8,Leamington ,Miscellaneous Communal,Windsor,"PHOSPHORUS, TOTAL",Approval / Permit Non-Compliance,11/01/2022,11/30/2022,0.3,mg/L,mon avg,1,0.7,0.7,Operational Process Modified,Addressed w/o Intervention
2492309 ONTARIO LIMITED,Double Diamond Farms,607 MERSEA RD 8,Leamington ,Miscellaneous Communal,Windsor,PH - LOW,Approval / Permit Non-Compliance,11/03/2022,11/30/2022,6, pH,any,5,4.29,5.36,Operational Process Modified,Addressed w/o Intervention
ALBUNA EXPRESS LTD.,Albuna Express Ltd.,306 COUNTY RD 18,Leamington ,Miscellaneous Communal,Windsor,"PHOSPHORUS, TOTAL",Approval / Permit Non-Compliance,01/01/2022,03/31/2022,0.6, mg/L,mon avg,3,0.9,1.4,Operational Process Modified,Addressed w/o Intervention
CAPREIT Apartments Inc.,Suncrest Mobile Home Park,230 County Road 42,Lakeshore,Miscellaneous Communal,Windsor,TOTAL SUSPENDED SOLIDS,Approval / Permit Non-Compliance,04/12/2022,04/25/2022,15,mg/L,/d,3,18,28,Operational Process Modification,Voluntary Abatement Program Underway
CAPREIT Apartments Inc.,Suncrest Mobile Home Park,230 County Road 42,Lakeshore,Miscellaneous Communal,Windsor,TOTAL SUSPENDED SOLIDS,Approval / Permit Non-Compliance,05/01/2022,05/01/2022,15,mg/L,/d,1,270,270,Other,Voluntary Abatement Program Underway
CAPREIT Apartments Inc.,Suncrest Mobile Home Park,230 County Road 42,Lakeshore,Miscellaneous Communal,Windsor,ESCHERICHIA COLI,Approval / Permit Non-Compliance,06/01/2022,06/30/2022,200,CT/100mL,mon avg. on a geo. mean density,1,1645,1645,Other,Voluntary Abatement Program Underway
CAPREIT Apartments Inc.,Suncrest Mobile Home Park,230 County Road 42,Lakeshore,Miscellaneous Communal,Windsor,TOTAL SUSPENDED SOLIDS,Approval / Permit Non-Compliance,06/12/2022,06/12/2022,15,mg/L,/d,1,28,28,Other,Voluntary Abatement Program Underway
FLAVOR FRESH FARMS,Flavour Fresh Farms,"635 MERSEA RD 7, LEAMINGTON, ON N0P 2J0",Leamington ,Miscellaneous Industrial,Windsor,TOTAL AMMONIA NITROGEN,Approval / Permit Non-Compliance,02/01/2022,03/31/2022,3, mg/L,mon avg,2,3.8,5.2,Operational Process Modified,Addressed w/o Intervention
FLAVOR FRESH FARMS,Flavour Fresh Farms,"635 MERSEA RD 7, LEAMINGTON, ON N0P 2J0",Leamington ,Miscellaneous Industrial,Windsor,"PHOSPHORUS, TOTAL",Approval / Permit Non-Compliance,05/01/2022,09/30/2022,0.3, mg/L,mon avg,5,0.35,1.9,Operational Process Modified,Addressed w/o Intervention
GIOVANNI DELLA SIEGA,Epping Forest Trailer Park,"949 COUNTY RD 50 E, ESSEX, ON N0R 1G0",ESSEX,Miscellaneous Communal,Windsor,"PHOSPHORUS, TOTAL",Approval / Permit Non-Compliance,08/01/2022,08/31/2022,1,mg/L,mon avg,1,1.14,1.14,Operational Process Modified,Voluntary Abatement Program Underway
Greenhill Produce (Thamesville) Ltd.,Greenhill Produce (Thamesville) Ltd.,23250 Kent Bridge Rd,Chatham-Kent,Miscellaneous Industrial,Windsor,"PHOSPHORUS, TOTAL",Approval / Permit Non-Compliance,04/01/2022,04/30/2022,0.7,mg/L,mon avg,1,1.2,1.2,Operational Process Modification,Assessment Complete - No Action Required
Greenhill Produce (Thamesville) Ltd.,Greenhill Produce (Thamesville) Ltd.,23250 Kent Bridge Rd,Chatham-Kent,Miscellaneous Communal,Windsor,"PHOSPHORUS, TOTAL",Approval / Permit Non-Compliance,05/01/2022,05/31/2022,0.7,mg/L,mon avg,1,1.7,1.7,Operational Process Modification,Assessment Complete - No Action Required
Greenhill Produce (Thamesville) Ltd.,Greenhill Produce (Thamesville) Ltd.,23250 Kent Bridge Rd,Chatham-Kent,Miscellaneous Communal,Windsor,TOTAL SUSPENDED SOLIDS,Approval / Permit Non-Compliance,08/01/2022,08/18/2022,15,mg/L,mon avg,1,19,19,Additional Monitoring Underway,Assessment Complete - No Action Required
Greenhill Produce (Thamesville) Ltd.,Greenhill Produce (Thamesville) Ltd.,23250 Kent Bridge Rd,Chatham-Kent,Miscellaneous Communal,Windsor,"PHOSPHORUS, TOTAL",Approval / Permit Non-Compliance,09/01/2022,09/15/2022,0.7,mg/L,mon avg,1,0.97,0.97,Operational Process Modification,Assessment Complete - No Action Required
Hacienda North Farms Inc.,Hacienda Farms North,20879 Coatsworth Road,Chatham-Kent,Miscellaneous Industrial,Windsor,TOTAL AMMONIA NITROGEN,Approval / Permit Non-Compliance,11/01/2022,11/30/2022,6,mg/L,mon avg,1,6.864,6.864,Operational Process Modification,Assessment Underway
Hacienda North Farms Inc.,Hacienda Farms North,20879 Coatsworth Road,Chatham-Kent,Miscellaneous Industrial,Windsor,"PHOSPHORUS, TOTAL",Approval / Permit Non-Compliance,12/01/2022,12/31/2022,2,mg/L,mon avg,1,4.13,4.13,Operational Process Modification,Assessment Underway
KINGSVILLE,Cottam Lagoon,"168 BELLE RIVER RD, COTTAM",KINGSVILLE,Municipal Sewage,Windsor,TOTAL SUSPENDED SOLIDS,Approval / Permit Non-Compliance,01/01/2022,12/31/2022,8.33,kg/d,annual avg,1,10.82,10.82,Other,Assessment Underway
KINGSVILLE,Kingsville Lagoon,516 COUNTY RD 20,KINGSVILLE,Municipal Sewage,Windsor,HYDROGEN SULPHIDE,Approval / Permit Non-Compliance,04/12/2022,04/12/2022,0.02,mg/L,/d,1,0.04,0.04,Resolved w/o Actions Required,Event Resolved
MILO  FOOD & AGRICULTURAL INFRASTRUCTURE & SERVICES INC.,Milo - Food & Agricultural Infrastructure & Services Inc.,"303 MILO RD, WHEATLEY, CHATHAM-KENT, ON N0P 2P0",Chatham - Kent ,Miscellaneous Communal,Windsor,CARBONACEOUS BIOCHEMICAL OXYGEN DEMAND,Approval / Permit Non-Compliance,05/01/2022,05/31/2022,25,mg/L,mon avg,1,51.9,51.9,Action Plan Submitted,Voluntary Abatement Program Underway
MILO  FOOD & AGRICULTURAL INFRASTRUCTURE & SERVICES INC.,Milo - Food & Agricultural Infrastructure & Services Inc.,"303 MILO RD, WHEATLEY, CHATHAM-KENT, ON N0P 2P0",Chatham - Kent ,Miscellaneous Communal,Windsor,TOTAL AMMONIA NITROGEN,Approval / Permit Non-Compliance,07/01/2022,07/31/2022,2.5,mg/L,mon avg,1,6.2,6.2,Action Plan Submitted,Voluntary Abatement Program Underway
PLATINUM PRODUCE COMPANY,Platinum Produce Corp.,"21037 COMMUNICATION RD, BLENHEIM, CHATHAM-KENT, ON N0P 1M0",Leamington ,Miscellaneous Communal,Windsor,TOTAL AMMONIA NITROGEN,Approval / Permit Non-Compliance,05/01/2022,12/31/2022,4, mg/L,mon avg,8,5.4,14.9,Operational Process Modified,Addressed w/o Intervention
STERLING WHOLESALE PRODUCE,Heritage Farms,"821 MERSEA RD 11, LEAMINGTON, ON N0P 2J0",Leamington ,Miscellaneous Communal,Windsor,TOTAL AMMONIA NITROGEN,Approval / Permit Non-Compliance,09/18/2022,10/02/2022,3, mg/L,avg of 4 consecutive samples,3,3.1,3.6,Operational Process Modified,Addressed w/o Intervention
STERLING WHOLESALE PRODUCE,Heritage Farms,"821 MERSEA RD 11, LEAMINGTON, ON N0P 2J0",Leamington ,Miscellaneous Communal,Windsor,"PHOSPHORUS, TOTAL",Approval / Permit Non-Compliance,10/16/2022,11/13/2022,0.3, mg/L,avg of 4 consecutive samples,5,0.4,0.4,Operational Process Modified,Addressed w/o Intervention
STERLING WHOLESALE PRODUCE,Heritage Farms,"821 MERSEA RD 11, LEAMINGTON, ON N0P 2J0",Leamington ,Miscellaneous Communal,Windsor,TOTAL AMMONIA NITROGEN,Approval / Permit Non-Compliance,11/06/2022,12/04/2022,4, mg/L,avg of 4 consecutive samples,5,4.2,5.7,Operational Process Modified,Addressed w/o Intervention
The Corporation of the City of Windsor,Lou Romano Water Reclamation Plant,4155 Ojibway Pky,Windsor,Municipal Sewage,Windsor,ESCHERICHIA COLI,Approval / Permit Non-Compliance,01/01/2022,01/31/2022,200,CT/100mL,mon avg. on a geo. mean density,1,295,295,Additional Monitoring Underway,Assessment Underway
The Corporation of the City of Windsor,Lou Romano Water Reclamation Plant,4155 Ojibway Pky,Windsor,Municipal Sewage,Windsor,ESCHERICHIA COLI,Approval / Permit Non-Compliance,02/01/2022,02/28/2022,200,CT/100mL,mon avg. on a geo. mean density,1,377,377,Additional Monitoring Underway,Assessment Underway
The Corporation of the City of Windsor,Lou Romano Water Reclamation Plant,4155 Ojibway Pky,Windsor,Municipal Sewage,Windsor,ESCHERICHIA COLI,Approval / Permit Non-Compliance,03/01/2022,03/31/2022,200,CT/100mL,mon avg. on a geo. mean density,1,373,373,Additional Monitoring Underway,Assessment Underway
The Corporation of the City of Windsor,Lou Romano Water Reclamation Plant,4155 Ojibway Pky,Windsor,Municipal Sewage,Windsor,ESCHERICHIA COLI,Approval / Permit Non-Compliance,08/01/2022,08/31/2022,200,CT/100mL,mon avg. on a geo. mean density,1,230,230,Equipment Modified - Repaired - Replaced or Re-calibrated; New/Modified Sampling Program Underway,Assessment Underway; Voluntary Abatement Program Underway
The Corporation of the City of Windsor,Lou Romano Water Reclamation Plant,4155 Ojibway Pky,Windsor,Municipal Sewage,Windsor,ESCHERICHIA COLI,Approval / Permit Non-Compliance,09/01/2022,09/30/2022,200,CT/100mL,mon avg. on a geo. mean density,1,218,218,Equipment Modified - Repaired - Replaced or Re-calibrated,Assessment Complete - No Action Required; Voluntary Abatement Program Underway
WINDSOR,Lou Romano Water Reclamation Plant,4155 Ojibway Pky,WINDSOR,Municipal Sewage,Windsor,ESCHERICHIA COLI,Approval / Permit Non-Compliance,05/01/2022,05/31/2022,200,CT/100mL,mon avg. on a geo. mean density,1,280,280,Equipment Modified/Repaired,Voluntary Abatement Program Underway
WINDSOR,Lou Romano Water Reclamation Plant,4155 Ojibway Pky,WINDSOR,Municipal Sewage,Windsor,ESCHERICHIA COLI,Approval / Permit Non-Compliance,10/01/2022,10/31/2022,200,CT/100mL,mon avg. on a geo. mean density,1,243,243,Equipment Modified/Repaired,Voluntary Abatement Program Underway
The Corporation of the Municipality of Chatham-Kent,Dresden Water Pollution Control Plant,700 Camden St Dresden Ontario,Chatham-Kent,Municipal Sewage,Windsor,TOTAL SUSPENDED SOLIDS,Approval / Permit Non-Compliance,09/01/2022,09/30/2022,25,mg/L,mon avg,1,40,40,Other,Assessment Complete - Incident Resolved
The Corporation of the Municipality of Chatham-Kent,Dresden Water Pollution Control Plant,700 Camden St Dresden Ontario,Chatham-Kent,Municipal Sewage,Windsor,"PHOSPHORUS, TOTAL",Approval / Permit Non-Compliance,09/01/2022,09/30/2022,1,mg/L,mon avg,1,1.47,1.47,Other,Assessment Complete - Incident Resolved
The Corporation of the Municipality of Chatham-Kent,Dresden Water Pollution Control Plant,700 Camden St Dresden Ontario,Chatham-Kent,Municipal Sewage,Windsor,ESCHERICHIA COLI,Approval / Permit Non-Compliance,09/01/2022,09/30/2022,200,CT/100mL,mon avg. on a geo. mean density,1,1104,1104,Other,Assessment Complete - Incident Resolved
The Corporation of the Municipality of Chatham-Kent,Wallaceburg Wastewater Treatment Plant,795 Gillard St Wallaceburg,Chatham-Kent,Municipal Sewage,Windsor,"PHOSPHORUS, TOTAL",Approval / Permit Non-Compliance,08/01/2022,08/31/2022,1,mg/L,mon avg,1,1.17,1.17,Additional Monitoring Underway,Assessment Complete - No Action Required
The Corporation of the Town of Amherstburg,Big Creek Marsh Sewage Treatment Plant,187 Lake Erie Country Club Road,Amherstburg,Municipal Sewage,Windsor,TOTAL AMMONIA NITROGEN,Approval / Permit Non-Compliance,04/01/2022,04/30/2022,3,mg/L,mon avg,1,3.475,3.475,Other,Assessment Complete - Incident Resolved
The Corporation of the Town of Amherstburg,McGregor Sewage Lagoon,Lot 5 Concession 8 West of Walker Road,Amherstburg,Municipal Sewage,Windsor,CARBONACEOUS BIOCHEMICAL OXYGEN DEMAND,Approval / Permit Non-Compliance,04/01/2022,04/30/2022,10,mg/L,mon avg,1,10.8,10.8,Equipment Modified - Repaired - Replaced or Re-calibrated,Assessment Complete - No Action Required
"The Corporation of the Town of Amherstburg
",Boblo Island WPCP,2 Boblo Island Blvd,Amherstburg,Municipal Sewage,Windsor,TOTAL SUSPENDED SOLIDS,Approval / Permit Non-Compliance,02/01/2022,02/28/2022,15,mg/L,mon avg,1,18.75,18.75,Equipment Modified - Repaired - Replaced or Re-calibrated,Assessment Complete - Incident Resolved
"The Corporation of the Town of Amherstburg
",Boblo Island WPCP,2 Boblo Island Blvd,Amherstburg,Municipal Sewage,Windsor,TOTAL SUSPENDED SOLIDS,Approval / Permit Non-Compliance,05/01/2022,05/31/2022,15,mg/L,mon avg,1,15.6,15.6,Equipment Modified - Repaired - Replaced or Re-calibrated,Voluntary Abatement Program Underway
The Corporation of the Town of Lakeshore,South Woodslee Water Pollution Control Plant,1711 King St Hamlet of South Woodslee,Lakeshore,Municipal Sewage,Windsor,TOTAL SUSPENDED SOLIDS,Approval / Permit Non-Compliance,06/01/2022,06/30/2022,10,mg/L,mon avg,1,12.7,12.7,Additional Monitoring Underway; Training/Procedure Change,Assessment Complete - Incident Resolved
WILDWOOD GOLF AND RV RESORT,Wildwood Golf and RV Resort Inc.,"11112 11TH CONC RD, ESSEX, ON N0R 1J0",ESSEX,Miscellaneous Communal,Windsor,TOTAL AMMONIA NITROGEN,Approval / Permit Non-Compliance,05/01/2022,05/31/2022,3,mg/L,mon avg,1,39.1,39.1,Operational Process Modified,Voluntary Abatement Program Underway
The Corporation of the City of Windsor,Little River Pollution Control Plant #1,9400 Little River Rd,Windsor,Municipal Sewage,Windsor,ESCHERICHIA COLI,Approval / Permit Non-Compliance,06/06/2022,06/06/2022,1000,CT/100mL,mon avg. on a geo. mean density,1,3400,3400,None Required,Assessment Complete - No Action Required
The Corporation of the City of Windsor,Little River Water Pollution Control Plant,9400 LITTLE RIVER RD,WINDSOR,Municipal Sewage,Windsor,ESCHERICHIA COLI,Approval / Permit Non-Compliance,05/16/2022,05/16/2022,"1,000",CT/100mL,mon avg. on a geo. mean density,2,"5,000","8,400",Resolved w/o Actions Required,Event Resolved
The Corporation of the City of Windsor,Little River Water Pollution Control Plant,9400 LITTLE RIVER RD,WINDSOR,Municipal Sewage,Windsor,ESCHERICHIA COLI,Approval / Permit Non-Compliance,06/27/2022,06/27/2022,"1,000",CT/100mL,mon avg. on a geo. mean density,1,1070,1070,Resolved w/o Actions Required,Event Resolved
Brookfield Residential (Ontario) LP,55 French Drive,55 French Dr,Mono,Miscellaneous Communal,Guelph,BIOCHEMICAL OXYGEN DEMAND,Approval / Permit Non-Compliance,01/01/2022,01/31/2022,10,mg/L,mon avg,1,26.8,26.8,Equipment Modified - Repaired - Replaced or Re-calibrated,Voluntary Abatement Program Underway
Brookfield Residential (Ontario) LP,55 French Drive,55 French Dr,Mono,Miscellaneous Communal,Guelph,TOTAL AMMONIA NITROGEN,Approval / Permit Non-Compliance,01/01/2022,01/31/2022,2,mg/L,mon avg,1,17.43,17.43,Equipment Modified - Repaired - Replaced or Re-calibrated,Voluntary Abatement Program Underway
Brookfield Residential (Ontario) LP,55 French Drive,55 French Dr,Mono,Miscellaneous Communal,Guelph,NITRATE (AS NITROGEN),Approval / Permit Non-Compliance,01/01/2022,01/31/2022,3,mg/L,mon avg,1,4.6,4.6,Equipment Modified - Repaired - Replaced or Re-calibrated,Voluntary Abatement Program Underway
Brookfield Residential (Ontario) LP,55 French Drive,55 French Dr,Mono,Miscellaneous Communal,Guelph,BIOCHEMICAL OXYGEN DEMAND,Approval / Permit Non-Compliance,02/01/2022,02/28/2022,10,mg/L,mon avg,1,17,17,Equipment Modified - Repaired - Replaced or Re-calibrated,Voluntary Abatement Program Underway
Brookfield Residential (Ontario) LP,55 French Drive,55 French Dr,Mono,Miscellaneous Communal,Guelph,TOTAL AMMONIA NITROGEN,Approval / Permit Non-Compliance,02/01/2022,02/28/2022,2,mg/L,mon avg,1,17.7,17.7,Equipment Modified - Repaired - Replaced or Re-calibrated,Voluntary Abatement Program Underway
Brookfield Residential (Ontario) LP,55 French Drive,55 French Dr,Mono,Miscellaneous Communal,Guelph,NITRATE (AS NITROGEN),Approval / Permit Non-Compliance,02/01/2022,02/28/2022,3,mg/L,mon avg,1,7.5,7.5,Equipment Modified - Repaired - Replaced or Re-calibrated,Voluntary Abatement Program Underway
Brookfield Residential (Ontario) LP,55 French Drive,55 French Dr,Mono,Miscellaneous Communal,Guelph,TOTAL SUSPENDED SOLIDS,Approval / Permit Non-Compliance,02/01/2022,02/28/2022,10,mg/L,mon avg,1,15,15,Equipment Modified - Repaired - Replaced or Re-calibrated,Voluntary Abatement Program Underway
Brookfield Residential (Ontario) LP,55 French Drive,55 French Dr,Mono,Miscellaneous Communal,Guelph,CARBONACEOUS BIOCHEMICAL OXYGEN DEMAND,Approval / Permit Non-Compliance,03/01/2022,03/31/2022,10,mg/L,mon avg,1,16,16,Equipment Modified - Repaired - Replaced or Re-calibrated,Voluntary Abatement Program Underway
Brookfield Residential (Ontario) LP,55 French Drive,55 French Dr,Mono,Miscellaneous Communal,Guelph,TOTAL AMMONIA NITROGEN,Approval / Permit Non-Compliance,03/01/2022,03/31/2022,2,mg/L,mon avg,1,26,26,Equipment Modified - Repaired - Replaced or Re-calibrated,Voluntary Abatement Program Underway
Brookfield Residential (Ontario) LP,55 French Drive,55 French Dr,Mono,Miscellaneous Communal,Guelph,TOTAL SUSPENDED SOLIDS,Approval / Permit Non-Compliance,03/01/2022,03/31/2022,10,mg/L,mon avg,1,28,28,Equipment Modified - Repaired - Replaced or Re-calibrated,Voluntary Abatement Program Underway
Brookfield Residential (Ontario) LP,55 French Drive,55 French Dr,Mono,Miscellaneous Communal,Guelph,"PHOSPHORUS, TOTAL",Approval / Permit Non-Compliance,03/01/2022,03/31/2022,0.25,mg/L,mon avg,1,0.48,0.48,Equipment Modified - Repaired - Replaced or Re-calibrated,Voluntary Abatement Program Underway
Brookfield Residential (Ontario) LP,55 French Drive,55 French Dr,Mono,Miscellaneous Communal,Guelph,TOTAL AMMONIA NITROGEN,Approval / Permit Non-Compliance,04/01/2022,04/30/2022,2,mg/L,mon avg,1,17.7,17.7,Equipment Modified - Repaired - Replaced or Re-calibrated,Voluntary Abatement Program Underway
Brookfield Residential (Ontario) LP,55 French Drive,55 French Dr,Mono,Miscellaneous Communal,Guelph,NITRATE (AS NITROGEN),Approval / Permit Non-Compliance,04/01/2022,04/30/2022,3,mg/L,mon avg,1,6.5,6.5,Equipment Modified - Repaired - Replaced or Re-calibrated,Voluntary Abatement Program Underway
Brookfield Residential (Ontario) LP,55 French Drive,55 French Dr,Mono,Miscellaneous Communal,Guelph,TOTAL SUSPENDED SOLIDS,Approval / Permit Non-Compliance,04/01/2022,04/30/2022,10,mg/L,mon avg,1,21,21,Equipment Modified - Repaired - Replaced or Re-calibrated,Voluntary Abatement Program Underway
Brookfield Residential (Ontario) LP,55 French Drive,55 French Dr,Mono,Miscellaneous Communal,Guelph,"PHOSPHORUS, TOTAL",Approval / Permit Non-Compliance,04/01/2022,04/30/2022,0.25,mg/L,mon avg,1,0.4,0.4,Equipment Modified - Repaired - Replaced or Re-calibrated,Voluntary Abatement Program Underway
Brookfield Residential (Ontario) LP,55 French Drive,55 French Dr,Mono,Miscellaneous Communal,Guelph,TOTAL AMMONIA NITROGEN,Approval / Permit Non-Compliance,05/01/2022,05/31/2022,2,mg/L,mon avg,1,8.5,8.5,Equipment Modified - Repaired - Replaced or Re-calibrated,Voluntary Abatement Program Underway
Brookfield Residential (Ontario) LP,55 French Drive,55 French Dr,Mono,Miscellaneous Communal,Guelph,NITRATE (AS NITROGEN),Approval / Permit Non-Compliance,05/01/2022,05/31/2022,3,mg/L,mon avg,1,8.3,8.3,Equipment Modified - Repaired - Replaced or Re-calibrated,Voluntary Abatement Program Underway
Brookfield Residential (Ontario) LP,55 French Drive,55 French Dr,Mono,Miscellaneous Communal,Guelph,TOTAL SUSPENDED SOLIDS,Approval / Permit Non-Compliance,05/01/2022,05/31/2022,10,mg/L,mon avg,1,22,22,Equipment Modified - Repaired - Replaced or Re-calibrated,Voluntary Abatement Program Underway
Brookfield Residential (Ontario) LP,55 French Drive,55 French Dr,Mono,Miscellaneous Communal,Guelph,"PHOSPHORUS, TOTAL",Approval / Permit Non-Compliance,05/01/2022,05/31/2022,0.25,mg/L,mon avg,1,0.7,0.7,Equipment Modified - Repaired - Replaced or Re-calibrated,Voluntary Abatement Program Underway
Brookfield Residential (Ontario) LP,55 French Drive,55 French Dr,Mono,Miscellaneous Communal,Guelph,TOTAL SUSPENDED SOLIDS,Approval / Permit Non-Compliance,06/01/2022,06/30/2022,10,mg/L,mon avg,1,13,13,Equipment Modified - Repaired - Replaced or Re-calibrated,Voluntary Abatement Program Underway
Brookfield Residential (Ontario) LP,55 French Drive,55 French Dr,Mono,Miscellaneous Communal,Guelph,"PHOSPHORUS, TOTAL",Approval / Permit Non-Compliance,06/01/2022,06/30/2022,0.25,mg/L,mon avg,1,0.35,0.35,Equipment Modified - Repaired - Replaced or Re-calibrated,Voluntary Abatement Program Underway
Brookfield Residential (Ontario) LP,55 French Drive,55 French Dr,Mono,Miscellaneous Communal,Guelph,TOTAL AMMONIA NITROGEN,Approval / Permit Non-Compliance,06/01/2022,06/30/2022,2,mg/L,mon avg,1,4.5,4.5,Equipment Modified - Repaired - Replaced or Re-calibrated,Voluntary Abatement Program Underway
Brookfield Residential (Ontario) LP,55 French Drive,55 French Dr,Mono,Miscellaneous Communal,Guelph,NITRATE (AS NITROGEN),Approval / Permit Non-Compliance,06/01/2022,06/30/2022,3,mg/L,mon avg,1,9.2,9.2,Equipment Modified - Repaired - Replaced or Re-calibrated,Voluntary Abatement Program Underway
Brookfield Residential (Ontario) LP,55 French Drive,55 French Dr,Mono,Miscellaneous Communal,Guelph,TOTAL SUSPENDED SOLIDS,Approval / Permit Non-Compliance,08/01/2022,08/31/2022,10,mg/L,mon avg,1,11,11,Equipment Modified - Repaired - Replaced or Re-calibrated,Voluntary Abatement Program Underway
Brookfield Residential (Ontario) LP,55 French Drive,55 French Dr,Mono,Miscellaneous Communal,Guelph,TOTAL SUSPENDED SOLIDS,Approval / Permit Non-Compliance,09/01/2022,09/30/2022,10,mg/L,mon avg,1,14,14,Equipment Modified - Repaired - Replaced or Re-calibrated,Voluntary Abatement Program Underway
Brookfield Residential (Ontario) LP,55 French Drive,55 French Dr,Mono,Miscellaneous Communal,Guelph,"PHOSPHORUS, TOTAL",Approval / Permit Non-Compliance,09/01/2022,09/30/2022,0.25,mg/L,mon avg,1,0.33,0.33,Equipment Modified - Repaired - Replaced or Re-calibrated,Voluntary Abatement Program Underway
Brookfield Residential (Ontario) LP,55 French Drive,55 French Dr,Mono,Miscellaneous Communal,Guelph,TOTAL AMMONIA NITROGEN,Approval / Permit Non-Compliance,10/01/2022,10/31/2022,2,mg/L,mon avg,1,2.45,2.45,Equipment Modified - Repaired - Replaced or Re-calibrated,Voluntary Abatement Program Underway
Brookfield Residential (Ontario) LP,55 French Drive,55 French Dr,Mono,Miscellaneous Communal,Guelph,TOTAL SUSPENDED SOLIDS,Approval / Permit Non-Compliance,10/01/2022,10/31/2022,10,mg/L,mon avg,1,16,16,Equipment Modified - Repaired - Replaced or Re-calibrated,Voluntary Abatement Program Underway
Brookfield Residential (Ontario) LP,55 French Drive,55 French Dr,Mono,Miscellaneous Communal,Guelph,"PHOSPHORUS, TOTAL",Approval / Permit Non-Compliance,10/01/2022,10/31/2022,0.25,mg/L,mon avg,1,0.42,0.42,Equipment Modified - Repaired - Replaced or Re-calibrated,Voluntary Abatement Program Underway
Brookfield Residential (Ontario) LP,55 French Drive,55 French Dr,Mono,Miscellaneous Communal,Guelph,TOTAL AMMONIA NITROGEN,Approval / Permit Non-Compliance,11/01/2022,11/30/2022,2,mg/L,mon avg,1,2.45,2.45,Equipment Modified - Repaired - Replaced or Re-calibrated,Other Action Taken
Brookfield Residential (Ontario) LP,55 French Drive,55 French Dr,Mono,Miscellaneous Communal,Guelph,TOTAL SUSPENDED SOLIDS,Approval / Permit Non-Compliance,11/01/2022,11/30/2022,10,mg/L,mon avg,1,16,16,Equipment Modified - Repaired - Replaced or Re-calibrated,Other Action Taken
Brookfield Residential (Ontario) LP,55 French Drive,55 French Dr,Mono,Miscellaneous Communal,Guelph,"PHOSPHORUS, TOTAL",Approval / Permit Non-Compliance,11/01/2022,11/30/2022,0.25,mg/L,mon avg,1,0.42,0.42,Equipment Modified - Repaired - Replaced or Re-calibrated,Other Action Taken
Brookfield Residential (Ontario) LP,55 French Drive,55 French Dr,Mono,Miscellaneous Communal,Guelph,TOTAL AMMONIA NITROGEN,Approval / Permit Non-Compliance,12/01/2022,12/31/2022,2,mg/L,mon avg,1,5.3,5.3,Equipment Modified - Repaired - Replaced or Re-calibrated,Other Action Taken
Brookfield Residential (Ontario) LP,55 French Drive,55 French Dr,Mono,Miscellaneous Communal,Guelph,TOTAL SUSPENDED SOLIDS,Approval / Permit Non-Compliance,12/01/2022,12/31/2022,10,mg/L,mon avg,1,33,33,Equipment Modified - Repaired - Replaced or Re-calibrated,Other Action Taken
Brookfield Residential (Ontario) LP,55 French Drive,55 French Dr,Mono,Miscellaneous Communal,Guelph,"PHOSPHORUS, TOTAL",Approval / Permit Non-Compliance,12/01/2022,12/31/2022,0.25,mg/L,mon avg,1,0.9,0.9,Equipment Modified - Repaired - Replaced or Re-calibrated,Other Action Taken
Country Gardens RV Park Ltd.,Country Gardens RV Park LTD.,1335 Witmer Rd,WILMOT,Miscellaneous Communal,Guelph,NITRATE (AS NITROGEN),Approval / Permit Non-Compliance,07/01/2022,07/30/2022,10, mg/L,mon avg,1,10.4,10.4,Other,Assessment Underway
Country Gardens RV Park Ltd.,Country Gardens RV Park LTD.,1335 Witmer Rd,WILMOT,Miscellaneous Communal,Guelph,NITRATE (AS NITROGEN),Approval / Permit Non-Compliance,08/01/2022,08/31/2022,10, mg/L,mon avg,1,18.,18.,Other,Assessment Underway
Country Gardens RV Park Ltd.,Country Gardens RV Park LTD.,1335 Witmer Rd,WILMOT,Miscellaneous Communal,Guelph,NITRATE (AS NITROGEN),Approval / Permit Non-Compliance,09/01/2022,09/30/2022,10, mg/L,mon avg,1,44.9,44.9,Other,Assessment Underway
Country Gardens RV Park Ltd.,Country Gardens RV Park LTD.,1335 Witmer Rd,WILMOT,Miscellaneous Communal,Guelph,NITRATE (AS NITROGEN),Approval / Permit Non-Compliance,10/01/2022,10/31/2022,10, mg/L,mon avg,1,20.,20.,Other,Assessment Underway
Country Gardens RV Park Ltd.,Country Gardens RV Park LTD.,1335 Witmer Rd,WILMOT,Miscellaneous Communal,Guelph,TOTAL SUSPENDED SOLIDS,Approval / Permit Non-Compliance,05/01/2022,05/31/2022,10, mg/L,mon avg,1,15.8,15.8,Other,Assessment Underway
Country Gardens RV Park Ltd.,Country Gardens RV Park LTD.,1335 Witmer Rd,WILMOT,Miscellaneous Communal,Guelph,TOTAL SUSPENDED SOLIDS,Approval / Permit Non-Compliance,08/01/2022,08/31/2022,10, mg/L,mon avg,1,19.2,19.2,Other,Assessment Underway
Country Gardens RV Park Ltd.,Country Gardens RV Park LTD.,1335 Witmer Rd,WILMOT,Miscellaneous Communal,Guelph,CARBONACEOUS BIOCHEMICAL OXYGEN DEMAND,Approval / Permit Non-Compliance,05/01/2022,05/31/2022,10,mg/L,mon avg,1,12.7,12.7,Other,Assessment Underway
GRAND RIVER CONSERVATION AUTHORITY,GUELPH LAKE Conservation Area,"7743 CONSERVATION RD, LOT 7, CON. 8, GUELPH-ERAMOSA, ON N1H 6J1",GUELPH-ERAMOSA,Miscellaneous Communal,Guelph,NITRATE (AS NITROGEN),Approval / Permit Non-Compliance,05/01/2022,08/31/2022,15, mg/L,mon avg,4,17,50.7,Action Plan Submitted,Voluntary Abatement Program Underway
GRAND RIVER CONSERVATION AUTHORITY,GUELPH LAKE Conservation Area,"7743 CONSERVATION RD, LOT 7, CON. 8, GUELPH-ERAMOSA, ON N1H 6J1",GUELPH-ERAMOSA,Miscellaneous Communal,Guelph,TOTAL SUSPENDED SOLIDS,Approval / Permit Non-Compliance,06/01/2022,07/31/2022,20, mg/L,mon avg,2,22.5,32.5,Action Plan Submitted,Voluntary Abatement Program Underway
Parkbridge Lifestyle Communities Inc.,Martin Grove Village,1034 Martin Grove Rd,Woolwich,Miscellaneous Communal,Guelph,IRON,Approval / Permit Non-Compliance,01/13/2022,01/13/2022,1.5,mg/L, any,1,4,4,Operational Process Modification; Training/Procedure Change,Voluntary Abatement Program Underway
RAY OF HOPE INC.,Ray of Hope Inc.- Twp. of Wilmot,"2282 QUEEN ST, WILMOT, ON N0B 2H0",WILMOT,Miscellaneous Communal,Guelph,TOTAL SUSPENDED SOLIDS,Approval / Permit Non-Compliance,05/01/2022,08/31/2022,10, mg/L,mon avg,2,10.5,14,Resolved w/o Actions Required,Addressed w/o Intervention
SUMMIT REIT,Maple Leaf Foods Inc - Puslinch Distribution Centre,"7474 MCLEAN RD, PUSLINCH, ON N1H 6H9",PUSLINCH,Miscellaneous Communal,Guelph,TOTAL NITROGEN,Approval / Permit Non-Compliance,01/01/2022,01/31/2022,5,mg/L,mon avg,1,6.1,6.1,Additional Monitoring Underway,Voluntary Abatement Program Underway
SUMMIT REIT,Maple Leaf Foods Inc - Puslinch Distribution Centre,"7474 MCLEAN RD, PUSLINCH, ON N1H 6H9",PUSLINCH,Miscellaneous Communal,Guelph,TOTAL NITROGEN,Approval / Permit Non-Compliance,03/01/2022,11/30/2022,5, mg/L,mon avg,9,6,19.3,Additional Monitoring Underway,Voluntary Abatement Program Underway
The Corporation of the County of Brant,Cainsville Lagoons System,30 Shaver St Cainsville Cainsville Lagoons System,Brant,Municipal Sewage,Guelph,TOTAL SUSPENDED SOLIDS,Approval / Permit Non-Compliance,12/07/2022,12/07/2022,40,mg/L,24hr,1,82,82,None Required,Assessment Complete - Incident Resolved
The Corporation of the Town of Minto,Harriston Sewage Lagoons,"Lot: 82, 83, 84, Concession: D,  Geographic Township: MINTO, Minto, Town, County of Wellington",Minto,Municipal Sewage,Guelph,Flow,Approval / Permit Non-Compliance,04/08/2022,04/09/2022,185,m³/hr,/d,1,247,247,Equipment Modified - Repaired - Replaced or Re-calibrated; Training/Procedure Change,Assessment Complete - Incident Resolved
The Corporation of the Town of Shelburne,Shelburne Wastewater Treatment Plant,300 Centennial Rd,Shelburne,Municipal Sewage,Guelph,CARBONACEOUS BIOCHEMICAL OXYGEN DEMAND,Approval / Permit Non-Compliance,05/01/2022,05/31/2022,5,mg/L,mon avg,1,5.4,5.4,Operational Process Modification,Assessment Complete - Incident Resolved
The Corporation of the Town of Shelburne,Shelburne Wastewater Treatment Plant,300 Centennial Rd,Shelburne,Municipal Sewage,Guelph,TOTAL SUSPENDED SOLIDS,Approval / Permit Non-Compliance,12/01/2022,12/31/2022,5,mg/L,mon avg,1,5.5,5.5,Equipment Modified - Repaired - Replaced or Re-calibrated,Assessment Complete - Incident Resolved
The Corporation of the Township of Centre Wellington,Fergus Wastewater Treatment Plant,350 Queen St W,Centre Wellington,Municipal Sewage,Guelph,ESCHERICHIA COLI,Approval / Permit Non-Compliance,07/01/2022,07/31/2022,200,CT/100mL,mon avg. on a geo. mean density,1,549,549,Operational Process Modification,Assessment Complete - No Action Required
The Corporation of the Township of Centre Wellington,Fergus Wastewater Treatment Plant,350 Queen St W,Centre Wellington,Municipal Sewage,Guelph,"PHOSPHORUS, TOTAL",Approval / Permit Non-Compliance,10/01/2022,10/31/2022,0.38,mg/L,mon avg,1,0.39,0.39,Equipment Modified - Repaired - Replaced or Re-calibrated,Assessment Complete - No Action Required
The Corporation of the Township of Centre Wellington,Fergus Wastewater Treatment Plant,350 Queen St W,Centre Wellington,Municipal Sewage,Guelph,TOTAL AMMONIA NITROGEN,Approval / Permit Non-Compliance,11/01/2022,11/30/2022,2,mg/L,mon avg,1,5.6,5.6,Equipment Modified - Repaired - Replaced or Re-calibrated,Assessment Complete - No Action Required
The Corporation of the Township of Centre Wellington,Fergus Wastewater Treatment Plant,350 Queen St W,Centre Wellington,Municipal Sewage,Guelph,TOTAL AMMONIA NITROGEN,Approval / Permit Non-Compliance,11/01/2022,11/30/2022,16,kg/d,mon avg,1,17,17,Equipment Modified - Repaired - Replaced or Re-calibrated,Assessment Complete - No Action Required
The Regional Municipality of Waterloo,Conestogo Sewage Treatment Plant,Lot:41 Concession: none,Woolwich,Municipal Sewage,Guelph,"PHOSPHORUS, TOTAL",Approval / Permit Non-Compliance,04/01/2022,04/30/2022,0.3,mg/L,annual avg,1,0.35,0.35,Additional Monitoring Underway; Operational Process Modification,Assessment Underway
The Regional Municipality of Waterloo,Elmira Water Pollution Control Plant,80 First St Elmira,Woolwich,Municipal Sewage,Guelph,TOTAL AMMONIA NITROGEN,Approval / Permit Non-Compliance,09/01/2022,09/30/2022,0.7,mg/L,mon avg,1,3.36,3.36,New Equipment or Treatment Process Installed,Assessment Complete - No Action Required
The Regional Municipality of Waterloo,Elmira Water Pollution Control Plant,80 First St Elmira,Woolwich,Municipal Sewage,Guelph,TOTAL AMMONIA NITROGEN,Approval / Permit Non-Compliance,10/01/2022,10/31/2022,0.7,mg/L,mon avg,1,2.98,2.98,New Equipment or Treatment Process Installed,Assessment Complete - No Action Required
The Regional Municipality of Waterloo,New Hamburg Wastewater Treatment Plant,1293 Haysville Rd Part of Lot 20 21 and 22 South of Bleams Road (Concession 1 Block 'A'),Wilmot,Municipal Sewage,Guelph,"PHOSPHORUS, TOTAL",Approval / Permit Non-Compliance,04/01/2022,04/30/2022,0.2,mg/L,mon avg,1,0.26,0.26,Equipment Modified - Repaired - Replaced or Re-calibrated,Assessment Complete - Incident Resolved
The Regional Municipality of Waterloo,Wellesley Water Pollution Control Plant,2156 GERBER RD,Wilmot,Municipal Sewage,Guelph,TOTAL AMMONIA NITROGEN,Approval / Permit Non-Compliance,02/01/2022,02/28/2022,0.75,kg/d,mon avg,1,0.82,0.82,Operational Process Modification,Voluntary Abatement Program Underway
The Regional Municipality of Waterloo,Wellesley Water Pollution Control Plant,2156 GERBER RD,Wilmot,Municipal Sewage,Guelph,TOTAL AMMONIA NITROGEN,Approval / Permit Non-Compliance,02/01/2022,02/28/2022,2.85,mg/L,mon avg,1,2.98,2.98,Operational Process Modification,Voluntary Abatement Program Underway
The Regional Municipality of Waterloo,Wellesley Water Pollution Control Plant,2156 GERBER RD,Wilmot,Municipal Sewage,Guelph,TOTAL SUSPENDED SOLIDS,Approval / Permit Non-Compliance,02/01/2022,02/28/2022,15,kg/d,mon avg,1,16.5,16.5,Operational Process Modification,Voluntary Abatement Program Underway
The Regional Municipality of Waterloo,Wellesley Water Pollution Control Plant,2156 GERBER RD,Wilmot,Municipal Sewage,Guelph,TOTAL SUSPENDED SOLIDS,Approval / Permit Non-Compliance,02/01/2022,02/28/2022,20.91,mg/L,mon avg,1,21.84,21.84,Operational Process Modification,Voluntary Abatement Program Underway
Township of Mapleton,Drayton Wastewater Treatment Plant,7101 Sideroad 15,Mapleton,Municipal Sewage,Guelph,Flow,Approval / Permit Non-Compliance,10/11/2022,10/11/2022,2358,m³,24hr,1,2680,2680,Equipment Modified - Repaired - Replaced or Re-calibrated,Assessment Complete - Incident Resolved
TRITON WATER CANADA HOLDINGS INC.,Triton Water Canada Holdings Inc,101 BROCK RD S,PUSLINCH,Miscellaneous Communal,Guelph,TIN,Approval / Permit Non-Compliance,01/05/2022,12/28/2022,11.63, mg/L,any,6,17.2,69.7,Equipment Modified/Repaired,Voluntary Abatement Program Underway
TRITON WATER CANADA HOLDINGS INC.,Triton Water Canada Holdings Inc,101 BROCK RD S,PUSLINCH,Miscellaneous Communal,Guelph,NITRATE (AS NITROGEN),Approval / Permit Non-Compliance,01/05/2022,12/28/2022,10, mg/L,any,6,17,66.7,Equipment Modified/Repaired,Voluntary Abatement Program Underway
TRITON WATER CANADA HOLDINGS INC.,Triton Water Canada Holdings Inc,101 BROCK RD S,PUSLINCH,Miscellaneous Communal,Guelph,NITRATE (AS NITROGEN),Approval / Permit Non-Compliance,09/06/2022,12/28/2022,10, mg/L,any,8,42.4,121,Equipment Modified/Repaired,Voluntary Abatement Program Underway
TRITON WATER CANADA HOLDINGS INC.,Triton Water Canada Holdings Inc,101 BROCK RD S,PUSLINCH,Miscellaneous Communal,Guelph,TIN,Approval / Permit Non-Compliance,09/06/2022,12/28/2022,11.63, mg/L,any,8,42.6,132,Equipment Modified/Repaired,Voluntary Abatement Program Underway
The Regional Municipality of Waterloo,Wellesley Water Pollution Control Plant,2156 GERBER RD,WELLESLEY,Municipal Sewage,Guelph,ESCHERICHIA COLI,Approval / Permit Non-Compliance,12/01/2022,12/31/2022,200,CT/100mL,mon avg. on a geo. mean density,1,1264,1264,Operational Process Modified,Addressed w/o Intervention
The Regional Municipality of Waterloo,Wellesley Water Pollution Control Plant,2156 GERBER RD,WELLESLEY,Municipal Sewage,Guelph,"PHOSPHORUS, TOTAL",Approval / Permit Non-Compliance,12/01/2022,12/31/2022,0.55,kg/d,mon avg,1,0.63,0.63,Operational Process Modified,Addressed w/o Intervention
The Regional Municipality of Waterloo,Wellesley Water Pollution Control Plant,2156 GERBER RD,WELLESLEY,Municipal Sewage,Guelph,"PHOSPHORUS, TOTAL",Approval / Permit Non-Compliance,12/01/2022,12/31/2022,0.5,mg/L,mon avg,1,0.72,0.72,Operational Process Modified,Addressed w/o Intervention
The Regional Municipality of Waterloo,Wellesley Water Pollution Control Plant,2156 GERBER RD,WELLESLEY,Municipal Sewage,Guelph,TOTAL AMMONIA NITROGEN,Approval / Permit Non-Compliance,12/01/2022,12/31/2022,0.82,kg/d,mon avg,1,1.12,1.12,Operational Process Modified,Addressed w/o Intervention
The Regional Municipality of Waterloo,Wellesley Water Pollution Control Plant,2156 GERBER RD,WELLESLEY,Municipal Sewage,Guelph,TOTAL AMMONIA NITROGEN,Approval / Permit Non-Compliance,12/01/2022,12/31/2022,0.75,mg/L,mon avg,1,1.28,1.28,Operational Process Modified,Addressed w/o Intervention
The Regional Municipality of Waterloo,Wellesley Water Pollution Control Plant,2156 GERBER RD,WELLESLEY,Municipal Sewage,Guelph,TOTAL SUSPENDED SOLIDS,Approval / Permit Non-Compliance,12/01/2022,12/31/2022,16.5,kg/d,mon avg,1,25.38,25.38,Operational Process Modified,Addressed w/o Intervention
The Regional Municipality of Waterloo,Wellesley Water Pollution Control Plant,2156 GERBER RD,WELLESLEY,Municipal Sewage,Guelph,TOTAL SUSPENDED SOLIDS,Approval / Permit Non-Compliance,12/01/2022,12/31/2022,15,mg/L,mon avg,1,58.95,58.95,Operational Process Modified,Addressed w/o Intervention
WELLINGTON COMMON ELEMENTS CONDOMINIUM CORPORATION 214,MINI LAKES MOBILE HOME COMMUNITY,"7541 WELLINGTON COUNTY RD 34, PUSLINCH, ON N1H 6H9",PUSLINCH,Miscellaneous Communal,Guelph,TOTAL SUSPENDED SOLIDS,Approval / Permit Non-Compliance,01/01/2022,12/31/2022,20,mg/L,annual avg,1,31.31,31.31,Action Plan Submitted,Voluntary Abatement Program Underway
WELLINGTON COMMON ELEMENTS CONDOMINIUM CORPORATION 214,MINI LAKES MOBILE HOME COMMUNITY,"7541 WELLINGTON COUNTY RD 34, PUSLINCH, ON N1H 6H9",PUSLINCH,Miscellaneous Communal,Guelph,NITRATE (AS NITROGEN),Approval / Permit Non-Compliance,01/01/2022,12/31/2022,8,mg/L,annual avg,1,9.69,9.69,Action Plan Submitted,Voluntary Abatement Program Underway
WELLINGTON NORTH,Arthur Water Pollution Control Plant,"160 PRESTON ST S, WELLINGTON NORTH, ON N0G 1A0",WELLINGTON NORTH,Municipal Sewage,Guelph,TOTAL SUSPENDED SOLIDS,Approval / Permit Non-Compliance,04/01/2022,04/30/2022,10,mg/L,mon avg,1,11,11,Operational Process Modified,Event Resolved
WELLINGTON NORTH,Arthur Water Pollution Control Plant,"160 PRESTON ST S, WELLINGTON NORTH, ON N0G 1A0",WELLINGTON NORTH,Municipal Sewage,Guelph,TOTAL SUSPENDED SOLIDS,Approval / Permit Non-Compliance,10/01/2022,10/31/2022,10,mg/L,mon avg,1,10.2,10.2,Operational Process Modified,Event Resolved
DGS Development Inc.,Greens at Renton,"969 Concession 14, Townsend",Norfolk,Miscellaneous Communal,Hamilton,TOTAL SUSPENDED SOLIDS,Approval / Permit Non-Compliance,04/06/2022,04/06/2022,10,mg/L,any,1,10.5,10.5,None Required,Assessment Complete - No Action Required
HALDIMAND COUNTY,Haldimand-Caledonia Water Pollution Control Plant,"320 LANARK ST, HALDIMAND COUNTY, ON N3W 1E9",HALDIMAND COUNTY,Municipal Sewage,Hamilton,TOTAL AMMONIA NITROGEN,Approval / Permit Non-Compliance,06/01/2022,06/30/2022,1, mg/L,mon avg,2,1.75,2.9,Operational Process Modified,Voluntary Abatement Program Underway
HALDIMAND COUNTY,Haldimand-Caledonia Water Pollution Control Plant,"320 LANARK ST, HALDIMAND COUNTY, ON N3W 1E9",HALDIMAND COUNTY,Municipal Sewage,Hamilton,ESCHERICHIA COLI,Approval / Permit Non-Compliance,06/01/2022,06/30/2022,200,CT/100mL,mon avg. on a geo. mean density,1,200,200,Operational Process Modified,Voluntary Abatement Program Underway
HALDIMAND COUNTY,Haldimand-Caledonia Water Pollution Control Plant,"320 LANARK ST, HALDIMAND COUNTY, ON N3W 1E9",HALDIMAND COUNTY,Municipal Sewage,Hamilton,"PHOSPHORUS, TOTAL",Approval / Permit Non-Compliance,06/01/2022,06/30/2022,0.3,mg/L,mon avg,1,0.3,0.3,Operational Process Modified,Voluntary Abatement Program Underway
HALDIMAND COUNTY,Haldimand-Hagersville Water Pollution Control Plant,"3001 CONCESSION 12 ST, HALDIMAND COUNTY, ON N0A 1H0",HALDIMAND COUNTY,Municipal Sewage,Hamilton,"PHOSPHORUS, TOTAL",Approval / Permit Non-Compliance,06/01/2022,06/30/2022,0.15,mg/L,mon avg,1,0.15,0.15,Equipment Modified/Repaired,Voluntary Abatement Program Underway
HALDIMAND COUNTY,Haldimand-Oswego Park Lagoon,"LOT:20, CONCESSION:2, GEOTOWNSHIP:MOULTON, HALDIMAND COUNTY, ON ",HALDIMAND COUNTY,Municipal Sewage,Hamilton,Flow,Approval / Permit Non-Compliance,11/02/2022,11/02/2022,30,m³/d,/d,1,30,30,Equipment Modified/Repaired,Addressed w/o Intervention
Hamilton-Wentworth District School Board,625 Harvest Road,625 Harvest Rd,Hamilton,Miscellaneous Communal,Hamilton,TOTAL INORGANIC NITROGEN,Approval / Permit Non-Compliance,02/01/2022,02/28/2022,4.6,mg/L,mon avg,1,14.8,14.8,Conducting Study; Equipment Modified - Repaired - Replaced or Re-calibrated,Assessment Underway
Hamilton-Wentworth District School Board,625 Harvest Road,625 Harvest Rd,Hamilton,Miscellaneous Communal,Hamilton,TOTAL INORGANIC NITROGEN,Approval / Permit Non-Compliance,03/29/2022,03/29/2022,2.5,mg/L,any,1,2.6,2.6,Additional Monitoring Underway; Conducting Study,Assessment Underway
Hamilton-Wentworth District School Board,625 Harvest Road,625 Harvest Rd,Hamilton,Miscellaneous Communal,Hamilton,TOTAL INORGANIC NITROGEN,Approval / Permit Non-Compliance,04/01/2022,04/30/2022,4.6,mg/L,mon avg,1,6.8,6.8,Additional Monitoring Underway; Equipment Modified - Repaired - Replaced or Re-calibrated,Assessment Underway
Hamilton-Wentworth District School Board,625 Harvest Road,625 Harvest Rd,Hamilton,Miscellaneous Communal,Hamilton,TOTAL INORGANIC NITROGEN,Approval / Permit Non-Compliance,05/01/2022,05/31/2022,4.6,mg/L,mon avg,1,6.7,6.7,Additional Monitoring Underway; Equipment Modified - Repaired - Replaced or Re-calibrated,Assessment Underway
Hamilton-Wentworth District School Board,625 Harvest Road,625 Harvest Rd,Hamilton,Miscellaneous Communal,Hamilton,TOTAL INORGANIC NITROGEN,Approval / Permit Non-Compliance,06/01/2022,06/30/2022,4.6,mg/L,any,1,10.5,15.1,Conducting Study; Equipment Modified - Repaired - Replaced or Re-calibrated,Assessment Underway
Hamilton-Wentworth District School Board,625 Harvest Road,625 Harvest Rd,Hamilton,Miscellaneous Communal,Hamilton,TOTAL INORGANIC NITROGEN,Approval / Permit Non-Compliance,06/20/2022,06/20/2022,2.5,mg/L,any,1,3.8,3.8,Conducting Study; Equipment Modified - Repaired - Replaced or Re-calibrated,Assessment Underway
Hamilton-Wentworth District School Board,625 Harvest Road,625 Harvest Rd,Hamilton,Miscellaneous Communal,Hamilton,TOTAL INORGANIC NITROGEN,Approval / Permit Non-Compliance,07/01/2022,07/31/2022,4.6,mg/L,mon avg,1,12.8,12.8,Additional Monitoring Underway; Equipment Modified - Repaired - Replaced or Re-calibrated,Assessment Underway
Hamilton-Wentworth District School Board,625 Harvest Road,625 Harvest Rd,Hamilton,Miscellaneous Communal,Hamilton,TOTAL INORGANIC NITROGEN,Approval / Permit Non-Compliance,09/14/2022,09/30/2022,2.5,mg/L,any,1,2.7,2.7,Additional Monitoring Underway; Conducting Study,Assessment Underway
NORFOLK COUNTY,Delhi WWTP,"244 WESTERN AVE, DELHI, NORFOLK COUNTY, ON N4B 1S1",NORFOLK COUNTY,Municipal Sewage,Hamilton,PH - HIGH,Approval / Permit Non-Compliance,01/01/2022,01/31/2022,8.5, pH,any,2,8.6,8.6,Training Procedure Change,Addressed w/o Intervention
SHELTER COVE,Shelter Cove,"38 CHEAPSIDE RD, HALDIMAND COUNTY, ON N0A 1P0",Haldimand,Miscellaneous Communal,Hamilton,CARBONACEOUS BIOCHEMICAL OXYGEN DEMAND,Approval / Permit Non-Compliance,01/01/2022,01/31/2022,7,mg/L,mon avg,1,32,32,Action Plan Submitted - Implementing Improvements; Equipment Modified - Repaired - Replaced or Re-calibrated; New Equipment or Treatment Process Installed; New/Amended Approval; Operational Process Modification,Voluntary Abatement Program Underway
SHELTER COVE,Shelter Cove,"38 CHEAPSIDE RD, HALDIMAND COUNTY, ON N0A 1P0",Haldimand,Miscellaneous Communal,Hamilton,TOTAL SUSPENDED SOLIDS,Approval / Permit Non-Compliance,01/01/2022,01/31/2022,7,mg/L,mon avg,1,62,62,Action Plan Submitted - Implementing Improvements; Equipment Modified - Repaired - Replaced or Re-calibrated; New Equipment or Treatment Process Installed; New/Amended Approval; Operational Process Modification,Voluntary Abatement Program Underway
SHELTER COVE,Shelter Cove,"38 CHEAPSIDE RD, HALDIMAND COUNTY, ON N0A 1P0",Haldimand,Miscellaneous Communal,Hamilton,"PHOSPHORUS, TOTAL",Approval / Permit Non-Compliance,01/01/2022,01/31/2022,0.04,mg/L,mon avg,1,1.74,1.74,Action Plan Submitted - Implementing Improvements; Equipment Modified - Repaired - Replaced or Re-calibrated; New Equipment or Treatment Process Installed; New/Amended Approval; Operational Process Modification,Voluntary Abatement Program Underway
SHELTER COVE,Shelter Cove,"38 CHEAPSIDE RD, HALDIMAND COUNTY, ON N0A 1P0",Haldimand,Miscellaneous Communal,Hamilton,TOTAL AMMONIA NITROGEN,Approval / Permit Non-Compliance,01/01/2022,01/31/2022,1,mg/L,mon avg,1,48.4,48.4,Action Plan Submitted - Implementing Improvements; Equipment Modified - Repaired - Replaced or Re-calibrated; New Equipment or Treatment Process Installed; New/Amended Approval; Operational Process Modification,Voluntary Abatement Program Underway
SHELTER COVE,Shelter Cove,"38 CHEAPSIDE RD, HALDIMAND COUNTY, ON N0A 1P0",Haldimand,Miscellaneous Communal,Hamilton,TOTAL SUSPENDED SOLIDS,Approval / Permit Non-Compliance,01/01/2022,01/31/2022,1,kg/d,mon avg,1,1.26,1.26,Action Plan Submitted - Implementing Improvements; Equipment Modified - Repaired - Replaced or Re-calibrated; New Equipment or Treatment Process Installed; New/Amended Approval; Operational Process Modification,Voluntary Abatement Program Underway
SHELTER COVE,Shelter Cove,"38 CHEAPSIDE RD, HALDIMAND COUNTY, ON N0A 1P0",Haldimand,Miscellaneous Communal,Hamilton,TOTAL AMMONIA NITROGEN,Approval / Permit Non-Compliance,01/01/2022,01/31/2022,0.14,kg/d,mon avg,1,0.99,0.99,Action Plan Submitted - Implementing Improvements; Equipment Modified - Repaired - Replaced or Re-calibrated; New Equipment or Treatment Process Installed; New/Amended Approval; Operational Process Modification,Voluntary Abatement Program Underway
SHELTER COVE,Shelter Cove,"38 CHEAPSIDE RD, HALDIMAND COUNTY, ON N0A 1P0",Haldimand,Miscellaneous Communal,Hamilton,"PHOSPHORUS, TOTAL",Approval / Permit Non-Compliance,01/01/2022,01/31/2022,0.006,kg/d,mon avg,1,0.035,0.035,Action Plan Submitted - Implementing Improvements; Equipment Modified - Repaired - Replaced or Re-calibrated; New Equipment or Treatment Process Installed; New/Amended Approval; Operational Process Modification,Voluntary Abatement Program Underway
SHELTER COVE,Shelter Cove,"38 CHEAPSIDE RD, HALDIMAND COUNTY, ON N0A 1P0",Haldimand,Miscellaneous Communal,Hamilton,TOTAL SUSPENDED SOLIDS,Approval / Permit Non-Compliance,02/01/2022,02/28/2022,1,kg/d,mon avg,1,1.26,1.26,Action Plan Submitted - Implementing Improvements; Equipment Modified - Repaired - Replaced or Re-calibrated; New Equipment or Treatment Process Installed; New/Amended Approval; Operational Process Modification,Voluntary Abatement Program Underway
SHELTER COVE,Shelter Cove,"38 CHEAPSIDE RD, HALDIMAND COUNTY, ON N0A 1P0",Haldimand,Miscellaneous Communal,Hamilton,TOTAL AMMONIA NITROGEN,Approval / Permit Non-Compliance,02/01/2022,02/28/2022,0.14,kg/d,mon avg,1,0.99,0.99,Action Plan Submitted - Implementing Improvements; Equipment Modified - Repaired - Replaced or Re-calibrated; New Equipment or Treatment Process Installed; New/Amended Approval; Operational Process Modification,Voluntary Abatement Program Underway
SHELTER COVE,Shelter Cove,"38 CHEAPSIDE RD, HALDIMAND COUNTY, ON N0A 1P0",Haldimand,Miscellaneous Communal,Hamilton,"PHOSPHORUS, TOTAL",Approval / Permit Non-Compliance,02/01/2022,02/28/2022,0.006,kg/d,mon avg,1,0.035,0.035,Action Plan Submitted - Implementing Improvements; Equipment Modified - Repaired - Replaced or Re-calibrated; New Equipment or Treatment Process Installed; New/Amended Approval; Operational Process Modification,Voluntary Abatement Program Underway
SHELTER COVE,Shelter Cove,"38 CHEAPSIDE RD, HALDIMAND COUNTY, ON N0A 1P0",Haldimand,Miscellaneous Communal,Hamilton,CARBONACEOUS BIOCHEMICAL OXYGEN DEMAND,Approval / Permit Non-Compliance,02/01/2022,02/28/2022,7,mg/L,mon avg,1,32,32,Action Plan Submitted - Implementing Improvements; Equipment Modified - Repaired - Replaced or Re-calibrated; New Equipment or Treatment Process Installed; New/Amended Approval; Operational Process Modification,Voluntary Abatement Program Underway
SHELTER COVE,Shelter Cove,"38 CHEAPSIDE RD, HALDIMAND COUNTY, ON N0A 1P0",Haldimand,Miscellaneous Communal,Hamilton,TOTAL SUSPENDED SOLIDS,Approval / Permit Non-Compliance,02/01/2022,02/28/2022,7,mg/L,mon avg,1,62,62,Action Plan Submitted - Implementing Improvements; Equipment Modified - Repaired - Replaced or Re-calibrated; New Equipment or Treatment Process Installed; New/Amended Approval; Operational Process Modification,Voluntary Abatement Program Underway
SHELTER COVE,Shelter Cove,"38 CHEAPSIDE RD, HALDIMAND COUNTY, ON N0A 1P0",Haldimand,Miscellaneous Communal,Hamilton,"PHOSPHORUS, TOTAL",Approval / Permit Non-Compliance,02/01/2022,02/28/2022,0.04,mg/L,mon avg,1,1.74,1.74,Action Plan Submitted - Implementing Improvements; Equipment Modified - Repaired - Replaced or Re-calibrated; New Equipment or Treatment Process Installed; New/Amended Approval; Operational Process Modification,Voluntary Abatement Program Underway
SHELTER COVE,Shelter Cove,"38 CHEAPSIDE RD, HALDIMAND COUNTY, ON N0A 1P0",Haldimand,Miscellaneous Communal,Hamilton,TOTAL AMMONIA NITROGEN,Approval / Permit Non-Compliance,02/01/2022,02/28/2022,1,mg/L,mon avg,1,48.4,48.4,Action Plan Submitted - Implementing Improvements; Equipment Modified - Repaired - Replaced or Re-calibrated; New Equipment or Treatment Process Installed; New/Amended Approval; Operational Process Modification,Voluntary Abatement Program Underway
SHELTER COVE,Shelter Cove,"38 CHEAPSIDE RD, HALDIMAND COUNTY, ON N0A 1P0",Haldimand,Miscellaneous Communal,Hamilton,ESCHERICHIA COLI,Approval / Permit Non-Compliance,02/01/2022,02/28/2022,200,CT/100mL,mon avg. on a geo. mean density,1,564,564,Action Plan Submitted - Implementing Improvements; Equipment Modified - Repaired - Replaced or Re-calibrated; New Equipment or Treatment Process Installed; New/Amended Approval; Operational Process Modification,Voluntary Abatement Program Underway
SHELTER COVE,Shelter Cove,"38 CHEAPSIDE RD, HALDIMAND COUNTY, ON N0A 1P0",Haldimand,Miscellaneous Communal,Hamilton,CARBONACEOUS BIOCHEMICAL OXYGEN DEMAND,Approval / Permit Non-Compliance,03/01/2022,03/31/2022,7,mg/L,mon avg,1,8,8,Action Plan Submitted - Implementing Improvements; Equipment Modified - Repaired - Replaced or Re-calibrated; New Equipment or Treatment Process Installed; New/Amended Approval,Voluntary Abatement Program Underway
SHELTER COVE,Shelter Cove,"38 CHEAPSIDE RD, HALDIMAND COUNTY, ON N0A 1P0",Haldimand,Miscellaneous Communal,Hamilton,"PHOSPHORUS, TOTAL",Approval / Permit Non-Compliance,03/01/2022,03/31/2022,0.04,mg/L,mon avg,1,2.42,2.42,Action Plan Submitted - Implementing Improvements; Equipment Modified - Repaired - Replaced or Re-calibrated; New Equipment or Treatment Process Installed; New/Amended Approval,Voluntary Abatement Program Underway
SHELTER COVE,Shelter Cove,"38 CHEAPSIDE RD, HALDIMAND COUNTY, ON N0A 1P0",Haldimand,Miscellaneous Communal,Hamilton,TOTAL SUSPENDED SOLIDS,Approval / Permit Non-Compliance,03/01/2022,03/31/2022,7,mg/L,mon avg,1,295,295,Action Plan Submitted - Implementing Improvements; Equipment Modified - Repaired - Replaced or Re-calibrated; New Equipment or Treatment Process Installed; New/Amended Approval,Voluntary Abatement Program Underway
SHELTER COVE,Shelter Cove,"38 CHEAPSIDE RD, HALDIMAND COUNTY, ON N0A 1P0",Haldimand,Miscellaneous Communal,Hamilton,TOTAL AMMONIA NITROGEN,Approval / Permit Non-Compliance,03/01/2022,03/31/2022,1,mg/L,mon avg,1,33.8,33.8,Action Plan Submitted - Implementing Improvements; Equipment Modified - Repaired - Replaced or Re-calibrated; New Equipment or Treatment Process Installed; New/Amended Approval,Voluntary Abatement Program Underway
SHELTER COVE,Shelter Cove,"38 CHEAPSIDE RD, HALDIMAND COUNTY, ON N0A 1P0",Haldimand,Miscellaneous Communal,Hamilton,ESCHERICHIA COLI,Approval / Permit Non-Compliance,03/01/2022,03/31/2022,200,CT/100mL,mon avg. on a geo. mean density,1,307,307,Action Plan Submitted - Implementing Improvements; Equipment Modified - Repaired - Replaced or Re-calibrated; New Equipment or Treatment Process Installed; New/Amended Approval,Voluntary Abatement Program Underway
SHELTER COVE,Shelter Cove,"38 CHEAPSIDE RD, HALDIMAND COUNTY, ON N0A 1P0",Haldimand,Miscellaneous Communal,Hamilton,TOTAL SUSPENDED SOLIDS,Approval / Permit Non-Compliance,03/01/2022,03/31/2022,1,kg/d,mon avg,1,10.63,10.63,Action Plan Submitted - Implementing Improvements; Equipment Modified - Repaired - Replaced or Re-calibrated; New/Amended Approval,Voluntary Abatement Program Underway
SHELTER COVE,Shelter Cove,"38 CHEAPSIDE RD, HALDIMAND COUNTY, ON N0A 1P0",Haldimand,Miscellaneous Communal,Hamilton,TOTAL AMMONIA NITROGEN,Approval / Permit Non-Compliance,03/01/2022,03/31/2022,0.14,kg/d,mon avg,1,1.21,1.21,Action Plan Submitted - Implementing Improvements; Equipment Modified - Repaired - Replaced or Re-calibrated; New/Amended Approval,Voluntary Abatement Program Underway
SHELTER COVE,Shelter Cove,"38 CHEAPSIDE RD, HALDIMAND COUNTY, ON N0A 1P0",Haldimand,Miscellaneous Communal,Hamilton,"PHOSPHORUS, TOTAL",Approval / Permit Non-Compliance,03/01/2022,03/31/2022,0.006,kg/d,mon avg,1,0.087,0.087,Action Plan Submitted - Implementing Improvements; Equipment Modified - Repaired - Replaced or Re-calibrated; New/Amended Approval,Voluntary Abatement Program Underway
SHELTER COVE,Shelter Cove,"38 CHEAPSIDE RD, HALDIMAND COUNTY, ON N0A 1P0",Haldimand,Miscellaneous Communal,Hamilton,CARBONACEOUS BIOCHEMICAL OXYGEN DEMAND,Approval / Permit Non-Compliance,04/01/2022,04/30/2022,7,mg/L,mon avg,1,22,22,Action Plan Submitted - Implementing Improvements; Equipment Modified - Repaired - Replaced or Re-calibrated; New/Amended Approval; Operational Process Modification,Voluntary Abatement Program Underway
SHELTER COVE,Shelter Cove,"38 CHEAPSIDE RD, HALDIMAND COUNTY, ON N0A 1P0",Haldimand,Miscellaneous Communal,Hamilton,TOTAL SUSPENDED SOLIDS,Approval / Permit Non-Compliance,04/01/2022,04/30/2022,7,mg/L,mon avg,1,58,58,Action Plan Submitted - Implementing Improvements; Equipment Modified - Repaired - Replaced or Re-calibrated; New/Amended Approval; Operational Process Modification,Voluntary Abatement Program Underway
SHELTER COVE,Shelter Cove,"38 CHEAPSIDE RD, HALDIMAND COUNTY, ON N0A 1P0",Haldimand,Miscellaneous Communal,Hamilton,"PHOSPHORUS, TOTAL",Approval / Permit Non-Compliance,04/01/2022,04/30/2022,0.04,mg/L,mon avg,1,5.89,5.89,Action Plan Submitted - Implementing Improvements; Equipment Modified - Repaired - Replaced or Re-calibrated; New/Amended Approval; Operational Process Modification,Voluntary Abatement Program Underway
SHELTER COVE,Shelter Cove,"38 CHEAPSIDE RD, HALDIMAND COUNTY, ON N0A 1P0",Haldimand,Miscellaneous Communal,Hamilton,TOTAL AMMONIA NITROGEN,Approval / Permit Non-Compliance,04/01/2022,04/30/2022,1,mg/L,mon avg,1,29.6,29.6,Action Plan Submitted - Implementing Improvements; Equipment Modified - Repaired - Replaced or Re-calibrated; New/Amended Approval; Operational Process Modification,Voluntary Abatement Program Underway
SHELTER COVE,Shelter Cove,"38 CHEAPSIDE RD, HALDIMAND COUNTY, ON N0A 1P0",Haldimand,Miscellaneous Communal,Hamilton,TOTAL SUSPENDED SOLIDS,Approval / Permit Non-Compliance,04/01/2022,04/30/2022,1,kg/d,mon avg,1,1.41,1.41,Action Plan Submitted - Implementing Improvements; Equipment Modified - Repaired - Replaced or Re-calibrated; New/Amended Approval; Operational Process Modification,Voluntary Abatement Program Underway
SHELTER COVE,Shelter Cove,"38 CHEAPSIDE RD, HALDIMAND COUNTY, ON N0A 1P0",Haldimand,Miscellaneous Communal,Hamilton,TOTAL AMMONIA NITROGEN,Approval / Permit Non-Compliance,04/01/2022,04/30/2022,0.14,kg/d,mon avg,1,0.73,0.73,Action Plan Submitted - Implementing Improvements; Equipment Modified - Repaired - Replaced or Re-calibrated; New/Amended Approval; Operational Process Modification,Voluntary Abatement Program Underway
SHELTER COVE,Shelter Cove,"38 CHEAPSIDE RD, HALDIMAND COUNTY, ON N0A 1P0",Haldimand,Miscellaneous Communal,Hamilton,"PHOSPHORUS, TOTAL",Approval / Permit Non-Compliance,04/01/2022,04/30/2022,0.006,kg/d,mon avg,1,0.144,0.144,Action Plan Submitted - Implementing Improvements; Equipment Modified - Repaired - Replaced or Re-calibrated; New/Amended Approval; Operational Process Modification,Voluntary Abatement Program Underway
SHELTER COVE,Shelter Cove,"38 CHEAPSIDE RD, HALDIMAND COUNTY, ON N0A 1P0",Haldimand,Miscellaneous Communal,Hamilton,CARBONACEOUS BIOCHEMICAL OXYGEN DEMAND,Approval / Permit Non-Compliance,05/01/2022,05/31/2022,7,mg/L,mon avg,1,21,21,Action Plan Submitted - Implementing Improvements; Equipment Modified - Repaired - Replaced or Re-calibrated; Operational Process Modification,Voluntary Abatement Program Underway
SHELTER COVE,Shelter Cove,"38 CHEAPSIDE RD, HALDIMAND COUNTY, ON N0A 1P0",Haldimand,Miscellaneous Communal,Hamilton,TOTAL SUSPENDED SOLIDS,Approval / Permit Non-Compliance,05/01/2022,05/31/2022,7,mg/L,mon avg,1,37,37,Action Plan Submitted - Implementing Improvements; Equipment Modified - Repaired - Replaced or Re-calibrated; Operational Process Modification,Voluntary Abatement Program Underway
SHELTER COVE,Shelter Cove,"38 CHEAPSIDE RD, HALDIMAND COUNTY, ON N0A 1P0",Haldimand,Miscellaneous Communal,Hamilton,"PHOSPHORUS, TOTAL",Approval / Permit Non-Compliance,05/01/2022,05/31/2022,0.04,mg/L,mon avg,1,3.65,3.65,Action Plan Submitted - Implementing Improvements; Equipment Modified - Repaired - Replaced or Re-calibrated; Operational Process Modification,Voluntary Abatement Program Underway
SHELTER COVE,Shelter Cove,"38 CHEAPSIDE RD, HALDIMAND COUNTY, ON N0A 1P0",Haldimand,Miscellaneous Communal,Hamilton,TOTAL AMMONIA NITROGEN,Approval / Permit Non-Compliance,05/01/2022,05/31/2022,1,mg/L,mon avg,1,25.4,25.4,Action Plan Submitted - Implementing Improvements; Equipment Modified - Repaired - Replaced or Re-calibrated; Operational Process Modification,Voluntary Abatement Program Underway
SHELTER COVE,Shelter Cove,"38 CHEAPSIDE RD, HALDIMAND COUNTY, ON N0A 1P0",Haldimand,Miscellaneous Communal,Hamilton,ESCHERICHIA COLI,Approval / Permit Non-Compliance,05/01/2022,05/31/2022,200,CT/100mL,mon avg. on a geo. mean density,1,600,600,Action Plan Submitted - Implementing Improvements; Equipment Modified - Repaired - Replaced or Re-calibrated; Operational Process Modification,Voluntary Abatement Program Underway
SHELTER COVE,Shelter Cove,"38 CHEAPSIDE RD, HALDIMAND COUNTY, ON N0A 1P0",Haldimand,Miscellaneous Communal,Hamilton,TOTAL AMMONIA NITROGEN,Approval / Permit Non-Compliance,05/01/2022,05/31/2022,0.14,kg/d,mon avg,1,0.66,0.66,Action Plan Submitted - Implementing Improvements; Equipment Modified - Repaired - Replaced or Re-calibrated,Voluntary Abatement Program Underway
SHELTER COVE,Shelter Cove,"38 CHEAPSIDE RD, HALDIMAND COUNTY, ON N0A 1P0",Haldimand,Miscellaneous Communal,Hamilton,"PHOSPHORUS, TOTAL",Approval / Permit Non-Compliance,05/01/2022,05/31/2022,0.006,kg/d,mon avg,1,0.949,0.949,Action Plan Submitted - Implementing Improvements; Equipment Modified - Repaired - Replaced or Re-calibrated,Voluntary Abatement Program Underway
SHELTER COVE,Shelter Cove,"38 CHEAPSIDE RD, HALDIMAND COUNTY, ON N0A 1P0",HALDIMAND COUNTY,Miscellaneous Communal,Hamilton,CARBONACEOUS BIOCHEMICAL OXYGEN DEMAND,Approval / Permit Non-Compliance,06/01/2022,06/30/2022,7,mg/L,mon avg,1,8.7,8.7,Action Plan Submitted,Voluntary Abatement Program Underway
SHELTER COVE,Shelter Cove,"38 CHEAPSIDE RD, HALDIMAND COUNTY, ON N0A 1P0",HALDIMAND COUNTY,Miscellaneous Communal,Hamilton,"PHOSPHORUS, TOTAL",Approval / Permit Non-Compliance,06/01/2022,06/30/2022,0.04,mg/L,mon avg,1,0.33,0.33,Action Plan Submitted,Voluntary Abatement Program Underway
SHELTER COVE,Shelter Cove,"38 CHEAPSIDE RD, HALDIMAND COUNTY, ON N0A 1P0",HALDIMAND COUNTY,Miscellaneous Communal,Hamilton,"PHOSPHORUS, TOTAL",Approval / Permit Non-Compliance,06/01/2022,06/30/2022,0.006,kg/d,mon avg,1,0.019,0.019,Action Plan Submitted,Voluntary Abatement Program Underway
SHELTER COVE,Shelter Cove,"38 CHEAPSIDE RD, HALDIMAND COUNTY, ON N0A 1P0",HALDIMAND COUNTY,Miscellaneous Communal,Hamilton,TOTAL AMMONIA NITROGEN,Approval / Permit Non-Compliance,06/01/2022,06/30/2022,0.14,kg/d,mon avg,1,0.59,0.59,Action Plan Submitted,Voluntary Abatement Program Underway
SHELTER COVE,Shelter Cove,"38 CHEAPSIDE RD, HALDIMAND COUNTY, ON N0A 1P0",HALDIMAND COUNTY,Miscellaneous Communal,Hamilton,TOTAL AMMONIA NITROGEN,Approval / Permit Non-Compliance,06/01/2022,06/30/2022,1,mg/L,mon avg,1,22.2,22.2,Action Plan Submitted,Voluntary Abatement Program Underway
SHELTER COVE,Shelter Cove,"38 CHEAPSIDE RD, HALDIMAND COUNTY, ON N0A 1P0",HALDIMAND COUNTY,Miscellaneous Communal,Hamilton,TOTAL SUSPENDED SOLIDS,Approval / Permit Non-Compliance,06/01/2022,06/30/2022,7,mg/L,mon avg,1,12.3,12.3,Action Plan Submitted,Voluntary Abatement Program Underway
SHELTER COVE,Shelter Cove,"38 CHEAPSIDE RD, HALDIMAND COUNTY, ON N0A 1P0",HALDIMAND COUNTY,Miscellaneous Communal,Hamilton,CARBONACEOUS BIOCHEMICAL OXYGEN DEMAND,Approval / Permit Non-Compliance,07/01/2022,07/31/2022,7,mg/L,mon avg,1,11.1,11.1,Action Plan Submitted,Voluntary Abatement Program Underway
SHELTER COVE,Shelter Cove,"38 CHEAPSIDE RD, HALDIMAND COUNTY, ON N0A 1P0",HALDIMAND COUNTY,Miscellaneous Communal,Hamilton,ESCHERICHIA COLI,Approval / Permit Non-Compliance,07/01/2022,07/31/2022,200,CT/100mL,mon avg. on a geo. mean density,1,290,290,Action Plan Submitted,Voluntary Abatement Program Underway
SHELTER COVE,Shelter Cove,"38 CHEAPSIDE RD, HALDIMAND COUNTY, ON N0A 1P0",HALDIMAND COUNTY,Miscellaneous Communal,Hamilton,"PHOSPHORUS, TOTAL",Approval / Permit Non-Compliance,07/01/2022,07/31/2022,0.006,kg/d,mon avg,1,0.01,0.01,Action Plan Submitted,Voluntary Abatement Program Underway
SHELTER COVE,Shelter Cove,"38 CHEAPSIDE RD, HALDIMAND COUNTY, ON N0A 1P0",HALDIMAND COUNTY,Miscellaneous Communal,Hamilton,"PHOSPHORUS, TOTAL",Approval / Permit Non-Compliance,07/01/2022,07/31/2022,0.04,mg/L,mon avg,1,0.62,0.62,Action Plan Submitted,Voluntary Abatement Program Underway
SHELTER COVE,Shelter Cove,"38 CHEAPSIDE RD, HALDIMAND COUNTY, ON N0A 1P0",HALDIMAND COUNTY,Miscellaneous Communal,Hamilton,TOTAL AMMONIA NITROGEN,Approval / Permit Non-Compliance,07/01/2022,07/31/2022,0.14,kg/d,mon avg,1,0.51,0.51,Action Plan Submitted,Voluntary Abatement Program Underway
SHELTER COVE,Shelter Cove,"38 CHEAPSIDE RD, HALDIMAND COUNTY, ON N0A 1P0",HALDIMAND COUNTY,Miscellaneous Communal,Hamilton,TOTAL AMMONIA NITROGEN,Approval / Permit Non-Compliance,07/01/2022,07/31/2022,1,mg/L,mon avg,1,11.7,11.7,Action Plan Submitted,Voluntary Abatement Program Underway
SHELTER COVE,Shelter Cove,"38 CHEAPSIDE RD, HALDIMAND COUNTY, ON N0A 1P0",HALDIMAND COUNTY,Miscellaneous Communal,Hamilton,TOTAL SUSPENDED SOLIDS,Approval / Permit Non-Compliance,07/01/2022,07/31/2022,7,mg/L,mon avg,1,27.6,27.6,Action Plan Submitted,Voluntary Abatement Program Underway
SHELTER COVE,Shelter Cove,"38 CHEAPSIDE RD, HALDIMAND COUNTY, ON N0A 1P0",HALDIMAND COUNTY,Miscellaneous Communal,Hamilton,CARBONACEOUS BIOCHEMICAL OXYGEN DEMAND,Approval / Permit Non-Compliance,08/01/2022,08/31/2022,7,mg/L,mon avg,1,11.1,11.1,Action Plan Submitted,Voluntary Abatement Program Underway
SHELTER COVE,Shelter Cove,"38 CHEAPSIDE RD, HALDIMAND COUNTY, ON N0A 1P0",HALDIMAND COUNTY,Miscellaneous Communal,Hamilton,ESCHERICHIA COLI,Approval / Permit Non-Compliance,08/01/2022,08/31/2022,200,CT/100mL,mon avg. on a geo. mean density,1,623,623,Action Plan Submitted,Voluntary Abatement Program Underway
SHELTER COVE,Shelter Cove,"38 CHEAPSIDE RD, HALDIMAND COUNTY, ON N0A 1P0",HALDIMAND COUNTY,Miscellaneous Communal,Hamilton,"PHOSPHORUS, TOTAL",Approval / Permit Non-Compliance,08/01/2022,08/31/2022,0.006,kg/d,mon avg,1,0.014,0.014,Action Plan Submitted,Voluntary Abatement Program Underway
SHELTER COVE,Shelter Cove,"38 CHEAPSIDE RD, HALDIMAND COUNTY, ON N0A 1P0",HALDIMAND COUNTY,Miscellaneous Communal,Hamilton,"PHOSPHORUS, TOTAL",Approval / Permit Non-Compliance,08/01/2022,08/31/2022,0.04,mg/L,mon avg,1,0.74,0.74,Action Plan Submitted,Voluntary Abatement Program Underway
SHELTER COVE,Shelter Cove,"38 CHEAPSIDE RD, HALDIMAND COUNTY, ON N0A 1P0",HALDIMAND COUNTY,Miscellaneous Communal,Hamilton,TOTAL AMMONIA NITROGEN,Approval / Permit Non-Compliance,08/01/2022,08/31/2022,0.14,kg/d,mon avg,1,0.26,0.26,Action Plan Submitted,Voluntary Abatement Program Underway
SHELTER COVE,Shelter Cove,"38 CHEAPSIDE RD, HALDIMAND COUNTY, ON N0A 1P0",HALDIMAND COUNTY,Miscellaneous Communal,Hamilton,TOTAL AMMONIA NITROGEN,Approval / Permit Non-Compliance,08/01/2022,08/31/2022,1,mg/L,mon avg,1,18.6,18.6,Action Plan Submitted,Voluntary Abatement Program Underway
SHELTER COVE,Shelter Cove,"38 CHEAPSIDE RD, HALDIMAND COUNTY, ON N0A 1P0",HALDIMAND COUNTY,Miscellaneous Communal,Hamilton,TOTAL SUSPENDED SOLIDS,Approval / Permit Non-Compliance,08/01/2022,08/31/2022,7,mg/L,mon avg,1,41.3,41.3,Action Plan Submitted,Voluntary Abatement Program Underway
SHELTER COVE,Shelter Cove,"38 CHEAPSIDE RD, HALDIMAND COUNTY, ON N0A 1P0",HALDIMAND COUNTY,Miscellaneous Communal,Hamilton,CARBONACEOUS BIOCHEMICAL OXYGEN DEMAND,Approval / Permit Non-Compliance,09/01/2022,09/30/2022,7,mg/L,mon avg,1,9,9,Action Plan Submitted,Voluntary Abatement Program Underway
SHELTER COVE,Shelter Cove,"38 CHEAPSIDE RD, HALDIMAND COUNTY, ON N0A 1P0",HALDIMAND COUNTY,Miscellaneous Communal,Hamilton,"PHOSPHORUS, TOTAL",Approval / Permit Non-Compliance,09/01/2022,09/30/2022,0.006,kg/d,mon avg,1,0.018,0.018,Action Plan Submitted,Voluntary Abatement Program Underway
SHELTER COVE,Shelter Cove,"38 CHEAPSIDE RD, HALDIMAND COUNTY, ON N0A 1P0",HALDIMAND COUNTY,Miscellaneous Communal,Hamilton,"PHOSPHORUS, TOTAL",Approval / Permit Non-Compliance,09/01/2022,09/30/2022,0.04,mg/L,mon avg,1,0.59,0.59,Action Plan Submitted,Voluntary Abatement Program Underway
SHELTER COVE,Shelter Cove,"38 CHEAPSIDE RD, HALDIMAND COUNTY, ON N0A 1P0",HALDIMAND COUNTY,Miscellaneous Communal,Hamilton,TOTAL AMMONIA NITROGEN,Approval / Permit Non-Compliance,09/01/2022,09/30/2022,0.14,kg/d,mon avg,1,0.41,0.41,Action Plan Submitted,Voluntary Abatement Program Underway
SHELTER COVE,Shelter Cove,"38 CHEAPSIDE RD, HALDIMAND COUNTY, ON N0A 1P0",HALDIMAND COUNTY,Miscellaneous Communal,Hamilton,TOTAL AMMONIA NITROGEN,Approval / Permit Non-Compliance,09/01/2022,09/30/2022,1,mg/L,mon avg,1,7.1,7.1,Action Plan Submitted,Voluntary Abatement Program Underway
SHELTER COVE,Shelter Cove,"38 CHEAPSIDE RD, HALDIMAND COUNTY, ON N0A 1P0",HALDIMAND COUNTY,Miscellaneous Communal,Hamilton,TOTAL SUSPENDED SOLIDS,Approval / Permit Non-Compliance,09/01/2022,09/30/2022,7,mg/L,mon avg,1,11.9,11.9,Action Plan Submitted,Voluntary Abatement Program Underway
SHELTER COVE,Shelter Cove,"38 CHEAPSIDE RD, HALDIMAND COUNTY, ON N0A 1P0",HALDIMAND COUNTY,Miscellaneous Communal,Hamilton,CARBONACEOUS BIOCHEMICAL OXYGEN DEMAND,Approval / Permit Non-Compliance,10/01/2022,10/31/2022,7,mg/L,mon avg,1,9.3,9.3,Action Plan Submitted,Voluntary Abatement Program Underway
SHELTER COVE,Shelter Cove,"38 CHEAPSIDE RD, HALDIMAND COUNTY, ON N0A 1P0",HALDIMAND COUNTY,Miscellaneous Communal,Hamilton,ESCHERICHIA COLI,Approval / Permit Non-Compliance,10/01/2022,10/31/2022,200,CT/100mL,mon avg. on a geo. mean density,1,1920,1920,Action Plan Submitted,Voluntary Abatement Program Underway
SHELTER COVE,Shelter Cove,"38 CHEAPSIDE RD, HALDIMAND COUNTY, ON N0A 1P0",HALDIMAND COUNTY,Miscellaneous Communal,Hamilton,"PHOSPHORUS, TOTAL",Approval / Permit Non-Compliance,10/01/2022,10/31/2022,0.006,kg/d,mon avg,1,0.011,0.011,Action Plan Submitted,Voluntary Abatement Program Underway
SHELTER COVE,Shelter Cove,"38 CHEAPSIDE RD, HALDIMAND COUNTY, ON N0A 1P0",HALDIMAND COUNTY,Miscellaneous Communal,Hamilton,"PHOSPHORUS, TOTAL",Approval / Permit Non-Compliance,10/01/2022,10/31/2022,0.04,mg/L,mon avg,1,0.45,0.45,Action Plan Submitted,Voluntary Abatement Program Underway
SHELTER COVE,Shelter Cove,"38 CHEAPSIDE RD, HALDIMAND COUNTY, ON N0A 1P0",HALDIMAND COUNTY,Miscellaneous Communal,Hamilton,TOTAL AMMONIA NITROGEN,Approval / Permit Non-Compliance,10/01/2022,10/31/2022,1,mg/L,mon avg,1,19.9,19.9,Action Plan Submitted,Voluntary Abatement Program Underway
SHELTER COVE,Shelter Cove,"38 CHEAPSIDE RD, HALDIMAND COUNTY, ON N0A 1P0",HALDIMAND COUNTY,Miscellaneous Communal,Hamilton,TOTAL AMMONIA NITROGEN,Approval / Permit Non-Compliance,10/01/2022,10/31/2022,0.14,kg/d,mon avg,1,0.34,0.34,Action Plan Submitted,Voluntary Abatement Program Underway
SHELTER COVE,Shelter Cove,"38 CHEAPSIDE RD, HALDIMAND COUNTY, ON N0A 1P0",HALDIMAND COUNTY,Miscellaneous Communal,Hamilton,TOTAL SUSPENDED SOLIDS,Approval / Permit Non-Compliance,10/01/2022,10/31/2022,7,mg/L,mon avg,1,26.2,26.2,Action Plan Submitted,Voluntary Abatement Program Underway
SHELTER COVE,Shelter Cove,"38 CHEAPSIDE RD, HALDIMAND COUNTY, ON N0A 1P0",HALDIMAND COUNTY,Miscellaneous Communal,Hamilton,"PHOSPHORUS, TOTAL",Approval / Permit Non-Compliance,11/01/2022,11/30/2022,0.006,kg/d,mon avg,1,0.007,0.007,Action Plan Submitted,Voluntary Abatement Program Underway
SHELTER COVE,Shelter Cove,"38 CHEAPSIDE RD, HALDIMAND COUNTY, ON N0A 1P0",HALDIMAND COUNTY,Miscellaneous Communal,Hamilton,"PHOSPHORUS, TOTAL",Approval / Permit Non-Compliance,11/01/2022,11/30/2022,0.04,mg/L,mon avg,1,0.2,0.2,Action Plan Submitted,Voluntary Abatement Program Underway
SHELTER COVE,Shelter Cove,"38 CHEAPSIDE RD, HALDIMAND COUNTY, ON N0A 1P0",HALDIMAND COUNTY,Miscellaneous Communal,Hamilton,TOTAL AMMONIA NITROGEN,Approval / Permit Non-Compliance,11/01/2022,11/30/2022,0.14,kg/d,mon avg,1,0.48,0.48,Action Plan Submitted,Voluntary Abatement Program Underway
SHELTER COVE,Shelter Cove,"38 CHEAPSIDE RD, HALDIMAND COUNTY, ON N0A 1P0",HALDIMAND COUNTY,Miscellaneous Communal,Hamilton,TOTAL AMMONIA NITROGEN,Approval / Permit Non-Compliance,11/01/2022,11/30/2022,1,mg/L,mon avg,1,12.7,12.7,Action Plan Submitted,Voluntary Abatement Program Underway
SHELTER COVE,Shelter Cove,"38 CHEAPSIDE RD, HALDIMAND COUNTY, ON N0A 1P0",HALDIMAND COUNTY,Miscellaneous Communal,Hamilton,TOTAL SUSPENDED SOLIDS,Approval / Permit Non-Compliance,11/01/2022,11/30/2022,7,mg/L,mon avg,1,7.4,7.4,Action Plan Submitted,Voluntary Abatement Program Underway
SHELTER COVE,Shelter Cove,"38 CHEAPSIDE RD, HALDIMAND COUNTY, ON N0A 1P0",HALDIMAND COUNTY,Miscellaneous Communal,Hamilton,"PHOSPHORUS, TOTAL",Approval / Permit Non-Compliance,12/01/2022,12/31/2022,0.04,mg/L,mon avg,1,0.14,0.14,Action Plan Submitted,Voluntary Abatement Program Underway
SHELTER COVE,Shelter Cove,"38 CHEAPSIDE RD, HALDIMAND COUNTY, ON N0A 1P0",HALDIMAND COUNTY,Miscellaneous Communal,Hamilton,"PHOSPHORUS, TOTAL",Approval / Permit Non-Compliance,12/01/2022,12/31/2022,0.006,kg/d,mon avg,1,0.009,0.009,Action Plan Submitted,Voluntary Abatement Program Underway
SHELTER COVE,Shelter Cove,"38 CHEAPSIDE RD, HALDIMAND COUNTY, ON N0A 1P0",HALDIMAND COUNTY,Miscellaneous Communal,Hamilton,TOTAL AMMONIA NITROGEN,Approval / Permit Non-Compliance,12/01/2022,12/31/2022,0.14,kg/d,mon avg,1,0.31,0.31,Action Plan Submitted,Voluntary Abatement Program Underway
SHELTER COVE,Shelter Cove,"38 CHEAPSIDE RD, HALDIMAND COUNTY, ON N0A 1P0",HALDIMAND COUNTY,Miscellaneous Communal,Hamilton,TOTAL AMMONIA NITROGEN,Approval / Permit Non-Compliance,12/01/2022,12/31/2022,1,mg/L,mon avg,1,15.3,15.3,Action Plan Submitted,Voluntary Abatement Program Underway
The Corporation of Haldimand County,Dunnville Wastewater Treatment Plant,700 Main St E Dunnville,Haldimand,Municipal Sewage,Hamilton,CARBONACEOUS BIOCHEMICAL OXYGEN DEMAND,Approval / Permit Non-Compliance,02/01/2022,02/28/2022,25,mg/L,mon avg,1,42,42,Equipment Modified - Repaired - Replaced or Re-calibrated,Assessment Complete - No Action Required
The Corporation of Haldimand County,Hagersville WPCP,33 Mud Street,Haldimand,Municipal Sewage,Hamilton,TOTAL SUSPENDED SOLIDS,Approval / Permit Non-Compliance,03/01/2022,03/31/2022,7.3,mg/L,mon avg,1,12.2,12.2,None Required,Assessment Complete - No Action Required
NIAGARA PENINSULA CONSERVATION AUTHORITY,Ball's Falls - Visitor Centre,3172 Sixth Ave Jordan,LINCOLN,Miscellaneous Communal,Niagara,CARBONACEOUS BIOCHEMICAL OXYGEN DEMAND,Approval / Permit Non-Compliance,11/01/2022,11/01/2022,20,mg/L,/mon,1,24,24,New Equipment Installed,Other Action Taken
Sherkston Shores Inc.,Sherkston Shores Resort,490 Empire Road,Port Colborne,Miscellaneous Communal,Niagara,"PHOSPHORUS, TOTAL",Approval / Permit Non-Compliance,06/30/2022,06/30/2022,1,mg/L,mon avg,1,1.08,1.08,Additional Monitoring Underway; Equipment Modified - Repaired - Replaced or Re-calibrated; New Equipment or Treatment Process Installed; New/Amended Approval; Operational Process Modification,Voluntary Abatement Program Underway
Sherkston Shores Inc.,Sherkston Shores Resort,490 Empire Road,Port Colborne,Miscellaneous Communal,Niagara,"PHOSPHORUS, TOTAL",Approval / Permit Non-Compliance,07/31/2022,07/31/2022,0.6,kg/d,mon avg,1,0.64,0.64,Action Plan Submitted - Implementing Improvements; Equipment Modified - Repaired - Replaced or Re-calibrated; New Equipment or Treatment Process Installed; New/Amended Approval; Operational Process Modification,Voluntary Abatement Program Underway
The Regional Municipality of Niagara,Baker Road Wastewater Treatment Plant,347 Baker Rd,Grimsby,Municipal Sewage,Niagara,"PHOSPHORUS, TOTAL",Approval / Permit Non-Compliance,06/01/2022,06/30/2022,0.5,mg/L,mon avg,1,0.51,0.51,Action Plan Submitted - Implementing Improvements; Additional Monitoring Underway,Assessment Complete - No Action Required
The Regional Municipality of Niagara,Baker Road Wastewater Treatment Plant,347 Baker Rd,Grimsby,Municipal Sewage,Niagara,"PHOSPHORUS, TOTAL",Approval / Permit Non-Compliance,11/01/2022,11/30/2022,0.5,mg/L,mon avg,1,1.1,1.1,Additional Monitoring Underway,Assessment Complete - No Action Required
The Regional Municipality of Niagara,Stevensville/Douglastown Lagoon,3274 Netherby Rd,Niagara Falls,Municipal Sewage,Niagara,TOTAL AMMONIA NITROGEN,Approval / Permit Non-Compliance,01/01/2022,12/31/2022,10,mg/L,annual avg,1,12.83,12.83,Additional Monitoring Underway; New Equipment or Treatment Process Installed; Operational Process Modification,Assessment Complete - Incident Resolved; Assessment Complete - No Action Required; Assessment Underway
The Regional Municipality of Niagara,Stevensville/Douglastown Lagoon,3274 Netherby Rd,Niagara Falls,Municipal Sewage,Niagara,TOTAL AMMONIA NITROGEN,Approval / Permit Non-Compliance,01/01/2022,12/31/2022,10,kg/d,annual avg,1,23.2,23.2,Additional Monitoring Underway; New Equipment or Treatment Process Installed; Operational Process Modification,Assessment Complete - Incident Resolved; Assessment Complete - No Action Required; Assessment Underway
The Regional Municipality of Niagara,Stevensville/Douglastown Lagoon,3274 Netherby Rd,Niagara Falls,Municipal Sewage,Niagara,TOTAL AMMONIA NITROGEN,Approval / Permit Non-Compliance,01/18/2022,01/18/2022,15,mg/L,/d,1,15.4,15.4,Additional Monitoring Underway; Equipment Modified - Repaired - Replaced or Re-calibrated,Assessment Complete - Incident Resolved; Assessment Complete - No Action Required; Assessment Underway
The Regional Municipality of Niagara,Stevensville/Douglastown Lagoon,3274 Netherby Rd,Niagara Falls,Municipal Sewage,Niagara,TOTAL AMMONIA NITROGEN,Approval / Permit Non-Compliance,01/25/2022,01/25/2022,15,mg/L,/d,1,15.8,15.8,Additional Monitoring Underway; Equipment Modified - Repaired - Replaced or Re-calibrated,Assessment Complete - Incident Resolved; Assessment Complete - No Action Required; Assessment Underway
The Regional Municipality of Niagara,Stevensville/Douglastown Lagoon,3274 Netherby Rd,Niagara Falls,Municipal Sewage,Niagara,TOTAL AMMONIA NITROGEN,Approval / Permit Non-Compliance,01/31/2022,01/31/2022,15,mg/L,/d,1,17,17,Additional Monitoring Underway; Equipment Modified - Repaired - Replaced or Re-calibrated,Assessment Complete - Incident Resolved; Assessment Complete - No Action Required; Assessment Underway
The Regional Municipality of Niagara,Stevensville/Douglastown Lagoon,3274 Netherby Rd,Niagara Falls,Municipal Sewage,Niagara,TOTAL AMMONIA NITROGEN,Approval / Permit Non-Compliance,02/09/2022,02/09/2022,15,mg/L,/d,1,16.2,16.2,Additional Monitoring Underway; Equipment Modified - Repaired - Replaced or Re-calibrated,Assessment Complete - Incident Resolved; Assessment Complete - No Action Required; Assessment Underway
The Regional Municipality of Niagara,Stevensville/Douglastown Lagoon,3274 Netherby Rd,Niagara Falls,Municipal Sewage,Niagara,TOTAL AMMONIA NITROGEN,Approval / Permit Non-Compliance,02/10/2022,02/10/2022,15,mg/L,/d,1,15.5,15.5,Additional Monitoring Underway; Equipment Modified - Repaired - Replaced or Re-calibrated,Assessment Complete - Incident Resolved; Assessment Complete - No Action Required; Assessment Underway
The Regional Municipality of Niagara,Stevensville/Douglastown Lagoon,3274 Netherby Rd,Niagara Falls,Municipal Sewage,Niagara,TOTAL AMMONIA NITROGEN,Approval / Permit Non-Compliance,02/14/2022,02/14/2022,15,mg/L,/d,1,18.2,18.2,Equipment Modified - Repaired - Replaced or Re-calibrated; New Equipment or Treatment Process Installed,Assessment Complete - Incident Resolved; Assessment Complete - No Action Required; Assessment Underway
The Regional Municipality of Niagara,Stevensville/Douglastown Lagoon,3274 Netherby Rd,Niagara Falls,Municipal Sewage,Niagara,TOTAL AMMONIA NITROGEN,Approval / Permit Non-Compliance,02/17/2022,02/17/2022,15,mg/L,/d,1,17.5,17.5,Equipment Modified - Repaired - Replaced or Re-calibrated; New Equipment or Treatment Process Installed,Assessment Complete - Incident Resolved; Assessment Complete - No Action Required; Assessment Underway
The Regional Municipality of Niagara,Stevensville/Douglastown Lagoon,3274 Netherby Rd,Niagara Falls,Municipal Sewage,Niagara,TOTAL AMMONIA NITROGEN,Approval / Permit Non-Compliance,05/01/2022,10/31/2022,7,mg/L,annual avg,1,10.33,10.33,Additional Monitoring Underway; Conducting Study; Operational Process Modification,Assessment Complete - No Action Required
The Regional Municipality of Niagara,Stevensville/Douglastown Lagoon,3274 Netherby Rd,Niagara Falls,Municipal Sewage,Niagara,TOTAL AMMONIA NITROGEN,Approval / Permit Non-Compliance,06/28/2022,06/28/2022,10,mg/L,/d,1,11.1,11.1,Action Plan Submitted - Implementing Improvements; Additional Monitoring Underway; Operational Process Modification,Assessment Complete - No Action Required
The Regional Municipality of Niagara,Stevensville/Douglastown Lagoon,3274 Netherby Rd,Niagara Falls,Municipal Sewage,Niagara,TOTAL AMMONIA NITROGEN,Approval / Permit Non-Compliance,08/09/2022,08/09/2022,10,mg/L,/d,1,11,11,Additional Monitoring Underway; Equipment Modified - Repaired - Replaced or Re-calibrated; Operational Process Modification,Assessment Complete - No Action Required
The Regional Municipality of Niagara,Stevensville/Douglastown Lagoon,3274 Netherby Rd,Niagara Falls,Municipal Sewage,Niagara,TOTAL AMMONIA NITROGEN,Approval / Permit Non-Compliance,08/11/2022,08/11/2022,10,mg/L,/d,1,10.8,10.8,Additional Monitoring Underway; Equipment Modified - Repaired - Replaced or Re-calibrated; Operational Process Modification,Assessment Complete - No Action Required
The Regional Municipality of Niagara,Stevensville/Douglastown Lagoon,3274 Netherby Rd,Niagara Falls,Municipal Sewage,Niagara,TOTAL AMMONIA NITROGEN,Approval / Permit Non-Compliance,08/15/2022,08/15/2022,10,mg/L,/d,1,15,15,Additional Monitoring Underway; Equipment Modified - Repaired - Replaced or Re-calibrated; Operational Process Modification,Assessment Complete - No Action Required
The Regional Municipality of Niagara,Stevensville/Douglastown Lagoon,3274 Netherby Rd,Niagara Falls,Municipal Sewage,Niagara,TOTAL AMMONIA NITROGEN,Approval / Permit Non-Compliance,08/18/2022,08/18/2022,10,mg/L,/d,1,14.6,14.6,Additional Monitoring Underway; Equipment Modified - Repaired - Replaced or Re-calibrated; Operational Process Modification,Assessment Complete - No Action Required
The Regional Municipality of Niagara,Stevensville/Douglastown Lagoon,3274 Netherby Rd,Niagara Falls,Municipal Sewage,Niagara,TOTAL AMMONIA NITROGEN,Approval / Permit Non-Compliance,08/24/2022,08/24/2022,10,mg/L,/d,1,19,19,Additional Monitoring Underway; Operational Process Modification,Assessment Complete - No Action Required
The Regional Municipality of Niagara,Stevensville/Douglastown Lagoon,3274 Netherby Rd,Niagara Falls,Municipal Sewage,Niagara,TOTAL AMMONIA NITROGEN,Approval / Permit Non-Compliance,09/06/2022,09/06/2022,10,mg/L,/d,1,21.6,21.6,Additional Monitoring Underway; Operational Process Modification,Assessment Complete - No Action Required
The Regional Municipality of Niagara,Stevensville/Douglastown Lagoon,3274 Netherby Rd,Niagara Falls,Municipal Sewage,Niagara,TOTAL AMMONIA NITROGEN,Approval / Permit Non-Compliance,09/08/2022,09/08/2022,10,mg/L,/d,1,23,23,Additional Monitoring Underway; Operational Process Modification,Assessment Complete - Incident Resolved; Assessment Complete - No Action Required
The Regional Municipality of Niagara,Stevensville/Douglastown Lagoon,3274 Netherby Rd,Niagara Falls,Municipal Sewage,Niagara,TOTAL AMMONIA NITROGEN,Approval / Permit Non-Compliance,09/12/2022,09/12/2022,10,mg/L,/d,1,21.8,21.8,Additional Monitoring Underway; Equipment Modified - Repaired - Replaced or Re-calibrated,Assessment Complete - No Action Required
The Regional Municipality of Niagara,Stevensville/Douglastown Lagoon,3274 Netherby Rd,Niagara Falls,Municipal Sewage,Niagara,TOTAL AMMONIA NITROGEN,Approval / Permit Non-Compliance,09/15/2022,09/15/2022,10,mg/L,/d,1,18,18,Additional Monitoring Underway; Equipment Modified - Repaired - Replaced or Re-calibrated,Assessment Complete - No Action Required
The Regional Municipality of Niagara,Stevensville/Douglastown Lagoon,3274 Netherby Rd,Niagara Falls,Municipal Sewage,Niagara,TOTAL AMMONIA NITROGEN,Approval / Permit Non-Compliance,09/20/2022,09/20/2022,10,mg/L,/d,1,22.4,22.4,Additional Monitoring Underway; Equipment Modified - Repaired - Replaced or Re-calibrated,Assessment Complete - No Action Required
The Regional Municipality of Niagara,Stevensville/Douglastown Lagoon,3274 Netherby Rd,Niagara Falls,Municipal Sewage,Niagara,TOTAL AMMONIA NITROGEN,Approval / Permit Non-Compliance,09/22/2022,09/22/2022,10,mg/L,/d,1,23.9,23.9,Additional Monitoring Underway; Operational Process Modification,Assessment Complete - No Action Required
The Regional Municipality of Niagara,Stevensville/Douglastown Lagoon,3274 Netherby Rd,Niagara Falls,Municipal Sewage,Niagara,TOTAL AMMONIA NITROGEN,Approval / Permit Non-Compliance,09/28/2022,09/28/2022,10,mg/L,/d,1,23.6,23.6,Additional Monitoring Underway; Operational Process Modification,Assessment Complete - No Action Required
The Regional Municipality of Niagara,Stevensville/Douglastown Lagoon,3274 Netherby Rd,Niagara Falls,Municipal Sewage,Niagara,TOTAL AMMONIA NITROGEN,Approval / Permit Non-Compliance,09/29/2022,09/29/2022,10,mg/L,/d,1,24.1,24.1,Additional Monitoring Underway; Operational Process Modification,Assessment Complete - No Action Required
The Regional Municipality of Niagara,Stevensville/Douglastown Lagoon,3274 Netherby Rd,Niagara Falls,Municipal Sewage,Niagara,TOTAL AMMONIA NITROGEN,Approval / Permit Non-Compliance,10/04/2022,10/04/2022,10,mg/L,/d,1,20.5,20.5,Additional Monitoring Underway; Operational Process Modification,Assessment Complete - No Action Required
The Regional Municipality of Niagara,Stevensville/Douglastown Lagoon,3274 Netherby Rd,Niagara Falls,Municipal Sewage,Niagara,TOTAL AMMONIA NITROGEN,Approval / Permit Non-Compliance,10/18/2022,10/18/2022,10,mg/L,/d,1,20.7,20.7,Additional Monitoring Underway; Operational Process Modification,Assessment Complete - No Action Required
The Regional Municipality of Niagara,Stevensville/Douglastown Lagoon,3274 Netherby Rd,Niagara Falls,Municipal Sewage,Niagara,TOTAL AMMONIA NITROGEN,Approval / Permit Non-Compliance,10/20/2022,10/20/2022,10,mg/L,/d,1,20.4,20.4,Additional Monitoring Underway; Operational Process Modification,Assessment Complete - No Action Required
The Regional Municipality of Niagara,Stevensville/Douglastown Lagoon,3274 Netherby Rd,Niagara Falls,Municipal Sewage,Niagara,TOTAL AMMONIA NITROGEN,Approval / Permit Non-Compliance,10/24/2022,10/24/2022,10,mg/L,/d,1,19,19,Additional Monitoring Underway; Operational Process Modification,Assessment Complete - No Action Required
The Regional Municipality of Niagara,Stevensville/Douglastown Lagoon,3274 Netherby Rd,Niagara Falls,Municipal Sewage,Niagara,TOTAL AMMONIA NITROGEN,Approval / Permit Non-Compliance,10/27/2022,10/27/2022,10,mg/L,/d,1,17.2,17.2,Additional Monitoring Underway; Operational Process Modification,Assessment Complete - Incident Resolved; Assessment Complete - No Action Required
The Regional Municipality of Niagara,Stevensville/Douglastown Lagoon,3274 Netherby Rd,Niagara Falls,Municipal Sewage,Niagara,TOTAL AMMONIA NITROGEN,Approval / Permit Non-Compliance,11/01/2022,11/01/2022,15,mg/L,/d,1,20.1,20.1,Additional Monitoring Underway; Conducting Study; Operational Process Modification,Assessment Complete - No Action Required; Assessment Underway
The Regional Municipality of Niagara,Stevensville/Douglastown Lagoon,3274 Netherby Rd,Niagara Falls,Municipal Sewage,Niagara,TOTAL AMMONIA NITROGEN,Approval / Permit Non-Compliance,11/03/2022,11/03/2022,15,mg/L,/d,1,17.9,17.9,Additional Monitoring Underway; Operational Process Modification,Assessment Complete - No Action Required
The Regional Municipality of Niagara,Stevensville/Douglastown Lagoon,3274 Netherby Rd,Niagara Falls,Municipal Sewage,Niagara,TOTAL AMMONIA NITROGEN,Approval / Permit Non-Compliance,11/07/2022,11/07/2022,15,mg/L,/d,1,20.5,20.5,Additional Monitoring Underway; Conducting Study; Operational Process Modification,Assessment Complete - No Action Required; Assessment Underway
The Regional Municipality of Niagara,Stevensville/Douglastown Lagoon,3274 Netherby Rd,Niagara Falls,Municipal Sewage,Niagara,TOTAL AMMONIA NITROGEN,Approval / Permit Non-Compliance,11/10/2022,11/10/2022,15,mg/L,/d,1,20,20,Additional Monitoring Underway; Conducting Study; Operational Process Modification,Assessment Complete - No Action Required; Assessment Underway
The Regional Municipality of Niagara,Stevensville/Douglastown Lagoon,3274 Netherby Rd,Niagara Falls,Municipal Sewage,Niagara,TOTAL AMMONIA NITROGEN,Approval / Permit Non-Compliance,11/15/2022,11/15/2022,15,mg/L,/d,1,16.6,16.6,Additional Monitoring Underway; Conducting Study; Operational Process Modification,Assessment Complete - No Action Required; Assessment Underway
The Regional Municipality of Niagara,Stevensville/Douglastown Lagoon,3274 Netherby Rd,Niagara Falls,Municipal Sewage,Niagara,TOTAL AMMONIA NITROGEN,Approval / Permit Non-Compliance,11/17/2022,11/17/2022,15,mg/L,/d,1,15.6,15.6,Additional Monitoring Underway; Conducting Study; Operational Process Modification,Assessment Complete - No Action Required; Assessment Underway
The Regional Municipality of Niagara,Stevensville/Douglastown Lagoon,3274 Netherby Rd,Niagara Falls,Municipal Sewage,Niagara,TOTAL AMMONIA NITROGEN,Approval / Permit Non-Compliance,11/22/2022,11/22/2022,15,mg/L,/d,1,19.9,19.9,Additional Monitoring Underway; Operational Process Modification,Assessment Complete - No Action Required
The Regional Municipality of Niagara,Stevensville/Douglastown Lagoon,3274 Netherby Rd,Niagara Falls,Municipal Sewage,Niagara,TOTAL AMMONIA NITROGEN,Approval / Permit Non-Compliance,11/24/2022,11/24/2022,15,mg/L,/d,1,18.5,18.5,Additional Monitoring Underway; Operational Process Modification,Assessment Complete - No Action Required
The Regional Municipality of Niagara,Stevensville/Douglastown Lagoon,3274 Netherby Rd,Niagara Falls,Municipal Sewage,Niagara,TOTAL AMMONIA NITROGEN,Approval / Permit Non-Compliance,11/29/2022,11/29/2022,15,mg/L,/d,1,19,19,Additional Monitoring Underway; Operational Process Modification,Assessment Complete - No Action Required
The Regional Municipality of Niagara,Stevensville/Douglastown Lagoon,3274 Netherby Rd,Niagara Falls,Municipal Sewage,Niagara,TOTAL AMMONIA NITROGEN,Approval / Permit Non-Compliance,12/05/2022,12/05/2022,15,mg/L,/d,1,18.1,18.1,Additional Monitoring Underway; Equipment Modified - Repaired - Replaced or Re-calibrated; New Equipment or Treatment Process Installed; Operational Process Modification,Assessment Complete - No Action Required
The Regional Municipality of Niagara,Stevensville/Douglastown Lagoon,3274 Netherby Rd,Niagara Falls,Municipal Sewage,Niagara,TOTAL AMMONIA NITROGEN,Approval / Permit Non-Compliance,12/08/2022,12/08/2022,15,mg/L,/d,1,16.1,16.1,Additional Monitoring Underway; Equipment Modified - Repaired - Replaced or Re-calibrated; New Equipment or Treatment Process Installed; Operational Process Modification,Assessment Complete - No Action Required
The Regional Municipality of Niagara,Stevensville/Douglastown Lagoon,3274 Netherby Rd,Niagara Falls,Municipal Sewage,Niagara,TOTAL AMMONIA NITROGEN,Approval / Permit Non-Compliance,12/13/2022,12/13/2022,15,mg/L,/d,1,19,19,Additional Monitoring Underway; Equipment Modified - Repaired - Replaced or Re-calibrated; New Equipment or Treatment Process Installed; Operational Process Modification,Assessment Complete - No Action Required
The Regional Municipality of Niagara,Stevensville/Douglastown Lagoon,3274 Netherby Rd,Niagara Falls,Municipal Sewage,Niagara,TOTAL AMMONIA NITROGEN,Approval / Permit Non-Compliance,12/15/2022,12/15/2022,15,mg/L,/d,1,18,18,Additional Monitoring Underway; Conducting Study; Equipment Modified - Repaired - Replaced or Re-calibrated,Assessment Complete - No Action Required; Assessment Underway
The Regional Municipality of Niagara,Stevensville/Douglastown Lagoon,3274 Netherby Rd,Niagara Falls,Municipal Sewage,Niagara,TOTAL AMMONIA NITROGEN,Approval / Permit Non-Compliance,12/19/2022,12/19/2022,15,mg/L,/d,1,17.1,17.1,Additional Monitoring Underway; Conducting Study; Equipment Modified - Repaired - Replaced or Re-calibrated,Assessment Complete - No Action Required; Assessment Underway
The Regional Municipality of Niagara,Stevensville/Douglastown Lagoon,3274 Netherby Rd,Niagara Falls,Municipal Sewage,Niagara,TOTAL AMMONIA NITROGEN,Approval / Permit Non-Compliance,12/20/2022,12/20/2022,15,mg/L,/d,1,16.6,16.6,Additional Monitoring Underway; Conducting Study; Equipment Modified - Repaired - Replaced or Re-calibrated,Assessment Complete - No Action Required; Assessment Underway
The Regional Municipality of Niagara,Stevensville/Douglastown Lagoon,3274 Netherby Rd,Niagara Falls,Municipal Sewage,Niagara,TOTAL AMMONIA NITROGEN,Approval / Permit Non-Compliance,12/28/2022,12/28/2022,15,mg/L,/d,1,15.1,15.1,Action Plan Submitted - Implementing Improvements; Additional Monitoring Underway; Conducting Study,Assessment Complete - No Action Required; Assessment Underway
The Regional Municipality of Niagara,Stevensville/Douglastown Lagoon,3274 Netherby Rd,Niagara Falls,Municipal Sewage,Niagara,TOTAL AMMONIA NITROGEN,Approval / Permit Non-Compliance,12/29/2022,12/29/2022,15,mg/L,/d,1,15.3,15.3,Action Plan Submitted - Implementing Improvements; Additional Monitoring Underway; Conducting Study,Assessment Complete - No Action Required; Assessment Underway
The Regional Municipality of Niagara,Niagara Falls - Stamford WPCP,3450 Stanley Ave,Niagara Falls,Municipal Sewage,Niagara,TOTAL SUSPENDED SOLIDS,Approval / Permit Non-Compliance,01/01/2022,01/31/2022,25,mg/L,mon avg,1,35.4,35.4,Additional Monitoring Underway,Assessment Complete - No Action Required
The Regional Municipality of Niagara,Niagara Falls - Stamford WPCP,3450 Stanley Ave,Niagara Falls,Municipal Sewage,Niagara,TOTAL SUSPENDED SOLIDS,Approval / Permit Non-Compliance,02/01/2022,02/28/2022,25,mg/L,mon avg,1,36.1,36.1,Additional Monitoring Underway,Assessment Underway
The Regional Municipality of Niagara,Niagara Falls - Stamford WPCP,3450 Stanley Ave,Niagara Falls,Municipal Sewage,Niagara,CARBONACEOUS BIOCHEMICAL OXYGEN DEMAND,Approval / Permit Non-Compliance,02/01/2022,02/28/2022,25,mg/L,mon avg,1,30.4,30.4,Additional Monitoring Underway,Assessment Underway
The Regional Municipality of Niagara,Niagara Falls - Stamford WPCP,3450 Stanley Ave,Niagara Falls,Municipal Sewage,Niagara,CARBONACEOUS BIOCHEMICAL OXYGEN DEMAND,Approval / Permit Non-Compliance,04/01/2022,04/30/2022,25,mg/L,mon avg,1,28.6,28.6,None Required,Assessment Complete - No Action Required
The Regional Municipality of Niagara,Niagara Falls - Stamford WPCP,3450 Stanley Ave,Niagara Falls,Municipal Sewage,Niagara,TOTAL SUSPENDED SOLIDS,Approval / Permit Non-Compliance,04/01/2022,04/30/2022,25,mg/L,mon avg,1,28.3,28.3,None Required,Assessment Complete - No Action Required
The Regional Municipality of Niagara,Niagara Falls - Stamford WPCP,3450 Stanley Ave,Niagara Falls,Municipal Sewage,Niagara,CARBONACEOUS BIOCHEMICAL OXYGEN DEMAND,Approval / Permit Non-Compliance,05/01/2022,05/31/2022,25,mg/L,mon avg,1,35.2,35.2,Additional Monitoring Underway,Assessment Complete - No Action Required
The Regional Municipality of Niagara,Niagara Falls - Stamford WPCP,3450 Stanley Ave,Niagara Falls,Municipal Sewage,Niagara,TOTAL SUSPENDED SOLIDS,Approval / Permit Non-Compliance,05/01/2022,05/31/2022,25,mg/L,mon avg,1,25.7,25.7,Additional Monitoring Underway,Assessment Complete - No Action Required
The Regional Municipality of Niagara,Niagara Falls - Stamford WPCP,3450 Stanley Ave,Niagara Falls,Municipal Sewage,Niagara,CARBONACEOUS BIOCHEMICAL OXYGEN DEMAND,Approval / Permit Non-Compliance,06/01/2022,06/30/2022,25,mg/L,mon avg,1,26,26,Action Plan Submitted - Implementing Improvements; Additional Monitoring Underway,Assessment Complete - No Action Required
The Regional Municipality of Niagara,Niagara Falls - Stamford WPCP,3450 Stanley Ave,Niagara Falls,Municipal Sewage,Niagara,CARBONACEOUS BIOCHEMICAL OXYGEN DEMAND,Approval / Permit Non-Compliance,07/01/2022,07/31/2022,25,mg/L,mon avg,1,31.3,31.3,Additional Monitoring Underway; Equipment Modified - Repaired - Replaced or Re-calibrated,Assessment Complete - No Action Required
The Regional Municipality of Niagara,Niagara Falls - Stamford WPCP,3450 Stanley Ave,Niagara Falls,Municipal Sewage,Niagara,TOTAL SUSPENDED SOLIDS,Approval / Permit Non-Compliance,07/01/2022,07/31/2022,25,mg/L,mon avg,1,28.6,28.6,Additional Monitoring Underway; Equipment Modified - Repaired - Replaced or Re-calibrated,Assessment Complete - No Action Required
The Regional Municipality of Niagara,Niagara Falls - Stamford WPCP,3450 Stanley Ave,Niagara Falls,Municipal Sewage,Niagara,CARBONACEOUS BIOCHEMICAL OXYGEN DEMAND,Approval / Permit Non-Compliance,08/01/2022,08/31/2022,25,mg/L,mon avg,1,25.4,25.4,Additional Monitoring Underway; Equipment Modified - Repaired - Replaced or Re-calibrated; New Equipment or Treatment Process Installed,Assessment Complete - No Action Required
The Regional Municipality of Niagara,Niagara Falls - Stamford WPCP,3450 Stanley Ave,Niagara Falls,Municipal Sewage,Niagara,TOTAL SUSPENDED SOLIDS,Approval / Permit Non-Compliance,08/01/2022,08/31/2022,25,mg/L,mon avg,1,34.4,34.4,Additional Monitoring Underway; Equipment Modified - Repaired - Replaced or Re-calibrated; New Equipment or Treatment Process Installed,Assessment Complete - No Action Required
The Regional Municipality of Niagara,Niagara Falls - Stamford WPCP,3450 Stanley Ave,Niagara Falls,Municipal Sewage,Niagara,CARBONACEOUS BIOCHEMICAL OXYGEN DEMAND,Approval / Permit Non-Compliance,09/01/2022,09/30/2022,25,mg/L,mon avg,1,27.7,27.7,Additional Monitoring Underway; Equipment Modified - Repaired - Replaced or Re-calibrated; Operational Process Modification,Assessment Complete - No Action Required
The Regional Municipality of Niagara,Niagara Falls - Stamford WPCP,3450 Stanley Ave,Niagara Falls,Municipal Sewage,Niagara,TOTAL SUSPENDED SOLIDS,Approval / Permit Non-Compliance,09/01/2022,09/30/2022,25,mg/L,mon avg,1,33.4,33.4,Additional Monitoring Underway; Equipment Modified - Repaired - Replaced or Re-calibrated; Operational Process Modification,Assessment Complete - No Action Required
The Regional Municipality of Niagara,Niagara Falls - Stamford WPCP,3450 Stanley Ave,Niagara Falls,Municipal Sewage,Niagara,CARBONACEOUS BIOCHEMICAL OXYGEN DEMAND,Approval / Permit Non-Compliance,10/01/2022,10/31/2022,25,mg/L,mon avg,1,37.4,37.4,Additional Monitoring Underway; Equipment Modified - Repaired - Replaced or Re-calibrated; New Equipment or Treatment Process Installed,Assessment Complete - No Action Required; Assessment Underway
The Regional Municipality of Niagara,Niagara Falls - Stamford WPCP,3450 Stanley Ave,Niagara Falls,Municipal Sewage,Niagara,TOTAL SUSPENDED SOLIDS,Approval / Permit Non-Compliance,10/01/2022,10/31/2022,25,mg/L,mon avg,1,32.1,32.1,Additional Monitoring Underway; Equipment Modified - Repaired - Replaced or Re-calibrated; New Equipment or Treatment Process Installed,Assessment Complete - No Action Required; Assessment Underway
The Regional Municipality of Niagara,Niagara Falls - Stamford WPCP,3450 Stanley Ave,Niagara Falls,Municipal Sewage,Niagara,CARBONACEOUS BIOCHEMICAL OXYGEN DEMAND,Approval / Permit Non-Compliance,11/01/2022,11/30/2022,25,mg/L,mon avg,1,26.9,26.9,Equipment Modified - Repaired - Replaced or Re-calibrated,Assessment Complete - No Action Required
The Regional Municipality of Niagara,Niagara Falls - Stamford WPCP,3450 Stanley Ave,Niagara Falls,Municipal Sewage,Niagara,TOTAL SUSPENDED SOLIDS,Approval / Permit Non-Compliance,11/01/2022,11/30/2022,25,mg/L,mon avg,1,27,27,Equipment Modified - Repaired - Replaced or Re-calibrated,Assessment Complete - No Action Required
The Regional Municipality of Niagara,Niagara-on-the-Lake Queenston WPCP,30 Front St,Niagara-on-the-Lake,Municipal Sewage,Niagara,ESCHERICHIA COLI,Approval / Permit Non-Compliance,05/01/2022,05/31/2022,200,CT/100mL,mon avg. on a geo. mean density,1,2059,2059,Equipment Modified - Repaired - Replaced or Re-calibrated,Assessment Complete - No Action Required
The Regional Municipality of Niagara,Welland WPCP,505 River Rd R.R. #1,Welland,Municipal Sewage,Niagara,TOTAL AMMONIA NITROGEN,Approval / Permit Non-Compliance,05/01/2022,05/31/2022,10,mg/L,mon avg,1,11.9,11.9,Additional Monitoring Underway,Assessment Complete - No Action Required
"Ces données sont fournies à titre d’information seulement. Les installations responsables des rejets ont fourni la plupart des données de ce sommaire. Ces installations sont responsables de l’exactitude des données fournies. Certaines données sont aussi dérivées des données du ministère sur les rejets. Les mesures prises par les installations et par le ministère étaient à jour en Septembre 2023. Pour obtenir des données actualisées, veuillez contacter le bureau de district ou de secteur concerné",,,,,,,,,,,,,,,,,
