Propriétaire de l’installation,Nom du site,Adresse du site,Municipalité du site,Secteur,District,Contaminant,Type de dépassement,Date du début du dépassement,Date de la fin du dépassement,Limite du contaminant,Unité du contaminant,Fréquence de la limite,Nombre de dépassements,Minimum de la quantité,Maximum de la quantité,Mesure prise par l’installation,Mesure prise par le ministère
2039882 Ontario Limited,Shelter Cove,38 Cheapside Rd City of Nanticoke,Haldimand,Miscellaneous Communal,Hamilton,CARBONACEOUS BIOCHEMICAL OXYGEN DEMAND,ECA/CofA/Permit Non-Compliance,2021-04-01,2021-04-30,7,mg/L,mon avg,1,11,11,New Equipment or Treatment Process Installed,Voluntary Abatement Program Underway
2039882 Ontario Limited,Shelter Cove,38 Cheapside Rd City of Nanticoke,Haldimand,Miscellaneous Communal,Hamilton,"PHOSPHORUS, TOTAL",ECA/CofA/Permit Non-Compliance,2021-04-01,2021-04-30,0.04,mg/L,mon avg,1,0.33,0.33,New Equipment or Treatment Process Installed,Voluntary Abatement Program Underway
2039882 Ontario Limited,Shelter Cove,38 Cheapside Rd City of Nanticoke,Haldimand,Miscellaneous Communal,Hamilton,TOTAL AMMONIA NITROGEN,ECA/CofA/Permit Non-Compliance,2021-04-01,2021-04-30,1,mg/L,mon avg,1,2.5,2.5,New Equipment or Treatment Process Installed,Voluntary Abatement Program Underway
2039882 Ontario Limited,Shelter Cove,38 Cheapside Rd City of Nanticoke,Haldimand,Miscellaneous Communal,Hamilton,TOTAL SUSPENDED SOLIDS,ECA/CofA/Permit Non-Compliance,2021-04-01,2021-04-30,7,mg/L,mon avg,1,22,22,New Equipment or Treatment Process Installed,Voluntary Abatement Program Underway
2039882 Ontario Limited,Shelter Cove,38 Cheapside Rd City of Nanticoke,Haldimand,Miscellaneous Communal,Hamilton,CARBONACEOUS BIOCHEMICAL OXYGEN DEMAND,ECA/CofA/Permit Non-Compliance,2021-05-01,2021-05-31,7,mg/L,mon avg,1,25,25,Action Plan Submitted - Implementing Improvements,Voluntary Abatement Program Underway
2039882 Ontario Limited,Shelter Cove,38 Cheapside Rd City of Nanticoke,Haldimand,Miscellaneous Communal,Hamilton,ESCHERICHIA COLI,ECA/CofA/Permit Non-Compliance,2021-05-01,2021-05-31,100,CT/100mL,mon avg. on a geo. mean density,1,1100,1100,Action Plan Submitted - Implementing Improvements,Voluntary Abatement Program Underway
2039882 Ontario Limited,Shelter Cove,38 Cheapside Rd City of Nanticoke,Haldimand,Miscellaneous Communal,Hamilton,"PHOSPHORUS, TOTAL",ECA/CofA/Permit Non-Compliance,2021-05-01,2021-05-31,0.04,mg/L,mon avg,1,0.91,0.91,Action Plan Submitted - Implementing Improvements,Voluntary Abatement Program Underway
2039882 Ontario Limited,Shelter Cove,38 Cheapside Rd City of Nanticoke,Haldimand,Miscellaneous Communal,Hamilton,TOTAL AMMONIA NITROGEN,ECA/CofA/Permit Non-Compliance,2021-05-01,2021-05-31,1,mg/L,mon avg,1,16.5,16.5,Action Plan Submitted - Implementing Improvements,Voluntary Abatement Program Underway
2039882 Ontario Limited,Shelter Cove,38 Cheapside Rd City of Nanticoke,Haldimand,Miscellaneous Communal,Hamilton,TOTAL SUSPENDED SOLIDS,ECA/CofA/Permit Non-Compliance,2021-05-01,2021-05-31,7,mg/L,mon avg,1,28,28,Action Plan Submitted - Implementing Improvements,Voluntary Abatement Program Underway
2039882 Ontario Limited,Shelter Cove,38 Cheapside Rd City of Nanticoke,Haldimand,Miscellaneous Communal,Hamilton,CARBONACEOUS BIOCHEMICAL OXYGEN DEMAND,ECA/CofA/Permit Non-Compliance,2021-06-01,2021-06-30,7,mg/L,mon avg,1,9,9,Action Plan Submitted - Implementing Improvements,Voluntary Abatement Program Underway
2039882 Ontario Limited,Shelter Cove,38 Cheapside Rd City of Nanticoke,Haldimand,Miscellaneous Communal,Hamilton,"PHOSPHORUS, TOTAL",ECA/CofA/Permit Non-Compliance,2021-06-01,2021-06-30,0.04,mg/L,mon avg,1,0.17,0.17,Action Plan Submitted - Implementing Improvements,Voluntary Abatement Program Underway
2039882 Ontario Limited,Shelter Cove,38 Cheapside Rd City of Nanticoke,Haldimand,Miscellaneous Communal,Hamilton,TOTAL AMMONIA NITROGEN,ECA/CofA/Permit Non-Compliance,2021-06-01,2021-06-30,1,mg/L,mon avg,1,7.2,7.2,Action Plan Submitted - Implementing Improvements,Voluntary Abatement Program Underway
2039882 Ontario Limited,Shelter Cove,38 Cheapside Rd City of Nanticoke,Haldimand,Miscellaneous Communal,Hamilton,TOTAL AMMONIA NITROGEN,ECA/CofA/Permit Non-Compliance,2021-06-01,2021-06-30,0.14,kg/d,mon avg,1,0.16,0.16,Action Plan Submitted - Implementing Improvements,Voluntary Abatement Program Underway
2039882 Ontario Limited,Shelter Cove,38 Cheapside Rd City of Nanticoke,Haldimand,Miscellaneous Communal,Hamilton,TOTAL SUSPENDED SOLIDS,ECA/CofA/Permit Non-Compliance,2021-06-01,2021-06-30,7,mg/L,mon avg,1,19,19,Action Plan Submitted - Implementing Improvements,Voluntary Abatement Program Underway
2039882 Ontario Limited,Shelter Cove,38 Cheapside Rd City of Nanticoke,Haldimand,Miscellaneous Communal,Hamilton,CARBONACEOUS BIOCHEMICAL OXYGEN DEMAND,ECA/CofA/Permit Non-Compliance,2021-07-01,2021-07-31,7,mg/L,mon avg,1,8,8,Action Plan Submitted - Implementing Improvements,Voluntary Abatement Program Underway
2039882 Ontario Limited,Shelter Cove,38 Cheapside Rd City of Nanticoke,Haldimand,Miscellaneous Communal,Hamilton,"PHOSPHORUS, TOTAL",ECA/CofA/Permit Non-Compliance,2021-07-01,2021-07-31,0.04,mg/L,mon avg,1,0.21,0.21,Action Plan Submitted - Implementing Improvements,Voluntary Abatement Program Underway
2039882 Ontario Limited,Shelter Cove,38 Cheapside Rd City of Nanticoke,Haldimand,Miscellaneous Communal,Hamilton,"PHOSPHORUS, TOTAL",ECA/CofA/Permit Non-Compliance,2021-07-01,2021-07-31,0.006,kg/d,mon avg,1,0.009,0.009,Action Plan Submitted - Implementing Improvements,Voluntary Abatement Program Underway
2039882 Ontario Limited,Shelter Cove,38 Cheapside Rd City of Nanticoke,Haldimand,Miscellaneous Communal,Hamilton,TOTAL SUSPENDED SOLIDS,ECA/CofA/Permit Non-Compliance,2021-07-01,2021-07-31,7,mg/L,mon avg,1,20,20,Action Plan Submitted - Implementing Improvements,Voluntary Abatement Program Underway
2039882 Ontario Limited,Shelter Cove,38 Cheapside Rd City of Nanticoke,Haldimand,Miscellaneous Communal,Hamilton,CARBONACEOUS BIOCHEMICAL OXYGEN DEMAND,ECA/CofA/Permit Non-Compliance,2021-12-01,2021-12-31,7,mg/L,mon avg,1,9,9,Action Plan Submitted - Implementing Improvements; Equipment Modified - Repaired - Replaced or Re-calibrated; New Equipment or Treatment Process Installed; New/Amended Approval,Voluntary Abatement Program Underway
2039882 Ontario Limited,Shelter Cove,38 Cheapside Rd City of Nanticoke,Haldimand,Miscellaneous Communal,Hamilton,"PHOSPHORUS, TOTAL",ECA/CofA/Permit Non-Compliance,2021-12-01,2021-12-31,0.006,kg/d,mon avg,1,0.0149,0.0149,Action Plan Submitted - Implementing Improvements; Equipment Modified - Repaired - Replaced or Re-calibrated; New Equipment or Treatment Process Installed; New/Amended Approval,Voluntary Abatement Program Underway
2039882 Ontario Limited,Shelter Cove,38 Cheapside Rd City of Nanticoke,Haldimand,Miscellaneous Communal,Hamilton,"PHOSPHORUS, TOTAL",ECA/CofA/Permit Non-Compliance,2021-12-01,2021-12-31,0.04,mg/L,mon avg,1,0.45,0.45,Action Plan Submitted - Implementing Improvements; Equipment Modified - Repaired - Replaced or Re-calibrated; New Equipment or Treatment Process Installed; New/Amended Approval,Voluntary Abatement Program Underway
2039882 Ontario Limited,Shelter Cove,38 Cheapside Rd City of Nanticoke,Haldimand,Miscellaneous Communal,Hamilton,TOTAL AMMONIA NITROGEN,ECA/CofA/Permit Non-Compliance,2021-12-01,2021-12-31,0.14,kg/d,mon avg,1,0.6,0.6,Action Plan Submitted - Implementing Improvements; Equipment Modified - Repaired - Replaced or Re-calibrated; New Equipment or Treatment Process Installed; New/Amended Approval,Voluntary Abatement Program Underway
2039882 Ontario Limited,Shelter Cove,38 Cheapside Rd City of Nanticoke,Haldimand,Miscellaneous Communal,Hamilton,TOTAL AMMONIA NITROGEN,ECA/CofA/Permit Non-Compliance,2021-12-01,2021-12-31,1,mg/L,mon avg,1,18.2,18.2,Action Plan Submitted - Implementing Improvements; Equipment Modified - Repaired - Replaced or Re-calibrated; New Equipment or Treatment Process Installed; New/Amended Approval,Voluntary Abatement Program Underway
2039882 Ontario Limited,Shelter Cove,38 Cheapside Rd City of Nanticoke,Haldimand,Miscellaneous Communal,Hamilton,TOTAL SUSPENDED SOLIDS,ECA/CofA/Permit Non-Compliance,2021-12-01,2021-12-31,7,mg/L,mon avg,1,18,18,Action Plan Submitted - Implementing Improvements; Equipment Modified - Repaired - Replaced or Re-calibrated; New Equipment or Treatment Process Installed; New/Amended Approval,Voluntary Abatement Program Underway
Boundary Road Development Inc.,Boundary Road Distribution Centre,5225 Boundary Rd,Ottawa,Miscellaneous Communal,Ottawa,"PHOSPHORUS, TOTAL",ECA/CofA/Permit Non-Compliance,2021-01-01,2021-01-31,0.1,mg/L,mon avg,1,0.13,0.13,Additional Monitoring Underway; Ceased Operations; Equipment Modified - Repaired - Replaced or Re-calibrated; Operational Process Modification,Assessment Complete - Incident Resolved
Boundary Road Development Inc.,Boundary Road Distribution Centre,5225 Boundary Rd,Ottawa,Miscellaneous Communal,Ottawa,PH - LOW,ECA/CofA/Permit Non-Compliance,2021-02-16,2021-02-16,6,pH,any,1,5.43,5.43,Operational Process Modification,Assessment Complete - Incident Resolved
Brookfield Residential (Ontario) LP,55 French Drive,55 French Dr,Mono,Miscellaneous Communal,Guelph,NITRATE (AS NITROGEN),ECA/CofA/Permit Non-Compliance,2021-01-01,2021-12-31,3,mg/L,mon avg,12,10.7,16.4,Equipment Modified - Repaired - Replaced or Re-calibrated; Operational Process Modification,Voluntary Abatement Program Underway
Brookfield Residential (Ontario) LP,55 French Drive,55 French Dr,Mono,Miscellaneous Communal,Guelph,"PHOSPHORUS, TOTAL",ECA/CofA/Permit Non-Compliance,2021-01-01,2021-12-31,0.25,mg/L,mon avg,7,0.74,4.1,Equipment Modified - Repaired - Replaced or Re-calibrated; Operational Process Modification,Voluntary Abatement Program Underway
Brookfield Residential (Ontario) LP,55 French Drive,55 French Dr,Mono,Miscellaneous Communal,Guelph,TOTAL AMMONIA NITROGEN,ECA/CofA/Permit Non-Compliance,2021-01-01,2021-12-31,2,mg/L,mon avg,4,2.08,7.52,Equipment Modified - Repaired - Replaced or Re-calibrated; Operational Process Modification,Voluntary Abatement Program Underway
Brookfield Residential (Ontario) LP,55 French Drive,55 French Dr,Mono,Miscellaneous Communal,Guelph,TOTAL SUSPENDED SOLIDS,ECA/CofA/Permit Non-Compliance,2021-01-01,2021-12-31,10,mg/L,mon avg,6,15,41,Equipment Modified - Repaired - Replaced or Re-calibrated; Operational Process Modification,Voluntary Abatement Program Underway
Burleigh Falls Inn & Suites Inc.,Burleigh Falls Inn & Suites ,4791 Hwy 28,North Kawartha,Miscellaneous Communal,Peterborough,PH - LOW,ECA/CofA/Permit Non-Compliance,2021-10-02,2021-10-02,6,pH,any,1,5.67,5.67,Equipment Modified - Repaired - Replaced or Re-calibrated,Assessment Complete - Incident Resolved
Camp Hermosa Incorporation,Camp Hermosa,82931 Glendale Rd,Goderich,Municipal Sewage,Owen Sound,TOTAL SUSPENDED SOLIDS,ECA/CofA/Permit Non-Compliance,2021-10-01,2021-10-31,10,mg/L,mon avg,1,29.8,29.8,Ceased Operations,Assessment Complete - Incident Resolved
Canadian Shield Consultants Agency Inc.,Chester Mine Site,20 km southwest of Gogama off of Highway 144,Chester,Miscellaneous Communal,Timmins,TOTAL SUSPENDED SOLIDS,ECA/CofA/Permit Non-Compliance,2021-05-01,2021-05-31,25,mg/L,mon avg,1,33.7,33.7,Action Plan Submitted - Implementing Improvements; Equipment Modified - Repaired - Replaced or Re-calibrated; Operational Process Modification,Assessment Complete - Incident Resolved
Canadian Shield Consultants Agency Inc.,Little Long Power Generating Station Work Camp,Little Long Generating Station,Kapuskasing,Miscellaneous Communal,Timmins,CARBONACEOUS BIOCHEMICAL OXYGEN DEMAND,ECA/CofA/Permit Non-Compliance,2021-01-01,2021-01-31,25,mg/L,mon avg,1,39.9,39.9,Equipment Modified - Repaired - Replaced or Re-calibrated,Assessment Complete - No Action Required
Canadian Shield Consultants Agency Inc.,Little Long Power Generating Station Work Camp,Little Long Generating Station,Kapuskasing,Miscellaneous Communal,Timmins,TOTAL SUSPENDED SOLIDS,ECA/CofA/Permit Non-Compliance,2021-01-01,2021-01-31,25,mg/L,mon avg,1,30.65,30.65,Equipment Modified - Repaired - Replaced or Re-calibrated,Assessment Complete - No Action Required
Canadian Shield Consultants Agency Inc.,Little Long Power Generating Station Work Camp,Little Long Generating Station,Kapuskasing,Miscellaneous Communal,Timmins,TOTAL SUSPENDED SOLIDS,ECA/CofA/Permit Non-Compliance,2021-06-01,2021-06-30,25,mg/L,mon avg,1,47.5,47.5,None Required,Assessment Complete - No Action Required
Canadian Shield Consultants Agency Inc.,Little Long Power Generating Station Work Camp,Little Long Generating Station,Kapuskasing,Miscellaneous Communal,Timmins,TOTAL SUSPENDED SOLIDS,ECA/CofA/Permit Non-Compliance,2021-08-01,2021-08-31,25,mg/L,mon avg,1,29.2,29.2,Other,Assessment Underway
Canadian Shield Consultants Agency Inc.,Little Long Power Generating Station Work Camp,Little Long Generating Station,Kapuskasing,Miscellaneous Communal,Timmins,TOTAL SUSPENDED SOLIDS,ECA/CofA/Permit Non-Compliance,2021-09-01,2021-09-30,25,mg/L,mon avg,2,47,47,Equipment Modified - Repaired - Replaced or Re-calibrated,Assessment Complete - Incident Resolved
Canadian Shield Consultants Agency Inc.,Little Long Power Generating Station Work Camp,Little Long Generating Station,Kapuskasing,Miscellaneous Communal,Timmins,TOTAL SUSPENDED SOLIDS,ECA/CofA/Permit Non-Compliance,2021-09-01,2021-09-30,25,mg/L,mon avg,2,34.6,34.6,Equipment Modified - Repaired - Replaced or Re-calibrated,Assessment Complete - Incident Resolved
Canadian Shield Consultants Agency Inc.,Little Long Power Generating Station Work Camp,Little Long Generating Station,Kapuskasing,Miscellaneous Communal,Timmins,CARBONACEOUS BIOCHEMICAL OXYGEN DEMAND,ECA/CofA/Permit Non-Compliance,2021-11-01,2021-11-30,25,mg/L,mon avg,1,50.1,50.1,Other,Assessment Underway
Canadian Shield Consultants Agency Inc.,Little Long Power Generating Station Work Camp,Little Long Generating Station,Kapuskasing,Miscellaneous Communal,Timmins,TOTAL SUSPENDED SOLIDS,ECA/CofA/Permit Non-Compliance,2021-11-01,2021-11-30,25,mg/L,mon avg,1,35.8,35.8,Equipment Modified - Repaired - Replaced or Re-calibrated,Assessment Complete - No Action Required
CANEAU Water & Sewage Operations Inc.,Seaway Travel Centre Ltd.,2690 Brookdale Ave,Cornwall,Miscellaneous Communal,Cornwall,TOTAL AMMONIA NITROGEN,ECA/CofA/Permit Non-Compliance,2021-08-01,2021-08-31,2,mg/L,mon avg,1,2.1,2.1,Additional Monitoring Underway,Voluntary Abatement Program Underway
CAPREIT Apartments Inc.,Suncrest Mobile Home Park,230 County Road 42,Lakeshore,Miscellaneous Communal,Windsor,ESCHERICHIA COLI,ECA/CofA/Permit Non-Compliance,2021-09-01,2021-09-30,200,CT/100mL,mon avg. on a geo. mean density,1,1243.23,1243.23,Operational Process Modification,Voluntary Abatement Program Underway
CAPREIT Apartments Inc.,Suncrest Mobile Home Park,230 County Road 42,Lakeshore,Miscellaneous Communal,Windsor,TOTAL SUSPENDED SOLIDS,ECA/CofA/Permit Non-Compliance,2021-09-12,2021-09-16,15,mg/L,seasonal avg,2,16,26,Operational Process Modification,Voluntary Abatement Program Underway
CAPREIT Apartments Inc.,Suncrest Mobile Home Park,230 County Road 42,Lakeshore,Miscellaneous Communal,Windsor,ESCHERICHIA COLI,ECA/CofA/Permit Non-Compliance,2021-11-01,2021-11-30,200,CT/100mL,mon avg. on a geo. mean density,1,600,600,Action Plan Submitted - Implementing Improvements; Equipment Modified - Repaired - Replaced or Re-calibrated,Voluntary Abatement Program Underway
CAPREIT Apartments Inc.,Suncrest Mobile Home Park,230 County Road 42,Lakeshore,Miscellaneous Communal,Windsor,TOTAL SUSPENDED SOLIDS,ECA/CofA/Permit Non-Compliance,2021-11-08,2021-11-08,15,mg/L,/d,1,32,32,Action Plan Submitted - Implementing Improvements; Equipment Modified - Repaired - Replaced or Re-calibrated,Voluntary Abatement Program Underway
CAPREIT Apartments Inc.,Sunny Creek Estates,63 Whites Rd,Quinte West,Miscellaneous Communal,Peterborough,TOTAL SUSPENDED SOLIDS,ECA/CofA/Permit Non-Compliance,2021-06-01,2021-06-30,15,mg/L,mon avg,1,16,16,None Required,Assessment Complete - Incident Resolved
CAPREIT Apartments Inc.,Sunny Creek Estates,63 Whites Rd,Quinte West,Miscellaneous Communal,Peterborough,TOTAL SUSPENDED SOLIDS,ECA/CofA/Permit Non-Compliance,2021-12-01,2021-12-31,15,mg/L,mon avg,1,16.5,16.5,Operational Process Modification,Assessment Complete - No Action Required
Cedar Rail Family Campground Inc.,Cedar Rail Camp,"Lot: 26, 27, Concession: 13",Chatsworth,Miscellaneous Communal,Owen Sound,TOTAL SUSPENDED SOLIDS,ECA/CofA/Permit Non-Compliance,2021-08-01,2021-08-31,10,mg/L,mon avg,1,10.3,10.3,Other,Assessment Complete - No Action Required
City of Greater Sudbury,Azilda Wastewater Treatment Plant,564 St. Agnes St Azilda,Greater Sudbury,Municipal Sewage,Sudbury,TOTAL AMMONIA NITROGEN,ECA/CofA/Permit Non-Compliance,2021-06-01,2021-06-30,5,mg/L,mon avg,1,5.82,5.82,Operational Process Modification,Assessment Complete - No Action Required
City of Greater Sudbury,Azilda Wastewater Treatment Plant,564 St. Agnes St Azilda,Greater Sudbury,Municipal Sewage,Sudbury,TOTAL SUSPENDED SOLIDS,ECA/CofA/Permit Non-Compliance,2021-12-01,2021-12-31,10,mg/L,mon avg,1,11.5,11.5,Equipment Modified - Repaired - Replaced or Re-calibrated,Assessment Complete - No Action Required
City of Toronto,Highland Creek WWTP,51 Beechgrove Dr,Toronto,Municipal Sewage,Toronto,TOTAL SUSPENDED SOLIDS,ECA/CofA/Permit Non-Compliance,2021-02-01,2021-02-28,25,mg/L,mon avg,1,26.4,26.4,Equipment Modified - Repaired - Replaced or Re-calibrated,Assessment Complete - Incident Resolved
City of Toronto,Highland Creek WWTP,51 Beechgrove Dr,Toronto,Municipal Sewage,Toronto,TOTAL SUSPENDED SOLIDS,ECA/CofA/Permit Non-Compliance,2021-09-01,2021-09-30,25,mg/L,mon avg,1,28.8,28.8,Action Plan Submitted - Implementing Improvements,Voluntary Abatement Program Underway
ClubLink Corporation ULC,Emerald Hills Golf Club,14001 Warden Ave Lot 12 Concession 5 Stouffville,Whitchurch-Stouffville,Miscellaneous Communal,York-Durham,ESCHERICHIA COLI,ECA/CofA/Permit Non-Compliance,2021-06-01,2021-06-30,200,mg/L,mon avg. on a geo. mean density,1,375,375,Conducting Study,Voluntary Abatement Program Underway
ClubLink Corporation ULC,Emerald Hills Golf Club,14001 Warden Ave Lot 12 Concession 5 Stouffville,Whitchurch-Stouffville,Miscellaneous Communal,York-Durham,ESCHERICHIA COLI,ECA/CofA/Permit Non-Compliance,2021-12-01,2021-12-31,200,CT/100mL,mon avg. on a geo. mean density,1,2206,2206,Equipment Modified - Repaired - Replaced or Re-calibrated,Voluntary Abatement Program Underway
Corporation of the Township of Marathon,Marathon Wastewater Treatment Plant,41 Howe St Lot 21 Concession 9,Thunder Bay,Municipal Sewage,Thunder Bay,"PHOSPHORUS, TOTAL",ECA/CofA/Permit Non-Compliance,2021-01-14,2021-12-02,1,mg/L, /d,11,1.03,6.08,None Required,Assessment Complete - No Action Required
Corporation of the Township of Marathon,Marathon Wastewater Treatment Plant,41 Howe St Lot 21 Concession 9,Thunder Bay,Municipal Sewage,Thunder Bay,TOTAL SUSPENDED SOLIDS,ECA/CofA/Permit Non-Compliance,2021-03-23,2021-03-23,15,mg/L, /d,1,16.1,16.1,None Required,Assessment Complete - No Action Required
County of Oxford,Drumbo WPCP,93 Peterson St,Blandford-Blenheim,Municipal Sewage,London,TOTAL AMMONIA NITROGEN,ECA/CofA/Permit Non-Compliance,2021-07-01,2021-07-31,2.7,mg/L,mon avg,1,3.43,3.43,Equipment Modified - Repaired - Replaced or Re-calibrated,Assessment Complete - Incident Resolved
County of Oxford,Drumbo WPCP,93 Peterson St,Blandford-Blenheim,Municipal Sewage,London,TOTAL AMMONIA NITROGEN,ECA/CofA/Permit Non-Compliance,2021-08-01,2021-08-31,2.7,mg/L,mon avg,1,3.85,3.85,Additional Monitoring Underway; Equipment Modified - Repaired - Replaced or Re-calibrated,Assessment Complete - No Action Required
County of Oxford,Drumbo WPCP,93 Peterson St,Blandford-Blenheim,Municipal Sewage,London,TOTAL AMMONIA NITROGEN,ECA/CofA/Permit Non-Compliance,2021-08-01,2021-08-31,0.82,kg/d,mon avg,1,0.86,0.86,Additional Monitoring Underway; Equipment Modified - Repaired - Replaced or Re-calibrated,Assessment Complete - No Action Required
County of Oxford,Drumbo WPCP,93 Peterson St,Blandford-Blenheim,Municipal Sewage,London,TOTAL SUSPENDED SOLIDS,ECA/CofA/Permit Non-Compliance,2021-08-01,2021-08-31,9.3,mg/L,mon avg,1,10,10,Additional Monitoring Underway; Equipment Modified - Repaired - Replaced or Re-calibrated,Assessment Complete - No Action Required
County of Oxford,Drumbo WPCP,93 Peterson St,Blandford-Blenheim,Municipal Sewage,London,TOTAL SUSPENDED SOLIDS,ECA/CofA/Permit Non-Compliance,2021-10-01,2021-10-31,9.3,mg/L,mon avg,1,20.4,20.4,None Required,Assessment Complete - Incident Resolved; Assessment Complete - No Action Required
County of Oxford,Drumbo WPCP,93 Peterson St,Blandford-Blenheim,Municipal Sewage,London,TOTAL SUSPENDED SOLIDS,ECA/CofA/Permit Non-Compliance,2021-10-01,2021-10-31,2.8,kg/d,mon avg,1,6.6,6.6,None Required,Assessment Complete - Incident Resolved; Assessment Complete - No Action Required
County of Oxford,Thamesford WWTP,and Part of Lots 8 & 9 149 Brock Street,Zorra,Municipal Sewage,London,TOTAL AMMONIA NITROGEN,ECA/CofA/Permit Non-Compliance,2021-02-01,2021-02-28,5,mg/L,mon avg,1,7.54,7.54,Additional Monitoring Underway,Assessment Complete - No Action Required
County of Oxford,Thamesford WWTP,and Part of Lots 8 & 9 149 Brock Street,Zorra,Municipal Sewage,London,TOTAL AMMONIA NITROGEN,ECA/CofA/Permit Non-Compliance,2021-03-01,2021-03-31,5,mg/L,mon avg,1,7.7,7.7,Equipment Modified - Repaired - Replaced or Re-calibrated,Assessment Complete - Incident Resolved
Dave and Ellen Harrington,Bay Meadows Trailer Park,153 County Road 27 Part of Lot 32 Concession 3,Prince Edward,Miscellaneous Communal,Belleville,"PHOSPHORUS, TOTAL",ECA/CofA/Permit Non-Compliance,2021-06-01,2021-06-22,0.1,mg/L,mon avg,2,0.12,0.2,None Required,Assessment Complete - No Action Required
Dave and Ellen Harrington,Bay Meadows Trailer Park,153 County Road 27 Part of Lot 32 Concession 3,Prince Edward; ,Miscellaneous Communal,Belleville,"PHOSPHORUS, TOTAL",ECA/CofA/Permit Non-Compliance,2021-08-10,2021-08-31,0.1,mg/L,mon avg,4,0.16,0.28,Operational Process Modification,Assessment Complete - No Action Required
Georgian Villas Inc.,Cobble Beach,Owen Sound Bay along Grey County Road No. 1. Property is located on the western shore apporx. 10km north of the City of Owen Sound,Georgian Bluffs,Miscellaneous Communal,Owen Sound,TOTAL AMMONIA NITROGEN,ECA/CofA/Permit Non-Compliance,2021-02-01,2021-02-28,5,mg/L,mon avg,1,24.88,24.88,Equipment Modified - Repaired - Replaced or Re-calibrated; Operational Process Modification,Assessment Complete - Incident Resolved
Great Dale Manor Limited,Castle Glen Development,Grey County Road 19 Lot 10 Concession 3,The Blue Mountains,Miscellaneous Communal,Owen Sound,TOTAL SUSPENDED SOLIDS,ECA/CofA/Permit Non-Compliance,2021-05-01,2021-11-30,40,mg/L,seasonal avg,1,45.1,45.1,Other,Assessment Underway
Greely Village Centre Owners Association Inc.,Greely Village Centre Water's Edge,South of Parkway Road East of Bank Street and west of Sales Barn Road Part of Lots 73 and 74 Concession 5 RCP 902,Ottawa,Miscellaneous Communal,Ottawa,"PHOSPHORUS, TOTAL",ECA/CofA/Permit Non-Compliance,2021-08-01,2021-08-31,0.1,mg/L,mon avg,1,0.13,0.13,Additional Monitoring Underway,Assessment Complete - No Action Required
Greenhill Produce (Thamesville) Ltd.,Greenhill Produce (Thamesville) Ltd.,23250 Kent Bridge Rd 23308 Kent Bridge Road 23282 Kent Bridge Road,Chatham-Kent,Miscellaneous Communal,Windsor,"PHOSPHORUS, TOTAL",ECA/CofA/Permit Non-Compliance,2021-01-01,2021-01-29,0.7,mg/L,mon avg,1,0.8,0.8,Operational Process Modification,Assessment Complete - No Action Required
Greenhill Produce (Thamesville) Ltd.,Greenhill Produce (Thamesville) Ltd.,23250 Kent Bridge Rd 23308 Kent Bridge Road 23282 Kent Bridge Road,Chatham-Kent,Miscellaneous Communal,Windsor,"PHOSPHORUS, TOTAL",ECA/CofA/Permit Non-Compliance,2021-02-01,2021-02-28,0.7,mg/L,mon avg,1,2.6,2.6,Operational Process Modification,Assessment Complete - No Action Required
Greenhill Produce (Thamesville) Ltd.,Greenhill Produce (Thamesville) Ltd.,23250 Kent Bridge Rd 23308 Kent Bridge Road 23282 Kent Bridge Road,Chatham-Kent,Miscellaneous Communal,Windsor,"PHOSPHORUS, TOTAL",ECA/CofA/Permit Non-Compliance,2021-03-01,2021-03-31,0.7,mg/L,mon avg,1,6.1,6.1,Operational Process Modification,Assessment Complete - No Action Required
Greenhill Produce (Thamesville) Ltd.,Greenhill Produce (Thamesville) Ltd.,23250 Kent Bridge Rd 23308 Kent Bridge Road 23282 Kent Bridge Road,Chatham-Kent,Miscellaneous Communal,Windsor,"PHOSPHORUS, TOTAL",ECA/CofA/Permit Non-Compliance,2021-05-01,2021-05-31,0.7,mg/L,mon avg,1,0.9,0.9,Operational Process Modification,Assessment Complete - No Action Required
Greenhill Produce (Thamesville) Ltd.,Greenhill Produce (Thamesville) Ltd.,23250 Kent Bridge Rd 23308 Kent Bridge Road 23282 Kent Bridge Road,Chatham-Kent,Miscellaneous Communal,Windsor,CARBONACEOUS BIOCHEMICAL OXYGEN DEMAND,ECA/CofA/Permit Non-Compliance,2021-06-01,2021-06-30,15,mg/L,mon avg,1,301,301,Operational Process Modification,Assessment Complete - No Action Required
Greenhill Produce (Thamesville) Ltd.,Greenhill Produce (Thamesville) Ltd.,23250 Kent Bridge Rd 23308 Kent Bridge Road 23282 Kent Bridge Road,Chatham-Kent,Miscellaneous Communal,Windsor,"PHOSPHORUS, TOTAL",ECA/CofA/Permit Non-Compliance,2021-06-01,2021-06-30,0.7,mg/L,mon avg,1,7.3,7.3,Operational Process Modification,Assessment Complete - No Action Required
Greenhill Produce (Thamesville) Ltd.,Greenhill Produce (Thamesville) Ltd.,23250 Kent Bridge Rd 23308 Kent Bridge Road 23282 Kent Bridge Road,Chatham-Kent,Miscellaneous Communal,Windsor,TOTAL SUSPENDED SOLIDS,ECA/CofA/Permit Non-Compliance,2021-06-01,2021-06-30,15,mg/L,mon avg,1,30,30,Operational Process Modification,Assessment Complete - No Action Required
Greenhill Produce (Thamesville) Ltd.,Greenhill Produce (Thamesville) Ltd.,23250 Kent Bridge Rd 23308 Kent Bridge Road 23282 Kent Bridge Road,Chatham-Kent,Miscellaneous Communal,Windsor,CARBONACEOUS BIOCHEMICAL OXYGEN DEMAND,ECA/CofA/Permit Non-Compliance,2021-07-01,2021-07-31,15,mg/L,mon avg,1,353,353,Training/Procedure Change,Assessment Complete - Incident Resolved
Greenhill Produce (Thamesville) Ltd.,Greenhill Produce (Thamesville) Ltd.,23250 Kent Bridge Rd 23308 Kent Bridge Road 23282 Kent Bridge Road,Chatham-Kent,Miscellaneous Communal,Windsor,"PHOSPHORUS, TOTAL",ECA/CofA/Permit Non-Compliance,2021-07-01,2021-07-31,0.7,mg/L,mon avg,1,10.3,10.3,Training/Procedure Change,Assessment Complete - Incident Resolved
Greenhill Produce (Thamesville) Ltd.,Greenhill Produce (Thamesville) Ltd.,23250 Kent Bridge Rd 23308 Kent Bridge Road 23282 Kent Bridge Road,Chatham-Kent,Miscellaneous Communal,Windsor,TOTAL SUSPENDED SOLIDS,ECA/CofA/Permit Non-Compliance,2021-07-01,2021-07-31,15,mg/L,mon avg,1,76,76,Training/Procedure Change,Assessment Complete - Incident Resolved
Greenhill Produce (Thamesville) Ltd.,Greenhill Produce (Thamesville) Ltd.,23250 Kent Bridge Rd 23308 Kent Bridge Road 23282 Kent Bridge Road,Chatham-Kent,Miscellaneous Communal,Windsor,"PHOSPHORUS, TOTAL",ECA/CofA/Permit Non-Compliance,2021-08-01,2021-08-31,0.7,mg/L,mon avg,1,1.9,1.9,Training/Procedure Change,Assessment Complete - Incident Resolved
Greenhill Produce (Thamesville) Ltd.,Greenhill Produce (Thamesville) Ltd.,23250 Kent Bridge Rd 23308 Kent Bridge Road 23282 Kent Bridge Road,Chatham-Kent,Miscellaneous Communal,Windsor,TOTAL SUSPENDED SOLIDS,ECA/CofA/Permit Non-Compliance,2021-08-01,2021-08-31,15,mg/L,mon avg,1,36,36,Training/Procedure Change,Assessment Complete - Incident Resolved
Greenhill Produce (Thamesville) Ltd.,Greenhill Produce (Thamesville) Ltd.,23250 Kent Bridge Rd 23308 Kent Bridge Road 23282 Kent Bridge Road,Chatham-Kent,Miscellaneous Communal,Windsor,"PHOSPHORUS, TOTAL",ECA/CofA/Permit Non-Compliance,2021-09-01,2021-09-30,0.7,mg/L,mon avg,1,1.4,1.4,Operational Process Modification,Assessment Complete - No Action Required
Gull Wing Lake Resort Inc.,Gullwing Lake Park,1025 Gullwing Lake Road Torrance,Muskoka Lakes,Miscellaneous Communal,Barrie,TOTAL AMMONIA NITROGEN,ECA/CofA/Permit Non-Compliance,2021-06-01,2021-06-30,3,mg/L,mon avg,1,9.32,9.32,Operational Process Modification,Assessment Complete - No Action Required
Gull Wing Lake Resort Inc.,Gullwing Lake Park,1025 Gullwing Lake Road Torrance,Muskoka Lakes,Miscellaneous Communal,Barrie,TOTAL SUSPENDED SOLIDS,ECA/CofA/Permit Non-Compliance,2021-06-01,2021-06-30,10,mg/L,mon avg,1,24,24,Operational Process Modification,Assessment Complete - No Action Required
Gull Wing Lake Resort Inc.,Gullwing Lake Park,1025 Gullwing Lake Road Torrance,Muskoka Lakes,Miscellaneous Communal,Barrie,TOTAL AMMONIA NITROGEN,ECA/CofA/Permit Non-Compliance,2021-07-01,2021-07-31,3,mg/L,mon avg,1,31.2,31.2,Operational Process Modification,Assessment Complete - Incident Resolved
Gull Wing Lake Resort Inc.,Gullwing Lake Park,1025 Gullwing Lake Road Torrance,Muskoka Lakes,Miscellaneous Communal,Barrie,TOTAL AMMONIA NITROGEN,ECA/CofA/Permit Non-Compliance,2021-08-01,2021-08-31,3,mg/L,mon avg,1,7.18,7.18,Operational Process Modification,Assessment Complete - Incident Resolved
Hamilton-Wentworth District School Board,680 Highway 8,680 Highway 8,Hamilton,Miscellaneous Communal,Hamilton,NITRATE (AS NITROGEN),ECA/CofA/Permit Non-Compliance,2021-01-01,2021-07-31,5.5,mg/L,annual avg,2,5.5,12.5,Operational Process Modification,Assessment Complete - No Action Required
"HK Travel Centres GP Inc., as general partner for and on behalf of HK Travel Centres L.P.",HK Travel Centres LP - Port Hope OnRoute,845 Hwy 401 E,Port Hope,Miscellaneous Communal,Peterborough,"PHOSPHORUS, TOTAL",ECA/CofA/Permit Non-Compliance,2021-03-01,2021-03-31,0.15,mg/L,mon avg,6,0.16,2.08,None Required; Other,Assessment Complete - Incident Resolved
"HK Travel Centres GP Inc., as general partner for and on behalf of HK Travel Centres L.P.",HK Travel Centres LP - Port Hope OnRoute,845 Hwy 401 E,Port Hope,Miscellaneous Communal,Peterborough,TOTAL SUSPENDED SOLIDS,ECA/CofA/Permit Non-Compliance,2021-03-01,2021-03-31,5,mg/L,mon avg,4,19,122,None Required; Other,Assessment Complete - Incident Resolved
Husky Oil Operations Limited,Husky Oil Car Truck Stop,46 - 4040 Essex Rd,Tecumseh,Miscellaneous Communal,Windsor,TOTAL AMMONIA NITROGEN,ECA/CofA/Permit Non-Compliance,2021-03-01,2021-03-31,4,mg/L,mon avg,1,13,13,Additional Monitoring Underway,Other Abatement Action Taken
Husky Oil Operations Limited,Husky Oil Car Truck Stop,46 - 4040 Essex Rd,Tecumseh,Miscellaneous Communal,Windsor,TOTAL SUSPENDED SOLIDS,ECA/CofA/Permit Non-Compliance,2021-03-01,2021-03-31,15,mg/L,mon avg,1,16,16,Additional Monitoring Underway,Other Abatement Action Taken
Husky Oil Operations Limited,Husky Oil Car Truck Stop,46 - 4040 Essex Rd,Tecumseh,Miscellaneous Communal,Windsor,TOTAL AMMONIA NITROGEN,ECA/CofA/Permit Non-Compliance,2021-04-01,2021-04-30,4,mg/L,mon avg,1,5.25,5.25,Other,Assessment Complete - Incident Resolved
Innservices Utilities Inc.,Cookstown WPCP,1315 Victoria St,Innisfil,Municipal Sewage,Barrie,TOTAL AMMONIA NITROGEN,ECA/CofA/Permit Non-Compliance,2021-04-01,2021-04-30,4,mg/L,mon avg,1,5.8,5.8,Additional Monitoring Underway; Conducting Study; Operational Process Modification; Training/Procedure Change,Assessment Complete - Incident Resolved
Innservices Utilities Inc.,Cookstown WPCP,1315 Victoria St,Innisfil,Municipal Sewage,Barrie,TOTAL AMMONIA NITROGEN,ECA/CofA/Permit Non-Compliance,2021-10-01,2021-10-31,4,mg/L,mon avg,1,5,5,Operational Process Modification,Assessment Complete - Incident Resolved
Lake Avenue Resort Park Inc.,37-38 Lake Avenue Lane," 37-38 Lake Avenue Lane R.R. # 1, Cherry Valley, Prince Edward, County, Ontario, Canada, K0K 1P0",Prince Edward,Miscellaneous Communal,Belleville,CARBONACEOUS BIOCHEMICAL OXYGEN DEMAND,ECA/CofA/Permit Non-Compliance,2021-06-01,2021-06-30,10,mg/L,mon avg,1,15,15,"Additional Monitoring Underway, Operational Process Modification",Assessment Complete  - No Action Required
Lake Avenue Resort Park Inc.,37-38 Lake Avenue Lane," 37-38 Lake Avenue Lane R.R. # 1, Cherry Valley, Prince Edward, County, Ontario, Canada, K0K 1P0",Prince Edward,Miscellaneous Communal,Belleville,ESCHERICHIA COLI,ECA/CofA/Permit Non-Compliance,2021-06-01,2021-06-30,100,CT/100mL,mon avg. on a geo. mean density,1,104,104,"Additional Monitoring Underway, Operational Process Modification",Assessment Complete  - No Action Required
Lake Avenue Resort Park Inc.,37-38 Lake Avenue Lane," 37-38 Lake Avenue Lane R.R. # 1, Cherry Valley, Prince Edward, County, Ontario, Canada, K0K 1P0",Prince Edward,Miscellaneous Communal,Belleville,TOTAL AMMONIA NITROGEN,ECA/CofA/Permit Non-Compliance,2021-06-01,2021-06-30,5,mg/L,mon avg,1,9.4,9.4,"Additional Monitoring Underway, Operational Process Modification",Assessment Complete  - No Action Required
Lake Avenue Resort Park Inc.,37-38 Lake Avenue Lane," 37-38 Lake Avenue Lane R.R. # 1, Cherry Valley, Prince Edward, County, Ontario, Canada, K0K 1P0",Prince Edward,Miscellaneous Communal,Belleville,PH - LOW,ECA/CofA/Permit Non-Compliance,2021-07-05,2021-07-05,6,pH,Any,1,5.96,5.96,"Additional Monitoring Underway, Operational Process Modification",Assessment Complete  - No Action Required
Lake Avenue Resort Park Inc.,37-38 Lake Avenue Lane," 37-38 Lake Avenue Lane R.R. # 1, Cherry Valley, Prince Edward, County, Ontario, Canada, K0K 1P0",Prince Edward,Miscellaneous Communal,Belleville,"PHOSPHORUS, TOTAL",ECA/CofA/Permit Non-Compliance,2021-08-01,2021-08-31,0.3,mg/L,mon avg,1,0.31,0.31,"Additional Monitoring Underway, Operational Process Modification",Assessment Complete  - No Action Required
Lake Avenue Resort Park Inc.,37-38 Lake Avenue Lane," 37-38 Lake Avenue Lane R.R. # 1, Cherry Valley, Prince Edward, County, Ontario, Canada, K0K 1P0",Prince Edward,Miscellaneous Communal,Belleville,TOTAL AMMONIA NITROGEN,ECA/CofA/Permit Non-Compliance,2021-08-01,2021-08-31,5,mg/L,mon avg,1,10.46,10.46,"Additional Monitoring Underway, Operational Process Modification",Assessment Complete  - No Action Required
Lake Avenue Resort Park Inc.,37-38 Lake Avenue Lane," 37-38 Lake Avenue Lane R.R. # 1, Cherry Valley, Prince Edward, County, Ontario, Canada, K0K 1P0",Prince Edward,Miscellaneous Communal,Belleville,TOTAL SUSPENDED SOLIDS,ECA/CofA/Permit Non-Compliance,2021-08-01,2021-08-31,10,mg/L,mon avg,1,20,20,"Additional Monitoring Underway, Operational Process Modification",Assessment Complete  - No Action Required
Lake Avenue Resort Park Inc.,37-38 Lake Avenue Lane," 37-38 Lake Avenue Lane R.R. # 1, Cherry Valley, Prince Edward, County, Ontario, Canada, K0K 1P0",Prince Edward,Miscellaneous Communal,Belleville,TOTAL AMMONIA NITROGEN,ECA/CofA/Permit Non-Compliance,2021-09-01,2021-09-30,5,mg/L,mon avg,1,18.37,18.37,"Additional Monitoring Underway, Operational Process Modification",Assessment Complete  - No Action Required
Lake Avenue Resort Park Inc.,37-38 Lake Avenue Lane," 37-38 Lake Avenue Lane R.R. # 1, Cherry Valley, Prince Edward, County, Ontario, Canada, K0K 1P0",Prince Edward,Miscellaneous Communal,Belleville,TOTAL AMMONIA NITROGEN,ECA/CofA/Permit Non-Compliance,2021-10-01,2021-10-31,5,mg/L,mon avg,1,5.45,5.45,"Additional Monitoring Underway, Operational Process Modification",Assessment Complete  - No Action Required
Lake Avenue Resort Park Inc.,37-38 Lake Avenue Lane," 37-38 Lake Avenue Lane R.R. # 1, Cherry Valley, Prince Edward, County, Ontario, Canada, K0K 1P0",Prince Edward,Miscellaneous Communal,Belleville,TOTAL SUSPENDED SOLIDS,ECA/CofA/Permit Non-Compliance,2021-10-01,2021-10-31,10,mg/L,mon avg,1,11.6,11.6,"Additional Monitoring Underway, Operational Process Modification",Assessment Complete  - No Action Required
LK Aurora Inc.,LK Aurora Sewage Disposal,"Lot: 21, Concession: 8",Whitchurch-Stouffville,Miscellaneous Communal,York-Durham,CARBONACEOUS BIOCHEMICAL OXYGEN DEMAND,ECA/CofA/Permit Non-Compliance,2021-03-01,2021-03-31,10,mg/L,mon avg,1,12,12,New Equipment or Treatment Process Installed,Voluntary Abatement Program Underway
LK Aurora Inc.,LK Aurora Sewage Disposal,"Lot: 21, Concession: 8",Whitchurch-Stouffville,Miscellaneous Communal,York-Durham,TOTAL SUSPENDED SOLIDS,ECA/CofA/Permit Non-Compliance,2021-03-01,2021-03-31,10,mg/L,mon avg,1,17.9,17.9,New Equipment or Treatment Process Installed,Voluntary Abatement Program Underway
LK Aurora Inc.,LK Aurora Sewage Disposal,"Lot: 21, Concession: 8",Whitchurch-Stouffville,Miscellaneous Communal,York-Durham,TOTAL SUSPENDED SOLIDS,ECA/CofA/Permit Non-Compliance,2021-05-01,2021-05-31,10,mg/L,mon avg,1,12.3,12.3,None Required,Assessment Complete - Incident Resolved
LK Aurora Inc.,LK Aurora Sewage Disposal,"Lot: 21, Concession: 8",Whitchurch-Stouffville,Miscellaneous Communal,York-Durham,CARBONACEOUS BIOCHEMICAL OXYGEN DEMAND,ECA/CofA/Permit Non-Compliance,2021-06-01,2021-06-30,10,mg/L,mon avg,1,16.4,16.4,Other,Assessment Underway
LK Aurora Inc.,LK Aurora Sewage Disposal,"Lot: 21, Concession: 8",Whitchurch-Stouffville,Miscellaneous Communal,York-Durham,TOTAL AMMONIA NITROGEN,ECA/CofA/Permit Non-Compliance,2021-06-01,2021-06-30,2.5,mg/L,mon avg,1,2.81,2.81,Other,Assessment Underway
LK Aurora Inc.,LK Aurora Sewage Disposal,"Lot: 21, Concession: 8",Whitchurch-Stouffville,Miscellaneous Communal,York-Durham,CARBONACEOUS BIOCHEMICAL OXYGEN DEMAND,ECA/CofA/Permit Non-Compliance,2021-07-01,2021-07-31,10,mg/L,mon avg,1,17.5,17.5,Additional Monitoring Underway,Voluntary Abatement Program Underway
LK Aurora Inc.,LK Aurora Sewage Disposal,"Lot: 21, Concession: 8",Whitchurch-Stouffville,Miscellaneous Communal,York-Durham,CARBONACEOUS BIOCHEMICAL OXYGEN DEMAND,ECA/CofA/Permit Non-Compliance,2021-08-01,2021-08-31,10,mg/L,mon avg,1,18.9,18.9,Additional Monitoring Underway,Assessment Underway
LK Aurora Inc.,LK Aurora Sewage Disposal,"Lot: 21, Concession: 8",Whitchurch-Stouffville,Miscellaneous Communal,York-Durham,TOTAL SUSPENDED SOLIDS,ECA/CofA/Permit Non-Compliance,2021-08-01,2021-08-31,10,mg/L,mon avg,1,10.55,10.55,Additional Monitoring,Assessment Underway
LK Aurora Inc.,LK Aurora Sewage Disposal,"Lot: 21, Concession: 8",Whitchurch-Stouffville,Miscellaneous Communal,York-Durham,CARBONACEOUS BIOCHEMICAL OXYGEN DEMAND,ECA/CofA/Permit Non-Compliance,2021-09-01,2021-09-30,10,mg/L,mon avg,1,17.25,17.25,Additional Monitoring Underway,Assessment Underway
LK Aurora Inc.,LK Aurora Sewage Disposal,"Lot: 21, Concession: 8",Whitchurch-Stouffville,Miscellaneous Communal,York-Durham,TOTAL SUSPENDED SOLIDS,ECA/CofA/Permit Non-Compliance,2021-11-01,2021-11-30,10,mg/L,mon avg,1,10,10,Additional Monitoring Underway,Assessment Underway
Local Services Board of Jogues,Jogues Sewage Lagoons," Lot: 9, Concession: 2,  Geographic Township: Way",Way,Municipal Sewage,Timmins,TOTAL SUSPENDED SOLIDS,ECA/CofA/Permit Non-Compliance,2021-05-17,2021-05-17,25,mg/L,seasonal avg,1,33.33,33.33,None Required,Assessment Complete - No Action Required
Mist Opportunities Inc.,Touchstone Resort,1869 Muskoka Road 118 W,Muskoka Lakes,Miscellaneous Communal,Barrie,TOTAL SUSPENDED SOLIDS,ECA/CofA/Permit Non-Compliance,2021-04-01,2021-04-30,10,mg/L,mon avg,1,30,30,Equipment Modified - Repaired - Replaced or Re-calibrated,Assessment Complete - No Action Required
Mist Opportunities Inc.,Touchstone Resort,1869 Muskoka Road 118 W,Muskoka Lakes,Miscellaneous Communal,Barrie,"PHOSPHORUS, TOTAL",ECA/CofA/Permit Non-Compliance,2021-04-28,2021-04-30,0.0165,kg/d, /d,1,0.23,0.23,Equipment Modified - Repaired - Replaced or Re-calibrated,Assessment Complete - No Action Required
MIST Opportunities Inc.,Touchstone Resort,1869 Muskoka Road 118 W,Muskoka Lakes,Miscellaneous Communal,Barrie,"PHOSPHORUS, TOTAL",ECA/CofA/Permit Non-Compliance,2021-10-28,2021-11-30,0.0165,kg/d,seasonal avg,1,0.019,0.019,Additional Monitoring Underway; New/Modified Sampling Program Underway,Assessment Complete - No Action Required
MIST Opportunities Inc.,Touchstone Resort,1869 Muskoka Road 118 W,Muskoka Lakes,Miscellaneous Communal,Barrie,TOTAL SUSPENDED SOLIDS,ECA/CofA/Permit Non-Compliance,2021-10-28,2021-11-30,10,mg/L,seasonal avg,1,14,14,Additional Monitoring Underway; New/Modified Sampling Program Underway,Assessment Complete - No Action Required
Municipality of Middlesex Centre,Komoka Wastewater Treatment Plant,22280 Komoka Rd,Middlesex Centre,Municipal Sewage,London,TOTAL SUSPENDED SOLIDS,ECA/CofA/Permit Non-Compliance,2021-01-01,2021-01-31,10,mg/L,mon avg,1,14,14,None Required,Assessment Complete - No Action Required
Municipality of Middlesex Centre,Komoka Wastewater Treatment Plant,22280 Komoka Rd,Middlesex Centre,Municipal Sewage,London,ESCHERICHIA COLI,ECA/CofA/Permit Non-Compliance,2021-08-23,2021-08-29,200,CT/100mL,mon avg. on a geo. mean density,1,201,201,Training/Procedure Change,Assessment Complete - No Action Required
Ontario Bethel Park Bible Camp Society,Ontario Bethel Park Camp,21661 Talbot Line,West Elgin,Miscellaneous Communal,London,"PHOSPHORUS, TOTAL",ECA/CofA/Permit Non-Compliance,2021-05-01,2021-05-31,0.2,mg/L,mon avg,1,1.08,1.08,Additional Monitoring Underway,Assessment Complete - No Action Required
Ontario Bethel Park Bible Camp Society,Ontario Bethel Park Camp,21661 Talbot Line,West Elgin,Miscellaneous Communal,London,TOTAL AMMONIA NITROGEN,ECA/CofA/Permit Non-Compliance,2021-05-01,2021-05-31,5,mg/L,mon avg,1,8.3,8.3,Additional Monitoring Underway,Assessment Complete - No Action Required
Ontario Bethel Park Bible Camp Society,Ontario Bethel Park Camp,21661 Talbot Line,West Elgin,Miscellaneous Communal,London,"PHOSPHORUS, TOTAL",ECA/CofA/Permit Non-Compliance,2021-06-01,2021-06-30,0.2,mg/L,mon avg,1,3.37,3.37,Action Plan Submitted - Implementing Improvements,Assessment Complete - No Action Required
Ontario Bethel Park Bible Camp Society,Ontario Bethel Park Camp,21661 Talbot Line,West Elgin,Miscellaneous Communal,London,TOTAL AMMONIA NITROGEN,ECA/CofA/Permit Non-Compliance,2021-06-01,2021-06-30,5,mg/L,mon avg,1,12.7,12.7,Action Plan Submitted - Implementing Improvements,Assessment Complete - No Action Required
Ontario Bethel Park Bible Camp Society,Ontario Bethel Park Camp,21661 Talbot Line,West Elgin,Miscellaneous Communal,London,"PHOSPHORUS, TOTAL",ECA/CofA/Permit Non-Compliance,2021-07-01,2021-07-31,0.2,mg/L,mon avg,1,3.25,3.25,Additional Monitoring Underway,Assessment Complete - No Action Required
Ontario Bethel Park Bible Camp Society,Ontario Bethel Park Camp,21661 Talbot Line,West Elgin,Miscellaneous Communal,London,TOTAL AMMONIA NITROGEN,ECA/CofA/Permit Non-Compliance,2021-07-01,2021-07-31,5,mg/L,mon avg,1,6.6,6.6,Additional Monitoring Underway,Assessment Complete - No Action Required
Ontario Bethel Park Bible Camp Society,Ontario Bethel Park Camp,21661 Talbot Line,West Elgin,Miscellaneous Communal,London,"PHOSPHORUS, TOTAL",ECA/CofA/Permit Non-Compliance,2021-08-01,2021-08-31,0.2,mg/L,mon avg,1,4.64,4.64,Additional Monitoring Underway,Assessment Complete - No Action Required
Ontario Bethel Park Bible Camp Society,Ontario Bethel Park Camp,21661 Talbot Line,West Elgin,Miscellaneous Communal,London,TOTAL AMMONIA NITROGEN,ECA/CofA/Permit Non-Compliance,2021-08-01,2021-08-31,5,mg/L,mon avg,1,5.86,5.86,Additional Monitoring Underway,Assessment Complete - No Action Required
Opinicon Inc.,1697 Chaffeys Lock Road,1697 Chaffeys Lock Road,Rideau Lakes,Miscellaneous Communal,Kingston,TOTAL SUSPENDED SOLIDS,ECA/CofA/Permit Non-Compliance,2021-05-28,2021-10-21,20,mg/L,any,3,26,31,Other,Voluntary Abatement Program Underway
Opinicon Inc.,1697 Chaffeys Lock Road,1697 Chaffeys Lock Road,Rideau Lakes,Miscellaneous Communal,Kingston,TOTAL SUSPENDED SOLIDS,ECA/CofA/Permit Non-Compliance,2021-10-21,2021-10-21,20,mg/L,any,1,30,30,Other,Voluntary Abatement Program Underway
Parkbridge Lifestyle Communities Inc.,Martin Grove Village,1034 Martin Grove Rd,Woolwich,Miscellaneous Communal,Guelph,Total Residual Chlorine,ECA/CofA/Permit Non-Compliance,2021-02-23,2021-02-23,0.02,mg/L, /quart,1,1.08,1.08,Operational Process Modification,Voluntary Abatement Program Underway
Parkbridge Lifestyle Communities Inc.,Martin Grove Village,1034 Martin Grove Rd,Woolwich,Miscellaneous Communal,Guelph,IRON,ECA/CofA/Permit Non-Compliance,2021-04-06,2021-04-06,1.5,mg/L, /quart,1,1.77,1.77,Operational Process Modification,Assessment Complete - Incident Resolved
Parkbridge Lifestyle Communities Inc.,Shady Acres Cottage and RV Resort - 740 Serpent Mounds Road,740 Serpent Mounds Road,Otonabee-South Monaghan,Miscellaneous Communal,Peterborough,ESCHERICHIA COLI,ECA/CofA/Permit Non-Compliance,2021-12-31,2021-12-31,200,CT/100mL,mon avg. on a geo. mean density,3,781,2160,Conducting Study,Voluntary Abatement Program Underway
Piper's Heath Golf Club Ltd.,5501 Trafalgar Road,5501 Trafalgar Road Part of Lots 3-5 Concession 8,Milton,Miscellaneous Communal,Halton-Peel,TOTAL SUSPENDED SOLIDS,ECA/CofA/Permit Non-Compliance,2021-04-01,2021-04-30,15,mg/L,mon avg,1,20.5,20.5,None Required,Assessment Complete - No Action Required
Piper's Heath Golf Club Ltd.,5501 Trafalgar Road,5501 Trafalgar Road Part of Lots 3-5 Concession 8,Milton,Miscellaneous Communal,Halton-Peel,TOTAL SUSPENDED SOLIDS,ECA/CofA/Permit Non-Compliance,2021-05-01,2021-05-31,15,mg/L,mon avg,1,18.5,18.5,None Required,Assessment Complete - No Action Required
Prescott Condominium Corporation No. 1,Prescott Condominium Corporation Sewage Treatment Plant,2890 Presqu'ile Rd Lefaivre,Alfred and Plantagenet,Miscellaneous Communal,Cornwall,"PHOSPHORUS, TOTAL",ECA/CofA/Permit Non-Compliance,2021-01-01,2021-01-31,1,mg/L,mon avg,1,2.1,2.1,Action Plan Submitted - Implementing Improvements,Assessment Complete - Incident Resolved
Prescott Condominium Corporation No. 1,Prescott Condominium Corporation Sewage Treatment Plant,2890 Presqu'ile Rd Lefaivre,Alfred and Plantagenet,Miscellaneous Communal,Cornwall,TOTAL AMMONIA NITROGEN,ECA/CofA/Permit Non-Compliance,2021-02-01,2021-02-28,20,mg/L,mon avg,1,20.6,20.6,Operational Process Modification,Voluntary Abatement Program Underway
Prescott Condominium Corporation No. 1,Prescott Condominium Corporation Sewage Treatment Plant,2890 Presqu'ile Rd Lefaivre,Alfred and Plantagenet,Miscellaneous Communal,Cornwall,TOTAL AMMONIA NITROGEN,ECA/CofA/Permit Non-Compliance,2021-03-01,2021-03-31,20,mg/L,mon avg,1,21.6,21.6,Operational Process Modification,Assessment Complete - Incident Resolved
Prescott Condominium Corporation No. 1,Prescott Condominium Corporation Sewage Treatment Plant,2890 Presqu'ile Rd Lefaivre,Alfred and Plantagenet,Miscellaneous Communal,Cornwall,TOTAL AMMONIA NITROGEN,ECA/CofA/Permit Non-Compliance,2021-04-01,2021-04-30,20,mg/L,mon avg,1,23.08,23.08,Operational Process Modification,Assessment Complete - Incident Resolved
Prescott Condominium Corporation No. 1,Prescott Condominium Corporation Sewage Treatment Plant,2890 Presqu'ile Rd Lefaivre,Alfred and Plantagenet,Miscellaneous Communal,Cornwall,TOTAL AMMONIA NITROGEN,ECA/CofA/Permit Non-Compliance,2021-05-01,2021-05-31,20,mg/l,mon avg,1,33,33,Operational Process Modification,Assessment Complete - Incident Resolved
Prescott Condominium Corporation No. 1,Prescott Condominium Corporation Sewage Treatment Plant,2890 Presqu'ile Rd Lefaivre,Alfred and Plantagenet,Miscellaneous Communal,Cornwall,TOTAL AMMONIA NITROGEN,ECA/CofA/Permit Non-Compliance,2021-06-01,2021-06-30,20,mg/L,mon avg,1,25.3,25.3,Operational Process Modification,Assessment Complete - Incident Resolved
Prince Edward Estates Trustee Inc.,Young's Cove Waste Water Treatment Plant,"Lot 1, Concession West Side of Carrying Place",Prince Edward,Miscellaneous Communal,Peterborough,"PHOSPHORUS, TOTAL",ECA/CofA/Permit Non-Compliance,2021-03-01,2021-03-31,0.1,mg/L,mon avg,1,0.17,0.17,Equipment Modified - Repaired - Replaced or Re-calibrated,Assessment Complete - Incident Resolved
Public Utilities Commission for the Municipality of Chatham-Kent,Chatham Water Pollution Control Plant,100 Irwin St,Chatham-Kent,Municipal Sewage,Windsor,ESCHERICHIA COLI,ECA/CofA/Permit Non-Compliance,2021-06-01,2021-06-30,200,CT/100mL,mon avg. on a geo. mean density,1,610,610,Equipment Modified - Repaired - Replaced or Re-calibrated; Operational Process Modification,Assessment Complete - Incident Resolved
Public Utilities Commission for the Municipality of Chatham-Kent,Clearville Park Treatment Plant,18498 Clearville Rd,Chatham-Kent,Municipal Sewage,Windsor,"PHOSPHORUS, TOTAL",ECA/CofA/Permit Non-Compliance,2021-05-01,2021-05-31,0.7,mg/L,mon avg,1,0.9,0.9,Operational Process Modification,Assessment Complete - Incident Resolved
Public Utilities Commission for the Municipality of Chatham-Kent,Dresden Water Pollution Control Plant,700 Camden St Dresden Ontario,Chatham-Kent,Municipal Sewage,Windsor,CARBONACEOUS BIOCHEMICAL OXYGEN DEMAND,ECA/CofA/Permit Non-Compliance,2021-09-01,2021-09-30,25,mg/L,mon avg,1,78,78,Operational Process Modification,Assessment Complete - Incident Resolved
Public Utilities Commission for the Municipality of Chatham-Kent,Dresden Water Pollution Control Plant,700 Camden St Dresden Ontario,Chatham-Kent,Municipal Sewage,Windsor,CARBONACEOUS BIOCHEMICAL OXYGEN DEMAND,ECA/CofA/Permit Non-Compliance,2021-09-01,2021-09-30,113,kg/d,mon avg,1,318,318,Operational Process Modification,Assessment Complete - Incident Resolved
Public Utilities Commission for the Municipality of Chatham-Kent,Dresden Water Pollution Control Plant,700 Camden St Dresden Ontario,Chatham-Kent,Municipal Sewage,Windsor,ESCHERICHIA COLI,ECA/CofA/Permit Non-Compliance,2021-09-01,2021-10-31,200,CT/100mL,mon avg. on a geo. mean density,2,500,10906,Operational Process Modification,Assessment Complete - Incident Resolved
Public Utilities Commission for the Municipality of Chatham-Kent,Dresden Water Pollution Control Plant,700 Camden St Dresden Ontario,Chatham-Kent,Municipal Sewage,Windsor,"PHOSPHORUS, TOTAL",ECA/CofA/Permit Non-Compliance,2021-09-01,2021-10-31,1,mg/L,mon avg,2,1.2,6.5,Operational Process Modification,Assessment Complete - Incident Resolved
Public Utilities Commission for the Municipality of Chatham-Kent,Dresden Water Pollution Control Plant,700 Camden St Dresden Ontario,Chatham-Kent,Municipal Sewage,Windsor,"PHOSPHORUS, TOTAL",ECA/CofA/Permit Non-Compliance,2021-09-01,2021-09-30,4.5,kg/d,mon avg,1,26.6,26.6,Operational Process Modification,Assessment Complete - Incident Resolved
Public Utilities Commission for the Municipality of Chatham-Kent,Dresden Water Pollution Control Plant,700 Camden St Dresden Ontario,Chatham-Kent,Municipal Sewage,Windsor,TOTAL SUSPENDED SOLIDS,ECA/CofA/Permit Non-Compliance,2021-09-01,2021-10-31,25,mg/L,mon avg,2,41,229,Operational Process Modification,Assessment Complete - Incident Resolved
Public Utilities Commission for the Municipality of Chatham-Kent,Dresden Water Pollution Control Plant,700 Camden St Dresden Ontario,Chatham-Kent,Municipal Sewage,Windsor,TOTAL SUSPENDED SOLIDS,ECA/CofA/Permit Non-Compliance,2021-09-01,2021-09-30,113,kg/d,mon avg,1,934,934,Operational Process Modification,Assessment Complete - Incident Resolved
Public Utilities Commission for the Municipality of Chatham-Kent,Ridgetown Wastewater Treatment Plant,12623 Mitton Line,Chatham-Kent,Municipal Sewage,Windsor,TOTAL AMMONIA NITROGEN,ECA/CofA/Permit Non-Compliance,2021-02-01,2021-02-28,5,mg/L,mon avg,1,12.7,12.7,Equipment Modified - Repaired - Replaced or Re-calibrated,Assessment Complete - Incident Resolved
Public Utilities Commission for the Municipality of Chatham-Kent,Ridgetown Wastewater Treatment Plant,12623 Mitton Line,Chatham-Kent,Municipal Sewage,Windsor,TOTAL AMMONIA NITROGEN,ECA/CofA/Permit Non-Compliance,2021-02-01,2021-02-28,11.74,kg/d,mon avg,1,18.73,18.73,Equipment Modified - Repaired - Replaced or Re-calibrated,Assessment Complete - Incident Resolved
Ray of Hope Inc.,2282 Queen,2282 Queen St S  Ray of Hope,Wilmot,Miscellaneous Communal,Guelph,NITRATE (AS NITROGEN),ECA/CofA/Permit Non-Compliance,2021-01-01,2021-12-31,10,mg/L,mon avg,4,11,45,None Required,Assessment Complete - No Action Required
Ray of Hope Inc.,2282 Queen,2282 Queen St S  Ray of Hope,Wilmot,Miscellaneous Communal,Guelph,TOTAL SUSPENDED SOLIDS,ECA/CofA/Permit Non-Compliance,2021-01-01,2021-12-31,10,mg/L,mon avg,2,10.5,10.5,None Required,Assessment Complete - No Action Required
Regional Municipality of Waterloo,Conestogo Sewage Treatment Plant,Lot:41 Concession: none,Woolwich,Municipal Sewage,Guelph,"PHOSPHORUS, TOTAL",ECA/CofA/Permit Non-Compliance,2021-12-01,2021-12-31,0.3,mg/L,mon avg,1,0.88,0.88,Additional Monitoring Underway,Assessment Complete - Incident Resolved
Rupert Acres Limited,Rupert Acres Mobile Home Park,20 Rupert Acres Dr,Aweres,Miscellaneous Communal,Sault Ste. Marie,TOTAL SUSPENDED SOLIDS,ECA/CofA/Permit Non-Compliance,2021-01-01,2021-12-31,40,mg/L,annual avg,1,83.67,83.67,Other,Assessment Underway; Other Abatement Action Taken
Rupert Acres Limited,Rupert Acres Mobile Home Park,20 Rupert Acres Dr,Aweres,Miscellaneous Communal,Sault Ste. Marie,TOTAL SUSPENDED SOLIDS,ECA/CofA/Permit Non-Compliance,2021-01-01,2021-12-31,40,mg/L,annual avg,1,122.39,122.39,Other,Assessment Underway; Other Abatement Action Taken
Rupert Acres Limited,Rupert Acres Mobile Home Park,20 Rupert Acres Dr,Aweres,Miscellaneous Communal,Sault Ste. Marie,TOTAL SUSPENDED SOLIDS,ECA/CofA/Permit Non-Compliance,2021-01-01,2021-12-31,40,mg/L,annual avg,1,172.82,172.82,Other,Assessment Underway; Other Abatement Action Taken
Seaway Valley Food & Travel Centre Inc.,Seaway Valley Food & Travel Centre Inc. - WTP,2690 Brookdale Ave,Cornwall,Miscellaneous Communal,Cornwall,TOTAL AMMONIA NITROGEN,ECA/CofA/Permit Non-Compliance,2021-06-01,2021-06-30,2,mg/L,mon avg,1,2.83,2.83,Operational Process Modification,Assessment Complete - Incident Resolved
St. Lawrence Parks Commission,Ivy Lea Campsite,649 Thousand Islands Pky,Leeds and the Thousand Islands,Miscellaneous Communal,Kingston,"PHOSPHORUS, TOTAL",ECA/CofA/Permit Non-Compliance,2021-05-01,2021-10-31,1,mg/L,seasonal avg,1,2.62,2.62,Operational Process Modification,Voluntary Abatement Program Underway
St. Lawrence Parks Commission,Ivy Lea Campsite,649 Thousand Islands Pky,Leeds and the Thousand Islands,Miscellaneous Communal,Kingston,TOTAL AMMONIA NITROGEN,ECA/CofA/Permit Non-Compliance,2021-05-01,2021-10-31,5,mg/L,seasonal avg,1,17.1,17.1,Operational Process Modification,Voluntary Abatement Program Underway
The Corporation of Loyalist Township,Amherstview WPCP,"Lot: 37, Concession: 1,  Geographic Township: ERNESTOWN, Loyalist, Township, County of Lennox and Addington",Loyalist,Municipal Sewage,Kingston,ESCHERICHIA COLI,ECA/CofA/Permit Non-Compliance,2021-06-01,2021-06-30,200,CT/100mL,mon avg. on a geo. mean density,1,294,294,None Required,Assessment Complete - No Action Required
The Corporation of Loyalist Township,Amherstview WPCP,"Lot: 37, Concession: 1,  Geographic Township: ERNESTOWN, Loyalist, Township, County of Lennox and Addington",Loyalist,Municipal Sewage,Kingston,ESCHERICHIA COLI,ECA/CofA/Permit Non-Compliance,2021-07-01,2021-07-31,200,CT/100mL,mon avg. on a geo. mean density,1,709,709,None Required,Assessment Complete - No Action Required
The Corporation of Loyalist Township,Amherstview WPCP,"Lot: 37, Concession: 1,  Geographic Township: ERNESTOWN, Loyalist, Township, County of Lennox and Addington",Loyalist,Municipal Sewage,Kingston,ESCHERICHIA COLI,ECA/CofA/Permit Non-Compliance,2021-08-01,2021-08-31,200, CT/100ml,mon avg. on a geo. mean density,1,421,421,Operational Process Modification,Assessment Underway; Other Abatement Action Taken
The Corporation of Loyalist Township,Amherstview WPCP,"Lot: 37, Concession: 1,  Geographic Township: ERNESTOWN, Loyalist, Township, County of Lennox and Addington",Loyalist,Municipal Sewage,Kingston,ESCHERICHIA COLI,ECA/CofA/Permit Non-Compliance,2021-09-01,2021-09-30,200,CT/100mL,mon avg. on a geo. mean density,1,246,246,None Required,Assessment Complete - No Action Required
The Corporation of Loyalist Township,Amherstview WPCP,"Lot: 37, Concession: 1,  Geographic Township: ERNESTOWN, Loyalist, Township, County of Lennox and Addington",Kingston - District,Municipal Sewage,Kingston,ESCHERICHIA COLI,ECA/CofA/Permit Non-Compliance,2021-10-01,2021-10-31,200,CT/100mL,mon avg. on a geo. mean density,1,484,484,None Required,Assessment Complete - No Action Required
The Corporation of the City of Cornwall,Cornwall Wastewater Treatment Plant,2800 Montreal Rd E,Cornwall,Municipal Sewage,Cornwall,ESCHERICHIA COLI,ECA/CofA/Permit Non-Compliance,2021-06-01,2021-06-30,200,CT/100mL,mon avg. on a geo. mean density,1,256,256,Action Plan Submitted - Implementing Improvements; Additional Monitoring Underway; Operational Process Modification,Assessment Complete - No Action Required; Voluntary Abatement Program Underway
The Corporation of the City of Dryden,Dryden Sewage Treatment Plant,261 Marguerite St,Dryden,Municipal Sewage,Kenora,PH - LOW,ECA/CofA/Permit Non-Compliance,2021-01-03,2021-01-09,6,pH, /wk,1,5.98,5.98,None Required,Assessment Complete - Incident Resolved
The Corporation of the City of Kawartha Lakes,King's Bay Environmental Centre,233 Southcrest Rd Lot 2 Conc. B Lot 1 2 Conc. C former Mariposa Township,Kawartha Lakes,Municipal Sewage,Peterborough,TOTAL SUSPENDED SOLIDS,ECA/CofA/Permit Non-Compliance,2021-01-01,2021-12-31,15,mg/L,annual avg,1,17.95,17.95,Operational Process Modification,Voluntary Abatement Program Underway
The Corporation of the City of Kawartha Lakes,Lindsay Water Pollution Control Plant,"48 Lagoon Road, Lindsay",Kawartha Lakes,Municipal Sewage,Peterborough,TOTAL SUSPENDED SOLIDS,ECA/CofA/Permit Non-Compliance,2021-01-01,2021-12-31,11,mg/L,annual avg,1,19.81,19.81,Equipment Modified - Repaired - Replaced or Re-calibrated,Voluntary Abatement Program Underway
The Corporation of the City of Kawartha Lakes,Lindsay Water Pollution Control Plant,"48 Lagoon Road, Lindsay",Kawartha Lakes,Municipal Sewage,Peterborough,TOTAL AMMONIA NITROGEN,ECA/CofA/Permit Non-Compliance,2021-04-01,2021-04-30,3,mg/L,mon avg,1,4,4,Equipment Modified - Repaired - Replaced or Re-calibrated,Voluntary Abatement Program Underway
The Corporation of the City of Kawartha Lakes,Lindsay Water Pollution Control Plant,"48 Lagoon Road, Lindsay",Kawartha Lakes,Municipal Sewage,Peterborough,TOTAL AMMONIA NITROGEN,ECA/CofA/Permit Non-Compliance,2021-05-01,2021-05-31,1.5,mg/L,mon avg,1,8.08,8.08,Equipment Modified - Repaired - Replaced or Re-calibrated,Voluntary Abatement Program Underway
The Corporation of the City of Kawartha Lakes,Lindsay Water Pollution Control Plant,"48 Lagoon Road, Lindsay",Kawartha Lakes,Municipal Sewage,Peterborough,TOTAL AMMONIA NITROGEN,ECA/CofA/Permit Non-Compliance,2021-05-01,2021-05-31,32.3,kg/d,mon avg,1,90.7,90.7,Equipment Modified - Repaired - Replaced or Re-calibrated,Voluntary Abatement Program Underway
The Corporation of the City of Kawartha Lakes,Lindsay Water Pollution Control Plant,"48 Lagoon Road, Lindsay",Kawartha Lakes,Municipal Sewage,Peterborough,ESCHERICHIA COLI,ECA/CofA/Permit Non-Compliance,2021-06-01,2021-06-30,200,CT/100mL,mon avg. on a geo. mean density,1,1272.21,1272.21,Equipment Modified - Repaired - Replaced or Re-calibrated,Assessment Underway
The Corporation of the City of Kawartha Lakes,Lindsay Water Pollution Control Plant,"48 Lagoon Road, Lindsay",Kawartha Lakes,Municipal Sewage,Peterborough,"PHOSPHORUS, TOTAL",ECA/CofA/Permit Non-Compliance,2021-06-01,2021-06-30,0.2,mg/L,mon avg,1,0.43,0.43,Equipment Modified - Repaired - Replaced or Re-calibrated,Assessment Underway
The Corporation of the City of Kawartha Lakes,Lindsay Water Pollution Control Plant,"48 Lagoon Road, Lindsay",Kawartha Lakes,Municipal Sewage,Peterborough,TOTAL AMMONIA NITROGEN,ECA/CofA/Permit Non-Compliance,2021-06-01,2021-06-30,1.5,mg/L,mon avg,1,19.71,19.71,Equipment Modified - Repaired - Replaced or Re-calibrated,Assessment Underway
The Corporation of the City of Kawartha Lakes,Lindsay Water Pollution Control Plant,"48 Lagoon Road, Lindsay",Kawartha Lakes,Municipal Sewage,Peterborough,TOTAL AMMONIA NITROGEN,ECA/CofA/Permit Non-Compliance,2021-06-01,2021-06-30,32.3,kg/d,mon avg,1,173.66,173.66,Equipment Modified - Repaired - Replaced or Re-calibrated,Assessment Underway
The Corporation of the City of Kawartha Lakes,Lindsay Water Pollution Control Plant,"48 Lagoon Road, Lindsay",Kawartha Lakes,Municipal Sewage,Peterborough,TOTAL AMMONIA NITROGEN,ECA/CofA/Permit Non-Compliance,2021-07-01,2021-07-31,1.5,mg/L,mon avg,1,10,10,Equipment Modified - Repaired - Replaced or Re-calibrated,Voluntary Abatement Program Underway
The Corporation of the City of Kawartha Lakes,Lindsay Water Pollution Control Plant,"48 Lagoon Road, Lindsay",Kawartha Lakes,Municipal Sewage,Peterborough,ACUTE LETHALITY - TROUT,ECA/CofA/Permit Non-Compliance,2021-07-06,2021-07-06,0.5,acute toxicity,any,1,1,1,Additional Monitoring Underway,Assessment Underway
The Corporation of the City of Kawartha Lakes,Lindsay Water Pollution Control Plant,"48 Lagoon Road, Lindsay",Kawartha Lakes,Municipal Sewage,Peterborough,ESCHERICHIA COLI,ECA/CofA/Permit Non-Compliance,2021-08-01,2021-08-31,200,CT/100mL,mon avg. on a geo. mean density,1,1327,1327,Equipment Modified - Repaired - Replaced or Re-calibrated,Voluntary Abatement Program Underway
The Corporation of the City of Kawartha Lakes,Lindsay Water Pollution Control Plant,"48 Lagoon Road, Lindsay",Kawartha Lakes,Municipal Sewage,Peterborough,"PHOSPHORUS, TOTAL",ECA/CofA/Permit Non-Compliance,2021-08-01,2021-08-31,0.2,mg/L,mon avg,1,0.334,0.334,Equipment Modified - Repaired - Replaced or Re-calibrated,Voluntary Abatement Program Underway
The Corporation of the City of Kawartha Lakes,Lindsay Water Pollution Control Plant,"48 Lagoon Road, Lindsay",Kawartha Lakes,Municipal Sewage,Peterborough,TOTAL AMMONIA NITROGEN,ECA/CofA/Permit Non-Compliance,2021-08-01,2021-08-31,1.5,mg/L,mon avg,1,15.06,15.06,Equipment Modified - Repaired - Replaced or Re-calibrated,Voluntary Abatement Program Underway
The Corporation of the City of Kawartha Lakes,Lindsay Water Pollution Control Plant,"48 Lagoon Road, Lindsay",Kawartha Lakes,Municipal Sewage,Peterborough,TOTAL AMMONIA NITROGEN,ECA/CofA/Permit Non-Compliance,2021-08-01,2021-08-31,32.3,kg/d, /mon,1,118.73,118.73,Equipment Modified - Repaired - Replaced or Re-calibrated,Voluntary Abatement Program Underway
The Corporation of the City of Kawartha Lakes,Lindsay Water Pollution Control Plant,"48 Lagoon Road, Lindsay",Kawartha Lakes,Municipal Sewage,Peterborough,TOTAL AMMONIA NITROGEN,ECA/CofA/Permit Non-Compliance,2021-09-01,2021-09-30,1.5,mg/L,mon avg,1,15.53,15.53,Equipment Modified - Repaired - Replaced or Re-calibrated,Voluntary Abatement Program Underway
The Corporation of the City of Kawartha Lakes,Lindsay Water Pollution Control Plant,"48 Lagoon Road, Lindsay",Kawartha Lakes,Municipal Sewage,Peterborough,TOTAL AMMONIA NITROGEN,ECA/CofA/Permit Non-Compliance,2021-09-01,2021-09-30,32.3,kg/d,mon avg,1,160.11,160.11,Equipment Modified - Repaired - Replaced or Re-calibrated,Voluntary Abatement Program Underway
The Corporation of the City of Kawartha Lakes,Lindsay Water Pollution Control Plant,"48 Lagoon Road, Lindsay",Kawartha Lakes,Municipal Sewage,Peterborough,ESCHERICHIA COLI,ECA/CofA/Permit Non-Compliance,2021-10-01,2021-10-31,200,CT/100mL,mon avg. on a geo. mean density,1,429.24,429.24,Action Plan Submitted - Implementing Improvements,Voluntary Abatement Program Underway
The Corporation of the City of Kawartha Lakes,Lindsay Water Pollution Control Plant,"48 Lagoon Road, Lindsay",Kawartha Lakes,Municipal Sewage,Peterborough,"PHOSPHORUS, TOTAL",ECA/CofA/Permit Non-Compliance,2021-10-01,2021-10-31,0.2,mg/L,mon avg,1,0.65,0.65,Action Plan Submitted - Implementing Improvements,Voluntary Abatement Program Underway
The Corporation of the City of Kawartha Lakes,Lindsay Water Pollution Control Plant,"48 Lagoon Road, Lindsay",Kawartha Lakes,Municipal Sewage,Peterborough,"PHOSPHORUS, TOTAL",ECA/CofA/Permit Non-Compliance,2021-10-01,2021-10-31,4.3,kg/d,mon avg,1,6.39,6.39,Action Plan Submitted - Implementing Improvements,Voluntary Abatement Program Underway
The Corporation of the City of Kawartha Lakes,Lindsay Water Pollution Control Plant,"48 Lagoon Road, Lindsay",Kawartha Lakes,Municipal Sewage,Peterborough,TOTAL AMMONIA NITROGEN,ECA/CofA/Permit Non-Compliance,2021-10-01,2021-10-31,3,mg/L,mon avg,1,41.9,41.9,Action Plan Submitted - Implementing Improvements,Voluntary Abatement Program Underway
The Corporation of the City of Kawartha Lakes,Lindsay Water Pollution Control Plant,"48 Lagoon Road, Lindsay",Kawartha Lakes,Municipal Sewage,Peterborough,TOTAL AMMONIA NITROGEN,ECA/CofA/Permit Non-Compliance,2021-10-01,2021-10-31,64.5,kg/d,mon avg,1,147.12,147.12,Action Plan Submitted - Implementing Improvements,Voluntary Abatement Program Underway
The Corporation of the City of Kingston,409 Front Road,409 Front Rd,Kingston,Municipal Sewage,Kingston,"PHOSPHORUS, TOTAL",ECA/CofA/Permit Non-Compliance,2021-09-01,2021-09-30,1,mg/L,mon avg,1,1.3,1.3,None Required,Assessment Complete - Incident Resolved
The Corporation of the City of London,Greenway Wastewater Treatment Centre,109 Greenside Ave,London,Municipal Sewage,London,ESCHERICHIA COLI,ECA/CofA/Permit Non-Compliance,2021-09-01,2021-09-30,200,CT/100mL,mon avg. on a geo. mean density,1,500,500,New Equipment or Treatment Process Installed,Assessment Complete - Incident Resolved
The Corporation of the City of London,Greenway Wastewater Treatment Centre,109 Greenside Ave,London,Municipal Sewage,London,CARBONACEOUS BIOCHEMICAL OXYGEN DEMAND,ECA/CofA/Permit Non-Compliance,2021-11-01,2021-11-30,9,mg/L,mon avg,1,9.56,9.56,Other,Assessment Complete - Incident Resolved
The Corporation of the City of London,Greenway Wastewater Treatment Centre,109 Greenside Ave,London,Municipal Sewage,London,"PHOSPHORUS, TOTAL",ECA/CofA/Permit Non-Compliance,2021-11-01,2021-11-30,0.58,mg/L,mon avg,1,0.72,0.72,Other,Assessment Complete - Incident Resolved
The Corporation of the City of London,Greenway Wastewater Treatment Centre,109 Greenside Ave,London,Municipal Sewage,London,TOTAL SUSPENDED SOLIDS,ECA/CofA/Permit Non-Compliance,2021-11-01,2021-11-30,9,mg/L,mon avg,1,28.7,28.7,Other,Assessment Complete - Incident Resolved
The Corporation of the City of London,Greenway Wastewater Treatment Centre,109 Greenside Ave,London,Municipal Sewage,London,TOTAL SUSPENDED SOLIDS,ECA/CofA/Permit Non-Compliance,2021-11-01,2021-11-30,1522,kg/d, /mon,1,3689,3689,Other,Assessment Complete - Incident Resolved
The Corporation of the City of London,Vauxhall Pollution Control Plant,54 Price St,London,Municipal Sewage,London,ESCHERICHIA COLI,ECA/CofA/Permit Non-Compliance,2021-09-01,2021-09-30,200,CT/100mL,mon avg. on a geo. mean density,1,290,290,Action Plan Submitted - Implementing Improvements,Assessment Complete - Incident Resolved
The Corporation of the City of Pembroke,Pembroke Pollution Control Centre,98 Rankin St,Pembroke,Municipal Sewage,Ottawa,ESCHERICHIA COLI,ECA/CofA/Permit Non-Compliance,2021-09-01,2021-09-30,200,CT/100mL,mon avg. on a geo. mean density,1,493,493,Additional Monitoring Underway; Operational Process Modification,Assessment Underway
The Corporation of the City of Pembroke,Pembroke Pollution Control Centre,98 Rankin St,Pembroke,Municipal Sewage,Ottawa,ESCHERICHIA COLI,ECA/CofA/Permit Non-Compliance,2021-10-01,2021-10-31,200,CT/100mL,mon avg. on a geo. mean density,1,532,532,Additional Monitoring Underway; New/Modified Sampling Program Underway,Voluntary Abatement Program Underway
The Corporation of the City of Pembroke,Pembroke Pollution Control Centre,98 Rankin St,Pembroke,Municipal Sewage,Ottawa,ESCHERICHIA COLI,ECA/CofA/Permit Non-Compliance,2021-11-01,2021-11-30,200,CT/100mL,mon avg. on a geo. mean density,1,281,281,Action Plan Submitted - Implementing Improvements; Operational Process Modification,Voluntary Abatement Program Underway
The Corporation of the City of Peterborough,Peterborough Wastewater Treatment Plant,425 Kennedy Road Peterborough,Peterborough,Municipal Sewage,Peterborough,"PHOSPHORUS, TOTAL",ECA/CofA/Permit Non-Compliance,2021-02-01,2021-02-28,0.39,mg/L,mon avg,1,0.45,0.45,Additional monitoring underway,Assessment Complete - No Action Required
The Corporation of the City of Peterborough,Peterborough Wastewater Treatment Plant,425 Kennedy Road Peterborough,Peterborough,Municipal Sewage,Peterborough,"PHOSPHORUS, TOTAL",ECA/CofA/Permit Non-Compliance,2021-10-01,2021-10-31,0.39,mg/L,mon avg,1,0.48,0.48,Additional monitoring underway,Assessment Complete - No Action Required
The Corporation of the City of Peterborough,Peterborough Wastewater Treatment Plant,425 Kennedy Road Peterborough,Peterborough,Municipal Sewage,Peterborough,TOTAL SUSPENDED SOLIDS,ECA/CofA/Permit Non-Compliance,2021-10-01,2021-10-31,17.5,mg/L,mon avg,1,19.3,19.3,Additional monitoring underway,Assessment Complete - No Action Required
The Corporation of the City of Quinte West,Stonecrest Estates Sewage Treatment Plan,50 Aikins Rd,Quinte West,Municipal Sewage,Peterborough,"PHOSPHORUS, TOTAL",ECA/CofA/Permit Non-Compliance,2021-06-01,2021-06-30,0.2,mg/L,mon avg,1,0.36,0.36,Equipment Modified - Repaired - Replaced or Re-calibrated,Assessment Complete - No Action Required
The Corporation of the City of Quinte West,Stonecrest Estates Sewage Treatment Plan,50 Aikins Rd,Quinte West,Municipal Sewage,Peterborough,TOTAL SUSPENDED SOLIDS,ECA/CofA/Permit Non-Compliance,2021-06-01,2021-06-30,10,mg/L,mon avg,1,15.4,15.4,Equipment Modified - Repaired - Replaced or Re-calibrated,Assessment Complete - No Action Required
The Corporation of the City of Temiskaming Shores,Haileybury Wastewater Treatment Plant,100 View St Haileybury,Temiskaming Shores,Municipal Sewage,North Bay,ESCHERICHIA COLI,ECA/CofA/Permit Non-Compliance,2021-05-01,2021-05-31,200,CT/100mL,mon avg. on a geo. mean density,1,3350,3350,New Equipment or Treatment Process Installed; Operational Process Modification,Voluntary Abatement Program Underway
The Corporation of the City of Temiskaming Shores,Haileybury Wastewater Treatment Plant,100 View St Haileybury,Temiskaming Shores,Municipal Sewage,North Bay,ESCHERICHIA COLI,ECA/CofA/Permit Non-Compliance,2021-06-01,2021-06-30,200,CT/100mL,mon avg. on a geo. mean density,1,11741.9,11741.9,Operational Process Modification,Voluntary Abatement Program Underway
The Corporation of the City of Temiskaming Shores,Haileybury Wastewater Treatment Plant,100 View St Haileybury,Temiskaming Shores,Municipal Sewage,North Bay,ESCHERICHIA COLI,ECA/CofA/Permit Non-Compliance,2021-07-01,2021-07-31,200,CT/100mL,mon avg. on a geo. mean density,1,891.2,891.2,Operational Process Modification,Voluntary Abatement Program Underway
The Corporation of the City of Temiskaming Shores,Haileybury Wastewater Treatment Plant,100 View St Haileybury,Temiskaming Shores,Municipal Sewage,North Bay,ESCHERICHIA COLI,ECA/CofA/Permit Non-Compliance,2021-08-01,2021-08-31,200,CT/100mL,mon avg. on a geo. mean density,1,527.5,527.5,Operational Process Modification,Voluntary Abatement Program Underway
The Corporation of the City of Temiskaming Shores,Haileybury Wastewater Treatment Plant,100 View St Haileybury,Temiskaming Shores,Municipal Sewage,North Bay,ESCHERICHIA COLI,ECA/CofA/Permit Non-Compliance,2021-09-01,2021-09-30,200,CT/100mL,mon avg. on a geo. mean density,1,1338,1338,Equipment Modified - Repaired - Replaced or Re-calibrated,Voluntary Abatement Program Underway
The Corporation of the City of Temiskaming Shores,Haileybury Wastewater Treatment Plant,100 View St Haileybury,Temiskaming Shores,Municipal Sewage,North Bay,ESCHERICHIA COLI,ECA/CofA/Permit Non-Compliance,2021-10-01,2021-10-31,200,CT/100mL,mon avg. on a geo. mean density,1,25701,25701,Equipment Modified - Repaired - Replaced or Re-calibrated; New Equipment or Treatment Process Installed,Voluntary Abatement Program Underway
The Corporation of the City of Temiskaming Shores,North Cobalt Lagoon - Town of Haileybury,Proctors Rd,Haileybury,Municipal Sewage,North Bay,TOTAL SUSPENDED SOLIDS,ECA/CofA/Permit Non-Compliance,2021-09-01,2021-09-30,25,mg/L,mon avg,1,32.8,32.8,Operational Process Modification,Other Abatement Action Taken
The Corporation of the City of Thunder Bay,Atlantic Avenue Water Pollution Control Plant,901 Atlantic Ave Lots 2 3 5 6 7 Part Lot 4 Concession 1 Block A-F,Thunder Bay,Municipal Sewage,Thunder Bay,BIOCHEMICAL OXYGEN DEMAND,ECA/CofA/Permit Non-Compliance,2021-10-01,2021-10-31,25,mg/L,mon avg,1,36.8,36.8,Equipment Modified - Repaired - Replaced or Re-calibrated,Assessment Complete - Incident Resolved
The Corporation of the City of Timmins,Bob's Lake Lagoon,300 Ida Lane,Timmins,Municipal Sewage,Timmins,"PHOSPHORUS, TOTAL",Policy/Guideline Non-Conformance,2021-01-01,2021-12-31,1,mg/L,annual avg,1,1.37,1.37,Action Plan Submitted - Implementing Improvements; Additional Monitoring Underway; Conducting Study,Assessment Underway; Voluntary Abatement Program Underway
The Corporation of the City of Timmins,Whitney-Tisdale Sewage Treatment Plant Collection System,815 Gervais St N,Timmins,Municipal Sewage,Timmins,"PHOSPHORUS, TOTAL",Policy/Guideline Non-Conformance,2021-01-01,2021-12-31,1,mg/L,annual avg,1,1.42,1.42,New/Amended Approval; Other,Assessment Underway; Voluntary Abatement Program Underway
The Corporation of the City of Toronto,Bermondsey Transfer Station - 188 Bermondsey Road,188 Bermondsey Rd,Toronto,Municipal Sewage,Toronto,BIOCHEMICAL OXYGEN DEMAND,ECA/CofA/Permit Non-Compliance,2021-04-21,2021-04-21,15,mg/L,monthly,1,192,192,Additional Monitoring Underway,Assessment Underway; Other Abatement Action Taken
The Corporation of the City of Toronto,Bermondsey Transfer Station - 188 Bermondsey Road,188 Bermondsey Rd,Toronto,Municipal Sewage,Toronto,TOTAL SUSPENDED SOLIDS,ECA/CofA/Permit Non-Compliance,2021-04-21,2021-04-21,25,mg/L,monthly,1,119,119,Additional Monitoring Underway,Assessment Underway; Other Abatement Action Taken
The Corporation of the City of Toronto,Bermondsey Transfer Station - 188 Bermondsey Road,188 Bermondsey Rd,Toronto,Municipal Sewage,Toronto,BIOCHEMICAL OXYGEN DEMAND,ECA/CofA/Permit Non-Compliance,2021-11-09,2021-11-09,15,mg/L,monthly,1,16.4,16.4,Additional Monitoring Underway; Conducting Study; New Equipment or Treatment Process Installed,Additional Requirements Added in Approval/Permit; Assessment Underway
The Corporation of the City of Windsor,Little River Pollution Control Plant #2,9400 Little River Rd,Windsor,Municipal Sewage,Windsor,CARBONACEOUS BIOCHEMICAL OXYGEN DEMAND,ECA/CofA/Permit Non-Compliance,2021-09-01,2021-09-30,15,mg/L,mon avg,1,18.63,18.63,None Required,Assessment Complete - No Action Required
The Corporation of the City of Windsor,Little River Pollution Control Plant #2,9400 Little River Rd,Windsor,Municipal Sewage,Windsor,CARBONACEOUS BIOCHEMICAL OXYGEN DEMAND,ECA/CofA/Permit Non-Compliance,2021-09-19,2021-09-19,25,mg/L, /d,1,172,172,None Required,Assessment Complete - No Action Required
The Corporation of the City of Windsor,Lou Romano Water Reclamation Plant,4155 Ojibway Pky  Windsor Riverfront,Windsor,Municipal Sewage,Windsor,TOTAL SUSPENDED SOLIDS,ECA/CofA/Permit Non-Compliance,2021-04-01,2021-10-31,50, %,/mon,1,57,57,None Required,Assessment Complete - No Action Required
The Corporation of the City of Windsor,Lou Romano Water Reclamation Plant,4155 Ojibway Pky  Windsor Riverfront,Windsor,Municipal Sewage,Windsor,CARBONACEOUS BIOCHEMICAL OXYGEN DEMAND,ECA/CofA/Permit Non-Compliance,2021-05-01,2021-05-30,15,mg/L,mon avg,1,19,19,Equipment Modified - Repaired - Replaced or Re-calibrated,Assessment Complete - Incident Resolved
The Corporation of the City of Windsor,Lou Romano Water Reclamation Plant,4155 Ojibway Pky  Windsor Riverfront,Windsor,Municipal Sewage,Windsor,"PHOSPHORUS, TOTAL",ECA/CofA/Permit Non-Compliance,2021-05-01,2021-05-30,0.5,mg/L,mon avg,1,0.63,0.63,Equipment Modified - Repaired - Replaced or Re-calibrated,Assessment Complete - Incident Resolved
The Corporation of the City of Windsor,Lou Romano Water Reclamation Plant,4155 Ojibway Pky  Windsor Riverfront,Windsor,Municipal Sewage,Windsor,TOTAL SUSPENDED SOLIDS,ECA/CofA/Permit Non-Compliance,2021-05-01,2021-05-30,15,mg/L,mon avg,1,30.3,30.3,Equipment Modified - Repaired - Replaced or Re-calibrated,Assessment Complete - Incident Resolved
The Corporation of the City of Windsor,Lou Romano Water Reclamation Plant,4155 Ojibway Pky  Windsor Riverfront,Windsor,Municipal Sewage,Windsor,TOTAL SUSPENDED SOLIDS,ECA/CofA/Permit Non-Compliance,2021-05-01,2021-05-30,3270,kg/d, /mon,1,3460,3460,Equipment Modified - Repaired - Replaced or Re-calibrated,Assessment Complete - Incident Resolved
The Corporation of the City of Windsor,Lou Romano Water Reclamation Plant,4155 Ojibway Pky  Windsor Riverfront,Windsor,Municipal Sewage,Windsor,CARBONACEOUS BIOCHEMICAL OXYGEN DEMAND,ECA/CofA/Permit Non-Compliance,2021-09-01,2021-09-30,15,mg/L,mon avg,1,23,23,None Required,Assessment Complete - No Action Required
The Corporation of the County of Elgin,Elgin Manor Home for the Aged,39232 Fingal Line Country Road,Southwold,Miscellaneous Communal,London,"PHOSPHORUS, TOTAL",ECA/CofA/Permit Non-Compliance,2021-09-01,2021-09-30,0.3,mg/L,mon avg,1,0.57,0.57,None Required,Assessment Complete - No Action Required
The Corporation of the County of Elgin,Elgin Manor Home for the Aged,39232 Fingal Line Country Road,Southwold,Miscellaneous Communal,London,TOTAL SUSPENDED SOLIDS,ECA/CofA/Permit Non-Compliance,2021-09-01,2021-09-30,10,mg/L,mon avg,1,11.8,11.8,None Required,Assessment Complete - No Action Required
The Corporation of the County of Renfrew,Barry's Bay Water Pollution Control Plant,107 Lakeshore Dr Barry's Bay,Madawaska Valley,Municipal Sewage,Ottawa,PH - LOW,ECA/CofA/Permit Non-Compliance,2021-01-28,2021-01-28,6,pH,any,1,5.47,5.47,Equipment Modified - Repaired - Replaced or Re-calibrated,Assessment Complete - Incident Resolved
The Corporation of the Municipality of Arran-Elderslie,Chesley Sewage Works,230 4th St SW Chesley. Lots 27 & 28 Concession 2,Arran-Elderslie,Municipal Sewage,Owen Sound,TOTAL AMMONIA NITROGEN,ECA/CofA/Permit Non-Compliance,2021-04-01,2021-04-30,5,mg/L,mon avg,1,7.58,7.58,Operational Process Modification,Assessment Complete - No Action Required
The Corporation of the Municipality of Arran-Elderslie,Chesley Sewage Works,230 4th St SW Chesley. Lots 27 & 28 Concession 2,Arran-Elderslie,Municipal Sewage,Owen Sound,TOTAL AMMONIA NITROGEN,ECA/CofA/Permit Non-Compliance,2021-10-01,2021-10-31,3,mg/L,mon avg,1,3.68,3.68,Operational Process Modification,Assessment Complete - No Action Required
The Corporation of the Municipality of Arran-Elderslie,Paisley Sewage Treatment Plant,322 George St N,Arran-Elderslie,Municipal Sewage,Owen Sound,ESCHERICHIA COLI,ECA/CofA/Permit Non-Compliance,2021-06-01,2021-06-30,200,CT/100mL,mon avg. on a geo. mean density,1,1330,1330,New Equipment or Treatment Process Installed; Operational Process Modification,Assessment Complete - Incident Resolved
The Corporation of the Municipality of Brighton,Brighton Lagoon,100 County Road 64,Brighton,Municipal Sewage,Peterborough,TOTAL AMMONIA NITROGEN,ECA/CofA/Permit Non-Compliance,2021-02-01,2021-02-28,17,mg/L,mon avg,1,21.43,21.43,Additional Monitoring Underway; Conducting Study; Equipment Modified - Repaired - Replaced or Re-calibrated; New/Modified Sampling Program Underway; Operational Process Modification,Assessment Underway; Other Abatement Action Taken; Provincial Officer's Order Issued; Technical Standard under development
The Corporation of the Municipality of Brighton,Brighton Lagoon,100 County Road 64,Brighton,Municipal Sewage,Peterborough,TOTAL AMMONIA NITROGEN,ECA/CofA/Permit Non-Compliance,2021-03-01,2021-03-31,17,mg/L,mon avg,1,22.68,22.68,Additional Monitoring Underway; Conducting Study; New/Amended Approval; Operational Process Modification,Assessment Underway; Other Abatement Action Taken; Program Approval Issued; Provincial Officer's Order Issued
The Corporation of the Municipality of Brighton,Brighton Lagoon,100 County Road 64,Brighton,Municipal Sewage,Peterborough,TOTAL AMMONIA NITROGEN,ECA/CofA/Permit Non-Compliance,2021-04-01,2021-04-30,17,mg/L,mon avg,1,18.43,18.43,Conducting Study; Equipment Modified - Repaired - Replaced or Re-calibrated; Operational Process Modification,Assessment Underway; Other Abatement Action Taken; Provincial Officer's Order Issued
The Corporation of the Municipality of Brighton,Brighton Lagoon,100 County Road 64,Brighton,Municipal Sewage,Peterborough,TOTAL AMMONIA NITROGEN,ECA/CofA/Permit Non-Compliance,2021-06-01,2021-06-30,14,mg/L,mon avg,1,31.08,31.08,Additional Monitoring Underway; Conducting Study; Equipment Modified - Repaired - Replaced or Re-calibrated; Operational Process Modification,Assessment Underway; Other Abatement Action Taken; Provincial Officer's Order Issued; Voluntary Abatement Program Underway
The Corporation of the Municipality of Brighton,Brighton Lagoon,100 County Road 64,Brighton,Municipal Sewage,Peterborough,TOTAL AMMONIA NITROGEN,ECA/CofA/Permit Non-Compliance,2021-06-01,2021-06-30,14,mg/L,mon avg,1,22.65,22.65,Additional Monitoring Underway; Conducting Study; New/Modified Sampling Program Underway; Operational Process Modification,Assessment Underway; Other Abatement Action Taken; Provincial Officer's Order Issued; Voluntary Abatement Program Underway
The Corporation of the Municipality of Brighton,Brighton Lagoon,100 County Road 64,Brighton,Municipal Sewage,Peterborough,TOTAL AMMONIA NITROGEN,ECA/CofA/Permit Non-Compliance,2021-07-01,2021-07-31,14,mg/L,mon avg,1,19.2,19.2,Additional Monitoring Underway; Conducting Study; Operational Process Modification,Assessment Underway; Provincial Officer's Order Issued
The Corporation of the Municipality of Central Elgin,Port Stanley WWTP,37575 Scotch Line,Central Elgin,Municipal Sewage,London,"PHOSPHORUS, TOTAL",ECA/CofA/Permit Non-Compliance,2021-05-01,2021-05-31,0.2,mg/L,mon avg,1,0.29,0.29,Operational Process Modification,Assessment Complete - Incident Resolved
The Corporation of the Municipality of Central Huron,Clinton Sewage Treatment Plant,32 Walker St,Central Huron,Municipal Sewage,Owen Sound,TOTAL AMMONIA NITROGEN,ECA/CofA/Permit Non-Compliance,2021-06-01,2021-06-30,9.3,kg/d,mon avg,1,9.81,9.81,Operational Process Modification,Assessment Complete - Incident Resolved
The Corporation of the Municipality of Central Huron,Clinton Sewage Treatment Plant,32 Walker St,Central Huron,Municipal Sewage,Owen Sound,TOTAL AMMONIA NITROGEN,ECA/CofA/Permit Non-Compliance,2021-06-01,2021-06-30,3,kg/d,mon avg,1,9.82,9.82,Operational Process Modification,Assessment Complete - Incident Resolved
The Corporation of the Municipality of Highlands East,Cardiff Sewage Works,Geographic Twp. of Bicroft,Highlands East,Municipal Sewage,Peterborough,PH - HIGH,ECA/CofA/Permit Non-Compliance,2021-07-05,2021-08-11,9.5,pH, /d,34,10.66,10.94,Additional Monitoring Underway; New/Modified Sampling Program Underway; Operational Process Modification,Assessment Underway; Other Abatement Action Taken; Voluntary Abatement Program Underway
The Corporation of the Municipality of Huron East,Brussels Wastewater Treatment Plant,"Lot: 7, Concession: 5",Huron East,Municipal Sewage,Owen Sound,TOTAL AMMONIA NITROGEN,ECA/CofA/Permit Non-Compliance,2021-09-01,2021-09-30,2,mg/L,mon avg,1,4.07,4.07,Additional Monitoring Underway,Assessment Complete - Incident Resolved
The Corporation of the Municipality of Huron East,Brussels Wastewater Treatment Plant,"Lot: 7, Concession: 5",Huron East,Municipal Sewage,Owen Sound,TOTAL AMMONIA NITROGEN,ECA/CofA/Permit Non-Compliance,2021-09-01,2021-09-30,2,kg/d,mon avg,1,2.23,2.23,None Required,Assessment Complete - Incident Resolved
The Corporation of the Municipality of Huron East,Vanastra Water Pollution Control Plant,76981 London Rd (Highway No. 4),Bluewater,Municipal Sewage,Owen Sound,ESCHERICHIA COLI,ECA/CofA/Permit Non-Compliance,2021-02-01,2021-02-28,200,CT/100mL,mon avg. on a geo. mean density,1,381,381,Operational Process Modification,Assessment Complete - Incident Resolved
The Corporation of the Municipality of Lambton Shores,Grand Bend WWTF,70145 Mollard Line Parkhill,Lambton Shores,Municipal Sewage,Sarnia,"PHOSPHORUS, TOTAL",ECA/CofA/Permit Non-Compliance,2021-03-01,2021-03-31,0.15,mg/L,mon avg,1,0.51,0.51,Other,Other Abatement Action Taken
The Corporation of the Municipality of Lambton Shores,Grand Bend WWTF,70145 Mollard Line Parkhill,Lambton Shores,Municipal Sewage,Sarnia,TOTAL AMMONIA NITROGEN,ECA/CofA/Permit Non-Compliance,2021-07-01,2021-07-31,2,mg/L,mon avg,1,4.07,4.07,Other,Other Abatement Action Taken
The Corporation of the Municipality of Lambton Shores,Grand Bend WWTF,70145 Mollard Line Parkhill,Lambton Shores,Municipal Sewage,Sarnia,PH - LOW,ECA/CofA/Permit Non-Compliance,2021-07-12,2021-07-12,6,pH,any,1,5.39,5.39,Other,Other Abatement Action Taken
The Corporation of the Municipality of Lambton Shores,Grand Bend WWTF,70145 Mollard Line Parkhill,Lambton Shores,Municipal Sewage,Sarnia,TOTAL AMMONIA NITROGEN,ECA/CofA/Permit Non-Compliance,2021-08-01,2021-08-31,2,mg/L,mon avg,1,3.2,3.2,New Equipment or Treatment Process Installed; Operational Process Modification,Other Abatement Action Taken
The Corporation of the Municipality of Lambton Shores,Grand Bend WWTF,70145 Mollard Line Parkhill,Lambton Shores,Municipal Sewage,Sarnia,PH - LOW,ECA/CofA/Permit Non-Compliance,2021-08-03,2021-08-03,6,pH,any,1,5.4,5.4,Operational Process Modification,Other Abatement Action Taken
The Corporation of the Municipality of Lambton Shores,Indian Hills Estates Subdivision,9173 Indian Hills Trail W,Lambton Shores,Municipal Sewage,Sarnia,ESCHERICHIA COLI,ECA/CofA/Permit Non-Compliance,2021-04-01,2021-04-30,200,CT/100mL,mon avg. on a geo. mean density,1,1160,1160,None Required,Assessment Complete - No Action Required
The Corporation of the Municipality of Lambton Shores,Indian Hills Estates Subdivision,9173 Indian Hills Trail W,Lambton Shores,Municipal Sewage,Sarnia,TOTAL AMMONIA NITROGEN,ECA/CofA/Permit Non-Compliance,2021-04-01,2021-04-30,5,mg/L,mon avg,1,8,8,None Required,Assessment Complete - No Action Required
The Corporation of the Municipality of Lambton Shores,Indian Hills Estates Subdivision,9173 Indian Hills Trail W,Lambton Shores,Municipal Sewage,Sarnia,TOTAL SUSPENDED SOLIDS,ECA/CofA/Permit Non-Compliance,2021-10-01,2021-10-31,15,mg/L,mon avg,1,17.6,17.6,Ceased Operations,Assessment Complete - No Action Required
The Corporation of the Municipality of North Grenville,Kemptville Water Pollution Control Plant,2899 County Road 43,North Grenville,Municipal Sewage,Kingston,TOTAL AMMONIA NITROGEN,ECA/CofA/Permit Non-Compliance,2021-06-01,2021-06-30,2,mg/L,mon avg,1,2.36,2.36,Equipment Modified - Repaired - Replaced or Re-calibrated,Assessment Complete - Incident Resolved
The Corporation of the Municipality of North Grenville,Kemptville Water Pollution Control Plant,2899 County Road 43,North Grenville,Municipal Sewage,Kingston,"PHOSPHORUS, TOTAL",ECA/CofA/Permit Non-Compliance,2021-09-01,2021-09-30,0.3,mg/L,mon avg,1,0.42,0.42,None Required,Assessment Complete - No Action Required
The Corporation of the Municipality of Port Hope,Port Hope Wastewater Treatment Plant,100 Lake St,Port Hope,Municipal Sewage,Peterborough,Total Residual Chlorine,ECA/CofA/Permit Non-Compliance,2021-09-15,2021-09-15,0.02,mg/L,any,1,0.05,0.05,Equipment Modified - Repaired - Replaced or Re-calibrated,Assessment Complete - Incident Resolved
The Corporation of the Municipality of Powassan,Powassan WPCP - Lagoons," Lot: 17 & 18, Concession: 13,  Geographic Township: HIMSWORTH",Powassan,Municipal Sewage,North Bay,TOTAL SUSPENDED SOLIDS,ECA/CofA/Permit Non-Compliance,2021-10-25,2021-11-09,25,mg/L,seasonal avg,1,32.8,32.8,Operational Process Modification,Assessment Complete - No Action Required
The Corporation of the Municipality of Red Lake,Red Lake Water Pollution Control Plant,14 Young St,Red Lake,Municipal Sewage,Kenora,ESCHERICHIA COLI,ECA/CofA/Permit Non-Compliance,2021-01-01,2021-01-31,200,CT/100mL,mon avg. on a geo. mean density,1,261,261,Operational Process Modification,Assessment Complete - Incident Resolved
The Corporation of the Municipality of Red Lake,Red Lake Water Pollution Control Plant,14 Young St,Red Lake,Municipal Sewage,Kenora,ESCHERICHIA COLI,ECA/CofA/Permit Non-Compliance,2021-08-01,2021-08-31,200,CT/100mL,mon avg. on a geo. mean density,1,389,389,Operational Process Modification,Assessment Complete - Incident Resolved
The Corporation of the Municipality of Red Lake,Red Lake Water Pollution Control Plant,14 Young St,Red Lake,Municipal Sewage,Kenora,ESCHERICHIA COLI,ECA/CofA/Permit Non-Compliance,2021-11-01,2021-11-30,200,CT/100mL,mon avg. on a geo. mean density,1,469,469,Operational Process Modification,Voluntary Abatement Program Underway
The Corporation of the Municipality of Red Lake,Red Lake Water Pollution Control Plant,14 Young St,Red Lake,Municipal Sewage,Kenora,ESCHERICHIA COLI,ECA/CofA/Permit Non-Compliance,2021-12-01,2021-12-31,200,CT/100mL,mon avg. on a geo. mean density,1,675,675,Operational Process Modification,Voluntary Abatement Program Underway
The Corporation of the Municipality of Sioux Lookout,Sioux Lookout Pollution Control Plant,159 King St W,Sioux Lookout,Municipal Sewage,Kenora,TOTAL SUSPENDED SOLIDS,ECA/CofA/Permit Non-Compliance,2021-10-31,2021-10-31,25,mg/L,mon avg,1,36.9,36.9,None Required,Assessment Complete - Incident Resolved
The Corporation of the Municipality of South Huron,Exeter Wastewater Treatment Plant,71042 Airport Line RR # 1 Exeter,South Huron,Municipal Sewage,Owen Sound,TOTAL SUSPENDED SOLIDS,ECA/CofA/Permit Non-Compliance,2021-01-01,2021-12-31,176.28,kg/d,seasonal avg,1,182.73,182.73,Operational Process Modification,Assessment Complete - No Action Required
The Corporation of the Municipality of Strathroy-Caradoc,Mount Brydges Sewage Treatment Plant,22416 Mill Rd Lot 20 Conc. 1 Ref. Plan 33R-12975,Strathroy-Caradoc,Municipal Sewage,London,TOTAL AMMONIA NITROGEN,ECA/CofA/Permit Non-Compliance,2021-04-01,2021-04-30,3,mg/L,mon avg,1,5.08,5.08,Equipment Modified - Repaired - Replaced or Re-calibrated; Operational Process Modification,Voluntary Abatement Program Underway
The Corporation of the Municipality of Strathroy-Caradoc,Mount Brydges Sewage Treatment Plant,22416 Mill Rd Lot 20 Conc. 1 Ref. Plan 33R-12975,Strathroy-Caradoc,Municipal Sewage,London,TOTAL SUSPENDED SOLIDS,ECA/CofA/Permit Non-Compliance,2021-04-01,2021-04-30,10,mg/L,mon avg,1,12.75,12.75,Equipment Modified - Repaired - Replaced or Re-calibrated; Operational Process Modification,Voluntary Abatement Program Underway
The Corporation of the Municipality of Strathroy-Caradoc,Mount Brydges Sewage Treatment Plant,22416 Mill Rd Lot 20 Conc. 1 Ref. Plan 33R-12975,Strathroy-Caradoc,Municipal Sewage,London,TOTAL AMMONIA NITROGEN,ECA/CofA/Permit Non-Compliance,2021-05-01,2021-05-31,3,mg/L,mon avg,1,5.6,5.6,Equipment Modified - Repaired - Replaced or Re-calibrated,Voluntary Abatement Program Underway
The Corporation of the Municipality of Strathroy-Caradoc,Mount Brydges Sewage Treatment Plant,22416 Mill Rd Lot 20 Conc. 1 Ref. Plan 33R-12975,Strathroy-Caradoc,Municipal Sewage,London,TOTAL AMMONIA NITROGEN,ECA/CofA/Permit Non-Compliance,2021-08-01,2021-08-31,3,mg/L,mon avg,1,3.04,3.04,Equipment Modified - Repaired - Replaced or Re-calibrated,Voluntary Abatement Program Underway
The Corporation of the Municipality of Thames Centre,Dorchester WPCP,4835 Hamilton Rd,Thames Centre,Municipal Sewage,London,TOTAL AMMONIA NITROGEN,ECA/CofA/Permit Non-Compliance,2021-10-01,2021-10-31,2,mg/L,mon avg,1,2.4,2.4,Equipment Modified - Repaired - Replaced or Re-calibrated,Assessment Complete - Incident Resolved
The Corporation of the Municipality of Thames Centre,Thorndale Wastewater Treatment Plant,16651 Thorndale Road,Thames Centre,Municipal Sewage,London,"PHOSPHORUS, TOTAL",ECA/CofA/Permit Non-Compliance,2021-01-01,2021-01-31,0.65,mg/L,mon avg,1,0.77,0.77,Additional Monitoring Underway; Operational Process Modification,Assessment Underway
The Corporation of the Municipality of Thames Centre,Thorndale Wastewater Treatment Plant,16651 Thorndale Road,Thames Centre,Municipal Sewage,London,TOTAL SUSPENDED SOLIDS,ECA/CofA/Permit Non-Compliance,2021-09-01,2021-09-30,6.74,kg/d, /mon,1,10.23,10.23,Additional Monitoring Underway; None Required,Assessment Complete - No Action Required
The Corporation of the Municipality of Thames Centre,Thorndale Wastewater Treatment Plant,16651 Thorndale Road,Thames Centre,Municipal Sewage,London,TOTAL SUSPENDED SOLIDS,ECA/CofA/Permit Non-Compliance,2021-09-01,2021-09-30,10,mg/L,mon avg,1,20.5,20.5,Additional Monitoring Underway; None Required,Assessment Complete - No Action Required
The Corporation of the Municipality of West Nipissing,Field Sewage Treatment Plant,"Lot: 14, Concession: 5,  Geographic Township: FIELD",West Nipissing,Municipal Sewage,North Bay,"PHOSPHORUS, TOTAL",ECA/CofA/Permit Non-Compliance,2021-08-01,2021-08-31,1,mg/L,mon avg,1,1.12,1.12,Operational Process Modification,Assessment Complete - No Action Required
The Corporation of the Nation Municipality,Limoges Wastewater Treatment Plant,1915 Route 500 W,The Nation,Municipal Sewage,Cornwall,TOTAL AMMONIA NITROGEN,ECA/CofA/Permit Non-Compliance,2020-04-01,2021-04-30,5,mg/L,mon avg,1,10.47,10.47,Additional Monitoring Underway; Conducting Study; New Equipment or Treatment Process Installed,Assessment Underway
The Corporation of the Nation Municipality,Limoges Wastewater Treatment Plant,1915 Route 500 W,The Nation,Municipal Sewage,Cornwall,TOTAL AMMONIA NITROGEN,ECA/CofA/Permit Non-Compliance,2021-01-01,2021-01-31,5,mg/L,mon avg,1,16.78,16.78,Additional Monitoring Underway; Equipment Modified - Repaired - Replaced or Re-calibrated; Operational Process Modification,Assessment Complete - No Action Required; Assessment Underway
The Corporation of the Nation Municipality,Limoges Wastewater Treatment Plant,1915 Route 500 W,The Nation,Municipal Sewage,Cornwall,TOTAL AMMONIA NITROGEN,ECA/CofA/Permit Non-Compliance,2021-01-01,2021-01-31,17.3,kg/d,mon avg,1,27.5,27.5,Additional Monitoring Underway; Equipment Modified - Repaired - Replaced or Re-calibrated; Operational Process Modification,Assessment Complete - No Action Required; Assessment Underway
The Corporation of the Nation Municipality,Limoges Wastewater Treatment Plant,1915 Route 500 W,The Nation,Municipal Sewage,Cornwall,TOTAL AMMONIA NITROGEN,ECA/CofA/Permit Non-Compliance,2021-02-01,2021-02-28,5,mg/L,mon avg,1,22.33,22.33,New Equipment or Treatment Process Installed; Operational Process Modification,Assessment Complete - No Action Required
The Corporation of the Nation Municipality,Limoges Wastewater Treatment Plant,1915 Route 500 W,The Nation,Municipal Sewage,Cornwall,TOTAL AMMONIA NITROGEN,ECA/CofA/Permit Non-Compliance,2021-02-01,2021-02-28,17.3,kg/d,mon avg,1,31.3,31.3,New Equipment or Treatment Process Installed; Operational Process Modification,Assessment Complete - No Action Required
The Corporation of the Nation Municipality,Limoges Wastewater Treatment Plant,1915 Route 500 W,The Nation,Municipal Sewage,Cornwall,TOTAL AMMONIA NITROGEN,ECA/CofA/Permit Non-Compliance,2021-03-01,2021-03-31,5,mg/L,mon avg,1,24.62,24.62,Additional Monitoring Underway; Conducting Study; Equipment Modified - Repaired - Replaced or Re-calibrated; New Equipment or Treatment Process Installed,Assessment Complete - No Action Required; Voluntary Abatement Program Underway
The Corporation of the Nation Municipality,Limoges Wastewater Treatment Plant,1915 Route 500 W,The Nation,Municipal Sewage,Cornwall,TOTAL AMMONIA NITROGEN,ECA/CofA/Permit Non-Compliance,2021-03-01,2021-03-31,17.3,kg/d,mon avg,1,76.4,76.4,Additional Monitoring Underway; Conducting Study; Equipment Modified - Repaired - Replaced or Re-calibrated; New Equipment or Treatment Process Installed,Assessment Complete - No Action Required; Voluntary Abatement Program Underway
The Corporation of the Nation Municipality,Limoges Wastewater Treatment Plant,1915 Route 500 W,The Nation,Municipal Sewage,Cornwall,TOTAL AMMONIA NITROGEN,ECA/CofA/Permit Non-Compliance,2021-04-01,2021-04-30,17.3,kg/d,mon avg,1,25.8,25.8,Additional Monitoring Underway; Conducting Study; New Equipment or Treatment Process Installed,Assessment Underway
The Corporation of the Nation Municipality,Limoges Wastewater Treatment Plant,1915 Route 500 W,The Nation,Municipal Sewage,Cornwall,TOTAL SUSPENDED SOLIDS,ECA/CofA/Permit Non-Compliance,2021-04-01,2021-04-30,5,mg/L,mon avg,1,12.5,12.5,Additional Monitoring Underway; Conducting Study; New Equipment or Treatment Process Installed,Assessment Underway
The Corporation of the Nation Municipality,Limoges Wastewater Treatment Plant,1915 Route 500 W,The Nation,Municipal Sewage,Cornwall,TOTAL SUSPENDED SOLIDS,ECA/CofA/Permit Non-Compliance,2021-04-01,2021-04-30,17.3,kg/d,mon avg,1,30.8,30.8,Additional Monitoring Underway; Conducting Study; New Equipment or Treatment Process Installed,Assessment Underway
The Corporation of the Nation Municipality,Limoges Wastewater Treatment Plant,1899 Route 500 W,The Nation,Municipal Sewage,Cornwall,TOTAL AMMONIA NITROGEN,ECA/CofA/Permit Non-Compliance,2021-05-01,2021-05-31,5,mg/L,mon avg,1,5.95,5.95,Equipment Modified - Repaired - Replaced or Re-calibrated; New Equipment or Treatment Process Installed; Operational Process Modification,Assessment Complete - No Action Required; Voluntary Abatement Program Underway
The Corporation of the Nation Municipality,Limoges Wastewater Treatment Plant,1899 Route 500 W,The Nation,Municipal Sewage,Cornwall,TOTAL AMMONIA NITROGEN,ECA/CofA/Permit Non-Compliance,2021-05-01,2021-05-31,3.5,kg/d,mon avg,1,12,12,Equipment Modified - Repaired - Replaced or Re-calibrated; New Equipment or Treatment Process Installed; Operational Process Modification,Assessment Complete - No Action Required; Voluntary Abatement Program Underway
The Corporation of the Nation Municipality,Limoges Wastewater Treatment Plant,1899 Route 500 W,The Nation,Municipal Sewage,Cornwall,TOTAL AMMONIA NITROGEN,ECA/CofA/Permit Non-Compliance,2021-06-01,2021-06-30,1,mg/L,mon avg,1,11.96,11.96,Equipment Modified - Repaired - Replaced or Re-calibrated; New Equipment or Treatment Process Installed; Operational Process Modification,Assessment Complete - No Action Required; Voluntary Abatement Program Underway
The Corporation of the Nation Municipality,Limoges Wastewater Treatment Plant,1899 Route 500 W,The Nation,Municipal Sewage,Cornwall,TOTAL AMMONIA NITROGEN,ECA/CofA/Permit Non-Compliance,2021-06-01,2021-06-30,3.5,kg/d,mon avg,1,21.4,21.4,Equipment Modified - Repaired - Replaced or Re-calibrated; New Equipment or Treatment Process Installed; Operational Process Modification,Assessment Complete - No Action Required; Voluntary Abatement Program Underway
The Corporation of the Nation Municipality,Limoges Wastewater Treatment Plant,1899 Route 500 W,The Nation,Municipal Sewage,Cornwall,TOTAL AMMONIA NITROGEN,ECA/CofA/Permit Non-Compliance,2021-07-01,2021-07-31,1,mg/L,mon avg,1,4.79,4.79,Equipment Modified - Repaired - Replaced or Re-calibrated; Operational Process Modification,Assessment Complete - No Action Required
The Corporation of the Nation Municipality,Limoges Wastewater Treatment Plant,1899 Route 500 W,The Nation,Municipal Sewage,Cornwall,TOTAL AMMONIA NITROGEN,ECA/CofA/Permit Non-Compliance,2021-07-01,2021-07-31,3.5,kg/d,mon avg,1,6.4,6.4,Equipment Modified - Repaired - Replaced or Re-calibrated; Operational Process Modification,Assessment Complete - No Action Required
The Corporation of the Nation Municipality,Limoges Wastewater Treatment Plant,1899 Route 500 W,The Nation,Municipal Sewage,Cornwall,TOTAL AMMONIA NITROGEN,ECA/CofA/Permit Non-Compliance,2021-08-01,2021-08-31,1,mg/L,mon avg,1,1.63,1.63,Additional Monitoring Underway; Equipment Modified - Repaired - Replaced or Re-calibrated; New Equipment or Treatment Process Installed,Assessment Underway
The Corporation of the Nation Municipality,Limoges Wastewater Treatment Plant,1899 Route 500 W,The Nation,Municipal Sewage,Cornwall,TOTAL AMMONIA NITROGEN,ECA/CofA/Permit Non-Compliance,2021-09-01,2021-09-30,1,mg/L,mon avg,1,1.02,1.02,Equipment Modified - Repaired - Replaced or Re-calibrated; New Equipment or Treatment Process Installed; New/Modified Sampling Program Underway; Operational Process Modification,Assessment Underway
The Corporation of the Nation Municipality,Limoges Wastewater Treatment Plant,1899 Route 500 W,The Nation,Municipal Sewage,Cornwall,TOTAL AMMONIA NITROGEN,ECA/CofA/Permit Non-Compliance,2021-10-01,2021-10-31,1,mg/L,mon avg,1,2.78,2.78,Equipment Modified - Repaired - Replaced or Re-calibrated; New Equipment or Treatment Process Installed; Operational Process Modification,Assessment Underway
The Corporation of the Nation Municipality,Limoges Wastewater Treatment Plant,1899 Route 500 W,The Nation,Municipal Sewage,Cornwall,TOTAL AMMONIA NITROGEN,ECA/CofA/Permit Non-Compliance,2021-10-01,2021-10-31,3.5,kg/d,mon avg,1,4,4,Equipment Modified - Repaired - Replaced or Re-calibrated; New Equipment or Treatment Process Installed; Operational Process Modification,Assessment Underway
The Corporation of the Nation Municipality,Limoges Wastewater Treatment Plant,1899 Route 500 W,The Nation,Municipal Sewage,Cornwall,TOTAL AMMONIA NITROGEN,ECA/CofA/Permit Non-Compliance,2021-11-01,2021-11-30,5,mg/L,mon avg,1,5.54,5.54,Conducting Study; Equipment Modified - Repaired - Replaced or Re-calibrated; New Equipment or Treatment Process Installed; Operational Process Modification,Assessment Underway
The Corporation of the Nation Municipality,Limoges Wastewater Treatment Plant,1899 Route 500 W,The Nation,Municipal Sewage,Cornwall,TOTAL AMMONIA NITROGEN,ECA/CofA/Permit Non-Compliance,2021-12-01,2021-12-31,5,mg/L,mon avg,1,11.89,11.89,Additional Monitoring Underway; Equipment Modified - Repaired - Replaced or Re-calibrated; New Equipment or Treatment Process Installed; Operational Process Modification,Assessment Underway
The Corporation of the Nation Municipality,Limoges Wastewater Treatment Plant,1899 Route 500 W,The Nation,Municipal Sewage,Cornwall,TOTAL AMMONIA NITROGEN,ECA/CofA/Permit Non-Compliance,2021-12-01,2021-12-31,17.3,kg/d,mon avg,1,24.1,24.1,Additional Monitoring Underway; Equipment Modified - Repaired - Replaced or Re-calibrated; New Equipment or Treatment Process Installed; Operational Process Modification,Assessment Underway
The Corporation of the Nation Municipality,Village of Casselman Sewage Treatment Lagoon,224 Laurier St,Casselman,Municipal Sewage,Cornwall,TOTAL AMMONIA NITROGEN,ECA/CofA/Permit Non-Compliance,2021-02-01,2021-03-31,12,mg/L,mon avg,2,21.05,25.63,Equipment Modified - Repaired - Replaced or Re-calibrated; New Equipment or Treatment Process Installed; New/Amended Approval; Operational Process Modification,Assessment Complete - No Action Required
The Corporation of the Separated Town of St. Marys,St. Marys Wastewater Treatment Plant,309 Thomas St,St. Marys,Municipal Sewage,London,TOTAL SUSPENDED SOLIDS,ECA/CofA/Permit Non-Compliance,2021-04-21,2021-04-21,25,mg/L, /d,1,45,45,Operational Process Modification,Assessment Complete - Incident Resolved
The Corporation of the Separated Town of St. Marys,St. Marys Wastewater Treatment Plant,309 Thomas St,St. Marys,Municipal Sewage,London,"PHOSPHORUS, TOTAL",ECA/CofA/Permit Non-Compliance,2021-06-01,2021-06-01,1,mg/L, /d,1,1.21,1.21,Conducting Study,Assessment Complete - Incident Resolved
The Corporation of the Separated Town of St. Marys,St. Marys Wastewater Treatment Plant,309 Thomas St,St. Marys,Municipal Sewage,London,"PHOSPHORUS, TOTAL",ECA/CofA/Permit Non-Compliance,2021-07-06,2021-07-06,1,mg/L, /d,1,2.29,2.29,Conducting Study,Assessment Complete - No Action Required
The Corporation of the Separated Town of St. Marys,St. Marys Wastewater Treatment Plant,309 Thomas St,St. Marys,Municipal Sewage,London,"PHOSPHORUS, TOTAL",ECA/CofA/Permit Non-Compliance,2021-09-08,2021-09-08,1,mg/L, /d,1,2.08,2.08,None Required,Assessment Complete - No Action Required
The Corporation of the Town of Amherstburg,Boblo Island (RBC) WPCP,2 Boblo Island Blvd,Amherstburg,Municipal Sewage,Windsor,TOTAL SUSPENDED SOLIDS,ECA/CofA/Permit Non-Compliance,2021-04-01,2021-04-30,15,mg/L,mon avg,1,16.25,16.25,Other,Voluntary Abatement Program Underway
The Corporation of the Town of Amherstburg,Boblo Island (RBC) WPCP,2 Boblo Island Blvd,Amherstburg,Municipal Sewage,Windsor,TOTAL SUSPENDED SOLIDS,ECA/CofA/Permit Non-Compliance,2021-08-01,2021-08-31,15,mg/L,mon avg,1,16,16,None Required,Assessment Complete - No Action Required
The Corporation of the Town of Amherstburg,McGregor Sewage Lagoon,Lot 5 Concession 8 West of Walker Road,Amherstburg,Municipal Sewage,Windsor,CARBONACEOUS BIOCHEMICAL OXYGEN DEMAND,ECA/CofA/Permit Non-Compliance,2021-09-01,2021-09-30,10,mg/L,mon avg,1,59,59,Additional Monitoring Underway; Equipment Modified - Repaired - Replaced or Re-calibrated; New/Modified Sampling Program Underway,Assessment Underway
The Corporation of the Town of Amherstburg,McGregor Sewage Lagoon,Lot 5 Concession 8 West of Walker Road,Amherstburg,Municipal Sewage,Windsor,CARBONACEOUS BIOCHEMICAL OXYGEN DEMAND,ECA/CofA/Permit Non-Compliance,2021-10-01,2021-10-31,10,mg/L,mon avg,1,28,28,Additional Monitoring Underway; Equipment Modified - Repaired - Replaced or Re-calibrated; New/Modified Sampling Program Underway,Assessment Underway
The Corporation of the Town of Amherstburg,McGregor Sewage Lagoon,Lot 5 Concession 8 West of Walker Road,Amherstburg,Municipal Sewage,Windsor,TOTAL SUSPENDED SOLIDS,ECA/CofA/Permit Non-Compliance,2021-10-01,2021-10-31,10,mg/L,mon avg,1,10.25,10.25,Additional Monitoring Underway; Equipment Modified - Repaired - Replaced or Re-calibrated; New/Modified Sampling Program Underway,Assessment Underway
The Corporation of the Town of Amherstburg,McGregor Sewage Lagoon,Lot 5 Concession 8 West of Walker Road,Amherstburg,Municipal Sewage,Windsor,CARBONACEOUS BIOCHEMICAL OXYGEN DEMAND,ECA/CofA/Permit Non-Compliance,2021-11-01,2021-11-30,10,mg/L,mon avg,1,13.08,13.08,Additional Monitoring Underway; Equipment Modified - Repaired - Replaced or Re-calibrated; New/Modified Sampling Program Underway,Assessment Underway
The Corporation of the Town of Atikokan,Atikokan Water Pollution Control Plant,601 Mckenzie Ave,Atikokan,Municipal Sewage,Thunder Bay,TOTAL SUSPENDED SOLIDS,ECA/CofA/Permit Non-Compliance,2021-02-01,2021-02-28,25,mg/L,mon avg,1,29.5,29.5,Equipment Modified - Repaired - Replaced or Re-calibrated,Voluntary Abatement Program Underway
The Corporation of the Town of Atikokan,Atikokan Water Pollution Control Plant,601 Mckenzie Ave,Atikokan,Municipal Sewage,Thunder Bay,TOTAL SUSPENDED SOLIDS,ECA/CofA/Permit Non-Compliance,2021-09-01,2021-09-30,25,mg/L,mon avg,1,25.9,25.9,Equipment Modified - Repaired - Replaced or Re-calibrated; New/Modified Sampling Program Underway,Voluntary Abatement Program Underway
The Corporation of the Town of Atikokan,Atikokan Water Pollution Control Plant,601 Mckenzie Ave,Atikokan,Municipal Sewage,Thunder Bay,TOTAL SUSPENDED SOLIDS,ECA/CofA/Permit Non-Compliance,2021-12-01,2021-12-31,25,mg/L,mon avg,1,32.8,32.8,Equipment Modified - Repaired - Replaced or Re-calibrated,Assessment Underway
The Corporation of the Town of Aylmer,Aylmer Lagoon,9853 Rogers Rd,Malahide,Municipal Sewage,London,TOTAL AMMONIA NITROGEN,ECA/CofA/Permit Non-Compliance,2021-03-02,2021-03-02,2.8,mg/L,any,1,4.7,4.7,Additional Monitoring Underway; Conducting Study,Voluntary Abatement Program Underway
The Corporation of the Town of Aylmer,Aylmer Lagoon,9853 Rogers Rd,Malahide,Municipal Sewage,London,TOTAL AMMONIA NITROGEN,ECA/CofA/Permit Non-Compliance,2021-03-17,2021-03-17,2.8,mg/L,any,1,4.9,4.9,Additional Monitoring Underway; Conducting Study,Voluntary Abatement Program Underway
The Corporation of the Town of Aylmer,Aylmer Lagoon,9853 Rogers Rd,Malahide,Municipal Sewage,London,TOTAL AMMONIA NITROGEN,ECA/CofA/Permit Non-Compliance,2021-04-27,2021-04-27,1.2,mg/L,any,1,7.7,7.7,Additional Monitoring Underway; Conducting Study,Voluntary Abatement Program Underway
The Corporation of the Town of Aylmer,Aylmer Lagoon,9853 Rogers Rd,Malahide,Municipal Sewage,London,"PHOSPHORUS, TOTAL",ECA/CofA/Permit Non-Compliance,2021-07-01,2021-07-31,0.5,mg/L,mon avg,1,0.6,0.6,Additional Monitoring Underway; Conducting Study,Voluntary Abatement Program Underway
The Corporation of the Town of Aylmer,Aylmer Lagoon,9853 Rogers Rd,Malahide,Municipal Sewage,London,"PHOSPHORUS, TOTAL",ECA/CofA/Permit Non-Compliance,2021-08-01,2021-08-31,0.5,mg/L,mon avg,1,0.72,0.72,Additional Monitoring Underway; Conducting Study,Voluntary Abatement Program Underway
The Corporation of the Town of Aylmer,Aylmer Lagoon,9853 Rogers Rd,Malahide,Municipal Sewage,London,"PHOSPHORUS, TOTAL",ECA/CofA/Permit Non-Compliance,2021-09-01,2021-09-30,0.5,mg/L,mon avg,1,0.76,0.76,Operational Process Modification,Voluntary Abatement Program Underway
The Corporation of the Town of Aylmer,Aylmer Lagoon,9853 Rogers Rd,Malahide,Municipal Sewage,London,"PHOSPHORUS, TOTAL",ECA/CofA/Permit Non-Compliance,2021-10-01,2021-10-31,0.5,mg/L,mon avg,1,0.75,0.75,Operational Process Modification,Voluntary Abatement Program Underway
The Corporation of the Town of Carleton Place,Carleton Place Water Pollution Control Plant,122 Patterson Cres,Carleton Place,Municipal Sewage,Ottawa,TOTAL AMMONIA NITROGEN,ECA/CofA/Permit Non-Compliance,2021-05-01,2021-05-31,4.0,mg/L,mon avg,1,5.7,5.7,Operational Process Modification,"Assessment Underway, Voluntary Abatement Program Underway"
The Corporation of the Town of Cobalt,Cobalt Constructed Wetland Sewage Treatment Plant,100 Hudson Bay Rd,Cobalt,Municipal Sewage,North Bay,"PHOSPHORUS, TOTAL",Order Non-Compliance,2021-01-01,2021-01-31,23,kg, /mon,1,26.05,26.05,Conducting Study,Director's Order Issued; Voluntary Abatement Program Underway
The Corporation of the Town of Cobalt,Cobalt Constructed Wetland Sewage Treatment Plant,100 Hudson Bay Rd,Cobalt,Municipal Sewage,North Bay,"PHOSPHORUS, TOTAL",Order Non-Compliance,2021-02-01,2021-02-28,20,kg, /mon,1,21.76,21.76,Conducting Study,Director's Order Issued; Voluntary Abatement Program Underway
The Corporation of the Town of Cobalt,Cobalt Constructed Wetland Sewage Treatment Plant,100 Hudson Bay Rd,Cobalt,Municipal Sewage,North Bay,BIOCHEMICAL OXYGEN DEMAND,ECA/CofA/Permit Non-Compliance,2021-07-01,2021-07-31,242,kg, /mon,1,379.77,379.77,Conducting Study,Assessment Underway; Director's Order Issued; Provincial Officer's Order Issued
The Corporation of the Town of Cobalt,Cobalt Constructed Wetland Sewage Treatment Plant,100 Hudson Bay Rd,Cobalt,Municipal Sewage,North Bay,"PHOSPHORUS, TOTAL",ECA/CofA/Permit Non-Compliance,2021-07-01,2021-07-31,15,kg, /mon,1,24.35,24.35,Conducting Study,Assessment Underway; Director's Order Issued; Provincial Officer's Order Issued
The Corporation of the Town of Cobalt,Cobalt Constructed Wetland Sewage Treatment Plant,100 Hudson Bay Rd,Cobalt,Municipal Sewage,North Bay,TOTAL SUSPENDED SOLIDS,ECA/CofA/Permit Non-Compliance,2021-07-01,2021-07-31,242,kg, /mon,1,257.14,257.14,Conducting Study,Assessment Underway; Director's Order Issued; Provincial Officer's Order Issued
The Corporation of the Town of Cobalt,Cobalt Constructed Wetland Sewage Treatment Plant,100 Hudson Bay Rd,Cobalt,Municipal Sewage,North Bay,BIOCHEMICAL OXYGEN DEMAND,ECA/CofA/Permit Non-Compliance,2021-08-01,2021-08-31,242,kg, /mon,1,397.5,397.5,Conducting Study,Assessment Underway; Director's Order Issued; Provincial Officer's Order Issued
The Corporation of the Town of Cobourg,Cobourg Water Pollution Control Plant No. 1,420 King St W,Cobourg,Municipal Sewage,Peterborough,TOTAL AMMONIA NITROGEN,ECA/CofA/Permit Non-Compliance,2021-02-01,2021-02-28,6,mg/L,mon avg,1,10.3,10.3,Additional Monitoring Underway; Operational Process Modification,Assessment Underway; Other Abatement Action Taken
The Corporation of the Town of Cobourg,Cobourg Water Pollution Control Plant No. 1,420 King St W,Cobourg,Municipal Sewage,Peterborough,TOTAL AMMONIA NITROGEN,ECA/CofA/Permit Non-Compliance,2021-03-01,2021-03-31,6,mg/L,mon avg,1,9.96,9.96,Additional Monitoring Underway; Operational Process Modification,Assessment Underway; Other Abatement Action Taken
The Corporation of the Town of Englehart,Englehart Lift Station(No.1) Pump Replacement,Lagoon Rd,Englehart,Municipal Sewage,North Bay,PH - HIGH,ECA/CofA/Permit Non-Compliance,2021-07-13,2021-07-13,9,pH,Any,1,9.02,9.02,Other,Voluntary Abatement Program Underway
The Corporation of the Town of Essex,Essex Pollution Control Plant,3980 North Malden Rd,Essex,Municipal Sewage,Windsor,ESCHERICHIA COLI,ECA/CofA/Permit Non-Compliance,2021-10-01,2021-10-31,200,CT/100mL,mon avg. on a geo. mean density,1,214.263,214.263,Operational Process Modification,Voluntary Abatement Program Underway
The Corporation of the Town of Hearst,Hearst Sewage Treatment Lagoons,RP 6R-1719 Township of Kendall. Site entrance located approx. 1km south of Gaspese Rd. on Begin Rd.,Kendall,Municipal Sewage,Timmins,"PHOSPHORUS, TOTAL",ECA/CofA/Permit Non-Compliance,2021-06-22,2021-06-29,2.19,kg/d,/wk,1,4.86,4.86,None Required,Assessment Complete - No Action Required
The Corporation of the Town of Lakeshore,Belle River-Maidstone Water Pollution Control Plant (Denis St. Pierre WPCP),276 Rourke Line Rd Belle River,Lakeshore,Municipal Sewage,Windsor,TOTAL SUSPENDED SOLIDS,ECA/CofA/Permit Non-Compliance,2021-04-01,2021-04-30,14,mg/L,mon avg,1,14.2,14.2,Equipment Modified - Repaired - Replaced or Re-calibrated; Training/Procedure Change,Assessment Complete - Incident Resolved
The Corporation of the Town of Lakeshore,South Woodslee Water Pollution Control Plant,1711 King St Hamlet of South Woodslee,Lakeshore,Municipal Sewage,Windsor,TOTAL SUSPENDED SOLIDS,ECA/CofA/Permit Non-Compliance,2021-12-01,2021-12-31,10,mg/L,mon avg,1,15.75,15.75,None Required,Assessment Complete - No Action Required
The Corporation of the Town of New Tecumseth,Alliston Wastewater Treatment Plant,4982 Sir Frederick Banting Rd,New Tecumseth,Municipal Sewage,Barrie,PH - LOW,ECA/CofA/Permit Non-Compliance,2021-02-03,2021-02-03,6,pH,any,1,5.93,5.93,Other,Assessment Complete - No Action Required
The Corporation of the Town of New Tecumseth,Alliston Wastewater Treatment Plant,4982 Sir Frederick Banting Rd,New Tecumseth,Municipal Sewage,Barrie,PH - LOW,ECA/CofA/Permit Non-Compliance,2021-02-10,2021-02-10,6,pH,any,1,5.94,5.94,Other,Assessment Complete - No Action Required
The Corporation of the Town of New Tecumseth,Alliston Wastewater Treatment Plant,4982 Sir Frederick Banting Rd,New Tecumseth,Municipal Sewage,Barrie,PH - LOW,ECA/CofA/Permit Non-Compliance,2021-02-17,2021-02-17,6,pH,any,1,5.66,5.66,Other,Assessment Complete - No Action Required
The Corporation of the Town of New Tecumseth,Alliston Wastewater Treatment Plant,4982 Sir Frederick Banting Rd,New Tecumseth,Municipal Sewage,Barrie,PH - LOW,ECA/CofA/Permit Non-Compliance,2021-02-24,2021-02-24,6,pH,any,1,5.95,5.95,Other,Assessment Complete - No Action Required
The Corporation of the Town of New Tecumseth,Alliston Wastewater Treatment Plant,4982 Sir Frederick Banting Rd,New Tecumseth,Municipal Sewage,Barrie,PH - LOW,ECA/CofA/Permit Non-Compliance,2021-08-04,2021-08-04,6,pH,any,1,5.97,5.97,Additional Monitoring Underway; Conducting Study,Assessment Complete - No Action Required
The Corporation of the Town of Orangeville,Orangeville WPCP,16 Townline Rd E,Orangeville,Municipal Sewage,Guelph,TOTAL NITROGEN,ECA/CofA/Permit Non-Compliance,2021-07-01,2021-07-31,7.1,mg/L,mon avg,1,7.58,7.58,Equipment Modified - Repaired - Replaced or Re-calibrated,Assessment Complete - Incident Resolved
The Corporation of the Town of Penetanguishene,Fox Street WPCP,146 Fox St,Penetanguishene,Municipal Sewage,Barrie,"PHOSPHORUS, TOTAL",ECA/CofA/Permit Non-Compliance,2021-07-01,2021-07-31,0.2,mg/L,mon avg,1,0.22,0.22,Operational Process Modification,Assessment Complete - Incident Resolved
The Corporation of the Town of Petawawa,Petawawa Sewage Treatment Plant,1 East St S,Petawawa,Municipal Sewage,Ottawa,PH - LOW,ECA/CofA/Permit Non-Compliance,2021-09-27,2021-09-28,6,pH,24hr,1,2.76,2.76,Conducting Study; Training/Procedure Change,Assessment Complete - No Action Required
The Corporation of the Town of Petrolia,Petrolia Wastewater Treatment Plant,546 Maude St,Petrolia,Municipal Sewage,Sarnia,PH - LOW,ECA/CofA/Permit Non-Compliance,2021-08-23,2021-08-26,6,pH,any,6,5.52,5.95,Operational Process Modification,Assessment Complete - Incident Resolved
The Corporation of the Town of Plympton-Wyoming,Plympton STP 4043 Aberarder Line Camlachie,482 Broadway St,Plympton-Wyoming,Municipal Sewage,Sarnia,TOTAL AMMONIA NITROGEN,ECA/CofA/Permit Non-Compliance,2021-05-01,2021-05-31,3,mg/L,mon avg,1,7.85,7.85,Equipment Modified - Repaired - Replaced or Re-calibrated,Assessment Complete - Incident Resolved
The Corporation of the Town of Plympton-Wyoming,Plympton STP 4043 Aberarder Line Camlachie,482 Broadway St,Plympton-Wyoming,Municipal Sewage,Sarnia,TOTAL SUSPENDED SOLIDS,ECA/CofA/Permit Non-Compliance,2021-06-01,2021-06-30,15,mg/L,mon avg,1,19.4,19.4,Operational Process Modification,Assessment Complete - Incident Resolved
The Corporation of the Town of Plympton-Wyoming,Plympton STP 4043 Aberarder Line Camlachie,482 Broadway St,Plympton-Wyoming,Municipal Sewage,Sarnia,TOTAL SUSPENDED SOLIDS,ECA/CofA/Permit Non-Compliance,2021-09-01,2021-09-30,15,mg/L,mon avg,1,16.5,16.5,Action Plan Submitted - Implementing Improvements,Assessment Complete - Incident Resolved
The Corporation of the Town of Plympton-Wyoming,Wyoming Wastewater Treatment Plant,482 Broadway St,Plympton-Wyoming,Municipal Sewage,Sarnia,TOTAL SUSPENDED SOLIDS,ECA/CofA/Permit Non-Compliance,2021-02-01,2021-02-28,15,mg/L,mon avg,1,31.3,31.3,Equipment Modified - Repaired - Replaced or Re-calibrated,Assessment Complete - Incident Resolved
The Corporation of the Town of Plympton-Wyoming,Wyoming Wastewater Treatment Plant,482 Broadway St,Plympton-Wyoming,Municipal Sewage,Sarnia,PH - LOW,ECA/CofA/Permit Non-Compliance,2021-02-09,2021-02-09,6,pH,any,1,5.86,5.86,Other,Assessment Complete - Incident Resolved
The Corporation of the Town of Plympton-Wyoming,Wyoming Wastewater Treatment Plant,482 Broadway St,Plympton-Wyoming,Municipal Sewage,Sarnia,PH - LOW,ECA/CofA/Permit Non-Compliance,2021-02-16,2021-02-16,6,pH,any,1,5.09,5.09,Other,Assessment Complete - Incident Resolved
The Corporation of the Town of Plympton-Wyoming,Wyoming Wastewater Treatment Plant,482 Broadway St,Plympton-Wyoming,Municipal Sewage,Sarnia,PH - LOW,ECA/CofA/Permit Non-Compliance,2021-02-23,2021-02-23,6,pH,any,1,5.25,5.25,Other,Assessment Complete - Incident Resolved
The Corporation of the Town of Plympton-Wyoming,Wyoming Wastewater Treatment Plant,482 Broadway St,Plympton-Wyoming,Municipal Sewage,Sarnia,PH - LOW,ECA/CofA/Permit Non-Compliance,2021-04-26,2021-05-27,6,pH,any,9,5.62,5.99,Operational Process Modification,Assessment Complete - Incident Resolved
The Corporation of the Town of Plympton-Wyoming,Wyoming Wastewater Treatment Plant,482 Broadway St,Plympton-Wyoming,Municipal Sewage,Sarnia,ESCHERICHIA COLI,ECA/CofA/Permit Non-Compliance,2021-10-01,2021-10-31,200,CT/100mL,mon avg. on a geo. mean density,1,208,208,Other,Assessment Complete - Incident Resolved
The Corporation of the Town of Renfrew,Renfrew Water Treatment Plant,244 McAndrew Ave,Renfrew,Municipal Sewage,Ottawa,Total Residual Chlorine,Licence Non-Compliance,2021-05-01,2021-12-31,0.02,mg/L,annual avg,1,0.33,0.33,New Equipment or Treatment Process Installed; Operational Process Modification,Assessment Complete - No Action Required
The Corporation of the Town of Shelburne,Shelburne Wastewater Treatment Plant,300 Centennial Rd,Shelburne,Municipal Sewage,Guelph,CARBONACEOUS BIOCHEMICAL OXYGEN DEMAND,ECA/CofA/Permit Non-Compliance,2021-06-01,2021-06-30,17.1,kg/d,mon avg,1,23.94,23.94,Additional Monitoring Underway; Equipment Modified - Repaired - Replaced or Re-calibrated,Voluntary Abatement Program Underway
The Corporation of the Town of Shelburne,Shelburne Wastewater Treatment Plant,300 Centennial Rd,Shelburne,Municipal Sewage,Guelph,CARBONACEOUS BIOCHEMICAL OXYGEN DEMAND,ECA/CofA/Permit Non-Compliance,2021-06-01,2021-06-30,5,mg/L,mon avg,1,11.6,11.6,Additional Monitoring Underway; Equipment Modified - Repaired - Replaced or Re-calibrated,Voluntary Abatement Program Underway
The Corporation of the Town of Shelburne,Shelburne Wastewater Treatment Plant,300 Centennial Rd,Shelburne,Municipal Sewage,Guelph,CARBONACEOUS BIOCHEMICAL OXYGEN DEMAND,ECA/CofA/Permit Non-Compliance,2021-07-01,2021-07-31,5,mg/L,mon avg,1,6.3,6.3,Equipment Modified - Repaired - Replaced or Re-calibrated,Voluntary Abatement Program Underway
The Corporation of the Township of Alfred and Plantagenet,Village of Plantagenet sewage treatment lagoon,"656 County Road 9, Alfred and Plantagenet, Township; ",Prescott and Russell,Municipal Sewage,Cornwall,TOTAL SUSPENDED SOLIDS,ECA/CofA/Permit Non-Compliance,2021-11-22,2021-12-09,25,mg/L,seasonal avg,1,31,31,Conducting Study,Assessment Underway
The Corporation of the Township of Alfred and Plantagenet,Wendover Sewage Treatment Plant,3081 County Road 17,Alfred and Plantagenet,Municipal Sewage,Cornwall,"PHOSPHORUS, TOTAL",ECA/CofA/Permit Non-Compliance,2021-02-01,2021-02-28,0.7,mg/L,mon avg,1,1,1,Operational Process Modification,Assessment Complete - Incident Resolved; Assessment Complete - No Action Required
The Corporation of the Township of Alfred and Plantagenet,Wendover Sewage Treatment Plant,3081 County Road 17,Alfred and Plantagenet,Municipal Sewage,Cornwall,TOTAL SUSPENDED SOLIDS,ECA/CofA/Permit Non-Compliance,2021-02-01,2021-02-28,25,mg/L,mon avg,1,30,30,Operational Process Modification,Assessment Complete - Incident Resolved; Assessment Complete - No Action Required
The Corporation of the Township of Alfred and Plantagenet,Wendover Sewage Treatment Plant,3081 County Road 17,Alfred and Plantagenet,Municipal Sewage,Cornwall,PH - LOW,ECA/CofA/Permit Non-Compliance,2021-05-28,2021-05-28,6,pH,Any,1,5.3,5.3,New/Modified Sampling Program Underway; None Required,Assessment Complete - No Action Required
The Corporation of the Township of Alfred and Plantagenet,Wendover Sewage Treatment Plant,3081 County Road 17,Alfred and Plantagenet,Municipal Sewage,Cornwall,PH - LOW,ECA/CofA/Permit Non-Compliance,2021-08-16,2021-08-16,6,pH,Any,1,5.8,5.8,New/Modified Sampling Program Underway; None Required,Assessment Complete - No Action Required
The Corporation of the Township of Alfred and Plantagenet,Wendover Sewage Treatment Plant,3081 County Road 17,Alfred and Plantagenet,Municipal Sewage,Cornwall,"PHOSPHORUS, TOTAL",ECA/CofA/Permit Non-Compliance,2021-10-01,2021-10-31,0.7,mg/L,mon avg,1,1.1,1.1,Equipment Modified - Repaired - Replaced or Re-calibrated; Operational Process Modification,Assessment Complete - No Action Required
The Corporation of the Township of Armstrong,Earlton Wastewater Collection and Treatment System,"Lot: 6, 7, 8, Concession: 3, 4,  Geographic Township: ARMSTRONG",Armstrong,Municipal Sewage,North Bay,HYDROGEN SULFIDE,ECA/CofA/Permit Non-Compliance,2021-04-14,2021-04-14,0.02,mg/L,any,1,0.03,0.03,Operational Process Modification,Voluntary Abatement Program Underway
The Corporation of the Township of Armstrong,Earlton Wastewater Collection and Treatment System,"Lot: 6, 7, 8, Concession: 3, 4,  Geographic Township: ARMSTRONG",Armstrong,Municipal Sewage,North Bay,HYDROGEN SULFIDE,ECA/CofA/Permit Non-Compliance,2021-10-26,2021-10-26,0.02,mg/L,any,1,0.03,0.03,Operational Process Modification,Voluntary Abatement Program Underway
The Corporation of the Township of Armstrong,Earlton Wastewater Collection and Treatment System,"Lot: 6, 7, 8, Concession: 3, 4,  Geographic Township: ARMSTRONG",Armstrong,Municipal Sewage,North Bay,HYDROGEN SULFIDE,ECA/CofA/Permit Non-Compliance,2021-11-02,2021-11-02,0.02,mg/L,any,1,0.03,0.03,Operational Process Modification,Voluntary Abatement Program Underway
The Corporation of the Township of Asphodel-Norwood,Norwood Water Pollution Control Plant,34 Industrial Dr,Asphodel-Norwood,Municipal Sewage,Peterborough,"PHOSPHORUS, TOTAL",ECA/CofA/Permit Non-Compliance,2021-05-01,2021-05-30,0.24,mg/L,mon avg,1,0.2475,0.2475,Equipment Modified - Repaired - Replaced or Re-calibrated,Assessment Complete - Incident Resolved
The Corporation of the Township of Black River-Matheson,Val Gagne Sewage Lagoon,Val Gagne community,Black River-Matheson,Municipal Sewage,Timmins,TOTAL SUSPENDED SOLIDS,ECA/CofA/Permit Non-Compliance,2021-11-02,2021-11-02,25,mg/L,avg of 3 consecutive samples,1,29,29,Training/Procedure Change,Voluntary Abatement Program Underway
The Corporation of the Township of Blandford-Blenheim,Plattsville Sewage Lagoon,"906885,Township Road 12 ,Blanford-Blenheim",Blandford-Blenheim,Municipal Sewage,London,TOTAL SUSPENDED SOLIDS,ECA/CofA/Permit Non-Compliance,2021-10-01,2021-10-31,10,mg/L,mon avg,1,11.4,11.4,Operational Process Modification,Assessment Complete - Incident Resolved
The Corporation of the Township of Cavan-Monaghan,Millbrook Wastewater Treatment Plant,25 Centennial Lane Millbrook,Cavan Monaghan,Municipal Sewage,Peterborough,TOTAL SUSPENDED SOLIDS,ECA/CofA/Permit Non-Compliance,2021-05-01,2021-05-31,6,mg/L,mon avg,1,6.8,6.8,Operational Process Modification,Assessment Complete - No Action Required
The Corporation of the Township of Cavan-Monaghan,Millbrook Wastewater Treatment Plant,25 Centennial Lane Millbrook,Cavan Monaghan,Municipal Sewage,Peterborough,TOTAL SUSPENDED SOLIDS,ECA/CofA/Permit Non-Compliance,2021-09-01,2021-09-30,6,mg/L,mon avg,1,6.85,6.85,Equipment modified - Repaired - Replaced or Re-calibrated,Assessment Complete - No Action Required
The Corporation of the Township of Cavan-Monaghan,Millbrook Wastewater Treatment Plant,25 Centennial Lane Millbrook,Cavan Monaghan,Municipal Sewage,Peterborough,TOTAL AMMONIA NITROGEN,ECA/CofA/Permit Non-Compliance,2021-11-01,2021-11-30,3.72,mg/L,mon avg,1,3.72,3.72,"Additional monitoring underway, equipment modified",Assessment Complete - No Action Required
The Corporation of the Township of Clearview,Creemore Sewage Treatment Plant,81 Mary St 81-83 Mary Street,Clearview,Municipal Sewage,Barrie,"PHOSPHORUS, TOTAL",ECA/CofA/Permit Non-Compliance,2021-01-01,2021-01-31,0.2,mg/L,mon avg,1,0.33,0.33,New Equipment or Treatment Process Installed,Assessment Complete - No Action Required
The Corporation of the Township of Clearview,Creemore Sewage Treatment Plant,81 Mary St 81-83 Mary Street,Clearview,Municipal Sewage,Barrie,"PHOSPHORUS, TOTAL",ECA/CofA/Permit Non-Compliance,2021-04-01,2021-04-30,0.2,mg/L,mon avg,1,0.22,0.22,Additional Monitoring Underway,Assessment Complete - No Action Required
The Corporation of the Township of Clearview,Creemore Sewage Treatment Plant,81 Mary St 81-83 Mary Street,Clearview,Municipal Sewage,Barrie,TOTAL AMMONIA NITROGEN,ECA/CofA/Permit Non-Compliance,2021-12-01,2021-12-31,4,mg/L,mon avg,1,6.27,6.27,Operational Process Modification,Assessment Complete - Incident Resolved; Voluntary Abatement Program Underway
The Corporation of the Township of Clearview,Stayner Sewage Treatment Plant,300 Mowat St N Stayner,Clearview,Municipal Sewage,Barrie,"PHOSPHORUS, TOTAL",ECA/CofA/Permit Non-Compliance,2021-08-01,2021-08-31,0.13,kg/d,mon avg,1,0.19,0.19,Operational Process Modification,Assessment Complete - Incident Resolved
The Corporation of the Township of Clearview,Stayner Sewage Treatment Plant,300 Mowat St N Stayner,Clearview,Municipal Sewage,Barrie,TOTAL AMMONIA NITROGEN,ECA/CofA/Permit Non-Compliance,2021-08-01,2021-08-31,0.5,kg/d,mon avg,1,0.63,0.63,Operational Process Modification,Assessment Complete - Incident Resolved
The Corporation of the Township of Clearview,Stayner Sewage Treatment Plant,300 Mowat St N Stayner,Clearview,Municipal Sewage,Barrie,TOTAL SUSPENDED SOLIDS,ECA/CofA/Permit Non-Compliance,2021-08-01,2021-08-31,4.8,kg/d,mon avg,1,7.8,7.8,Operational Process Modification,Assessment Complete - Incident Resolved
The Corporation of the Township of Clearview,Stayner Sewage Treatment Plant,300 Mowat St N Stayner,Clearview,Municipal Sewage,Barrie,CARBONACEOUS BIOCHEMICAL OXYGEN DEMAND,ECA/CofA/Permit Non-Compliance,2021-09-01,2021-09-30,1.9,kg/d,mon avg,1,4.76,4.76,Operational Process Modification,Assessment Complete - Incident Resolved
The Corporation of the Township of Clearview,Stayner Sewage Treatment Plant,300 Mowat St N Stayner,Clearview,Municipal Sewage,Barrie,"PHOSPHORUS, TOTAL",ECA/CofA/Permit Non-Compliance,2021-09-01,2021-09-30,0.08,kg/d,mon avg,1,0.91,0.91,Operational Process Modification,Assessment Complete - Incident Resolved
The Corporation of the Township of Clearview,Stayner Sewage Treatment Plant,300 Mowat St N Stayner,Clearview,Municipal Sewage,Barrie,TOTAL SUSPENDED SOLIDS,ECA/CofA/Permit Non-Compliance,2021-09-01,2021-09-30,2.9,kg/d,mon avg,1,22.1,22.1,Operational Process Modification,Assessment Complete - Incident Resolved
The Corporation of the Township of Clearview,Stayner Sewage Treatment Plant,300 Mowat St N Stayner,Clearview,Municipal Sewage,Barrie,CARBONACEOUS BIOCHEMICAL OXYGEN DEMAND,ECA/CofA/Permit Non-Compliance,2021-12-01,2021-12-31,10,mg/L,mon avg,1,13.6,13.6,Additional Monitoring Underway,Assessment Complete - Incident Resolved
The Corporation of the Township of Clearview,Stayner Sewage Treatment Plant,300 Mowat St N Stayner,Clearview,Municipal Sewage,Barrie,CARBONACEOUS BIOCHEMICAL OXYGEN DEMAND,ECA/CofA/Permit Non-Compliance,2021-12-01,2021-12-31,33.3,kg/d,mon avg,1,44.75,44.75,None Required,Assessment Complete - No Action Required
The Corporation of the Township of Clearview,Stayner Sewage Treatment Plant,300 Mowat St N Stayner,Clearview,Municipal Sewage,Barrie,TOTAL SUSPENDED SOLIDS,ECA/CofA/Permit Non-Compliance,2021-12-01,2021-12-31,15,mg/L,mon avg,1,22.4,22.4,Additional Monitoring Underway,Assessment Complete - Incident Resolved
The Corporation of the Township of Clearview,Stayner Sewage Treatment Plant,300 Mowat St N Stayner,Clearview,Municipal Sewage,Barrie,TOTAL SUSPENDED SOLIDS,ECA/CofA/Permit Non-Compliance,2021-12-01,2021-12-31,50,kg/d,mon avg,1,73.7,73.7,None Required,Assessment Complete - No Action Required
The Corporation of the Township of Cramahe,1108 Ontario Street - Colborne WPCP,1108 Ontario St,Cramahe,Municipal Sewage,Peterborough,Total Residual Chlorine,ECA/CofA/Permit Non-Compliance,2021-04-23,2021-04-23,0.02,mg/L,any,1,0.04,0.04,None Required,Other Abatement Action Taken
The Corporation of the Township of Cramahe,1108 Ontario Street - Colborne WPCP,1108 Ontario St,Cramahe,Municipal Sewage,Peterborough,ESCHERICHIA COLI,ECA/CofA/Permit Non-Compliance,2021-10-01,2021-10-31,200,CT/100mL,mon avg. on a geo. mean density,1,554.2,554.2,None Required,Assessment Complete - No Action Required
The Corporation of the Township of Emo,Emo Sewage Lagoon," J, K, L, F, P, E, Concession: Municipal Township of Lash",Emo,Municipal Sewage,Kenora,PH - HIGH,ECA/CofA/Permit Non-Compliance,2021-09-26,2021-10-09,9,pH, /wk,2,9.16,9.4,None Required,Assessment Complete - No Action Required
The Corporation of the Township of Enniskillen,Oil City Lagoons,"Lot 14, Conc. 5, Enniskillen",Enniskillen,Municipal Sewage,Sarnia,TOTAL SUSPENDED SOLIDS,Policy/Guideline Non-Conformance,2021-03-26,2021-03-28,25,mg/L,seasonal avg,1,38,38,Other,Assessment Complete - No Action Required
The Corporation of the Township of Enniskillen,Oil City Lagoons,"Lot 14, Conc. 5, Enniskillen",Enniskillen,Municipal Sewage,Sarnia,CARBONACEOUS BIOCHEMICAL OXYGEN DEMAND,Policy/Guideline Non-Conformance,2021-10-13,2021-10-14,15,mg/L,seasonal avg,1,19,19,Operational Process Modification,Assessment Complete - Incident Resolved
The Corporation of the Township of Enniskillen,Oil City Lagoons,"Lot 14, Conc. 5, Enniskillen",Enniskillen,Municipal Sewage,Sarnia,TOTAL SUSPENDED SOLIDS,Policy/Guideline Non-Conformance,2021-10-13,2021-10-14,25,mg/L,seasonal avg,1,38.5,38.5,Operational Process Modification,Assessment Complete - Incident Resolved
The Corporation of the Township of Essa,Angus Water Pollution Control Plant,143 Centre St,Essa,Municipal Sewage,Barrie,"PHOSPHORUS, TOTAL",ECA/CofA/Permit Non-Compliance,2021-01-01,2021-01-31,0.3,mg/L,mon avg,1,0.41,0.41,None Required,Assessment Complete - Incident Resolved
The Corporation of the Township of Essa,Angus Water Pollution Control Plant,143 Centre St,Essa,Municipal Sewage,Barrie,"PHOSPHORUS, TOTAL",ECA/CofA/Permit Non-Compliance,2021-07-01,2021-07-31,0.3,mg/L,mon avg,1,0.34,0.34,Equipment Modified - Repaired - Replaced or Re-calibrated,Assessment Complete - Incident Resolved
The Corporation of the Township of Essa,Angus Water Pollution Control Plant,143 Centre St,Essa,Municipal Sewage,Barrie,TOTAL AMMONIA NITROGEN,ECA/CofA/Permit Non-Compliance,2021-08-01,2021-08-31,0.6,mg/L,mon avg,1,4.5,4.5,Equipment Modified - Repaired - Replaced or Re-calibrated; Operational Process Modification,Assessment Complete - Incident Resolved; Assessment Complete - No Action Required
The Corporation of the Township of Essa,Angus Water Pollution Control Plant,143 Centre St,Essa,Municipal Sewage,Barrie,TOTAL AMMONIA NITROGEN,ECA/CofA/Permit Non-Compliance,2021-08-01,2021-08-31,3.3,kg/d,mon avg,1,12.16,12.16,Equipment Modified - Repaired - Replaced or Re-calibrated; Operational Process Modification,Assessment Complete - Incident Resolved; Assessment Complete - No Action Required
The Corporation of the Township of Essa,Angus Water Pollution Control Plant,143 Centre St,Essa,Municipal Sewage,Barrie,TOTAL AMMONIA NITROGEN,ECA/CofA/Permit Non-Compliance,2021-09-01,2021-09-30,0.6,mg/L,mon avg,1,5,5,Equipment Modified - Repaired - Replaced or Re-calibrated,Assessment Complete - Incident Resolved
The Corporation of the Township of Essa,Angus Water Pollution Control Plant,143 Centre St,Essa,Municipal Sewage,Barrie,TOTAL AMMONIA NITROGEN,ECA/CofA/Permit Non-Compliance,2021-09-01,2021-09-30,3.3,kg/d,mon avg,1,13.6,13.6,Equipment Modified - Repaired - Replaced or Re-calibrated,Assessment Complete - Incident Resolved
The Corporation of the Township of Essa,Angus Water Pollution Control Plant,143 Centre St,Essa,Municipal Sewage,Barrie,TOTAL AMMONIA NITROGEN,ECA/CofA/Permit Non-Compliance,2021-10-01,2021-10-31,0.6,mg/L,mon avg,1,1.1,1.1,None Required,Assessment Complete - Incident Resolved
The Corporation of the Township of Essa,Angus Water Pollution Control Plant,143 Centre St,Essa,Municipal Sewage,Barrie,TOTAL AMMONIA NITROGEN,ECA/CofA/Permit Non-Compliance,2021-12-01,2021-12-31,3.1,mg/L,mon avg,1,7.6,7.6,New Equipment or Treatment Process Installed,Assessment Complete - Incident Resolved
The Corporation of the Township of Essa,Angus Water Pollution Control Plant,143 Centre St,Essa,Municipal Sewage,Barrie,TOTAL AMMONIA NITROGEN,ECA/CofA/Permit Non-Compliance,2021-12-01,2021-12-31,1.7,kg/d,mon avg,1,20.7,20.7,New Equipment or Treatment Process Installed,Assessment Complete - Incident Resolved
The Corporation of the Township of Lucan Biddulph,Granton Wastewater Treatment Plant,34195 Middlesex County Road 59 Lot 27 Concession 12,Lucan Biddulph,Municipal Sewage,London,TOTAL SUSPENDED SOLIDS,ECA/CofA/Permit Non-Compliance,2021-03-01,2021-03-31,10,mg/L,mon avg,1,18.4,18.4,Operational Process Modification,Voluntary Abatement Program Underway
The Corporation of the Township of Lucan Biddulph,Granton Wastewater Treatment Plant,34195 Middlesex County Road 59 Lot 27 Concession 12,Lucan Biddulph,Municipal Sewage,London,TOTAL SUSPENDED SOLIDS,ECA/CofA/Permit Non-Compliance,2021-04-01,2021-04-30,10,mg/L,mon avg,1,14.6,14.6,Operational Process Modification,Voluntary Abatement Program Underway
The Corporation of the Township of Lucan Biddulph,Granton Wastewater Treatment Plant,34195 Middlesex County Road 59 Lot 27 Concession 12,Lucan Biddulph,Municipal Sewage,London,TOTAL SUSPENDED SOLIDS,ECA/CofA/Permit Non-Compliance,2021-05-01,2021-05-31,10,mg/L,mon avg,1,10.5,10.5,Operational Process Modification,Voluntary Abatement Program Underway
The Corporation of the Township of Lucan Biddulph,Granton Wastewater Treatment Plant,34195 Middlesex County Road 59 Lot 27 Concession 12,Lucan Biddulph,Municipal Sewage,London,TOTAL SUSPENDED SOLIDS,ECA/CofA/Permit Non-Compliance,2021-06-01,2021-06-30,10,mg/L,mon avg,1,17.2,17.2,Operational Process Modification,Voluntary Abatement Program Underway
The Corporation of the Township of Lucan Biddulph,Granton Wastewater Treatment Plant,34195 Middlesex County Road 59 Lot 27 Concession 12,Lucan Biddulph,Municipal Sewage,London,TOTAL SUSPENDED SOLIDS,ECA/CofA/Permit Non-Compliance,2021-07-01,2021-07-31,10,mg/L,mon avg,1,13.8,13.8,Operational Process Modification,Voluntary Abatement Program Underway
The Corporation of the Township of Lucan Biddulph,Granton Wastewater Treatment Plant,34195 Middlesex County Road 59 Lot 27 Concession 12,Lucan Biddulph,Municipal Sewage,London,TOTAL SUSPENDED SOLIDS,ECA/CofA/Permit Non-Compliance,2021-08-01,2021-08-31,10,mg/L,mon avg,1,10.4,10.4,Operational Process Modification,Voluntary Abatement Program Underway
The Corporation of the Township of Lucan Biddulph,Granton Wastewater Treatment Plant,34195 Middlesex County Road 59 Lot 27 Concession 12,Lucan Biddulph,Municipal Sewage,London,TOTAL SUSPENDED SOLIDS,ECA/CofA/Permit Non-Compliance,2021-09-01,2021-09-30,10,mg/L,mon avg,1,13,13,Operational Process Modification,Voluntary Abatement Program Underway
The Corporation of the Township of Madawaska Valley,Barry's Bay Sewage Treatment Plant,107 Lakeshore Dr,Madawaska Valley,Municipal Sewage,Ottawa,"PHOSPHORUS, TOTAL",ECA/CofA/Permit Non-Compliance,2021-12-01,2021-12-31,0.2,mg/L,mon avg,1,0.3,0.3,Conducting Study; Training/Procedure Change,Assessment Complete - No Action Required
The Corporation of the Township of Madawaska Valley,Barry's Bay Sewage Treatment Plant,107 Lakeshore Dr,Madawaska Valley,Municipal Sewage,Ottawa,TOTAL SUSPENDED SOLIDS,ECA/CofA/Permit Non-Compliance,2021-12-01,2021-12-31,15,mg/L,mon avg,1,17,17,Conducting Study; Training/Procedure Change,Assessment Complete - No Action Required
The Corporation of the Township of McGarry,McGarry Sewage Treatment System,98 Cornell Dr McGarry Mining Claim MC L5414 PCL 348CST,McGarry,Municipal Sewage,Timmins,TOTAL AMMONIA NITROGEN,ECA/CofA/Permit Non-Compliance,2021-03-01,2021-03-31,5,kg/d,mon avg,1,6.7,6.7,Action Plan Submitted - Implementing Improvements; Operational Process Modification,Assessment Complete - No Action Required
The Corporation of the Township of McGarry,McGarry Sewage Treatment System,98 Cornell Dr McGarry Mining Claim MC L5414 PCL 348CST,McGarry,Municipal Sewage,Timmins,"PHOSPHORUS, TOTAL",ECA/CofA/Permit Non-Compliance,2021-08-01,2021-08-31,0.5,mg/L,mon avg,1,0.531,0.531,Operational Process Modification,Other Abatement Action Taken
The Corporation of the Township of McGarry,McGarry Sewage Treatment System,98 Cornell Dr McGarry Mining Claim MC L5414 PCL 348CST,McGarry,Municipal Sewage,Timmins,"PHOSPHORUS, TOTAL",ECA/CofA/Permit Non-Compliance,2021-10-01,2021-10-31,0.5,mg/L,mon avg,1,0.875,0.875,Operational Process Modification,Assessment Complete - No Action Required; Other Abatement Action Taken
The Corporation of the Township of McGarry,McGarry Sewage Treatment System,98 Cornell Dr McGarry Mining Claim MC L5414 PCL 348CST,McGarry,Municipal Sewage,Timmins,TOTAL SUSPENDED SOLIDS,ECA/CofA/Permit Non-Compliance,2021-10-01,2021-10-31,25,mg/L,mon avg,1,28.8,28.8,Operational Process Modification,Assessment Complete - No Action Required; Other Abatement Action Taken
The Corporation of the Township of Minden Hills,Minden Water Pollution Control Plant,"Lot 1 and 2, Concession: A, Minden",Minden Hills,Municipal Sewage,Peterborough,Total Residual Chlorine,ECA/CofA/Permit Non-Compliance,2021-03-27,2021-03-27,0.02,mg/L,any,1,0.06,0.06,Operational Process Modification,Assessment Complete - No Action Required
The Corporation of the Township of North Dundas,Chesterville Sewage Lagoon,"Lot: 20, Concession: 4,  Geographic Township: WINCHESTER, North Dundas, Township, United Counties of Stormont Dundas and Glengarry",North Dundas,Municipal Sewage,Cornwall,TOTAL SUSPENDED SOLIDS,ECA/CofA/Permit Non-Compliance,2021-04-14,2021-04-30,30,mg/L,seasonal avg,1,38.3,38.3,Conducting Study,Assessment Underway
The Corporation of the Township of North Dundas,Winchester Sewage Lagoon,12396 Ottawa St N,North Dundas,Municipal Sewage,Cornwall,TOTAL SUSPENDED SOLIDS,ECA/CofA/Permit Non-Compliance,2021-03-30,2021-04-19,40,mg/L,seasonal avg,1,81,81,None Required,Assessment Complete - Incident Resolved
The Corporation of the Township of North Stormont,Moose Creek Sewage Lagoons,"Lot 22 Concession 7, Geographic Township: Roxborough, North Stormont, Township, United",North Stormont,Municipal Sewage,Cornwall,TOTAL SUSPENDED SOLIDS,ECA/CofA/Permit Non-Compliance,2021-04-21,2021-04-30,30,mg/L,seasonal avg,1,42.8,42.8,None Required,Assessment Complete - Incident Resolved
The Corporation of the Township of Opasatika,Opasatika Sewage Lagoon,"Lot: 25, Concession: 12,  Geographic Township: OPASATIKA",Opasatika,Municipal Sewage,Timmins,TOTAL SUSPENDED SOLIDS,Policy/Guideline Non-Conformance,2021-05-03,2021-05-17,40,mg/L,seasonal avg,1,63.7,63.7,None Required,Assessment Complete - No Action Required
The Corporation of the Township of Opasatika,Opasatika Sewage Lagoon,"Lot: 25, Concession: 12,  Geographic Township: OPASATIKA",Opasatika,Municipal Sewage,Timmins,"PHOSPHORUS, TOTAL",ECA/CofA/Permit Non-Compliance,2021-10-19,2021-11-02,1,mg/L,seasonal avg,1,1.1,1.1,None Required,Assessment Complete - No Action Required
The Corporation of the Township of Perth East,Milverton WPCP,Mill Street Lot 5 Conc. 3 (Mornington Ward),Perth East,Municipal Sewage,London,CARBONACEOUS BIOCHEMICAL OXYGEN DEMAND,ECA/CofA/Permit Non-Compliance,2021-03-01,2021-03-31,15,mg/L,mon avg,1,26.3,26.3,Operational Process Modification,Assessment Complete - No Action Required
The Corporation of the Township of Perth East,Milverton WPCP,Mill Street Lot 5 Conc. 3 (Mornington Ward),Perth East,Municipal Sewage,London,"PHOSPHORUS, TOTAL",ECA/CofA/Permit Non-Compliance,2021-03-01,2021-03-31,1,mg/L,mon avg,1,2.95,2.95,Operational Process Modification,Assessment Complete - No Action Required
The Corporation of the Township of Perth East,Milverton WPCP,Mill Street Lot 5 Conc. 3 (Mornington Ward),Perth East,Municipal Sewage,London,TOTAL SUSPENDED SOLIDS,ECA/CofA/Permit Non-Compliance,2021-11-01,2021-11-30,15,mg/L,mon avg,1,17.1,17.1,None Required,Assessment Complete - Incident Resolved
The Corporation of the Township of Perth East,Shakespeare Wastewater Treatment Plant,3976 Galt St Perth East,Perth East,Municipal Sewage,London,ESCHERICHIA COLI,ECA/CofA/Permit Non-Compliance,2021-03-01,2021-03-31,100,CT/100mL,mon avg. on a geo. mean density,1,108,108,Operational Process Modification,Voluntary Abatement Program Underway
The Corporation of the Township of Perth East,Shakespeare Wastewater Treatment Plant,3976 Galt St Perth East,Perth East,Municipal Sewage,London,TOTAL SUSPENDED SOLIDS,ECA/CofA/Permit Non-Compliance,2021-03-01,2021-03-31,10,mg/L,mon avg,1,16,16,Operational Process Modification,Voluntary Abatement Program Underway
The Corporation of the Township of Perth East,Shakespeare Wastewater Treatment Plant,3976 Galt St Perth East,Perth East,Municipal Sewage,London,"PHOSPHORUS, TOTAL",ECA/CofA/Permit Non-Compliance,2021-07-01,2021-07-31,0.3,mg/L,mon avg,1,0.392,0.392,Operational Process Modification,Assessment Complete - No Action Required
The Corporation of the Township of Perth East,Shakespeare Wastewater Treatment Plant,3976 Galt St Perth East,Perth East,Municipal Sewage,London,"PHOSPHORUS, TOTAL",ECA/CofA/Permit Non-Compliance,2021-08-01,2021-08-31,0.3,mg/L,mon avg,1,1.04,1.04,Operational Process Modification,Assessment Complete - No Action Required
The Corporation of the Township of Perth East,Shakespeare Wastewater Treatment Plant,3976 Galt St Perth East,Perth East,Municipal Sewage,London,TOTAL SUSPENDED SOLIDS,ECA/CofA/Permit Non-Compliance,2021-08-01,2021-08-31,10,mg/L,mon avg,1,14,14,Operational Process Modification,Assessment Complete - No Action Required
The Corporation of the Township of Red Rock,Red Rock Water Treatment Plant,"Lot: 3, 4, Concession: 2,  Geographic Township: NIPIGON",Red Rock,Municipal Sewage,Thunder Bay,TOTAL SUSPENDED SOLIDS,ECA/CofA/Permit Non-Compliance,2021-01-01,2021-01-31,25,mg/L,mon avg,1,44.1,44.1,None Required,Assessment Complete - No Action Required
The Corporation of the Township of Russell,Russell Sewage Lagoon,1647 Route 400 ,Russell,Municipal Sewage,Cornwall,TOTAL AMMONIA NITROGEN,ECA/CofA/Permit Non-Compliance,2021-04-01,2021-04-30,2,mg/L,mon avg,1,12.55,12.55,Additional Monitoring Underway; Equipment Modified - Repaired - Replaced or Re-calibrated; Operational Process Modification,Assessment Underway
The Corporation of the Township of Russell,Russell Sewage Lagoon,1647 Route 400 ,Russell,Municipal Sewage,Cornwall,TOTAL AMMONIA NITROGEN,ECA/CofA/Permit Non-Compliance,2021-11-16,2021-11-19,2,mg/L,seasonal avg,1,2.645,2.645,Additional Monitoring Underway; New Equipment or Treatment Process Installed,Assessment Underway
The Corporation of the Township of Selwyn,Lakefield Wastewater Treatment Plant,1256 County Road 33,Selwyn,Municipal Sewage,Peterborough,PH - HIGH,ECA/CofA/Permit Non-Compliance,2021-05-13,2021-05-15,9.5,pH, /wk,3,9.64,9.64,Operational Process Modification,Assessment Complete - Incident Resolved
The Corporation of the Township of Selwyn,Lakefield Wastewater Treatment Plant,1256 County Road 33,Selwyn,Municipal Sewage,Peterborough,TOTAL AMMONIA NITROGEN,ECA/CofA/Permit Non-Compliance,2021-07-01,2021-07-31,3,mg/L,mon avg,1,3.6,3.6,None Required,Assessment Complete - No Action Required
The Corporation of the Township of Selwyn,Lakefield Wastewater Treatment Plant,1256 County Road 33,Selwyn,Municipal Sewage,Peterborough,TOTAL AMMONIA NITROGEN,ECA/CofA/Permit Non-Compliance,2021-07-01,2021-07-31,3,mg/L,mon avg,1,5.4,5.4,Operational Process Modification,Assessment Complete - Incident Resolved
The Corporation of the Township of South Glengarry,Redwood Estates Water Treatment Plant,Lot 19: Con: 1,South Glengarry,Municipal Sewage,Cornwall,Total Residual Chlorine,Legislation Non-Compliance,2021-08-01,2021-12-31,0.02,mg/L,annual avg,1,0.8,0.8,New Equipment or Treatment Process Installed; Operational Process Modification,Assessment Complete - No Action Required
The Corporation of the Township of South Stormont,Long Sault Water Pollution Control Plant," Lot: 36, Concession: 4,  Geographic Township: CORNWALL, South Stormont, Township, United",South Stormont,Municipal Sewage,Cornwall,TOTAL AMMONIA NITROGEN,ECA/CofA/Permit Non-Compliance,2021-05-20,2021-05-27,15,mg/L,/wk,1,18,18,"Action Plan Submitted - Implementing Improvements, Additional Monitoring Underway, Operational Process Modification",Voluntary Abatement Program Underway
The Corporation of the Township of South Stormont,Long Sault Water Pollution Control Plant," Lot: 36, Concession: 4,  Geographic Township: CORNWALL, South Stormont, Township, United",South Stormont,Municipal Sewage,Cornwall,TOTAL AMMONIA NITROGEN,ECA/CofA/Permit Non-Compliance,2021-05-20,2021-05-20,15,mg/L,/wk,1,15.9,15.9,"Action Plan Submitted - Implementing Improvements, Additional Monitoring Underway, Operational Process Modification",Voluntary Abatement Program Underway
The Corporation of the Township of South Stormont,Long Sault Water Pollution Control Plant," Lot: 36, Concession: 4,  Geographic Township: CORNWALL, South Stormont, Township, United",South Stormont,Municipal Sewage,Cornwall,TOTAL AMMONIA NITROGEN,ECA/CofA/Permit Non-Compliance,2021-06-03,2021-06-10,15,mg/L,/wk,2,18.6,20.2,"Action Plan Submitted - Implementing Improvements, Additional Monitoring Underway, Operational Process Modification",Voluntary Abatement Program Underway
The Corporation of the Township of South Stormont,Long Sault Water Pollution Control Plant," Lot: 36, Concession: 4,  Geographic Township: CORNWALL, South Stormont, Township, United",South Stormont,Municipal Sewage,Cornwall,TOTAL AMMONIA NITROGEN,ECA/CofA/Permit Non-Compliance,2021-06-10,2021-06-24,15,mg/L,/wk,2,17.9,18,"Action Plan Submitted - Implementing Improvements, Additional Monitoring Underway, Operational Process Modification",Voluntary Abatement Program Underway
The Corporation of the Township of South Stormont,Long Sault Water Pollution Control Plant," Lot: 36, Concession: 4,  Geographic Township: CORNWALL, South Stormont, Township, United",South Stormont,Municipal Sewage,Cornwall,TOTAL AMMONIA NITROGEN,ECA/CofA/Permit Non-Compliance,2021-07-01,2021-07-08,15,mg/L,/wk,1,16,16,"Additional Monitoring Underway, Operational Process Modification",Voluntary Abatement Program Underway
The Corporation of the Township of Southgate,Dundalk Sewage Treatment Works,"Lot: 238 & 239, Concession: 2",Southgate,Municipal Sewage,Owen Sound,"AMMONIA, UNIONIZED",ECA/CofA/Permit Non-Compliance,2021-02-08,2021-02-08,0.1,mg/L,/d,1,0.156,0.156,Additional Monitoring Underway; Ceased Operations,Assessment Complete - No Action Required
The Corporation of the Township of Southgate,Dundalk Sewage Treatment Works,"Lot: 238 & 239, Concession: 2",Southgate,Municipal Sewage,Owen Sound,"AMMONIA, UNIONIZED",ECA/CofA/Permit Non-Compliance,2021-03-05,2021-03-05,0.1,mg/L,/d,1,0.18,0.18,Ceased Operations,Assessment Complete - No Action Required
The Corporation of the Township of Springwater,Elmvale Sewage Treatment Plant,1128 Flos Rd 10 East,Springwater,Municipal Sewage,Barrie,TOTAL SUSPENDED SOLIDS,ECA/CofA/Permit Non-Compliance,2021-01-01,2021-12-31,5,mg/L,annual avg,1,5.8,5.8,Equipment Modified - Repaired - Replaced or Re-calibrated; New Equipment or Treatment Process Installed,Voluntary Abatement Program Underway
The Corporation of the Township of St. Clair,Brigden Lagoons,"Lot 9, Conc. 4, St. Clair Twp",St. Clair,Municipal Sewage,Sarnia,TOTAL SUSPENDED SOLIDS,ECA/CofA/Permit Non-Compliance,2021-04-29,2021-05-06,25,mg/L,seasonal avg,1,31.9,31.9,None Required,Assessment Complete - No Action Required
The Corporation of the Township of St. Clair,Courtright Wastewater Treatment Plant,1464 St. Clair Pky,St. Clair,Municipal Sewage,Sarnia,PH - LOW,ECA/CofA/Permit Non-Compliance,2021-09-07,2021-09-10,6,pH,any,2,5.66,5.77,Other,Other Abatement Action Taken
The Corporation of the Township of St. Clair,Courtright Wastewater Treatment Plant,1464 St. Clair Pky,St. Clair,Municipal Sewage,Sarnia,"PHOSPHORUS, TOTAL",ECA/CofA/Permit Non-Compliance,2021-10-01,2021-10-31,0.94,mg/L,mon avg,1,1.04,1.04,None Required,Assessment Complete - No Action Required
The Corporation of the Township of St. Clair,Courtright Wastewater Treatment Plant,1464 St. Clair Pky,St. Clair,Municipal Sewage,Sarnia,TOTAL SUSPENDED SOLIDS,ECA/CofA/Permit Non-Compliance,2021-10-01,2021-10-31,25,mg/L,mon avg,1,32.3,32.3,None Required,Assessment Complete - No Action Required
The Corporation of the Township of St. Clair,Port Lambton Sewage Lagoons,351 Lambton Line Part of Lot D Con 6,St. Clair,Municipal Sewage,Sarnia,TOTAL SUSPENDED SOLIDS,ECA/CofA/Permit Non-Compliance,2021-10-18,2021-11-16,40,mg/L,seasonal avg,1,43,43,Action Plan Submitted - Implementing Improvements,Assessment Complete - No Action Required
The Corporation of the Township of Tay,Victoria Harbour Wastewater Treatment Plant,158 Industrial Rd Victoria Harbour,Tay,Municipal Sewage,Barrie,CARBONACEOUS BIOCHEMICAL OXYGEN DEMAND,ECA/CofA/Permit Non-Compliance,2021-03-01,2021-03-31,15,mg/L,mon avg,1,21.38,21.38,Action Plan Submitted - Implementing Improvements; Equipment Modified - Repaired - Replaced or Re-calibrated,Assessment Complete - Incident Resolved
The Corporation of the Township of Tay,Victoria Harbour Wastewater Treatment Plant,158 Industrial Rd Victoria Harbour,Tay,Municipal Sewage,Barrie,"PHOSPHORUS, TOTAL",ECA/CofA/Permit Non-Compliance,2021-03-01,2021-03-31,1.18,kg/d,mon avg,1,1.35,1.35,Action Plan Submitted - Implementing Improvements; Equipment Modified - Repaired - Replaced or Re-calibrated,Assessment Complete - Incident Resolved
The Corporation of the Township of Tay,Victoria Harbour Wastewater Treatment Plant,158 Industrial Rd Victoria Harbour,Tay,Municipal Sewage,Barrie,TOTAL SUSPENDED SOLIDS,ECA/CofA/Permit Non-Compliance,2021-03-01,2021-03-31,15,mg/L,mon avg,1,52.88,52.88,Action Plan Submitted - Implementing Improvements; Equipment Modified - Repaired - Replaced or Re-calibrated,Assessment Complete - Incident Resolved
The Corporation of the Township of Wellington North,Arthur Wastewater Treatment Plant,160 Preston St,Wellington North,Municipal Sewage,Guelph,"PHOSPHORUS, TOTAL",ECA/CofA/Permit Non-Compliance,2021-02-01,2021-02-28,0.21,mg/L,mon avg,1,0.32,0.32,Action Plan Submitted - Implementing Improvements; Equipment Modified - Repaired - Replaced or Re-calibrated; Operational Process Modification,Voluntary Abatement Program Underway
The Corporation of the Township of Wellington North,Arthur Wastewater Treatment Plant,160 Preston St,Wellington North,Municipal Sewage,Guelph,"PHOSPHORUS, TOTAL",ECA/CofA/Permit Non-Compliance,2021-03-01,2021-03-31,0.21,mg/L,mon avg,1,0.26,0.26,Action Plan Submitted - Implementing Improvements; Additional Monitoring Underway; Equipment Modified - Repaired - Replaced or Re-calibrated; Operational Process Modification,Other Abatement Action Taken; Voluntary Abatement Program Underway
The Corporation of the Township of Whitewater Region,Cobden WPCP,1 Astrolabe Rd,Whitewater Region,Municipal Sewage,Ottawa,ESCHERICHIA COLI,ECA/CofA/Permit Non-Compliance,2021-05-01,2021-05-31,200,CT/100mL,mon avg. on a geo. mean density,1,222,222,None required,Assessment Complete - Incident Resolved
The Corporation of the Township of Whitewater Region,Cobden WPCP,1 Astrolabe Rd,Whitewater Region,Municipal Sewage,Ottawa,ESCHERICHIA COLI,ECA/CofA/Permit Non-Compliance,2021-06-01,2021-06-30,200,CT/100mL,mon avg. on a geo. mean density,1,622,622,Additional monitoring underway,Assessment Complete - No Action Required
The Corporation of the United Counties of Prescott and Russell,Embrun Sewage Lagoon,"Lot Part 6, Concession 9, Township of Russell, United Counties of Prescott Russell",Russell,Municipal Sewage,Cornwall,TOTAL AMMONIA NITROGEN,ECA/CofA/Permit Non-Compliance,2021-11-01,2021-11-30,2,mg/L,seasonal avg,1,3.9,3.9,Conducting Study; Operational Process Modification; Training/Procedure Change,Assessment Complete - No Action Required
The Corporation of the Village of Burk's Falls,Burk's Falls Lagoon,0 Lagoon Rd,Burk's Falls,Municipal Sewage,North Bay,TOTAL SUSPENDED SOLIDS,ECA/CofA/Permit Non-Compliance,2021-05-17,2021-06-15,25,mg/L,seasonal avg,1,48.2,48.2,Equipment Modified - Repaired - Replaced or Re-calibrated; Operational Process Modification,Assessment Complete - No Action Required; Other Abatement Action Taken
The Corporation of the Village of Burk's Falls,Burk's Falls Lagoon,0 Lagoon Rd,Burk's Falls,Municipal Sewage,North Bay,TOTAL SUSPENDED SOLIDS,ECA/CofA/Permit Non-Compliance,2021-10-12,2021-11-01,25,mg/L,seasonal avg,1,28.5,28.5,Equipment Modified - Repaired - Replaced or Re-calibrated; Operational Process Modification,Other Abatement Action Taken
The Corporation of the Village of Oil Springs,Pumping Station No. 1,2363 Frederick St N,Oil Springs,Municipal Sewage,Sarnia,TOTAL SUSPENDED SOLIDS,ECA/CofA/Permit Non-Compliance,2021-11-01,2021-11-30,25,mg/L,seasonal avg,1,28,28,Operational Process Modification,Assessment Complete - Incident Resolved
The District Municipality of Muskoka,Golden Pheasant Sewage Treatment Plant,620 Highway 60,Huntsville,Municipal Sewage,Barrie,PH - LOW,ECA/CofA/Permit Non-Compliance,2021-05-18,2021-05-18,6,pH, /d,1,5.97,5.97,Additional Monitoring Underway; Equipment Modified - Repaired - Replaced or Re-calibrated; Operational Process Modification,Assessment Complete - Incident Resolved
The District Municipality of Muskoka,Golden Pheasant Sewage Treatment Plant,620 Highway 60,Huntsville,Municipal Sewage,Barrie,PH - LOW,ECA/CofA/Permit Non-Compliance,2021-06-03,2021-06-03,6,pH, /d,1,5.97,5.97,Additional Monitoring Underway; Equipment Modified - Repaired - Replaced or Re-calibrated; Operational Process Modification,Assessment Complete - Incident Resolved
The District Municipality of Muskoka,Golden Pheasant Sewage Treatment Plant,620 Highway 60,Huntsville,Municipal Sewage,Barrie,PH - LOW,ECA/CofA/Permit Non-Compliance,2021-06-07,2021-06-07,6,pH, /d,1,5.75,5.75,Additional Monitoring Underway; Equipment Modified - Repaired - Replaced or Re-calibrated; Operational Process Modification,Assessment Complete - Incident Resolved
The District Municipality of Muskoka,Golden Pheasant Sewage Treatment Plant,620 Highway 60,Huntsville,Municipal Sewage,Barrie,PH - LOW,ECA/CofA/Permit Non-Compliance,2021-06-08,2021-06-08,6,pH, /d,1,5.91,5.91,Additional Monitoring Underway; Equipment Modified - Repaired - Replaced or Re-calibrated; Operational Process Modification,Assessment Complete - Incident Resolved
The District Municipality of Muskoka,Golden Pheasant Sewage Treatment Plant,620 Highway 60,Huntsville,Municipal Sewage,Barrie,PH - LOW,ECA/CofA/Permit Non-Compliance,2021-06-11,2021-06-11,6,pH, /d,1,5.6,5.6,Additional Monitoring Underway; Equipment Modified - Repaired - Replaced or Re-calibrated; Operational Process Modification,Assessment Complete - Incident Resolved
The Regional Municipality of Halton,Mid-Halton Wastewater Treatment Plant,2195 North Service Rd,Oakville,Municipal Sewage,Halton-Peel,PH - HIGH,ECA/CofA/Permit Non-Compliance,2021-05-27,2021-05-27,9.5,pH,10min avg,1,10.73,10.73,Operational Process Modification,Assessment Complete - Incident Resolved
The Regional Municipality of Niagara,Crystal Beach Wastewater Treatment Plant,500 Ridgeway Rd,Fort Erie,Municipal Sewage,Niagara,ESCHERICHIA COLI,ECA/CofA/Permit Non-Compliance,2021-10-01,2021-10-31,200,CT/100mL,mon avg. on a geo. mean density,1,201,201,Action Plan Submitted - Implementing Improvements; Operational Process Modification,Assessment Complete - No Action Required
The Regional Municipality of Niagara,Port Dalhousie WWTP,40 Lighthouse Rd,St. Catharines,Municipal Sewage,Niagara,CARBONACEOUS BIOCHEMICAL OXYGEN DEMAND,ECA/CofA/Permit Non-Compliance,2021-02-01,2021-02-28,25,mg/L,mon avg,1,32,32,Action Plan Submitted - Implementing Improvements,Assessment Complete - Incident Resolved
The Regional Municipality of Niagara,Port Dalhousie WWTP,40 Lighthouse Rd,St. Catharines,Municipal Sewage,Niagara,"PHOSPHORUS, TOTAL",ECA/CofA/Permit Non-Compliance,2021-02-01,2021-02-28,1,mg/L,mon avg,1,2.48,2.48,Action Plan Submitted - Implementing Improvements,Assessment Complete - Incident Resolved
The Regional Municipality of Niagara,Port Dalhousie WWTP,40 Lighthouse Rd,St. Catharines,Municipal Sewage,Niagara,"PHOSPHORUS, TOTAL",ECA/CofA/Permit Non-Compliance,2021-02-01,2021-02-28,61.5,kg/d,mon avg,1,81.04,81.04,Action Plan Submitted - Implementing Improvements,Assessment Complete - Incident Resolved
The Regional Municipality of Niagara,Port Dalhousie WWTP,40 Lighthouse Rd,St. Catharines,Municipal Sewage,Niagara,TOTAL SUSPENDED SOLIDS,ECA/CofA/Permit Non-Compliance,2021-02-01,2021-02-28,25,mg/L,mon avg,1,75.5,75.5,Action Plan Submitted - Implementing Improvements,Assessment Complete - Incident Resolved
The Regional Municipality of Niagara,Port Dalhousie WWTP,40 Lighthouse Rd,St. Catharines,Municipal Sewage,Niagara,TOTAL SUSPENDED SOLIDS,ECA/CofA/Permit Non-Compliance,2021-02-01,2021-02-28,1534,kg/d,mon avg,1,2467,2467,Action Plan Submitted - Implementing Improvements,Assessment Complete - Incident Resolved
The Regional Municipality of Niagara,Stevensville/Douglastown Lagoon,3274 Netherby Rd,Niagara Falls,Municipal Sewage,Niagara,CARBONACEOUS BIOCHEMICAL OXYGEN DEMAND,ECA/CofA/Permit Non-Compliance,2021-08-12,2021-08-12,40,mg/L, /d,1,44,44,Operational Process Modification,Assessment Complete - No Action Required
The Regional Municipality of Niagara,Stevensville/Douglastown Lagoon,3274 Netherby Rd,Niagara Falls,Municipal Sewage,Niagara,TOTAL AMMONIA NITROGEN,ECA/CofA/Permit Non-Compliance,2021-08-12,2021-08-12,10,mg/L, /d,1,21.1,21.1,Operational Process Modification,Assessment Complete - No Action Required
The Regional Municipality of Niagara,Stevensville/Douglastown Lagoon,3274 Netherby Rd,Niagara Falls,Municipal Sewage,Niagara,TOTAL AMMONIA NITROGEN,ECA/CofA/Permit Non-Compliance,2021-08-26,2021-08-26,10,mg/L, /d,1,10.5,10.5,Operational Process Modification,Assessment Complete - No Action Required
The Regional Municipality of Niagara,Stevensville/Douglastown Lagoon,3274 Netherby Rd,Niagara Falls,Municipal Sewage,Niagara,TOTAL AMMONIA NITROGEN,ECA/CofA/Permit Non-Compliance,2021-08-30,2021-08-30,10,mg/L, /d,1,10.8,10.8,Operational Process Modification,Assessment Complete - No Action Required
The Regional Municipality of Niagara,Stevensville/Douglastown Lagoon,3274 Netherby Rd,Niagara Falls,Municipal Sewage,Niagara,TOTAL AMMONIA NITROGEN,ECA/CofA/Permit Non-Compliance,2021-09-02,2021-09-02,10,mg/L, /d,1,12,12,Action Plan Submitted - Implementing Improvements; Operational Process Modification,Assessment Complete - No Action Required
The Regional Municipality of Niagara,Stevensville/Douglastown Lagoon,3274 Netherby Rd,Niagara Falls,Municipal Sewage,Niagara,TOTAL AMMONIA NITROGEN,ECA/CofA/Permit Non-Compliance,2021-09-07,2021-09-07,10,mg/L, /d,1,14.5,14.5,Action Plan Submitted - Implementing Improvements; Operational Process Modification,Assessment Complete - No Action Required
The Regional Municipality of Niagara,Stevensville/Douglastown Lagoon,3274 Netherby Rd,Niagara Falls,Municipal Sewage,Niagara,TOTAL AMMONIA NITROGEN,ECA/CofA/Permit Non-Compliance,2021-09-09,2021-09-09,10,mg/L, /d,1,14.1,14.1,Action Plan Submitted - Implementing Improvements; Operational Process Modification,Assessment Complete - No Action Required
The Regional Municipality of Niagara,Stevensville/Douglastown Lagoon,3274 Netherby Rd,Niagara Falls,Municipal Sewage,Niagara,TOTAL AMMONIA NITROGEN,ECA/CofA/Permit Non-Compliance,2021-09-13,2021-09-13,10,mg/L, /d,1,12.1,12.1,Action Plan Submitted - Implementing Improvements; Operational Process Modification,Assessment Complete - No Action Required
The Regional Municipality of Niagara,Stevensville/Douglastown Lagoon,3274 Netherby Rd,Niagara Falls,Municipal Sewage,Niagara,TOTAL AMMONIA NITROGEN,ECA/CofA/Permit Non-Compliance,2021-09-16,2021-09-16,10,mg/L, /d,1,11.2,11.2,Action Plan Submitted - Implementing Improvements; Operational Process Modification,Assessment Complete - No Action Required
The Regional Municipality of Peel,Inglewood Wastewater Treatment Plant,15705 McLaughlin Rd,Caledon,Municipal Sewage,Halton-Peel,TOTAL AMMONIA NITROGEN,ECA/CofA/Permit Non-Compliance,2021-03-01,2021-03-31,2,mg/L,mon avg,1,2.7,2.7,Operational Process Modification,Assessment Complete - No Action Required
The Regional Municipality of Waterloo,Wellesley WPCP,"2156 Gerber Road, Wellesley",Wilmot,Municipal Sewage,Guelph,ESCHERICHIA COLI,ECA/CofA/Permit Non-Compliance,2021-09-01,2021-09-30,200,CT/100mL,mon avg. on a geo. mean density,1,220.5,220.5,Equipment Modified - Repaired - Replaced or Re-calibrated,Voluntary Abatement Program Underway
Township of Chapple,Barwick Wastewater Treatment Lagoon,"Lot: 46, 47, Concession",Chapple,Municipal Sewage,Kenora,TOTAL SUSPENDED SOLIDS,ECA/CofA/Permit Non-Compliance,2021-05-19,2021-06-02,30,mg/L,seasonal avg,1,40.1,40.1,Other,Voluntary Abatement Program Underway
Triton Water Canada Holdings Inc. (formally Nestle Canada Inc.),101 Brock Road South,101 Brock Rd S,Puslinch,Miscellaneous Communal,Guelph,Inorganic Nitrogen,ECA/CofA/Permit Non-Compliance,2021-01-01,2021-12-31,11.63,mg/L,any,21,12.2,88.1,Action Plan Submitted - Implementing Improvements,Voluntary Abatement Program Underway
Triton Water Canada Holdings Inc. (formally Nestle Canada Inc.),101 Brock Road South,101 Brock Rd S,Puslinch,Miscellaneous Communal,Guelph,NITRATE (AS NITROGEN),ECA/CofA/Permit Non-Compliance,2021-01-01,2021-12-31,10,mg/L,any,21,12.1,151,Action Plan Submitted - Implementing Improvements,Voluntary Abatement Program Underway
Upper Grand District School Board,Erin District High School and Erin Community Centre,14 Boland Dr Erin,Erin,Miscellaneous Communal,Guelph,CARBONACEOUS BIOCHEMICAL OXYGEN DEMAND,ECA/CofA/Permit Non-Compliance,2021-01-01,2021-12-31,15,mg/L,rolling avg,8,17,18,None Required,Assessment Complete - No Action Required
,,,,,,,,,,,,,,,,,
"Ces données sont fournies à titre d’information seulement. Les installations responsables des rejets ont fourni la plupart des données de ce sommaire. Ces installations sont responsables de l’exactitude des données fournies. Certaines données sont aussi dérivées des données du ministère sur les rejets. Les mesures prises par les installations et par le ministère étaient à jour en octobre 2022. Pour obtenir des données actualisées, veuillez contacter le bureau de district ou de secteur concerné",,,,,,,,,,,,,,,,,
