Propriétaire de l’installation,Nom du site,Adresse du site,Municipalité du site,Secteur,District,Contaminant,Type de dépassement,Date du début du dépassement,Date de la fin du dépassement,Limite du contaminant,Unité du contaminant,Fréquence de la limite,Nombre de dépassements,Minimum de la quantité,Maximum de la quantité,Mesure prise par l’installation,Mesure prise par le ministère
Gwillimdale Farms Ltd.,Gwillimdale Farm,2026 Line 11,Bradford West Gwillimbury,Miscellaneous Industrial,Barrie,TOTAL SUSPENDED SOLIDS,Approval / Permit Non-Compliance,11/01/2022,11/30/2022,25,mg/L,mon avg,1,52.3,52.3,Action Plan Submitted - Implementing Improvements,Other Action Taken
Gwillimdale Farms Ltd.,Gwillimdale Farm,2026 Line 11,Bradford West Gwillimbury,Miscellaneous Industrial,Barrie,"PHOSPHORUS, TOTAL",Approval / Permit Non-Compliance,11/01/2022,11/30/2022,1,mg/L,mon avg,1,1.912,1.912,Action Plan Submitted - Implementing Improvements,Other Action Taken
Gwillimdale Farms Ltd.,Gwillimdale Farm,2026 Line 11,Bradford West Gwillimbury,Miscellaneous Industrial,Barrie,CARBONACEOUS BIOCHEMICAL OXYGEN DEMAND,Approval / Permit Non-Compliance,11/01/2022,11/30/2022,25,mg/L,mon avg,1,99.1,99.1,Action Plan Submitted - Implementing Improvements,Other Action Taken
Gwillimdale Farms Ltd.,Gwillimdale Farm,2026 Line 11,Bradford West Gwillimbury,Miscellaneous Industrial,Barrie,TOTAL SUSPENDED SOLIDS,Approval / Permit Non-Compliance,12/01/2022,12/31/2022,25,mg/L,mon avg,1,88.475,88.475,New/Amended Approval,Voluntary Abatement Program Underway
Gwillimdale Farms Ltd.,Gwillimdale Farm,2026 Line 11,Bradford West Gwillimbury,Miscellaneous Industrial,Barrie,"PHOSPHORUS, TOTAL",Approval / Permit Non-Compliance,12/01/2022,12/31/2022,1,mg/L,mon avg,1,2.8475,2.8475,New/Amended Approval,Voluntary Abatement Program Underway
Gwillimdale Farms Ltd.,Gwillimdale Farm,2026 Line 11,Bradford West Gwillimbury,Miscellaneous Industrial,Barrie,CARBONACEOUS BIOCHEMICAL OXYGEN DEMAND,Approval / Permit Non-Compliance,12/01/2022,12/31/2022,25,mg/L,mon avg,1,167.825,167.825,New/Amended Approval,Voluntary Abatement Program Underway
REINHART FOODS LIMITED,Reinhart Foods Limited,7446 Highway 26,Clearview,Miscellaneous Industrial,Barrie,TEMPERATURE,Approval / Permit Non-Compliance,05/31/2022,05/31/2022,30.,°C,daily avg,1,30.8,30.8,Equipment Modified/Repaired,Voluntary Abatement Program Underway
REINHART FOODS LIMITED,Reinhart Foods Limited,7446 Highway 26,Clearview,Miscellaneous Industrial,Barrie,TEMPERATURE,Approval / Permit Non-Compliance,06/04/2022,06/04/2022,30.,°C,daily avg,1,30.5,30.5,Equipment Modified/Repaired,Voluntary Abatement Program Underway
REINHART FOODS LIMITED,Reinhart Foods Limited,7446 Highway 26,Clearview,Miscellaneous Industrial,Barrie,TEMPERATURE,Approval / Permit Non-Compliance,07/28/2022,07/28/2022,30.,°C,daily avg,1,31,31,Equipment Modified/Repaired,Voluntary Abatement Program Underway
REINHART FOODS LIMITED,Reinhart Foods Limited,7446 Highway 26,Clearview,Miscellaneous Industrial,Barrie,TEMPERATURE,Approval / Permit Non-Compliance,09/13/2022,09/13/2022,30.,°C,daily avg,1,30.6,30.6,Equipment Modified/Repaired,Voluntary Abatement Program Underway
REINHART FOODS LIMITED,Reinhart Foods Limited,7446 Highway 26,Clearview,Miscellaneous Industrial,Barrie,TEMPERATURE,Approval / Permit Non-Compliance,09/20/2022,09/20/2022,30.,°C,daily avg,1,31.4,31.4,Equipment Modified/Repaired,Voluntary Abatement Program Underway
REINHART FOODS LIMITED,Reinhart Foods Limited,7446 Highway 26,Clearview,Miscellaneous Industrial,Barrie,TEMPERATURE,Approval / Permit Non-Compliance,09/21/2022,09/21/2022,30.,°C,daily avg,1,30.6,30.6,Equipment Modified/Repaired,Voluntary Abatement Program Underway
REINHART FOODS LIMITED,Reinhart Foods Limited,7446 Highway 26,Clearview,Miscellaneous Industrial,Barrie,TEMPERATURE,Approval / Permit Non-Compliance,11/15/2022,11/15/2022,30.,°C,daily avg,1,31.3,31.3,Equipment Modified/Repaired,Voluntary Abatement Program Underway
REINHART FOODS LIMITED,Reinhart Foods Limited,7446 Highway 26,Clearview,Miscellaneous Industrial,Barrie,TEMPERATURE,Approval / Permit Non-Compliance,11/16/2022,11/16/2022,30.,°C,daily avg,1,32.2,32.2,Equipment Modified/Repaired,Voluntary Abatement Program Underway
REINHART FOODS LIMITED,Reinhart Foods Limited,7446 Highway 26,Clearview,Miscellaneous Industrial,Barrie,TEMPERATURE,Approval / Permit Non-Compliance,11/22/2022,11/22/2022,30.,°C,daily avg,1,32.2,32.2,Equipment Modified/Repaired,Voluntary Abatement Program Underway
SILANI SWEET CHEESE LIMITED,Silani Sweet Cheese Limited,4205 LINE 2,Bradford West Gwillimbury,Miscellaneous Industrial,Barrie,"PHOSPHORUS, TOTAL",Approval / Permit Non-Compliance,04/01/2022,04/30/2022,0.3,mg/L,mon avg,1,2.06,2.06,Operational Process Modified,Event Resolved
SILANI SWEET CHEESE LIMITED,Silani Sweet Cheese Limited,4205 LINE 2,Bradford West Gwillimbury,Miscellaneous Industrial,Barrie,TOTAL AMMONIA NITROGEN,Approval / Permit Non-Compliance,04/01/2022,04/30/2022,2,mg/L,mon avg,1,26.7,26.7,Operational Process Modified,Event Resolved
SILANI SWEET CHEESE LIMITED,Silani Sweet Cheese Limited,4205 LINE 2,Bradford West Gwillimbury,Miscellaneous Industrial,Barrie,CARBONACEOUS BIOCHEMICAL OXYGEN DEMAND,Approval / Permit Non-Compliance,04/01/2022,04/30/2022,10,mg/L,mon avg,1,144.2,144.2,Operational Process Modified,Event Resolved
SILANI SWEET CHEESE LIMITED,Silani Sweet Cheese Limited,4205 LINE 2,Bradford West Gwillimbury,Miscellaneous Industrial,Barrie,TOTAL SUSPENDED SOLIDS,Approval / Permit Non-Compliance,04/01/2022,04/30/2022,10,mg/L,mon avg,1,93.8,93.8,Operational Process Modified,Event Resolved
SILANI SWEET CHEESE LIMITED,Silani Sweet Cheese Limited,4205 LINE 2,Bradford West Gwillimbury,Miscellaneous Industrial,Barrie,CARBONACEOUS BIOCHEMICAL OXYGEN DEMAND,Approval / Permit Non-Compliance,05/01/2022,05/31/2022,10,mg/L,mon avg,1,104,104,Operational Process Modified,Event Resolved
CRH CANADA GROUP INC.,Mississauga Cement Plant (Ash Grove),2391 Lakeshore Rd W,MISSISSAUGA,Industrial Minerals,Halton-Peel,TOTAL SUSPENDED SOLIDS,Approval / Permit Non-Compliance,02/22/2022,02/22/2022,50.,mg/L,/d,1,62,62,Other,Other Action Taken
CRH CANADA GROUP INC.,Mississauga Cement Plant (Ash Grove),2391 Lakeshore Rd W,MISSISSAUGA,Industrial Minerals,Halton-Peel,TOTAL SUSPENDED SOLIDS,Approval / Permit Non-Compliance,03/01/2022,03/31/2022,25.,mg/L,mon avg,1,26.6,26.6,Other,Other Action Taken
ACCUWORX,Accuworx Inc. Mobile Water Treatment Plant,"161 CHERRY ST, TORONTO, ON L5T 2L2",TORONTO,Miscellaneous Industrial,Toronto,CHLORIDE,Approval / Permit Non-Compliance,03/16/2022,03/16/2022,640.,ppm,/week,1,710,710,Additional Monitoring Underway,Voluntary Abatement Program Underway
ACCUWORX,Accuworx Inc. Mobile Water Treatment Plant,"161 CHERRY ST, TORONTO, ON L5T 2L2",TORONTO,Miscellaneous Industrial,Toronto,CHLORIDE,Approval / Permit Non-Compliance,08/08/2022,08/08/2022,640.,ppm,/week,1,942,942,Additional Monitoring Underway,Voluntary Abatement Program Underway
ACCUWORX,Accuworx Inc. Mobile Water Treatment Plant,"161 CHERRY ST, TORONTO, ON L5T 2L2",TORONTO,Miscellaneous Industrial,Toronto,CHLORIDE,Approval / Permit Non-Compliance,09/06/2022,09/12/2022,640.,ppm,/week,1,716,716,Additional Monitoring Underway,Voluntary Abatement Program Underway
ACCUWORX,Accuworx Inc. Mobile Water Treatment Plant,"161 CHERRY ST, TORONTO, ON L5T 2L2",TORONTO,Miscellaneous Industrial,Toronto,CHLORIDE,Approval / Permit Non-Compliance,09/27/2022,10/04/2022,640., ppm,/week,2,1920,2470,Additional Monitoring Underway,Voluntary Abatement Program Underway
ACCUWORX,Accuworx Inc. Mobile Water Treatment Plant,"161 CHERRY ST, TORONTO, ON L5T 2L2",TORONTO,Miscellaneous Industrial,Toronto,CHLORIDE,Approval / Permit Non-Compliance,11/15/2022,11/24/2022,640., ppm,/week,2,952,1380,Additional Monitoring Underway,Voluntary Abatement Program Underway
GERDAU AMERISTEEL CORPORATION,Gerdau Ameristeel Corporation - Whitby,"	1 GERDAU CRT",WHITBY,Iron and Steel,York-Durham,OIL AND GREASE,Approval / Permit Non-Compliance,11/01/2022,11/30/2022,15.,mg/L,mon avg,1,16.25,16.25,Action Plan Submitted,Director's Order Issued
Stella-Jones Inc.,1 Ram Forest Road,1 Ram Forest Rd Gormley,Whitchurch-Stouffville,Miscellaneous Industrial,York-Durham,COPPER,Approval / Permit Non-Compliance,02/17/2022,02/17/2022,53,µg/L,Every two months,1,1100,1100,Action Plan Submitted - Implementing Improvements,Voluntary Abatement Program Underway
Stella-Jones Inc.,1 Ram Forest Road,1 Ram Forest Rd Gormley,Whitchurch-Stouffville,Miscellaneous Industrial,York-Durham,COPPER,Approval / Permit Non-Compliance,02/17/2022,02/17/2022,53,µg/L,Every two months,1,1000,1000,Action Plan Submitted - Implementing Improvements,Voluntary Abatement Program Underway
Stella-Jones Inc.,1 Ram Forest Road,1 Ram Forest Rd Gormley,Whitchurch-Stouffville,Miscellaneous Industrial,York-Durham,COPPER,Approval / Permit Non-Compliance,04/29/2022,04/29/2022,53,µg/L,Every two months,1,60,60,Action Plan Submitted - Implementing Improvements; Additional Monitoring Underway,Assessment Underway; Voluntary Abatement Program Underway
Stella-Jones Inc.,1 Ram Forest Road,1 Ram Forest Rd Gormley,Whitchurch-Stouffville,Miscellaneous Industrial,York-Durham,COPPER,Approval / Permit Non-Compliance,06/30/2022,06/30/2022,53,mg/L,Every two months,1,160,160,Other,Assessment Underway
Stella-Jones Inc.,1 Ram Forest Road,1 Ram Forest Rd Gormley,Whitchurch-Stouffville,Miscellaneous Industrial,York-Durham,COPPER,Approval / Permit Non-Compliance,06/30/2022,06/30/2022,53,mg/L,Every two months,1,150,150,Other,Assessment Underway
Stella-Jones Inc.,1 Ram Forest Road,1 Ram Forest Rd Gormley,Whitchurch-Stouffville,Miscellaneous Industrial,York-Durham,COPPER,Approval / Permit Non-Compliance,08/22/2022,08/22/2022,53,µg/L,Every two months,1,230,230,Action Plan Submitted - Implementing Improvements,Voluntary Abatement Program Underway
Stella-Jones Inc.,1 Ram Forest Road,1 Ram Forest Rd Gormley,Whitchurch-Stouffville,Miscellaneous Industrial,York-Durham,COPPER,Approval / Permit Non-Compliance,08/22/2022,08/22/2022,53,µg/L,Every two months,1,280,280,Action Plan Submitted - Implementing Improvements,Voluntary Abatement Program Underway
Stella-Jones Inc.,1 Ram Forest Road,1 Ram Forest Rd Gormley,Whitchurch-Stouffville,Miscellaneous Industrial,York-Durham,COPPER,Approval / Permit Non-Compliance,10/19/2022,10/19/2022,53,µg/L,Every two months,1,200,200,Action Plan Submitted - Implementing Improvements,Voluntary Abatement Program Underway
Stella-Jones Inc.,1 Ram Forest Road,1 Ram Forest Rd Gormley,Whitchurch-Stouffville,Miscellaneous Industrial,York-Durham,COPPER,Approval / Permit Non-Compliance,10/19/2022,10/19/2022,53,µg/L,Every two months,1,230,230,Action Plan Submitted - Implementing Improvements,Voluntary Abatement Program Underway
Stella-Jones Inc.,1 Ram Forest Road,1 Ram Forest Rd Gormley,Whitchurch-Stouffville,Miscellaneous Industrial,York-Durham,COPPER,Approval / Permit Non-Compliance,12/12/2022,12/12/2022,53,µg/L,Every two months,1,140,140,Action Plan Submitted - Implementing Improvements,Voluntary Abatement Program Underway
Stella-Jones Inc.,1 Ram Forest Road,1 Ram Forest Rd Gormley,Whitchurch-Stouffville,Miscellaneous Industrial,York-Durham,COPPER,Approval / Permit Non-Compliance,12/12/2022,12/12/2022,53,µg/L,Every two months,1,160,160,Action Plan Submitted - Implementing Improvements,Voluntary Abatement Program Underway
G. Tackaberry & Sons Construction Company Limited,Perth Quarry,southeast side of Highway 7,Drummond-North Elmsley,Industrial Minerals,Ottawa,TOTAL SUSPENDED SOLIDS,Approval / Permit Non-Compliance,01/21/2022,01/21/2022,25,mg/L, /mon,1,33,33,New/Modified Sampling Program Underway,Assessment Complete - Incident Resolved
ROSEBURG FOREST PRODUCTS,Roseburg Forest Products Ltd.,"777 FIBREBOARD DR, LAURENTIAN VALLEY, ON K8A 6W4",LAURENTIAN VALLEY,Miscellaneous Industrial,Ottawa,TOTAL SUSPENDED SOLIDS,Approval / Permit Non-Compliance,05/18/2022,05/18/2022,25,mg/L,/mon,1,141,141,Other,Assessment Underway
970207 Ontario Limited,Trent Valley Honda,851 Highway No. 7 Lot 26 Concession 11,Otonabee-South Monaghan,Miscellaneous Industrial,Peterborough,TOLUENE,Approval / Permit Non-Compliance,02/11/2022,02/11/2022,0.8,µg/L,/mon,1,0.9,0.9,Additional Monitoring Underway,Assessment Complete - Incident Resolved
970207 Ontario Limited,Trent Valley Honda,851 Highway No. 7 Lot 26 Concession 11,Otonabee-South Monaghan,Miscellaneous Industrial,Peterborough,TOLUENE,Approval / Permit Non-Compliance,03/17/2022,03/17/2022,0.8,µg/L,/mon,1,1,1,Operational Process Modification,Voluntary Abatement Program Underway
Covia Canada Ltd./Covia Canada Ltée,Covia - Blue Mountain Facility - 260 Unimin Road,260 Unimin Rd.,Havelock-Belmont-Methuen,Industrial Minerals,Peterborough,TOTAL SUSPENDED SOLIDS,Approval / Permit Non-Compliance,07/25/2022,07/25/2022,50,mg/L,/d,1,76,76,Additional Monitoring Underway,Assessment Complete - Incident Resolved
DOMTAR INC.,Domtar Inc - Dryden Mill,1 Duke St,Dryden,Pulp and Paper,Kenora,BIOCHEMICAL OXYGEN DEMAND,Approval / Permit Non-Compliance,12/01/2022,12/31/2022,"5,000",kg/d,/mon,1,"8,498","8,498",Action Plan Submitted,Other Action Taken
DOMTAR INC.,Domtar Inc - Dryden Mill,1 Duke St,Dryden,Pulp and Paper,Kenora,BIOCHEMICAL OXYGEN DEMAND,Approval / Permit Non-Compliance,12/11/2022,12/31/2022,"9,000", kg/d,/d,12,"9,440","11,570",Action Plan Submitted,Other Action Taken
Glencore Canada Corporation,Mattabi Mine,"Parts 1, 2, 4 through 6, 10;12 through 15 on Ref Plan 23R-3172, Part 3 on RP 23R-9854, Parts 3, 7 through 9; 11 on RP 55R-1473, and Part 1 on RP 55R-10765",Grand Trunk Pacific Block 7; District of Kenora,Industrial Minerals,Kenora,ZINC,Approval / Permit Non-Compliance,09/01/2022,09/30/2022,0.5,mg/L,mon avg,1,6.43,6.43,Ceased Operations; New Equipment or Treatment Process Installed,Voluntary Abatement Program Underway
Glencore Canada Corporation,Mattabi Mine,"Parts 1, 2, 4 through 6, 10;12 through 15 on Ref Plan 23R-3172, Part 3 on RP 23R-9854, Parts 3, 7 through 9; 11 on RP 55R-1473, and Part 1 on RP 55R-10765",Grand Trunk Pacific Block 7; District of Kenora,Industrial Minerals,Kenora,ZINC,Approval / Permit Non-Compliance,09/29/2022,09/29/2022,1,mg/L, /d,1,25.3,25.3,Ceased Operations; New Equipment or Treatment Process Installed,Voluntary Abatement Program Underway
Glencore Canada Corporation,Mattabi Mine,"Parts 1, 2, 4 through 6, 10;12 through 15 on Ref Plan 23R-3172, Part 3 on RP 23R-9854, Parts 3, 7 through 9; 11 on RP 55R-1473, and Part 1 on RP 55R-10765",Grand Trunk Pacific Block 7; District of Kenora,Industrial Minerals,Kenora,ZINC,Approval / Permit Non-Compliance,10/01/2022,10/13/2022,0.5,mg/L,mon avg,1,2.55,2.55,Ceased Operations; New Equipment or Treatment Process Installed,Voluntary Abatement Program Underway
Glencore Canada Corporation,Mattabi Mine,"Parts 1, 2, 4 through 6, 10;12 through 15 on Ref Plan 23R-3172, Part 3 on RP 23R-9854, Parts 3, 7 through 9; 11 on RP 55R-1473, and Part 1 on RP 55R-10765",Grand Trunk Pacific Block 7; District of Kenora,Industrial Minerals,Kenora,ZINC,Approval / Permit Non-Compliance,10/06/2022,10/06/2022,1,mg/L, /d,1,1.74,1.74,Ceased Operations; New Equipment or Treatment Process Installed,Voluntary Abatement Program Underway
Glencore Canada Corporation,Mattabi Mine,"Parts 1, 2, 4 through 6, 10;12 through 15 on Ref Plan 23R-3172, Part 3 on RP 23R-9854, Parts 3, 7 through 9; 11 on RP 55R-1473, and Part 1 on RP 55R-10765",Grand Trunk Pacific Block 7; District of Kenora,Industrial Minerals,Kenora,ZINC,Approval / Permit Non-Compliance,10/13/2022,10/13/2022,1,mg/L, /d,1,3.36,3.36,Ceased Operations; New Equipment or Treatment Process Installed,Voluntary Abatement Program Underway
INTERFOR,Elk Lake Mill,"1 SIXTH ST, ELK LAKE, JAMES, ON ",JAMES,Miscellaneous Industrial,North Bay,OIL AND GREASE,Approval / Permit Non-Compliance,05/17/2022,05/17/2022,15,mg/L,/quarter,1,20,20,Operational Process Modified,Voluntary Abatement Program Underway
INTERFOR,Elk Lake Mill,"1 SIXTH ST, ELK LAKE, JAMES, ON ",JAMES,Miscellaneous Industrial,North Bay,OIL AND GREASE,Approval / Permit Non-Compliance,07/29/2022,07/29/2022,15,mg/L,/quarter,1,25,25,Operational Process Modified,Voluntary Abatement Program Underway
INTERFOR,Elk Lake Mill,"1 SIXTH ST, ELK LAKE, JAMES, ON ",JAMES,Miscellaneous Industrial,North Bay,OIL AND GREASE,Approval / Permit Non-Compliance,11/23/2022,11/23/2022,15,mg/L,/quarter,1,19,19,Operational Process Modified,Voluntary Abatement Program Underway
"ONTARIO GRAPHITE, LTD.",Kearney Mine,"LOT:7, CONCESSION:10, GEOTOWNSHIP:BUTT, KEARNEY, ON ",KEARNEY,Metal Mining and Refining,North Bay,TOTAL SUSPENDED SOLIDS,Approval / Permit Non-Compliance,01/01/2022,01/31/2022,15,mg/L,mon avg,1,15.1,15.1,Additional Monitoring Underway,Director's Order Issued
"ONTARIO GRAPHITE, LTD.",Kearney Mine,"LOT:7, CONCESSION:10, GEOTOWNSHIP:BUTT, KEARNEY, ON ",KEARNEY,Metal Mining and Refining,North Bay,PH - LOW,Approval / Permit Non-Compliance,01/12/2022,01/13/2022,6, pH,any,2,5.54,5.66,Additional Monitoring Underway,Director's Order Issued
"ONTARIO GRAPHITE, LTD.",Kearney Mine,"LOT:7, CONCESSION:10, GEOTOWNSHIP:BUTT, KEARNEY, ON ",KEARNEY,Metal Mining and Refining,North Bay,PH - HIGH,Approval / Permit Non-Compliance,01/13/2022,01/15/2022,9, pH,any,3,9.64,10.92,Additional Monitoring Underway,Director's Order Issued
"ONTARIO GRAPHITE, LTD.",Kearney Mine,"LOT:7, CONCESSION:10, GEOTOWNSHIP:BUTT, KEARNEY, ON ",KEARNEY,Metal Mining and Refining,North Bay,IRON,Approval / Permit Non-Compliance,02/28/2022,02/28/2022,2,mg/L,any,1,2.7,2.7,Additional Monitoring Underway,Director's Order Issued
"ONTARIO GRAPHITE, LTD.",Kearney Mine,"LOT:7, CONCESSION:10, GEOTOWNSHIP:BUTT, KEARNEY, ON ",KEARNEY,Metal Mining and Refining,North Bay,IRON,Approval / Permit Non-Compliance,03/01/2022,03/31/2022,2,mg/L,any,5,2.8,10.1,Additional Monitoring Underway,Director's Order Issued
"ONTARIO GRAPHITE, LTD.",Kearney Mine,"LOT:7, CONCESSION:10, GEOTOWNSHIP:BUTT, KEARNEY, ON ",KEARNEY,Metal Mining and Refining,North Bay,IRON,Approval / Permit Non-Compliance,03/01/2022,03/31/2022,1,mg/L,mon avg,1,2.77,2.77,Additional Monitoring Underway,Director's Order Issued
"ONTARIO GRAPHITE, LTD.",Kearney Mine,"LOT:7, CONCESSION:10, GEOTOWNSHIP:BUTT, KEARNEY, ON ",KEARNEY,Metal Mining and Refining,North Bay,TOTAL SUSPENDED SOLIDS,Approval / Permit Non-Compliance,03/01/2022,03/31/2022,15,mg/m³,mon avg,1,24.5,24.5,Additional Monitoring Underway,Director's Order Issued
"ONTARIO GRAPHITE, LTD.",Kearney Mine,"LOT:7, CONCESSION:10, GEOTOWNSHIP:BUTT, KEARNEY, ON ",KEARNEY,Metal Mining and Refining,North Bay,TOTAL SUSPENDED SOLIDS,Approval / Permit Non-Compliance,03/02/2022,03/30/2022,30, mg/L,/d,2,33,49,Additional Monitoring Underway,Director's Order Issued
"ONTARIO GRAPHITE, LTD.",Kearney Mine,"LOT:7, CONCESSION:10, GEOTOWNSHIP:BUTT, KEARNEY, ON ",KEARNEY,Metal Mining and Refining,North Bay,PH - LOW,Approval / Permit Non-Compliance,03/09/2022,03/25/2022,6, pH,any,3,5.46,5.8,Additional Monitoring Underway,Director's Order Issued
"ONTARIO GRAPHITE, LTD.",Kearney Mine,"LOT:7, CONCESSION:10, GEOTOWNSHIP:BUTT, KEARNEY, ON ",KEARNEY,Metal Mining and Refining,North Bay,PH - HIGH,Approval / Permit Non-Compliance,03/23/2022,03/27/2022,9, pH,any,4,9.14,11.01,Additional Monitoring Underway,Director's Order Issued
"ONTARIO GRAPHITE, LTD.",Kearney Mine,"LOT:7, CONCESSION:10, GEOTOWNSHIP:BUTT, KEARNEY, ON ",KEARNEY,Metal Mining and Refining,North Bay,PH - LOW,Approval / Permit Non-Compliance,04/01/2022,04/27/2022,6, pH,any,11,4.49,5.83,Additional Monitoring Underway,Director's Order Issued
"ONTARIO GRAPHITE, LTD.",Kearney Mine,"LOT:7, CONCESSION:10, GEOTOWNSHIP:BUTT, KEARNEY, ON ",KEARNEY,Metal Mining and Refining,North Bay,PH - HIGH,Approval / Permit Non-Compliance,04/02/2022,06/26/2022,9, pH,any,2,9.03,9.25,Additional Monitoring Underway,Director's Order Issued
"ONTARIO GRAPHITE, LTD.",Kearney Mine,"LOT:7, CONCESSION:10, GEOTOWNSHIP:BUTT, KEARNEY, ON ",KEARNEY,Metal Mining and Refining,North Bay,PH - LOW,Approval / Permit Non-Compliance,05/01/2022,05/18/2022,6, pH,any,2,4.96,5.6,Additional Monitoring Underway,Director's Order Issued
"Ontario Graphite, Ltd.",Kearney Mine,"LOT:7, CONCESSION:10, GEOTOWNSHIP:BUTT, KEARNEY, ON ",KEARNEY,Metal Mining and Refining,North Bay,ACUTE LETHALITY - DAPHNIA,Approval / Permit Non-Compliance,05/04/2022,05/04/2022,0,acute toxicity,any,1,1,1,Additional Monitoring Underway,Director's Order Issued
"Ontario Graphite, Ltd.",Kearney Mine,"LOT:7, CONCESSION:10, GEOTOWNSHIP:BUTT, KEARNEY, ON ",KEARNEY,Metal Mining and Refining,North Bay,PH - LOW,Approval / Permit Non-Compliance,05/19/2022,05/20/2022,6,pH,any,2,5.86,5.96,Additional Monitoring Underway,Director's Order Issued
"Ontario Graphite, Ltd.",Kearney Mine,"LOT:7, CONCESSION:10, GEOTOWNSHIP:BUTT, KEARNEY, ON ",KEARNEY,Metal Mining and Refining,North Bay,ACUTE LETHALITY - DAPHNIA,Approval / Permit Non-Compliance,06/01/2022,06/01/2022,0,acute toxicity,any,1,1,1,Additional Monitoring Underway,Director's Order Issued
"Ontario Graphite, Ltd.",Kearney Mine,"LOT:7, CONCESSION:10, GEOTOWNSHIP:BUTT, KEARNEY, ON ",KEARNEY,Metal Mining and Refining,North Bay,ACUTE LETHALITY - TROUT,Approval / Permit Non-Compliance,06/01/2022,06/01/2022,0,acute toxicity,any,1,1,1,Additional Monitoring Underway,Director's Order Issued
"Ontario Graphite, Ltd.",Kearney Mine,"LOT:7, CONCESSION:10, GEOTOWNSHIP:BUTT, KEARNEY, ON ",KEARNEY,Metal Mining and Refining,North Bay,TOTAL SUSPENDED SOLIDS,Approval / Permit Non-Compliance,06/01/2022,06/30/2022,15,mg/L,mon avg,1,16.45,16.45,Additional Monitoring Underway,Director's Order Issued
"Ontario Graphite, Ltd.",Kearney Mine,"LOT:7, CONCESSION:10, GEOTOWNSHIP:BUTT, KEARNEY, ON ",KEARNEY,Metal Mining and Refining,North Bay,PH - LOW,Approval / Permit Non-Compliance,06/08/2022,06/08/2022,6,pH,any,1,4.4,4.4,Additional Monitoring Underway,Director's Order Issued
"Ontario Graphite, Ltd.",Kearney Mine,"LOT:7, CONCESSION:10, GEOTOWNSHIP:BUTT, KEARNEY, ON ",KEARNEY,Metal Mining and Refining,North Bay,PH - LOW,Approval / Permit Non-Compliance,06/09/2022,06/09/2022,6,pH,any,1,5.67,5.67,Additional Monitoring Underway,Director's Order Issued
"Ontario Graphite, Ltd.",Kearney Mine,"LOT:7, CONCESSION:10, GEOTOWNSHIP:BUTT, KEARNEY, ON ",KEARNEY,Metal Mining and Refining,North Bay,PH - LOW,Approval / Permit Non-Compliance,06/10/2022,06/10/2022,6,pH,any,1,5.06,5.06,Additional Monitoring Underway,Director's Order Issued
"Ontario Graphite, Ltd.",Kearney Mine,"LOT:7, CONCESSION:10, GEOTOWNSHIP:BUTT, KEARNEY, ON ",KEARNEY,Metal Mining and Refining,North Bay,PH - LOW,Approval / Permit Non-Compliance,06/12/2022,06/12/2022,6,pH,any,1,5.84,5.84,Additional Monitoring Underway,Director's Order Issued
"Ontario Graphite, Ltd.",Kearney Mine,"LOT:7, CONCESSION:10, GEOTOWNSHIP:BUTT, KEARNEY, ON ",KEARNEY,Metal Mining and Refining,North Bay,PH - HIGH,Approval / Permit Non-Compliance,06/13/2022,06/13/2022,9,pH,any,1,9.06,9.06,Additional Monitoring Underway,Director's Order Issued
"Ontario Graphite, Ltd.",Kearney Mine,"LOT:7, CONCESSION:10, GEOTOWNSHIP:BUTT, KEARNEY, ON ",KEARNEY,Metal Mining and Refining,North Bay,ACUTE LETHALITY - DAPHNIA,Approval / Permit Non-Compliance,08/10/2022,08/10/2022,0,acute toxicity,any,1,1,1,Additional Monitoring Underway,Director's Order Issued
"Ontario Graphite, Ltd.",Kearney Mine,"LOT:7, CONCESSION:10, GEOTOWNSHIP:BUTT, KEARNEY, ON ",KEARNEY,Metal Mining and Refining,North Bay,ACUTE LETHALITY - DAPHNIA,Approval / Permit Non-Compliance,08/15/2022,08/15/2022,0,acute toxicity,any,1,1,1,Additional Monitoring Underway,Director's Order Issued
"Ontario Graphite, Ltd.",Kearney Mine,"LOT:7, CONCESSION:10, GEOTOWNSHIP:BUTT, KEARNEY, ON ",KEARNEY,Metal Mining and Refining,North Bay,ACUTE LETHALITY - TROUT,Approval / Permit Non-Compliance,08/15/2022,08/15/2022,0,acute toxicity,any,1,1,1,Additional Monitoring Underway,Director's Order Issued
"Ontario Graphite, Ltd.",Kearney Mine,"LOT:7, CONCESSION:10, GEOTOWNSHIP:BUTT, KEARNEY, ON ",KEARNEY,Metal Mining and Refining,North Bay,ACUTE LETHALITY - DAPHNIA,Approval / Permit Non-Compliance,08/19/2022,08/19/2022,0,acute toxicity,any,1,1,1,Additional Monitoring Underway,Director's Order Issued
"Ontario Graphite, Ltd.",Kearney Mine,"LOT:7, CONCESSION:10, GEOTOWNSHIP:BUTT, KEARNEY, ON ",KEARNEY,Metal Mining and Refining,North Bay,ACUTE LETHALITY - TROUT,Approval / Permit Non-Compliance,08/19/2022,08/19/2022,0,acute toxicity,any,1,1,1,Additional Monitoring Underway,Director's Order Issued
"Ontario Graphite, Ltd.",Kearney Mine,"LOT:7, CONCESSION:10, GEOTOWNSHIP:BUTT, KEARNEY, ON ",KEARNEY,Metal Mining and Refining,North Bay,ACUTE LETHALITY - DAPHNIA,Approval / Permit Non-Compliance,08/24/2022,08/24/2022,0,acute toxicity,any,1,1,1,Additional Monitoring Underway,Director's Order Issued
"Ontario Graphite, Ltd.",Kearney Mine,"LOT:7, CONCESSION:10, GEOTOWNSHIP:BUTT, KEARNEY, ON ",KEARNEY,Metal Mining and Refining,North Bay,ACUTE LETHALITY - TROUT,Approval / Permit Non-Compliance,08/24/2022,08/24/2022,0,acute toxicity,any,1,1,1,Additional Monitoring Underway,Director's Order Issued
"Ontario Graphite, Ltd.",Kearney Mine,"LOT:7, CONCESSION:10, GEOTOWNSHIP:BUTT, KEARNEY, ON ",KEARNEY,Metal Mining and Refining,North Bay,IRON,Approval / Permit Non-Compliance,08/31/2022,12/26/2022,2,mg/L, /d,9,4.2,30.6,Additional Monitoring Underway,Director's Order Issued
"Ontario Graphite, Ltd.",Kearney Mine,"LOT:7, CONCESSION:10, GEOTOWNSHIP:BUTT, KEARNEY, ON ",KEARNEY,Metal Mining and Refining,North Bay,PH - HIGH,Approval / Permit Non-Compliance,08/31/2022,08/31/2022,9,pH,any,1,9.23,9.23,Additional Monitoring Underway,Director's Order Issued
"ONTARIO GRAPHITE, LTD.",Kearney Mine,"LOT:7, CONCESSION:10, GEOTOWNSHIP:BUTT, KEARNEY, ON ",KEARNEY,Metal Mining and Refining,North Bay,IRON,Approval / Permit Non-Compliance,09/01/2022,12/31/2022,1, mg/L,mon avg,3,2.06,9.18,Additional Monitoring Underway,Director's Order Issued
"Ontario Graphite, Ltd.",Kearney Mine,"LOT:7, CONCESSION:10, GEOTOWNSHIP:BUTT, KEARNEY, ON ",KEARNEY,Metal Mining and Refining,North Bay,PH - LOW,Approval / Permit Non-Compliance,09/14/2022,09/14/2022,6,pH,any,1,5.26,5.26,Additional Monitoring Underway,Director's Order Issued
"Ontario Graphite, Ltd.",Kearney Mine,"LOT:7, CONCESSION:10, GEOTOWNSHIP:BUTT, KEARNEY, ON ",KEARNEY,Metal Mining and Refining,North Bay,NICKEL,Approval / Permit Non-Compliance,09/16/2022,09/16/2022,0.2,mg/L,any,1,0.3,0.3,Additional Monitoring Underway,Director's Order Issued
"Ontario Graphite, Ltd.",Kearney Mine,"LOT:7, CONCESSION:10, GEOTOWNSHIP:BUTT, KEARNEY, ON ",KEARNEY,Metal Mining and Refining,North Bay,ZINC,Approval / Permit Non-Compliance,09/16/2022,12/25/2022,0.2,mg/L,any,2,0.21,0.31,Additional Monitoring Underway,Director's Order Issued
"ONTARIO GRAPHITE, LTD.",Kearney Mine,"LOT:7, CONCESSION:10, GEOTOWNSHIP:BUTT, KEARNEY, ON ",KEARNEY,Metal Mining and Refining,North Bay,PH - HIGH,Approval / Permit Non-Compliance,09/23/2022,09/23/2022,9,pH,any,1,9.03,9.03,Additional Monitoring Underway,Director's Order Issued
"Ontario Graphite, Ltd.",Kearney Mine,"LOT:7, CONCESSION:10, GEOTOWNSHIP:BUTT, KEARNEY, ON ",KEARNEY,Metal Mining and Refining,North Bay,PH - HIGH,Approval / Permit Non-Compliance,10/09/2022,10/10/2022,9,pH,any,2,9.68,9.88,Additional Monitoring Underway,Director's Order Issued
"ONTARIO GRAPHITE, LTD.",Kearney Mine,"LOT:7, CONCESSION:10, GEOTOWNSHIP:BUTT, KEARNEY, ON ",KEARNEY,Metal Mining and Refining,North Bay,PH - HIGH,Approval / Permit Non-Compliance,10/10/2022,10/24/2022,9, pH,any,3,9.01,10.5,Additional Monitoring Underway,Director's Order Issued
"ONTARIO GRAPHITE, LTD.",Kearney Mine,"LOT:7, CONCESSION:10, GEOTOWNSHIP:BUTT, KEARNEY, ON ",KEARNEY,Metal Mining and Refining,North Bay,IRON,Approval / Permit Non-Compliance,10/12/2022,10/12/2022,2,mg/L,/d,1,2.02,2.02,Additional Monitoring Underway,Director's Order Issued
"Ontario Graphite, Ltd.",Kearney Mine,"LOT:7, CONCESSION:10, GEOTOWNSHIP:BUTT, KEARNEY, ON ",KEARNEY,Metal Mining and Refining,North Bay,PH - LOW,Approval / Permit Non-Compliance,10/13/2022,10/14/2022,6,pH,any,2,5.68,5.7,Additional Monitoring Underway,Director's Order Issued
"Ontario Graphite, Ltd.",Kearney Mine,"LOT:7, CONCESSION:10, GEOTOWNSHIP:BUTT, KEARNEY, ON ",KEARNEY,Metal Mining and Refining,North Bay,PH - HIGH,Approval / Permit Non-Compliance,10/14/2022,10/14/2022,9,pH,any,1,10,10,Additional Monitoring Underway,Director's Order Issued
"ONTARIO GRAPHITE, LTD.",Kearney Mine,"LOT:7, CONCESSION:10, GEOTOWNSHIP:BUTT, KEARNEY, ON ",KEARNEY,Metal Mining and Refining,North Bay,PH - HIGH,Approval / Permit Non-Compliance,11/15/2022,11/15/2022,9,pH,any,1,9.02,9.02,Additional Monitoring Underway,Director's Order Issued
"ONTARIO GRAPHITE, LTD.",Kearney Mine,"LOT:7, CONCESSION:10, GEOTOWNSHIP:BUTT, KEARNEY, ON ",KEARNEY,Metal Mining and Refining,North Bay,PH - LOW,Approval / Permit Non-Compliance,11/23/2022,11/24/2022,6, pH,any,2,2,5.95,Additional Monitoring Underway,Director's Order Issued
"Ontario Graphite, Ltd.",Kearney Mine,"LOT:7, CONCESSION:10, GEOTOWNSHIP:BUTT, KEARNEY, ON ",KEARNEY,Metal Mining and Refining,North Bay,PH - LOW,Approval / Permit Non-Compliance,11/29/2022,11/29/2022,6,pH,any,1,5.39,5.39,Additional Monitoring Underway,Director's Order Issued
"Ontario Graphite, Ltd.",Kearney Mine,"LOT:7, CONCESSION:10, GEOTOWNSHIP:BUTT, KEARNEY, ON ",KEARNEY,Metal Mining and Refining,North Bay,PH - HIGH,Approval / Permit Non-Compliance,11/30/2022,12/01/2022,9,pH,any,2,9.09,9.67,Additional Monitoring Underway,Director's Order Issued
"ONTARIO GRAPHITE, LTD.",Kearney Mine,"LOT:7, CONCESSION:10, GEOTOWNSHIP:BUTT, KEARNEY, ON ",KEARNEY,Metal Mining and Refining,North Bay,TOTAL SUSPENDED SOLIDS,Approval / Permit Non-Compliance,12/01/2022,12/13/2022,15,mg/L,mon avg,1,52,52,Additional Monitoring Underway,Director's Order Issued
"Ontario Graphite, Ltd.",Kearney Mine,"LOT:7, CONCESSION:10, GEOTOWNSHIP:BUTT, KEARNEY, ON ",KEARNEY,Metal Mining and Refining,North Bay,PH - HIGH,Approval / Permit Non-Compliance,12/13/2022,12/15/2022,9,pH,any,3,9.34,9.84,Additional Monitoring Underway,Director's Order Issued
"Ontario Graphite, Ltd.",Kearney Mine,"LOT:7, CONCESSION:10, GEOTOWNSHIP:BUTT, KEARNEY, ON ",KEARNEY,Metal Mining and Refining,North Bay,PH - LOW,Approval / Permit Non-Compliance,12/13/2022,12/13/2022,6,pH,any,1,5.32,5.32,Additional Monitoring Underway,Director's Order Issued
"ONTARIO GRAPHITE, LTD.",Kearney Mine,"LOT:7, CONCESSION:10, GEOTOWNSHIP:BUTT, KEARNEY, ON ",KEARNEY,Metal Mining and Refining,North Bay,IRON,Approval / Permit Non-Compliance,12/15/2022,12/29/2022,2, mg/L,24hr,4,4.2,17.6,Additional Monitoring Underway,Director's Order Issued
"ONTARIO GRAPHITE, LTD.",Kearney Mine,"LOT:7, CONCESSION:10, GEOTOWNSHIP:BUTT, KEARNEY, ON ",KEARNEY,Metal Mining and Refining,North Bay,TOTAL SUSPENDED SOLIDS,Approval / Permit Non-Compliance,12/21/2022,12/29/2022,30, mg/L,24hr,2,73,143,Additional Monitoring Underway,Director's Order Issued
"Ontario Graphite, Ltd.",Kearney Mine,"LOT:7, CONCESSION:10, GEOTOWNSHIP:BUTT, KEARNEY, ON ",KEARNEY,Metal Mining and Refining,North Bay,PH - HIGH,Approval / Permit Non-Compliance,12/27/2022,12/27/2022,9,pH,any,5,9.23,10.28,Additional Monitoring Underway,Director's Order Issued
Algoma Tubes Inc.,Algoma Tubes,547 Wallace Terr,SAULT STE. MARIE,Iron and Steel,Sault Ste. Marie,ACUTE LETHALITY - DAPHNIA,Approval / Permit Non-Compliance,04/26/2022,04/26/2022,0,acute toxicity,any,1,1,1,Additional Monitoring Underway; Conducting Study,Environmental Penalty Order Issued
Algoma Tubes Inc.,Algoma Tubes,547 Wallace Terr,SAULT STE. MARIE,Iron and Steel,Sault Ste. Marie,ACUTE LETHALITY - DAPHNIA,Approval / Permit Non-Compliance,08/09/2022,08/09/2022,0,acute toxicity,any,1,1,1,Additional Monitoring Underway; Conducting Study,Other Abatement Action Taken; Environmental Penalty Order Issued
Algoma Tubes Inc.,Algoma Tubes,547 Wallace Terr,SAULT STE. MARIE,Iron and Steel,Sault Ste. Marie,ACUTE LETHALITY - DAPHNIA,Approval / Permit Non-Compliance,09/30/2022,09/30/2022,0,acute toxicity,any,1,1,1,Action Plan Submitted - Implementing Improvements; Conducting Study,Other Action Taken
Algoma Tubes Inc.,Algoma Tubes,547 Wallace Terr,SAULT STE. MARIE,Iron and Steel,Sault Ste. Marie,ACUTE LETHALITY - DAPHNIA,Approval / Permit Non-Compliance,11/27/2022,11/27/2022,0,acute toxicity,any,1,1,1,Action Plan Submitted - Implementing Improvements; Conducting Study,Other Action Taken
Prodigy Gold Inc.,Magino Gold Project Site,100 King St W,Finan,Metal Mining and Refining,Sault Ste. Marie,"AMMONIA, UNIONIZED",Approval / Permit Non-Compliance,06/01/2022,06/30/2022,0.02,mg/L,mon avg,1,0.0508,0.0508,Other,Assessment Underway; Other Abatement Action Taken
Prodigy Gold Inc.,Magino Gold Project Site,100 King St W,Finan,Metal Mining and Refining,Sault Ste. Marie,"AMMONIA, UNIONIZED",Approval / Permit Non-Compliance,06/22/2022,06/22/2022,0.04,mg/L, /d,1,0.127,0.127,Other,Assessment Underway; Other Abatement Action Taken
Prodigy Gold Inc.,Magino Gold Project Site,100 King St W,Finan,Metal Mining and Refining,Sault Ste. Marie,"AMMONIA, UNIONIZED",Approval / Permit Non-Compliance,06/29/2022,06/29/2022,0.04,mg/L, /d,1,0.095,0.095,Other,Assessment Underway; Other Abatement Action Taken
Prodigy Gold Inc.,Magino Gold Project Site,100 King St W,Finan,Metal Mining and Refining,Sault Ste. Marie,"AMMONIA, UNIONIZED",Approval / Permit Non-Compliance,07/01/2022,07/31/2022,0.02,mg/L,mon avg,1,0.026,0.026,Other,Assessment Underway; Other Abatement Action Taken
Prodigy Gold Inc.,Magino Gold Project Site,100 King St W,Finan,Metal Mining and Refining,Sault Ste. Marie,"AMMONIA, UNIONIZED",Approval / Permit Non-Compliance,07/20/2022,07/20/2022,0.04,mg/L, /d,1,0.065,0.065,Other,Assessment Underway; Other Abatement Action Taken
Prodigy Gold Inc.,Magino Gold Project Site,100 King St W,Finan,Metal Mining and Refining,Sault Ste. Marie,"AMMONIA, UNIONIZED",Approval / Permit Non-Compliance,08/01/2022,08/31/2022,0.02,mg/L,mon avg,1,0.11,0.11,Other,Assessment Underway; Other Abatement Action Taken
Prodigy Gold Inc.,Magino Gold Project Site,100 King St W,Finan,Metal Mining and Refining,Sault Ste. Marie,NITRATE (AS NITROGEN),Approval / Permit Non-Compliance,08/01/2022,08/31/2022,3,mg/L,mon avg,1,3.61,3.61,Other,Assessment Underway; Other Abatement Action Taken
Prodigy Gold Inc.,Magino Gold Project Site,100 King St W,Finan,Metal Mining and Refining,Sault Ste. Marie,"AMMONIA, UNIONIZED",Approval / Permit Non-Compliance,08/10/2022,08/10/2022,0.04,mg/L, /d,1,0.263,0.263,Other,Assessment Underway; Other Abatement Action Taken
Prodigy Gold Inc.,Magino Gold Project Site,100 King St W,Finan,Metal Mining and Refining,Sault Ste. Marie,"AMMONIA, UNIONIZED",Approval / Permit Non-Compliance,09/01/2022,09/30/2022,0.02,mg/L,mon avg,1,0.045,0.045,Other,Assessment Underway; Other Abatement Action Taken
Prodigy Gold Inc.,Magino Gold Project Site,100 King St W,Finan,Metal Mining and Refining,Sault Ste. Marie,NITRATE (AS NITROGEN),Approval / Permit Non-Compliance,09/01/2022,11/30/2022,3,mg/L,mon avg,1,3.35,3.35,Other,Assessment Underway; Other Abatement Action Taken
Prodigy Gold Inc.,Magino Gold Project Site,100 King St W,Finan,Metal Mining and Refining,Sault Ste. Marie,"AMMONIA, UNIONIZED",Approval / Permit Non-Compliance,09/09/2022,09/09/2022,0.04,mg/L, /d,1,0.045,0.045,Other,Assessment Underway; Other Abatement Action Taken
Prodigy Gold Inc.,Magino Gold Project Site,100 King St W,Finan,Metal Mining and Refining,Sault Ste. Marie,NITRATE (AS NITROGEN),Approval / Permit Non-Compliance,10/01/2022,10/31/2022,3,mg/L,mon avg,1,6.28,6.28,Other,Assessment Underway; Other Abatement Action Taken
Prodigy Gold Inc.,Magino Gold Project Site,100 King St W,Finan,Metal Mining and Refining,Sault Ste. Marie,NITRATE (AS NITROGEN),Approval / Permit Non-Compliance,10/06/2022,10/06/2022,6,mg/L, /d,1,6.1,6.1,Other,Assessment Underway; Other Abatement Action Taken
Prodigy Gold Inc.,Magino Gold Project Site,100 King St W,Finan,Metal Mining and Refining,Sault Ste. Marie,NITRATE (AS NITROGEN)     ,Approval / Permit Non-Compliance,10/23/2022,10/23/2022,6,mg/L, /d,1,6.53,6.53,Other,Assessment Underway; Other Abatement Action Taken
Prodigy Gold Inc.,Magino Gold Project Site,100 King St W,Finan,Metal Mining and Refining,Sault Ste. Marie,"AMMONIA, UNIONIZED",Approval / Permit Non-Compliance,10/23/2022,10/23/2022,0.04,mg/L, /d,1,0.0493,0.0493,Other,Assessment Underway; Other Abatement Action Taken
Prodigy Gold Inc.,Magino Gold Project Site,100 King St W,Finan,Metal Mining and Refining,Sault Ste. Marie,NITRATE (AS NITROGEN),Approval / Permit Non-Compliance,10/26/2022,10/26/2022,6,mg/L, /d,1,6.95,6.95,Other,Assessment Underway; Other Abatement Action Taken
Prodigy Gold Inc.,Magino Gold Project Site,100 King St W,Finan,Metal Mining and Refining,Sault Ste. Marie,NITRATE (AS NITROGEN),Approval / Permit Non-Compliance,10/28/2022,10/28/2022,6,mg/L, /d,1,7.28,7.28,Other,Assessment Underway; Other Abatement Action Taken
Prodigy Gold Inc.,Magino Gold Project Site,100 King St W,Finan,Metal Mining and Refining,Sault Ste. Marie,NITRATE (AS NITROGEN),Approval / Permit Non-Compliance,11/01/2022,11/30/2022,3,mg/L,mon avg,1,8.01,8.01,Other,Assessment Underway; Other Abatement Action Taken
Prodigy Gold Inc.,Magino Gold Project Site,100 King St W,Finan,Metal Mining and Refining,Sault Ste. Marie,NITRATE (AS NITROGEN),Approval / Permit Non-Compliance,11/01/2022,11/30/2022,3,mg/L,mon avg,1,9,9,Other,Assessment Underway; Other Abatement Action Taken
Prodigy Gold Inc.,Magino Gold Project Site,100 King St W,Finan,Metal Mining and Refining,Sault Ste. Marie,NITRATE (AS NITROGEN),Approval / Permit Non-Compliance,11/04/2022,11/04/2022,6,mg/L, /d,1,7.59,7.59,Other,Assessment Underway; Other Abatement Action Taken
Prodigy Gold Inc.,Magino Gold Project Site,100 King St W,Finan,Metal Mining and Refining,Sault Ste. Marie,NITRATE (AS NITROGEN),Approval / Permit Non-Compliance,11/09/2022,11/18/2022,6,mg/L, /d,5,7.36,9.02,Other,Assessment Underway; Other Abatement Action Taken
Prodigy Gold Inc.,Magino Gold Project Site,100 King St W,Finan,Metal Mining and Refining,Sault Ste. Marie,NITRATE (AS NITROGEN),Approval / Permit Non-Compliance,11/09/2022,11/16/2022,6,mg/L, /d,5,8.25,10.2,Other,Assessment Underway; Other Abatement Action Taken
Prodigy Gold Inc.,Magino Gold Project Site,100 King St W,Finan,Metal Mining and Refining,Sault Ste. Marie,"AMMONIA, UNIONIZED",Approval / Permit Non-Compliance,11/17/2022,11/17/2022,0.04,mg/L, /d,1,0.048,0.048,Other,Assessment Underway; Other Abatement Action Taken
RIO ALGOM LTD.,Pronto Mine and Tailings,"1305 Highway 17, Spragge",Township of the North Shore,Metal Mining and Refining,Sault Ste. Marie,IRON,Approval / Permit Non-Compliance,04/12/2022,04/12/2022,1, mg/L,any,1,1.05,1.13,Resolved w/o Actions Required,Event Resolved
RIO ALGOM LTD.,Pronto Mine and Tailings,"1305 Highway 17, Spragge",Township of the North Shore,Metal Mining and Refining,Sault Ste. Marie,IRON,Approval / Permit Non-Compliance,04/21/2022,04/21/2022,1, mg/L,any,1,1.13,1.13,Resolved w/o Actions Required,Event Resolved
AV Terrace Bay Inc.,Terrace Bay Mill,21 Mill Rd,Terrace Bay,Pulp and Paper,Thunder Bay,Total Suspended Solids,Approval / Permit Non-Compliance,07/28/2022,07/28/2022,18400,kg/d, /d,1,20591,20591,New/Modified Sampling Program Underway,Voluntary Abatement Program Underway
GREENSTONE GOLD MINES GP INC.,GREENSTONE GOLD MINES,"8000 HWY 11, GERALDTON",GREENSTONE,Metal Mining and Refining,Thunder Bay,PH - HIGH,Approval / Permit Non-Compliance,04/13/2022,04/13/2022,8.5,pH,any,1,9.66,9.66,Conducting Study,Addressed w/o Intervention
GREENSTONE GOLD MINES GP INC.,GREENSTONE GOLD MINES,"8000 HWY 11, GERALDTON",GREENSTONE,Metal Mining and Refining,Thunder Bay,ZINC,Approval / Permit Non-Compliance,06/16/2022,06/16/2022,0.4,mg/L,/d,1,0.419,0.419,Other,Assessment Underway
ONTARIO POWER GENERATION INC.,Atikokan Generating Station,ATIKOKAN GENERATING STATION HIGHWAY 622,ATIKOKAN,Electric Power Generation,Thunder Bay,ACUTE LETHALITY - DAPHNIA,Approval / Permit Non-Compliance,11/14/2022,11/14/2022,0,acute toxicity,any,1,1,1,Conducting Study,Assessment Underway
Alamos Gold Inc.,Young-Davidson Mine,3 km West of Matachewan Hwy 566,Matachewan,Metal Mining and Refining,Timmins,PH - LOW,Approval / Permit Non-Compliance,08/22/2022,08/22/2022,6,pH,any,1,5.9,5.9,Operational Process Modification,Assessment Complete - Incident Resolved; Assessment Complete - No Action Required
Atlantic Power Corporation,Calstock Power Plant,"Lot: 26 27 28, Concession: 4,  Geographic Township: STODDART",Stoddart,Electric Power Generation,Timmins,TOTAL SUSPENDED SOLIDS,Approval / Permit Non-Compliance,09/08/2022,09/08/2022,15,mg/L,/week,1,15.3,15.3,Operational Process Modification,Assessment Complete - No Action Required
IAMGOLD Corporation,Cote Gold Project Site,3 Mesomikenda Lake Rd,Chester,Metal Mining and Refining,Timmins,LEAD,Approval / Permit Non-Compliance,03/01/2022,03/31/2022,0.001,mg/L,mon avg,1,0.00105,0.00105,Equipment Modified - Repaired - Replaced or Re-calibrated; New Equipment or Treatment Process Installed,Assessment Complete - Incident Resolved
IAMGOLD Corporation,Cote Gold Project Site,3 Mesomikenda Lake Rd,Chester,Metal Mining and Refining,Timmins,TOTAL SUSPENDED SOLIDS,Approval / Permit Non-Compliance,03/29/2022,04/06/2022,25,mg/L,any,3,25,47,New Equipment or Treatment Process Installed; New/Modified Sampling Program Underway,Assessment Complete - Incident Resolved
IAMGOLD Corporation,Cote Gold Project Site,3 Mesomikenda Lake Rd,Chester,Metal Mining and Refining,Timmins,TOTAL SUSPENDED SOLIDS,Approval / Permit Non-Compliance,04/01/2022,04/30/2022,15,mg/L,mon avg,1,21.2,21.2,None Required,Environmental Penalty Order Issued
IAMGOLD Corporation,Cote Gold Project Site,3 Mesomikenda Lake Rd,Chester,Metal Mining and Refining,Timmins,TOTAL SUSPENDED SOLIDS,Approval / Permit Non-Compliance,04/24/2022,04/24/2022,25,mg/L,any,1,103,103,Action Plan Submitted - Implementing Improvements; Operational Process Modification; Training/Procedure Change,Voluntary Abatement Program Underway; Environmental Penalty Order Issued
IAMGOLD Corporation,Cote Gold Project Site,3 Mesomikenda Lake Rd,Chester,Metal Mining and Refining,Timmins,TOTAL SUSPENDED SOLIDS,Approval / Permit Non-Compliance,05/19/2022,05/19/2022,25,mg/L,any,1,29,29,Additional Monitoring Underway; New Equipment or Treatment Process Installed; Operational Process Modification; Training/Procedure Change,Environmental Penalty Order Issued
IAMGOLD Corporation,Cote Gold Project Site,3 Mesomikenda Lake Rd,Chester,Metal Mining and Refining,Timmins,TOTAL SUSPENDED SOLIDS,Approval / Permit Non-Compliance,06/05/2022,06/05/2022,25,mg/L,any,1,33,33,Action Plan Submitted - Implementing Improvements; New Equipment or Treatment Process Installed; Operational Process Modification; Training/Procedure Change,Environmental Penalty Order Issued
IAMGOLD Corporation,Cote Gold Project Site,3 Mesomikenda Lake Rd,Chester,Metal Mining and Refining,Timmins,TOTAL SUSPENDED SOLIDS,Approval / Permit Non-Compliance,06/12/2022,06/12/2022,25,mg/L,any,1,29,29,Action Plan Submitted - Implementing Improvements; New Equipment or Treatment Process Installed; Operational Process Modification; Training/Procedure Change,Environmental Penalty Order Issued
IAMGOLD Corporation,Cote Gold Project Site,3 Mesomikenda Lake Rd,Chester,Metal Mining and Refining,Timmins,COPPER,Approval / Permit Non-Compliance,11/01/2022,11/30/2022,0.005,mg/L,mon avg,1,0.00567,0.00567,Action Plan Submitted - Implementing Improvements; Additional Monitoring Underway; Operational Process Modification,Assessment Complete - No Action Required
Magris Talc Canada Inc.,Imerys Talc Canada Inc - Timmins Micronizing Plant,100 Water Tower Rd,Timmins,Industrial Minerals,Timmins,ARSENIC  ,Approval / Permit Non-Compliance,07/31/2022,07/31/2022,0.005,mg/L,mon avg,1,0.0058,0.0058,Action Plan Submitted - Implementing Improvements,Voluntary Abatement Program Underway; Environmental Penalty Order Issued
Magris Talc Canada Inc.,Penhorwood Mine,1 Penhorwood Mine Rd,Penhorwood,Metal Mining and Refining,Timmins,ACUTE LETHALITY - TROUT,Approval / Permit Non-Compliance,01/20/2022,01/20/2022,0,acute toxicity,any,1,1,1,Operational Process Modification,Environmental Penalty Order Issued
Magris Talc Canada Inc.,Penhorwood Mine,1 Penhorwood Mine Rd,Penhorwood,Metal Mining and Refining,Timmins,ARSENIC  ,Approval / Permit Non-Compliance,04/01/2022,04/30/2022,0.005,mg/L,mon avg,1,0.0055,0.0055,Additional Monitoring Underway; Operational Process Modification,Assessment Underway
Magris Talc Canada Inc.,Penhorwood Mine,1 Penhorwood Mine Rd,Penhorwood,Metal Mining and Refining,Timmins,"PHOSPHORUS, TOTAL",Approval / Permit Non-Compliance,04/01/2022,04/30/2022,0.03,mg/l,mon avg,1,0.043,0.043,Additional Monitoring Underway; Operational Process Modification,Assessment Underway
Magris Talc Canada Inc.,Penhorwood Mine,1 Penhorwood Mine Rd,Penhorwood,Metal Mining and Refining,Timmins,TOTAL SUSPENDED SOLIDS,Approval / Permit Non-Compliance,05/01/2022,05/31/2022,25,mg/l,mon avg,1,34,34,Operational Process Modification,Assessment Complete - No Action Required
Magris Talc Canada Inc.,Penhorwood Mine,1 Penhorwood Mine Rd,Penhorwood,Metal Mining and Refining,Timmins,TOTAL SUSPENDED SOLIDS,Approval / Permit Non-Compliance,05/31/2022,05/31/2022,25,mg/l,/week,1,78.7,78.7,other,Assessment Underway
McEwen Ontario,Black Fox Mine,2839 Highway 101 ,Black River-Matheson,Metal Mining and Refining,Timmins,IRON,Approval / Permit Non-Compliance,06/01/2022,06/01/2022,2,mg/L,any,1,2.1,2.1,New/Modified Sampling Program Underway; Operational Process Modification,Other Action Taken
NEWMONT GOLDCORP,Hollinger Mine,4315 Gold Mine Rd,TIMMINS,Metal Mining and Refining,Timmins,TOTAL SUSPENDED SOLIDS,Approval / Permit Non-Compliance,04/14/2022,04/14/2022,30,mg/L,any,1,96,96,Other,Addressed w/o Intervention
NEWMONT GOLDCORP,Hollinger Mine,4315 Gold Mine Rd,Timmins,Metal Mining and Refining,Timmins,TOTAL SUSPENDED SOLIDS,Approval / Permit Non-Compliance,09/21/2022,09/21/2022,30,mg/L,any,1,53,53,Other,Assessment Complete - No Action Required
NEWMONT GOLDCORP,McIntyre Tailings Recovery Project,"Lot 7, Concession 3 and Lot 8, Concession 4
City of Timmins, District of Cochrane",District of Cochrane,Metal Mining and Refining,Timmins,TOTAL SUSPENDED SOLIDS,Approval / Permit Non-Compliance,04/19/2022,04/19/2022,30,mg/L,any,1,45.3,45.3,Other,Addressed w/o Intervention
PETER KIEWIT SONS,Little Long Generating Station,"Adam Creek Sluiceway - Harmon Unorganized Township, District of Cochrane",Harmon township,Electric Power Generation,Timmins,TOTAL SUSPENDED SOLIDS,Approval / Permit Non-Compliance,03/05/2022,03/05/2022,25,mg/L,any,1,94.6,94.6,Operational Process Modified,Addressed w/o Intervention
PETER SMIT & SONS INC,Smoky Falls Generating Station,"Lot 7, Concession 3 and Lot 8, Concession 4",Harmon Unorganized Township,Electric Power Generation,Timmins,TOTAL SUSPENDED SOLIDS,Approval / Permit Non-Compliance,10/30/2022,11/10/2022,33.5,mg/L,any,1,44,44,Additional Monitoring Underway,Addressed w/o Intervention
County of Oxford,Tillsonburg Wastewater Treatment Plant,19 Van St,Tillsonburg,Municipal Sewage,London,TOTAL SUSPENDED SOLIDS,Approval / Permit Non-Compliance,11/01/2022,11/30/2022,25,mg/L,mon avg,1,25.2,25.2,Additional Monitoring Underway,Assessment Complete - Incident Resolved
St. Marys Cement Inc. (Canada),St. Marys Cement St. Marys Plant,585 Water Street,St. Marys,Miscellaneous Industrial,London,TOTAL SUSPENDED SOLIDS,Approval / Permit Non-Compliance,03/01/2022,03/31/2022,25,mg/L,mon avg,1,83.26,83.26,Action Plan Submitted - Implementing Improvements,Assessment Underway
Bruce Power Inc.,Bruce Power Generating Station A (units 1 -4),"Lot: 28 and 29, Concession: A, Bruce Township, Kincardine",Kincardine,Electric Power Generation,Owen Sound,ACUTE LETHALITY - DAPHNIA,Legislation Non-Compliance,11/10/2022,11/10/2022,0,acute toxicity,any,1,1,1,None Required,Assessment Complete - No Action Required
Bruce Power Inc.,Bruce Power Generating Station A (units 1 -4),"Lot: 28 and 29, Concession: A, Bruce Township, Kincardine",Kincardine,Electric Power Generation,Owen Sound,ACUTE LETHALITY - TROUT,Legislation Non-Compliance,11/10/2022,11/10/2022,0,acute toxicity,any,1,1,1,None Required,Assessment Complete - No Action Required
Bruce Power Inc.,Bruce Power Generating Station A (units 1 -4),"Lot: 28 and 29, Concession: A, Bruce Township, Kincardine",Kincardine,Electric Power Generation,Owen Sound,ACUTE LETHALITY - DAPHNIA,Legislation Non-Compliance,11/10/2022,11/10/2022,0,acute toxicity,any,1,1,1,None Required,Assessment Complete - No Action Required
Bruce Power Inc.,Bruce Power Generating Station A (units 1 -4),"Lot: 28 and 29, Concession: A, Bruce Township, Kincardine",Kincardine,Electric Power Generation,Owen Sound,ACUTE LETHALITY - TROUT,Legislation Non-Compliance,11/10/2022,11/10/2022,0,acute toxicity,any,1,1,1,None Required,Assessment Complete - No Action Required
Bruce Power Inc.,Bruce Power Generating Station B (units 5 - 8),177 Tie Rd Tiverton,Kincardine,Electric Power Generation,Owen Sound,TOTAL SUSPENDED SOLIDS,Approval / Permit Non-Compliance,04/05/2022,04/06/2022,70,mg/L,/d,1,101.92,101.92,Other,Assessment Underway
Bruce Power Inc.,Bruce Power Generating Station B (units 5 - 8),177 Tie Rd Tiverton,Kincardine,Electric Power Generation,Owen Sound,TOTAL SUSPENDED SOLIDS,Approval / Permit Non-Compliance,12/24/2022,12/29/2022,70,mg/L,/d,6,138.9,138.9,Additional Monitoring Underway,Assessment Complete - Incident Resolved
Bruce Power Inc.,Bruce Power Generating Station B (units 5 - 8),177 Tie Rd Tiverton,Kincardine,Electric Power Generation,Owen Sound,IRON,Approval / Permit Non-Compliance,12/24/2022,12/29/2022,2.5,mg/L,/d,6,6,6,Additional Monitoring Underway,Assessment Complete - Incident Resolved
Henry Blyth Farms Inc.,82974A London Road,82974A London Rd,Central Huron,Miscellaneous Industrial,Owen Sound,TOTAL AMMONIA NITROGEN,Approval / Permit Non-Compliance,05/05/2022,05/17/2022,5,mg/L,mon avg,1,9.3,9.3,Ceased Operations,Assessment Complete - Incident Resolved; Voluntary Abatement Program Underway
St. Marys Cement Inc. (Canada) operating as Canada Building Materials,Osprey Quarry,"Lot 20, 21, 22, Concession A, Osprey, Grey Highlands",Grey Highlands,Industrial Minerals,Owen Sound,TOTAL SUSPENDED SOLIDS,Approval / Permit Non-Compliance,08/04/2022,08/04/2022,25,mg/L,any,1,31,31,Other,Assessment Complete - No Action Required
The Corporation of the Municipality of Kincardine,Kincardine Waste Management Centre (Ward 2 landfill),437 Sideroad 15 North,Kincardine,Municipal Sewage,Owen Sound,TOTAL AMMONIA NITROGEN,Approval / Permit Non-Compliance,09/20/2022,09/20/2022,5,mg/L, /d,1,7.4,7.4,Ceased Operations,Assessment Complete - Incident Resolved; Assessment Complete - No Action Required
1573903 Ontario Ltd.,Cedar Line Farms Ltd / Cedarline Greenhouse,11080 Base Line Lot 1 Concession 6,Chatham-Kent,Miscellaneous Industrial,Sarnia,ZINC,Approval / Permit Non-Compliance,10/01/2021,01/25/2022,0.1,mg/L,rolling avg,1,0.38,0.38,Action Plan Submitted - Implementing Improvements,Assessment Complete - No Action Required
1573903 Ontario Ltd.,Cedar Line Farms Ltd / Cedarline Greenhouse,11080 Base Line Lot 1 Concession 6,Chatham-Kent,Miscellaneous Industrial,Sarnia,NITRATE (AS NITROGEN),Approval / Permit Non-Compliance,01/01/2022,04/30/2022,20,mg/L,rolling avg,1,21.48,21.48,Action Plan Submitted - Implementing Improvements,Other Action Taken
1573903 Ontario Ltd.,Cedar Line Farms Ltd / Cedarline Greenhouse,11080 Base Line Lot 1 Concession 6,Chatham-Kent,Miscellaneous Industrial,Sarnia,ZINC,Approval / Permit Non-Compliance,01/01/2022,04/30/2022,0.1,mg/L,rolling avg,1,0.505,0.505,Action Plan Submitted - Implementing Improvements,Other Action Taken
1573903 Ontario Ltd.,Cedar Line Farms Ltd / Cedarline Greenhouse,11080 Base Line Lot 1 Concession 6,Chatham-Kent,Miscellaneous Industrial,Sarnia,ZINC,Approval / Permit Non-Compliance,02/01/2022,05/31/2022,0.1,mg/L,rolling avg,1,0.305,0.305,Action Plan Submitted - Implementing Improvements,Other Action Taken
1573903 Ontario Ltd.,Cedar Line Farms Ltd / Cedarline Greenhouse,11080 Base Line Lot 1 Concession 6,Chatham-Kent,Miscellaneous Industrial,Sarnia,"PHOSPHORUS, TOTAL",Approval / Permit Non-Compliance,03/01/2022,06/30/2022,0.5,mg/L,rolling avg,1,0.53,0.53,Action Plan Submitted - Implementing Improvements,Other Action Taken
1573903 Ontario Ltd.,Cedar Line Farms Ltd / Cedarline Greenhouse,11080 Base Line Lot 1 Concession 6,Chatham-Kent,Miscellaneous Industrial,Sarnia,ZINC,Approval / Permit Non-Compliance,03/01/2022,06/30/2022,0.1,mg/L,rolling avg,1,0.229,0.229,Action Plan Submitted - Implementing Improvements,Other Action Taken
1573903 Ontario Ltd.,Cedar Line Farms Ltd / Cedarline Greenhouse,11080 Base Line Lot 1 Concession 6,Chatham-Kent,Miscellaneous Industrial,Sarnia,"PHOSPHORUS, TOTAL",Approval / Permit Non-Compliance,04/01/2022,07/31/2022,0.5,mg/L,rolling avg,1,0.786,0.786,Action Plan Submitted - Implementing Improvements,Other Action Taken
1573903 Ontario Ltd.,Cedar Line Farms Ltd / Cedarline Greenhouse,11080 Base Line Lot 1 Concession 6,Chatham-Kent,Miscellaneous Industrial,Sarnia,"PHOSPHORUS, TOTAL",Approval / Permit Non-Compliance,05/01/2022,08/31/2022,0.5,mg/L,rolling avg,1,0.767,0.767,Action Plan Submitted - Implementing Improvements,Other Action Taken
1573903 Ontario Ltd.,Cedar Line Farms Ltd / Cedarline Greenhouse,11080 Base Line Lot 1 Concession 6,Chatham-Kent,Miscellaneous Industrial,Sarnia,"PHOSPHORUS, TOTAL",Approval / Permit Non-Compliance,06/01/2022,09/30/2022,0.5,mg/L,rolling avg,1,0.79,0.79,Action Plan Submitted - Implementing Improvements,Other Action Taken
1573903 Ontario Ltd.,Cedar Line Farms Ltd / Cedarline Greenhouse,11080 Base Line Lot 1 Concession 6,Chatham-Kent,Miscellaneous Industrial,Sarnia,ZINC,Approval / Permit Non-Compliance,08/01/2022,11/30/2022,0.1,mg/L,rolling avg,1,0.1425,0.1425,Other,Other Action Taken
1573903 Ontario Ltd.,Cedar Line Farms Ltd / Cedarline Greenhouse,11080 Base Line Lot 1 Concession 6,Chatham-Kent,Miscellaneous Industrial,Sarnia,ZINC,Approval / Permit Non-Compliance,09/01/2022,12/31/2022,0.1,mg/L,rolling avg,1,0.1685,0.1685,Other,Other Action Taken
NOVA CHEMICALS CORPORATION,St. Clair Site,285 Albert St,St. Clair,Organic Chemicals Manufacturing,Sarnia,TOTAL SUSPENDED SOLIDS,Approval / Permit Non-Compliance,01/01/2022,01/31/2022,580,kg/d, /mon,1,1262.9,1262.9,Additional Monitoring Underway; New/Modified Sampling Program Underway,Voluntary Abatement Program Underway
NOVA CHEMICALS CORPORATION,St. Clair Site,285 Albert St,St. Clair,Organic Chemicals Manufacturing,Sarnia,TOTAL SUSPENDED SOLIDS,Approval / Permit Non-Compliance,01/01/2022,01/31/2022,580,kg/d,/mon,1,1262.9,1262.9,Additional Monitoring Underway; New/Modified Sampling Program Underway,Voluntary Abatement Program Underway
NOVA CHEMICALS CORPORATION,St. Clair Site,285 Albert St,St. Clair,Organic Chemicals Manufacturing,Sarnia,TOTAL SUSPENDED SOLIDS,Approval / Permit Non-Compliance,01/11/2022,01/11/2022,1300,kg/d,/d,1,2430,2430,New/Modified Sampling Program Underway,Assessment Complete - No Action Required
NOVA Chemicals Corporation,St. Clair Site,285 Albert St,St. Clair,Organic Chemicals Manufacturing,Sarnia,TOTAL SUSPENDED SOLIDS,Approval / Permit Non-Compliance,01/18/2022,01/18/2022,1300,kg/d,/d,1,1312.5,1312.5,Additional Monitoring Underway,Assessment Underway
NOVA Chemicals Corporation,St. Clair Site,285 Albert St,St. Clair,Inorganic Chemicals,Sarnia,TOTAL SUSPENDED SOLIDS,Approval / Permit Non-Compliance,02/01/2022,02/28/2022,570,kg/d,/mon,1,878.376,878.376,Additional Monitoring Underway,Voluntary Abatement Program Underway
NOVA Chemicals Corporation,St. Clair Site,285 Albert St,St. Clair,Organic Chemicals Manufacturing,Sarnia,TOTAL SUSPENDED SOLIDS,Approval / Permit Non-Compliance,12/01/2022,12/27/2022,570,kg/d,/mon,1,570.4,570.4,Additional Monitoring Underway,Assessment Underway
NOVA CHEMICALS CORPORATION,St. Clair Site,285 Albert St,ST. CLAIR,Organic Chemicals Manufacturing,Sarnia,TOTAL SUSPENDED SOLIDS,Approval / Permit Non-Compliance,12/01/2022,12/31/2022,570,kg/d,/mon,1,570.4,570.4,Additional Monitoring Underway,Voluntary Abatement Program Underway
NOVA Chemicals Corporation,Corunna Site,785 Petrolia Line,St. Clair,Petroleum Refineries,Sarnia,TEMPERATURE,Approval / Permit Non-Compliance,02/01/2022,02/13/2022,10,°C,any,4,11,12,Additional Monitoring Underway,Assessment Underway
NOVA Chemicals Corporation,Corunna Site,785 Petrolia Line,St. Clair,Organic Chemicals Manufacturing,Sarnia,TEMPERATURE,Approval / Permit Non-Compliance,03/17/2022,03/22/2022,10,°C,any,6,11,11,Additional Monitoring Underway; Conducting Study,Assessment Underway
NOVA Chemicals Corporation,Corunna Site,785 Petrolia Line,St. Clair,Organic Chemicals Manufacturing,Sarnia,TEMPERATURE,Approval / Permit Non-Compliance,04/08/2022,04/15/2022,10,°C,any,8,11,12,Additional Monitoring Underway; Conducting Study,Assessment Underway
NOVA Chemicals Corporation,Corunna Site,785 Petrolia Line,St. Clair,Organic Chemicals Manufacturing,Sarnia,TEMPERATURE,Approval / Permit Non-Compliance,05/14/2022,05/16/2022,10,°C,any,3,11,12,Additional Monitoring Underway; Conducting Study,Assessment Underway
NOVA Chemicals Corporation,Corunna Site,785 Petrolia Line,St. Clair,Organic Chemicals Manufacturing,Sarnia,TEMPERATURE,Approval / Permit Non-Compliance,12/07/2022,12/18/2022,10,°C,any,5,11,12,New/Amended Approval,Assessment Complete - No Action Required
NOVA Chemicals Corporation,Corunna Site,785 Petrolia Line,St. Clair,Organic Chemicals Manufacturing,Sarnia,TEMPERATURE,Approval / Permit Non-Compliance,12/20/2022,12/31/2022,10,°C,any,11,12,16,Conducting Study,Assessment Underway
Terra International (Canada) Inc.,Terra International (Canada) Inc.,161 Bickford Line,St. Clair,Inorganic Chemicals,Sarnia,FLUORIDE,Approval / Permit Non-Compliance,03/23/2022,03/23/2022,4,kg/d,/quarter,1,6.33,6.33,New/Amended Approval; None Required,Assessment Complete - No Action Required
Terra International (Canada) Inc.,Terra International (Canada) Inc.,161 Bickford Line,St. Clair,Inorganic Chemicals,Sarnia,ALUMINUM,Approval / Permit Non-Compliance,03/23/2022,03/23/2022,8.9,kg/d,/quarter,1,11.39,11.39,New/Amended Approval; None Required,Assessment Complete - No Action Required
TERRA INTERNATIONAL CANADA INC,Terra International (Canada) Inc.,161 Bickford Line,ST. CLAIR,Inorganic Chemicals,Sarnia,PH - HIGH,Approval / Permit Non-Compliance,10/21/2022,10/21/2022,9.5,pH,any,1,9.72,9.72,Resolved w/o Actions Required,Event Resolved
TransAlta (SC) Inc. as general partner for and on behalf of TransAlta (SC) L.P.,Sarnia Regional Cogeneration Plant (SRCP),230 - 1741 River Rd,Sarnia,Electric Power Generation,Sarnia,OIL AND GREASE,Approval / Permit Non-Compliance,12/24/2022,12/24/2022,15,mg/L, /d,1,17,17,Other,Assessment Complete - No Action Required
TransAlta (SC) Inc. as general partner for and on behalf of TransAlta (SC) L.P.,Sarnia Regional Cogeneration Plant (SRCP),230 - 1741 River Rd,"Sarnia
",Electric Power Generation,Sarnia,PH - LOW,Approval / Permit Non-Compliance,05/23/2022,05/23/2022,6,pH,any,1,2.5,2.5,Action Plan Submitted - Implementing Improvements; Equipment Modified - Repaired - Replaced or Re-calibrated; Operational Process Modification; Training/Procedure Change,Assessment Complete - Incident Resolved; Environmental Penalty Order Issued
TransAlta (SC) Inc. as general partner for and on behalf of TransAlta (SC) L.P.,Sarnia Regional Cogeneration Plant (SRCP),230 - 1741 River Rd,SARNIA,Electric Power Generation,Sarnia,OIL AND GREASE,Approval / Permit Non-Compliance,12/24/2022,12/24/2022,15,mg/L,/d,1,17,17,Other,Event Resolved
"Soave Farms Company and 1313304 Alberta ULC, operating as Great Northern Seedlings",Great Northern Seedlings,1507 Road 3 E,Kingsville,Miscellaneous Industrial,Windsor,ZINC,Approval / Permit Non-Compliance,03/01/2022,06/30/2022,0.1,mg/L,4 month rolling avg,1,0.139,0.139,Conducting Study,Other Action Taken
"Soave Farms Company and 1313304 Alberta ULC, operating as Great Northern Seedlings",Great Northern Seedlings,1507 Road 3 E,Kingsville,Miscellaneous Industrial,Windsor,ZINC,Approval / Permit Non-Compliance,04/01/2022,07/25/2022,0.1,mg/L,4 month rolling avg,1,0.139,0.139,Conducting Study,Other Action Taken
"Soave Farms Company and 1313304 Alberta ULC, operating as Great Northern Seedlings",Great Northern Seedlings,1507 Road 3 E,Kingsville,Miscellaneous Industrial,Windsor,ZINC,Approval / Permit Non-Compliance,02/01/2022,05/31/2022,0.1,mg/L,4 month rolling avg,1,0.11,0.11,Conducting Study,Other Action Taken
"1313304 Alberta ULC
operating as Great Northern Hydroponics",Great Northern Hydroponics,1400 Road 3 E,Kingsville,Miscellaneous Industrial,Windsor,POTASSIUM,Approval / Permit Non-Compliance,07/01/2022,11/30/2022,25,mg/L,4 month rolling avg,1,29.52,29.52,Action Plan Submitted - Implementing Improvements,Voluntary Abatement Program Underway
"1313304 Alberta ULC
operating as Great Northern Hydroponics",Great Northern Hydroponics,1400 Road 3 E,Kingsville,Miscellaneous Industrial,Windsor,ZINC,Approval / Permit Non-Compliance,02/01/2022,05/31/2022,0.1,mg/L,4 month rolling avg,1,0.229,0.229,Conducting Study,Other Action Taken
"1313304 Alberta ULC
operating as Great Northern Hydroponics",Great Northern Hydroponics,1400 Road 3 E,Kingsville,Miscellaneous Industrial,Windsor,ZINC,Approval / Permit Non-Compliance,03/01/2022,06/30/2022,0.1,mg/L,4 month rolling avg,1,0.172,0.172,Conducting Study,Other Action Taken
"1313304 Alberta ULC
operating as Great Northern Hydroponics",Great Northern Hydroponics,1400 Road 3 E,Kingsville,Miscellaneous Industrial,Windsor,ZINC,Approval / Permit Non-Compliance,04/01/2022,07/25/2022,0.1,mg/L,4 month rolling avg,1,0.122,0.122,Conducting Study,Other Action Taken
"1313304 Alberta ULC
operating as Great Northern Hydroponics",Great Northern Hydroponics,1400 Road 3 E,Kingsville,Miscellaneous Industrial,Windsor,NITRATE (AS NITROGEN),Approval / Permit Non-Compliance,06/01/2022,09/30/2022,20,mg/L,4 month rolling avg,1,29.4,29.4,Equipment Modified - Repaired - Replaced or Re-calibrated,Voluntary Abatement Program Underway
"1313304 Alberta ULC
operating as Great Northern Hydroponics",Great Northern Hydroponics,1400 Road 3 E,Kingsville,Miscellaneous Industrial,Windsor,POTASSIUM,Approval / Permit Non-Compliance,06/01/2022,09/30/2022,25,mg/L,4 month rolling avg,1,40.8,40.8,Equipment Modified - Repaired - Replaced or Re-calibrated,Voluntary Abatement Program Underway
"1313304 Alberta ULC
operating as Great Northern Hydroponics",Great Northern Hydroponics,1400 Road 3 E,Kingsville,Miscellaneous Industrial,Windsor,NITRATE (AS NITROGEN),Approval / Permit Non-Compliance,07/01/2022,11/30/2022,20,mg/L,4 month rolling avg,1,23.67,23.67,Action Plan Submitted - Implementing Improvements,Voluntary Abatement Program Underway
"1313304 Alberta ULC
operating as Great Northern Hydroponics",Great Northern Hydroponics,1400 Road 3 E,KINGSVILLE,Miscellaneous Industrial,Windsor,POTASSIUM,Approval / Permit Non-Compliance,12/15/2022,12/15/2022,25,mg/L,4 month rolling avg,1,31.31,31.31,Other,Voluntary Abatement Program Underway
"1313304 Alberta ULC
operating as Great Northern Hydroponics",Great Northern Hydroponics,1400 Road 3 E,KINGSVILLE,Miscellaneous Industrial,Windsor,NITRATE (AS NITROGEN),Approval / Permit Non-Compliance,12/15/2022,12/15/2022,20,mg/L,4 month rolling avg,1,20.163,20.163,Other,Voluntary Abatement Program Underway
2073834 Ontario Limited,Suder Farms,795 County Road 18,Kingsville,Miscellaneous Industrial,Windsor,NITRATE (AS NITROGEN),Approval / Permit Non-Compliance,02/01/2022,05/31/2022,20,mg/L,rolling avg,1,30.02,30.02,Other,Other Action Taken
2073834 Ontario Limited,Suder Farms,795 County Road 18,Kingsville,Miscellaneous Industrial,Windsor,"PHOSPHORUS, TOTAL",Approval / Permit Non-Compliance,02/01/2022,05/31/2022,0.5,mg/L,rolling avg,1,10.65,10.65,Other,Other Action Taken
2073834 Ontario Limited,Suder Farms,795 County Road 18,Kingsville,Miscellaneous Industrial,Windsor,ZINC,Approval / Permit Non-Compliance,02/01/2022,05/31/2022,0.1,mg/L,rolling avg,1,0.144,0.144,Other,Other Action Taken
2073834 Ontario Limited,Suder Farms,795 County Road 18,Kingsville,Miscellaneous Industrial,Windsor,POTASSIUM,Approval / Permit Non-Compliance,02/01/2022,05/31/2022,25,mg/L,rolling avg,1,56.2,56.2,Other,Other Action Taken
2073834 Ontario Limited,Suder Farms,795 County Road 18,Kingsville,Miscellaneous Industrial,Windsor,NITRATES,Approval / Permit Non-Compliance,05/01/2022,09/30/2022,15,mg/L,rolling avg,1,35.4,35.4,Other,Other Action Taken
2073834 Ontario Limited,Suder Farms,795 County Road 18,Kingsville,Miscellaneous Industrial,Windsor,"PHOSPHORUS, TOTAL",Approval / Permit Non-Compliance,05/01/2022,09/30/2022,0.5,mg/L,rolling avg,1,10.93,10.93,Other,Other Action Taken
2073834 Ontario Limited,Suder Farms,795 County Road 18,Kingsville,Miscellaneous Industrial,Windsor,ZINC,Approval / Permit Non-Compliance,05/01/2022,09/30/2022,0.1,mg/L,rolling avg,1,0.23,0.23,Other,Other Action Taken
2073834 Ontario Limited,Suder Farms,795 County Road 18,Kingsville,Miscellaneous Industrial,Windsor,POTASSIUM,Approval / Permit Non-Compliance,05/01/2022,09/30/2022,25,mg/L,rolling avg,1,66.5,66.5,Other,Other Action Taken
2073834 Ontario Limited,Suder Farms,795 County Road 18,Kingsville,Miscellaneous Industrial,Windsor,"PHOSPHORUS, TOTAL",Approval / Permit Non-Compliance,06/01/2022,10/31/2022,0.5,mg/L,rolling avg,1,2.406,2.406,Other,Other Action Taken
2073834 Ontario Limited,Suder Farms,795 County Road 18,Kingsville,Miscellaneous Industrial,Windsor,ZINC,Approval / Permit Non-Compliance,06/01/2022,10/31/2022,0.1,mg/L,rolling avg,1,0.196,0.196,Other,Other Action Taken
2073834 Ontario Limited,Suder Farms,795 County Road 18,Kingsville,Miscellaneous Industrial,Windsor,POTASSIUM,Approval / Permit Non-Compliance,06/01/2022,10/31/2022,25,mg/L,rolling avg,1,25.291,25.291,Other,Other Action Taken
2073834 Ontario Limited,Suder Farms,795 County Road 18,Kingsville,Miscellaneous Industrial,Windsor,"PHOSPHORUS, TOTAL",Approval / Permit Non-Compliance,08/01/2022,11/30/2022,0.5,mg/L,rolling avg,1,5.04,5.04,Other,Other Action Taken
2073834 Ontario Limited,Suder Farms,795 County Road 18,Kingsville,Miscellaneous Industrial,Windsor,ZINC,Approval / Permit Non-Compliance,08/01/2022,11/30/2022,0.1,mg/L,rolling avg,1,0.218,0.218,Other,Other Action Taken
2073834 Ontario Limited,Suder Farms,795 County Road 18,Kingsville,Miscellaneous Industrial,Windsor,"PHOSPHORUS, TOTAL",Approval / Permit Non-Compliance,09/01/2022,12/31/2022,0.5,mg/L,rolling avg,1,2.203,2.203,Other,Other Action Taken
2073834 Ontario Limited,Suder Farms,795 County Road 18,Kingsville,Miscellaneous Industrial,Windsor,ZINC,Approval / Permit Non-Compliance,09/01/2022,12/31/2022,0.1,mg/L,rolling avg,1,0.232,0.232,Other,Other Action Taken
Agriville Farms Ltd.,Agriville Farms Ltd.,1600 Kratz Rd,Kingsville,Miscellaneous Industrial,Windsor,ZINC,Approval / Permit Non-Compliance,11/12/2021,02/12/2022,0.1,mg/L,rolling avg,1,0.1545,0.1545,Other,Other Action Taken
Agriville Farms Ltd.,Agriville Farms Ltd.,1600 Kratz Rd,Kingsville,Miscellaneous Industrial,Windsor,ZINC,Approval / Permit Non-Compliance,11/12/2021,02/12/2022,0.1,mg/L,rolling avg,1,0.1505,0.1505,Other,Other Action Taken
Agriville Farms Ltd.,Agriville Farms Ltd.,1600 Kratz Rd,Kingsville,Miscellaneous Industrial,Windsor,"PHOSPHORUS, TOTAL",Approval / Permit Non-Compliance,11/12/2021,02/12/2022,0.5,mg/L,rolling avg,1,0.532,0.532,Other,Other Action Taken
Agriville Farms Ltd.,Agriville Farms Ltd.,1600 Kratz Rd,Kingsville,Miscellaneous Industrial,Windsor,"PHOSPHORUS, TOTAL",Approval / Permit Non-Compliance,11/12/2021,02/12/2022,0.5,mg/L,rolling avg,1,0.63625,0.63625,Other,Other Action Taken
Angelo Mastronardi,1448 Road 4 East,1448 Road 4 East,Kingsville,Miscellaneous Industrial,Windsor,ZINC,Approval / Permit Non-Compliance,01/01/2022,05/20/2022,0.1,mg/L,rolling avg,3,0.158,0.176,Other,Voluntary Abatement Program Underway
BELWOOD POULTRY LTD.,Belwood Poultry,"4272 CONCESSION 4 N, AMHERSTBURG, ON N9V 2Y9",Amherstburg,Miscellaneous Industrial,Windsor,"PHOSPHORUS, TOTAL",Approval / Permit Non-Compliance,07/01/2022,07/31/2022,0.5,mg/L,mon avg,1,1.81,1.81,Operational Process Modified,Voluntary Abatement Program Underway
DI CIOCCO FARMS INCORPORATED,Di Ciocco Farms,294 TALBOT ST E,Leamington ,Miscellaneous Industrial,Windsor,ZINC,Approval / Permit Non-Compliance,01/01/2022,12/31/2022,0.1, mg/L,4 mon rolling avg,8,0.138,0.894,Additional Monitoring Underway,Assessment Underway
DI CIOCCO FARMS INCORPORATED,Di Ciocco Farms,294 TALBOT ST E,Leamington ,Miscellaneous Industrial,Windsor,"PHOSPHORUS, TOTAL",Approval / Permit Non-Compliance,01/01/2022,06/30/2022,0.5, mg/L,4 mon rolling avg,2,1.58,3.21,Additional Monitoring Underway,Assessment Underway
DI CIOCCO FARMS INCORPORATED,Di Ciocco Farms,294 TALBOT ST E,Leamington ,Miscellaneous Industrial,Windsor,COPPER,Approval / Permit Non-Compliance,04/01/2022,04/30/2022,0.02,mg/L,4 month rolling avg,1,0.0617,0.0617,Additional Monitoring Underway,Assessment Underway
DI CIOCCO FARMS INCORPORATED,Di Ciocco Farms Eastside,308 TALBOT RD E,Leamington ,Miscellaneous Industrial,Windsor,ZINC,Approval / Permit Non-Compliance,01/01/2022,12/31/2022,0.1, mg/L,4 mon rolling avg,10,0.10275,0.432,Action Plan Submitted,Assessment Underway
DI CIOCCO FARMS INCORPORATED,Di Ciocco Farms Eastside,308 TALBOT RD E,Leamington ,Miscellaneous Industrial,Windsor,"PHOSPHORUS, TOTAL",Approval / Permit Non-Compliance,06/01/2022,07/31/2022,0.5, mg/L,4 mon rolling avg,2,0.529,0.54,Action Plan Submitted,Assessment Underway
Greenhill Produce (Thamesville) Ltd.,Greenhill Produce (Thamesville) Ltd.,23250 Kent Bridge Rd,Chatham-Kent,Miscellaneous Industrial,Windsor,ZINC,Approval / Permit Non-Compliance,10/01/2021,01/31/2022,0.1,mg/L,rolling avg,1,0.6915,0.6915,Other,Assessment Underway
Greenhill Produce (Thamesville) Ltd.,Greenhill Produce (Thamesville) Ltd.,23250 Kent Bridge Rd,Chatham-Kent,Miscellaneous Industrial,Windsor,ZINC,Approval / Permit Non-Compliance,10/01/2021,01/31/2022,0.1,mg/L,rolling avg,1,0.2415,0.2415,Other,Assessment Underway
Greenhill Produce (Thamesville) Ltd.,Greenhill Produce (Thamesville) Ltd.,23250 Kent Bridge Rd,Chatham-Kent,Miscellaneous Industrial,Windsor,ZINC,Approval / Permit Non-Compliance,10/01/2021,01/31/2022,0.1,mg/L,rolling avg,1,0.204,0.204,Other,Assessment Underway
Greenhill Produce (Thamesville) Ltd.,Greenhill Produce (Thamesville) Ltd.,23250 Kent Bridge Rd,Chatham-Kent,Miscellaneous Industrial,Windsor,ZINC,Approval / Permit Non-Compliance,10/01/2021,01/31/2022,0.1,mg/L,rolling avg,1,2.0975,2.0975,Other,Assessment Underway
Greenhill Produce (Thamesville) Ltd.,Greenhill Produce (Thamesville) Ltd.,23250 Kent Bridge Rd,Chatham-Kent,Miscellaneous Industrial,Windsor,ZINC,Approval / Permit Non-Compliance,11/01/2021,02/28/2022,0.1,mg/L,rolling avg,1,2.1575,2.1575,Conducting Study,Assessment Underway
Greenhill Produce (Thamesville) Ltd.,Greenhill Produce (Thamesville) Ltd.,23250 Kent Bridge Rd,Chatham-Kent,Miscellaneous Industrial,Windsor,ZINC,Approval / Permit Non-Compliance,11/01/2021,02/28/2022,0.1,mg/L,rolling avg,1,0.728,0.728,Conducting Study,Assessment Underway
Greenhill Produce (Thamesville) Ltd.,Greenhill Produce (Thamesville) Ltd.,23250 Kent Bridge Rd,Chatham-Kent,Miscellaneous Industrial,Windsor,ZINC,Approval / Permit Non-Compliance,11/01/2021,02/28/2022,0.1,mg/L,rolling avg,1,0.239,0.239,Conducting Study,Assessment Underway
Greenhill Produce (Thamesville) Ltd.,Greenhill Produce (Thamesville) Ltd.,23250 Kent Bridge Rd,Chatham-Kent,Miscellaneous Industrial,Windsor,ZINC,Approval / Permit Non-Compliance,11/01/2021,02/28/2022,0.1,mg/L,rolling avg,1,0.1985,0.1985,Conducting Study,Assessment Underway
J. C. Fresh Farms Ltd.,JC Fresh Farms Ltd.,2495 Graham Side Road,Kingsville,Miscellaneous Industrial,Windsor,"PHOSPHORUS, TOTAL",Approval / Permit Non-Compliance,11/23/2021,02/23/2022,0.5,mg/L,4 month rolling avg,1,0.78325,0.78325,Other,Other Action Taken
J. C. Fresh Farms Ltd.,JC Fresh Farms Ltd.,2495 Graham Side Road,Kingsville,Miscellaneous Industrial,Windsor,"PHOSPHORUS, TOTAL",Approval / Permit Non-Compliance,04/01/2022,07/31/2022,0.5,mg/L,4 month rolling avg,1,0.6995,0.6995,Equipment Modified - Repaired - Replaced or Re-calibrated,Assessment Complete - Incident Resolved
J. C. Fresh Farms Ltd.,JC Fresh Farms Ltd.,2495 Graham Side Road,Kingsville,Miscellaneous Industrial,Windsor,"PHOSPHORUS, TOTAL",Approval / Permit Non-Compliance,07/16/2022,11/16/2022,0.5,mg/L,4 month rolling avg,1,1.5485,1.5485,Other,Other Action Taken
J. C. Fresh Farms Ltd.,JC Fresh Farms Ltd.,2495 Graham Side Road,Kingsville,Miscellaneous Industrial,Windsor,POTASSIUM,Approval / Permit Non-Compliance,07/16/2022,11/16/2022,25,mg/L,4 month rolling avg,1,27.325,27.325,Other,Other Action Taken
J. C. Fresh Farms Ltd.,JC Fresh Farms Ltd.,2495 Graham Side Road,Kingsville,Miscellaneous Industrial,Windsor,"PHOSPHORUS, TOTAL",Approval / Permit Non-Compliance,09/14/2022,12/14/2022,0.5,mg/L,4 month rolling avg,1,1.177,1.177,Other,Voluntary Abatement Program Underway
Keller Bros. Greenhouses Inc.,Keller Bros. Greenhouse Inc.,1890 Road 5 E,Kingsville,Miscellaneous Industrial,Windsor,ZINC,Approval / Permit Non-Compliance,03/01/2022,03/31/2022,0.1,mg/L,rolling avg,1,0.244,0.244,Other,Other Action Taken
Keller Bros. Greenhouses Inc.,Keller Bros. Greenhouse Inc.,1890 Road 5 E,Kingsville,Miscellaneous Industrial,Windsor,ZINC,Approval / Permit Non-Compliance,04/01/2022,04/30/2022,0.1,mg/L,rolling avg,1,0.29,0.29,Other,Other Action Taken
Keller Bros. Greenhouses Inc.,Keller Bros. Greenhouse Inc.,1890 Road 5 E,Kingsville,Miscellaneous Industrial,Windsor,ZINC,Approval / Permit Non-Compliance,05/01/2022,05/31/2022,0.1,mg/L,rolling avg,1,0.2673,0.2673,Other,Other Action Taken
Keller Bros. Greenhouses Inc.,Keller Bros. Greenhouse Inc.,1890 Road 5 E,Kingsville,Miscellaneous Industrial,Windsor,ZINC,Approval / Permit Non-Compliance,06/01/2022,06/30/2022,0.1,mg/L,rolling avg,1,0.14,0.14,Other,Other Action Taken
Keller Bros. Greenhouses Inc.,Keller Bros. Greenhouse Inc.,1890 Road 5 E,Kingsville,Miscellaneous Industrial,Windsor,ZINC,Approval / Permit Non-Compliance,09/01/2022,09/30/2022,0.1,mg/L,rolling avg,1,0.1425,0.1425,Other,Other Action Taken
Keller Bros. Greenhouses Inc.,Keller Bros. Greenhouse Inc.,1890 Road 5 E,Kingsville,Miscellaneous Industrial,Windsor,ZINC,Approval / Permit Non-Compliance,10/01/2022,10/31/2022,0.1,mg/L,rolling avg,1,0.21075,0.21075,Other,Other Action Taken
Klassen Greenhouse Farms Inc.,63 Division Road North Also known as County Road 29,63 Division Rd N Also known as County Road 29,Kingsville,Miscellaneous Industrial,Windsor,TOTAL SUSPENDED SOLIDS,Approval / Permit Non-Compliance,01/01/2022,01/31/2022,15,mg/L,mon avg,1,20,20,Other,Other Action Taken
Klassen Greenhouse Farms Inc.,63 Division Road North Also known as County Road 29,63 Division Rd N Also known as County Road 29,Kingsville,Miscellaneous Industrial,Windsor,TOTAL SUSPENDED SOLIDS,Approval / Permit Non-Compliance,07/01/2022,07/31/2022,10,mg/L,mon avg,1,87,87,Other,Other Action Taken
Mor Gro Farms Inc.,1921 Road 3 East,1921 Road 3 E,Kingsville,Miscellaneous Industrial,Windsor,NITRATE (AS NITROGEN),Approval / Permit Non-Compliance,06/01/2022,09/30/2022,20,mg/L,4 month rolling avg,1,330.667,330.667,Other,Assessment Underway
Mor Gro Farms Inc.,1921 Road 3 East,1921 Road 3 E,Kingsville,Miscellaneous Industrial,Windsor,"PHOSPHORUS, TOTAL",Approval / Permit Non-Compliance,06/01/2022,09/30/2022,0.5,mg/L,4 month rolling avg,1,15.54,15.54,Other,Assessment Underway
Mor Gro Farms Inc.,1921 Road 3 East,1921 Road 3 E,Kingsville,Miscellaneous Industrial,Windsor,ZINC,Approval / Permit Non-Compliance,06/01/2022,09/30/2022,0.1,mg/L,4 month rolling avg,1,0.254,0.254,Other,Assessment Underway
Mor Gro Farms Inc.,1921 Road 3 East,1921 Road 3 E,Kingsville,Miscellaneous Industrial,Windsor,COPPER,Approval / Permit Non-Compliance,06/01/2022,09/30/2022,0.02,mg/L,4 month rolling avg,1,0.047,0.047,Other,Assessment Underway
Mor Gro Farms Inc.,1921 Road 3 East,1921 Road 3 E,Kingsville,Miscellaneous Industrial,Windsor,SULPHATE,Approval / Permit Non-Compliance,06/01/2022,09/30/2022,200,mg/L,4 month rolling avg,1,440,440,Other,Assessment Underway
Mor Gro Farms Inc.,1921 Road 3 East,1921 Road 3 E,Kingsville,Miscellaneous Industrial,Windsor,POTASSIUM,Approval / Permit Non-Compliance,06/01/2022,09/30/2022,25,mg/L,4 month rolling avg,1,370,370,Other,Assessment Underway
Mor Gro Farms Inc.,1921 Road 3 East,1921 Road 3 E,Kingsville,Miscellaneous Industrial,Windsor,COPPER,Approval / Permit Non-Compliance,07/01/2022,10/31/2022,0.02,mg/L,4 month rolling avg,1,0.04,0.04,Other,Other Action Taken
Mor Gro Farms Inc.,1921 Road 3 East,1921 Road 3 E,Kingsville,Miscellaneous Industrial,Windsor,SULPHATE,Approval / Permit Non-Compliance,07/01/2022,10/31/2022,200,mg/L,4 month rolling avg,1,377.5,377.5,Other,Other Action Taken
Mor Gro Farms Inc.,1921 Road 3 East,1921 Road 3 E,Kingsville,Miscellaneous Industrial,Windsor,POTASSIUM,Approval / Permit Non-Compliance,07/01/2022,10/31/2022,25,mg/L,4 month rolling avg,1,327.5,327.5,Other,Other Action Taken
Mor Gro Farms Inc.,1921 Road 3 East,1921 Road 3 E,Kingsville,Miscellaneous Industrial,Windsor,NITRATE (AS NITROGEN),Approval / Permit Non-Compliance,07/01/2022,10/31/2022,20,mg/L,4 month rolling avg,1,301.75,301.75,Other,Assessment Underway
Mor Gro Farms Inc.,1921 Road 3 East,1921 Road 3 E,Kingsville,Miscellaneous Industrial,Windsor,"PHOSPHORUS, TOTAL",Approval / Permit Non-Compliance,07/01/2022,10/31/2022,0.5,mg/L,4 month rolling avg,1,14.18,14.18,Other,Assessment Underway
Mor Gro Farms Inc.,1921 Road 3 East,1921 Road 3 E,Kingsville,Miscellaneous Industrial,Windsor,ZINC,Approval / Permit Non-Compliance,07/01/2022,10/31/2022,0.1,mg/L,4 month rolling avg,1,0.282,0.282,Other,Assessment Underway
Mor Gro Farms Inc.,1921 Road 3 East,1921 Road 3 E,Kingsville,Miscellaneous Industrial,Windsor,"PHOSPHORUS, TOTAL",Approval / Permit Non-Compliance,08/01/2022,11/30/2022,0.5,mg/L,4 month rolling avg,1,9.763,9.763,Other,Other Action Taken
Mor Gro Farms Inc.,1921 Road 3 East,1921 Road 3 E,Kingsville,Miscellaneous Industrial,Windsor,NITRATE (AS NITROGEN),Approval / Permit Non-Compliance,08/01/2022,11/30/2022,20,mg/L,4 month rolling avg,1,197.583,197.583,Other,Other Action Taken
Mor Gro Farms Inc.,1921 Road 3 East,1921 Road 3 E,Kingsville,Miscellaneous Industrial,Windsor,POTASSIUM,Approval / Permit Non-Compliance,08/01/2022,11/30/2022,25,mg/L,4 month rolling avg,1,187.425,187.425,Other,Other Action Taken
Mor Gro Farms Inc.,1921 Road 3 East,1921 Road 3 E,Kingsville,Miscellaneous Industrial,Windsor,COPPER,Approval / Permit Non-Compliance,08/01/2022,11/30/2022,0.02,mg/L,4 month rolling avg,1,0.022,0.022,Other,Other Action Taken
Mor Gro Farms Inc.,1921 Road 3 East,1921 Road 3 E,Kingsville,Miscellaneous Industrial,Windsor,ZINC,Approval / Permit Non-Compliance,08/01/2022,11/30/2022,0.1,mg/L,4 month rolling avg,1,0.351,0.351,Other,Other Action Taken
Mor Gro Farms Inc.,1921 Road 3 East,1921 Road 3 E,Kingsville,Miscellaneous Industrial,Windsor,NITRATE (AS NITROGEN),Approval / Permit Non-Compliance,09/01/2022,12/31/2022,20,mg/L,4 month rolling avg,1,131.215,131.215,Other,Other Action Taken
Mor Gro Farms Inc.,1921 Road 3 East,1921 Road 3 E,Kingsville,Miscellaneous Industrial,Windsor,"PHOSPHORUS, TOTAL",Approval / Permit Non-Compliance,09/01/2022,12/31/2022,0.5,mg/L,4 month rolling avg,1,5.591,5.591,Other,Other Action Taken
Mor Gro Farms Inc.,1921 Road 3 East,1921 Road 3 E,Kingsville,Miscellaneous Industrial,Windsor,POTASSIUM,Approval / Permit Non-Compliance,09/01/2022,12/31/2022,25,mg/L,4 month rolling avg,1,115.805,115.805,Other,Other Action Taken
Mor Gro Farms Inc.,1921 Road 3 East,1921 Road 3 E,Kingsville,Miscellaneous Industrial,Windsor,ZINC,Approval / Permit Non-Compliance,09/01/2022,12/31/2022,0.1,mg/L,4 month rolling avg,1,0.68,0.68,Other,Other Action Taken
Mucci Farms Ltd. and Southshore Greenhouses Inc.,Southshore Greenhouses - 1746 Seacliff Drive Plant 1,1746 Seacliff Dr,"Kingsville
",Miscellaneous Industrial,Windsor,ZINC,Approval / Permit Non-Compliance,12/01/2021,03/07/2022,0.1,mg/L,rolling avg,1,1.64,1.64,Conducting Study,Assessment Underway
Mucci Farms Ltd. and Southshore Greenhouses Inc.,Southshore Greenhouses - 1814 Seacliff Dr,1814 Seacliff Dr,Kingsville,Miscellaneous Industrial,Windsor,ZINC,Approval / Permit Non-Compliance,11/14/2021,02/14/2022,0.1,mg/L,rolling avg,1,1.58,1.58,Other,Other Action Taken
Ruthven Farms Inc.,1448 Road 4 East,1448 Road 4 East,Kingsville,Miscellaneous Industrial,Windsor,ZINC,Approval / Permit Non-Compliance,11/01/2021,02/28/2022,0.1,mg/L,rolling avg,1,0.1753,0.1753,Other,Other Action Taken
Ruthven Farms Inc.,1448 Road 4 East,1448 Road 4 East,Kingsville,Miscellaneous Industrial,Windsor,PH - LOW,Approval / Permit Non-Compliance,02/28/2022,02/28/2022,6.5,pH,any,1,5.92,5.92,Other,Other Action Taken
Mucci Farms Ltd. and Southshore Greenhouses Inc.,Southshore Greenhouses - 1814 Seacliff Dr,1814 Seacliff Dr,"Kingsville
",Miscellaneous Industrial,Windsor,ZINC,Approval / Permit Non-Compliance,12/01/2021,03/07/2022,0.1,mg/L,rolling avg,1,1.63,1.63,Conducting Study,Assessment Underway
Mucci Farms Ltd. and Southshore Greenhouses Inc.,Southshore Greenhouses - 1717 Road 2 East ,1717 Road 2 East,Kingsville,Miscellaneous Industrial,Windsor,ZINC,Approval / Permit Non-Compliance,11/14/2021,02/14/2022,0.1,mg/L,rolling avg,1,0.4,0.4,Other,Other Action Taken
Mucci Farms Ltd. and Southshore Greenhouses Inc.,Southshore Greenhouses - 1717 Road 2 East,1717 Road 2 East,"Kingsville
",Miscellaneous Industrial,Windsor,ZINC,Approval / Permit Non-Compliance,12/01/2021,03/07/2022,0.1,mg/L,rolling avg,1,0.45,0.45,Conducting Study,Assessment Underway
Mucci Farms Ltd. and Southshore Greenhouses Inc.,Southshore Greenhouses - 1717 Road 2 East ,1717 Road 2 East,Kingsville,Miscellaneous Industrial,Windsor,ZINC,Approval / Permit Non-Compliance,06/01/2022,09/30/2022,0.1,mg/L,rolling avg,1,0.19,0.19,Other,Other Action Taken
CON-CAST PIPE INC.,Con-Cast Pipe Inc,"299 BROCK RD S, PUSLINCH, ON N1H 6H9",PUSLINCH,Miscellaneous Industrial,Guelph,PH - HIGH,Approval / Permit Non-Compliance,01/25/2022,01/25/2022,9.5,pH,/week,1,10.8,10.8,Action Plan Submitted,Voluntary Abatement Program Underway
CON-CAST PIPE INC.,Con-Cast Pipe Inc,"299 BROCK RD S, PUSLINCH, ON N1H 6H9",PUSLINCH,Miscellaneous Industrial,Guelph,TOTAL SUSPENDED SOLIDS,Approval / Permit Non-Compliance,02/24/2022,02/24/2022,30,mg/L,/week,1,39.5,39.5,Action Plan Submitted,Voluntary Abatement Program Underway
CON-CAST PIPE INC.,Con-Cast Pipe Inc,"299 BROCK RD S, PUSLINCH, ON N1H 6H9",PUSLINCH,Miscellaneous Industrial,Guelph,TOTAL SUSPENDED SOLIDS,Approval / Permit Non-Compliance,04/19/2022,04/19/2022,30,mg/L,/week,1,43.9,43.9,Action Plan Submitted,Voluntary Abatement Program Underway
CON-CAST PIPE INC.,Con-Cast Pipe Inc,"299 BROCK RD S, PUSLINCH, ON N1H 6H9",PUSLINCH,Miscellaneous Industrial,Guelph,TOTAL SUSPENDED SOLIDS,Approval / Permit Non-Compliance,06/29/2022,06/29/2022,30,mg/L,/week,1,41.4,41.4,Action Plan Submitted,Voluntary Abatement Program Underway
CON-CAST PIPE INC.,Con-Cast Pipe Inc,"299 BROCK RD S, PUSLINCH, ON N1H 6H9",PUSLINCH,Miscellaneous Industrial,Guelph,TOTAL SUSPENDED SOLIDS,Approval / Permit Non-Compliance,08/10/2022,08/10/2022,30,mg/L,/week,1,48.6,48.6,Action Plan Submitted,Voluntary Abatement Program Underway
CON-CAST PIPE INC.,Con-Cast Pipe Inc,"299 BROCK RD S, PUSLINCH, ON N1H 6H9",PUSLINCH,Miscellaneous Industrial,Guelph,TOTAL SUSPENDED SOLIDS,Approval / Permit Non-Compliance,09/20/2022,09/20/2022,30,mg/L,/week,1,101,101,Action Plan Submitted,Voluntary Abatement Program Underway
CON-CAST PIPE INC.,Con-Cast Pipe Inc,"299 BROCK RD S, PUSLINCH, ON N1H 6H9",PUSLINCH,Miscellaneous Industrial,Guelph,TOTAL SUSPENDED SOLIDS,Approval / Permit Non-Compliance,11/16/2022,11/16/2022,30,mg/L,/week,1,490,490,Action Plan Submitted,Voluntary Abatement Program Underway
CON-CAST PIPE INC.,Con-Cast Pipe Inc,"299 BROCK RD S, PUSLINCH, ON N1H 6H9",PUSLINCH,Miscellaneous Industrial,Guelph,TOTAL SUSPENDED SOLIDS,Approval / Permit Non-Compliance,11/30/2022,11/30/2022,30,mg/L,/week,1,440,440,Action Plan Submitted,Voluntary Abatement Program Underway
LYNDON FISH HATCHERIES INC.,1738 Queen Street,"1738 QUEEN ST, NEW DUNDEE, WILMOT, ON N0B 2E0",WILMOT,Miscellaneous Industrial,Guelph,"PHOSPHORUS, TOTAL",Approval / Permit Non-Compliance,01/01/2022,12/31/2022,0.1, mg/L,/mon,6,0.102,0.254,Other,Addressed w/o Intervention
LYNDON FISH HATCHERIES INC.,1738 Queen Street,"1738 QUEEN ST, NEW DUNDEE, WILMOT, ON N0B 2E0",WILMOT,Miscellaneous Industrial,Guelph,TOTAL SUSPENDED SOLIDS,Approval / Permit Non-Compliance,01/01/2022,01/31/2022,10, mg/L,/mon,2,11,13.6,Other,Addressed w/o Intervention
WOOLWICH,Heidelberg Foods,"1035 REITZEL PL
WOOLWICH, ON
N0B 2N0",WOOLWICH,Miscellaneous Industrial,Guelph,TOTAL SUSPENDED SOLIDS,Approval / Permit Non-Compliance,01/01/2022,12/31/2022,15,mg/L,annual avg,1,20.8,20.8,Additional Monitoring Underway,Assessment Underway
STELCO INC.,Stelco Lake Erie Works,2330 Haldimand Road 3 Nanticoke,Haldimand,Iron and Steel,Hamilton,ACUTE LETHALITY - DAPHNIA,Approval / Permit Non-Compliance,04/13/2022,04/13/2022,0,acute toxicity,any,1,57,57,Conducting Study; Operational Process Modification,Assessment Underway
The Green Organic Dutchman Ltd.,Jerseyville Greenhouse Facility,1915 Jerseyville Road West,Hamilton,Miscellaneous Industrial,Hamilton,CHLORIDE,Approval / Permit Non-Compliance,03/01/2022,03/31/2022,200,mg/L,rolling avg,1,213.03,213.03,Action Plan Submitted - Implementing Improvements; Additional Monitoring Underway,Assessment Complete - No Action Required; Assessment Underway
The Green Organic Dutchman Ltd.,Jerseyville Greenhouse Facility,1915 Jerseyville Road West,Hamilton,Miscellaneous Industrial,Hamilton,CHLORIDE,Approval / Permit Non-Compliance,04/01/2022,04/30/2022,200,mg/L,rolling avg,1,201.28,201.28,None Required,Assessment Complete - No Action Required
The Green Organic Dutchman Ltd.,Jerseyville Greenhouse Facility,1915 Jerseyville Road West,Hamilton,Miscellaneous Industrial,Hamilton,CHLORIDE,Approval / Permit Non-Compliance,05/01/2022,05/31/2022,200,mg/L,rolling avg,1,256.75,256.75,Additional Monitoring Underway,Assessment Underway
The Green Organic Dutchman Ltd.,Jerseyville Greenhouse Facility,1915 Jerseyville Road West,Hamilton,Miscellaneous Industrial,Hamilton,CHLORIDE,Approval / Permit Non-Compliance,06/01/2022,06/30/2022,200,mg/L,rolling avg,1,247.5,247.5,Additional Monitoring Underway,Assessment Underway
The Green Organic Dutchman Ltd.,Jerseyville Greenhouse Facility,1915 Jerseyville Road West,Hamilton,Miscellaneous Industrial,Hamilton,SULPHATE,Approval / Permit Non-Compliance,08/16/2022,08/23/2022,200,mg/L,rolling avg,1,203.75,203.75,Additional Monitoring Underway,Assessment Underway
The Green Organic Dutchman Ltd.,Jerseyville Greenhouse Facility,1915 Jerseyville Road West,Hamilton,Miscellaneous Industrial,Hamilton,SULPHATE,Approval / Permit Non-Compliance,09/01/2022,09/30/2022,200,mg/L,rolling avg,1,228.25,228.25,Additional Monitoring Underway,Assessment Underway
The Green Organic Dutchman Ltd.,Jerseyville Greenhouse Facility,1915 Jerseyville Road West,Hamilton,Miscellaneous Industrial,Hamilton,SULPHATE,Approval / Permit Non-Compliance,10/01/2022,10/31/2022,200,mg/L,rolling avg,1,238.75,238.75,Additional Monitoring Underway,Assessment Underway
The Green Organic Dutchman Ltd.,Jerseyville Greenhouse Facility,1915 Jerseyville Road West,Hamilton,Miscellaneous Industrial,Hamilton,SULPHATE,Approval / Permit Non-Compliance,11/01/2022,11/30/2022,200,mg/L,rolling avg,1,284,284,Action Plan Submitted - Implementing Improvements; Additional Monitoring Underway,Assessment Underway
The Green Organic Dutchman Ltd.,Jerseyville Greenhouse Facility,1915 Jerseyville Road West,Hamilton,Miscellaneous Industrial,Hamilton,SULPHATE,Approval / Permit Non-Compliance,12/01/2022,12/31/2022,200,mg/L,rolling avg,1,282.75,282.75,Action Plan Submitted - Implementing Improvements; Additional Monitoring Underway,Assessment Underway
Canopy Growth Corporation,Tweed Farms,405 and 453 Concession 5 Rd Lot 98 Concession Niagara Part 1 and 2,Niagara-on-the-Lake,Miscellaneous Industrial,Niagara,SULPHATE,Approval / Permit Non-Compliance,01/24/2022,01/24/2022,200,mg/L,any,2,253,388,Action Plan Submitted - Implementing Improvements,Voluntary Abatement Program Underway
Canopy Growth Corporation,Tweed Farms,405 and 453 Concession 5 Rd Lot 98 Concession Niagara Part 1 and 2,Niagara-on-the-Lake,Miscellaneous Industrial,Niagara,ZINC,Approval / Permit Non-Compliance,01/24/2022,01/24/2022,0.1,mg/L,any,2,0.15,0.4,Action Plan Submitted - Implementing Improvements,Voluntary Abatement Program Underway
Canopy Growth Corporation,Tweed Farms,405 and 453 Concession 5 Rd Lot 98 Concession Niagara Part 1 and 2,Niagara-on-the-Lake,Miscellaneous Industrial,Niagara,SULPHATE,Approval / Permit Non-Compliance,02/11/2022,02/11/2022,200,mg/L,any,1,234,234,Action Plan Submitted - Implementing Improvements,Voluntary Abatement Program Underway
Canopy Growth Corporation,Tweed Farms,405 and 453 Concession 5 Rd Lot 98 Concession Niagara Part 1 and 2,Niagara-on-the-Lake,Miscellaneous Industrial,Niagara,ZINC,Approval / Permit Non-Compliance,02/11/2022,02/11/2022,0.1,mg/L,any,1,0.2,0.2,Action Plan Submitted - Implementing Improvements,Voluntary Abatement Program Underway
Canopy Growth Corporation,Tweed Farms,405 and 453 Concession 5 Rd Lot 98 Concession Niagara Part 1 and 2,Niagara-on-the-Lake,Miscellaneous Industrial,Niagara,CHLORIDE,Approval / Permit Non-Compliance,02/11/2022,02/11/2022,200,mg/L,any,1,268,268,Action Plan Submitted - Implementing Improvements,Voluntary Abatement Program Underway
Canopy Growth Corporation,Tweed Farms,405 and 453 Concession 5 Rd Lot 98 Concession Niagara Part 1 and 2,Niagara-on-the-Lake,Miscellaneous Industrial,Niagara,CHLORIDE,Approval / Permit Non-Compliance,03/11/2022,03/11/2022,200,mg/L,any,1,224,224,Action Plan Submitted - Implementing Improvements,Voluntary Abatement Program Underway
Canopy Growth Corporation,Tweed Farms,405 and 453 Concession 5 Rd Lot 98 Concession Niagara Part 1 and 2,Niagara-on-the-Lake,Miscellaneous Industrial,Niagara,ZINC,Approval / Permit Non-Compliance,03/11/2022,03/11/2022,0.1,mg/L,any,1,0.11,0.11,Action Plan Submitted - Implementing Improvements,Voluntary Abatement Program Underway
Canopy Growth Corporation,Tweed Farms,405 and 453 Concession 5 Rd Lot 98 Concession Niagara Part 1 and 2,Niagara-on-the-Lake,Miscellaneous Industrial,Niagara,SULPHATE,Approval / Permit Non-Compliance,03/11/2022,03/11/2022,200,mg/L,any,2,479,880,Action Plan Submitted - Implementing Improvements,Voluntary Abatement Program Underway
Canopy Growth Corporation,Tweed Farms,405 and 453 Concession 5 Rd Lot 98 Concession Niagara Part 1 and 2,Niagara-on-the-Lake,Miscellaneous Industrial,Niagara,ZINC,Approval / Permit Non-Compliance,04/08/2022,04/08/2022,0.1,mg/L,any,1,0.14,0.14,Action Plan Submitted - Implementing Improvements,Voluntary Abatement Program Underway
Canopy Growth Corporation,Tweed Farms,405 and 453 Concession 5 Rd Lot 98 Concession Niagara Part 1 and 2,Niagara-on-the-Lake,Miscellaneous Industrial,Niagara,SULPHATE,Approval / Permit Non-Compliance,04/08/2022,04/08/2022,200,mg/L,any,3,426,716,Action Plan Submitted - Implementing Improvements,Voluntary Abatement Program Underway
Canopy Growth Corporation,Tweed Farms,405 and 453 Concession 5 Rd Lot 98 Concession Niagara Part 1 and 2,Niagara-on-the-Lake,Miscellaneous Industrial,Niagara,ZINC,Approval / Permit Non-Compliance,05/03/2022,05/03/2022,0.1,mg/L,any,1,0.11,0.11,Action Plan Submitted - Implementing Improvements,Voluntary Abatement Program Underway
Canopy Growth Corporation,Tweed Farms,405 and 453 Concession 5 Rd Lot 98 Concession Niagara Part 1 and 2,Niagara-on-the-Lake,Miscellaneous Industrial,Niagara,SULPHATE,Approval / Permit Non-Compliance,06/03/2022,06/03/2022,200,mg/L,any,3,314,446,Action Plan Submitted - Implementing Improvements,Voluntary Abatement Program Underway
Canopy Growth Corporation,Tweed Farms,405 and 453 Concession 5 Rd Lot 98 Concession Niagara Part 1 and 2,Niagara-on-the-Lake,Miscellaneous Industrial,Niagara,SULPHATE,Approval / Permit Non-Compliance,07/08/2022,07/08/2022,200,mg/L,any,2,206,235,Action Plan Submitted - Implementing Improvements,Voluntary Abatement Program Underway
Canopy Growth Corporation,Tweed Farms,405 and 453 Concession 5 Rd Lot 98 Concession Niagara Part 1 and 2,Niagara-on-the-Lake,Miscellaneous Industrial,Niagara,SULPHATE,Approval / Permit Non-Compliance,10/13/2022,10/13/2022,200,mg/L,any,1,660,660,Action Plan Submitted - Implementing Improvements,Voluntary Abatement Program Underway
Canopy Growth Corporation,Tweed Farms,405 and 453 Concession 5 Rd Lot 98 Concession Niagara Part 1 and 2,Niagara-on-the-Lake,Miscellaneous Industrial,Niagara,NITRATE (AS NITROGEN),Approval / Permit Non-Compliance,10/13/2022,10/13/2022,20,mg/L,any,1,36.5,36.5,Action Plan Submitted - Implementing Improvements,Voluntary Abatement Program Underway
Canopy Growth Corporation,Tweed Farms,405 and 453 Concession 5 Rd Lot 98 Concession Niagara Part 1 and 2,Niagara-on-the-Lake,Miscellaneous Industrial,Niagara,SULPHATE,Approval / Permit Non-Compliance,11/13/2022,11/16/2022,200,mg/L,any,3,238,406,Action Plan Submitted - Implementing Improvements,Voluntary Abatement Program Underway
Canopy Growth Corporation,Tweed Farms,405 and 453 Concession 5 Rd Lot 98 Concession Niagara Part 1 and 2,Niagara-on-the-Lake,Miscellaneous Industrial,Niagara,ZINC,Approval / Permit Non-Compliance,11/16/2022,11/16/2022,0.1,mg/L,any,1,0.12,0.12,Action Plan Submitted - Implementing Improvements,Voluntary Abatement Program Underway
CONTINENTAL CARBON GROUP,Continental Carbon Group Inc. (Mobile Unit) at N.M. Bartlett inc.,"4509 Bartlett Rd, Beamsville",LINCOLN,Miscellaneous Industrial,Niagara,DICHLORODIPHENYLTRICHLOROETHANE (DDD),Approval / Permit Non-Compliance,02/18/2022,02/18/2022,0.003,µg/L,any,1,0.0047,0.0047,Resolved w/o Actions Required,Addressed w/o Intervention
CONTINENTAL CARBON GROUP,Continental Carbon Group Inc. (Mobile Unit) at N.M. Bartlett inc.,"4509 Bartlett Rd, Beamsville",LINCOLN,Miscellaneous Industrial,Niagara,DICHLORODIPHENYLTRICHLOROETHANE (DDD),Approval / Permit Non-Compliance,02/18/2022,02/18/2022,0.003,µg/L,any,1,0.0213,0.0213,Resolved w/o Actions Required,Addressed w/o Intervention
CONTINENTAL CARBON GROUP,Continental Carbon Group Inc. (Mobile Unit) at N.M. Bartlett inc.,"4509 Bartlett Rd, Beamsville",LINCOLN,Miscellaneous Industrial,Niagara,DICHLORODIPHENYLTRICHLOROETHANE (DDD),Approval / Permit Non-Compliance,02/22/2022,02/22/2022,0.003,µg/L,any,1,0.00311,0.00311,Resolved w/o Actions Required,Addressed w/o Intervention
CONTINENTAL CARBON GROUP,Continental Carbon Group Inc. (Mobile Unit) at N.M. Bartlett inc.,"4509 Bartlett Rd, Beamsville",LINCOLN,Miscellaneous Industrial,Niagara,DICHLORODIPHENYLTRICHLOROETHANE (DDD),Approval / Permit Non-Compliance,03/24/2022,03/24/2022,0.003,µg/L,any,1,0.0148,0.0148,Resolved w/o Actions Required,Addressed w/o Intervention
CONTINENTAL CARBON GROUP,Continental Carbon Group Inc. (Mobile Unit) at N.M. Bartlett inc.,"4509 Bartlett Rd, Beamsville",LINCOLN,Miscellaneous Industrial,Niagara,Dichlorodiphenyldichloroethylene (DDE),Approval / Permit Non-Compliance,03/24/2022,03/24/2022,0.003,µg/L,any,1,0.00813,0.00813,Resolved w/o Actions Required,Addressed w/o Intervention
CONTINENTAL CARBON GROUP,Continental Carbon Group Inc. (Mobile Unit) at N.M. Bartlett inc.,"4509 Bartlett Rd, Beamsville",LINCOLN,Miscellaneous Industrial,Niagara,DICHLORODIPHENYLTRICHLOROETHANE (DDD),Approval / Permit Non-Compliance,03/24/2022,03/24/2022,0.003,µg/L,any,1,0.0113,0.0113,Resolved w/o Actions Required,Addressed w/o Intervention
CONTINENTAL CARBON GROUP,Continental Carbon Group Inc. (Mobile Unit) at N.M. Bartlett inc.,"4509 Bartlett Rd, Beamsville",LINCOLN,Miscellaneous Industrial,Niagara,DICHLORODIPHENYLTRICHLOROETHANE (DDD),Approval / Permit Non-Compliance,04/07/2022,04/07/2022,0.003,µg/L,any,1,0.00452,0.00452,Resolved w/o Actions Required,Addressed w/o Intervention
CONTINENTAL CARBON GROUP,Continental Carbon Group Inc. (Mobile Unit) at N.M. Bartlett inc.,"4509 Bartlett Rd, Beamsville",LINCOLN,Miscellaneous Industrial,Niagara,DICHLORODIPHENYLTRICHLOROETHANE (DDD),Approval / Permit Non-Compliance,04/07/2022,04/07/2022,0.003,µg/L,any,1,0.00509,0.00509,Resolved w/o Actions Required,Addressed w/o Intervention
CONTINENTAL CARBON GROUP,Continental Carbon Group Inc. (Mobile Unit) at N.M. Bartlett inc.,"4509 Bartlett Rd, Beamsville",LINCOLN,Miscellaneous Industrial,Niagara,Dichlorodiphenyldichloroethylene (DDE),Approval / Permit Non-Compliance,04/07/2022,04/07/2022,0.003,µg/L,any,1,0.0033,0.0033,Resolved w/o Actions Required,Addressed w/o Intervention
CONTINENTAL CARBON GROUP,Continental Carbon Group Inc. (Mobile Unit) at N.M. Bartlett inc.,"4509 Bartlett Rd, Beamsville",LINCOLN,Miscellaneous Industrial,Niagara,DICHLORODIPHENYLTRICHLOROETHANE (DDD),Approval / Permit Non-Compliance,05/04/2022,05/04/2022,0.003,µg/L,any,1,0.0727,0.0727,Resolved w/o Actions Required,Addressed w/o Intervention
CONTINENTAL CARBON GROUP,Continental Carbon Group Inc. (Mobile Unit) at N.M. Bartlett inc.,"4509 Bartlett Rd, Beamsville",LINCOLN,Miscellaneous Industrial,Niagara,DICHLORODIPHENYLTRICHLOROETHANE (DDD),Approval / Permit Non-Compliance,05/04/2022,05/04/2022,0.003,µg/L,any,1,0.0345,0.0345,Resolved w/o Actions Required,Addressed w/o Intervention
CONTINENTAL CARBON GROUP,Continental Carbon Group Inc. (Mobile Unit) at N.M. Bartlett inc.,"4509 Bartlett Rd, Beamsville",LINCOLN,Miscellaneous Industrial,Niagara,Dichlorodiphenyldichloroethylene (DDE),Approval / Permit Non-Compliance,05/04/2022,05/04/2022,0.003,µg/L,any,1,0.354,0.354,Resolved w/o Actions Required,Addressed w/o Intervention
CONTINENTAL CARBON GROUP,Continental Carbon Group Inc. (Mobile Unit) at N.M. Bartlett inc.,"4509 Bartlett Rd, Beamsville",LINCOLN,Miscellaneous Industrial,Niagara,DICHLORODIPHENYLTRICHLOROETHANE (DDD),Approval / Permit Non-Compliance,05/16/2022,05/16/2022,0.003,µg/L,any,1,0.00595,0.00595,Resolved w/o Actions Required,Addressed w/o Intervention
CONTINENTAL CARBON GROUP,Continental Carbon Group Inc. (Mobile Unit) at N.M. Bartlett inc.,"4509 Bartlett Rd, Beamsville",LINCOLN,Miscellaneous Industrial,Niagara,DICHLORODIPHENYLTRICHLOROETHANE (DDD),Approval / Permit Non-Compliance,10/13/2022,10/13/2022,0.003,µg/L,any,1,0.00416,0.00416,Resolved w/o Actions Required,Addressed w/o Intervention
CONTINENTAL CARBON GROUP,Continental Carbon Group Inc. (Mobile Unit) at N.M. Bartlett inc.,"4509 Bartlett Rd, Beamsville",LINCOLN,Miscellaneous Industrial,Niagara,Dichlorodiphenyldichloroethylene (DDE),Approval / Permit Non-Compliance,12/16/2022,12/16/2022,0.003,µg/L,any,1,0.00587,0.00587,Resolved w/o Actions Required,Addressed w/o Intervention
CONTINENTAL CARBON GROUP,Continental Carbon Group Inc. (Mobile Unit) at N.M. Bartlett inc.,"4509 Bartlett Rd, Beamsville",LINCOLN,Miscellaneous Industrial,Niagara,DICHLORODIPHENYLTRICHLOROETHANE (DDD),Approval / Permit Non-Compliance,12/16/2022,12/16/2022,0.003,µg/L,any,1,0.00131,0.00131,Resolved w/o Actions Required,Addressed w/o Intervention
CONTINENTAL CARBON GROUP,Continental Carbon Group Inc. (Mobile Unit) at N.M. Bartlett inc.,"4509 Bartlett Rd, Beamsville",LINCOLN,Miscellaneous Industrial,Niagara,DICHLORODIPHENYLTRICHLOROETHANE (DDD),Approval / Permit Non-Compliance,12/16/2022,12/16/2022,0.003,µg/L,any,1,0.0069,0.0069,Resolved w/o Actions Required,Addressed w/o Intervention
Oxy Vinyls Canada Co.,Oxy Vinyls Canada Co.,8800 Thorold Townline Rd,Niagara Falls,Organic Chemicals Manufacturing,Niagara,TOTAL SUSPENDED SOLIDS,Approval / Permit Non-Compliance,10/18/2022,10/20/2022,91,kg/d,24hr,2,92.5,106.4,New Equipment or Treatment Process Installed,Voluntary Abatement Program Underway
TAWSE FAMILY VINEYARDS INC.,Tawse Family Vineyards,3955 CHERRY AVE,LINCOLN,Miscellaneous Industrial,Niagara,ESCHERICHIA COLI,Approval / Permit Non-Compliance,09/21/2022,09/22/2022,0,CT/100mL,mon avg. on a geo. mean density,3,160,"52,000",Other,Other Action Taken
THE CORPORATION OF THE CITY OF THOROLD,Rice Road Landfill,"Rice Road part Lot 160, Thorold Ontario",THOROLD,Miscellaneous Industrial,Niagara,"PHOSPHORUS, TOTAL",Approval / Permit Non-Compliance,10/13/2022,11/30/2022,2.4, g/d,/mon,2,3,9.9,Operational Process Modification; Training/Procedure Change,Event Resolved 
THE CORPORATION OF THE CITY OF THOROLD,Rice Road Landfill,"Rice Road part Lot 160, Thorold Ontario",THOROLD,Miscellaneous Industrial,Niagara,TOTAL SUSPENDED SOLIDS,Approval / Permit Non-Compliance,11/30/2022,11/30/2022,195,g/d,/mon,1,449,449,Operational Process Modification; Training/Procedure Change,Event Resolved 
THE CORPORATION OF THE CITY OF THOROLD,Rice Road Landfill,"Rice Road part Lot 160, Thorold Ontario",THOROLD,Miscellaneous Industrial,Niagara,CARBONACEOUS BIOCHEMICAL OXYGEN DEMAND,Approval / Permit Non-Compliance,11/30/2022,11/30/2022,130,g/d,/mon,1,200,200,Operational Process Modification; Training/Procedure Change,Event Resolved 
VERBIO Diesel Canada Corporation,VERBIO Diesel Canada Corporation,1 St. Clair Dr,Welland,Organic Chemicals Manufacturing,Niagara,TOTAL SUSPENDED SOLIDS,Approval / Permit Non-Compliance,03/06/2022,03/06/2022,25,mg/L,any,1,111,111,Additional Monitoring Underway; Other,Other Action Taken
VERBIO Diesel Canada Corporation,VERBIO Diesel Canada Corporation,1 St. Clair Dr,Welland,Organic Chemicals Manufacturing,Niagara,TOTAL SUSPENDED SOLIDS,Approval / Permit Non-Compliance,07/19/2022,07/20/2022,25,mg/L,any,2,32,217.6,Additional Monitoring Underway; Equipment Modified - Repaired - Replaced or Re-calibrated,Assessment Complete - Incident Resolved
WASHINGTON MILLS ELECTRO MINERALS CORPORATION,Washington Mills Electro Minerals Corporation,"7780 STANLEY AVE, NIAGARA FALLS, ON L2E 6X8",NIAGARA FALLS,Inorganic Chemicals,Niagara,OIL AND GREASE,Approval / Permit Non-Compliance,09/26/2022,09/26/2022,1,mg/L,/quarter,1,2,2,Training Procedure Change,Voluntary Abatement Program Underway
"Ces données sont fournies à titre d’information seulement. Les installations responsables des rejets ont fourni la plupart des données de ce sommaire. Ces installations sont responsables de l’exactitude des données fournies. Certaines données sont aussi dérivées des données du ministère sur les rejets. Les mesures prises par les installations et par le ministère étaient à jour en Septembre 2023. Pour obtenir des données actualisées, veuillez contacter le bureau de district ou de secteur concerné",,,,,,,,,,,,,,,,,
