Propriétaire de l’installation,Nom du site,Adresse du site,Municipalité du site,Secteur,District,Contaminant,Type de dépassement,Date du début du dépassement,Date de la fin du dépassement,Limite du contaminant,Unité du contaminant,Fréquence de la limite,Nombre de dépassements,Minimum de la quantité,Maximum de la quantité,Mesure prise par l’installation,Mesure prise par le ministère
AGRIVILLE FARMS LTD,AGRIVILLE FARMS LTD.,"1600 Kratz Road
Town of Kingsville, County of Essex",KINGSVILLE,Miscellaneous Industrial,Windsor Area Office,ZINC,Approval/Permit Non-Compliance,03/01/2023,03/31/2023,0.1,mg/L,4 mon rolling avg,1,1,1,Other,Other Action Taken
AGRIVILLE FARMS LTD,AGRIVILLE FARMS LTD.,"1600 Kratz Road
Town of Kingsville, County of Essex",KINGSVILLE,Miscellaneous Industrial,Windsor Area Office,PHOSPHORUS; TOTAL,Approval/Permit Non-Compliance,10/01/2023,10/31/2023,0.5,mg/L,4 mon rolling avg,1,1.3345,1.3345,Additional Monitoring Underway,Voluntary Compliance Underway
ALGOMA STEEL INC.,ALGOMA STEEL INC.,"105 WEST ST, SAULT STE. MARIE, ON P6A 7B4",SAULT STE. MARIE,Iron and Steel,Sault Ste. Marie Area Office,Acute Lethality - Rainbow Trout,Approval/Permit Non-Compliance,03/21/2023,03/21/2023,0,acute toxicity,quarterly,1,1,1,Other,Penalty Order
ALGOMA STEEL INC.,ALGOMA STEEL INC.,"105 WEST ST, SAULT STE. MARIE, ON P6A 7B4",SAULT STE. MARIE,Iron and Steel,Sault Ste. Marie Area Office,Acute Lethality - DAPHNIA MAGNA,Approval/Permit Non-Compliance,12/20/2023,12/20/2023,0,acute toxicity,quarterly,1,1,1,Other,Penalty Order
ARCELORMITTAL CANADA INC.,ArcelorMittal Dofasco - 1330 BURLINGTON ST E,"1330 BURLINGTON ST E, HAMILTON, ON L8N 3J5",HAMILTON,Iron and Steel,Hamilton District Office,THALLIUM,Approval/Permit Non-Compliance,08/01/2023,08/31/2023,0.0003,mg/L,mon avg,1,0.001475,0.001475,None Required,Assessment Complete - No action required
ARCELORMITTAL CANADA INC.,ArcelorMittal Dofasco - 1330 BURLINGTON ST E,"1330 BURLINGTON ST E, HAMILTON, ON L8N 3J5",HAMILTON,Iron and Steel,Hamilton District Office,TEMPERATURE,Approval/Permit Non-Compliance,08/18/2023,08/18/2023,30,°C,/day,1,30.75,30.75,None Required,Assessment Complete - No action required
ARLANXEO CANADA INC.,ARLANXEO East Site,"500 KENNY ST, SARNIA, ON ",SARNIA,Inorganic Chemicals,Sarnia District Office,"SUSPENDED SOLIDS, TOTAL",Approval/Permit Non-Compliance,07/13/2023,07/13/2023,807,kg/d,/day,1,2150,2150,Resolved w/o Actions Required,Event Resolved
ONTARIO POWER GENERATION INC.,Atikokan Generating Station,"ATIKOKAN GENERATING STATION HIGHWAY 622, ATIKOKAN, ON P0T 1C0",ATIKOKAN,Electric Power Generation,Thunder Bay District Office,Acute Lethality - DAPHNIA MAGNA,Approval/Permit Non-Compliance,02/13/2023,02/13/2023,0,acute toxicity,any,1,1,1,Conducting Study,Assessment Underway
AV TERRACE BAY,AV Terrace Bay,"21 MILL RD, TERRACE BAY, ON P0T 2W0",TERRACE BAY,pulp and paper,Thunder Bay District Office,Acute Lethality - Rainbow Trout,Approval/Permit Non-Compliance,05/01/2023,05/01/2023,0,acute toxicity,any,1,1,1,Conducting Study,Other Action Taken
THOMAS CAVANAGH CONSTRUCTION LIMITED,Bourne Quarry - Cavanagh,"LOT:16, CONCESSION:2, GEOTOWNSHIP:BECKWITH, BECKWITH, ON ",BECKWITH,Industrial Minerals,Ottawa District Office,"SUSPENDED SOLIDS, TOTAL",Approval/Permit Non-Compliance,06/12/2023,06/12/2023,25,mg/L,/mon,1,66,66,Operational Process Modified,Voluntary Compliance Underway
MILLER GROUP INC.,Braeside Quarry,"1498 USBORNE ST, MCNAB-BRAESIDE, ON K0A 1G0",BRAESIDE,Industrial Minerals,Ottawa District Office,"SUSPENDED SOLIDS, TOTAL",Approval/Permit Non-Compliance,05/18/2023,05/18/2023,15,mg/L,/mon,1,18,18,Operational Process Modified,Event Resolved
BRUCE POWER INC.,Bruce Power Centre of Site (SPP),"177 TIE RD, TIVERTON, KINCARDINE, ON N0G 2T0",KINCARDINE,Electric Power Generation,Owen Sound District Office,"SUSPENDED SOLIDS, TOTAL",Approval/Permit Non-Compliance,06/03/2023,06/03/2023,44,mg/L,/day,1,78,78,Resolved w/o Actions Required,Assessment Underway
CABOT CANADA LTD.,Cabot Canada,"800 TASHMOO AVE, SARNIA, ON N7T 7H5",SARNIA,Inorganic Chemicals,Sarnia District Office,"SUSPENDED SOLIDS, TOTAL",Legislation Non-Compliance,04/06/2023,04/06/2023,48,kilogram (kg),/day,1,49.27,49.27,Other,Other Action Taken
CABOT CANADA LTD.,Cabot Canada,"800 TASHMOO AVE, SARNIA, ON N7T 7H5",SARNIA,Inorganic Chemicals,Sarnia District Office,"SUSPENDED SOLIDS, TOTAL",Legislation Non-Compliance,07/14/2023,07/14/2023,48,kilogram (kg),/day,1,54.94,54.94,Other,Voluntary Compliance Underway
ATLANTIC POWER CORPORATION,Calstock Power Plant,"LOT:28-26, CONCESSION:4, GEOTOWNSHIP:HEARST, COCHRANE, ON ",COCHRANE,Electric Power Generation,Timmins District Office,"SUSPENDED SOLIDS, TOTAL",Approval/Permit Non-Compliance,04/18/2023,04/18/2023,15,mg/L,/week,1,17.3,17.3,Resolved w/o Actions Required,Addressed w/o Intervention
ATLANTIC POWER CORPORATION,Calstock Power Plant,"LOT:28-26, CONCESSION:4, GEOTOWNSHIP:HEARST, COCHRANE, ON ",COCHRANE,Electric Power Generation,Timmins District Office,ALUMINUM,Approval/Permit Non-Compliance,11/16/2023,11/16/2023,1,mg/L,/mon,1,1.04,1.04,Resolved w/o Actions Required,Addressed w/o Intervention
CAPOGNA FLOWERS INC.,Capogna Flowers Inc.,"2078 TALBOT RD, KINGSVILLE, ON N0P 2G0",KINGSVILLE,Miscellaneous Industrial,Windsor Area Office,NITROGEN; TOTAL,Approval/Permit Non-Compliance,03/02/2023,03/02/2023,20,mg/L,4 mon rolling avg,1,29.4,29.4,Additional Monitoring Underway,Voluntary Compliance Underway
TERRA INTERNATIONAL CANADA INC,CF Industries Courtright Nitrogen Complex,"161 BICKFORD LINE, COURTRIGHT, ST. CLAIR, ON N0N 1H0",ST. CLAIR,Inorganic Chemicals,Sarnia District Office,ALUMINUM,Approval/Permit Non-Compliance,12/01/2022,03/31/2023,8.9,kg/d,/quarter,1,14.19,14.19,New/Amended Approval,Event Resolved
TERRA INTERNATIONAL CANADA INC,CF Industries Courtright Nitrogen Complex,"161 BICKFORD LINE, COURTRIGHT, ST. CLAIR, ON N0N 1H0",ST. CLAIR,Inorganic Chemicals,Sarnia District Office,FLUORIDE,Approval/Permit Non-Compliance,12/01/2022,03/31/2023,4,kg/d,/quarter,1,4.54,4.54,New/Amended Approval,Event Resolved
TERRA INTERNATIONAL CANADA INC,CF Industries Courtright Nitrogen Complex,"161 BICKFORD LINE, COURTRIGHT, ST. CLAIR, ON N0N 1H0",ST. CLAIR,Inorganic Chemicals,Sarnia District Office,FLUORIDE,Approval/Permit Non-Compliance,06/07/2023,06/07/2023,4,kg/d,/day,1,4.0161,4.0161,New/Amended Approval,Event Resolved
TERRA INTERNATIONAL CANADA INC,CF Industries Courtright Nitrogen Complex,"161 BICKFORD LINE, COURTRIGHT, ST. CLAIR, ON N0N 1H0",ST. CLAIR,Inorganic Chemicals,Sarnia District Office,FLUORIDE,Approval/Permit Non-Compliance,06/01/2023,09/30/2023,4,kg/d,quarterly,1,6.12,6.12,New/Amended Approval,Event Resolved
TERRA INTERNATIONAL CANADA INC,CF Industries Courtright Nitrogen Complex,"161 BICKFORD LINE, COURTRIGHT, ST. CLAIR, ON N0N 1H0",ST. CLAIR,Inorganic Chemicals,Sarnia District Office,ALUMINUM,Approval/Permit Non-Compliance,06/01/2023,09/30/2023,8.9,kg/d,quarterly,1,11.47,11.47,New/Amended Approval,Event Resolved
CIELO VISTA FARMS INC.,Cielo Vista Farms Inc.,"786 HIGHWAY 77, LEAMINGTON, ON N0P 2J0",Leamington,Miscellaneous Industrial,Windsor Area Office,PHOSPHORUS; TOTAL,Approval/Permit Non-Compliance,11/01/2023,11/30/2023,1,mg/L,mon avg,1,1.46,1.46,Resolved w/o Actions Required,Addressed w/o Intervention
CON-CAST PIPE INC.,Con-Cast Pipe Inc,"299 BROCK RD S, PUSLINCH, ON N1H 6H9",PUSLINCH,Industrial Minerals,Guelph District Office,"SUSPENDED SOLIDS, TOTAL",Approval/Permit Non-Compliance,01/01/2023,12/31/2023,30,mg/L,any,14,35.9,530,Additional Monitoring Underway,Voluntary Compliance Underway
CONTINENTAL CARBON GROUP,Continental Carbon Group Inc. (Mobile Unit) at N.M. Bartlett inc.,"4509 BARTLETT RD, BEAMSVILLE, LINCOLN, ON L0R 1B1",LINCOLN,Miscellaneous Industrial,Niagara District Office,DICHLORODIPHENYLTRICHLOROETHANE (DDD),Approval/Permit Non-Compliance,01/04/2023,01/04/2023,3,ng/L,any,1,5.08,5.08,Additional Monitoring Underway,Assessment Complete - No Action Required
CONTINENTAL CARBON GROUP,Continental Carbon Group Inc. (Mobile Unit) at N.M. Bartlett inc.,"4509 BARTLETT RD, BEAMSVILLE, LINCOLN, ON L0R 1B1",LINCOLN,Miscellaneous Industrial,Niagara District Office,DICHLORODIPHENYLTRICHLOROETHANE (DDD),Approval/Permit Non-Compliance,01/04/2023,01/04/2023,3,ng/L,any,1,5.05,5.05,Additional Monitoring Underway,Assessment Complete - No Action Required
CONTINENTAL CARBON GROUP,Continental Carbon Group Inc. (Mobile Unit) at N.M. Bartlett inc.,"4509 BARTLETT RD, BEAMSVILLE, LINCOLN, ON L0R 1B1",LINCOLN,Miscellaneous Industrial,Niagara District Office,DICHLORODIPHENYLTRICHLOROETHANE (DDD),Approval/Permit Non-Compliance,02/17/2023,02/17/2023,3,ng/L,any,1,7.67,7.67,Equipment Modified - Repaired - Replaced or Re-calibrated,Assessment Complete - No Action Required
CONTINENTAL CARBON GROUP,Continental Carbon Group Inc. (Mobile Unit) at N.M. Bartlett inc.,"4509 BARTLETT RD, BEAMSVILLE, LINCOLN, ON L0R 1B1",LINCOLN,Miscellaneous Industrial,Niagara District Office,Dichlorodiphenyldichloroethylene (DDE),Approval/Permit Non-Compliance,02/17/2023,02/17/2023,3,ng/L,any,1,3.13,3.13,Equipment Modified - Repaired - Replaced or Re-calibrated,Assessment Complete - No Action Required
CONTINENTAL CARBON GROUP,Continental Carbon Group Inc. (Mobile Unit) at N.M. Bartlett inc.,"4509 BARTLETT RD, BEAMSVILLE, LINCOLN, ON L0R 1B1",LINCOLN,Miscellaneous Industrial,Niagara District Office,DICHLORODIPHENYLTRICHLOROETHANE (DDD),Approval/Permit Non-Compliance,02/17/2023,02/17/2023,3,ng/L,any,1,6.45,6.45,Equipment Modified - Repaired - Replaced or Re-calibrated,Assessment Complete - No Action Required
CONTINENTAL CARBON GROUP,Continental Carbon Group Inc. (Mobile Unit) at N.M. Bartlett inc.,"4509 BARTLETT RD, BEAMSVILLE, LINCOLN, ON L0R 1B1",LINCOLN,Miscellaneous Industrial,Niagara District Office,DICHLORODIPHENYLTRICHLOROETHANE (DDD),Approval/Permit Non-Compliance,02/28/2023,02/28/2023,3,ng/L,any,1,3.47,3.47,Additional Monitoring Underway,Assessment Complete - No Action Required
CONTINENTAL CARBON GROUP,Continental Carbon Group Inc. (Mobile Unit) at N.M. Bartlett inc.,"4509 BARTLETT RD, BEAMSVILLE, LINCOLN, ON L0R 1B1",LINCOLN,Miscellaneous Industrial,Niagara District Office,DICHLORODIPHENYLTRICHLOROETHANE (DDD),Approval/Permit Non-Compliance,03/17/2023,03/17/2023,3,ng/L,any,1,4.27,4.27,Additional Monitoring Underway,Assessment Underway
CONTINENTAL CARBON GROUP,Continental Carbon Group Inc. (Mobile Unit) at N.M. Bartlett inc.,"4509 BARTLETT RD, BEAMSVILLE, LINCOLN, ON L0R 1B1",LINCOLN,Miscellaneous Industrial,Niagara District Office,DICHLORODIPHENYLTRICHLOROETHANE (DDD),Approval/Permit Non-Compliance,03/17/2023,03/17/2023,3,ng/L,any,1,6.28,6.28,Additional Monitoring Underway,Assessment Underway
CONTINENTAL CARBON GROUP,Continental Carbon Group Inc. (Mobile Unit) at N.M. Bartlett inc.,"4509 BARTLETT RD, BEAMSVILLE, LINCOLN, ON L0R 1B1",LINCOLN,Miscellaneous Industrial,Niagara District Office,DICHLORODIPHENYLTRICHLOROETHANE (DDD),Approval/Permit Non-Compliance,03/23/2023,03/23/2023,3,ng/L,any,1,4.88,4.88,Additional Monitoring Underway,Assessment Underway
CONTINENTAL CARBON GROUP,Continental Carbon Group Inc. (Mobile Unit) at N.M. Bartlett inc.,"4509 BARTLETT RD, BEAMSVILLE, LINCOLN, ON L0R 1B1",LINCOLN,Miscellaneous Industrial,Niagara District Office,DICHLORODIPHENYLTRICHLOROETHANE (DDD),Approval/Permit Non-Compliance,04/05/2023,04/05/2023,3,ng/L,any,1,7.33,7.33,Additional Monitoring Underway,Assessment Complete - No Action Required
CONTINENTAL CARBON GROUP,Continental Carbon Group Inc. (Mobile Unit) at N.M. Bartlett inc.,"4509 BARTLETT RD, BEAMSVILLE, LINCOLN, ON L0R 1B1",LINCOLN,Miscellaneous Industrial,Niagara District Office,Dichlorodiphenyldichloroethylene (DDE),Approval/Permit Non-Compliance,04/05/2023,04/05/2023,3,ng/L,any,1,3.15,3.15,Additional Monitoring Underway,Assessment Complete - No Action Required
CONTINENTAL CARBON GROUP,Continental Carbon Group Inc. (Mobile Unit) at N.M. Bartlett inc.,"4509 BARTLETT RD, BEAMSVILLE, LINCOLN, ON L0R 1B1",LINCOLN,Miscellaneous Industrial,Niagara District Office,DICHLORODIPHENYLTRICHLOROETHANE (DDD),Approval/Permit Non-Compliance,04/05/2023,04/05/2023,3,ng/L,any,1,5.11,5.11,Additional Monitoring Underway,Assessment Complete - No Action Required
IAMGOLD CORPORATION,Cote Gold Project,"3 MESOMIKENDA LAKE RD, GOGAMA, GREATER SUDBURY, ON P0M 1W0",GREATER SUDBURY,Metal Mining and Refining,Timmins District Office,"SUSPENDED SOLIDS, TOTAL",Approval/Permit Non-Compliance,03/07/2023,03/07/2023,25,mg/L,any,1,27,27,Ceased Operations,Addressed w/o Intervention
IAMGOLD CORPORATION,Cote Gold Project,"3 MESOMIKENDA LAKE RD, GOGAMA, GREATER SUDBURY, ON P0M 1W0",GREATER SUDBURY,Metal Mining and Refining,Timmins District Office,"SUSPENDED SOLIDS, TOTAL",Approval/Permit Non-Compliance,03/30/2023,04/02/2023,25, mg/L,any,4,34,114,Ceased Operations,Addressed w/o Intervention
IAMGOLD CORPORATION,Cote Gold Project,"3 MESOMIKENDA LAKE RD, GOGAMA, GREATER SUDBURY, ON P0M 1W0",GREATER SUDBURY,Metal Mining and Refining,Timmins District Office,"SUSPENDED SOLIDS, TOTAL",Approval/Permit Non-Compliance,03/31/2023,04/02/2023,25,mg/L,any,1,26,26,Ceased Operations,Addressed w/o Intervention
IAMGOLD CORPORATION,Cote Gold Project,"3 MESOMIKENDA LAKE RD, GOGAMA, GREATER SUDBURY, ON P0M 1W0",GREATER SUDBURY,Metal Mining and Refining,Timmins District Office,"SUSPENDED SOLIDS, TOTAL",Approval/Permit Non-Compliance,04/01/2023,04/30/2023,15,mg/L,mon avg,1,30.1,30.1,Operational Process Modified,Addressed w/o Intervention
IAMGOLD CORPORATION,Cote Gold Project,"3 MESOMIKENDA LAKE RD, GOGAMA, GREATER SUDBURY, ON P0M 1W0",GREATER SUDBURY,Metal Mining and Refining,Timmins District Office,"SUSPENDED SOLIDS, TOTAL",Approval/Permit Non-Compliance,04/12/2023,04/20/2023,30, mg/L,any,5,38.7,48,Operational Process Modified,Event Resolved
ONTARIO POWER GENERATION INC.,Darlington Nuclear Generating Station,"1 HOLT RD, BOWMANVILLE, CLARINGTON, ON L1C 3Z8",CLARINGTON,Electric Power Generation,York Durham District Office,MORPHOLINE,Approval/Permit Non-Compliance,06/22/2023,06/22/2023,25,mg/L,/mon,1,30,30,Training Procedure Change,Event Resolved
DC FARMS,DC Farms,"1557 COUNTY RD 34, RUTHVEN, KINGSVILLE, ON N0P 2G0",KINGSVILLE,Miscellaneous Industrial,Windsor Area Office,COPPER,Approval/Permit Non-Compliance,09/25/2023,09/25/2023,0.02,mg/L,4 mon rolling avg,1,0.0916,0.0916,Other,Other Action Taken
DC FARMS,DC Farms,"1557 COUNTY RD 34, RUTHVEN, KINGSVILLE, ON N0P 2G0",KINGSVILLE,Miscellaneous Industrial,Windsor Area Office,PHOSPHORUS; TOTAL,Approval/Permit Non-Compliance,09/27/2023,09/27/2023,0.5,mg/L,4 mon rolling avg,2,0.975,3.952,Other,Other Action Taken
DC FARMS,DC Farms,"1557 COUNTY RD 34, RUTHVEN, KINGSVILLE, ON N0P 2G0",KINGSVILLE,Miscellaneous Industrial,Windsor Area Office,POTASSIUM,Approval/Permit Non-Compliance,09/27/2023,09/27/2023,25,mg/L,4 mon rolling avg,1,30.21,30.21,Other,Other Action Taken
DC FARMS,DC Farms,"1557 COUNTY RD 34, RUTHVEN, KINGSVILLE, ON N0P 2G0",KINGSVILLE,Miscellaneous Industrial,Windsor Area Office,PHOSPHORUS; TOTAL,Approval/Permit Non-Compliance,03/16/2023,03/16/2023,0.5,mg/L,4 mon rolling avg,1,0.519,0.519,Action Plan Submitted,Voluntary Compliance Underway
DC FARMS,DC Farms,"1557 COUNTY RD 34, RUTHVEN, KINGSVILLE, ON N0P 2G0",KINGSVILLE,Miscellaneous Industrial,Windsor Area Office,NITROGEN; TOTAL,Approval/Permit Non-Compliance,04/26/2023,04/26/2023,20,mg/L,4 mon rolling avg,1,26.7,26.7,Action Plan Submitted,Voluntary Compliance Underway
DC FARMS,DC Farms,"1557 COUNTY RD 34, RUTHVEN, KINGSVILLE, ON N0P 2G0",KINGSVILLE,Miscellaneous Industrial,Windsor Area Office,PHOSPHORUS; TOTAL,Approval/Permit Non-Compliance,04/26/2023,04/26/2023,0.5,mg/L,4 mon rolling avg,1,2.53,2.53,Action Plan Submitted,Voluntary Compliance Underway
DC FARMS,DC Farms,"1557 COUNTY RD 34, RUTHVEN, KINGSVILLE, ON N0P 2G0",KINGSVILLE,Miscellaneous Industrial,Windsor Area Office,PHOSPHORUS; TOTAL,Approval/Permit Non-Compliance,05/01/2023,05/31/2023,0.5,mg/L,4 mon rolling avg,1,0.828,0.828,Other,Other Action Taken
DC FARMS,DC Farms,"1557 COUNTY RD 34, RUTHVEN, KINGSVILLE, ON N0P 2G0",KINGSVILLE,Miscellaneous Industrial,Windsor Area Office,NITROGEN; TOTAL,Approval/Permit Non-Compliance,05/01/2023,05/31/2023,20,mg/L,4 mon rolling avg,1,88.4,88.4,Other,Other Action Taken
DC FARMS,DC Farms,"1557 COUNTY RD 34, RUTHVEN, KINGSVILLE, ON N0P 2G0",KINGSVILLE,Miscellaneous Industrial,Windsor Area Office,POTASSIUM,Approval/Permit Non-Compliance,05/01/2023,05/31/2023,25,mg/L,4 mon rolling avg,1,59.7,59.7,Other,Other Action Taken
DC FARMS,DC Farms,"1557 COUNTY RD 34, RUTHVEN, KINGSVILLE, ON N0P 2G0",KINGSVILLE,Miscellaneous Industrial,Windsor Area Office,PHOSPHORUS; TOTAL,Approval/Permit Non-Compliance,07/19/2023,07/19/2023,0.5,mg/L,4 mon rolling avg,1,0.578,0.578,Other,Other Action Taken
DC FARMS,DC Farms,"1557 COUNTY RD 34, RUTHVEN, KINGSVILLE, ON N0P 2G0",KINGSVILLE,Miscellaneous Industrial,Windsor Area Office,ZINC,Approval/Permit Non-Compliance,04/01/2023,04/30/2023,0.1,mg/L,4 mon rolling avg,1,0.121,0.121,Other,Other Action Taken
DC FARMS,DC Farms,"1557 COUNTY RD 34, RUTHVEN, KINGSVILLE, ON N0P 2G0",KINGSVILLE,Miscellaneous Industrial,Windsor Area Office,COPPER,Approval/Permit Non-Compliance,04/01/2023,04/30/2023,0.02,mg/L,4 mon rolling avg,1,0.026,0.026,Other,Other Action Taken
AGNICO EAGLE MINES,Detour Lake Mine,"86 2ND ST, END OF HIGHWAY 652, COCHRANE, ON P0L 1C0",COCHRANE,Metal Mining and Refining,Timmins District Office,PHOSPHORUS; TOTAL,Approval/Permit Non-Compliance,07/13/2023,07/15/2023,0.146,mg/L,/week,1,0.193,0.193,Equipment Modified - Repaired - Replaced or Re-calibrated,Addressed w/o Intervention
DI CIOCCO FARMS INCORPORATED,Di Ciocco Farms,"294 TALBOT ST E, LEAMINGTON, ON N8H 3V6",Leamington,Miscellaneous Industrial,Windsor Area Office,ZINC,Approval/Permit Non-Compliance,01/01/2023,12/31/2023,0.1,mg/L,rolling avg,7,0.15,0.37,Action Plan Submitted,Assessment Underway
DI CIOCCO FARMS INCORPORATED,Di Ciocco Farms Eastside,"308 TALBOT RD E, LEAMINGTON, ON N8H 3V6",Leamington,Miscellaneous Industrial,Windsor Area Office,ZINC,Approval/Permit Non-Compliance,01/01/2023,12/31/2023,0.1,mg/L,rolling avg,8,0.13,0.25,Action Plan Submitted,Assessment Underway
NEWMONT GOLDCORP,Dome Mine and Mill,"4315 GOLD MINE RD, TIMMINS, ON P0N 1H0",TIMMINS,Metal Mining and Refining,Timmins District Office,Acute Lethality - DAPHNIA MAGNA,Approval/Permit Non-Compliance,08/30/2023,08/30/2023,0,acute toxicity,/mon,1,1,1,Equipment Modified - Repaired - Replaced or Re-calibrated,Addressed w/o Intervention
DOW CHEMICAL CANADA ULC,Dow Scott Road Fly-ash Disposal Site,"LOT:PART OF 16, CONCESSION:3, 4, 5, GEOTOWNSHIP:SARNIA, SARNIA, ON ",SARNIA,Miscellaneous Industrial,Sarnia District Office,ZINC,Approval/Permit Non-Compliance,02/09/2023,02/09/2023,30,µg/L,/day,1,72,72,Other,Event Resolved
DOW CHEMICAL CANADA ULC,Dow Scott Road Fly-ash Disposal Site,"LOT:PART OF 16, CONCESSION:3, 4, 5, GEOTOWNSHIP:SARNIA, SARNIA, ON ",SARNIA,Miscellaneous Industrial,Sarnia District Office,COPPER,Approval/Permit Non-Compliance,02/09/2023,02/09/2023,20,µg/L,/day,1,23,23,Other,Event Resolved
DOW CHEMICAL CANADA ULC,Dow Scott Road Fly-ash Disposal Site,"LOT:PART OF 16, CONCESSION:3, 4, 5, GEOTOWNSHIP:SARNIA, SARNIA, ON ",SARNIA,Miscellaneous Industrial,Sarnia District Office,"SUSPENDED SOLIDS, TOTAL",Approval/Permit Non-Compliance,02/09/2023,02/09/2023,50,mg/L,/day,1,72,72,Other,Event Resolved
DOW CHEMICAL CANADA ULC,Dow Scott Road Fly-ash Disposal Site,"LOT:PART OF 16, CONCESSION:3, 4, 5, GEOTOWNSHIP:SARNIA, SARNIA, ON ",SARNIA,Miscellaneous Industrial,Sarnia District Office,COBALT,Approval/Permit Non-Compliance,02/09/2023,02/09/2023,0.9,µg/L,/day,1,2,2,Other,Event Resolved
CRH CANADA GROUP INC.,Dufferin Aggregates Flamboro Quarry,"685 BROCK RD, HAMILTON, ON L9H 5E4",HAMILTON,Industrial Minerals,Hamilton District Office,"SUSPENDED SOLIDS, TOTAL",Approval/Permit Non-Compliance,02/15/2023,02/15/2023,25,mg/L,/quarter,1,64.1,64.1,Additional Monitoring Underway,Assessment Complete - No action required
DVD FARMS LTD.,DVD Farms Ltd.,"1132 SEACLIFF DR E, LEAMINGTON, ON ",Leamington,Miscellaneous Industrial,Windsor Area Office,ZINC,Approval/Permit Non-Compliance,01/01/2023,12/31/2023,0.1,mg/L,rolling avg,12,0.14,0.4,Other,Assessment Underway
WESDOME GOLD MINES LTD,Eagle River Mill Tailings Management Area (TMA),"PAINT LAKE RD, UNORGANIZED, ON ",UNORGANIZED,Metal Mining and Refining,Sault Ste. Marie Area Office,CYANIDE;FREE,Approval/Permit Non-Compliance,11/10/2023,11/10/2023,0.01, mg/L,/day,1,0.046,0.046,Ceased Operations,Assessment Underway
WESDOME GOLD MINES LTD,Eagle River Mill Tailings Management Area (TMA),"PAINT LAKE RD, UNORGANIZED, ON ",UNORGANIZED,Metal Mining and Refining,Sault Ste. Marie Area Office,CYANIDE;FREE,Approval/Permit Non-Compliance,11/16/2023,11/16/2023,0.01, mg/L,/day,1,0.093,0.093,Ceased Operations,Assessment Underway
WESDOME GOLD MINES LTD,Eagle River Mill Tailings Management Area (TMA),"PAINT LAKE RD, UNORGANIZED, ON ",UNORGANIZED,Metal Mining and Refining,Sault Ste. Marie Area Office,CYANIDE;FREE,Approval/Permit Non-Compliance,11/18/2023,11/18/2023,0.01, mg/L,/day,1,0.039,0.039,Ceased Operations,Assessment Underway
WESDOME GOLD MINES LTD,Eagle River Mill Tailings Management Area (TMA),"PAINT LAKE RD, UNORGANIZED, ON ",UNORGANIZED,Metal Mining and Refining,Sault Ste. Marie Area Office,CYANIDE;FREE,Approval/Permit Non-Compliance,11/14/2023,11/14/2023,0.01,mg/L,/day,1,0.103,0.103,Ceased Operations,Assessment Underway
WESDOME GOLD MINES LTD,Eagle River Mill Tailings Management Area (TMA),"PAINT LAKE RD, UNORGANIZED, ON ",UNORGANIZED,Metal Mining and Refining,Sault Ste. Marie Area Office,COPPER,Approval/Permit Non-Compliance,11/14/2023,11/14/2023,0.02,mg/L,/day,1,0.115,0.115,Ceased Operations,Assessment Underway
CAPITAL POWER GENERATION SERVICES INC.,East Windsor Cogeneration Centre (EWCC),"3150 WYANDOTTE ST E, WINDSOR, ON N8Y 4Y6",WINDSOR,Electric Power Generation,Windsor Area Office,OIL AND GREASE,Approval/Permit Non-Compliance,08/24/2023,08/24/2023,15,mg/L,quarterly,1,17.7,17.7,Resolved w/o Actions Required,Event Resolved
1313304 ALBERTA ULC OPERATING AS GREAT NORTHERN SEEDLINGS,Great Northern Hydroponics,"1400 ROAD 3 E, KINGSVILLE, ON N9Y 2E9",KINGSVILLE,Miscellaneous Industrial,Windsor Area Office,POTASSIUM,Approval/Permit Non-Compliance,02/15/2023,02/28/2023,25,mg/L,4 mon rolling avg,1,33.43,33.43,Action Plan Submitted,Voluntary Compliance Underway
1313304 ALBERTA ULC OPERATING AS GREAT NORTHERN SEEDLINGS,Great Northern Hydroponics,"1400 ROAD 3 E, KINGSVILLE, ON N9Y 2E9",KINGSVILLE,Miscellaneous Industrial,Windsor Area Office,NITROGEN; TOTAL,Approval/Permit Non-Compliance,02/15/2023,02/28/2023,20,mg/L,4 mon rolling avg,1,22.43,22.43,Action Plan Submitted,Voluntary Compliance Underway
1313304 ALBERTA ULC OPERATING AS GREAT NORTHERN SEEDLINGS,Great Northern Seedlings,"1507 ROAD 3 E, KINGSVILLE, ON N9Y 2E5",KINGSVILLE,Miscellaneous Industrial,Windsor Area Office,PHOSPHORUS; TOTAL,Approval/Permit Non-Compliance,12/01/2023,12/31/2023,0.5,mg/L,4 mon rolling avg,1,1.17,1.17,Other,Voluntary Compliance Underway
1313304 ALBERTA ULC OPERATING AS GREAT NORTHERN SEEDLINGS,Great Northern Seedlings,"1507 ROAD 3 E, KINGSVILLE, ON N9Y 2E5",KINGSVILLE,Miscellaneous Industrial,Windsor Area Office,PHOSPHORUS; TOTAL,Approval/Permit Non-Compliance,11/30/2023,11/30/2023,0.5,mg/L,4 mon rolling avg,1,1.17,1.17,Other,Voluntary Compliance Underway
1313304 ALBERTA ULC OPERATING AS GREAT NORTHERN SEEDLINGS,Great Northern Seedlings,"1507 ROAD 3 E, KINGSVILLE, ON N9Y 2E5",KINGSVILLE,Miscellaneous Industrial,Windsor Area Office,PHOSPHORUS; TOTAL,Approval/Permit Non-Compliance,10/31/2023,10/31/2023,0.5,mg/L,4 mon rolling avg,1,1.06,1.06,Other,Voluntary Compliance Underway
1313304 ALBERTA ULC OPERATING AS GREAT NORTHERN SEEDLINGS,Great Northern Seedlings,"1507 ROAD 3 E, KINGSVILLE, ON N9Y 2E5",KINGSVILLE,Miscellaneous Industrial,Windsor Area Office,PHOSPHORUS; TOTAL,Approval/Permit Non-Compliance,09/30/2023,09/30/2023,0.5,mg/L,4 mon rolling avg,1,0.83,0.83,Other,Voluntary Compliance Underway
GREEN RISE FOODS INC.,Green Rise #1 (formerly Bull Market Farms),"2633 ALBUNA TLINE, KINGSVILLE, ON N0P 2G0",KINGSVILLE,Miscellaneous Industrial,Windsor Area Office,POTASSIUM,Approval/Permit Non-Compliance,08/28/2023,08/28/2023,25,mg/L,4 mon rolling avg,1,27.18,27.18,Other,Other Action Taken
GREEN RISE FOODS INC.,Green Rise #1 (formerly Bull Market Farms),"2633 ALBUNA TLINE, KINGSVILLE, ON N0P 2G0",KINGSVILLE,Miscellaneous Industrial,Windsor Area Office,PHOSPHORUS; TOTAL,Approval/Permit Non-Compliance,08/28/2023,08/28/2023,0.5,mg/L,4 mon rolling avg,2,1.01,2.441,Other,Other Action Taken
GREEN RISE FOODS INC.,Green Rise #1 (formerly Bull Market Farms),"2633 ALBUNA TLINE, KINGSVILLE, ON N0P 2G0",KINGSVILLE,Miscellaneous Industrial,Windsor Area Office,CHLORIDE,Approval/Permit Non-Compliance,08/28/2023,08/28/2023,1,mg/L,4 mon rolling avg,1,215,215,Other,Other Action Taken
GREEN RISE FOODS INC.,Green Rise #1 (formerly Bull Market Farms),"2633 ALBUNA TLINE, KINGSVILLE, ON N0P 2G0",KINGSVILLE,Miscellaneous Industrial,Windsor Area Office,PHOSPHORUS; TOTAL,Approval/Permit Non-Compliance,10/30/2023,10/30/2023,0.5,mg/L,4 mon rolling avg,2,0.958,1.534,Other,Other Action Taken
GREEN RISE FOODS INC.,Green Rise #1 (formerly Bull Market Farms),"2633 ALBUNA TLINE, KINGSVILLE, ON N0P 2G0",KINGSVILLE,Miscellaneous Industrial,Windsor Area Office,POTASSIUM,Approval/Permit Non-Compliance,10/30/2023,10/30/2023,25,mg/L,4 mon rolling avg,1,29.83,29.83,Other,Other Action Taken
GREEN RISE FOODS INC.,Green Rise #1 (formerly Bull Market Farms),"2633 ALBUNA TLINE, KINGSVILLE, ON N0P 2G0",KINGSVILLE,Miscellaneous Industrial,Windsor Area Office,ZINC,Approval/Permit Non-Compliance,01/01/2023,01/31/2023,0.5,mg/L,4 mon rolling avg,2,0.17,0.17,Other,Addressed w/o Intervention
GREEN RISE FOODS INC.,Green Rise #1 (formerly Bull Market Farms),"2633 ALBUNA TLINE, KINGSVILLE, ON N0P 2G0",KINGSVILLE,Miscellaneous Industrial,Windsor Area Office,PHOSPHORUS; TOTAL,Approval/Permit Non-Compliance,01/01/2023,01/31/2023,0.5,mg/L,4 mon rolling avg,2,0.646,0.947,Other,Addressed w/o Intervention
GREEN RISE FOODS INC.,Green Rise #1 (formerly Bull Market Farms),"2633 ALBUNA TLINE, KINGSVILLE, ON N0P 2G0",KINGSVILLE,Miscellaneous Industrial,Windsor Area Office,PHOSPHORUS; TOTAL,Approval/Permit Non-Compliance,02/06/2023,02/06/2023,0.5,mg/L,4 mon rolling avg,1,0.969,0.969,Other,Other Action Taken
GREEN RISE FOODS INC.,Green Rise #1 (formerly Bull Market Farms),"2633 ALBUNA TLINE, KINGSVILLE, ON N0P 2G0",KINGSVILLE,Miscellaneous Industrial,Windsor Area Office,PHOSPHORUS; TOTAL,Approval/Permit Non-Compliance,04/24/2023,04/24/2023,0.5,mg/L,4 mon rolling avg,1,0.724,0.724,Other,Other Action Taken
GREEN RISE FOODS INC.,Green Rise #1 (formerly Bull Market Farms),"2633 ALBUNA TLINE, KINGSVILLE, ON N0P 2G0",KINGSVILLE,Miscellaneous Industrial,Windsor Area Office,ZINC,Approval/Permit Non-Compliance,04/24/2023,04/24/2023,0.1,mg/L,4 mon rolling avg,1,0.152,0.152,Other,Other Action Taken
GREEN RISE FOODS INC.,Green Rise #1 (formerly Bull Market Farms),"2633 ALBUNA TLINE, KINGSVILLE, ON N0P 2G0",KINGSVILLE,Miscellaneous Industrial,Windsor Area Office,ZINC,Approval/Permit Non-Compliance,03/27/2023,03/27/2023,0.1,mg/L,4 mon rolling avg,2,0.319,0.509,Other,Other Action Taken
GREEN RISE FOODS INC.,Green Rise #1 (formerly Bull Market Farms),"2633 ALBUNA TLINE, KINGSVILLE, ON N0P 2G0",KINGSVILLE,Miscellaneous Industrial,Windsor Area Office,PHOSPHORUS; TOTAL,Approval/Permit Non-Compliance,03/27/2023,03/27/2023,0.5,mg/L,4 mon rolling avg,1,0.93,0.93,Other,Other Action Taken
GREEN RISE FOODS INC.,Green Rise #1 (formerly Bull Market Farms),"2633 ALBUNA TLINE, KINGSVILLE, ON N0P 2G0",KINGSVILLE,Miscellaneous Industrial,Windsor Area Office,PHOSPHORUS; TOTAL,Approval/Permit Non-Compliance,05/23/2023,05/23/2023,0.5,mg/L,4 mon rolling avg,2,0.532,0.986,Other,Other Action Taken
GREEN RISE FOODS INC.,Green Rise #1 (formerly Bull Market Farms),"2633 ALBUNA TLINE, KINGSVILLE, ON N0P 2G0",KINGSVILLE,Miscellaneous Industrial,Windsor Area Office,ZINC,Approval/Permit Non-Compliance,05/23/2023,05/23/2023,0.1,mg/L,4 mon rolling avg,2,0.151,0.173,Other,Other Action Taken
GREEN RISE FOODS INC.,Green Rise #1 (formerly Bull Market Farms),"2633 ALBUNA TLINE, KINGSVILLE, ON N0P 2G0",KINGSVILLE,Miscellaneous Industrial,Windsor Area Office,ZINC,Approval/Permit Non-Compliance,06/28/2023,06/07/2023,0.1,mg/L,4 mon rolling avg,2,0.126,0.16,Other,Other Action Taken
GREEN RISE FOODS INC.,Green Rise #1 (formerly Bull Market Farms),"2633 ALBUNA TLINE, KINGSVILLE, ON N0P 2G0",KINGSVILLE,Miscellaneous Industrial,Windsor Area Office,PHOSPHORUS; TOTAL,Approval/Permit Non-Compliance,06/28/2023,06/28/2023,0.5,mg/L,4 mon rolling avg,2,1.034,1.316,Other,Other Action Taken
GREEN RISE FOODS INC.,Green Rise #1 (formerly Bull Market Farms),"2633 ALBUNA TLINE, KINGSVILLE, ON N0P 2G0",KINGSVILLE,Miscellaneous Industrial,Windsor Area Office,ZINC,Approval/Permit Non-Compliance,07/24/2023,07/24/2023,0.1,mg/L,4 mon rolling avg,2,0.113,0.122,Other,Other Action Taken
GREEN RISE FOODS INC.,Green Rise #1 (formerly Bull Market Farms),"2633 ALBUNA TLINE, KINGSVILLE, ON N0P 2G0",KINGSVILLE,Miscellaneous Industrial,Windsor Area Office,PHOSPHORUS; TOTAL,Approval/Permit Non-Compliance,07/24/2023,07/24/2023,0.5,mg/L,4 mon rolling avg,2,1.1,2.32,Other,Other Action Taken
GREEN VIEW ACRES LTD.,Green View Acres,"121 COUNTY RD 18, LEAMINGTON, ON N8H 3V5",Leamington,Miscellaneous Industrial,Windsor Area Office,ZINC,Approval/Permit Non-Compliance,03/01/2023,10/31/2023,0.1,mg/L,rolling avg,8,0.15,0.24,Other,Assessment Underway
GREENFIRST FOREST PRODUCTS INC.,GreenFirst Forest Products (Chapleau),"175 PLANER RD, CHAPLEAU, ON P0M 1K0",CHAPLEAU,Pulp and Paper,Sault Ste. Marie Area Office,TEMPERATURE,Approval/Permit Non-Compliance,08/12/2023,08/12/2023,30,°C,any,1,32.6,32.6,Equipment Modified - Repaired - Replaced or Re-calibrated,Addressed w/o Intervention
GWILLIMDALE FARMS,Gwillimdale Farms Ltd.,"2026 11TH LINE, BRADFORD WEST GWILLIMBURY, ON L3X 2A5",BRADFORD WEST GWILLIMBURY,Miscellaneous Industrial,Barrie District Office,CARBONACEOUS BIOCHEMICAL OXYGEN DEMAND,Approval/Permit Non-Compliance,01/01/2023,01/31/2023,25,mg/L,mon avg,1,176.2,176.2,New/Amended Approval,Voluntary Compliance Underway
GWILLIMDALE FARMS,Gwillimdale Farms Ltd.,"2026 11TH LINE, BRADFORD WEST GWILLIMBURY, ON L3X 2A5",BRADFORD WEST GWILLIMBURY,Miscellaneous Industrial,Barrie District Office,PHOSPHORUS; TOTAL,Approval/Permit Non-Compliance,01/01/2023,01/31/2023,1,mg/L,mon avg,1,2.748,2.748,New/Amended Approval,Voluntary Compliance Underway
GWILLIMDALE FARMS,Gwillimdale Farms Ltd.,"2026 11TH LINE, BRADFORD WEST GWILLIMBURY, ON L3X 2A5",BRADFORD WEST GWILLIMBURY,Miscellaneous Industrial,Barrie District Office,"SUSPENDED SOLIDS, TOTAL",Approval/Permit Non-Compliance,01/01/2023,01/31/2023,25,mg/L,mon avg,1,102.8,102.8,New/Amended Approval,Voluntary Compliance Underway
GWILLIMDALE FARMS,Gwillimdale Farms Ltd.,"2026 11TH LINE, BRADFORD WEST GWILLIMBURY, ON L3X 2A5",BRADFORD WEST GWILLIMBURY,Miscellaneous Industrial,Barrie District Office,"SUSPENDED SOLIDS, TOTAL",Approval/Permit Non-Compliance,02/01/2023,02/28/2023,25,mg/L,mon avg,1,128.625,128.625,New/Amended Approval,Voluntary Compliance Underway
GWILLIMDALE FARMS,Gwillimdale Farms Ltd.,"2026 11TH LINE, BRADFORD WEST GWILLIMBURY, ON L3X 2A5",BRADFORD WEST GWILLIMBURY,Miscellaneous Industrial,Barrie District Office,PHOSPHORUS; TOTAL,Approval/Permit Non-Compliance,02/01/2023,02/28/2023,1,mg/L,mon avg,1,2.73,2.73,New/Amended Approval,Voluntary Compliance Underway
GWILLIMDALE FARMS,Gwillimdale Farms Ltd.,"2026 11TH LINE, BRADFORD WEST GWILLIMBURY, ON L3X 2A5",BRADFORD WEST GWILLIMBURY,Miscellaneous Industrial,Barrie District Office,CARBONACEOUS BIOCHEMICAL OXYGEN DEMAND,Approval/Permit Non-Compliance,02/01/2023,02/28/2023,25,mg/L,mon avg,1,222.5,222.5,New/Amended Approval,Voluntary Compliance Underway
GWILLIMDALE FARMS,Gwillimdale Farms Ltd.,"2026 11TH LINE, BRADFORD WEST GWILLIMBURY, ON L3X 2A5",BRADFORD WEST GWILLIMBURY,Miscellaneous Industrial,Barrie District Office,CARBONACEOUS BIOCHEMICAL OXYGEN DEMAND,Approval/Permit Non-Compliance,03/01/2023,03/31/2023,25,mg/L,mon avg,1,292,292,New/Amended Approval,Voluntary Compliance Underway
GWILLIMDALE FARMS,Gwillimdale Farms Ltd.,"2026 11TH LINE, BRADFORD WEST GWILLIMBURY, ON L3X 2A5",BRADFORD WEST GWILLIMBURY,Miscellaneous Industrial,Barrie District Office,"SUSPENDED SOLIDS, TOTAL",Approval/Permit Non-Compliance,03/01/2023,03/31/2023,25,mg/L,mon avg,1,98.75,98.75,New/Amended Approval,Voluntary Compliance Underway
GWILLIMDALE FARMS,Gwillimdale Farms Ltd.,"2026 11TH LINE, BRADFORD WEST GWILLIMBURY, ON L3X 2A5",BRADFORD WEST GWILLIMBURY,Miscellaneous Industrial,Barrie District Office,PHOSPHORUS; TOTAL,Approval/Permit Non-Compliance,03/01/2023,03/31/2023,1,mg/L,mon avg,1,3.345,3.345,New/Amended Approval,Voluntary Compliance Underway
GWILLIMDALE FARMS,Gwillimdale Farms Ltd.,"2026 11TH LINE, BRADFORD WEST GWILLIMBURY, ON L3X 2A5",BRADFORD WEST GWILLIMBURY,Miscellaneous Industrial,Barrie District Office,CARBONACEOUS BIOCHEMICAL OXYGEN DEMAND,Approval/Permit Non-Compliance,04/01/2023,04/30/2023,25,mg/L,mon avg,1,266.25,266.25,New/Amended Approval,Voluntary Compliance Underway
GWILLIMDALE FARMS,Gwillimdale Farms Ltd.,"2026 11TH LINE, BRADFORD WEST GWILLIMBURY, ON L3X 2A5",BRADFORD WEST GWILLIMBURY,Miscellaneous Industrial,Barrie District Office,"SUSPENDED SOLIDS, TOTAL",Approval/Permit Non-Compliance,04/01/2023,04/30/2023,25,mg/L,mon avg,1,92.25,92.25,New/Amended Approval,Voluntary Compliance Underway
GWILLIMDALE FARMS,Gwillimdale Farms Ltd.,"2026 11TH LINE, BRADFORD WEST GWILLIMBURY, ON L3X 2A5",BRADFORD WEST GWILLIMBURY,Miscellaneous Industrial,Barrie District Office,PHOSPHORUS; TOTAL,Approval/Permit Non-Compliance,04/01/2023,04/30/2023,1,mg/L,mon avg,1,2.595,2.595,New/Amended Approval,Voluntary Compliance Underway
GWILLIMDALE FARMS,Gwillimdale Farms Ltd.,"2026 11TH LINE, BRADFORD WEST GWILLIMBURY, ON L3X 2A5",BRADFORD WEST GWILLIMBURY,Miscellaneous Industrial,Barrie District Office,PHOSPHORUS; TOTAL,Approval/Permit Non-Compliance,05/01/2023,05/31/2023,1,mg/L,mon avg,1,3.46,3.46,New/Amended Approval,Voluntary Compliance Underway
GWILLIMDALE FARMS,Gwillimdale Farms Ltd.,"2026 11TH LINE, BRADFORD WEST GWILLIMBURY, ON L3X 2A5",BRADFORD WEST GWILLIMBURY,Miscellaneous Industrial,Barrie District Office,"SUSPENDED SOLIDS, TOTAL",Approval/Permit Non-Compliance,05/01/2023,05/31/2023,25,mg/L,mon avg,1,84.28,84.28,New/Amended Approval,Voluntary Compliance Underway
GWILLIMDALE FARMS,Gwillimdale Farms Ltd.,"2026 11TH LINE, BRADFORD WEST GWILLIMBURY, ON L3X 2A5",BRADFORD WEST GWILLIMBURY,Miscellaneous Industrial,Barrie District Office,CARBONACEOUS BIOCHEMICAL OXYGEN DEMAND,Approval/Permit Non-Compliance,05/01/2023,05/31/2023,25,mg/L,mon avg,1,375.2,375.2,New/Amended Approval,Voluntary Compliance Underway
GWILLIMDALE FARMS,Gwillimdale Farms Ltd.,"2026 11TH LINE, BRADFORD WEST GWILLIMBURY, ON L3X 2A5",BRADFORD WEST GWILLIMBURY,Miscellaneous Industrial,Barrie District Office,CARBONACEOUS BIOCHEMICAL OXYGEN DEMAND,Approval/Permit Non-Compliance,06/01/2023,06/30/2023,25,mg/L,mon avg,1,147.55,147.55,New/Amended Approval,Other Action Taken
GWILLIMDALE FARMS,Gwillimdale Farms Ltd.,"2026 11TH LINE, BRADFORD WEST GWILLIMBURY, ON L3X 2A5",BRADFORD WEST GWILLIMBURY,Miscellaneous Industrial,Barrie District Office,PHOSPHORUS; TOTAL,Approval/Permit Non-Compliance,06/01/2023,06/30/2023,1,mg/L,mon avg,1,2.87,2.87,New/Amended Approval,Other Action Taken
GWILLIMDALE FARMS,Gwillimdale Farms Ltd.,"2026 11TH LINE, BRADFORD WEST GWILLIMBURY, ON L3X 2A5",BRADFORD WEST GWILLIMBURY,Miscellaneous Industrial,Barrie District Office,"SUSPENDED SOLIDS, TOTAL",Approval/Permit Non-Compliance,06/01/2023,06/30/2023,25,mg/L,mon avg,1,42.1,42.1,New/Amended Approval,Other Action Taken
GWILLIMDALE FARMS,Gwillimdale Farms Ltd.,"2026 11TH LINE, BRADFORD WEST GWILLIMBURY, ON L3X 2A5",BRADFORD WEST GWILLIMBURY,Miscellaneous Industrial,Barrie District Office,PHOSPHORUS; TOTAL,Approval/Permit Non-Compliance,08/01/2023,08/31/2023,1,mg/L,mon avg,1,1.3,1.3,New/Amended Approval,Updated Approval/Permit
GWILLIMDALE FARMS,Gwillimdale Farms Ltd.,"2026 11TH LINE, BRADFORD WEST GWILLIMBURY, ON L3X 2A5",BRADFORD WEST GWILLIMBURY,Miscellaneous Industrial,Barrie District Office,CARBONACEOUS BIOCHEMICAL OXYGEN DEMAND,Approval/Permit Non-Compliance,08/01/2023,08/31/2023,25,mg/L,mon avg,1,59.7,59.7,New/Amended Approval,Updated Approval/Permit
GWILLIMDALE FARMS,Gwillimdale Farms Ltd.,"2026 11TH LINE, BRADFORD WEST GWILLIMBURY, ON L3X 2A5",BRADFORD WEST GWILLIMBURY,Miscellaneous Industrial,Barrie District Office,"SUSPENDED SOLIDS, TOTAL",Approval/Permit Non-Compliance,08/01/2023,08/31/2023,25,mg/L,mon avg,1,41.66,41.66,New/Amended Approval,Updated Approval/Permit
GWILLIMDALE FARMS,Gwillimdale Farms Ltd.,"2026 11TH LINE, BRADFORD WEST GWILLIMBURY, ON L3X 2A5",BRADFORD WEST GWILLIMBURY,Miscellaneous Industrial,Barrie District Office,CARBONACEOUS BIOCHEMICAL OXYGEN DEMAND,Approval/Permit Non-Compliance,09/01/2023,09/30/2023,25,mg/L,mon avg,1,72.925,72.925,New/Amended Approval,Voluntary Compliance Underway
GWILLIMDALE FARMS,Gwillimdale Farms Ltd.,"2026 11TH LINE, BRADFORD WEST GWILLIMBURY, ON L3X 2A5",BRADFORD WEST GWILLIMBURY,Miscellaneous Industrial,Barrie District Office,"SUSPENDED SOLIDS, TOTAL",Approval/Permit Non-Compliance,09/01/2023,09/30/2023,25,mg/L,mon avg,1,53.2,53.2,New/Amended Approval,Voluntary Compliance Underway
GWILLIMDALE FARMS,Gwillimdale Farms Ltd.,"2026 11TH LINE, BRADFORD WEST GWILLIMBURY, ON L3X 2A5",BRADFORD WEST GWILLIMBURY,Miscellaneous Industrial,Barrie District Office,PHOSPHORUS; TOTAL,Approval/Permit Non-Compliance,09/01/2023,09/30/2023,1,mg/L,mon avg,1,1.675,1.675,New/Amended Approval,Voluntary Compliance Underway
GWILLIMDALE FARMS,Gwillimdale Farms Ltd.,"2026 11TH LINE, BRADFORD WEST GWILLIMBURY, ON L3X 2A5",BRADFORD WEST GWILLIMBURY,Miscellaneous Industrial,Barrie District Office,"SUSPENDED SOLIDS, TOTAL",Approval/Permit Non-Compliance,10/01/2023,10/31/2023,25,mg/L,mon avg,1,75.68,75.68,New/Amended Approval,Voluntary Compliance Underway
GWILLIMDALE FARMS,Gwillimdale Farms Ltd.,"2026 11TH LINE, BRADFORD WEST GWILLIMBURY, ON L3X 2A5",BRADFORD WEST GWILLIMBURY,Miscellaneous Industrial,Barrie District Office,CARBONACEOUS BIOCHEMICAL OXYGEN DEMAND,Approval/Permit Non-Compliance,10/01/2023,10/31/2023,25,mg/L,mon avg,1,116.62,116.62,New/Amended Approval,Voluntary Compliance Underway
GWILLIMDALE FARMS,Gwillimdale Farms Ltd.,"2026 11TH LINE, BRADFORD WEST GWILLIMBURY, ON L3X 2A5",BRADFORD WEST GWILLIMBURY,Miscellaneous Industrial,Barrie District Office,PHOSPHORUS; TOTAL,Approval/Permit Non-Compliance,10/01/2023,10/31/2023,1,mg/L,mon avg,1,2.13,2.13,New/Amended Approval,Voluntary Compliance Underway
GWILLIMDALE FARMS,Gwillimdale Farms Ltd.,"2026 11TH LINE, BRADFORD WEST GWILLIMBURY, ON L3X 2A5",BRADFORD WEST GWILLIMBURY,Miscellaneous Industrial,Barrie District Office,CARBONACEOUS BIOCHEMICAL OXYGEN DEMAND,Approval/Permit Non-Compliance,11/01/2023,11/30/2023,25,mg/L,mon avg,1,155.95,155.95,New/Amended Approval,Voluntary Compliance Underway
GWILLIMDALE FARMS,Gwillimdale Farms Ltd.,"2026 11TH LINE, BRADFORD WEST GWILLIMBURY, ON L3X 2A5",BRADFORD WEST GWILLIMBURY,Miscellaneous Industrial,Barrie District Office,PHOSPHORUS; TOTAL,Approval/Permit Non-Compliance,11/01/2023,11/30/2023,1,mg/L,mon avg,1,2.14,2.14,New/Amended Approval,Voluntary Compliance Underway
GWILLIMDALE FARMS,Gwillimdale Farms Ltd.,"2026 11TH LINE, BRADFORD WEST GWILLIMBURY, ON L3X 2A5",BRADFORD WEST GWILLIMBURY,Miscellaneous Industrial,Barrie District Office,"SUSPENDED SOLIDS, TOTAL",Approval/Permit Non-Compliance,11/01/2023,11/30/2023,25,mg/L,mon avg,1,139.13,139.13,New/Amended Approval,Voluntary Compliance Underway
GWILLIMDALE FARMS,Gwillimdale Farms Ltd.,"2026 11TH LINE, BRADFORD WEST GWILLIMBURY, ON L3X 2A5",BRADFORD WEST GWILLIMBURY,Miscellaneous Industrial,Barrie District Office,PHOSPHORUS; TOTAL,Approval/Permit Non-Compliance,12/01/2023,12/31/2023,1,mg/L,mon avg,1,2.7625,2.7625,New/Amended Approval,Voluntary Compliance Underway
GWILLIMDALE FARMS,Gwillimdale Farms Ltd.,"2026 11TH LINE, BRADFORD WEST GWILLIMBURY, ON L3X 2A5",BRADFORD WEST GWILLIMBURY,Miscellaneous Industrial,Barrie District Office,"SUSPENDED SOLIDS, TOTAL",Approval/Permit Non-Compliance,12/01/2023,12/31/2023,25,mg/L,mon avg,1,88.125,88.125,New/Amended Approval,Voluntary Compliance Underway
GWILLIMDALE FARMS,Gwillimdale Farms Ltd.,"2026 11TH LINE, BRADFORD WEST GWILLIMBURY, ON L3X 2A5",BRADFORD WEST GWILLIMBURY,Miscellaneous Industrial,Barrie District Office,CARBONACEOUS BIOCHEMICAL OXYGEN DEMAND,Approval/Permit Non-Compliance,12/01/2023,12/31/2023,25,mg/L,mon avg,1,136.4,136.4,New/Amended Approval,Voluntary Compliance Underway
NEWMONT GOLDCORP,Hollinger Open Pit Mine,"4315 GOLD MINE RD, TIMMINS, ON P0N 1H0",TIMMINS,Metal Mining and Refining,Timmins District Office,"SUSPENDED SOLIDS, TOTAL",Approval/Permit Non-Compliance,06/26/2023,06/26/2023,30,mg/L,Thrice weekly,1,30.7,30.7,New Equipment or Treatment Process Installed,Addressed w/o Intervention
NEWMONT GOLDCORP,Hollinger Open Pit Mine,"4315 GOLD MINE RD, TIMMINS, ON P0N 1H0",TIMMINS,Metal Mining and Refining,Timmins District Office,"SUSPENDED SOLIDS, TOTAL",Approval/Permit Non-Compliance,12/01/2023,12/01/2023,30,mg/L,Thrice weekly,1,44,44,Training Procedure Change,Addressed w/o Intervention
INVISTA COMPANY,INVISTA (CANADA) - MAITLAND,"1400 COUNTY RD 2, AUGUSTA, ON K0E 1P0",AUGUSTA,Miscellaneous Industrial,Kingston District Office,Acute Lethality - Rainbow Trout,Approval/Permit Non-Compliance,11/14/2023,11/14/2023,0,acute toxicity,any,1,1,1,Additional Monitoring Underway,Assessment Underway
"HEICO 2004 MEMBER, INC.",Ivaco Rolling Mills,"1040 COUNTY RD 17, CHAMPLAIN, ON K0B 1K0",CHAMPLAIN,Metal Mining and Refining,Cornwall Area Office,IRON (TOTAL),Approval/Permit Non-Compliance,07/14/2023,08/14/2023,2.7,mg/L,/season,3,4.3,7.3,Additional Monitoring Underway,Addressed w/o Intervention
J. C. FRESH FARMS LTD.,JC Fresh Farms Ltd.,"2495 GRAHAM SIDE RD, KINGSVILLE, ON N9Y 2E5",KINGSVILLE,Miscellaneous Industrial,Windsor Area Office,PHOSPHORUS; TOTAL,Approval/Permit Non-Compliance,01/17/2023,01/17/2023,0.5,mg/L,4 mon rolling avg,1,0.5115,0.5115,Action Plan Submitted,Voluntary Compliance Underway
"ONTARIO GRAPHITE, LTD.",Kearney Mine,"LOT:7, CONCESSION:10, GEOTOWNSHIP:BUTT, KEARNEY, ON ",KEARNEY,Metal Mining and Refining,North Bay Area Office,Acute Lethality - DAPHNIA MAGNA,Approval/Permit Non-Compliance,01/04/2023,01/04/2023,0,acute toxicity,/mon,1,1,1,Action Plan Submitted,Director’s Order
"ONTARIO GRAPHITE, LTD.",Kearney Mine,"LOT:7, CONCESSION:10, GEOTOWNSHIP:BUTT, KEARNEY, ON ",KEARNEY,Metal Mining and Refining,North Bay Area Office,IRON (TOTAL),Approval/Permit Non-Compliance,01/27/2023,01/30/2023,2, mg/L,Thrice weekly,2,2.7,8.1,Additional Monitoring Underway,Director’s Order
"ONTARIO GRAPHITE, LTD.",Kearney Mine,"LOT:7, CONCESSION:10, GEOTOWNSHIP:BUTT, KEARNEY, ON ",KEARNEY,Metal Mining and Refining,North Bay Area Office,Acute Lethality - DAPHNIA MAGNA,Approval/Permit Non-Compliance,01/29/2023,01/29/2023,0,acute toxicity,/mon,1,1,1,Action Plan Submitted,Director’s Order
"ONTARIO GRAPHITE, LTD.",Kearney Mine,"LOT:7, CONCESSION:10, GEOTOWNSHIP:BUTT, KEARNEY, ON ",KEARNEY,Metal Mining and Refining,North Bay Area Office,IRON (TOTAL),Approval/Permit Non-Compliance,01/31/2023,01/31/2023,1,mg/L,mon avg,1,1.22,1.22,Additional Monitoring Underway,Director’s Order
"ONTARIO GRAPHITE, LTD.",Kearney Mine,"LOT:7, CONCESSION:10, GEOTOWNSHIP:BUTT, KEARNEY, ON ",KEARNEY,Metal Mining and Refining,North Bay Area Office,IRON (TOTAL),Approval/Permit Non-Compliance,02/02/2023,02/02/2023,2,mg/L,Thrice weekly,1,9.74,9.74,Additional Monitoring Underway,Director’s Order
"ONTARIO GRAPHITE, LTD.",Kearney Mine,"LOT:7, CONCESSION:10, GEOTOWNSHIP:BUTT, KEARNEY, ON ",KEARNEY,Metal Mining and Refining,North Bay Area Office,"SUSPENDED SOLIDS, TOTAL",Approval/Permit Non-Compliance,02/02/2023,02/02/2023,30,mg/L,Thrice Weekly,1,45.3,45.3,Additional Monitoring Underway,Director’s Order
"ONTARIO GRAPHITE, LTD.",Kearney Mine,"LOT:7, CONCESSION:10, GEOTOWNSHIP:BUTT, KEARNEY, ON ",KEARNEY,Metal Mining and Refining,North Bay Area Office,IRON (TOTAL),Approval/Permit Non-Compliance,02/03/2023,02/06/2023,2, mg/L,Thrice weekly,2,11,11.1,Additional Monitoring Underway,Director’s Order
"ONTARIO GRAPHITE, LTD.",Kearney Mine,"LOT:7, CONCESSION:10, GEOTOWNSHIP:BUTT, KEARNEY, ON ",KEARNEY,Metal Mining and Refining,North Bay Area Office,"SUSPENDED SOLIDS, TOTAL",Approval/Permit Non-Compliance,02/08/2023,02/08/2023,30,mg/L,Thrice Weekly,1,84.7,84.7,Additional Monitoring Underway,Director’s Order
"ONTARIO GRAPHITE, LTD.",Kearney Mine,"LOT:7, CONCESSION:10, GEOTOWNSHIP:BUTT, KEARNEY, ON ",KEARNEY,Metal Mining and Refining,North Bay Area Office,IRON (TOTAL),Approval/Permit Non-Compliance,02/08/2023,02/08/2023,2,mg/L,Thrice Weekly,1,14.9,14.9,Additional Monitoring Underway,Director’s Order
"ONTARIO GRAPHITE, LTD.",Kearney Mine,"LOT:7, CONCESSION:10, GEOTOWNSHIP:BUTT, KEARNEY, ON ",KEARNEY,Metal Mining and Refining,North Bay Area Office,IRON (TOTAL),Approval/Permit Non-Compliance,02/10/2023,02/15/2023,2, mg/L,Thrice Weekly,3,7,31.3,Additional Monitoring Underway,Director’s Order
"ONTARIO GRAPHITE, LTD.",Kearney Mine,"LOT:7, CONCESSION:10, GEOTOWNSHIP:BUTT, KEARNEY, ON ",KEARNEY,Metal Mining and Refining,North Bay Area Office,ZINC,Approval/Permit Non-Compliance,02/15/2023,02/15/2023,0.2,mg/L,Thrice Weekly,1,0.3,0.3,Additional Monitoring Underway,Director’s Order
"ONTARIO GRAPHITE, LTD.",Kearney Mine,"LOT:7, CONCESSION:10, GEOTOWNSHIP:BUTT, KEARNEY, ON ",KEARNEY,Metal Mining and Refining,North Bay Area Office,NICKEL,Approval/Permit Non-Compliance,02/15/2023,02/15/2023,0.2,mg/L,Thrice Weekly,1,0.27,0.27,Additional Monitoring Underway,Director’s Order
"ONTARIO GRAPHITE, LTD.",Kearney Mine,"LOT:7, CONCESSION:10, GEOTOWNSHIP:BUTT, KEARNEY, ON ",KEARNEY,Metal Mining and Refining,North Bay Area Office,"SUSPENDED SOLIDS, TOTAL",Approval/Permit Non-Compliance,02/15/2023,02/15/2023,30,mg/L,Thrice Weekly,1,98,98,Additional Monitoring Underway,Director’s Order
"ONTARIO GRAPHITE, LTD.",Kearney Mine,"LOT:7, CONCESSION:10, GEOTOWNSHIP:BUTT, KEARNEY, ON ",KEARNEY,Metal Mining and Refining,North Bay Area Office,IRON (TOTAL),Approval/Permit Non-Compliance,02/17/2023,02/17/2023,2,mg/L,Thrice weekly,1,12.8,12.8,Additional Monitoring Underway,Director’s Order
"ONTARIO GRAPHITE, LTD.",Kearney Mine,"LOT:7, CONCESSION:10, GEOTOWNSHIP:BUTT, KEARNEY, ON ",KEARNEY,Metal Mining and Refining,North Bay Area Office,IRON (TOTAL),Approval/Permit Non-Compliance,02/20/2023,02/20/2023,2,mg/L,Thrice weekly,1,18.6,18.6,Additional Monitoring Underway,Director’s Order
"ONTARIO GRAPHITE, LTD.",Kearney Mine,"LOT:7, CONCESSION:10, GEOTOWNSHIP:BUTT, KEARNEY, ON ",KEARNEY,Metal Mining and Refining,North Bay Area Office,IRON (TOTAL),Approval/Permit Non-Compliance,02/22/2023,02/22/2023,2,mg/L,Thrice weekly,1,18.8,18.8,Additional Monitoring Underway,Director’s Order
"ONTARIO GRAPHITE, LTD.",Kearney Mine,"LOT:7, CONCESSION:10, GEOTOWNSHIP:BUTT, KEARNEY, ON ",KEARNEY,Metal Mining and Refining,North Bay Area Office,"SUSPENDED SOLIDS, TOTAL",Approval/Permit Non-Compliance,02/22/2023,02/22/2023,30,mg/L,Thrice weekly,1,72,72,Additional Monitoring Underway,Director’s Order
"ONTARIO GRAPHITE, LTD.",Kearney Mine,"LOT:7, CONCESSION:10, GEOTOWNSHIP:BUTT, KEARNEY, ON ",KEARNEY,Metal Mining and Refining,North Bay Area Office,NICKEL,Approval/Permit Non-Compliance,02/24/2023,02/24/2023,0.2,mg/L,Thrice weekly,1,0.23,0.23,Additional Monitoring Underway,Director’s Order
"ONTARIO GRAPHITE, LTD.",Kearney Mine,"LOT:7, CONCESSION:10, GEOTOWNSHIP:BUTT, KEARNEY, ON ",KEARNEY,Metal Mining and Refining,North Bay Area Office,ZINC,Approval/Permit Non-Compliance,02/24/2023,02/24/2023,0.2,mg/L,Thrice weekly,1,0.21,0.21,Additional Monitoring Underway,Director’s Order
"ONTARIO GRAPHITE, LTD.",Kearney Mine,"LOT:7, CONCESSION:10, GEOTOWNSHIP:BUTT, KEARNEY, ON ",KEARNEY,Metal Mining and Refining,North Bay Area Office,IRON (TOTAL),Approval/Permit Non-Compliance,02/24/2023,02/27/2023,2, mg/L,Thrice weekly,2,17.7,23.9,Additional Monitoring Underway,Director’s Order
"ONTARIO GRAPHITE, LTD.",Kearney Mine,"LOT:7, CONCESSION:10, GEOTOWNSHIP:BUTT, KEARNEY, ON ",KEARNEY,Metal Mining and Refining,North Bay Area Office,PH - LOW,Approval/Permit Non-Compliance,02/25/2023,02/25/2023,6,pH,/day,1,5.7,5.7,Additional Monitoring Underway,Director’s Order
"ONTARIO GRAPHITE, LTD.",Kearney Mine,"LOT:7, CONCESSION:10, GEOTOWNSHIP:BUTT, KEARNEY, ON ",KEARNEY,Metal Mining and Refining,North Bay Area Office,PH - LOW,Approval/Permit Non-Compliance,02/26/2023,02/26/2023,6,pH,/day,1,5.2,5.2,Additional Monitoring Underway,Director’s Order
"ONTARIO GRAPHITE, LTD.",Kearney Mine,"LOT:7, CONCESSION:10, GEOTOWNSHIP:BUTT, KEARNEY, ON ",KEARNEY,Metal Mining and Refining,North Bay Area Office,PH - LOW,Approval/Permit Non-Compliance,02/27/2023,02/28/2023,6, pH,/day,2,5.2,5.4,Additional Monitoring Underway,Director’s Order
"ONTARIO GRAPHITE, LTD.",Kearney Mine,"LOT:7, CONCESSION:10, GEOTOWNSHIP:BUTT, KEARNEY, ON ",KEARNEY,Metal Mining and Refining,North Bay Area Office,"SUSPENDED SOLIDS, TOTAL",Approval/Permit Non-Compliance,02/01/2023,02/28/2023,15,mg/L,mon avg,1,75,75,Additional Monitoring Underway,Director’s Order
"ONTARIO GRAPHITE, LTD.",Kearney Mine,"LOT:7, CONCESSION:10, GEOTOWNSHIP:BUTT, KEARNEY, ON ",KEARNEY,Metal Mining and Refining,North Bay Area Office,NICKEL,Approval/Permit Non-Compliance,02/01/2023,02/28/2023,0.1,mg/L,mon avg,1,0.14,0.14,Additional Monitoring Underway,Director’s Order
"ONTARIO GRAPHITE, LTD.",Kearney Mine,"LOT:7, CONCESSION:10, GEOTOWNSHIP:BUTT, KEARNEY, ON ",KEARNEY,Metal Mining and Refining,North Bay Area Office,IRON (TOTAL),Approval/Permit Non-Compliance,02/01/2023,02/28/2023,1,mg/L,mon avg,1,15.5,15.5,Additional Monitoring Underway,Director’s Order
"ONTARIO GRAPHITE, LTD.",Kearney Mine,"LOT:7, CONCESSION:10, GEOTOWNSHIP:BUTT, KEARNEY, ON ",KEARNEY,Metal Mining and Refining,North Bay Area Office,ZINC,Approval/Permit Non-Compliance,02/01/2023,02/28/2023,0.1,mg/L,mon avg,1,0.15,0.15,Additional Monitoring Underway,Director’s Order
"ONTARIO GRAPHITE, LTD.",Kearney Mine,"LOT:7, CONCESSION:10, GEOTOWNSHIP:BUTT, KEARNEY, ON ",KEARNEY,Metal Mining and Refining,North Bay Area Office,"SUSPENDED SOLIDS, TOTAL",Approval/Permit Non-Compliance,03/01/2023,03/01/2023,30,mg/L,Thrice weekly,1,75.5,75.5,Additional Monitoring Underway,Director’s Order
"ONTARIO GRAPHITE, LTD.",Kearney Mine,"LOT:7, CONCESSION:10, GEOTOWNSHIP:BUTT, KEARNEY, ON ",KEARNEY,Metal Mining and Refining,North Bay Area Office,NICKEL,Approval/Permit Non-Compliance,03/01/2023,03/01/2023,0.2,mg/L,Thrice weekly,1,0.26,0.26,Additional Monitoring Underway,Director’s Order
"ONTARIO GRAPHITE, LTD.",Kearney Mine,"LOT:7, CONCESSION:10, GEOTOWNSHIP:BUTT, KEARNEY, ON ",KEARNEY,Metal Mining and Refining,North Bay Area Office,IRON (TOTAL),Approval/Permit Non-Compliance,03/01/2023,03/01/2023,2,mg/L,Thrice weekly,1,24.6,24.6,Additional Monitoring Underway,Director’s Order
"ONTARIO GRAPHITE, LTD.",Kearney Mine,"LOT:7, CONCESSION:10, GEOTOWNSHIP:BUTT, KEARNEY, ON ",KEARNEY,Metal Mining and Refining,North Bay Area Office,ZINC,Approval/Permit Non-Compliance,03/01/2023,03/01/2023,0.2,mg/L,Thrice weekly,1,0.26,0.26,Additional Monitoring Underway,Director’s Order
"ONTARIO GRAPHITE, LTD.",Kearney Mine,"LOT:7, CONCESSION:10, GEOTOWNSHIP:BUTT, KEARNEY, ON ",KEARNEY,Metal Mining and Refining,North Bay Area Office,IRON (TOTAL),Approval/Permit Non-Compliance,03/02/2023,03/30/2023,2, mg/L,/day,5,2.8,10.1,Additional Monitoring Underway,Director’s Order
"ONTARIO GRAPHITE, LTD.",Kearney Mine,"LOT:7, CONCESSION:10, GEOTOWNSHIP:BUTT, KEARNEY, ON ",KEARNEY,Metal Mining and Refining,North Bay Area Office,ZINC,Approval/Permit Non-Compliance,03/03/2023,03/03/2023,0.2,mg/L,Thrice weekly,1,0.29,0.29,Additional Monitoring Underway,Director’s Order
"ONTARIO GRAPHITE, LTD.",Kearney Mine,"LOT:7, CONCESSION:10, GEOTOWNSHIP:BUTT, KEARNEY, ON ",KEARNEY,Metal Mining and Refining,North Bay Area Office,NICKEL,Approval/Permit Non-Compliance,03/03/2023,03/03/2023,0.2,mg/L,Thrice weekly,1,0.26,0.26,Additional Monitoring Underway,Director’s Order
"ONTARIO GRAPHITE, LTD.",Kearney Mine,"LOT:7, CONCESSION:10, GEOTOWNSHIP:BUTT, KEARNEY, ON ",KEARNEY,Metal Mining and Refining,North Bay Area Office,IRON (TOTAL),Approval/Permit Non-Compliance,03/03/2023,03/03/2023,2,mg/L,Thrice weekly,1,17,17,Additional Monitoring Underway,Director’s Order
"ONTARIO GRAPHITE, LTD.",Kearney Mine,"LOT:7, CONCESSION:10, GEOTOWNSHIP:BUTT, KEARNEY, ON ",KEARNEY,Metal Mining and Refining,North Bay Area Office,PH - LOW,Approval/Permit Non-Compliance,03/03/2023,03/04/2023,6, pH,/day,2,5.7,5.7,Additional Monitoring Underway,Director’s Order
"ONTARIO GRAPHITE, LTD.",Kearney Mine,"LOT:7, CONCESSION:10, GEOTOWNSHIP:BUTT, KEARNEY, ON ",KEARNEY,Metal Mining and Refining,North Bay Area Office,IRON (TOTAL),Approval/Permit Non-Compliance,03/06/2023,03/06/2023,2,mg/L,Thrice weekly,1,17,17,Additional Monitoring Underway,Director’s Order
"ONTARIO GRAPHITE, LTD.",Kearney Mine,"LOT:7, CONCESSION:10, GEOTOWNSHIP:BUTT, KEARNEY, ON ",KEARNEY,Metal Mining and Refining,North Bay Area Office,NICKEL,Approval/Permit Non-Compliance,03/06/2023,03/06/2023,0.2,mg/L,Thrice weekly,1,0.22,0.22,Additional Monitoring Underway,Director’s Order
"ONTARIO GRAPHITE, LTD.",Kearney Mine,"LOT:7, CONCESSION:10, GEOTOWNSHIP:BUTT, KEARNEY, ON ",KEARNEY,Metal Mining and Refining,North Bay Area Office,ZINC,Approval/Permit Non-Compliance,03/06/2023,03/06/2023,0.2,mg/L,Thrice weekly,1,0.27,0.27,Additional Monitoring Underway,Director’s Order
"ONTARIO GRAPHITE, LTD.",Kearney Mine,"LOT:7, CONCESSION:10, GEOTOWNSHIP:BUTT, KEARNEY, ON ",KEARNEY,Metal Mining and Refining,North Bay Area Office,Acute Lethality - DAPHNIA MAGNA,Approval/Permit Non-Compliance,03/08/2023,03/08/2023,0,acute toxicity,/mon,1,1,1,Additional Monitoring Underway,Director’s Order
"ONTARIO GRAPHITE, LTD.",Kearney Mine,"LOT:7, CONCESSION:10, GEOTOWNSHIP:BUTT, KEARNEY, ON ",KEARNEY,Metal Mining and Refining,North Bay Area Office,IRON (TOTAL),Approval/Permit Non-Compliance,03/08/2023,03/08/2023,2,mg/L,Thrice weekly,1,26.7,26.7,Additional Monitoring Underway,Director’s Order
"ONTARIO GRAPHITE, LTD.",Kearney Mine,"LOT:7, CONCESSION:10, GEOTOWNSHIP:BUTT, KEARNEY, ON ",KEARNEY,Metal Mining and Refining,North Bay Area Office,ZINC,Approval/Permit Non-Compliance,03/08/2023,03/08/2023,0.2,mg/L,Thrice weekly,1,0.25,0.25,Additional Monitoring Underway,Director’s Order
"ONTARIO GRAPHITE, LTD.",Kearney Mine,"LOT:7, CONCESSION:10, GEOTOWNSHIP:BUTT, KEARNEY, ON ",KEARNEY,Metal Mining and Refining,North Bay Area Office,NICKEL,Approval/Permit Non-Compliance,03/08/2023,03/08/2023,0.2,mg/L,Thrice weekly,1,0.21,0.21,Additional Monitoring Underway,Director’s Order
"ONTARIO GRAPHITE, LTD.",Kearney Mine,"LOT:7, CONCESSION:10, GEOTOWNSHIP:BUTT, KEARNEY, ON ",KEARNEY,Metal Mining and Refining,North Bay Area Office,PH - LOW,Approval/Permit Non-Compliance,03/09/2023,03/09/2023,6,pH,Thrice weekly,1,5.7,5.7,Additional Monitoring Underway,Director’s Order
"ONTARIO GRAPHITE, LTD.",Kearney Mine,"LOT:7, CONCESSION:10, GEOTOWNSHIP:BUTT, KEARNEY, ON ",KEARNEY,Metal Mining and Refining,North Bay Area Office,ZINC,Approval/Permit Non-Compliance,03/10/2023,03/10/2023,0.2,mg/L,Thrice weekly,1,0.37,0.37,Additional Monitoring Underway,Director’s Order
"ONTARIO GRAPHITE, LTD.",Kearney Mine,"LOT:7, CONCESSION:10, GEOTOWNSHIP:BUTT, KEARNEY, ON ",KEARNEY,Metal Mining and Refining,North Bay Area Office,NICKEL,Approval/Permit Non-Compliance,03/10/2023,03/10/2023,0.2,mg/L,Thrice weekly,1,0.24,0.24,Additional Monitoring Underway,Director’s Order
"ONTARIO GRAPHITE, LTD.",Kearney Mine,"LOT:7, CONCESSION:10, GEOTOWNSHIP:BUTT, KEARNEY, ON ",KEARNEY,Metal Mining and Refining,North Bay Area Office,IRON (TOTAL),Approval/Permit Non-Compliance,03/10/2023,03/10/2023,2,mg/L,Thrice weekly,1,27,27,Additional Monitoring Underway,Director’s Order
"ONTARIO GRAPHITE, LTD.",Kearney Mine,"LOT:7, CONCESSION:10, GEOTOWNSHIP:BUTT, KEARNEY, ON ",KEARNEY,Metal Mining and Refining,North Bay Area Office,PH - LOW,Approval/Permit Non-Compliance,03/10/2023,03/12/2023,6, pH,/day,3,5.1,5.4,Additional Monitoring Underway,Director’s Order
"ONTARIO GRAPHITE, LTD.",Kearney Mine,"LOT:7, CONCESSION:10, GEOTOWNSHIP:BUTT, KEARNEY, ON ",KEARNEY,Metal Mining and Refining,North Bay Area Office,PH - LOW,Approval/Permit Non-Compliance,05/01/2023,05/18/2023,6, pH,any,2,4.96,5.6,Additional Monitoring Underway,Director’s Order
KELLER BROS. GREENHOUSES INC.,Keller Bros. Greenhouses,"1890 RD 5 E, RR 2, RUTHVEN, KINGSVILLE, ON N0P 2G0",KINGSVILLE,Miscellaneous Industrial,Windsor Area Office,ZINC,Approval/Permit Non-Compliance,04/22/2023,04/22/2023,0.1,mg/L,4 mon rolling avg,1,0.288,0.288,Other,Other Action Taken
KELLER BROS. GREENHOUSES INC.,Keller Bros. Greenhouses,"1890 RD 5 E, RR 2, RUTHVEN, KINGSVILLE, ON N0P 2G0",KINGSVILLE,Miscellaneous Industrial,Windsor Area Office,ZINC,Approval/Permit Non-Compliance,06/16/2023,06/16/2023,0.1,mg/L,4 mon rolling avg,1,0.273,0.273,Other,Other Action Taken
KELLER BROS. GREENHOUSES INC.,Keller Bros. Greenhouses,"1890 RD 5 E, RR 2, RUTHVEN, KINGSVILLE, ON N0P 2G0",KINGSVILLE,Miscellaneous Industrial,Windsor Area Office,ZINC,Approval/Permit Non-Compliance,07/24/2023,07/24/2023,0.1,mg/L,4 mon rolling avg,1,0.282,0.282,Other,Other Action Taken
KELLER BROS. GREENHOUSES INC.,Keller Bros. Greenhouses,"1890 RD 5 E, RR 2, RUTHVEN, KINGSVILLE, ON N0P 2G0",KINGSVILLE,Miscellaneous Industrial,Windsor Area Office,ZINC,Approval/Permit Non-Compliance,05/20/2023,05/20/2023,0.1,mg/L,4 mon rolling avg,1,0.178,0.178,Action Plan Submitted,Voluntary Compliance Underway
KELLER BROS. GREENHOUSES INC.,Keller Bros. Greenhouses,"1890 RD 5 E, RR 2, RUTHVEN, KINGSVILLE, ON N0P 2G0",KINGSVILLE,Miscellaneous Industrial,Windsor Area Office,ZINC,Approval/Permit Non-Compliance,09/23/2023,09/18/2023,0.1,mg/L,4 mon rolling avg,1,0.282,0.282,Additional Monitoring Underway,Voluntary Compliance Underway
KELLER BROS. GREENHOUSES INC.,Keller Bros. Greenhouses,"1890 RD 5 E, RR 2, RUTHVEN, KINGSVILLE, ON N0P 2G0",KINGSVILLE,Miscellaneous Industrial,Windsor Area Office,PHOSPHORUS; TOTAL,Approval/Permit Non-Compliance,09/23/2023,09/23/2023,0.5,mg/L,4 mon rolling avg,1,1.54,1.54,Additional Monitoring Underway,Voluntary Compliance Underway
KELLER BROS. GREENHOUSES INC.,Keller Bros. Greenhouses,"1890 RD 5 E, RR 2, RUTHVEN, KINGSVILLE, ON N0P 2G0",KINGSVILLE,Miscellaneous Industrial,Windsor Area Office,PHOSPHORUS; TOTAL,Approval/Permit Non-Compliance,08/15/2023,08/15/2023,0.5,mg/L,4 mon rolling avg,1,0.97,0.97,Additional Monitoring Underway,Voluntary Compliance Underway
KELLER BROS. GREENHOUSES INC.,Keller Bros. Greenhouses,"1890 RD 5 E, RR 2, RUTHVEN, KINGSVILLE, ON N0P 2G0",KINGSVILLE,Miscellaneous Industrial,Windsor Area Office,ZINC,Approval/Permit Non-Compliance,08/15/2023,08/15/2023,0.1,mg/L,4 mon rolling avg,1,0.256,0.256,Additional Monitoring Underway,Voluntary Compliance Underway
KELLER BROS. GREENHOUSES INC.,Keller Bros. Greenhouses,"1890 RD 5 E, RR 2, RUTHVEN, KINGSVILLE, ON N0P 2G0",KINGSVILLE,Miscellaneous Industrial,Windsor Area Office,PHOSPHORUS; TOTAL,Approval/Permit Non-Compliance,10/26/2023,10/26/2023,0.5,mg/L,4 mon rolling avg,1,2.077,2.077,Additional Monitoring Underway,Voluntary Compliance Underway
KELLER BROS. GREENHOUSES INC.,Keller Bros. Greenhouses,"1890 RD 5 E, RR 2, RUTHVEN, KINGSVILLE, ON N0P 2G0",KINGSVILLE,Miscellaneous Industrial,Windsor Area Office,ZINC,Approval/Permit Non-Compliance,10/26/2023,10/26/2023,0.1,mg/L,4 mon rolling avg,1,0.131,0.131,Additional Monitoring Underway,Voluntary Compliance Underway
KELLER BROS. GREENHOUSES INC.,Keller Bros. Greenhouses,"1890 RD 5 E, RR 2, RUTHVEN, KINGSVILLE, ON N0P 2G0",KINGSVILLE,Miscellaneous Industrial,Windsor Area Office,PHOSPHORUS; TOTAL,Approval/Permit Non-Compliance,11/21/2023,11/21/2023,0.5,mg/L,4 mon rolling avg,1,2.07,2.07,Additional Monitoring Underway,Voluntary Compliance Underway
KELLER BROS. GREENHOUSES INC.,Keller Bros. Greenhouses,"1890 RD 5 E, RR 2, RUTHVEN, KINGSVILLE, ON N0P 2G0",KINGSVILLE,Miscellaneous Industrial,Windsor Area Office,ZINC,Approval/Permit Non-Compliance,11/21/2023,11/21/2023,0.1,mg/L,4 mon rolling avg,1,0.144,0.144,Additional Monitoring Underway,Voluntary Compliance Underway
WALKER INDUSTRIES HOLDINGS LIMITED,Keppel Quarry,"178763 GREY RD 17, GEORGIAN BLUFFS, ON N4K 5N4",GEORGIAN BLUFFS,Industrial Minerals,Owen Sound District Office,TOTAL AMMONIA NITROGEN,Approval/Permit Non-Compliance,06/01/2023,06/30/2023,2,mg/L,/mon,1,3.07,3.07,Resolved w/o Actions Required,Addressed w/o Intervention
KINCARDINE,Kincardine Waste Management Centre (Ward 2),"437 SIDEROAD 15, KINCARDINE, ON N0G 2T0",KINCARDINE,Miscellaneous Industrial,Owen Sound District Office,"SUSPENDED SOLIDS, TOTAL",Approval/Permit Non-Compliance,01/17/2023,01/24/2023,20,mg/L,/week,1,24,24,Additional Monitoring Underway,Addressed w/o Intervention
KINCARDINE,Kincardine Waste Management Centre (Ward 2),"437 SIDEROAD 15, KINCARDINE, ON N0G 2T0",KINCARDINE,Miscellaneous Industrial,Owen Sound District Office,TOTAL AMMONIA NITROGEN,Approval/Permit Non-Compliance,07/04/2023,07/04/2023,5,mg/L,/day,1,5.6,5.6,Resolved w/o Actions Required,Addressed w/o Intervention
KINCARDINE,Kincardine Waste Management Centre (Ward 2),"437 SIDEROAD 15, KINCARDINE, ON N0G 2T0",KINCARDINE,Miscellaneous Industrial,Owen Sound District Office,TOTAL AMMONIA NITROGEN,Approval/Permit Non-Compliance,11/28/2023,11/28/2023,5,mg/L,/day,1,6.2,6.2,Resolved w/o Actions Required,Event Resolved
KINCARDINE,Kincardine Waste Management Centre (Ward 2),"437 SIDEROAD 15, KINCARDINE, ON N0G 2T0",KINCARDINE,Miscellaneous Industrial,Owen Sound District Office,CARBONACEOUS BIOCHEMICAL OXYGEN DEMAND,Approval/Permit Non-Compliance,11/28/2023,11/28/2023,15,mg/L,/day,1,26,26,Resolved w/o Actions Required,Event Resolved
KIRKLAND LAKE POWER CORP,KIRKLAND LAKE POWER CORPORATION,"505 ARCHER DR, KIRKLAND LAKE, ON P2N 3M7",KIRKLAND LAKE,Electric Power Generation,Timmins District Office,PHOSPHORUS; TOTAL,Approval/Permit Non-Compliance,05/31/2023,05/31/2023,0.5,kg/d,/mon,1,0.957,0.957,Resolved w/o Actions Required,Event Resolved
LAKESHORE VEGGIE GROWERS INC.,Lakeshore Veggie Growers Inc.,"155 SEACLIFF DR W, LEAMINGTON, ON ",Leamington,Miscellaneous Industrial,Windsor Area Office,ZINC,Approval/Permit Non-Compliance,04/01/2023,12/31/2023,0.1,mg/L,rolling avg,8,0.24,0.75,Other,Assessment Underway
AGNICO EAGLE MINES,Macassa Mine/Mill Site,"1354 GOVERNMENT RD W, KIRKLAND LAKE, ON P2N 3J1",KIRKLAND LAKE,Metal Mining and Refining,Timmins District Office,"SUSPENDED SOLIDS, TOTAL",Legislation Non-Compliance,08/01/2023,08/31/2023,15,mg/L,mon avg,1,16.4,16.4,Resolved w/o Actions Required,Addressed w/o Intervention
AGNICO EAGLE MINES,Macassa Mine/Mill Site,"1350 GOVERNMENT RD W, KIRKLAND LAKE, ON P2N 3J1",KIRKLAND LAKE,Metal Mining and Refining,Timmins District Office,"SUSPENDED SOLIDS, TOTAL",Legislation Non-Compliance,08/01/2023,08/31/2023,15,mg/L,mon avg,1,16.4,16.4,Resolved w/o Actions Required,Addressed w/o Intervention
AGNICO EAGLE MINES,Macassa Mine/Mill Site,"1350 GOVERNMENT RD W, KIRKLAND LAKE, ON P2N 3J1",KIRKLAND LAKE,Metal Mining and Refining,Timmins District Office,"SUSPENDED SOLIDS, TOTAL",Approval/Permit Non-Compliance,08/02/2023,08/02/2023,30,mg/L,/day,1,185,185,None Required,Event Resolved
ARGONAUT GOLD,Magino Gold Project Site,"GOUDREAU RD, FINAN, DUBREUILVILLE, ON P0S 1B0",DUBREUILVILLE,Metal Mining and Refining,Sault Ste. Marie Area Office,COBALT,Approval/Permit Non-Compliance,10/01/2023,10/31/2023,0.0015,mg/L,/mon,1,0.002325,0.002325,Operational Process Modified,Assessment Underway
MAGRIS TALC CANADA INC.,Magris Talc - Penhorwood Mine and Mill,"1 PENHORWOOD MINE RD, TIMMINS, ON P9N 7J5",TIMMINS,Metal Mining and Refining,Timmins District Office,ARSENIC,Approval/Permit Non-Compliance,02/01/2023,02/28/2023,0.005,mg/L,/mon,1,0.007,0.007,Operational Process Modified,Penalty Order
MAGRIS TALC CANADA INC.,Magris Talc - Penhorwood Mine and Mill,"1 PENHORWOOD MINE RD, TIMMINS, ON P9N 7J5",TIMMINS,Metal Mining and Refining,Timmins District Office,PHOSPHORUS; TOTAL,Approval/Permit Non-Compliance,02/01/2023,02/28/2023,0.03,mg/L,/mon,1,0.05,0.05,Operational Process Modified,Penalty Order
MAGRIS TALC CANADA INC.,Magris Talc - Penhorwood Mine and Mill,"1 PENHORWOOD MINE RD, TIMMINS, ON P9N 7J5",TIMMINS,Metal Mining and Refining,Timmins District Office,ARSENIC,Approval/Permit Non-Compliance,05/01/2023,05/31/2023,0.005,mg/L,/mon,1,0.008,0.008,Action Plan Submitted,Penalty Order
MAGRIS TALC CANADA INC.,Magris Talc - Penhorwood Mine and Mill,"1 PENHORWOOD MINE RD, TIMMINS, ON P9N 7J5",TIMMINS,Metal Mining and Refining,Timmins District Office,ARSENIC,Approval/Permit Non-Compliance,06/01/2023,06/30/2023,0.005,mg/L,/mon,1,0.0098,0.0098,New/Amended Approval,Penalty Order
MAGRIS TALC CANADA INC.,Magris Talc - Penhorwood Mine and Mill,"1 PENHORWOOD MINE RD, TIMMINS, ON P9N 7J5",TIMMINS,Metal Mining and Refining,Timmins District Office,PHOSPHORUS; TOTAL,Approval/Permit Non-Compliance,06/30/2023,06/30/2023,0.03,mg/L,/week,1,0.037,0.037,Action Plan Submitted,Penalty Order
MAGRIS TALC CANADA INC.,Magris Talc - Penhorwood Mine and Mill,"1 PENHORWOOD MINE RD, TIMMINS, ON P9N 7J5",TIMMINS,Metal Mining and Refining,Timmins District Office,ARSENIC,Approval/Permit Non-Compliance,07/01/2023,07/31/2023,0.005,mg/L,/mon,1,0.01,0.01,Action Plan Submitted,Voluntary Compliance Underway
MAGRIS TALC CANADA INC.,Magris Talc - Penhorwood Mine and Mill,"1 PENHORWOOD MINE RD, TIMMINS, ON P9N 7J5",TIMMINS,Metal Mining and Refining,Timmins District Office,PHOSPHORUS; TOTAL,Approval/Permit Non-Compliance,07/01/2023,07/31/2023,0.03,mg/L,/mon,1,0.05,0.05,Action Plan Submitted,Voluntary Compliance Underway
MAGRIS TALC CANADA INC.,Magris Talc - Penhorwood Mine and Mill,"1 PENHORWOOD MINE RD, TIMMINS, ON P9N 7J5",TIMMINS,Metal Mining and Refining,Timmins District Office,PHOSPHORUS; TOTAL,Legislation Non-Compliance,08/01/2023,08/31/2023,0.03,mg/L,/mon,1,0.06,0.06,Action Plan Submitted,Voluntary Compliance Underway
MAGRIS TALC CANADA INC.,Magris Talc - Penhorwood Mine and Mill,"1 PENHORWOOD MINE RD, TIMMINS, ON P9N 7J5",TIMMINS,Metal Mining and Refining,Timmins District Office,ARSENIC,Legislation Non-Compliance,08/01/2023,08/31/2023,0.005,mg/L,/mon,1,0.01,0.01,Action Plan Submitted,Voluntary Compliance Underway
MAGRIS TALC CANADA INC.,Magris Talc - Penhorwood Mine and Mill,"1 PENHORWOOD MINE RD, TIMMINS, ON P9N 7J5",TIMMINS,Metal Mining and Refining,Timmins District Office,ARSENIC,Approval/Permit Non-Compliance,09/01/2023,09/30/2023,0.005,mg/L,/mon,1,0.009,0.009,Action Plan Submitted,Voluntary Compliance Underway
MAGRIS TALC CANADA INC.,Magris Talc - Penhorwood Mine and Mill,"1 PENHORWOOD MINE RD, TIMMINS, ON P9N 7J5",TIMMINS,Metal Mining and Refining,Timmins District Office,PHOSPHORUS; TOTAL,Approval/Permit Non-Compliance,09/01/2023,09/30/2023,0.03,mg/L,/mon,1,0.06,0.06,Action Plan Submitted,Voluntary Compliance Underway
MAGRIS TALC CANADA INC.,Magris Talc - Penhorwood Mine and Mill,"1 PENHORWOOD MINE RD, TIMMINS, ON P9N 7J5",TIMMINS,Metal Mining and Refining,Timmins District Office,ARSENIC,Approval/Permit Non-Compliance,10/01/2023,10/31/2023,0.005,mg/L,/mon,1,0.00598,0.00598,Action Plan Submitted,Voluntary Compliance Underway
MAGRIS TALC CANADA INC.,Magris Talc - Penhorwood Mine and Mill,"1 PENHORWOOD MINE RD, TIMMINS, ON P9N 7J5",TIMMINS,Metal Mining and Refining,Timmins District Office,PHOSPHORUS; TOTAL,Approval/Permit Non-Compliance,10/01/2023,10/31/2023,0.03,mg/L,/mon,1,0.0462,0.0462,Action Plan Submitted,Voluntary Compliance Underway
MAGRIS TALC CANADA INC.,Magris Talc - Penhorwood Mine and Mill,"1 PENHORWOOD MINE RD, TIMMINS, ON P9N 7J5",TIMMINS,Metal Mining and Refining,Timmins District Office,ARSENIC,Approval/Permit Non-Compliance,12/01/2023,12/31/2023,0.005,mg/L,/mon,1,0.0076,0.0076,Action Plan Submitted,Voluntary Compliance Underway
MAGRIS TALC CANADA INC.,Magris Talc - Penhorwood Mine and Mill,"1 PENHORWOOD MINE RD, TIMMINS, ON P9N 7J5",TIMMINS,Metal Mining and Refining,Timmins District Office,PHOSPHORUS; TOTAL,Approval/Permit Non-Compliance,12/01/2023,12/31/2023,0.03,mg/L,/mon,1,0.063,0.063,Action Plan Submitted,Voluntary Compliance Underway
SUMMIT REIT,Maple Leaf Foods Inc - Puslinch Distribution Centre,"7474 MCLEAN RD, PUSLINCH, ON N1H 6H9",PUSLINCH,Miscellaneous Industrial,Guelph District Office,NITROGEN; TOTAL,Approval/Permit Non-Compliance,09/01/2023,11/30/2023,5,mg/L,mon avg,3,9.4,11.2,Additional Monitoring Underway,Assessment Complete - No Action Required
NEWMONT GOLDCORP,McIntyre Mine Site,"LOT:7,8, CONCESSION:3,4, GEOTOWNSHIP:TISDALE, TIMMINS, ON ",TIMMINS,Metal Mining and Refining,Timmins District Office,"SUSPENDED SOLIDS, TOTAL",Approval/Permit Non-Compliance,04/13/2023,04/13/2023,30,mg/L,/week,1,79,79,Action Plan Submitted,Event Resolved
NEWMONT GOLDCORP,McIntyre Mine Site,"LOT:7,8, CONCESSION:3,4, GEOTOWNSHIP:TISDALE, TIMMINS, ON ",TIMMINS,Metal Mining and Refining,Timmins District Office,"SUSPENDED SOLIDS, TOTAL",Approval/Permit Non-Compliance,04/01/2023,04/30/2023,15,mg/L,/mon,1,20.34,20.34,Equipment Modified - Repaired - Replaced or Re-calibrated,Addressed w/o Intervention
NORTH BAY,Merrick Landfill Site,"LOT:10,11,12, CONCESSION:4,5, GEOTOWNSHIP:MERRICK, NORTH BAY, ON ",NORTH BAY,Miscellaneous Industrial,North Bay Area Office,"SUSPENDED SOLIDS, TOTAL",Approval/Permit Non-Compliance,01/01/2023,01/31/2023,15,mg/L,2 month avg,1,56.7,56.7,Conducting Study,Addressed w/o Intervention
NORTH BAY,Merrick Landfill Site,"LOT:10,11,12, CONCESSION:4,5, GEOTOWNSHIP:MERRICK, NORTH BAY, ON ",NORTH BAY,Miscellaneous Industrial,North Bay Area Office,PHENOL,Approval/Permit Non-Compliance,01/01/2023,01/31/2023,0.008,mg/L,/mon,1,0.009,0.009,Additional Monitoring Underway,Addressed w/o Intervention
NORTH BAY,Merrick Landfill Site,"LOT:10,11,12, CONCESSION:4,5, GEOTOWNSHIP:MERRICK, NORTH BAY, ON ",NORTH BAY,Miscellaneous Industrial,North Bay Area Office,IRON (TOTAL),Approval/Permit Non-Compliance,01/01/2023,01/31/2023,5.5,mg/L,/mon,1,6.85,6.85,Additional Monitoring Underway,Addressed w/o Intervention
NORTH BAY,Merrick Landfill Site,"LOT:10,11,12, CONCESSION:4,5, GEOTOWNSHIP:MERRICK, NORTH BAY, ON ",NORTH BAY,Miscellaneous Industrial,North Bay Area Office,"SUSPENDED SOLIDS, TOTAL",Approval/Permit Non-Compliance,01/01/2023,01/31/2023,15,mg/L,/mon,1,24,24,Additional Monitoring Underway,Addressed w/o Intervention
NORTH BAY,Merrick Landfill Site,"LOT:10,11,12, CONCESSION:4,5, GEOTOWNSHIP:MERRICK, NORTH BAY, ON ",NORTH BAY,Miscellaneous Industrial,North Bay Area Office,PHENOL,Approval/Permit Non-Compliance,01/01/2023,01/23/2023,0.008,mg/L,mon avg,1,0.017,0.017,Conducting Study,Addressed w/o Intervention
NORTH BAY,Merrick Landfill Site,"LOT:10,11,12, CONCESSION:4,5, GEOTOWNSHIP:MERRICK, NORTH BAY, ON ",NORTH BAY,Miscellaneous Industrial,North Bay Area Office,IRON (TOTAL),Approval/Permit Non-Compliance,01/01/2023,01/23/2023,5.5,mg/L,mon avg,1,16.98,16.98,Conducting Study,Addressed w/o Intervention
NORTH BAY,Merrick Landfill Site,"LOT:10,11,12, CONCESSION:4,5, GEOTOWNSHIP:MERRICK, NORTH BAY, ON ",NORTH BAY,Miscellaneous Industrial,North Bay Area Office,"SUSPENDED SOLIDS, TOTAL",Approval/Permit Non-Compliance,02/01/2023,02/28/2023,15,mg/L,/mon,1,25.8,25.8,Additional Monitoring Underway,Addressed w/o Intervention
NORTH BAY,Merrick Landfill Site,"LOT:10,11,12, CONCESSION:4,5, GEOTOWNSHIP:MERRICK, NORTH BAY, ON ",NORTH BAY,Miscellaneous Industrial,North Bay Area Office,IRON (TOTAL),Approval/Permit Non-Compliance,04/01/2023,04/30/2023,2, mg/L,mon avg,1,2.1,60,Additional Monitoring Underway,Addressed w/o Intervention
NORTH BAY,Merrick Landfill Site,"LOT:10,11,12, CONCESSION:4,5, GEOTOWNSHIP:MERRICK, NORTH BAY, ON ",NORTH BAY,Miscellaneous Industrial,North Bay Area Office,IRON (TOTAL),Approval/Permit Non-Compliance,07/01/2023,08/31/2023,5.5, mg/L,2 month avg,2,7.51,8.8,Additional Monitoring Underway,Addressed w/o Intervention
NORTH BAY,Merrick Landfill Site,"LOT:10,11,12, CONCESSION:4,5, GEOTOWNSHIP:MERRICK, NORTH BAY, ON ",NORTH BAY,Miscellaneous Industrial,North Bay Area Office,"SUSPENDED SOLIDS, TOTAL",Approval/Permit Non-Compliance,07/01/2023,08/31/2023,15, mg/L,2 month avg,2,25.2,28,Additional Monitoring Underway,Addressed w/o Intervention
NORTH BAY,Merrick Landfill Site,"LOT:10,11,12, CONCESSION:4,5, GEOTOWNSHIP:MERRICK, NORTH BAY, ON ",NORTH BAY,Miscellaneous Industrial,North Bay Area Office,"SUSPENDED SOLIDS, TOTAL",Approval/Permit Non-Compliance,09/01/2023,09/30/2023,15,mg/L,/mon,1,50,50,Equipment Modified - Repaired - Replaced or Re-calibrated,Addressed w/o Intervention
NORTH BAY,Merrick Landfill Site,"LOT:10,11,12, CONCESSION:4,5, GEOTOWNSHIP:MERRICK, NORTH BAY, ON ",NORTH BAY,Miscellaneous Industrial,North Bay Area Office,"SUSPENDED SOLIDS, TOTAL",Approval/Permit Non-Compliance,10/01/2023,10/31/2023,15,mg/L,/mon,1,148,148,Equipment Modified - Repaired - Replaced or Re-calibrated,Addressed w/o Intervention
NORTH BAY,Merrick Landfill Site,"LOT:10,11,12, CONCESSION:4,5, GEOTOWNSHIP:MERRICK, NORTH BAY, ON ",NORTH BAY,Miscellaneous Industrial,North Bay Area Office,PHOSPHORUS; TOTAL,Approval/Permit Non-Compliance,11/01/2023,11/30/2023,0.5,mg/L,/mon,1,0.55,0.55,Additional Monitoring Underway,Event Resolved
NORTH BAY,Merrick Landfill Site,"LOT:10,11,12, CONCESSION:4,5, GEOTOWNSHIP:MERRICK, NORTH BAY, ON ",NORTH BAY,Miscellaneous Industrial,North Bay Area Office,IRON (TOTAL),Approval/Permit Non-Compliance,11/01/2023,11/30/2023,5.5,mg/L,/mon,1,22.9,22.9,Additional Monitoring Underway,Event Resolved
NORTH BAY,Merrick Landfill Site,"LOT:10,11,12, CONCESSION:4,5, GEOTOWNSHIP:MERRICK, NORTH BAY, ON ",NORTH BAY,Miscellaneous Industrial,North Bay Area Office,PHOSPHORUS; TOTAL,Approval/Permit Non-Compliance,12/01/2023,12/31/2023,0.5,mg/L,/mon,1,0.61,0.61,Equipment Modified - Repaired - Replaced or Re-calibrated,Addressed w/o Intervention
NORTH BAY,Merrick Landfill Site,"LOT:10,11,12, CONCESSION:4,5, GEOTOWNSHIP:MERRICK, NORTH BAY, ON ",NORTH BAY,Miscellaneous Industrial,North Bay Area Office,IRON (TOTAL),Approval/Permit Non-Compliance,12/01/2023,12/31/2023,5.5,mg/L,/mon,1,19.3,19.3,Additional Monitoring Underway,Addressed w/o Intervention
NORTH BAY,Merrick Landfill Site,"LOT:10,11,12, CONCESSION:4,5, GEOTOWNSHIP:MERRICK, NORTH BAY, ON ",NORTH BAY,Miscellaneous Industrial,North Bay Area Office,"SUSPENDED SOLIDS, TOTAL",Approval/Permit Non-Compliance,12/01/2023,12/31/2023,15,mg/L,/mon,1,58.8,58.8,Additional Monitoring Underway,Addressed w/o Intervention
NORTH BAY,Merrick Landfill Site,"LOT:10,11,12, CONCESSION:4,5, GEOTOWNSHIP:MERRICK, NORTH BAY, ON ",NORTH BAY,Miscellaneous Industrial,North Bay Area Office,TOTAL AMMONIA NITROGEN,Approval/Permit Non-Compliance,12/01/2023,12/31/2023,2,mg/L,/mon,1,5.69,5.69,Additional Monitoring Underway,Addressed w/o Intervention
MILO  FOOD & AGRICULTURAL INFRASTRUCTURE & SERVICES INC.,Milo - Food & Agricultural Infrastructure & Services Inc.,"303 MILO RD, WHEATLEY, CHATHAM-KENT, ON N0P 2P0",CHATHAM-KENT,Miscellaneous Industrial,Windsor Area Office,ESCHERICHIA COLI,Approval/Permit Non-Compliance,08/01/2023,12/31/2023,200,CT/100mL,mon avg,3,279,3418,Operational Process Modified,Assessment Underway
CRH CANADA GROUP INC.,Mississauga Cement Plant (Ash Grove),"2391 LAKESHORE RD W, MISSISSAUGA, ON ",MISSISSAUGA,Industrial Minerals,Halton-Peel District Office,"SUSPENDED SOLIDS, TOTAL",Approval/Permit Non-Compliance,02/01/2023,06/30/2023,25,mg/L,/mon,5,27.8,54.2,Other,Other Action Taken
CRH CANADA GROUP INC.,Mississauga Cement Plant (Ash Grove),"2391 LAKESHORE RD W, MISSISSAUGA, ON ",MISSISSAUGA,Industrial Minerals,Halton-Peel District Office,"SUSPENDED SOLIDS, TOTAL",Approval/Permit Non-Compliance,02/28/2023,06/27/2023,50,mg/L,/day,6,65.6,104.2,Other,Other Action Taken
MUCCI FARMS LTD.,Mucci Farms Ltd.,"1876 SEACLIFF DR, KINGSVILLE, ON N9Y 2N1",KINGSVILLE,Miscellaneous Industrial,Windsor Area Office,COPPER,Approval/Permit Non-Compliance,02/06/2023,02/06/2023,0.02,mg/L,4 mon rolling avg,1,0.0401,0.0401,Other,Other Action Taken
NEW GOLD INC.,New Gold Mine,"24 MARR RD, CHAPPLE, ON P0W 1A0",CHAPPLE,Metal Mining and Refining,Kenora Area Office,ZINC,Approval/Permit Non-Compliance,10/20/2023,10/24/2023,0.007,mg/L,/week,1,0.0236,0.0236,Operational Process Modified,Other Action Taken
NEW GOLD INC.,New Gold Mine,"24 MARR RD, CHAPPLE, ON P0W 1A0",CHAPPLE,Metal Mining and Refining,Kenora Area Office,COPPER,Approval/Permit Non-Compliance,10/20/2023,10/24/2023,0.004,mg/L,/week,1,0.00578,0.00578,Operational Process Modified,Other Action Taken
NEWMONT GOLDCORP,Newmont Borden Gold Mine,"LOT:12, CONCESSION:2, GEOTOWNSHIP:BORDEN, CHAPLEAU, ON P0M 1K0",CHAPLEAU,Metal Mining and Refining,Sault Ste. Marie Area Office,"SUSPENDED SOLIDS, TOTAL",Approval/Permit Non-Compliance,10/25/2023,10/25/2023,30,mg/L,/day,1,103,103,Operational Process Modified,Addressed w/o Intervention
NEWMONT GOLDCORP,Newmont Borden Gold Mine,"LOT:12, CONCESSION:2, GEOTOWNSHIP:BORDEN, CHAPLEAU, ON P0M 1K0",CHAPLEAU,Metal Mining and Refining,Sault Ste. Marie Area Office,"SUSPENDED SOLIDS, TOTAL",Approval/Permit Non-Compliance,07/01/2023,07/31/2023,15,mg/L,/mon,1,33.05,33.05,Operational Process Modified,Addressed w/o Intervention
NEWMONT GOLDCORP,Newmont Borden Gold Mine,"LOT:12, CONCESSION:2, GEOTOWNSHIP:BORDEN, CHAPLEAU, ON P0M 1K0",CHAPLEAU,Metal Mining and Refining,Sault Ste. Marie Area Office,"SUSPENDED SOLIDS, TOTAL",Approval/Permit Non-Compliance,07/24/2023,07/24/2023,30,mg/L,/day,1,377,377,Operational Process Modified,Event Resolved
NOVA CHEMICALS CORPORATION,NOVA Chemicals Corporation - Corunna,"785 PETROLIA LINE, ST. CLAIR, ON N0N 1G0",ST. CLAIR,Organic Chemicals Manufacturing,Sarnia District Office,TEMPERATURE,Approval/Permit Non-Compliance,01/10/2023,02/09/2023,10,°C,/day,25,11,15,New/Amended Approval,Assessment Underway
NOVA CHEMICALS CORPORATION,NOVA Chemicals Corporation - Corunna,"785 PETROLIA LINE, ST. CLAIR, ON N0N 1G0",ST. CLAIR,Organic Chemicals Manufacturing,Sarnia District Office,DISSOLVED ORGANIC CARBON,Approval/Permit Non-Compliance,02/01/2023,02/01/2023,436,kg/d,/day,1,458.5,458.5,Other,Assessment Underway
NOVA CHEMICALS CORPORATION,NOVA Chemicals Corporation - Corunna,"785 PETROLIA LINE, ST. CLAIR, ON N0N 1G0",ST. CLAIR,Organic Chemicals Manufacturing,Sarnia District Office,PHENOL,Approval/Permit Non-Compliance,03/27/2023,03/27/2023,0.57,kg/d,/day,1,1.65,1.65,New/Modified Sampling Program,Penalty Order
NOVA CHEMICALS CORPORATION,NOVA Chemicals Corporation - Corunna,"785 PETROLIA LINE, ST. CLAIR, ON N0N 1G0",ST. CLAIR,Organic Chemicals Manufacturing,Sarnia District Office,TEMPERATURE,Approval/Permit Non-Compliance,02/10/2023,03/21/2023,10,°C,/day,36,11,15,Action Plan Submitted,Assessment Underway
NOVA CHEMICALS CORPORATION,NOVA Chemicals Corporation - Corunna,"785 PETROLIA LINE, ST. CLAIR, ON N0N 1G0",ST. CLAIR,Organic Chemicals Manufacturing,Sarnia District Office,TEMPERATURE,Approval/Permit Non-Compliance,03/22/2023,06/07/2023,10,°C,/day,44,11,16,Action Plan Submitted,Assessment Underway
NOVA CHEMICALS CORPORATION,NOVA Chemicals Corporation - St. Clair River Site,"285 ALBERT ST, ST. CLAIR, ON ",ST. CLAIR,Organic Chemicals Manufacturing,Sarnia District Office,"SUSPENDED SOLIDS, TOTAL",Approval/Permit Non-Compliance,04/04/2023,04/04/2023,1300,kg/d,/day,1,1640.5,1640.5,Additional Monitoring Underway,Voluntary Compliance Underway
NOVA CHEMICALS CORPORATION,NOVA Chemicals Corporation - St. Clair River Site,"285 ALBERT ST, ST. CLAIR, ON ",ST. CLAIR,Organic Chemicals Manufacturing,Sarnia District Office,"SUSPENDED SOLIDS, TOTAL",Approval/Permit Non-Compliance,06/01/2023,06/30/2023,570,kg/d,mon avg,1,631.87,631.87,Other,Assessment Underway
NOVA CHEMICALS CORPORATION,NOVA Chemicals Corporation - St. Clair River Site,"285 ALBERT ST, ST. CLAIR, ON ",ST. CLAIR,Organic Chemicals Manufacturing,Sarnia District Office,"SUSPENDED SOLIDS, TOTAL",Approval/Permit Non-Compliance,07/14/2023,07/14/2023,1300,kg/d,/day,1,1454.75,1454.75,Other,Assessment Underway
NOVA CHEMICALS CORPORATION,NOVA Chemicals Corporation - St. Clair River Site,"285 ALBERT ST, ST. CLAIR, ON ",ST. CLAIR,Organic Chemicals Manufacturing,Sarnia District Office,"SUSPENDED SOLIDS, TOTAL",Approval/Permit Non-Compliance,07/01/2023,07/31/2023,570,kg/d,mon avg,1,772.4,772.4,Other,Assessment Underway
HK TRAVEL CENTRES,Onroute Service Centre (Port Hope HWY 401),"LOT:31 AND 32, CONCESSION:2, GEOTOWNSHIP:PORT HOPE, PORT HOPE, ON ",PORT HOPE,Miscellaneous Industrial,Peterborough District Office,"SUSPENDED SOLIDS, TOTAL",Approval/Permit Non-Compliance,01/01/2023,01/31/2023,10,mg/L,mon avg,1,10.5,10.5,Resolved w/o Actions Required,Addressed w/o Intervention
BROIL KING,Onward Manufacturing - 6 Shirley Ave Kitchener,"6 SHIRLEY AVE, KITCHENER, ON N2B 2E7",KITCHENER,Miscellaneous Industrial,Guelph District Office,TETRACHLOROETHYLENE,Approval/Permit Non-Compliance,12/12/2023,12/12/2023,50,µg/L,quarterly,1,88.8,88.8,Equipment Modified - Repaired - Replaced or Re-calibrated,Voluntary Compliance Underway
NEWMONT GOLDCORP,Pamour Mine,"LOT:1,2,6, CONCESSION:5,6, GEOTOWNSHIP:WHITNEY, TIMMINS, ON ",TIMMINS,Metal Mining and Refining,Timmins District Office,CYANIDE;FREE,Approval/Permit Non-Compliance,11/11/2023,11/11/2023,0.01, mg/L,/day,2,0.015,0.015,Resolved w/o Actions Required,Addressed w/o Intervention
NEWMONT GOLDCORP,Pamour Mine,"LOT:1,2,6, CONCESSION:5,6, GEOTOWNSHIP:WHITNEY, TIMMINS, ON ",TIMMINS,Metal Mining and Refining,Timmins District Office,CYANIDE;FREE,Approval/Permit Non-Compliance,11/14/2023,11/14/2023,0.01, mg/L,/day,1,0.013,0.013,Resolved w/o Actions Required,Addressed w/o Intervention
NEWMONT GOLDCORP,Pamour Mine,"LOT:1,2,6, CONCESSION:5,6, GEOTOWNSHIP:WHITNEY, TIMMINS, ON ",TIMMINS,Metal Mining and Refining,Timmins District Office,CYANIDE;FREE,Approval/Permit Non-Compliance,11/01/2023,11/30/2023,0.005,mg/L,mon avg,1,0.007,0.007,Resolved w/o Actions Required,Addressed w/o Intervention
ONTARIO POWER GENERATION INC.,PICKERING NUCLEAR GENERATING STATION,"1675 MONTGOMERY PARK RD, PICKERING, ON ",PICKERING,Electric Power Generation,York Durham District Office,TEMPERATURE,Approval/Permit Non-Compliance,08/07/2023,08/07/2023,37,°C,24 hr avg,1,38.8,38.8,Resolved w/o Actions Required,Event Resolved
ONTARIO POWER GENERATION INC.,PICKERING NUCLEAR GENERATING STATION,"1675 MONTGOMERY PARK RD, PICKERING, ON ",PICKERING,Electric Power Generation,York Durham District Office,TEMPERATURE,Approval/Permit Non-Compliance,09/27/2023,09/27/2023,16,°C,24 hr avg,1,16.99,16.99,Resolved w/o Actions Required,Event Resolved
REINHART FOODS LIMITED,Reinhart Foods Limited,"7449 HIGHWAY 26, CLEARVIEW, ON L0M 1S0",CLEARVIEW,Miscellaneous Industrial,Barrie District Office,TEMPERATURE,Approval/Permit Non-Compliance,11/22/2023,11/22/2023,30,°C,/day,1,32.2,32.2,Operational Process Modified,Voluntary Compliance Underway
RUTHVEN FARMS INC.,Ruthven Farms,"1448 RD 4 E, RUTHVEN, KINGSVILLE, ON N0P 2G0",KINGSVILLE,Miscellaneous Industrial,Windsor Area Office,ZINC,Approval/Permit Non-Compliance,01/27/2023,01/27/2023,0.1,mg/L,4 mon rolling avg,1,0.14,0.14,Other,Other Action Taken
RUTHVEN FARMS INC.,Ruthven Farms,"1448 RD 4 E, RUTHVEN, KINGSVILLE, ON N0P 2G0",KINGSVILLE,Miscellaneous Industrial,Windsor Area Office,ZINC,Approval/Permit Non-Compliance,02/22/2023,02/22/2023,0.1,mg/L,4 mon rolling avg,1,0.1403,0.1403,Other,Other Action Taken
RUTHVEN FARMS INC.,Ruthven Farms,"1448 RD 4 E, RUTHVEN, KINGSVILLE, ON N0P 2G0",KINGSVILLE,Miscellaneous Industrial,Windsor Area Office,ZINC,Approval/Permit Non-Compliance,03/15/2023,03/15/2023,0.1,mg/L,4 mon rolling avg,1,0.1468,0.1468,Other,Other Action Taken
RUTHVEN FARMS INC.,Ruthven Farms,"1448 RD 4 E, RUTHVEN, KINGSVILLE, ON N0P 2G0",KINGSVILLE,Miscellaneous Industrial,Windsor Area Office,ZINC,Approval/Permit Non-Compliance,04/15/2023,04/06/2023,0.1,mg/L,4 mon rolling avg,1,0.1605,0.1605,Other,Other Action Taken
RUTHVEN FARMS INC.,Ruthven Farms,"1448 RD 4 E, RUTHVEN, KINGSVILLE, ON N0P 2G0",KINGSVILLE,Miscellaneous Industrial,Windsor Area Office,PH - LOW,Approval/Permit Non-Compliance,04/15/2023,04/15/2023,6.5,pH,/mon,1,6.15,6.15,Other,Other Action Taken
SEABOARD TRANSPORT GROUP,Seaboard Woodstock Bulk Terminal,"95 BEARDS LANE, WOODSTOCK, ON N4S 7V9",WOODSTOCK,Miscellaneous Industrial,London District Office,PH - HIGH,Approval/Permit Non-Compliance,09/01/2023,09/30/2023,9.5,pH,/mon,1,10.6,10.6,Conducting Study,Voluntary Compliance Underway
SEABOARD TRANSPORT GROUP,Seaboard Woodstock Bulk Terminal,"95 BEARDS LANE, WOODSTOCK, ON N4S 7V9",WOODSTOCK,Miscellaneous Industrial,London District Office,PH - HIGH,Approval/Permit Non-Compliance,10/01/2023,10/31/2023,9.5,pH,/mon,1,10.9,10.9,Additional Monitoring Underway,Voluntary Compliance Underway
SEABOARD TRANSPORT GROUP,Seaboard Woodstock Bulk Terminal,"95 BEARDS LANE, WOODSTOCK, ON N4S 7V9",WOODSTOCK,Miscellaneous Industrial,London District Office,PH - HIGH,Approval/Permit Non-Compliance,11/01/2023,11/30/2023,9.5,pH,/mon,2,9.54,10.3,Additional Monitoring Underway,Assessment Underway
SHELL CANADA PRODUCTS,Shell Canada Products - Lambton Facility,"150 ST. CLAIR PKY, ST. CLAIR, ON N0N 1J0",ST. CLAIR,Petroleum Refining,Sarnia District Office,VOLATILE SUSPENDED SOLIDS,Approval/Permit Non-Compliance,02/16/2023,02/16/2023,340,kg/d,24 hr,1,345,345,Conducting Study,Other Action Taken
SHELL CANADA PRODUCTS,Shell Canada Products - Lambton Facility,"150 ST. CLAIR PKY, ST. CLAIR, ON N0N 1J0",ST. CLAIR,Petroleum Refining,Sarnia District Office,VOLATILE SUSPENDED SOLIDS,Approval/Permit Non-Compliance,04/15/2023,04/16/2023,340,kg/d,/day,2,371.5,390.6,Conducting Study,Assessment Underway
SHELL CANADA PRODUCTS,Shell Canada Products - Lambton Facility,"150 ST. CLAIR PKY, ST. CLAIR, ON N0N 1J0",ST. CLAIR,Petroleum Refining,Sarnia District Office,VOLATILE SUSPENDED SOLIDS,Approval/Permit Non-Compliance,12/22/2023,12/22/2023,340,kg/d,/day,1,416,416,Resolved w/o Actions Required,Addressed w/o Intervention
SILANI SWEET CHEESE LIMITED,Silani Sweet Cheese Limited,"4205 LINE 2, BRADFORD WEST GWILLIMBURY, ON L0G 1T0",BRADFORD WEST GWILLIMBURY,Miscellaneous Industrial,Barrie District Office,PHOSPHORUS; TOTAL,Approval/Permit Non-Compliance,01/01/2023,12/31/2023,0.25,mg/L,annual avg,1,0.41,0.41,Operational Process Modified,Assessment Underway
SILANI SWEET CHEESE LIMITED,Silani Sweet Cheese Limited,"4205 LINE 2, BRADFORD WEST GWILLIMBURY, ON L0G 1T0",BRADFORD WEST GWILLIMBURY,Miscellaneous Industrial,Barrie District Office,PHOSPHORUS; TOTAL,Approval/Permit Non-Compliance,05/01/2023,05/31/2023,0.3,mg/L,mon avg,1,1.08,1.08,Operational Process Modified,Voluntary Compliance Underway
SILANI SWEET CHEESE LIMITED,Silani Sweet Cheese Limited,"4205 LINE 2, BRADFORD WEST GWILLIMBURY, ON L0G 1T0",BRADFORD WEST GWILLIMBURY,Miscellaneous Industrial,Barrie District Office,PHOSPHORUS; TOTAL,Approval/Permit Non-Compliance,06/01/2023,06/30/2023,0.3,mg/L,mon avg,1,0.89,0.89,Operational Process Modified,Voluntary Compliance Underway
SILANI SWEET CHEESE LIMITED,Silani Sweet Cheese Limited,"4205 LINE 2, BRADFORD WEST GWILLIMBURY, ON L0G 1T0",BRADFORD WEST GWILLIMBURY,Miscellaneous Industrial,Barrie District Office,PHOSPHORUS; TOTAL,Approval/Permit Non-Compliance,07/01/2023,07/31/2023,0.3,mg/L,mon avg,1,1.86,1.86,Operational Process Modified,Voluntary Compliance Underway
SILANI SWEET CHEESE LIMITED,Silani Sweet Cheese Limited,"4205 LINE 2, BRADFORD WEST GWILLIMBURY, ON L0G 1T0",BRADFORD WEST GWILLIMBURY,Miscellaneous Industrial,Barrie District Office,PHOSPHORUS; TOTAL,Approval/Permit Non-Compliance,10/01/2023,10/31/2023,0.3,mg/L,mon avg,1,0.39,0.39,Equipment Modified - Repaired - Replaced or Re-calibrated,Addressed w/o Intervention
SILANI SWEET CHEESE LIMITED,Silani Sweet Cheese Limited,"4205 LINE 2, BRADFORD WEST GWILLIMBURY, ON L0G 1T0",BRADFORD WEST GWILLIMBURY,Miscellaneous Industrial,Barrie District Office,PHOSPHORUS; TOTAL,Approval/Permit Non-Compliance,12/01/2023,12/31/2023,0.3,mg/L,mon avg,1,1.355,1.355,Additional Monitoring Underway,Addressed w/o Intervention
PETER KIEWIT SONS,Smoky Falls Generating Station,"LOT:NA, CONCESSION:NA, GEOTOWNSHIP:HARMON",UNORGANIZED,Electric Power Generation,Timmins District Office,PH - HIGH,Approval/Permit Non-Compliance,05/03/2023,05/03/2023,9,pH,/day,1,9.21,9.21,Equipment Modified - Repaired - Replaced or Re-calibrated,Addressed w/o Intervention
"ST. CLAIR POWER, L.P.",St. Clair Energy Centre,"790 PETROLIA LINE, ST. CLAIR, ON N0N 1G0",ST. CLAIR,Electric Power Generation,Sarnia District Office,"SUSPENDED SOLIDS, TOTAL",Legislation Non-Compliance,07/14/2023,07/14/2023,50,mg/L,/day,1,51,51,Other,Voluntary Compliance Underway
"CBM AGGREGATES, A DIVISION OF  ST. MARYS CEMENT INC., CANADA",St. Marys Cement (St. Marys),"585 WATER ST S, ST. MARYS, ON N0M 2G0",ST. MARYS,Industrial Minerals,London District Office,"SUSPENDED SOLIDS, TOTAL",Approval/Permit Non-Compliance,09/01/2023,09/30/2023,25,mg/L,/mon,1,26.16,26.16,New Equipment or Treatment Process Installed,Event Resolved
STELCO INC.,Stelco Lake Erie Works,"2330 REGIONAL RD 3, HALDIMAND COUNTY, ON N0A 1L0",HALDIMAND COUNTY,Iron and Steel,Hamilton District Office,Acute Lethality - DAPHNIA MAGNA,Approval/Permit Non-Compliance,02/15/2023,02/15/2023,0,acute toxicity,any,1,1,1,Conducting Study,Assessment Underway
STELLA-JONES INC.,Stella-Jones Inc. - Stouffville,"1 RAM FOREST RD, WHITCHURCH-STOUFFVILLE, ON L0H 1G0",WHITCHURCH-STOUFFVILLE,Miscellaneous Industrial,York Durham District Office,COPPER,Approval/Permit Non-Compliance,04/21/2023,04/21/2023,53,µg/L,"bimonthly, during discharge",1,630,630,Conducting Study,Voluntary Compliance Underway
STELLA-JONES INC.,Stella-Jones Inc. - Stouffville,"1 RAM FOREST RD, WHITCHURCH-STOUFFVILLE, ON L0H 1G0",WHITCHURCH-STOUFFVILLE,Miscellaneous Industrial,York Durham District Office,COPPER,Approval/Permit Non-Compliance,06/20/2023,06/20/2023,53,µg/L,"bimonthly, during discharge",1,350,350,Conducting Study,Voluntary Compliance Underway
STELLA-JONES INC.,Stella-Jones Inc. - Stouffville,"1 RAM FOREST RD, WHITCHURCH-STOUFFVILLE, ON L0H 1G0",WHITCHURCH-STOUFFVILLE,Miscellaneous Industrial,York Durham District Office,COPPER,Approval/Permit Non-Compliance,08/25/2023,08/25/2023,53,µg/L,"bimonthly, during discharge",1,470,470,Conducting Study,Voluntary Compliance Underway
STELLA-JONES INC.,Stella-Jones Inc. - Stouffville,"1 RAM FOREST RD, WHITCHURCH-STOUFFVILLE, ON L0H 1G0",WHITCHURCH-STOUFFVILLE,Miscellaneous Industrial,York Durham District Office,COPPER,Approval/Permit Non-Compliance,10/06/2023,10/06/2023,53,µg/L,"bimonthly, during discharge",1,620,620,Conducting Study,Voluntary Compliance Underway
STELLA-JONES INC.,Stella-Jones Inc. - Stouffville,"1 RAM FOREST RD, WHITCHURCH-STOUFFVILLE, ON L0H 1G0",WHITCHURCH-STOUFFVILLE,Miscellaneous Industrial,York Durham District Office,COPPER,Approval/Permit Non-Compliance,12/12/2023,12/12/2023,53,µg/L,"bimonthly, during discharge",1,1820,1820,Conducting Study,Voluntary Compliance Underway
STELLA-JONES INC.,Stella-Jones Inc. - Stouffville,"1 RAM FOREST RD, WHITCHURCH-STOUFFVILLE, ON L0H 1G0",WHITCHURCH-STOUFFVILLE,Miscellaneous Industrial,York Durham District Office,COPPER,Approval/Permit Non-Compliance,02/16/2023,02/16/2023,53,µg/L,"bimonthly, during discharge",1,1000,1000,Operational Process Modified,Assessment Underway
STELLA-JONES INC.,Stella-Jones Inc. - Stouffville,"1 RAM FOREST RD, WHITCHURCH-STOUFFVILLE, ON L0H 1G0",WHITCHURCH-STOUFFVILLE,Miscellaneous Industrial,York Durham District Office,COPPER,Approval/Permit Non-Compliance,02/16/2023,02/16/2023,53,µg/L,"bimonthly, during discharge",1,1100,1100,Operational Process Modified,Assessment Underway
ALGOMA TUBES INC.,Tenaris Algoma Tubes,"547 WALLACE TERR, SAULT STE. MARIE, ON P6C 1L9",SAULT STE. MARIE,Iron and Steel,Sault Ste. Marie Area Office,Acute Lethality - DAPHNIA MAGNA,Approval/Permit Non-Compliance,02/27/2023,02/27/2023,0,acute toxicity,any,1,1,1,Conducting Study,Penalty Order
ALGOMA TUBES INC.,Tenaris Algoma Tubes,"547 WALLACE TERR, SAULT STE. MARIE, ON P6C 1L9",SAULT STE. MARIE,Iron and Steel,Sault Ste. Marie Area Office,Acute Lethality - DAPHNIA MAGNA,Approval/Permit Non-Compliance,05/23/2023,05/23/2023,0,acute toxicity,any,1,1,1,Conducting Study,Penalty Order
ALGOMA TUBES INC.,Tenaris Algoma Tubes,"547 WALLACE TERR, SAULT STE. MARIE, ON P6C 1L9",SAULT STE. MARIE,Iron and Steel,Sault Ste. Marie Area Office,Acute Lethality - DAPHNIA MAGNA,Approval/Permit Non-Compliance,07/27/2023,07/27/2023,0,acute toxicity,any,1,1,1,Conducting Study,Penalty Order
ALGOMA TUBES INC.,Tenaris Algoma Tubes,"547 WALLACE TERR, SAULT STE. MARIE, ON P6C 1L9",SAULT STE. MARIE,Iron and Steel,Sault Ste. Marie Area Office,Acute Lethality - DAPHNIA MAGNA,Approval/Permit Non-Compliance,10/17/2023,10/17/2023,0,acute toxicity,any,1,1,1,Conducting Study,Penalty Order
ALGOMA TUBES INC.,Tenaris Algoma Tubes,"547 WALLACE TERR, SAULT STE. MARIE, ON P6C 1L9",SAULT STE. MARIE,Iron and Steel,Sault Ste. Marie Area Office,Acute Lethality - DAPHNIA MAGNA,Approval/Permit Non-Compliance,11/22/2023,11/22/2023,0,acute toxicity,any,1,1,1,Conducting Study,Penalty Order
ALGOMA TUBES INC.,Tenaris Algoma Tubes,"547 WALLACE TERR, SAULT STE. MARIE, ON P6C 1L9",SAULT STE. MARIE,Iron and Steel,Sault Ste. Marie Area Office,Acute Lethality - DAPHNIA MAGNA,Approval/Permit Non-Compliance,12/18/2023,12/18/2023,0,acute toxicity,any,1,1,1,Additional Monitoring Underway,Penalty Order
The Green Organic Dutchman LTD.,The Green Organic Dutchman Ltd.,"1915 JERSEYVILLE RD W, HAMILTON, ON L0R 1R0",HAMILTON,Miscellaneous Industrial,Hamilton District Office,SULPHATE,Approval/Permit Non-Compliance,01/04/2023,01/04/2023,200,mg/L,4 mon rolling avg,1,239.75,239.75,Action Plan Submitted - Implementing Improvements,Assessment Complete - No action required
The Green Organic Dutchman LTD.,The Green Organic Dutchman Ltd.,"1915 JERSEYVILLE RD W, HAMILTON, ON L0R 1R0",HAMILTON,Miscellaneous Industrial,Hamilton District Office,"SUSPENDED SOLIDS, TOTAL",Legislation Non-Compliance,02/28/2023,02/28/2023,60,mg/L,4 mon rolling avg,1,155.9,155.9,Action Plan Submitted - Implementing Improvements,Assessment Complete - No action required
The Green Organic Dutchman LTD.,The Green Organic Dutchman Ltd.,"1915 JERSEYVILLE RD W, HAMILTON, ON L0R 1R0",HAMILTON,Miscellaneous Industrial,Hamilton District Office,SULPHATE,Approval/Permit Non-Compliance,02/28/2023,02/28/2023,200,mg/L,4 mon rolling avg,1,202,202,Action Plan Submitted - Implementing Improvements,Assessment Complete - No action required
The Green Organic Dutchman LTD.,The Green Organic Dutchman Ltd.,"1915 JERSEYVILLE RD W, HAMILTON, ON L0R 1R0",HAMILTON,Miscellaneous Industrial,Hamilton District Office,"SUSPENDED SOLIDS, TOTAL",Approval/Permit Non-Compliance,03/31/2023,03/31/2023,60,mg/L,4 mon rolling avg,1,137.01,137.01,Additional Monitoring Underway,Assessment Complete - No action required
The Green Organic Dutchman LTD.,The Green Organic Dutchman Ltd.,"1915 JERSEYVILLE RD W, HAMILTON, ON L0R 1R0",HAMILTON,Miscellaneous Industrial,Hamilton District Office,"SUSPENDED SOLIDS, TOTAL",Approval/Permit Non-Compliance,04/30/2023,04/30/2023,60,mg/L,4 mon rolling avg,1,137.4,137.4,Additional Monitoring Underway,Assessment Complete - No action required
The Green Organic Dutchman LTD.,The Green Organic Dutchman Ltd.,"1915 JERSEYVILLE RD W, HAMILTON, ON L0R 1R0",HAMILTON,Miscellaneous Industrial,Hamilton District Office,"SUSPENDED SOLIDS, TOTAL",Approval/Permit Non-Compliance,05/31/2023,05/31/2023,60,mg/L,4 mon rolling avg,1,118.1,118.1,Additional Monitoring Underway,Assessment Complete - No action required
TORONTO PORT AUTHORITY,Toronto Port Authority - 8 Unwin Ave,"8 UNWIN AVE, TORONTO, ON M5A 1A1",TORONTO,Miscellaneous Industrial,Toronto District Office,ESCHERICHIA COLI,Approval/Permit Non-Compliance,10/01/2023,10/31/2023,200,CT/100mL,/mon,1,708,708,Operational Process Modified,Event Resolved
TORONTO PORT AUTHORITY,Toronto Port Authority - 8 Unwin Ave,"8 UNWIN AVE, TORONTO, ON M5A 1A1",TORONTO,Miscellaneous Industrial,Toronto District Office,"SUSPENDED SOLIDS, TOTAL",Approval/Permit Non-Compliance,12/01/2023,12/31/2023,25,mg/L,/mon,1,33.7,33.7,Equipment Modified - Repaired - Replaced or Re-calibrated,Addressed w/o Intervention
TORONTO PORT AUTHORITY,Toronto Port Authority - 8 Unwin Ave,"8 UNWIN AVE, TORONTO, ON M5A 1A1",TORONTO,Miscellaneous Industrial,Toronto District Office,TOTAL AMMONIA NITROGEN,Approval/Permit Non-Compliance,12/01/2023,12/31/2023,3,mg/L,/mon,1,9.7,9.7,Equipment Modified - Repaired - Replaced or Re-calibrated,Addressed w/o Intervention
TRANSALTA (SC) L.P.,TransAlta Sarnia Regional Cogeneration Plant (SRCP),"1475 VIDAL ST S, SARNIA, ON N7T 8H1",SARNIA,Electric Power Generation,Sarnia District Office,ZINC,Approval/Permit Non-Compliance,11/14/2023,11/14/2023,1,mg/L,/day,1,1.9,1.9,Operational Process Modified,Event Resolved
VALE CANADA LIMITED,Vale - Copper Cliff Copper Refinery,"487 POWER ST, COPPER CLIFF, GREATER SUDBURY, ON P0M 1N0",GREATER SUDBURY,Metal Mining and Refining,Sudbury District Office,"SUSPENDED SOLIDS, TOTAL",Approval/Permit Non-Compliance,08/01/2023,08/31/2023,15,mg/L,/mon,1,29.4,29.4,Operational Process Modified,Event Resolved
VALE CANADA LIMITED,Vale - Copper Cliff Copper Refinery,"487 POWER ST, COPPER CLIFF, GREATER SUDBURY, ON P0M 1N0",GREATER SUDBURY,Metal Mining and Refining,Sudbury District Office,"SUSPENDED SOLIDS, TOTAL",Approval/Permit Non-Compliance,08/08/2023,08/09/2023,30,mg/L,/day,1,140,140,Operational Process Modified,Event Resolved
VALE CANADA LIMITED,Vale - Copper Cliff Copper Refinery,"487 POWER ST, COPPER CLIFF, GREATER SUDBURY, ON P0M 1N0",GREATER SUDBURY,Metal Mining and Refining,Sudbury District Office,PH - HIGH,Approval/Permit Non-Compliance,12/18/2023,12/18/2023,9.5,pH,/day,1,9.6,9.6,Operational Process Modified,Event Resolved
VERBIO DIESEL CANADA,Verbio Diesel Canada,"1 ST. CLAIR DR, WELLAND, ON ",WELLAND,Organic Chemicals Manufacturing,Niagara District Office,"SUSPENDED SOLIDS, TOTAL",Approval/Permit Non-Compliance,04/01/2023,04/01/2023,25,ppm,/mon,1,45.25,45.25,Additional Monitoring Underway,Assessment Underway
VERBIO DIESEL CANADA,Verbio Diesel Canada,"1 ST. CLAIR DR, WELLAND, ON ",WELLAND,Organic Chemicals Manufacturing,Niagara District Office,"SUSPENDED SOLIDS, TOTAL",Approval/Permit Non-Compliance,02/09/2023,02/09/2023,25,mg/L,/mon,1,1249,1249,Additional Monitoring Underway,Voluntary Compliance Underway
VERBIO DIESEL CANADA,Verbio Diesel Canada,"1 ST. CLAIR DR, WELLAND, ON ",WELLAND,Organic Chemicals Manufacturing,Niagara District Office,OIL AND GREASE,Approval/Permit Non-Compliance,02/09/2023,02/09/2023,15,mg/L,/mon,1,16.2,16.2,Additional Monitoring Underway,Voluntary Compliance Underway
VERTEX ENVIRONMENTAL INC.,"Vertex Environmental Inc. - 40 McBrine Dr, Kitchener","40 MCBRINE DR, KITCHENER, ON N2R 1E7",KITCHENER,Miscellaneous Industrial,Guelph District Office,IRON (TOTAL),Approval/Permit Non-Compliance,04/28/2023,04/28/2023,300,µg/L,/day,1,689,689,Equipment Modified - Repaired - Replaced or Re-calibrated,Assessment Complete - No Action Required
WALKER AGGREGATES INC.,Walker Aggregates Inc. Severn Pines Quarry,"2646 NICHOLS LINE, SEVERN, ON P0E 1N0",SEVERN,Industrial Minerals,Barrie District Office,"SUSPENDED SOLIDS, TOTAL",Approval/Permit Non-Compliance,06/01/2023,06/30/2023,25,mg/L,mon avg,1,29,29,Resolved w/o Actions Required,Addressed w/o Intervention
WALKER AGGREGATES INC.,Walker Aggregates Inc. Severn Pines Quarry,"2646 NICHOLS LINE, SEVERN, ON P0E 1N0",SEVERN,Industrial Minerals,Barrie District Office,UNIONIZED AMMONIA,Approval/Permit Non-Compliance,07/01/2023,07/31/2023,0.02,mg/L,mon avg,1,0.032,0.032,Resolved w/o Actions Required,Addressed w/o Intervention
WASHINGTON MILLS ELECTRO MINERALS CORPORATION,Washington Mills Electro Minerals Corporation,"7780 STANLEY AVE, NIAGARA FALLS, ON L2E 6X8",NIAGARA FALLS,Industrial Minerals,Niagara District Office,OIL AND GREASE,Approval/Permit Non-Compliance,03/27/2023,03/27/2023,1,mg/L,/quarter,1,2,2,Conducting Study,Voluntary Compliance Underway
ALAMOS GOLD INC.,Young-Davidson Mine,"HIGHWAY 556, UNORGANIZED, ON ",UNORGANIZED,Metal Mining and Refining,Timmins District Office,"SUSPENDED SOLIDS, TOTAL",Approval/Permit Non-Compliance,06/14/2023,06/14/2023,30,mg/L,/day,1,52,52,Conducting Study,Event Resolved
ALAMOS GOLD INC.,Young-Davidson Mine,"HIGHWAY 556, UNORGANIZED, ON ",UNORGANIZED,Metal Mining and Refining,Timmins District Office,Acute Lethality - DAPHNIA MAGNA,Approval/Permit Non-Compliance,10/15/2023,10/15/2023,0,acute toxicity,/mon,1,1,1,Additional Monitoring Underway,Provincial Officer’s Order
"ONTARIO GRAPHITE, LTD.",Kearney Mine,"LOT:7, CONCESSION:10, GEOTOWNSHIP:BUTT, KEARNEY, ON ",KEARNEY,Metal Mining and Refining,North Bay Area Office,IRON (TOTAL),Approval/Permit Non-Compliance,03/13/2023,03/13/2023,2,mg/L,Thrice Weekly,1,27,27,Additional Monitoring Underway,Director’s Order
"ONTARIO GRAPHITE, LTD.",Kearney Mine,"LOT:7, CONCESSION:10, GEOTOWNSHIP:BUTT, KEARNEY, ON ",KEARNEY,Metal Mining and Refining,North Bay Area Office,NICKEL,Approval/Permit Non-Compliance,03/13/2023,03/13/2023,0.2,mg/L,Thrice Weekly,1,0.22,0.22,Additional Monitoring Underway,Director’s Order
"ONTARIO GRAPHITE, LTD.",Kearney Mine,"LOT:7, CONCESSION:10, GEOTOWNSHIP:BUTT, KEARNEY, ON ",KEARNEY,Metal Mining and Refining,North Bay Area Office,ZINC,Approval/Permit Non-Compliance,03/13/2023,03/13/2023,0.2,mg/L,Thrice Weekly,1,0.28,0.28,Additional Monitoring Underway,Director’s Order
"ONTARIO GRAPHITE, LTD.",Kearney Mine,"LOT:7, CONCESSION:10, GEOTOWNSHIP:BUTT, KEARNEY, ON ",KEARNEY,Metal Mining and Refining,North Bay Area Office,PH - HIGH,Approval/Permit Non-Compliance,03/14/2023,03/15/2023,9, pH,daily,2,10.1,10.3,Additional Monitoring Underway,Director’s Order
"ONTARIO GRAPHITE, LTD.",Kearney Mine,"LOT:7, CONCESSION:10, GEOTOWNSHIP:BUTT, KEARNEY, ON ",KEARNEY,Metal Mining and Refining,North Bay Area Office,PH - HIGH,Approval/Permit Non-Compliance,03/16/2023,03/19/2023,9, pH,daily,4,9.1,10,Additional Monitoring Underway,Director’s Order
"ONTARIO GRAPHITE, LTD.",Kearney Mine,"LOT:7, CONCESSION:10, GEOTOWNSHIP:BUTT, KEARNEY, ON ",KEARNEY,Metal Mining and Refining,North Bay Area Office,IRON (TOTAL),Approval/Permit Non-Compliance,03/17/2023,03/20/2023,2, mg/L,Thrice weekly,2,11,12,Additional Monitoring Underway,Director’s Order
"ONTARIO GRAPHITE, LTD.",Kearney Mine,"LOT:7, CONCESSION:10, GEOTOWNSHIP:BUTT, KEARNEY, ON ",KEARNEY,Metal Mining and Refining,North Bay Area Office,"SUSPENDED SOLIDS, TOTAL",Approval/Permit Non-Compliance,03/22/2023,03/22/2023,30,mg/L,Thrice weekly,1,38.8,38.8,Additional Monitoring Underway,Director’s Order
"ONTARIO GRAPHITE, LTD.",Kearney Mine,"LOT:7, CONCESSION:10, GEOTOWNSHIP:BUTT, KEARNEY, ON ",KEARNEY,Metal Mining and Refining,North Bay Area Office,IRON (TOTAL),Approval/Permit Non-Compliance,03/22/2023,03/22/2023,2,mg/L,Thrice weekly,1,8.4,8.4,Additional Monitoring Underway,Director’s Order
"ONTARIO GRAPHITE, LTD.",Kearney Mine,"LOT:7, CONCESSION:10, GEOTOWNSHIP:BUTT, KEARNEY, ON ",KEARNEY,Metal Mining and Refining,North Bay Area Office,IRON (TOTAL),Approval/Permit Non-Compliance,03/27/2023,03/27/2023,2,mg/L,Thrice weekly,1,2.2,2.2,Additional Monitoring Underway,Director’s Order
"ONTARIO GRAPHITE, LTD.",Kearney Mine,"LOT:7, CONCESSION:10, GEOTOWNSHIP:BUTT, KEARNEY, ON ",KEARNEY,Metal Mining and Refining,North Bay Area Office,PH - HIGH,Approval/Permit Non-Compliance,03/29/2023,04/01/2023,9, mg/L,daily,4,9.6,10.1,Additional Monitoring Underway,Director’s Order
"ONTARIO GRAPHITE, LTD.",Kearney Mine,"LOT:7, CONCESSION:10, GEOTOWNSHIP:BUTT, KEARNEY, ON ",KEARNEY,Metal Mining and Refining,North Bay Area Office,"SUSPENDED SOLIDS, TOTAL",Approval/Permit Non-Compliance,03/31/2023,03/31/2023,15,mg/L,mon avg,1,59.3,59.3,Additional Monitoring Underway,Director’s Order
"ONTARIO GRAPHITE, LTD.",Kearney Mine,"LOT:7, CONCESSION:10, GEOTOWNSHIP:BUTT, KEARNEY, ON ",KEARNEY,Metal Mining and Refining,North Bay Area Office,IRON (TOTAL),Approval/Permit Non-Compliance,03/31/2023,03/31/2023,1,mg/L,mon avg,1,12.5,12.5,Additional Monitoring Underway,Director’s Order
"ONTARIO GRAPHITE, LTD.",Kearney Mine,"LOT:7, CONCESSION:10, GEOTOWNSHIP:BUTT, KEARNEY, ON ",KEARNEY,Metal Mining and Refining,North Bay Area Office,NICKEL,Approval/Permit Non-Compliance,03/31/2023,03/31/2023,0.1,mg/L,mon avg,1,0.13,0.13,Additional Monitoring Underway,Director’s Order
"ONTARIO GRAPHITE, LTD.",Kearney Mine,"LOT:7, CONCESSION:10, GEOTOWNSHIP:BUTT, KEARNEY, ON ",KEARNEY,Metal Mining and Refining,North Bay Area Office,ZINC,Approval/Permit Non-Compliance,03/31/2023,03/31/2023,0.1,mg/L,mon avg,1,0.16,0.16,Additional Monitoring Underway,Director’s Order
"ONTARIO GRAPHITE, LTD.",Kearney Mine,"LOT:7, CONCESSION:10, GEOTOWNSHIP:BUTT, KEARNEY, ON ",KEARNEY,Metal Mining and Refining,North Bay Area Office,PH - LOW,Approval/Permit Non-Compliance,04/17/2023,04/17/2023,6,pH,daily,1,5.5,5.5,Additional Monitoring Underway,Director’s Order
"ONTARIO GRAPHITE, LTD.",Kearney Mine,"LOT:7, CONCESSION:10, GEOTOWNSHIP:BUTT, KEARNEY, ON ",KEARNEY,Metal Mining and Refining,North Bay Area Office,PH - LOW,Approval/Permit Non-Compliance,04/18/2023,04/21/2023,6, pH,daily,4,5.3,5.9,Additional Monitoring Underway,Director’s Order
"ONTARIO GRAPHITE, LTD.",Kearney Mine,"LOT:7, CONCESSION:10, GEOTOWNSHIP:BUTT, KEARNEY, ON ",KEARNEY,Metal Mining and Refining,North Bay Area Office,PH - HIGH,Approval/Permit Non-Compliance,04/20/2023,04/20/2023,9,pH,daily,1,9.6,9.6,Additional Monitoring Underway,Director’s Order
"ONTARIO GRAPHITE, LTD.",Kearney Mine,"LOT:7, CONCESSION:10, GEOTOWNSHIP:BUTT, KEARNEY, ON ",KEARNEY,Metal Mining and Refining,North Bay Area Office,PH - LOW,Approval/Permit Non-Compliance,04/22/2023,04/22/2023,6,pH,daily,1,5.4,5.4,Additional Monitoring Underway,Director’s Order
"ONTARIO GRAPHITE, LTD.",Kearney Mine,"LOT:7, CONCESSION:10, GEOTOWNSHIP:BUTT, KEARNEY, ON ",KEARNEY,Metal Mining and Refining,North Bay Area Office,PH - LOW,Approval/Permit Non-Compliance,04/23/2023,04/30/2023,6, pH,daily,3,4.9,5.1,Additional Monitoring Underway,Director’s Order
"ONTARIO GRAPHITE, LTD.",Kearney Mine,"LOT:7, CONCESSION:10, GEOTOWNSHIP:BUTT, KEARNEY, ON ",KEARNEY,Metal Mining and Refining,North Bay Area Office,PH - LOW,Approval/Permit Non-Compliance,05/01/2023,05/05/2023,6, pH,daily,4,3.9,5.8,Additional Monitoring Underway,Director’s Order
"ONTARIO GRAPHITE, LTD.",Kearney Mine,"LOT:7, CONCESSION:10, GEOTOWNSHIP:BUTT, KEARNEY, ON ",KEARNEY,Metal Mining and Refining,North Bay Area Office,Acute Lethality - Rainbow Trout,Approval/Permit Non-Compliance,05/03/2023,05/03/2023,0,acute toxicity,mon,1,1,1,Additional Monitoring Underway,Director’s Order
"ONTARIO GRAPHITE, LTD.",Kearney Mine,"LOT:7, CONCESSION:10, GEOTOWNSHIP:BUTT, KEARNEY, ON ",KEARNEY,Metal Mining and Refining,North Bay Area Office,Acute Lethality - DAPHNIA MAGNA,Approval/Permit Non-Compliance,05/03/2023,05/03/2023,0,acute toxicity,mon,1,1,1,Additional Monitoring Underway,Director’s Order
"ONTARIO GRAPHITE, LTD.",Kearney Mine,"LOT:7, CONCESSION:10, GEOTOWNSHIP:BUTT, KEARNEY, ON ",KEARNEY,Metal Mining and Refining,North Bay Area Office,PH - HIGH,Approval/Permit Non-Compliance,05/05/2023,05/06/2023,9, pH,daily,2,9.3,9.4,Additional Monitoring Underway,Director’s Order
"ONTARIO GRAPHITE, LTD.",Kearney Mine,"LOT:7, CONCESSION:10, GEOTOWNSHIP:BUTT, KEARNEY, ON ",KEARNEY,Metal Mining and Refining,North Bay Area Office,Acute Lethality - DAPHNIA MAGNA,Approval/Permit Non-Compliance,05/10/2023,05/10/2023,0,acute toxicity,mon,1,1,1,Additional Monitoring Underway,Director’s Order
"ONTARIO GRAPHITE, LTD.",Kearney Mine,"LOT:7, CONCESSION:10, GEOTOWNSHIP:BUTT, KEARNEY, ON ",KEARNEY,Metal Mining and Refining,North Bay Area Office,Acute Lethality - Rainbow Trout,Approval/Permit Non-Compliance,05/10/2023,05/10/2023,0,acute toxicity,mon,1,1,1,Additional Monitoring Underway,Director’s Order
"ONTARIO GRAPHITE, LTD.",Kearney Mine,"LOT:7, CONCESSION:10, GEOTOWNSHIP:BUTT, KEARNEY, ON ",KEARNEY,Metal Mining and Refining,North Bay Area Office,PH - LOW,Approval/Permit Non-Compliance,05/21/2023,05/22/2023,6, pH,daily,2,5.4,5.9,Additional Monitoring Underway,Director’s Order
"ONTARIO GRAPHITE, LTD.",Kearney Mine,"LOT:7, CONCESSION:10, GEOTOWNSHIP:BUTT, KEARNEY, ON ",KEARNEY,Metal Mining and Refining,North Bay Area Office,PH - LOW,Approval/Permit Non-Compliance,06/01/2023,06/01/2023,6,pH,daily,1,5.9,5.9,Additional Monitoring Underway,Director’s Order
"ONTARIO GRAPHITE, LTD.",Kearney Mine,"LOT:7, CONCESSION:10, GEOTOWNSHIP:BUTT, KEARNEY, ON ",KEARNEY,Metal Mining and Refining,North Bay Area Office,PH - HIGH,Approval/Permit Non-Compliance,06/01/2023,06/03/2023,9, pH,daily,3,9.2,9.8,Additional Monitoring Underway,Director’s Order
"ONTARIO GRAPHITE, LTD.",Kearney Mine,"LOT:7, CONCESSION:10, GEOTOWNSHIP:BUTT, KEARNEY, ON ",KEARNEY,Metal Mining and Refining,North Bay Area Office,Acute Lethality - DAPHNIA MAGNA,Approval/Permit Non-Compliance,06/07/2023,06/07/2023,0,acute toxicity,mon,1,1,1,Additional Monitoring Underway,Director’s Order
"ONTARIO GRAPHITE, LTD.",Kearney Mine,"LOT:7, CONCESSION:10, GEOTOWNSHIP:BUTT, KEARNEY, ON ",KEARNEY,Metal Mining and Refining,North Bay Area Office,PH - HIGH,Approval/Permit Non-Compliance,06/09/2023,06/09/2023,9,pH,daily,1,9,9,Additional Monitoring Underway,Director’s Order
"ONTARIO GRAPHITE, LTD.",Kearney Mine,"LOT:7, CONCESSION:10, GEOTOWNSHIP:BUTT, KEARNEY, ON ",KEARNEY,Metal Mining and Refining,North Bay Area Office,PH - LOW,Approval/Permit Non-Compliance,06/09/2023,06/09/2023,6,pH,daily,1,5.7,5.7,Additional Monitoring Underway,Director’s Order
"ONTARIO GRAPHITE, LTD.",Kearney Mine,"LOT:7, CONCESSION:10, GEOTOWNSHIP:BUTT, KEARNEY, ON ",KEARNEY,Metal Mining and Refining,North Bay Area Office,PH - HIGH,Approval/Permit Non-Compliance,06/10/2023,06/10/2023,9,pH,daily,1,9.3,9.3,Additional Monitoring Underway,Director’s Order
"ONTARIO GRAPHITE, LTD.",Kearney Mine,"LOT:7, CONCESSION:10, GEOTOWNSHIP:BUTT, KEARNEY, ON ",KEARNEY,Metal Mining and Refining,North Bay Area Office,PH - HIGH,Approval/Permit Non-Compliance,06/11/2023,06/11/2023,9,pH,daily,1,9.2,9.2,Additional Monitoring Underway,Director’s Order
"ONTARIO GRAPHITE, LTD.",Kearney Mine,"LOT:7, CONCESSION:10, GEOTOWNSHIP:BUTT, KEARNEY, ON ",KEARNEY,Metal Mining and Refining,North Bay Area Office,PH - HIGH,Approval/Permit Non-Compliance,06/13/2023,06/13/2023,9,pH,daily,1,11,11,Additional Monitoring Underway,Director’s Order
"ONTARIO GRAPHITE, LTD.",Kearney Mine,"LOT:7, CONCESSION:10, GEOTOWNSHIP:BUTT, KEARNEY, ON ",KEARNEY,Metal Mining and Refining,North Bay Area Office,PH - LOW,Approval/Permit Non-Compliance,06/13/2023,06/13/2023,6,pH,daily,1,5.4,5.4,Additional Monitoring Underway,Director’s Order
"ONTARIO GRAPHITE, LTD.",Kearney Mine,"LOT:7, CONCESSION:10, GEOTOWNSHIP:BUTT, KEARNEY, ON ",KEARNEY,Metal Mining and Refining,North Bay Area Office,PH - LOW,Approval/Permit Non-Compliance,06/14/2023,06/14/2023,6,pH,daily,1,5.1,5.1,Additional Monitoring Underway,Director’s Order
"ONTARIO GRAPHITE, LTD.",Kearney Mine,"LOT:7, CONCESSION:10, GEOTOWNSHIP:BUTT, KEARNEY, ON ",KEARNEY,Metal Mining and Refining,North Bay Area Office,PH - HIGH,Approval/Permit Non-Compliance,06/15/2023,06/15/2023,9,pH,daily,1,10.1,10.1,Additional Monitoring Underway,Director’s Order
"ONTARIO GRAPHITE, LTD.",Kearney Mine,"LOT:7, CONCESSION:10, GEOTOWNSHIP:BUTT, KEARNEY, ON ",KEARNEY,Metal Mining and Refining,North Bay Area Office,PH - LOW,Approval/Permit Non-Compliance,06/15/2023,06/15/2023,6,pH,daily,1,4.9,4.9,Additional Monitoring Underway,Director’s Order
"ONTARIO GRAPHITE, LTD.",Kearney Mine,"LOT:7, CONCESSION:10, GEOTOWNSHIP:BUTT, KEARNEY, ON ",KEARNEY,Metal Mining and Refining,North Bay Area Office,PH - HIGH,Approval/Permit Non-Compliance,06/16/2023,06/16/2023,9,pH,daily,1,10.1,10.1,Additional Monitoring Underway,Director’s Order
"ONTARIO GRAPHITE, LTD.",Kearney Mine,"LOT:7, CONCESSION:10, GEOTOWNSHIP:BUTT, KEARNEY, ON ",KEARNEY,Metal Mining and Refining,North Bay Area Office,PH - LOW,Approval/Permit Non-Compliance,06/17/2023,06/17/2023,6,pH,daily,1,5.5,5.5,Additional Monitoring Underway,Director’s Order
"ONTARIO GRAPHITE, LTD.",Kearney Mine,"LOT:7, CONCESSION:10, GEOTOWNSHIP:BUTT, KEARNEY, ON ",KEARNEY,Metal Mining and Refining,North Bay Area Office,PH - LOW,Approval/Permit Non-Compliance,06/19/2023,06/22/2023,6, pH,daily,4,5.7,5.9,Additional Monitoring Underway,Director’s Order
"ONTARIO GRAPHITE, LTD.",Kearney Mine,"LOT:7, CONCESSION:10, GEOTOWNSHIP:BUTT, KEARNEY, ON ",KEARNEY,Metal Mining and Refining,North Bay Area Office,PH - HIGH,Approval/Permit Non-Compliance,06/22/2023,06/22/2023,9,pH,daily,1,9.1,9.1,Additional Monitoring Underway,Director’s Order
"ONTARIO GRAPHITE, LTD.",Kearney Mine,"LOT:7, CONCESSION:10, GEOTOWNSHIP:BUTT, KEARNEY, ON ",KEARNEY,Metal Mining and Refining,North Bay Area Office,PH - LOW,Approval/Permit Non-Compliance,07/02/2023,07/05/2023,6, pH,daily,3,4.9,5.3,Additional Monitoring Underway,Director’s Order
"ONTARIO GRAPHITE, LTD.",Kearney Mine,"LOT:7, CONCESSION:10, GEOTOWNSHIP:BUTT, KEARNEY, ON ",KEARNEY,Metal Mining and Refining,North Bay Area Office,PH - HIGH,Approval/Permit Non-Compliance,07/06/2023,07/08/2023,9, pH,daily,3,9.3,9.7,Additional Monitoring Underway,Director’s Order
"ONTARIO GRAPHITE, LTD.",Kearney Mine,"LOT:7, CONCESSION:10, GEOTOWNSHIP:BUTT, KEARNEY, ON ",KEARNEY,Metal Mining and Refining,North Bay Area Office,Acute Lethality - DAPHNIA MAGNA,Approval/Permit Non-Compliance,07/10/2023,07/10/2023,0,acute toxicity,mon,1,1,1,Additional Monitoring Underway,Director’s Order
"ONTARIO GRAPHITE, LTD.",Kearney Mine,"LOT:7, CONCESSION:10, GEOTOWNSHIP:BUTT, KEARNEY, ON ",KEARNEY,Metal Mining and Refining,North Bay Area Office,PH - HIGH,Approval/Permit Non-Compliance,07/16/2023,07/16/2023,9,pH,daily,1,9.1,9.1,Additional Monitoring Underway,Director’s Order
"ONTARIO GRAPHITE, LTD.",Kearney Mine,"LOT:7, CONCESSION:10, GEOTOWNSHIP:BUTT, KEARNEY, ON ",KEARNEY,Metal Mining and Refining,North Bay Area Office,PH - LOW,Approval/Permit Non-Compliance,07/22/2023,07/23/2023,6, pH,daily,2,4.4,4.7,Additional Monitoring Underway,Director’s Order
"ONTARIO GRAPHITE, LTD.",Kearney Mine,"LOT:7, CONCESSION:10, GEOTOWNSHIP:BUTT, KEARNEY, ON ",KEARNEY,Metal Mining and Refining,North Bay Area Office,PH - LOW,Approval/Permit Non-Compliance,08/08/2023,08/11/2023,6, pH,daily,3,5.2,6,Additional Monitoring Underway,Director’s Order
"ONTARIO GRAPHITE, LTD.",Kearney Mine,"LOT:7, CONCESSION:10, GEOTOWNSHIP:BUTT, KEARNEY, ON ",KEARNEY,Metal Mining and Refining,North Bay Area Office,PH - HIGH,Approval/Permit Non-Compliance,08/12/2023,08/13/2023,9, pH,daily,2,9.2,9.9,Additional Monitoring Underway,Director’s Order
"ONTARIO GRAPHITE, LTD.",Kearney Mine,"LOT:7, CONCESSION:10, GEOTOWNSHIP:BUTT, KEARNEY, ON ",KEARNEY,Metal Mining and Refining,North Bay Area Office,PH - HIGH,Approval/Permit Non-Compliance,08/14/2023,08/19/2023,9, pH,daily,3,9,9.8,Additional Monitoring Underway,Director’s Order
"ONTARIO GRAPHITE, LTD.",Kearney Mine,"LOT:7, CONCESSION:10, GEOTOWNSHIP:BUTT, KEARNEY, ON ",KEARNEY,Metal Mining and Refining,North Bay Area Office,PH - LOW,Approval/Permit Non-Compliance,08/17/2023,08/18/2023,6, pH,daily,2,5.4,5.8,Additional Monitoring Underway,Director’s Order
"ONTARIO GRAPHITE, LTD.",Kearney Mine,"LOT:7, CONCESSION:10, GEOTOWNSHIP:BUTT, KEARNEY, ON ",KEARNEY,Metal Mining and Refining,North Bay Area Office,PH - HIGH,Approval/Permit Non-Compliance,08/20/2023,08/20/2023,9,pH,daily,1,9.1,9.1,Additional Monitoring Underway,Director’s Order
"ONTARIO GRAPHITE, LTD.",Kearney Mine,"LOT:7, CONCESSION:10, GEOTOWNSHIP:BUTT, KEARNEY, ON ",KEARNEY,Metal Mining and Refining,North Bay Area Office,PH - LOW,Approval/Permit Non-Compliance,08/21/2023,08/26/2023,6, pH,daily,3,5,5.8,Additional Monitoring Underway,Director’s Order
"ONTARIO GRAPHITE, LTD.",Kearney Mine,"LOT:7, CONCESSION:10, GEOTOWNSHIP:BUTT, KEARNEY, ON ",KEARNEY,Metal Mining and Refining,North Bay Area Office,PH - HIGH,Approval/Permit Non-Compliance,08/28/2023,08/30/2023,9, pH,daily,3,9,9.9,Additional Monitoring Underway,Director’s Order
"ONTARIO GRAPHITE, LTD.",Kearney Mine,"LOT:7, CONCESSION:10, GEOTOWNSHIP:BUTT, KEARNEY, ON ",KEARNEY,Metal Mining and Refining,North Bay Area Office,PH - LOW,Approval/Permit Non-Compliance,09/03/2023,09/06/2023,6, pH,daily,4,4.9,6,Additional Monitoring Underway,Director’s Order
"ONTARIO GRAPHITE, LTD.",Kearney Mine,"LOT:7, CONCESSION:10, GEOTOWNSHIP:BUTT, KEARNEY, ON ",KEARNEY,Metal Mining and Refining,North Bay Area Office,PH - HIGH,Approval/Permit Non-Compliance,09/13/2023,09/15/2023,9, pH,daily,3,9.6,10.3,Additional Monitoring Underway,Director’s Order
"ONTARIO GRAPHITE, LTD.",Kearney Mine,"LOT:7, CONCESSION:10, GEOTOWNSHIP:BUTT, KEARNEY, ON ",KEARNEY,Metal Mining and Refining,North Bay Area Office,Acute Lethality - DAPHNIA MAGNA,Approval/Permit Non-Compliance,09/13/2023,09/13/2023,0,acute toxicity,mon,1,1,1,Additional Monitoring Underway,Director’s Order
"ONTARIO GRAPHITE, LTD.",Kearney Mine,"LOT:7, CONCESSION:10, GEOTOWNSHIP:BUTT, KEARNEY, ON ",KEARNEY,Metal Mining and Refining,North Bay Area Office,PH - LOW,Approval/Permit Non-Compliance,09/18/2023,09/18/2023,6,pH,daily,1,5.9,5.9,Additional Monitoring Underway,Director’s Order
"ONTARIO GRAPHITE, LTD.",Kearney Mine,"LOT:7, CONCESSION:10, GEOTOWNSHIP:BUTT, KEARNEY, ON ",KEARNEY,Metal Mining and Refining,North Bay Area Office,Acute Lethality - DAPHNIA MAGNA,Approval/Permit Non-Compliance,10/04/2023,10/04/2023,0,acute toxicity,mon,1,1,1,Additional Monitoring Underway,Director’s Order
"ONTARIO GRAPHITE, LTD.",Kearney Mine,"LOT:7, CONCESSION:10, GEOTOWNSHIP:BUTT, KEARNEY, ON ",KEARNEY,Metal Mining and Refining,North Bay Area Office,Acute Lethality - Rainbow Trout,Approval/Permit Non-Compliance,10/04/2023,10/04/2023,0,acute toxicity,mon,1,1,1,Additional Monitoring Underway,Director’s Order
"ONTARIO GRAPHITE, LTD.",Kearney Mine,"LOT:7, CONCESSION:10, GEOTOWNSHIP:BUTT, KEARNEY, ON ",KEARNEY,Metal Mining and Refining,North Bay Area Office,PH - HIGH,Approval/Permit Non-Compliance,10/11/2023,10/13/2023,9, pH,daily,3,9.8,11.1,Additional Monitoring Underway,Director’s Order
"ONTARIO GRAPHITE, LTD.",Kearney Mine,"LOT:7, CONCESSION:10, GEOTOWNSHIP:BUTT, KEARNEY, ON ",KEARNEY,Metal Mining and Refining,North Bay Area Office,PH - LOW,Approval/Permit Non-Compliance,10/18/2023,10/19/2023,6, pH,daily,2,5.5,5.5,Additional Monitoring Underway,Director’s Order
"ONTARIO GRAPHITE, LTD.",Kearney Mine,"LOT:7, CONCESSION:10, GEOTOWNSHIP:BUTT, KEARNEY, ON ",KEARNEY,Metal Mining and Refining,North Bay Area Office,PH - HIGH,Approval/Permit Non-Compliance,10/27/2023,10/28/2023,9, pH,daily,2,9.7,9.9,Additional Monitoring Underway,Director’s Order
"ONTARIO GRAPHITE, LTD.",Kearney Mine,"LOT:7, CONCESSION:10, GEOTOWNSHIP:BUTT, KEARNEY, ON ",KEARNEY,Metal Mining and Refining,North Bay Area Office,PH - LOW,Approval/Permit Non-Compliance,10/28/2023,10/28/2023,6,pH,daily,1,5.2,5.2,Additional Monitoring Underway,Director’s Order
"ONTARIO GRAPHITE, LTD.",Kearney Mine,"LOT:7, CONCESSION:10, GEOTOWNSHIP:BUTT, KEARNEY, ON ",KEARNEY,Metal Mining and Refining,North Bay Area Office,PH - LOW,Approval/Permit Non-Compliance,10/29/2023,11/04/2023,6, pH,daily,4,4.5,5.6,Additional Monitoring Underway,Director’s Order
"ONTARIO GRAPHITE, LTD.",Kearney Mine,"LOT:7, CONCESSION:10, GEOTOWNSHIP:BUTT, KEARNEY, ON ",KEARNEY,Metal Mining and Refining,North Bay Area Office,PH - HIGH,Approval/Permit Non-Compliance,10/29/2023,11/03/2023,9, pH,daily,4,9.6,10.3,Additional Monitoring Underway,Director’s Order
"ONTARIO GRAPHITE, LTD.",Kearney Mine,"LOT:7, CONCESSION:10, GEOTOWNSHIP:BUTT, KEARNEY, ON ",KEARNEY,Metal Mining and Refining,North Bay Area Office,Acute Lethality - Rainbow Trout,Approval/Permit Non-Compliance,11/01/2023,11/01/2023,0,acute toxicity,mon,1,1,1,Additional Monitoring Underway,Director’s Order
"ONTARIO GRAPHITE, LTD.",Kearney Mine,"LOT:7, CONCESSION:10, GEOTOWNSHIP:BUTT, KEARNEY, ON ",KEARNEY,Metal Mining and Refining,North Bay Area Office,Acute Lethality - DAPHNIA MAGNA,Approval/Permit Non-Compliance,11/01/2023,11/01/2023,0,acute toxicity,mon,1,1,1,Additional Monitoring Underway,Director’s Order
"ONTARIO GRAPHITE, LTD.",Kearney Mine,"LOT:7, CONCESSION:10, GEOTOWNSHIP:BUTT, KEARNEY, ON ",KEARNEY,Metal Mining and Refining,North Bay Area Office,PH - LOW,Approval/Permit Non-Compliance,11/05/2023,11/11/2023,6, pH,daily,5,5,5.6,Additional Monitoring Underway,Director’s Order
"ONTARIO GRAPHITE, LTD.",Kearney Mine,"LOT:7, CONCESSION:10, GEOTOWNSHIP:BUTT, KEARNEY, ON ",KEARNEY,Metal Mining and Refining,North Bay Area Office,PH - HIGH,Approval/Permit Non-Compliance,11/06/2023,11/09/2023,9, pH,daily,4,9.6,10.7,Additional Monitoring Underway,Director’s Order
"ONTARIO GRAPHITE, LTD.",Kearney Mine,"LOT:7, CONCESSION:10, GEOTOWNSHIP:BUTT, KEARNEY, ON ",KEARNEY,Metal Mining and Refining,North Bay Area Office,PH - LOW,Approval/Permit Non-Compliance,11/12/2023,11/12/2023,6,pH,daily,1,5.6,5.6,Additional Monitoring Underway,Director’s Order
"ONTARIO GRAPHITE, LTD.",Kearney Mine,"LOT:7, CONCESSION:10, GEOTOWNSHIP:BUTT, KEARNEY, ON ",KEARNEY,Metal Mining and Refining,North Bay Area Office,PH - HIGH,Approval/Permit Non-Compliance,11/14/2023,11/16/2023,9, pH,daily,3,9.5,9.8,Additional Monitoring Underway,Director’s Order
"ONTARIO GRAPHITE, LTD.",Kearney Mine,"LOT:7, CONCESSION:10, GEOTOWNSHIP:BUTT, KEARNEY, ON ",KEARNEY,Metal Mining and Refining,North Bay Area Office,PH - LOW,Approval/Permit Non-Compliance,11/21/2023,11/22/2023,6, pH,daily,2,5.6,5.7,Additional Monitoring Underway,Director’s Order
"ONTARIO GRAPHITE, LTD.",Kearney Mine,"LOT:7, CONCESSION:10, GEOTOWNSHIP:BUTT, KEARNEY, ON ",KEARNEY,Metal Mining and Refining,North Bay Area Office,PH - HIGH,Approval/Permit Non-Compliance,11/23/2023,11/25/2023,9, pH,daily,3,9.4,11.1,Additional Monitoring Underway,Director’s Order
"ONTARIO GRAPHITE, LTD.",Kearney Mine,"LOT:7, CONCESSION:10, GEOTOWNSHIP:BUTT, KEARNEY, ON ",KEARNEY,Metal Mining and Refining,North Bay Area Office,PH - HIGH,Approval/Permit Non-Compliance,11/26/2023,12/02/2023,9, pH,daily,6,9.6,12.1,Additional Monitoring Underway,Director’s Order
"ONTARIO GRAPHITE, LTD.",Kearney Mine,"LOT:7, CONCESSION:10, GEOTOWNSHIP:BUTT, KEARNEY, ON ",KEARNEY,Metal Mining and Refining,North Bay Area Office,PH - HIGH,Approval/Permit Non-Compliance,12/03/2023,12/09/2023,9, pH,daily,7,9.7,12.1,Additional Monitoring Underway,Director’s Order
"ONTARIO GRAPHITE, LTD.",Kearney Mine,"LOT:7, CONCESSION:10, GEOTOWNSHIP:BUTT, KEARNEY, ON ",KEARNEY,Metal Mining and Refining,North Bay Area Office,PH - LOW,Approval/Permit Non-Compliance,12/09/2023,12/09/2023,6,pH,daily,1,4.8,4.8,Additional Monitoring Underway,Director’s Order
"ONTARIO GRAPHITE, LTD.",Kearney Mine,"LOT:7, CONCESSION:10, GEOTOWNSHIP:BUTT, KEARNEY, ON ",KEARNEY,Metal Mining and Refining,North Bay Area Office,PH - LOW,Approval/Permit Non-Compliance,12/10/2023,12/12/2023,6, pH,daily,2,5.2,5.9,Additional Monitoring Underway,Director’s Order
"ONTARIO GRAPHITE, LTD.",Kearney Mine,"LOT:7, CONCESSION:10, GEOTOWNSHIP:BUTT, KEARNEY, ON ",KEARNEY,Metal Mining and Refining,North Bay Area Office,PH - HIGH,Approval/Permit Non-Compliance,12/14/2023,12/16/2023,9, pH,daily,3,9.3,9.9,Additional Monitoring Underway,Director’s Order
"ONTARIO GRAPHITE, LTD.",Kearney Mine,"LOT:7, CONCESSION:10, GEOTOWNSHIP:BUTT, KEARNEY, ON ",KEARNEY,Metal Mining and Refining,North Bay Area Office,PH - LOW,Approval/Permit Non-Compliance,12/17/2023,12/22/2023,6, pH,daily,5,5.2,5.8,Additional Monitoring Underway,Director’s Order
"ONTARIO GRAPHITE, LTD.",Kearney Mine,"LOT:7, CONCESSION:10, GEOTOWNSHIP:BUTT, KEARNEY, ON ",KEARNEY,Metal Mining and Refining,North Bay Area Office,PH - HIGH,Approval/Permit Non-Compliance,12/23/2023,12/24/2023,9, pH,daily,2,11.3,11.4,Additional Monitoring Underway,Director’s Order
"ONTARIO GRAPHITE, LTD.",Kearney Mine,"LOT:7, CONCESSION:10, GEOTOWNSHIP:BUTT, KEARNEY, ON ",KEARNEY,Metal Mining and Refining,North Bay Area Office,PH - HIGH,Approval/Permit Non-Compliance,12/25/2023,12/29/2023,9, pH,daily,4,9.4,10,Additional Monitoring Underway,Director’s Order
"ONTARIO GRAPHITE, LTD.",Kearney Mine,"LOT:7, CONCESSION:10, GEOTOWNSHIP:BUTT, KEARNEY, ON ",KEARNEY,Metal Mining and Refining,North Bay Area Office,PH - LOW,Approval/Permit Non-Compliance,12/26/2023,12/30/2023,6, pH,daily,3,5.2,5.8,Additional Monitoring Underway,Director’s Order
"Ces données sont fournies à titre d’information seulement. Les installations responsables des rejets ont fourni la plupart des données de ce sommaire. Ces installations sont responsables de l’exactitude des données fournies. Certaines données sont aussi dérivées des données du ministère sur les rejets. Les mesures prises par les installations et par le ministère étaient à jour en Septembre 2024. Pour obtenir des données actualisées, veuillez contacter le bureau de district ou de secteur concerné",,,,,,,,,,,,,,,,,
