Propriétaire de l’installation,Nom du site,Adresse du site,Municipalité du site,Secteur,District,Contaminant,Type de dépassement,Date du début du dépassement,Date de la fin du dépassement,Limite du contaminant,Unité du contaminant,Fréquence de la limite,Nombre de dépassements,Minimum de la quantité,Maximum de la quantité,Mesure prise par l’installation,Mesure prise par le ministère
THE CORPORATION OF THE TOWNSHIP OF ALFRED AND PLANTAGENET,Wendover Water Pollution Control Plant,"7200 COUNTY RD 17, WENDOVER, ALFRED AND PLANTAGENET, ON K0A 3K0",ALFRED AND PLANTAGENET,Municipal Sewage,Cornwall Area Office,PHOSPHORUS; TOTAL,Approval/Permit Non-Compliance,2024-07-01,2024-07-31,0.7,mg/L,/mon,1,0.8,0.8,Operational Process Modified,Voluntary Compliance Underway
THE CORPORATION OF THE TOWNSHIP OF ALFRED AND PLANTAGENET,Wendover Water Pollution Control Plant,"7200 COUNTY RD 17, WENDOVER, ALFRED AND PLANTAGENET, ON K0A 3K0",ALFRED AND PLANTAGENET,Municipal Sewage,Cornwall Area Office,ESCHERICHIA COLI,Approval/Permit Non-Compliance,2024-08-01,2024-08-31,200,CT/100ml,mon avg on a geo. mean density,1,4421.5,4421.5,Operational Process Modified,Event Resolved
THE CORPORATION OF THE TOWNSHIP OF ALFRED AND PLANTAGENET,Wendover Water Pollution Control Plant,"7200 COUNTY RD 17, WENDOVER, ALFRED AND PLANTAGENET, ON K0A 3K0",ALFRED AND PLANTAGENET,Municipal Sewage,Cornwall Area Office,"SUSPENDED SOLIDS, TOTAL",Approval/Permit Non-Compliance,2024-08-01,2024-08-31,25,mg/L,/mon,1,27.3,27.3,Operational Process Modified,Event Resolved
THE CORPORATION OF THE TOWNSHIP OF ALFRED AND PLANTAGENET,Wendover Water Pollution Control Plant,"7200 COUNTY RD 17, WENDOVER, ALFRED AND PLANTAGENET, ON K0A 3K0",ALFRED AND PLANTAGENET,Municipal Sewage,Cornwall Area Office,PHOSPHORUS; TOTAL,Approval/Permit Non-Compliance,2024-08-01,2024-08-31,0.7,mg/L,/mon,1,0.8,0.8,Operational Process Modified,Event Resolved
THE CORPORATION OF THE TOWNSHIP OF ALFRED AND PLANTAGENET,Wendover Water Pollution Control Plant,"7200 COUNTY RD 17, WENDOVER, ALFRED AND PLANTAGENET, ON K0A 3K0",ALFRED AND PLANTAGENET,Municipal Sewage,Cornwall Area Office,ESCHERICHIA COLI,Approval/Permit Non-Compliance,2024-09-01,2024-11-30,200,CT/100ml,mon avg on a geo. mean density,3,374.7,3176.3,Equipment Modified/Repaired,Event Resolved
THE CORPORATION OF THE TOWNSHIP OF ALFRED AND PLANTAGENET,Plantagenet Lagoon,"LOT:6, CONCESSION:5, GEOTOWNSHIP:PLANTAGENET, ALFRED AND PLANTAGENET, ON",ALFRED AND PLANTAGENET,Municipal Sewage,Cornwall Area Office,PHOSPHORUS; TOTAL,Approval/Permit Non-Compliance,2024-05-02,2024-05-31,1,mg/L,/season,1,1.4,1.4,Conducting Study,Assessment Underway
THE CORPORATION OF THE TOWNSHIP OF ALFRED AND PLANTAGENET,Plantagenet Lagoon,"LOT:6, CONCESSION:5, GEOTOWNSHIP:PLANTAGENET, ALFRED AND PLANTAGENET, ON",ALFRED AND PLANTAGENET,Municipal Sewage,Cornwall Area Office,"SUSPENDED SOLIDS, TOTAL",Approval/Permit Non-Compliance,2024-05-02,2024-05-31,25,mg/L,/season,1,59.8,59.8,Conducting Study,Assessment Underway
THE CORPORATION OF THE TOWNSHIP OF ALFRED AND PLANTAGENET,Plantagenet Lagoon,"LOT:6, CONCESSION:5, GEOTOWNSHIP:PLANTAGENET, ALFRED AND PLANTAGENET, ON",ALFRED AND PLANTAGENET,Municipal Sewage,Cornwall Area Office,"SUSPENDED SOLIDS, TOTAL",Approval/Permit Non-Compliance,2024-11-18,2024-12-10,25,mg/L,/season,1,43.8,43.8,Equipment Modified/Repaired,Voluntary Compliance Underway
TOWNSHIP OF ARMSTRONG,Earlton Wastewater Collection And Treatment System,"LOT:6, CONCESSION:3, GEOTOWNSHIP:ARMSTRONG, ARMSTRONG, ON",ARMSTRONG,Municipal Sewage,Timmins District Office,HYDROGEN SULPHIDE,Approval/Permit Non-Compliance,2024-04-18,2024-04-18,0.02,mg/L,any,1,0.04,0.04,Resolved w/o Actions Required,Event Resolved
TOWNSHIP OF ARMSTRONG,Earlton Wastewater Collection And Treatment System,"LOT:6, CONCESSION:3, GEOTOWNSHIP:ARMSTRONG, ARMSTRONG, ON",ARMSTRONG,Municipal Sewage,Timmins District Office,HYDROGEN SULPHIDE,Approval/Permit Non-Compliance,2024-05-07,2024-05-07,0.02,mg/L,any,1,0.03,0.03,Resolved w/o Actions Required,Voluntary Compliance Underway
TOWNSHIP OF ARMSTRONG,Earlton Wastewater Collection And Treatment System,"LOT:6, CONCESSION:3, GEOTOWNSHIP:ARMSTRONG, ARMSTRONG, ON",ARMSTRONG,Municipal Sewage,Timmins District Office,HYDROGEN SULPHIDE,Approval/Permit Non-Compliance,2024-05-07,2024-05-07,0.02,mg/L,any,1,0.03,0.03,Resolved w/o Actions Required,Voluntary Compliance Underway
TOWNSHIP OF ARMSTRONG,Earlton Wastewater Collection And Treatment System,"LOT:6, CONCESSION:3, GEOTOWNSHIP:ARMSTRONG, ARMSTRONG, ON",ARMSTRONG,Municipal Sewage,Timmins District Office,"SUSPENDED SOLIDS, TOTAL",Approval/Permit Non-Compliance,2024-09-26,2024-11-28,30,mg/L,seasonal avg,1,57.2,57.2,Resolved w/o Actions Required,Voluntary Compliance Underway
CORPORATION OF THE TOWNSHIP OF CENTRE WELLINGTON,Fergus Water Pollution Control Plant,"350 QUEEN ST, CENTRE WELLINGTON, ON N1M 2H6",CENTRE WELLINGTON,Municipal Sewage,Guelph District Office,TOTAL AMMONIA NITROGEN,Approval/Permit Non-Compliance,2024-03-01,2024-03-31,5,mg/L,mon avg,1,5.2,5.2,Operational Process Modified,Voluntary Compliance Underway
CORPORATION OF THE TOWNSHIP OF CENTRE WELLINGTON,Fergus Water Pollution Control Plant,"350 QUEEN ST, CENTRE WELLINGTON, ON N1M 2H6",CENTRE WELLINGTON,Municipal Sewage,Guelph District Office,TOTAL AMMONIA NITROGEN,Approval/Permit Non-Compliance,2024-10-01,2024-10-31,2,mg/L,mon avg,1,2.1,2.1,Training Procedure Change,Event Resolved
THE CORPORATION OF THE TOWNSHIP OF CHAMPLAIN,Vankleek Hill Lagoon,"LOT:6, CONCESSION:6, GEOTOWNSHIP:WEST HAWKESBURY, CHAMPLAIN, ON",CHAMPLAIN,Municipal Sewage,Cornwall Area Office,"SUSPENDED SOLIDS, TOTAL",Approval/Permit Non-Compliance,2024-03-04,2024-05-15,20,mg/L,/season,1,24.3,24.3,New/Modified Sampling Program,Voluntary Compliance Underway
THE CORPORATION OF THE TOWNSHIP OF CHAMPLAIN,Vankleek Hill Lagoon,"LOT:6, CONCESSION:6, GEOTOWNSHIP:WEST HAWKESBURY, CHAMPLAIN, ON",CHAMPLAIN,Municipal Sewage,Cornwall Area Office,"SUSPENDED SOLIDS, TOTAL",Approval/Permit Non-Compliance,2024-03-04,2024-05-15,4663,kilogram(kg),/season,1,5219,5219,Resolved w/o Actions Required,Addressed w/o Intervention
THE CORPORATION OF THE TOWNSHIP OF CHAPPLE,Barwick (Hamlet Of) Lagoon,"LOT:46,47, CONCESSION:0, GEOTOWNSHIP:CHAPPLE, CHAPPLE, ON P0W 1A0",CHAPPLE,Municipal Sewage,Kenora Area Office,"SUSPENDED SOLIDS, TOTAL",Approval/Permit Non-Compliance,2024-05-14,2024-05-28,30,mg/L,seasonal avg,1,35.7,35.7,Operational Process Modified,Voluntary Compliance Underway
CITY OF CLARENCE-ROCKLAND,Rockland Sewage Treatment Plant,"700 RUE INDUSTRIELLE, CLARENCE-ROCKLAND, ON K4K 1T2",CLARENCE-ROCKLAND,Municipal Sewage,Cornwall Area Office,TOTAL AMMONIA NITROGEN,Approval/Permit Non-Compliance,2024-05-01,2024-05-31,20,mg/L,/mon,1,25,25,Equipment Modified/Repaired,Voluntary Compliance Underway
CITY OF CLARENCE-ROCKLAND,Rockland Sewage Treatment Plant,"700 RUE INDUSTRIELLE, CLARENCE-ROCKLAND, ON K4K 1T2",CLARENCE-ROCKLAND,Municipal Sewage,Cornwall Area Office,TOTAL AMMONIA NITROGEN,Approval/Permit Non-Compliance,2024-06-01,2024-06-30,12,mg/L,/mon,1,17.7,17.7,Conducting Study,Voluntary Compliance Underway
CITY OF CLARENCE-ROCKLAND,Rockland Sewage Treatment Plant,"700 RUE INDUSTRIELLE, CLARENCE-ROCKLAND, ON K4K 1T2",CLARENCE-ROCKLAND,Municipal Sewage,Cornwall Area Office,TOTAL AMMONIA NITROGEN,Approval/Permit Non-Compliance,2024-07-01,2024-07-31,12,mg/L,/mon,1,17.5,17.5,New Equipment Installed,Voluntary Compliance Underway
TOWNSHIP OF CLEARVIEW,Stayner Water Pollution Control Plant,"300 MOWAT ST N, CLEARVIEW, ON L0M 1S0",CLEARVIEW,Municipal Sewage,Barrie District Office,"SUSPENDED SOLIDS, TOTAL",Approval/Permit Non-Compliance,2024-04-01,2024-04-30,15,mg/L,mon avg,1,19.2,19.2,Operational Process Modified,Event Resolved
TOWNSHIP OF CLEARVIEW,Stayner Water Pollution Control Plant,"300 MOWAT ST N, CLEARVIEW, ON L0M 1S0",CLEARVIEW,Municipal Sewage,Barrie District Office,"SUSPENDED SOLIDS, TOTAL",Approval/Permit Non-Compliance,2024-04-01,2024-04-30,129.6,kg/d,mon avg,1,136.28,136.28,Operational Process Modified,Event Resolved
THE CORPORATION OF THE TOWN OF COCHRANE,Glackmeyer (Vaillancourt) Lagoon,"LOT:18, CONCESSION:2, GEOTOWNSHIP:COCHRANE, COCHRANE, ON",COCHRANE,Municipal Sewage,Timmins District Office,PHOSPHORUS; TOTAL,Approval/Permit Non-Compliance,2024-05-01,2024-05-31,1,mg/L,annual avg,1,1.2,1.2,Additional Monitoring Underway,Voluntary Compliance Underway
THE CORPORATION OF THE TOWN OF COCHRANE,Glackmeyer (Vaillancourt) Lagoon,"LOT:18, CONCESSION:2, GEOTOWNSHIP:COCHRANE, COCHRANE, ON",COCHRANE,Municipal Sewage,Timmins District Office,"SUSPENDED SOLIDS, TOTAL",Approval/Permit Non-Compliance,2024-05-01,2024-05-31,40,mg/L,annual avg,1,87.1,87.1,Additional Monitoring Underway,Voluntary Compliance Underway
THE CORPORATION OF THE TOWNSHIP OF CRAMAHE,Colborne Water Pollution Control Plant,"1108 ONTARIO ST, CRAMAHE, ON K0K 1S0",CRAMAHE,Municipal Sewage,Peterborough District Office,ESCHERICHIA COLI,Approval/Permit Non-Compliance,2024-08-01,2024-08-31,200,cfu/100ml,mon avg on a geo. mean density,1,205.52,205.52,Equipment Modified/Repaired,Voluntary Compliance Underway
CORPORATION OF THE TOWN OF DEEP RIVER,Deep River Water Pollution Control Plant,"1 CEDAR RD, DEEP RIVER, ON K0J 1P0",DEEP RIVER,Municipal Sewage,Ottawa District Office,TOTAL AMMONIA NITROGEN,Approval/Permit Non-Compliance,2024-07-01,2024-07-31,10,mg/L,/mon,1,11.2,11.2,Additional Monitoring Underway,Addressed w/o Intervention
CORPORATION OF THE TOWN OF DEEP RIVER,Deep River Water Pollution Control Plant,"1 CEDAR RD, DEEP RIVER, ON K0J 1P0",DEEP RIVER,Municipal Sewage,Ottawa District Office,TOTAL AMMONIA NITROGEN,Approval/Permit Non-Compliance,2024-08-01,2024-08-31,9,mg/L,/mon,1,12.4,12.4,Additional Monitoring Underway,Voluntary Compliance Underway
REGIONAL MUNICIPALITY OF DURHAM,Corbett Creek Water Pollution Control Plant,"2400 FORBES ST, WHITBY, ON L1N 8M3",WHITBY,Municipal Sewage,York Durham District Office,PHOSPHORUS; TOTAL,Approval/Permit Non-Compliance,2024-02-01,2024-02-29,1,mg/L,mon avg,1,1.1,1.1,Operational Process Modified,Provincial Officer’s Order
REGIONAL MUNICIPALITY OF DURHAM,Corbett Creek Water Pollution Control Plant,"2400 FORBES ST, WHITBY, ON L1N 8M3",WHITBY,Municipal Sewage,York Durham District Office,ESCHERICHIA COLI,Approval/Permit Non-Compliance,2024-04-01,2024-04-30,250,cfu/100ml,mon avg on a geo. mean density,1,458,458,Conducting Study,Provincial Officer’s Order
REGIONAL MUNICIPALITY OF DURHAM,Corbett Creek Water Pollution Control Plant,"2400 FORBES ST, WHITBY, ON L1N 8M3",WHITBY,Municipal Sewage,York Durham District Office,"SUSPENDED SOLIDS, TOTAL",Approval/Permit Non-Compliance,2024-04-01,2024-04-30,25,mg/L,mon avg,1,53.51,53.51,Conducting Study,Provincial Officer’s Order
REGIONAL MUNICIPALITY OF DURHAM,Corbett Creek Water Pollution Control Plant,"2400 FORBES ST, WHITBY, ON L1N 8M3",WHITBY,Municipal Sewage,York Durham District Office,"SUSPENDED SOLIDS, TOTAL",Approval/Permit Non-Compliance,2024-04-01,2024-04-30,2108,kg/d,mon avg,1,3983,3983,Conducting Study,Provincial Officer’s Order
REGIONAL MUNICIPALITY OF DURHAM,Corbett Creek Water Pollution Control Plant,"2400 FORBES ST, WHITBY, ON L1N 8M3",WHITBY,Municipal Sewage,York Durham District Office,PHOSPHORUS; TOTAL,Approval/Permit Non-Compliance,2024-04-01,2024-04-30,1,mg/L,mon avg,1,1.09,1.09,Conducting Study,Provincial Officer’s Order
REGIONAL MUNICIPALITY OF DURHAM,Corbett Creek Water Pollution Control Plant,"2400 FORBES ST, WHITBY, ON L1N 8M3",WHITBY,Municipal Sewage,York Durham District Office,PHOSPHORUS; TOTAL,Approval/Permit Non-Compliance,2024-05-01,2024-05-01,84,kg/d,mon avg,1,138,138,Action Plan Submitted,Provincial Officer’s Order
REGIONAL MUNICIPALITY OF DURHAM,Corbett Creek Water Pollution Control Plant,"2400 FORBES ST, WHITBY, ON L1N 8M3",WHITBY,Municipal Sewage,York Durham District Office,PHOSPHORUS; TOTAL,Approval/Permit Non-Compliance,2024-05-01,2024-05-31,1,mg/L,mon avg,1,2.35,2.35,Action Plan Submitted,Provincial Officer’s Order
REGIONAL MUNICIPALITY OF DURHAM,Corbett Creek Water Pollution Control Plant,"2400 FORBES ST, WHITBY, ON L1N 8M3",WHITBY,Municipal Sewage,York Durham District Office,"SUSPENDED SOLIDS, TOTAL",Approval/Permit Non-Compliance,2024-05-01,2024-05-31,25,mg/L,mon avg,1,83.32,83.32,Action Plan Submitted,Provincial Officer’s Order
REGIONAL MUNICIPALITY OF DURHAM,Corbett Creek Water Pollution Control Plant,"2400 FORBES ST, WHITBY, ON L1N 8M3",WHITBY,Municipal Sewage,York Durham District Office,ESCHERICHIA COLI,Approval/Permit Non-Compliance,2024-05-01,2024-05-31,150,cfu/100ml,mon avg on a geo. mean density,1,652,652,Action Plan Submitted,Provincial Officer’s Order
REGIONAL MUNICIPALITY OF DURHAM,Corbett Creek Water Pollution Control Plant,"2400 FORBES ST, WHITBY, ON L1N 8M3",WHITBY,Municipal Sewage,York Durham District Office,"SUSPENDED SOLIDS, TOTAL",Approval/Permit Non-Compliance,2024-05-01,2024-05-31,2108,kg/d,mon avg,1,4907,4907,Action Plan Submitted,Provincial Officer’s Order
REGIONAL MUNICIPALITY OF DURHAM,Corbett Creek Water Pollution Control Plant,"2400 FORBES ST, WHITBY, ON L1N 8M3",WHITBY,Municipal Sewage,York Durham District Office,"SUSPENDED SOLIDS, TOTAL",Approval/Permit Non-Compliance,2024-06-01,2024-06-30,25,mg/L,mon avg,1,73.16,73.16,Action Plan Submitted,Provincial Officer’s Order
REGIONAL MUNICIPALITY OF DURHAM,Corbett Creek Water Pollution Control Plant,"2400 FORBES ST, WHITBY, ON L1N 8M3",WHITBY,Municipal Sewage,York Durham District Office,PHOSPHORUS; TOTAL,Approval/Permit Non-Compliance,2024-06-01,2024-06-30,1,mg/L,mon avg,1,1.88,1.88,Action Plan Submitted,Provincial Officer’s Order
REGIONAL MUNICIPALITY OF DURHAM,Corbett Creek Water Pollution Control Plant,"2400 FORBES ST, WHITBY, ON L1N 8M3",WHITBY,Municipal Sewage,York Durham District Office,"SUSPENDED SOLIDS, TOTAL",Approval/Permit Non-Compliance,2024-06-01,2024-06-30,2108,kg/d,mon avg,1,4080,4080,Action Plan Submitted,Provincial Officer’s Order
REGIONAL MUNICIPALITY OF DURHAM,Corbett Creek Water Pollution Control Plant,"2400 FORBES ST, WHITBY, ON L1N 8M3",WHITBY,Municipal Sewage,York Durham District Office,PHOSPHORUS; TOTAL,Approval/Permit Non-Compliance,2024-06-01,2024-06-30,84,kg/d,mon avg,1,105,105,Action Plan Submitted,Provincial Officer’s Order
REGIONAL MUNICIPALITY OF DURHAM,Corbett Creek Water Pollution Control Plant,"2400 FORBES ST, WHITBY, ON L1N 8M3",WHITBY,Municipal Sewage,York Durham District Office,"SUSPENDED SOLIDS, TOTAL",Approval/Permit Non-Compliance,2024-07-01,2024-07-31,2108,kg/d,mon avg,1,4999,4999,Action Plan Submitted,Provincial Officer’s Order
REGIONAL MUNICIPALITY OF DURHAM,Corbett Creek Water Pollution Control Plant,"2400 FORBES ST, WHITBY, ON L1N 8M3",WHITBY,Municipal Sewage,York Durham District Office,PHOSPHORUS; TOTAL,Approval/Permit Non-Compliance,2024-07-01,2024-07-31,1,mg/L,mon avg,1,1.88,1.88,Action Plan Submitted,Provincial Officer’s Order
REGIONAL MUNICIPALITY OF DURHAM,Corbett Creek Water Pollution Control Plant,"2400 FORBES ST, WHITBY, ON L1N 8M3",WHITBY,Municipal Sewage,York Durham District Office,ESCHERICHIA COLI,Approval/Permit Non-Compliance,2024-07-01,2024-07-13,200,cfu/100ml,mon avg,1,386,386,Action Plan Submitted,Provincial Officer’s Order
REGIONAL MUNICIPALITY OF DURHAM,Corbett Creek Water Pollution Control Plant,"2400 FORBES ST, WHITBY, ON L1N 8M3",WHITBY,Municipal Sewage,York Durham District Office,PHOSPHORUS; TOTAL,Approval/Permit Non-Compliance,2024-07-01,2024-07-31,84,kg/d,mon avg,1,107,107,Action Plan Submitted,Provincial Officer’s Order
REGIONAL MUNICIPALITY OF DURHAM,Corbett Creek Water Pollution Control Plant,"2400 FORBES ST, WHITBY, ON L1N 8M3",WHITBY,Municipal Sewage,York Durham District Office,"SUSPENDED SOLIDS, TOTAL",Approval/Permit Non-Compliance,2024-07-01,2024-07-31,25,mg/L,mon avg,1,87.45,87.45,Action Plan Submitted,Provincial Officer’s Order
REGIONAL MUNICIPALITY OF DURHAM,Corbett Creek Water Pollution Control Plant,"2400 FORBES ST, WHITBY, ON L1N 8M3",WHITBY,Municipal Sewage,York Durham District Office,"SUSPENDED SOLIDS, TOTAL",Approval/Permit Non-Compliance,2024-08-01,2024-08-31,25,mg/L,mon avg,1,29.76,29.76,Action Plan Submitted,Provincial Officer’s Order
REGIONAL MUNICIPALITY OF DURHAM,Corbett Creek Water Pollution Control Plant,"2400 FORBES ST, WHITBY, ON L1N 8M3",WHITBY,Municipal Sewage,York Durham District Office,ESCHERICHIA COLI,Approval/Permit Non-Compliance,2024-08-01,2024-08-31,200,cfu/100ml,mon avg,1,214,214,Action Plan Submitted,Provincial Officer’s Order
REGIONAL MUNICIPALITY OF DURHAM,Corbett Creek Water Pollution Control Plant,"2400 FORBES ST, WHITBY, ON L1N 8M3",WHITBY,Municipal Sewage,York Durham District Office,"SUSPENDED SOLIDS, TOTAL",Approval/Permit Non-Compliance,2024-09-01,2024-09-30,25,mg/L,mon avg,1,26.9,26.9,Action Plan Submitted,Provincial Officer’s Order
REGIONAL MUNICIPALITY OF DURHAM,Corbett Creek Water Pollution Control Plant,"2400 FORBES ST, WHITBY, ON L1N 8M3",WHITBY,Municipal Sewage,York Durham District Office,ESCHERICHIA COLI,Approval/Permit Non-Compliance,2024-09-01,2024-09-30,200,cfu/100ml,mon avg,1,301,301,Action Plan Submitted,Provincial Officer’s Order
REGIONAL MUNICIPALITY OF DURHAM,Corbett Creek Water Pollution Control Plant,"2400 FORBES ST, WHITBY, ON L1N 8M3",WHITBY,Municipal Sewage,York Durham District Office,PHOSPHORUS; TOTAL,Approval/Permit Non-Compliance,2024-09-01,2024-09-30,1,mg/L,mon avg,1,1.1,1.1,Action Plan Submitted,Provincial Officer’s Order
REGIONAL MUNICIPALITY OF DURHAM,Corbett Creek Water Pollution Control Plant,"2400 FORBES ST, WHITBY, ON L1N 8M3",WHITBY,Municipal Sewage,York Durham District Office,PHOSPHORUS; TOTAL,Approval/Permit Non-Compliance,2024-11-01,2024-11-30,1,mg/L,mon avg,1,1.21,1.21,Action Plan Submitted,Provincial Officer’s Order
REGIONAL MUNICIPALITY OF DURHAM,Corbett Creek Water Pollution Control Plant,"2400 FORBES ST, WHITBY, ON L1N 8M3",WHITBY,Municipal Sewage,York Durham District Office,"SUSPENDED SOLIDS, TOTAL",Approval/Permit Non-Compliance,2024-11-01,2024-11-30,25,mg/L,mon avg,1,31.53,31.53,Action Plan Submitted,Provincial Officer’s Order
REGIONAL MUNICIPALITY OF DURHAM,Corbett Creek Water Pollution Control Plant,"2400 FORBES ST, WHITBY, ON L1N 8M3",WHITBY,Municipal Sewage,York Durham District Office,"SUSPENDED SOLIDS, TOTAL",Approval/Permit Non-Compliance,2024-12-01,2024-12-31,25,mg/L,mon avg,1,25.15,25.15,Action Plan Submitted,Provincial Officer’s Order
THE CORPORATION OF THE TOWNSHIP OF EAST HAWKESBURY,Chute A Blondeau Water Pollution Control Plant,"LOT:18, CONCESSION:1, GEOTOWNSHIP:EAST HAWKESBURY, EAST HAWKESBURY, ON",EAST HAWKESBURY,Municipal Sewage,Cornwall Area Office,TOTAL AMMONIA NITROGEN,Approval/Permit Non-Compliance,2024-07-01,2024-07-31,4.2,mg/L,/mon,1,5.2,5.2,Operational Process Modified,Voluntary Compliance Underway
THE CORPORATION OF THE TOWNSHIP OF EAST HAWKESBURY,Chute A Blondeau Water Pollution Control Plant,"LOT:18, CONCESSION:1, GEOTOWNSHIP:EAST HAWKESBURY, EAST HAWKESBURY, ON",EAST HAWKESBURY,Municipal Sewage,Cornwall Area Office,"SUSPENDED SOLIDS, TOTAL",Approval/Permit Non-Compliance,2024-08-01,2024-08-31,25,mg/L,/mon,1,27.5,27.5,Equipment Modified/Repaired,Event Resolved
THE CORPORATION OF THE TOWNSHIP OF EAST HAWKESBURY,Chute A Blondeau Water Pollution Control Plant,"LOT:18, CONCESSION:1, GEOTOWNSHIP:EAST HAWKESBURY, EAST HAWKESBURY, ON",EAST HAWKESBURY,Municipal Sewage,Cornwall Area Office,"SUSPENDED SOLIDS, TOTAL",Approval/Permit Non-Compliance,2024-09-01,2024-09-30,25,mg/L,/mon,1,28,28,Operational Process Modified,Event Resolved
THE CORPORATION OF THE TOWNSHIP OF EAST HAWKESBURY,Chute A Blondeau Water Pollution Control Plant,"LOT:18, CONCESSION:1, GEOTOWNSHIP:EAST HAWKESBURY, EAST HAWKESBURY, ON",EAST HAWKESBURY,Municipal Sewage,Cornwall Area Office,TOTAL AMMONIA NITROGEN,Approval/Permit Non-Compliance,2024-09-01,2024-09-30,4.2,mg/L,/mon,1,6.3,6.3,Operational Process Modified,Event Resolved
THE CORPORATION OF THE TOWNSHIP OF EAST HAWKESBURY,Chute A Blondeau Water Pollution Control Plant,"LOT:18, CONCESSION:1, GEOTOWNSHIP:EAST HAWKESBURY, EAST HAWKESBURY, ON",EAST HAWKESBURY,Municipal Sewage,Cornwall Area Office,"SUSPENDED SOLIDS, TOTAL",Approval/Permit Non-Compliance,2024-10-01,2024-10-31,25,mg/L,/mon,1,26.5,26.5,Equipment Modified/Repaired,Event Resolved
CORPORATION OF THE TOWN OF ENGLEHART,Englehart Lagoon,"LAGOON ACCESS RD, ENGLEHART, ON P0J 1H0",ENGLEHART,Municipal Sewage,Timmins District Office,PH - HIGH,Approval/Permit Non-Compliance,2024-09-01,2024-09-30,9,pH,any,2,9.19,9.23,Resolved w/o Actions Required,Addressed w/o Intervention
TOWNSHIP OF ENNISKILLEN,Oil City Lagoon,"3127 OIL HERITAGE RD, ENNISKILLEN, ON N0N 1P0",ENNISKILLEN,Municipal Sewage,Sarnia District Office,"SUSPENDED SOLIDS, TOTAL",Policy/Guidance/ Non-Conf.,2024-07-31,2024-08-01,25,mg/L,seasonal avg,1,40.5,40.5,Operational Process Modified,Other Action Taken
THE CORPORATION OF THE TOWN OF ESPANOLA,Espanola Water Pollution Control Plant,"200 BOIS ST, ESPANOLA, ON P5E 1A6",ESPANOLA,Municipal Sewage,Sudbury District Office,PHOSPHORUS; TOTAL,Approval/Permit Non-Compliance,2024-03-01,2024-03-31,1,mg/L,mon avg,1,1.12,1.12,Equipment Modified/Repaired,Event Resolved
THE CORPORATION OF THE TOWN OF ESPANOLA,Espanola Water Pollution Control Plant,"200 BOIS ST, ESPANOLA, ON P5E 1A6",ESPANOLA,Municipal Sewage,Sudbury District Office,TOTAL AMMONIA NITROGEN,Approval/Permit Non-Compliance,2024-03-01,2024-03-31,10,mg/L,mon avg,1,10.28,10.28,Equipment Modified/Repaired,Event Resolved
THE CORPORATION OF THE TOWN OF ESPANOLA,Espanola Water Pollution Control Plant,"200 BOIS ST, ESPANOLA, ON P5E 1A6",ESPANOLA,Municipal Sewage,Sudbury District Office,ESCHERICHIA COLI,Approval/Permit Non-Compliance,2024-03-01,2024-03-31,200,cfu/100ml,mon avg on a geo. mean density,1,2313.4,2313.4,Equipment Modified/Repaired,Event Resolved
THE CORPORATION OF THE TOWN OF ESPANOLA,Espanola Water Pollution Control Plant,"200 BOIS ST, ESPANOLA, ON P5E 1A6",ESPANOLA,Municipal Sewage,Sudbury District Office,ESCHERICHIA COLI,Approval/Permit Non-Compliance,2024-04-01,2024-04-30,200,CT/100ml,mon avg on a geo. mean density,1,492,492,Equipment Modified/Repaired,Voluntary Compliance Underway
THE CORPORATION OF THE TOWN OF ESPANOLA,Espanola Water Pollution Control Plant,"200 BOIS ST, ESPANOLA, ON P5E 1A6",ESPANOLA,Municipal Sewage,Sudbury District Office,"SUSPENDED SOLIDS, TOTAL",Approval/Permit Non-Compliance,2024-04-01,2024-04-30,25,mg/L,mon avg,1,28.73,28.73,Equipment Modified/Repaired,Voluntary Compliance Underway
THE CORPORATION OF THE TOWN OF ESPANOLA,Espanola Water Pollution Control Plant,"200 BOIS ST, ESPANOLA, ON P5E 1A6",ESPANOLA,Municipal Sewage,Sudbury District Office,"SUSPENDED SOLIDS, TOTAL",Approval/Permit Non-Compliance,2024-04-01,2024-04-30,25,mg/L,mon avg,1,28.75,28.75,Equipment Modified/Repaired,Event Resolved
THE CORPORATION OF THE TOWN OF ESPANOLA,Espanola Water Pollution Control Plant,"200 BOIS ST, ESPANOLA, ON P5E 1A6",ESPANOLA,Municipal Sewage,Sudbury District Office,ESCHERICHIA COLI,Approval/Permit Non-Compliance,2024-04-01,2024-04-30,200,cfu/100ml,mon avg on a geo. mean density,1,492,492,Equipment Modified/Repaired,Event Resolved
THE CORPORATION OF THE TOWN OF ESPANOLA,Espanola Water Pollution Control Plant,"200 BOIS ST, ESPANOLA, ON P5E 1A6",ESPANOLA,Municipal Sewage,Sudbury District Office,ESCHERICHIA COLI,Approval/Permit Non-Compliance,2024-07-01,2024-07-31,200,cfu/100ml,mon avg on a geo. mean density,1,214.1,214.1,Operational Process Modified,Addressed w/o Intervention
THE CORPORATION OF THE TOWN OF ESPANOLA,Espanola Water Pollution Control Plant,"200 BOIS ST, ESPANOLA, ON P5E 1A6",ESPANOLA,Municipal Sewage,Sudbury District Office,ESCHERICHIA COLI,Approval/Permit Non-Compliance,2024-08-01,2024-08-31,200,cfu/100ml,mon avg on a geo. mean density,1,234.5,234.5,Equipment Modified/Repaired,Addressed w/o Intervention
THE CORPORATION OF THE TOWN OF ESPANOLA,Espanola Water Pollution Control Plant,"200 BOIS ST, ESPANOLA, ON P5E 1A6",ESPANOLA,Municipal Sewage,Sudbury District Office,ESCHERICHIA COLI,Approval/Permit Non-Compliance,2024-09-01,2024-09-30,200,cfu/100ml,mon avg on a geo. mean density,1,1328,1328,Operational Process Modified,Addressed w/o Intervention
THE CORPORATION OF THE TOWNSHIP OF ESSA,Angus Water Pollution Control Plant,"143 CENTRE ST, ANGUS, ESSA, ON L0M 1B0",ESSA,Municipal Sewage,Barrie District Office,TOTAL AMMONIA NITROGEN,Approval/Permit Non-Compliance,2024-11-01,2024-11-30,2.5,mg/L,mon avg,1,3.1,3.1,Equipment Modified/Repaired,Event Resolved
CORPORATION OF THE TOWN OF FORT FRANCES ADMINISTRATION,Fort Frances Water Pollution Control Plant,"200 MCIRVINE RD, FORT FRANCES, ON P9A 3S3",FORT FRANCES,Municipal Sewage,Kenora Area Office,ESCHERICHIA COLI,Approval/Permit Non-Compliance,2024-04-01,2024-04-30,200,cfu/100ml,mon avg on a geo. mean density,1,213,213,Additional Monitoring Underway,Voluntary Compliance Underway
CORPORATION OF THE MUNICIPALITY OF FRENCH RIVER,Noelville Lagoon,LOT 11 CONC 3,FRENCH RIVER,Municipal Sewage,Sudbury District Office,"SUSPENDED SOLIDS, TOTAL",Approval/Permit Non-Compliance,2024-04-24,2024-05-08,25,mg/L,seasonal avg,1,30.5,30.5,Resolved w/o Actions Required,Event Resolved
CORPORATION OF THE MUNICIPALITY OF FRENCH RIVER,Noelville Lagoon,LOT 11 CONC 3,FRENCH RIVER,Municipal Sewage,Sudbury District Office,"SUSPENDED SOLIDS, TOTAL",Approval/Permit Non-Compliance,2024-10-16,2024-11-04,25,mg/L,seasonal avg,1,64.4,64.4,Training Procedure Change,Other Action Taken
CORPORATION OF THE TOWN OF GANANOQUE,Gananoque Lagoon,"89 COUNTY RD 32, LEEDS AND THE THOUSAND ISLANDS, ON K7G 2V3",LEEDS AND THE THOUSAND ISLANDS,Municipal Sewage,Kingston District Office,PHOSPHORUS; TOTAL,Approval/Permit Non-Compliance,2024-10-01,2024-10-31,1,mg/L,/30 days,1,1.05,1.05,Additional Monitoring Underway,Addressed w/o Intervention
TOWNSHIP OF GEORGIAN BLUFFS,Derby Wastewater Treatment Works,"062111 SIDERD 3, GEORGIAN BLUFFS, ON N4K 5N5",GEORGIAN BLUFFS,Municipal Sewage,Owen Sound District Office,"SUSPENDED SOLIDS, TOTAL",Approval/Permit Non-Compliance,2024-10-01,2024-10-31,40,mg/L,mon avg,1,44.3,44.3,Resolved w/o Actions Required,Addressed w/o Intervention
CORPORATION OF THE TOWN OF GORE BAY,Gore Bay Lagoon,"12 RANGE ST E, GORE BAY, ON P0P 1H0",GORE BAY,Municipal Sewage,Sudbury District Office,"SUSPENDED SOLIDS, TOTAL",Approval/Permit Non-Compliance,2024-04-16,2024-04-29,40,mg/L,seasonal avg,1,41.9,41.9,Resolved w/o Actions Required,Addressed w/o Intervention
CORPORATION OF THE TOWN OF GORE BAY,Gore Bay Lagoon,"12 RANGE ST E, GORE BAY, ON P0P 1H0",GORE BAY,Municipal Sewage,Sudbury District Office,"SUSPENDED SOLIDS, TOTAL",Approval/Permit Non-Compliance,2024-11-12,2024-11-20,40,mg/L,seasonal avg,1,61.5,61.5,Resolved w/o Actions Required,Addressed w/o Intervention
CITY OF GREATER SUDBURY,Lively Water Pollution Control Plant,"231 FIRST AVE, LIVLEY, GREATER SUDBURY, ON P3Y 1M9",GREATER SUDBURY,Municipal Sewage,Sudbury District Office,PH - LOW,Approval/Permit Non-Compliance,2024-10-26,2024-10-26,6,pH,/day,1,4.1,4.1,Operational Process Modified,Addressed w/o Intervention
CITY OF GREATER SUDBURY,Levack Water Pollution Control Plant,"45 HIGH ST, LEVACK, GREATER SUDBURY, ON P0M 2C0",GREATER SUDBURY,Municipal Sewage,Sudbury District Office,PHOSPHORUS; TOTAL,Approval/Permit Non-Compliance,2024-12-01,2024-12-31,1,mg/L,mon avg,1,1.09,1.09,Equipment Modified/Repaired,Addressed w/o Intervention
CITY OF GREATER SUDBURY,Azilda Water Pollution Control Plant,"564 ST AGNES ST, GREATER SUDBURY, ON P0M 1L0",GREATER SUDBURY,Municipal Sewage,Sudbury District Office,"SUSPENDED SOLIDS, TOTAL",Approval/Permit Non-Compliance,2024-04-01,2024-04-30,10,mg/L,mon avg,1,12.2,12.2,Operational Process Modified,Voluntary Compliance Underway
CITY OF GREATER SUDBURY,Azilda Water Pollution Control Plant,"564 ST AGNES ST, GREATER SUDBURY, ON P0M 1L0",GREATER SUDBURY,Municipal Sewage,Sudbury District Office,TOTAL RESIDUAL CHLORINE,Approval/Permit Non-Compliance,2024-04-15,2024-04-15,0.02,mg/L,/week,1,0.17,0.17,Operational Process Modified,Event Resolved
CITY OF GREATER SUDBURY,Azilda Water Pollution Control Plant,"564 ST AGNES ST, GREATER SUDBURY, ON P0M 1L0",GREATER SUDBURY,Municipal Sewage,Sudbury District Office,"SUSPENDED SOLIDS, TOTAL",Approval/Permit Non-Compliance,2024-05-01,2024-05-31,10,mg/L,mon avg,1,10.9,10.9,Operational Process Modified,Event Resolved
CITY OF GREATER SUDBURY,Azilda Water Pollution Control Plant,"564 ST AGNES ST, GREATER SUDBURY, ON P0M 1L0",GREATER SUDBURY,Municipal Sewage,Sudbury District Office,PH - LOW,Approval/Permit Non-Compliance,2024-08-11,2024-08-11,6,pH,/week,1,4.5,4.5,Equipment Modified/Repaired,Event Resolved
CITY OF GREATER SUDBURY,Azilda Water Pollution Control Plant,"564 ST AGNES ST, GREATER SUDBURY, ON P0M 1L0",GREATER SUDBURY,Municipal Sewage,Sudbury District Office,PH - LOW,Approval/Permit Non-Compliance,2024-09-13,2024-09-13,6,pH,/week,1,5.8,5.8,Operational Process Modified,Event Resolved
CITY OF GREATER SUDBURY,Chelmsford Water Pollution Control Plant,"300 LAURETTE ST, GREATER SUDBURY, ON P0M 1L0",GREATER SUDBURY,Municipal Sewage,Sudbury District Office,PHOSPHORUS; TOTAL,Approval/Permit Non-Compliance,2024-01-01,2024-01-31,0.5,mg/L,mon avg,1,0.54,0.54,Equipment Modified/Repaired,Event Resolved
THE CORPORATION OF THE MUNICIPALITY OF GREENSTONE,Geraldton Water Pollution Control Plant,"316 CLARKE AVE E, GERALDTON, GREENSTONE, ON P0T 1M0",GREENSTONE,Municipal Sewage,Thunder Bay District Office,"SUSPENDED SOLIDS, TOTAL",Approval/Permit Non-Compliance,2024-12-01,2024-12-31,25,mg/L,mon avg,1,33.98,33.98,Equipment Modified/Repaired,Voluntary Compliance Underway
THE CORPORATION OF THE MUNICIPALITY OF GREENSTONE,Geraldton Water Pollution Control Plant,"316 CLARKE AVE E, GERALDTON, GREENSTONE, ON P0T 1M0",GREENSTONE,Municipal Sewage,Thunder Bay District Office,CARBONACEOUS BIOCHEMICAL OXYGEN DEMAND,Approval/Permit Non-Compliance,2024-12-01,2024-12-31,25,mg/L,mon avg,1,39.44,39.44,Equipment Modified/Repaired,Voluntary Compliance Underway
CITY OF HAMILTON,Woodward Ave Wastewater Treatment Plant,"700 WOODWARD AVE, HAMILTON, ON L8H 6P4",HAMILTON,Municipal Sewage,Hamilton District Office,TOTAL RESIDUAL CHLORINE,Approval/Permit Non-Compliance,2024-05-25,2024-05-25,0.02,mg/L,/day,1,0.15,0.15,Operational Process Modified,Addressed w/o Intervention
THE CORPORATION OF THE TOWN OF HEARST,Hearst Lagoon,"BEGIN RD, HEARST, ON",HEARST,Municipal Sewage,Timmins District Office,PHOSPHORUS; TOTAL,Approval/Permit Non-Compliance,2024-10-06,2024-10-12,0.42,kg/d,/week,1,2.86,2.86,Action Plan Submitted,Voluntary Compliance Underway
THE CORPORATION OF THE TOWN OF HEARST,Hearst Lagoon,"BEGIN RD, HEARST, ON",HEARST,Municipal Sewage,Timmins District Office,PHOSPHORUS; TOTAL,Approval/Permit Non-Compliance,2024-10-13,2024-10-19,0.61,kg/d,/week,1,2.49,2.49,Action Plan Submitted,Voluntary Compliance Underway
THE CORPORATION OF THE TOWN OF HEARST,Hearst Lagoon,"BEGIN RD, HEARST, ON",HEARST,Municipal Sewage,Timmins District Office,PHOSPHORUS; TOTAL,Approval/Permit Non-Compliance,2024-10-20,2024-10-26,0.7,kg/d,/week,1,2.32,2.32,Ceased Operations,Voluntary Compliance Underway
MUNICIPALITY OF HURON EAST,Vanastra Water Pollution Control Plant,"76981 LONDON RD, BLUEWATER, ON N0M 1J0",BLUEWATER,Municipal Sewage,Owen Sound District Office,ESCHERICHIA COLI,Approval/Permit Non-Compliance,2024-12-01,2024-12-31,200,cfu/100ml,mon avg on a geo. mean density,1,222,222,Equipment Modified/Repaired,Addressed w/o Intervention
THE CORPORATION OF THE TOWN OF KAPUSKASING,Kapuskasing Water Pollution Control Plant,"20 MONTGOMERY AVE, KAPUSKASING, ON P5N 1M4",KAPUSKASING,Municipal Sewage,Timmins District Office,PHOSPHORUS; TOTAL,Policy/Guidance/ Non-Conf.,2024-07-01,2024-07-31,1,mg/L,mon avg,1,1.27,1.27,Operational Process Modified,Voluntary Compliance Underway
THE CORPORATION OF THE TOWN OF KAPUSKASING,Kapuskasing Water Pollution Control Plant,"20 MONTGOMERY AVE, KAPUSKASING, ON P5N 1M4",KAPUSKASING,Municipal Sewage,Timmins District Office,PHOSPHORUS; TOTAL,Policy/Guidance/ Non-Conf.,2024-08-01,2024-08-31,1,mg/L,mon avg,1,1.48,1.48,Action Plan Submitted,Voluntary Compliance Underway
THE CORPORATION OF THE TOWN OF KAPUSKASING,Kapuskasing Water Pollution Control Plant,"20 MONTGOMERY AVE, KAPUSKASING, ON P5N 1M4",KAPUSKASING,Municipal Sewage,Timmins District Office,PHOSPHORUS; TOTAL,Policy/Guidance/ Non-Conf.,2024-09-01,2024-09-30,1,mg/L,mon avg,1,1.62,1.62,Action Plan Submitted,Voluntary Compliance Underway
THE CORPORATION OF THE TOWN OF KAPUSKASING,Kapuskasing Water Pollution Control Plant,"20 MONTGOMERY AVE, KAPUSKASING, ON P5N 1M4",KAPUSKASING,Municipal Sewage,Timmins District Office,PHOSPHORUS; TOTAL,Policy/Guidance/ Non-Conf.,2024-10-01,2024-10-31,1,mg/L,mon avg,1,1.41,1.41,Action Plan Submitted,Voluntary Compliance Underway
THE CORPORATION OF THE TOWN OF KAPUSKASING,Kapuskasing Water Pollution Control Plant,"20 MONTGOMERY AVE, KAPUSKASING, ON P5N 1M4",KAPUSKASING,Municipal Sewage,Timmins District Office,PHOSPHORUS; TOTAL,Policy/Guidance/ Non-Conf.,2024-12-01,2024-12-31,1,mg/L,mon avg,1,1.22,1.22,Action Plan Submitted,Voluntary Compliance Underway
CITY OF KAWARTHA LAKES,Fenelon Falls Water Pollution Control Plant,"216 ELLICE ST, FENELON FALLS, KAWARTHA LAKES, ON",KAWARTHA LAKES,Municipal Sewage,Peterborough District Office,bIOCHEMICAL OXYGEN DEMAND,Legislation Non-Compliance,2024-04-01,2024-04-30,0.5,mg/L,mon avg,1,0.59,0.59,Operational Process Modified,Voluntary Compliance Underway
CITY OF KAWARTHA LAKES,Fenelon Falls Water Pollution Control Plant,"216 ELLICE ST, FENELON FALLS, KAWARTHA LAKES, ON",KAWARTHA LAKES,Municipal Sewage,Peterborough District Office,PHOSPHORUS; TOTAL,Approval/Permit Non-Compliance,2024-04-01,2024-04-30,0.9,kg/d,mon avg,1,1.07,1.07,Operational Process Modified,Voluntary Compliance Underway
CORPORATION OF THE MUNICIPALITY OF KINCARDINE,Kincardine Lagoon,"177 MAHOOD JOHNSTON DR, KINCARDINE, ON N2Z 3A2",KINCARDINE,Municipal Sewage,Owen Sound District Office,"SUSPENDED SOLIDS, TOTAL",Approval/Permit Non-Compliance,2024-06-01,2024-06-30,40,mg/L,mon avg,1,41.5,41.5,Operational Process Modified,Assessment Underway
CORPORATION OF THE MUNICIPALITY OF KINCARDINE,Kincardine Lagoon,"177 MAHOOD JOHNSTON DR, KINCARDINE, ON N2Z 3A2",KINCARDINE,Municipal Sewage,Owen Sound District Office,"SUSPENDED SOLIDS, TOTAL",Approval/Permit Non-Compliance,2024-07-01,2024-07-31,40,mg/L,mon avg,1,63.5,63.5,Operational Process Modified,Event Resolved
CORPORATION OF THE MUNICIPALITY OF KINCARDINE,Kincardine Lagoon,"177 MAHOOD JOHNSTON DR, KINCARDINE, ON N2Z 3A2",KINCARDINE,Municipal Sewage,Owen Sound District Office,"SUSPENDED SOLIDS, TOTAL",Approval/Permit Non-Compliance,2024-08-01,2024-08-31,40,mg/L,mon avg,1,52.5,52.5,Operational Process Modified,Addressed w/o Intervention
CORPORATION OF THE MUNICIPALITY OF KINCARDINE,Kincardine Lagoon,"177 MAHOOD JOHNSTON DR, KINCARDINE, ON N2Z 3A2",KINCARDINE,Municipal Sewage,Owen Sound District Office,"SUSPENDED SOLIDS, TOTAL",Approval/Permit Non-Compliance,2024-09-01,2024-09-30,40,mg/L,mon avg,1,68,68,Operational Process Modified,Addressed w/o Intervention
CORPORATION OF THE MUNICIPALITY OF KINCARDINE,Bruce Energy Centre Sewage Treatment Plant,"LOT LAKE RANGE, 11 to 14 CONC 3",KINCARDINE,Miscellaneous Communal,Owen Sound District Office,"SUSPENDED SOLIDS, TOTAL",Approval/Permit Non-Compliance,2024-07-01,2024-07-31,30,mg/L,mon avg,1,41.7,41.7,Additional Monitoring Underway,Addressed w/o Intervention
CORPORATION OF THE MUNICIPALITY OF KINCARDINE,Bruce Energy Centre Sewage Treatment Plant,"LOT LAKE RANGE, 11 to 14 CONC 3",KINCARDINE,Miscellaneous Communal,Owen Sound District Office,"SUSPENDED SOLIDS, TOTAL",Approval/Permit Non-Compliance,2024-07-23,2024-07-23,45,mg/L,/day,1,46,46,Additional Monitoring Underway,Assessment Underway
CORPORATION OF THE MUNICIPALITY OF KINCARDINE,Bruce Energy Centre Sewage Treatment Plant,"LOT LAKE RANGE, 11 to 14 CONC 3",KINCARDINE,Miscellaneous Communal,Owen Sound District Office,"SUSPENDED SOLIDS, TOTAL",Approval/Permit Non-Compliance,2024-07-31,2024-07-31,45,mg/L,/day,1,50,50,Additional Monitoring Underway,Assessment Underway
CORPORATION OF THE MUNICIPALITY OF KINCARDINE,Bruce Energy Centre Sewage Treatment Plant,"LOT LAKE RANGE, 11 to 14 CONC 3",KINCARDINE,Miscellaneous Communal,Owen Sound District Office,"SUSPENDED SOLIDS, TOTAL",Approval/Permit Non-Compliance,2024-08-01,2024-08-31,30,mg/L,mon avg,1,38,38,Additional Monitoring Underway,Assessment Underway
CORPORATION OF THE MUNICIPALITY OF KINCARDINE,Bruce Energy Centre Sewage Treatment Plant,"LOT LAKE RANGE, 11 to 14 CONC 3",KINCARDINE,Miscellaneous Communal,Owen Sound District Office,"SUSPENDED SOLIDS, TOTAL",Approval/Permit Non-Compliance,2024-09-01,2024-09-30,30,mg/L,mon avg,1,45,45,Additional Monitoring Underway,Assessment Underway
CORPORATION OF THE MUNICIPALITY OF KINCARDINE,Bruce Energy Centre Sewage Treatment Plant,"LOT LAKE RANGE, 11 to 14 CONC 3",KINCARDINE,Miscellaneous Communal,Owen Sound District Office,"SUSPENDED SOLIDS, TOTAL",Approval/Permit Non-Compliance,2024-09-17,2024-09-17,45,mg/L,/day,1,46,46,Additional Monitoring Underway,Assessment Underway
CORPORATION OF THE MUNICIPALITY OF KINCARDINE,Bruce Energy Centre Sewage Treatment Plant,"LOT LAKE RANGE, 11 to 14 CONC 3",KINCARDINE,Miscellaneous Communal,Owen Sound District Office,"SUSPENDED SOLIDS, TOTAL",Approval/Permit Non-Compliance,2024-10-01,2024-10-01,45,mg/L,/day,1,48,48,Additional Monitoring Underway,Assessment Underway
CORPORATION OF THE MUNICIPALITY OF KINCARDINE,Bruce Energy Centre Sewage Treatment Plant,"LOT LAKE RANGE, 11 to 14 CONC 3",KINCARDINE,Miscellaneous Communal,Owen Sound District Office,"SUSPENDED SOLIDS, TOTAL",Approval/Permit Non-Compliance,2024-10-01,2024-10-31,30,mg/L,mon avg,1,39,39,Additional Monitoring Underway,Assessment Underway
CORPORATION OF THE MUNICIPALITY OF KINCARDINE,Bruce Energy Centre Sewage Treatment Plant,"LOT LAKE RANGE, 11 to 14 CONC 3",KINCARDINE,Miscellaneous Communal,Owen Sound District Office,"SUSPENDED SOLIDS, TOTAL",Approval/Permit Non-Compliance,2024-10-16,2024-10-16,45,mg/L,/day,1,48,48,Additional Monitoring Underway,Assessment Underway
CORPORATION OF THE MUNICIPALITY OF KINCARDINE,Bruce Energy Centre Sewage Treatment Plant,"LOT LAKE RANGE, 11 to 14 CONC 3",KINCARDINE,Miscellaneous Communal,Owen Sound District Office,TOTAL AMMONIA NITROGEN,Approval/Permit Non-Compliance,2024-11-01,2024-11-30,7.5,mg/L,mon avg,1,9.05,9.05,Additional Monitoring Underway,Assessment Underway
THE CORPORATION OF THE CITY OF KINGSTON,Cana Water Pollution Control Plant,"1756 CANA BLVD, KINGSTON, ON K7L 5H6",KINGSTON,Municipal Sewage,Kingston District Office,"SUSPENDED SOLIDS, TOTAL",Approval/Permit Non-Compliance,2024-12-01,2024-12-31,10,mg/L,/mon,1,11,11,Equipment Modified/Repaired,Addressed w/o Intervention
THE CORPORATION OF THE TOWN OF KINGSVILLE,Cottam Lagoon,"168 BELLE RIVER RD, COTTAM, KINGSVILLE, ON N0R 1B0",KINGSVILLE,Municipal Sewage,Windsor District Office,TOTAL AMMONIA NITROGEN,Approval/Permit Non-Compliance,2024-12-01,2024-12-31,4,mg/L,mon avg,1,4.15,4.15,Additional Monitoring Underway,Assessment Underway
THE CORPORATION OF THE TOWN OF KIRKLAND LAKE,Kirkland Lake Water Pollution Control Plant,"600 ARCHER DR, KIRKLAND LAKE, ON P2N 3G2",KIRKLAND LAKE,Municipal Sewage,Timmins District Office,"SUSPENDED SOLIDS, TOTAL",Approval/Permit Non-Compliance,2024-02-01,2024-02-29,15,mg/L,mon avg,1,38.9,38.9,Equipment Modified/Repaired,Voluntary Compliance Underway
THE CORPORATION OF THE TOWN OF KIRKLAND LAKE,Kirkland Lake Water Pollution Control Plant,"600 ARCHER DR, KIRKLAND LAKE, ON P2N 3G2",KIRKLAND LAKE,Municipal Sewage,Timmins District Office,ESCHERICHIA COLI,Approval/Permit Non-Compliance,2024-05-01,2024-05-31,200,CT/100ml,mon avg on a geo. mean density,1,1045,1045,Equipment Modified/Repaired,Event Resolved
THE CORPORATION OF THE MUNICIPALITY OF ARRAN-ELDERSLIE,Chesley Lagoon,"230 4TH ST SW, ARRAN-ELDERSLIE, ON N0G 1L0",ARRAN-ELDERSLIE,Municipal Sewage,Owen Sound District Office,TOTAL AMMONIA NITROGEN,Approval/Permit Non-Compliance,2024-05-01,2024-05-31,3,mg/L,mon avg,1,3.75,3.75,Additional Monitoring Underway,Event Resolved
THE CORPORATION OF THE MUNICIPALITY OF ARRAN-ELDERSLIE,Chesley Lagoon,"230 4TH ST SW, ARRAN-ELDERSLIE, ON N0G 1L0",ARRAN-ELDERSLIE,Municipal Sewage,Owen Sound District Office,TOTAL AMMONIA NITROGEN,Approval/Permit Non-Compliance,2024-06-01,2024-06-30,2,mg/L,mon avg,1,2.44,2.44,Additional Monitoring Underway,Event Resolved
THE CORPORATION OF THE TOWNSHIP OF ASPHODEL-NORWOOD,Norwood Water Pollution Control Plant,"34 INDUSTRIAL DR, ASPHODEL-NORWOOD, ON K0L 2V0",ASPHODEL-NORWOOD,Municipal Sewage,Peterborough District Office,TOTAL AMMONIA NITROGEN,Approval/Permit Non-Compliance,2024-04-01,2024-04-30,6.6,mg/L,mon avg,1,11.8,11.8,Operational Process Modified,Addressed w/o Intervention
THE CORPORATION OF THE TOWNSHIP OF ASPHODEL-NORWOOD,Norwood Water Pollution Control Plant,"34 INDUSTRIAL DR, ASPHODEL-NORWOOD, ON K0L 2V0",ASPHODEL-NORWOOD,Municipal Sewage,Peterborough District Office,TOTAL AMMONIA NITROGEN,Approval/Permit Non-Compliance,2024-05-01,2024-05-31,1.8,mg/L,mon avg,1,2.75,2.75,Operational Process Modified,Event Resolved
CORPORATION OF THE TOWNSHIP OF ASSIGINACK,Manitowaning-Assiginack Lagoon,"LOT:41 42, CONCESSION:1, GEOTOWNSHIP:ASSIGINACK, ASSIGINACK, ON",ASSIGINACK,Municipal Sewage,Sudbury District Office,PHOSPHORUS; TOTAL,Approval/Permit Non-Compliance,2024-07-01,2024-07-31,1,mg/L,mon avg,1,1.25,1.25,Resolved w/o Actions Required,Addressed w/o Intervention
CORPORATION OF THE TOWNSHIP OF ASSIGINACK,Manitowaning-Assiginack Lagoon,"LOT:41 42, CONCESSION:1, GEOTOWNSHIP:ASSIGINACK, ASSIGINACK, ON",ASSIGINACK,Municipal Sewage,Sudbury District Office,CARBONACEOUS BIOCHEMICAL OXYGEN DEMAND,Approval/Permit Non-Compliance,2024-11-01,2024-11-30,30,mg/L,mon avg,1,38,38,Additional Monitoring Underway,Addressed w/o Intervention
THE CORPORATION OF THE MUNICIPALITY OF BAYHAM,Port Burwell Water Pollution Control Plant,"1 CHATHAM ST, PORT BURNWELL, BAYHAM, ON N0J 1T0",BAYHAM,Municipal Sewage,London District Office,TOTAL AMMONIA NITROGEN,Approval/Permit Non-Compliance,2024-05-01,2024-05-31,2.16,kg/d,mon avg,1,3.77,3.77,Equipment Modified/Repaired,Voluntary Compliance Underway
THE CORPORATION OF THE MUNICIPALITY OF BAYHAM,Port Burwell Water Pollution Control Plant,"1 CHATHAM ST, PORT BURNWELL, BAYHAM, ON N0J 1T0",BAYHAM,Municipal Sewage,London District Office,TOTAL AMMONIA NITROGEN,Approval/Permit Non-Compliance,2024-05-01,2024-05-31,2,mg/L,mon avg,1,4.64,4.64,Equipment Modified/Repaired,Voluntary Compliance Underway
CORPORATION OF TOWN OF BLIND RIVER,Blind River Water Pollution Control Plant,"22 MARTIN ST, BLIND RIVER, ON P0R 1B0",BLIND RIVER,Municipal Sewage,Sault Ste. Marie Area Office,"SUSPENDED SOLIDS, TOTAL",Approval/Permit Non-Compliance,2024-04-01,2024-04-30,25,mg/L,mon avg,1,38.3,38.3,Resolved w/o Actions Required,Addressed w/o Intervention
CORPORATION OF TOWN OF BLIND RIVER,Blind River Water Pollution Control Plant,"22 MARTIN ST, BLIND RIVER, ON P0R 1B0",BLIND RIVER,Municipal Sewage,Sault Ste. Marie Area Office,ESCHERICHIA COLI,Approval/Permit Non-Compliance,2024-05-01,2024-05-31,200,cfu/100ml,mon avg on a geo. mean density,1,245.1,245.1,Resolved w/o Actions Required,Addressed w/o Intervention
THE CORPORATION OF THE MUNICIPALITY OF BLUEWATER,Hensall Lagoon,178 RICHMOND STREET WEST,BLUEWATER,Municipal Sewage,Sarnia District Office,FLOW,Approval/Permit Non-Compliance,2024-05-06,2024-05-06,3615,cubicmetre (m3),/day,1,3990,3990,Operational Process Modified,Addressed w/o Intervention
THE CORPORATION OF THE MUNICIPALITY OF BLUEWATER,Bayfield Lagoon,37892 MILL ROAD,BLUEWATER,Municipal Sewage,Sarnia District Office,BIOCHEMICAL OXYGEN DEMAND,Approval/Permit Non-Compliance,2024-09-30,2024-09-30,10,mg/L,mon avg,1,11.6,11.6,Operational Process Modified,Addressed w/o Intervention
THE CORPORATION OF THE MUNICIPALITY OF BLUEWATER,Bayfield Lagoon,37892 MILL ROAD,BLUEWATER,Municipal Sewage,Sarnia District Office,"SUSPENDED SOLIDS, TOTAL",Approval/Permit Non-Compliance,2024-09-30,2024-09-30,10,mg/L,mon avg,1,22,22,Operational Process Modified,Addressed w/o Intervention
THE CORPORATION OF THE MUNICIPALITY OF BLUEWATER,Bayfield Lagoon,37892 MILL ROAD,BLUEWATER,Municipal Sewage,Sarnia District Office,"SUSPENDED SOLIDS, TOTAL",Approval/Permit Non-Compliance,2024-10-31,2024-10-31,10,mg/L,mon avg,1,11.8,11.8,Operational Process Modified,Addressed w/o Intervention
THE CORPORATION OF THE COUNTY OF BRANT,St George Water Pollution Control Plant,"43 VICTOR BLVD, BRANT COUNTY, ON N3L 3E1",BRANT COUNTY,Municipal Sewage,Guelph District Office,TOTAL AMMONIA NITROGEN,Approval/Permit Non-Compliance,2024-11-01,2024-11-30,3.6,mg/L,mon avg,1,6.15,6.15,Equipment Modified/Repaired,Assessment Underway
THE CORPORATION OF THE COUNTY OF BRANT,St George Water Pollution Control Plant,"43 VICTOR BLVD, BRANT COUNTY, ON N3L 3E1",BRANT COUNTY,Municipal Sewage,Guelph District Office,TOTAL AMMONIA NITROGEN,Approval/Permit Non-Compliance,2024-12-01,2024-12-31,3.6,mg/L,mon avg,1,4.9,4.9,Additional Monitoring Underway,Assessment Underway
THE CORPORATION OF THE COUNTY OF BRANT,Cainsville Lagoon,"30 SHAVER ST, CAINVILLE, BRANT COUNTY, ON N3T 5M1",BRANT COUNTY,Municipal Sewage,Guelph District Office,"SUSPENDED SOLIDS, TOTAL",Approval/Permit Non-Compliance,2024-12-13,2024-12-13,40,mg/L,/season,1,42,42,Additional Monitoring Underway,Other Action Taken
THE CORPORATION OF THE MUNICIPALITY OF BRIGHTON,Brighton Water Pollution Control Plant,"100 COUNTY RD 64, BRIGHTON, ON K0K 1H0",BRIGHTON,Municipal Sewage,Peterborough District Office,TOTAL AMMONIA NITROGEN,Approval/Permit Non-Compliance,2024-03-01,2024-03-31,17,mg/L,mon avg,1,17.5,17.5,Action Plan Submitted,Voluntary Compliance Underway
THE CORPORATION OF THE MUNICIPALITY OF BRIGHTON,Brighton Water Pollution Control Plant,"100 COUNTY RD 64, BRIGHTON, ON K0K 1H0",BRIGHTON,Municipal Sewage,Peterborough District Office,TOTAL AMMONIA NITROGEN,Approval/Permit Non-Compliance,2024-05-01,2024-05-31,14,mg/L,mon avg,1,18.5,18.5,Action Plan Submitted,Voluntary Compliance Underway
THE CORPORATION OF THE MUNICIPALITY OF BRIGHTON,Brighton Water Pollution Control Plant,"100 COUNTY RD 64, BRIGHTON, ON K0K 1H0",BRIGHTON,Municipal Sewage,Peterborough District Office,TOTAL AMMONIA NITROGEN,Approval/Permit Non-Compliance,2024-05-01,2024-05-31,14,mg/L,mon avg,1,18.5,18.5,Action Plan Submitted,Voluntary Compliance Underway
THE CORPORATION OF THE MUNICIPALITY OF BRIGHTON,Brighton Water Pollution Control Plant,"100 COUNTY RD 64, BRIGHTON, ON K0K 1H0",BRIGHTON,Municipal Sewage,Peterborough District Office,TOTAL AMMONIA NITROGEN,Approval/Permit Non-Compliance,2024-06-01,2024-06-30,14,mg/L,mon avg,1,22.1,22.1,Action Plan Submitted,Voluntary Compliance Underway
THE CORPORATION OF THE MUNICIPALITY OF BRIGHTON,Brighton Water Pollution Control Plant,"100 COUNTY RD 64, BRIGHTON, ON K0K 1H0",BRIGHTON,Municipal Sewage,Peterborough District Office,TOTAL AMMONIA NITROGEN,Approval/Permit Non-Compliance,2024-07-01,2024-07-31,14,mg/L,mon avg,1,18.4,18.4,Action Plan Submitted,Voluntary Compliance Underway
THE CORPORATION OF THE MUNICIPALITY OF BRIGHTON,Brighton Water Pollution Control Plant,"100 COUNTY RD 64, BRIGHTON, ON K0K 1H0",BRIGHTON,Municipal Sewage,Peterborough District Office,TOTAL AMMONIA NITROGEN,Approval/Permit Non-Compliance,2024-12-01,2024-12-31,17,mg/L,mon avg,1,18.7,18.7,Action Plan Submitted,Voluntary Compliance Underway
CORPORATION OF THE TOWN OF CARLETON PLACE,Carleton Place Water Pollution Control Plant,"122 PATTERSON CRES, CARLETON PLACE, ON K7C 4P3",CARLETON PLACE,Municipal Sewage,Ottawa District Office,TOTAL AMMONIA NITROGEN,Approval/Permit Non-Compliance,2024-05-01,2024-05-31,4,mg/L,mon avg,1,7.07,7.07,Operational Process Modified,Addressed w/o Intervention
MATTAWA MUNICIPAL CORPORATION,Mattawa Lagoon,"LOT:38, CONCESSION:1, GEOTOWNSHIP:PAPINEAU, MATTAWA, ON",MATTAWA,Municipal Sewage,North Bay Area Office,PHOSPHORUS; TOTAL,Approval/Permit Non-Compliance,2024-06-01,2024-06-30,2.5,mg/L,mon avg,1,2.54,2.54,New Equipment Installed,Voluntary Compliance Underway
THE CORPORATION OF THE MUNICIPALITY OF MARKSTAY - WARREN,Warren Lagoon,"LOT:12, CONCESSION:6, GEOTOWNSHIP:WARREN, MARKSTAY-WARREN, ON",MARKSTAY-WARREN,Municipal Sewage,Sudbury District Office,"SUSPENDED SOLIDS, TOTAL",Approval/Permit Non-Compliance,2024-10-18,2024-11-05,40,mg/L,seasonal avg,1,44.61,44.61,Training Procedure Change,Addressed w/o Intervention
THE CORPORATION OF THE MUNICIPALITY OF MARKSTAY - WARREN,Warren Lagoon,"LOT:12, CONCESSION:6, GEOTOWNSHIP:WARREN, MARKSTAY-WARREN, ON",MARKSTAY-WARREN,Municipal Sewage,Sudbury District Office,PHOSPHORUS; TOTAL,Approval/Permit Non-Compliance,2024-10-18,2024-11-05,1,mg/L,seasonal avg,1,1.05,1.05,Training Procedure Change,Addressed w/o Intervention
THE CORPORATION OF THE TOWN OF LAURENTIAN HILLS,Chalk River Water Pollution Control Plant,"35 BLIMKIE ST E, LAURENTIAN HILLS, ON K0J 1J0",LAURENTIAN HILLS,Municipal Sewage,Ottawa District Office,ESCHERICHIA COLI,Approval/Permit Non-Compliance,2024-05-01,2024-05-31,200,cfu/100ml,mon avg on a geo. mean density,1,1095,1095,Conducting Study,Addressed w/o Intervention
THE CORPORATION OF THE TOWN OF LAURENTIAN HILLS,Chalk River Water Pollution Control Plant,"35 BLIMKIE ST E, LAURENTIAN HILLS, ON K0J 1J0",LAURENTIAN HILLS,Municipal Sewage,Ottawa District Office,ESCHERICHIA COLI,Approval/Permit Non-Compliance,2024-06-01,2024-06-30,200,cfu/100ml,mon avg on a geo. mean density,1,2198,2198,Operational Process Modified,Addressed w/o Intervention
THE CORPORATION OF THE TOWN OF LAURENTIAN HILLS,Chalk River Water Pollution Control Plant,"35 BLIMKIE ST E, LAURENTIAN HILLS, ON K0J 1J0",LAURENTIAN HILLS,Municipal Sewage,Ottawa District Office,PH - LOW,Approval/Permit Non-Compliance,2024-10-14,2024-10-17,6,pH,any,1,5.7,5.7,Operational Process Modified,Addressed w/o Intervention
THE TOWNSHIP OF LEEDS AND THE THOUSAND ISLANDS,Lansdowne Lagoon,"44 KING ST E, LEEDS AND THE THOUSAND ISLANDS, ON K0E 1L0",LEEDS AND THE THOUSAND ISLANDS,Municipal Sewage,Kingston District Office,"SUSPENDED SOLIDS, TOTAL",Approval/Permit Non-Compliance,2024-04-02,2024-04-12,25,mg/L,/season,1,28.6,28.6,Operational Process Modified,Addressed w/o Intervention
THE TOWNSHIP OF LEEDS AND THE THOUSAND ISLANDS,Lansdowne Lagoon,"44 KING ST E, LEEDS AND THE THOUSAND ISLANDS, ON K0E 1L0",LEEDS AND THE THOUSAND ISLANDS,Municipal Sewage,Kingston District Office,"SUSPENDED SOLIDS, TOTAL",Approval/Permit Non-Compliance,2024-10-24,2024-10-30,25,mg/L,/season,1,64,64,Operational Process Modified,Addressed w/o Intervention
THE CORPORATION OF THE CITY OF LONDON,Pottersburg Water Pollution Control Plant,"1141 HAMILTON RD, LONDON, ON N5W 1B1",LONDON,Municipal Sewage,London District Office,PHOSPHORUS; TOTAL,Approval/Permit Non-Compliance,2024-06-01,2024-06-30,0.75,mg/L,mon avg,1,0.88,0.88,Equipment Modified/Repaired,Event Resolved
THE TOWNSHIP OF LUCAN BIDDULPH,Lucan Sewage Treatment Plant,"6242 FALLON DR, LUCAN BIDDULPH, ON N0M 2J0",LUCAN BIDDULPH,Municipal Sewage,London District Office,TOTAL AMMONIA NITROGEN,Approval/Permit Non-Compliance,2024-12-01,2024-12-31,4.4,kg/d,mon avg,1,10,10,Equipment Modified/Repaired,Voluntary Compliance Underway
THE TOWNSHIP OF LUCAN BIDDULPH,Lucan Sewage Treatment Plant,"6242 FALLON DR, LUCAN BIDDULPH, ON N0M 2J0",LUCAN BIDDULPH,Municipal Sewage,London District Office,TOTAL AMMONIA NITROGEN,Approval/Permit Non-Compliance,2024-12-01,2024-12-31,2.6,mg/L,mon avg,1,6.6,6.6,Equipment Modified/Repaired,Voluntary Compliance Underway
TOWNSHIP OF MACDONALD MEREDITH & ABERDEEN ADDL,Echo Bay Water Pollution Control Plant,"3121 HWY 17B S, MACDONALD, MEREDITH AND ABERDEEN ADDITIONAL, ON P0S 1C0","MACDONALD, MEREDITH AND ABERDEEN ADDITIONAL",Municipal Sewage,Sault Ste. Marie Area Office,ESCHERICHIA COLI,Approval/Permit Non-Compliance,2024-11-01,2024-11-30,200,cfu/100ml,mon avg on a geo. mean density,1,564.78,564.78,Resolved w/o Actions Required,Addressed w/o Intervention
TOWNSHIP OF MADAWASKA VALLEY,Barry's Bay Water Pollution Control Plant,"117 LAKESHORE DR, BARRY'S BAY, MADAWASKA VALLEY, ON K0J 1B0",MADAWASKA VALLEY,Municipal Sewage,Ottawa District Office,PHOSPHORUS; TOTAL,Approval/Permit Non-Compliance,2024-11-01,2024-11-30,0.2,mg/L,/mon,1,0.33,0.33,Operational Process Modified,Addressed w/o Intervention
TOWNSHIP OF MADAWASKA VALLEY,Barry's Bay Water Pollution Control Plant,"117 LAKESHORE DR, BARRY'S BAY, MADAWASKA VALLEY, ON K0J 1B0",MADAWASKA VALLEY,Municipal Sewage,Ottawa District Office,ESCHERICHIA COLI,Approval/Permit Non-Compliance,2024-12-01,2024-12-31,200,CT/100ml,mon avg on a geo. mean density,1,253,253,Additional Monitoring Underway,Addressed w/o Intervention
TOWNSHIP OF MADAWASKA VALLEY,Barry's Bay Water Pollution Control Plant,"117 LAKESHORE DR, BARRY'S BAY, MADAWASKA VALLEY, ON K0J 1B0",MADAWASKA VALLEY,Municipal Sewage,Ottawa District Office,PHOSPHORUS; TOTAL,Approval/Permit Non-Compliance,2024-12-01,2024-12-31,0.2,mg/L,/mon,1,0.37,0.37,Additional Monitoring Underway,Addressed w/o Intervention
THE CORPORATION OF THE TOWNSHIP OF MAPLETON,Drayton Lagoon,"7101 SIDEROAD 15, MAPLETON, ON N0G 1P0",MAPLETON,Municipal Sewage,Guelph District Office,FLOW,Approval/Permit Non-Compliance,2024-10-07,2024-10-07,656.4,m³/d,/day,1,715.26,715.26,Operational Process Modified,Voluntary Compliance Underway
THE CORPORATION OF THE TOWN OF MARATHON,Marathon Water Pollution Control Plant,"41 HOWE ST, MARATHON, ON P0T 2E0",MARATHON,Municipal Sewage,Thunder Bay District Office,PHOSPHORUS; TOTAL,Approval/Permit Non-Compliance,2024-05-03,2024-05-03,1,mg/L,/day,1,1.34,1.34,Resolved w/o Actions Required,Voluntary Compliance Underway
THE CORPORATION OF THE TOWN OF MARATHON,Marathon Water Pollution Control Plant,"41 HOWE ST, MARATHON, ON P0T 2E0",MARATHON,Municipal Sewage,Thunder Bay District Office,PHOSPHORUS; TOTAL,Approval/Permit Non-Compliance,2024-06-26,2024-06-26,1,mg/L,/day,1,1.66,1.66,Resolved w/o Actions Required,Voluntary Compliance Underway
THE CORPORATION OF THE TOWN OF MARATHON,Marathon Water Pollution Control Plant,"41 HOWE ST, MARATHON, ON P0T 2E0",MARATHON,Municipal Sewage,Thunder Bay District Office,PHOSPHORUS; TOTAL,Approval/Permit Non-Compliance,2024-07-11,2024-07-11,1,mg/L,/day,1,2.11,2.11,Resolved w/o Actions Required,Voluntary Compliance Underway
THE CORPORATION OF THE TOWN OF MARATHON,Marathon Water Pollution Control Plant,"41 HOWE ST, MARATHON, ON P0T 2E0",MARATHON,Municipal Sewage,Thunder Bay District Office,PHOSPHORUS; TOTAL,Approval/Permit Non-Compliance,2024-08-07,2024-08-07,1,mg/L,/day,1,1.52,1.52,Resolved w/o Actions Required,Voluntary Compliance Underway
THE CORPORATION OF THE TOWN OF MARATHON,Marathon Water Pollution Control Plant,"41 HOWE ST, MARATHON, ON P0T 2E0",MARATHON,Municipal Sewage,Thunder Bay District Office,PHOSPHORUS; TOTAL,Approval/Permit Non-Compliance,2024-08-20,2024-08-20,1,mg/L,/day,1,3.33,3.33,Resolved w/o Actions Required,Voluntary Compliance Underway
THE CORPORATION OF THE TOWN OF MARATHON,Marathon Water Pollution Control Plant,"41 HOWE ST, MARATHON, ON P0T 2E0",MARATHON,Municipal Sewage,Thunder Bay District Office,PHOSPHORUS; TOTAL,Approval/Permit Non-Compliance,2024-09-04,2024-09-04,1,mg/L,/day,1,4.62,4.62,Resolved w/o Actions Required,Voluntary Compliance Underway
THE CORPORATION OF THE TOWN OF MARATHON,Marathon Water Pollution Control Plant,"41 HOWE ST, MARATHON, ON P0T 2E0",MARATHON,Municipal Sewage,Thunder Bay District Office,PHOSPHORUS; TOTAL,Approval/Permit Non-Compliance,2024-09-18,2024-09-18,1,mg/L,/day,1,2.21,2.21,Resolved w/o Actions Required,Voluntary Compliance Underway
THE CORPORATION OF THE TOWN OF MARATHON,Marathon Water Pollution Control Plant,"41 HOWE ST, MARATHON, ON P0T 2E0",MARATHON,Municipal Sewage,Thunder Bay District Office,PHOSPHORUS; TOTAL,Approval/Permit Non-Compliance,2024-10-02,2024-10-02,1,mg/L,/day,1,1.06,1.06,Resolved w/o Actions Required,Voluntary Compliance Underway
THE CORPORATION OF THE TOWN OF MARATHON,Marathon Water Pollution Control Plant,"41 HOWE ST, MARATHON, ON P0T 2E0",MARATHON,Municipal Sewage,Thunder Bay District Office,PHOSPHORUS; TOTAL,Approval/Permit Non-Compliance,2024-12-26,2024-12-26,1,mg/L,/day,1,1.24,1.24,Resolved w/o Actions Required,Voluntary Compliance Underway
THE CORPORATION OF THE TOWNSHIP OF MCGARRY,Virginiatown And Kearns Water Pollution Control Plant (Mcgarry),"MINING CLAIM MC L5414 PCL 348CST, MCGARRY, ON",MCGARRY,Municipal Sewage,Timmins District Office,PHOSPHORUS; TOTAL,Approval/Permit Non-Compliance,2024-02-01,2024-02-29,0.5,mg/L,mon avg,1,0.678,0.678,Additional Monitoring Underway,Addressed w/o Intervention
THE CORPORATION OF THE TOWNSHIP OF MCGARRY,Virginiatown And Kearns Water Pollution Control Plant (Mcgarry),"MINING CLAIM MC L5414 PCL 348CST, MCGARRY, ON",MCGARRY,Municipal Sewage,Timmins District Office,PHOSPHORUS; TOTAL,Approval/Permit Non-Compliance,2024-03-01,2024-03-31,0.6,kg/d,mon avg,1,0.691,0.691,Operational Process Modified,Addressed w/o Intervention
THE CORPORATION OF THE TOWNSHIP OF MCGARRY,Virginiatown And Kearns Water Pollution Control Plant (Mcgarry),"MINING CLAIM MC L5414 PCL 348CST, MCGARRY, ON",MCGARRY,Municipal Sewage,Timmins District Office,PHOSPHORUS; TOTAL,Approval/Permit Non-Compliance,2024-04-01,2024-04-30,0.6,kg/d,mon avg,1,0.682,0.682,Operational Process Modified,Addressed w/o Intervention
THE CORPORATION OF THE TOWNSHIP OF MCGARRY,Virginiatown And Kearns Water Pollution Control Plant (Mcgarry),"MINING CLAIM MC L5414 PCL 348CST, MCGARRY, ON",MCGARRY,Municipal Sewage,Timmins District Office,PHOSPHORUS; TOTAL,Approval/Permit Non-Compliance,2024-09-01,2024-09-30,0.5,mg/L,mon avg,1,0.577,0.577,Operational Process Modified,Event Resolved
THE CORPORATION OF THE TOWNSHIP OF MIDDLESEX CENTRE,Ilderton Sewage Treatment Plant,"147 MEADOWCREEK DR, MIDDLESEX CENTRE, ON N0M 2A0",MIDDLESEX CENTRE,Municipal Sewage,London District Office,PH - LOW,Approval/Permit Non-Compliance,2024-11-08,2024-11-08,1,pH,/week,1,6,6,Action Plan Submitted,Assessment Underway
THE CORPORATION OF THE TOWNSHIP OF MIDDLESEX CENTRE,Ilderton Sewage Treatment Plant,"147 MEADOWCREEK DR, MIDDLESEX CENTRE, ON N0M 2A0",MIDDLESEX CENTRE,Municipal Sewage,London District Office,PHOSPHORUS; TOTAL,Approval/Permit Non-Compliance,2024-12-01,2024-12-31,0.26,mg/L,mon avg,1,0.27,0.27,Additional Monitoring Underway,Voluntary Compliance Underway
THE CORPORATION OF THE TOWNSHIP OF MIDDLESEX CENTRE,Ilderton Sewage Treatment Plant,"147 MEADOWCREEK DR, MIDDLESEX CENTRE, ON N0M 2A0",MIDDLESEX CENTRE,Municipal Sewage,London District Office,"SUSPENDED SOLIDS, TOTAL",Approval/Permit Non-Compliance,2024-12-01,2024-12-31,10,mg/L,mon avg,1,12.2,12.2,Additional Monitoring Underway,Voluntary Compliance Underway
CORPORATION OF THE TOWN OF MINTO,Harriston Lagoon,"90 WILLIAM ST W, MINTO, ON N0G 1Z0",MINTO,Municipal Sewage,Guelph District Office,FLOW,Approval/Permit Non-Compliance,2024-10-15,2024-10-15,328.32,m³,/day,1,511.19,511.19,Training Procedure Change,Event Resolved
CORPORATION OF THE TOWNSHIP OF MOONBEAM,Moonbeam Lagoon,"LOT:10, 11, 12, CONCESSION:3, GEOTOWNSHIP:FAUQUIER, MOONBEAM, ON",MOONBEAM,Municipal Sewage,Timmins District Office,PHOSPHORUS; TOTAL,Policy/Guidance/ Non-Conf.,2024-05-21,2024-06-09,1,mg/L,seasonal avg,1,1.16,1.16,Resolved w/o Actions Required,Voluntary Compliance Underway
CORPORATION OF THE TOWNSHIP OF MOONBEAM,Moonbeam Lagoon,"LOT:10, 11, 12, CONCESSION:3, GEOTOWNSHIP:FAUQUIER, MOONBEAM, ON",MOONBEAM,Municipal Sewage,Timmins District Office,PHOSPHORUS; TOTAL,Policy/Guidance/ Non-Conf.,2024-10-22,2024-11-19,1,mg/L,seasonal avg,1,1.003,1.003,Ceased Operations,Voluntary Compliance Underway
THE CORPORATION OF THE TOWN OF NEW TECUMSETH,Alliston Water Pollution Control Plant,"4982 SIR FREDERICK BANTING RD, NEW TECUMSETH, ON L9R 1K1",NEW TECUMSETH,Municipal Sewage,Barrie District Office,PH - LOW,Approval/Permit Non-Compliance,2024-07-01,2024-07-31,6,pH,any,2,6,9.5,New Equipment Installed,Event Resolved
THE CORPORATION OF THE TOWN OF NEW TECUMSETH,Alliston Water Pollution Control Plant,"4982 SIR FREDERICK BANTING RD, NEW TECUMSETH, ON L9R 1K1",NEW TECUMSETH,Municipal Sewage,Barrie District Office,TOTAL AMMONIA NITROGEN,Approval/Permit Non-Compliance,2024-08-01,2024-08-31,1,mg/L,mon avg,1,1.23,1.23,Equipment Modified/Repaired,Event Resolved
THE REGIONAL MUNICIPALITY OF NIAGARA,Welland Wastewater Treatment Plant,"505 RIVER RD, WELLAND, ON L3B 5N6",WELLAND,Municipal Sewage,Niagara District Office,"SUSPENDED SOLIDS, TOTAL",Approval/Permit Non-Compliance,2024-12-01,2024-12-31,1362.5,kg/d,mon avg,1,1469.7,1469.7,Equipment Modified/Repaired,Voluntary Compliance Underway
THE REGIONAL MUNICIPALITY OF NIAGARA,Welland Wastewater Treatment Plant,"505 RIVER RD, WELLAND, ON L3B 5N6",WELLAND,Municipal Sewage,Niagara District Office,"SUSPENDED SOLIDS, TOTAL",Approval/Permit Non-Compliance,2024-12-01,2024-12-31,25,mg/L,mon avg,1,38,38,Equipment Modified/Repaired,Voluntary Compliance Underway
THE REGIONAL MUNICIPALITY OF NIAGARA,Queenston Wastewater Treatment Plant,"5 RIVER FRONTAGE RD, NIAGARA-ON-THE-LAKE, ON L0S 1J0",NIAGARA-ON-THE-LAKE,Municipal Sewage,Niagara District Office,"SUSPENDED SOLIDS, TOTAL",Approval/Permit Non-Compliance,2024-07-01,2024-07-31,25,mg/L,mon avg,1,27.4,27.4,Resolved w/o Actions Required,Addressed w/o Intervention
THE REGIONAL MUNICIPALITY OF NIAGARA,Stevensville-Douglastown Lagoon,"3274 NETHERBY RD, FORT ERIE, ON L0S 1S0",FORT ERIE,Municipal Sewage,Niagara District Office,TOTAL AMMONIA NITROGEN,Approval/Permit Non-Compliance,2024-01-23,2024-01-25,15,mg/L,/day,2,16,16.7,Additional Monitoring Underway,Assessment Underway
THE REGIONAL MUNICIPALITY OF NIAGARA,Stevensville-Douglastown Lagoon,"3274 NETHERBY RD, FORT ERIE, ON L0S 1S0",FORT ERIE,Municipal Sewage,Niagara District Office,TOTAL AMMONIA NITROGEN,Approval/Permit Non-Compliance,2024-04-02,2024-04-02,15,mg/L,/day,1,15.5,15.5,Additional Monitoring Underway,Assessment Underway
THE REGIONAL MUNICIPALITY OF NIAGARA,Stevensville-Douglastown Lagoon,"3274 NETHERBY RD, FORT ERIE, ON L0S 1S0",FORT ERIE,Municipal Sewage,Niagara District Office,TOTAL AMMONIA NITROGEN,Approval/Permit Non-Compliance,2024-05-01,2024-10-31,7,mg/L,seasonal avg,1,13.34,13.34,Additional Monitoring Underway,Assessment Underway
THE REGIONAL MUNICIPALITY OF NIAGARA,Stevensville-Douglastown Lagoon,"3274 NETHERBY RD, FORT ERIE, ON L0S 1S0",FORT ERIE,Municipal Sewage,Niagara District Office,TOTAL AMMONIA NITROGEN,Approval/Permit Non-Compliance,2024-05-02,2024-05-02,10,mg/L,/day,1,10.1,10.1,Additional Monitoring Underway,Assessment Underway
THE REGIONAL MUNICIPALITY OF NIAGARA,Stevensville-Douglastown Lagoon,"3274 NETHERBY RD, FORT ERIE, ON L0S 1S0",FORT ERIE,Municipal Sewage,Niagara District Office,TOTAL AMMONIA NITROGEN,Approval/Permit Non-Compliance,2024-05-07,2024-05-16,10,mg/L,/day,4,12.8,17,Additional Monitoring Underway,Assessment Underway
THE REGIONAL MUNICIPALITY OF NIAGARA,Stevensville-Douglastown Lagoon,"3274 NETHERBY RD, FORT ERIE, ON L0S 1S0",FORT ERIE,Municipal Sewage,Niagara District Office,TOTAL AMMONIA NITROGEN,Approval/Permit Non-Compliance,2024-05-21,2024-05-23,10,mg/L,/day,2,14.8,18,Additional Monitoring Underway,Assessment Underway
THE REGIONAL MUNICIPALITY OF NIAGARA,Stevensville-Douglastown Lagoon,"3274 NETHERBY RD, FORT ERIE, ON L0S 1S0",FORT ERIE,Municipal Sewage,Niagara District Office,TOTAL AMMONIA NITROGEN,Approval/Permit Non-Compliance,2024-05-28,2024-05-30,10,mg/L,/day,2,15.2,16.9,Additional Monitoring Underway,Assessment Underway
THE REGIONAL MUNICIPALITY OF NIAGARA,Stevensville-Douglastown Lagoon,"3274 NETHERBY RD, FORT ERIE, ON L0S 1S0",FORT ERIE,Municipal Sewage,Niagara District Office,TOTAL AMMONIA NITROGEN,Approval/Permit Non-Compliance,2024-06-04,2024-06-06,10,mg/L,/day,2,14.5,15.1,Additional Monitoring Underway,Assessment Underway
THE REGIONAL MUNICIPALITY OF NIAGARA,Stevensville-Douglastown Lagoon,"3274 NETHERBY RD, FORT ERIE, ON L0S 1S0",FORT ERIE,Municipal Sewage,Niagara District Office,TOTAL AMMONIA NITROGEN,Approval/Permit Non-Compliance,2024-06-11,2024-06-11,10,mg/L,/day,1,20,20,Additional Monitoring Underway,Assessment Underway
THE REGIONAL MUNICIPALITY OF NIAGARA,Stevensville-Douglastown Lagoon,"3274 NETHERBY RD, FORT ERIE, ON L0S 1S0",FORT ERIE,Municipal Sewage,Niagara District Office,TOTAL AMMONIA NITROGEN,Approval/Permit Non-Compliance,2024-06-13,2024-06-13,10,mg/L,/day,1,18.9,18.9,Additional Monitoring Underway,Assessment Underway
THE REGIONAL MUNICIPALITY OF NIAGARA,Stevensville-Douglastown Lagoon,"3274 NETHERBY RD, FORT ERIE, ON L0S 1S0",FORT ERIE,Municipal Sewage,Niagara District Office,TOTAL AMMONIA NITROGEN,Approval/Permit Non-Compliance,2024-06-25,2024-07-02,10,mg/L,/day,3,15.8,17.7,Additional Monitoring Underway,Assessment Underway
THE REGIONAL MUNICIPALITY OF NIAGARA,Stevensville-Douglastown Lagoon,"3274 NETHERBY RD, FORT ERIE, ON L0S 1S0",FORT ERIE,Municipal Sewage,Niagara District Office,TOTAL AMMONIA NITROGEN,Approval/Permit Non-Compliance,2024-07-04,2024-07-11,10,mg/L,/day,3,14.1,15.6,Additional Monitoring Underway,Assessment Underway
THE REGIONAL MUNICIPALITY OF NIAGARA,Stevensville-Douglastown Lagoon,"3274 NETHERBY RD, FORT ERIE, ON L0S 1S0",FORT ERIE,Municipal Sewage,Niagara District Office,TOTAL AMMONIA NITROGEN,Approval/Permit Non-Compliance,2024-07-16,2024-07-18,10,mg/L,/day,2,10.9,12.8,New Equipment Installed,Assessment Underway
THE REGIONAL MUNICIPALITY OF NIAGARA,Stevensville-Douglastown Lagoon,"3274 NETHERBY RD, FORT ERIE, ON L0S 1S0",FORT ERIE,Municipal Sewage,Niagara District Office,TOTAL AMMONIA NITROGEN,Approval/Permit Non-Compliance,2024-07-23,2024-08-01,10,mg/L,/day,4,13,14.4,New Equipment Installed,Voluntary Compliance Underway
THE REGIONAL MUNICIPALITY OF NIAGARA,Stevensville-Douglastown Lagoon,"3274 NETHERBY RD, FORT ERIE, ON L0S 1S0",FORT ERIE,Municipal Sewage,Niagara District Office,TOTAL AMMONIA NITROGEN,Approval/Permit Non-Compliance,2024-08-06,2024-08-06,10,mg/L,/day,1,11.4,11.4,Additional Monitoring Underway,Assessment Underway
THE REGIONAL MUNICIPALITY OF NIAGARA,Stevensville-Douglastown Lagoon,"3274 NETHERBY RD, FORT ERIE, ON L0S 1S0",FORT ERIE,Municipal Sewage,Niagara District Office,TOTAL AMMONIA NITROGEN,Approval/Permit Non-Compliance,2024-09-12,2024-09-12,10,mg/L,/day,1,10.5,10.5,Additional Monitoring Underway,Assessment Underway
THE REGIONAL MUNICIPALITY OF NIAGARA,Stevensville-Douglastown Lagoon,"3274 NETHERBY RD, FORT ERIE, ON L0S 1S0",FORT ERIE,Municipal Sewage,Niagara District Office,TOTAL AMMONIA NITROGEN,Approval/Permit Non-Compliance,2024-09-19,2024-09-26,10,mg/L,/day,2,10.1,11.8,Additional Monitoring Underway,Voluntary Compliance Underway
THE REGIONAL MUNICIPALITY OF NIAGARA,Niagara Falls Wastewater Treatment Plant,"3450 STANLEY AVE, NIAGARA FALLS, ON",NIAGARA FALLS,Municipal Sewage,Niagara District Office,CARBONACEOUS BIOCHEMICAL OXYGEN DEMAND,Approval/Permit Non-Compliance,2024-01-01,2024-01-31,25,mg/L,mon avg,1,27.5,27.5,New Equipment Installed,Assessment Underway
THE REGIONAL MUNICIPALITY OF NIAGARA,Niagara Falls Wastewater Treatment Plant,"3450 STANLEY AVE, NIAGARA FALLS, ON",NIAGARA FALLS,Municipal Sewage,Niagara District Office,"SUSPENDED SOLIDS, TOTAL",Approval/Permit Non-Compliance,2024-01-01,2024-01-31,25,mg/L,mon avg,1,40.4,40.4,New Equipment Installed,Assessment Underway
THE REGIONAL MUNICIPALITY OF NIAGARA,Niagara Falls Wastewater Treatment Plant,"3450 STANLEY AVE, NIAGARA FALLS, ON",NIAGARA FALLS,Municipal Sewage,Niagara District Office,CARBONACEOUS BIOCHEMICAL OXYGEN DEMAND,Approval/Permit Non-Compliance,2024-02-01,2024-02-29,25,mg/L,mon avg,1,30.5,30.5,Additional Monitoring Underway,Assessment Underway
THE REGIONAL MUNICIPALITY OF NIAGARA,Niagara Falls Wastewater Treatment Plant,"3450 STANLEY AVE, NIAGARA FALLS, ON",NIAGARA FALLS,Municipal Sewage,Niagara District Office,PHOSPHORUS; TOTAL,Approval/Permit Non-Compliance,2024-02-01,2024-02-29,1,mg/L,mon avg,1,1.06,1.06,Additional Monitoring Underway,Assessment Underway
THE REGIONAL MUNICIPALITY OF NIAGARA,Niagara Falls Wastewater Treatment Plant,"3450 STANLEY AVE, NIAGARA FALLS, ON",NIAGARA FALLS,Municipal Sewage,Niagara District Office,"SUSPENDED SOLIDS, TOTAL",Approval/Permit Non-Compliance,2024-02-01,2024-02-29,25,mg/L,mon avg,1,33.6,33.6,Additional Monitoring Underway,Assessment Underway
THE REGIONAL MUNICIPALITY OF NIAGARA,Niagara Falls Wastewater Treatment Plant,"3450 STANLEY AVE, NIAGARA FALLS, ON",NIAGARA FALLS,Municipal Sewage,Niagara District Office,CARBONACEOUS BIOCHEMICAL OXYGEN DEMAND,Approval/Permit Non-Compliance,2024-03-01,2024-03-31,25,mg/L,mon avg,1,25.1,25.1,Additional Monitoring Underway,Assessment Underway
THE REGIONAL MUNICIPALITY OF NIAGARA,Niagara Falls Wastewater Treatment Plant,"3450 STANLEY AVE, NIAGARA FALLS, ON",NIAGARA FALLS,Municipal Sewage,Niagara District Office,PHOSPHORUS; TOTAL,Approval/Permit Non-Compliance,2024-03-01,2024-03-31,1,mg/L,mon avg,1,1.03,1.03,Additional Monitoring Underway,Assessment Underway
THE REGIONAL MUNICIPALITY OF NIAGARA,Niagara Falls Wastewater Treatment Plant,"3450 STANLEY AVE, NIAGARA FALLS, ON",NIAGARA FALLS,Municipal Sewage,Niagara District Office,"SUSPENDED SOLIDS, TOTAL",Approval/Permit Non-Compliance,2024-03-01,2024-03-31,25,mg/L,mon avg,1,28.9,28.9,Additional Monitoring Underway,Assessment Underway
THE REGIONAL MUNICIPALITY OF NIAGARA,Niagara Falls Wastewater Treatment Plant,"3450 STANLEY AVE, NIAGARA FALLS, ON",NIAGARA FALLS,Municipal Sewage,Niagara District Office,"SUSPENDED SOLIDS, TOTAL",Approval/Permit Non-Compliance,2024-04-01,2024-04-30,25,mg/L,mon avg,1,29.7,29.7,Additional Monitoring Underway,Assessment Underway
THE REGIONAL MUNICIPALITY OF NIAGARA,Niagara Falls Wastewater Treatment Plant,"3450 STANLEY AVE, NIAGARA FALLS, ON",NIAGARA FALLS,Municipal Sewage,Niagara District Office,CARBONACEOUS BIOCHEMICAL OXYGEN DEMAND,Approval/Permit Non-Compliance,2024-04-01,2024-04-23,25,mg/L,mon avg,1,27.4,27.4,Additional Monitoring Underway,Assessment Underway
THE REGIONAL MUNICIPALITY OF NIAGARA,Niagara Falls Wastewater Treatment Plant,"3450 STANLEY AVE, NIAGARA FALLS, ON",NIAGARA FALLS,Municipal Sewage,Niagara District Office,CARBONACEOUS BIOCHEMICAL OXYGEN DEMAND,Approval/Permit Non-Compliance,2024-05-01,2024-05-31,25,mg/L,mon avg,1,31.3,31.3,Additional Monitoring Underway,Assessment Underway
THE REGIONAL MUNICIPALITY OF NIAGARA,Niagara Falls Wastewater Treatment Plant,"3450 STANLEY AVE, NIAGARA FALLS, ON",NIAGARA FALLS,Municipal Sewage,Niagara District Office,"SUSPENDED SOLIDS, TOTAL",Approval/Permit Non-Compliance,2024-05-01,2024-05-31,25,mg/L,mon avg,1,32,32,Additional Monitoring Underway,Assessment Underway
THE REGIONAL MUNICIPALITY OF NIAGARA,Niagara Falls Wastewater Treatment Plant,"3450 STANLEY AVE, NIAGARA FALLS, ON",NIAGARA FALLS,Municipal Sewage,Niagara District Office,PHOSPHORUS; TOTAL,Approval/Permit Non-Compliance,2024-06-01,2024-06-30,1,mg/L,mon avg,1,1.08,1.08,Additional Monitoring Underway,Assessment Underway
THE REGIONAL MUNICIPALITY OF NIAGARA,Niagara Falls Wastewater Treatment Plant,"3450 STANLEY AVE, NIAGARA FALLS, ON",NIAGARA FALLS,Municipal Sewage,Niagara District Office,"SUSPENDED SOLIDS, TOTAL",Approval/Permit Non-Compliance,2024-06-01,2024-06-30,25,mg/L,mon avg,1,35,35,Additional Monitoring Underway,Assessment Underway
THE REGIONAL MUNICIPALITY OF NIAGARA,Niagara Falls Wastewater Treatment Plant,"3450 STANLEY AVE, NIAGARA FALLS, ON",NIAGARA FALLS,Municipal Sewage,Niagara District Office,CARBONACEOUS BIOCHEMICAL OXYGEN DEMAND,Approval/Permit Non-Compliance,2024-06-01,2024-06-30,25,mg/L,mon avg,1,26.8,26.8,Additional Monitoring Underway,Assessment Underway
THE REGIONAL MUNICIPALITY OF NIAGARA,Niagara Falls Wastewater Treatment Plant,"3450 STANLEY AVE, NIAGARA FALLS, ON",NIAGARA FALLS,Municipal Sewage,Niagara District Office,CARBONACEOUS BIOCHEMICAL OXYGEN DEMAND,Approval/Permit Non-Compliance,2024-08-01,2024-08-31,25,mg/L,mon avg,1,34.5,34.5,Additional Monitoring Underway,Assessment Underway
THE REGIONAL MUNICIPALITY OF NIAGARA,Niagara Falls Wastewater Treatment Plant,"3450 STANLEY AVE, NIAGARA FALLS, ON",NIAGARA FALLS,Municipal Sewage,Niagara District Office,"SUSPENDED SOLIDS, TOTAL",Approval/Permit Non-Compliance,2024-08-01,2024-08-31,25,mg/L,mon avg,1,32.5,32.5,Additional Monitoring Underway,Assessment Underway
THE REGIONAL MUNICIPALITY OF NIAGARA,Niagara Falls Wastewater Treatment Plant,"3450 STANLEY AVE, NIAGARA FALLS, ON",NIAGARA FALLS,Municipal Sewage,Niagara District Office,"SUSPENDED SOLIDS, TOTAL",Approval/Permit Non-Compliance,2024-09-01,2024-09-30,25,mg/L,mon avg,1,33.4,33.4,Additional Monitoring Underway,Assessment Underway
THE REGIONAL MUNICIPALITY OF NIAGARA,Niagara Falls Wastewater Treatment Plant,"3450 STANLEY AVE, NIAGARA FALLS, ON",NIAGARA FALLS,Municipal Sewage,Niagara District Office,CARBONACEOUS BIOCHEMICAL OXYGEN DEMAND,Approval/Permit Non-Compliance,2024-09-01,2024-09-30,25,mg/L,mon avg,1,42.4,42.4,Additional Monitoring Underway,Assessment Underway
THE REGIONAL MUNICIPALITY OF NIAGARA,Niagara Falls Wastewater Treatment Plant,"3450 STANLEY AVE, NIAGARA FALLS, ON",NIAGARA FALLS,Municipal Sewage,Niagara District Office,"SUSPENDED SOLIDS, TOTAL",Approval/Permit Non-Compliance,2024-10-01,2024-10-31,25,mg/L,mon avg,1,25.9,25.9,Additional Monitoring Underway,Assessment Underway
THE REGIONAL MUNICIPALITY OF NIAGARA,Niagara Falls Wastewater Treatment Plant,"3450 STANLEY AVE, NIAGARA FALLS, ON",NIAGARA FALLS,Municipal Sewage,Niagara District Office,CARBONACEOUS BIOCHEMICAL OXYGEN DEMAND,Approval/Permit Non-Compliance,2024-10-01,2024-10-31,25,mg/L,mon avg,1,44.2,44.2,Additional Monitoring Underway,Assessment Underway
THE REGIONAL MUNICIPALITY OF NIAGARA,Niagara Falls Wastewater Treatment Plant,"3450 STANLEY AVE, NIAGARA FALLS, ON",NIAGARA FALLS,Municipal Sewage,Niagara District Office,CARBONACEOUS BIOCHEMICAL OXYGEN DEMAND,Approval/Permit Non-Compliance,2024-11-01,2024-11-30,25,mg/L,mon avg,1,39.5,39.5,Additional Monitoring Underway,Assessment Underway
THE REGIONAL MUNICIPALITY OF NIAGARA,Niagara Falls Wastewater Treatment Plant,"3450 STANLEY AVE, NIAGARA FALLS, ON",NIAGARA FALLS,Municipal Sewage,Niagara District Office,"SUSPENDED SOLIDS, TOTAL",Approval/Permit Non-Compliance,2024-11-01,2024-11-30,25,mg/L,mon avg,1,31,31,Additional Monitoring Underway,Assessment Underway
THE REGIONAL MUNICIPALITY OF NIAGARA,Anger Avenue Wastewater Treatment  Plant,"1 ANGER AVE, FORT ERIE, ON L2A 5M4",FORT ERIE,Municipal Sewage,Niagara District Office,"SUSPENDED SOLIDS, TOTAL",Approval/Permit Non-Compliance,2024-01-01,2024-01-31,25,mg/L,mon avg,1,32.7,32.7,New Equipment Installed,Assessment Underway
THE REGIONAL MUNICIPALITY OF NIAGARA,Baker Road Wastewater Treatment Plant,"160 LAKE ST N, GRIMSBY, ON L3M 5T3",GRIMSBY,Municipal Sewage,Niagara District Office,TOTAL AMMONIA NITROGEN,Approval/Permit Non-Compliance,2024-02-01,2024-02-29,10,mg/L,mon avg,1,25.95,25.95,Equipment Modified/Repaired,Assessment Underway
THE REGIONAL MUNICIPALITY OF NIAGARA,Baker Road Wastewater Treatment Plant,"160 LAKE ST N, GRIMSBY, ON L3M 5T3",GRIMSBY,Municipal Sewage,Niagara District Office,PHOSPHORUS; TOTAL,Approval/Permit Non-Compliance,2024-03-01,2024-03-31,0.5,mg/L,mon avg,1,0.55,0.55,Additional Monitoring Underway,Assessment Underway
THE REGIONAL MUNICIPALITY OF NIAGARA,Baker Road Wastewater Treatment Plant,"160 LAKE ST N, GRIMSBY, ON L3M 5T3",GRIMSBY,Municipal Sewage,Niagara District Office,TOTAL AMMONIA NITROGEN,Approval/Permit Non-Compliance,2024-03-01,2024-03-31,10,mg/L,mon avg,1,17.68,17.68,Additional Monitoring Underway,Assessment Underway
THE REGIONAL MUNICIPALITY OF NIAGARA,Baker Road Wastewater Treatment Plant,"160 LAKE ST N, GRIMSBY, ON L3M 5T3",GRIMSBY,Municipal Sewage,Niagara District Office,PHOSPHORUS; TOTAL,Approval/Permit Non-Compliance,2024-07-01,2024-07-31,0.5,mg/L,mon avg,1,0.66,0.66,Additional Monitoring Underway,Assessment Underway
THE CORPORATION OF THE TOWNSHIP OF NIPIGON,Nipigon Water Pollution Control Plant,"112 NEWTON ST, NIPIGON, ON P0T 1K0",NIPIGON,Municipal Sewage,Thunder Bay District Office,ESCHERICHIA COLI,Approval/Permit Non-Compliance,2024-03-01,2024-03-31,200,CT/100ml,mon avg on a geo. mean density,1,300,300,Equipment Modified/Repaired,Voluntary Compliance Underway
THE CORPORATION OF THE CITY OF NORTH BAY,North Bay Water Pollution Control Plant,"650 MEMORIAL DR, NORTH BAY, ON P1A 1T6",NORTH BAY,Municipal Sewage,North Bay Area Office,TOTAL RESIDUAL CHLORINE,Approval/Permit Non-Compliance,2024-05-15,2024-05-15,0.02,mg/L,any,1,0.06,0.06,Operational Process Modified,Addressed w/o Intervention
THE CORPORATION OF THE CITY OF NORTH BAY,North Bay Water Pollution Control Plant,"650 MEMORIAL DR, NORTH BAY, ON P1A 1T6",NORTH BAY,Municipal Sewage,North Bay Area Office,TOTAL RESIDUAL CHLORINE,Approval/Permit Non-Compliance,2024-05-17,2024-05-17,0.02,mg/L,any,1,0.05,0.05,Operational Process Modified,Addressed w/o Intervention
THE CORPORATION OF THE CITY OF NORTH BAY,North Bay Water Pollution Control Plant,"650 MEMORIAL DR, NORTH BAY, ON P1A 1T6",NORTH BAY,Municipal Sewage,North Bay Area Office,TOTAL RESIDUAL CHLORINE,Approval/Permit Non-Compliance,2024-05-19,2024-05-19,0.02,mg/L,any,1,0.36,0.36,Operational Process Modified,Addressed w/o Intervention
THE CORPORATION OF THE CITY OF NORTH BAY,North Bay Water Pollution Control Plant,"650 MEMORIAL DR, NORTH BAY, ON P1A 1T6",NORTH BAY,Municipal Sewage,North Bay Area Office,ESCHERICHIA COLI,Approval/Permit Non-Compliance,2024-06-01,2024-06-30,200,cfu/100ml,mon avg on a geo. mean density,1,356.28,356.28,Equipment Modified/Repaired,Addressed w/o Intervention
THE CORPORATION OF THE CITY OF NORTH BAY,North Bay Water Pollution Control Plant,"650 MEMORIAL DR, NORTH BAY, ON P1A 1T6",NORTH BAY,Municipal Sewage,North Bay Area Office,TOTAL RESIDUAL CHLORINE,Approval/Permit Non-Compliance,2024-06-12,2024-06-12,0.02,mg/L,any,1,0.03,0.03,Operational Process Modified,Addressed w/o Intervention
THE CORPORATION OF THE CITY OF NORTH BAY,North Bay Water Pollution Control Plant,"650 MEMORIAL DR, NORTH BAY, ON P1A 1T6",NORTH BAY,Municipal Sewage,North Bay Area Office,PH - LOW,Approval/Permit Non-Compliance,2024-07-24,2024-07-24,6,pH,any,1,5.81,5.81,Operational Process Modified,Addressed w/o Intervention
THE CORPORATION OF THE CITY OF NORTH BAY,North Bay Water Pollution Control Plant,"650 MEMORIAL DR, NORTH BAY, ON P1A 1T6",NORTH BAY,Municipal Sewage,North Bay Area Office,PH - LOW,Approval/Permit Non-Compliance,2024-07-31,2024-07-31,6,pH,any,1,5.84,5.84,Operational Process Modified,Addressed w/o Intervention
THE CORPORATION OF THE CITY OF NORTH BAY,North Bay Water Pollution Control Plant,"650 MEMORIAL DR, NORTH BAY, ON P1A 1T6",NORTH BAY,Municipal Sewage,North Bay Area Office,PH - LOW,Approval/Permit Non-Compliance,2024-08-01,2024-08-01,6,pH,any,1,5.48,5.48,Operational Process Modified,Addressed w/o Intervention
THE CORPORATION OF THE CITY OF NORTH BAY,North Bay Water Pollution Control Plant,"650 MEMORIAL DR, NORTH BAY, ON P1A 1T6",NORTH BAY,Municipal Sewage,North Bay Area Office,TOTAL RESIDUAL CHLORINE,Approval/Permit Non-Compliance,2024-08-04,2024-08-04,0.02,mg/L,any,2,0.04,0.31,Operational Process Modified,Addressed w/o Intervention
THE CORPORATION OF THE CITY OF NORTH BAY,North Bay Water Pollution Control Plant,"650 MEMORIAL DR, NORTH BAY, ON P1A 1T6",NORTH BAY,Municipal Sewage,North Bay Area Office,TOTAL RESIDUAL CHLORINE,Approval/Permit Non-Compliance,2024-08-27,2024-08-27,0.02,mg/L,any,1,0.04,0.04,Operational Process Modified,Addressed w/o Intervention
THE CORPORATION OF THE CITY OF NORTH BAY,North Bay Water Pollution Control Plant,"650 MEMORIAL DR, NORTH BAY, ON P1A 1T6",NORTH BAY,Municipal Sewage,North Bay Area Office,TOTAL RESIDUAL CHLORINE,Approval/Permit Non-Compliance,2024-09-07,2024-09-07,0.02,mg/L,any,1,0.03,0.03,Operational Process Modified,Voluntary Compliance Underway
THE CORPORATION OF THE TOWNSHIP OF NORTH DUNDAS,Winchester Lagoon,"12396 OTTAWA ST N, WINCHESTER, NORTH DUNDAS, ON K0C 2K0",NORTH DUNDAS,Municipal Sewage,Cornwall Area Office,"SUSPENDED SOLIDS, TOTAL",Approval/Permit Non-Compliance,2024-03-07,2024-03-28,40,mg/L,/week,1,47.4,47.4,New Equipment Installed,Addressed w/o Intervention
THE CORPORATION OF THE TOWNSHIP OF NORTH DUNDAS,Chesterville Lagoon,"LOT:20, CONCESSION:4, GEOTOWNSHIP:WINCHESTER, NORTH DUNDAS, ON",NORTH DUNDAS,Municipal Sewage,Cornwall Area Office,"SUSPENDED SOLIDS, TOTAL",Approval/Permit Non-Compliance,2024-03-25,2024-04-08,30,mg/L,/season,1,36.2,36.2,Additional Monitoring Underway,Addressed w/o Intervention
THE MUNICIPALITY OF NORTH GRENVILLE,Kemptville Water Pollution Control Plant,"2899 COUNTY RD 43, NORTH GRENVILLE, ON K0G 1J0",NORTH GRENVILLE,Municipal Sewage,Kingston District Office,PHOSPHORUS; TOTAL,Approval/Permit Non-Compliance,2024-04-01,2024-04-30,1.35,kg/d,mon avg,1,1.36,1.36,Equipment Modified/Repaired,Voluntary Compliance Underway
THE TOWNSHIP OF NORTH HURON,Blyth Water Pollution Control Plant,"117 NORTH ST, NORTH HURON, ON N0M 1L0",NORTH HURON,Municipal Sewage,Owen Sound District Office,"SUSPENDED SOLIDS, TOTAL",Approval/Permit Non-Compliance,2024-06-01,2024-06-30,5,mg/L,mon avg,1,16.1,16.1,Equipment Modified/Repaired,Addressed w/o Intervention
THE TOWNSHIP OF NORTH HURON,Blyth Water Pollution Control Plant,"117 NORTH ST, NORTH HURON, ON N0M 1L0",NORTH HURON,Municipal Sewage,Owen Sound District Office,ESCHERICHIA COLI,Legislation Non-Compliance,2024-06-01,2024-06-30,200,CT/100ml,mon avg on a geo. mean density,1,253,253,Additional Monitoring Underway,Assessment Underway
THE TOWNSHIP OF NORTH HURON,Blyth Water Pollution Control Plant,"117 NORTH ST, NORTH HURON, ON N0M 1L0",NORTH HURON,Municipal Sewage,Owen Sound District Office,ESCHERICHIA COLI,Approval/Permit Non-Compliance,2024-07-01,2024-07-31,200,CT/100ml,mon avg on a geo. mean density,1,370,370,Additional Monitoring Underway,Assessment Underway
THE TOWNSHIP OF NORTH HURON,Blyth Water Pollution Control Plant,"117 NORTH ST, NORTH HURON, ON N0M 1L0",NORTH HURON,Municipal Sewage,Owen Sound District Office,"SUSPENDED SOLIDS, TOTAL",Approval/Permit Non-Compliance,2024-07-01,2024-07-31,5,mg/L,mon avg,1,10.9,10.9,Additional Monitoring Underway,Assessment Underway
THE TOWNSHIP OF NORTH HURON,Blyth Water Pollution Control Plant,"117 NORTH ST, NORTH HURON, ON N0M 1L0",NORTH HURON,Municipal Sewage,Owen Sound District Office,"SUSPENDED SOLIDS, TOTAL",Approval/Permit Non-Compliance,2024-08-01,2024-08-31,5,mg/L,mon avg,1,7.6,7.6,Additional Monitoring Underway,Assessment Underway
THE TOWNSHIP OF NORTH HURON,Blyth Water Pollution Control Plant,"117 NORTH ST, NORTH HURON, ON N0M 1L0",NORTH HURON,Municipal Sewage,Owen Sound District Office,CARBONACEOUS BIOCHEMICAL OXYGEN DEMAND,Approval/Permit Non-Compliance,2024-09-01,2024-09-30,5,mg/L,mon avg,1,5.5,5.5,Operational Process Modified,Addressed w/o Intervention
THE TOWNSHIP OF NORTH HURON,Blyth Water Pollution Control Plant,"117 NORTH ST, NORTH HURON, ON N0M 1L0",NORTH HURON,Municipal Sewage,Owen Sound District Office,ESCHERICHIA COLI,Approval/Permit Non-Compliance,2024-12-01,2024-12-31,200,CT/100ml,mon avg on a geo. mean density,1,225,225,Additional Monitoring Underway,Assessment Underway
THE CORPORATION OF THE TOWN OF NORTHEASTERN MANITOULIN AND THE ISLANDS,Little Current Lagoon,"LOT:24, CONCESSION:11, GEOTOWNSHIP:HOWLAND, N.E. MANITOULIN & THE ISLANDS, ON",N.E. MANITOULIN & THE ISLANDS,Municipal Sewage,Sudbury District Office,PHOSPHORUS; TOTAL,Approval/Permit Non-Compliance,2024-01-01,2024-12-31,1,mg/L,annual avg,1,2.5,2.5,Conducting Study,Addressed w/o Intervention
THE CORPORATION OF THE TOWN OF ORANGEVILLE,Orangeville Water Pollution Control Plant,"16 TOWN LINE, ORANGEVILLE, ON L9W 3H3",ORANGEVILLE,Municipal Sewage,Guelph District Office,"SUSPENDED SOLIDS, TOTAL",Approval/Permit Non-Compliance,2024-03-01,2024-03-31,5,mg/L,mon avg,1,5.25,5.25,Operational Process Modified,Voluntary Compliance Underway
COUNTY OF OXFORD,Tillsonburg Wastewater Treatment Plant,"19 VAN ST, TILLSONBURG, ON N4G 2M7",TILLSONBURG,Municipal Sewage,London District Office,"SUSPENDED SOLIDS, TOTAL",Approval/Permit Non-Compliance,2024-03-01,2024-03-31,25,mg/L,mon avg,1,28.2,28.2,Resolved w/o Actions Required,Voluntary Compliance Underway
COUNTY OF OXFORD,Plattsville Lagoon,"906885 TOWNSHIP RD 12, BLANDFORD-BLENHEIM, ON N0J 1B0",BLANDFORD-BLENHEIM,Municipal Sewage,London District Office,"SUSPENDED SOLIDS, TOTAL",Approval/Permit Non-Compliance,2024-11-01,2024-11-30,10,mg/L,/mon,1,86,86,Operational Process Modified,Voluntary Compliance Underway
COUNTY OF OXFORD,Norwich Lagoon,"773126 STOVER ST S, NORWICH, ON N0J 1P0",NORWICH,Municipal Sewage,London District Office,"SUSPENDED SOLIDS, TOTAL",Approval/Permit Non-Compliance,2024-03-01,2024-03-31,10,mg/L,mon avg,1,31.5,31.5,Operational Process Modified,Assessment Underway
COUNTY OF OXFORD,Norwich Lagoon,"773126 STOVER ST S, NORWICH, ON N0J 1P0",NORWICH,Municipal Sewage,London District Office,ESCHERICHIA COLI,Approval/Permit Non-Compliance,2024-06-01,2024-06-30,200,cfu/100ml,mon avg on a geo. mean density,1,212,212,Resolved w/o Actions Required,Voluntary Compliance Underway
COUNTY OF OXFORD,Drumbo Wastewater Treatment Plant,"93 PETERSON ST, BLANDFORD-BLENHEIM, ON N0J 1G0",BLANDFORD-BLENHEIM,Municipal Sewage,London District Office,TOTAL AMMONIA NITROGEN,Approval/Permit Non-Compliance,2024-01-01,2024-01-31,1.36,kg/d,/mon,1,1.78,1.78,New Equipment Installed,Voluntary Compliance Underway
COUNTY OF OXFORD,Drumbo Wastewater Treatment Plant,"93 PETERSON ST, BLANDFORD-BLENHEIM, ON N0J 1G0",BLANDFORD-BLENHEIM,Municipal Sewage,London District Office,TOTAL AMMONIA NITROGEN,Approval/Permit Non-Compliance,2024-01-01,2024-01-31,4.5,mg/L,/mon,1,4.8,4.8,New Equipment Installed,Voluntary Compliance Underway
COUNTY OF OXFORD,Drumbo Wastewater Treatment Plant,"93 PETERSON ST, BLANDFORD-BLENHEIM, ON N0J 1G0",BLANDFORD-BLENHEIM,Municipal Sewage,London District Office,DISSOLVED OXYGEN,Approval/Permit Non-Compliance,2024-02-07,2024-02-07,5,mg/L,/day,1,3.2,3.2,Operational Process Modified,Voluntary Compliance Underway
COUNTY OF OXFORD,Drumbo Wastewater Treatment Plant,"93 PETERSON ST, BLANDFORD-BLENHEIM, ON N0J 1G0",BLANDFORD-BLENHEIM,Municipal Sewage,London District Office,DISSOLVED OXYGEN,Approval/Permit Non-Compliance,2024-02-14,2024-02-14,5,mg/L,/day,1,3.6,3.6,Operational Process Modified,Voluntary Compliance Underway
COUNTY OF OXFORD,Drumbo Wastewater Treatment Plant,"93 PETERSON ST, BLANDFORD-BLENHEIM, ON N0J 1G0",BLANDFORD-BLENHEIM,Municipal Sewage,London District Office,DISSOLVED OXYGEN,Approval/Permit Non-Compliance,2024-02-21,2024-02-21,5,mg/L,/day,1,2.1,2.1,Operational Process Modified,Voluntary Compliance Underway
COUNTY OF OXFORD,Drumbo Wastewater Treatment Plant,"93 PETERSON ST, BLANDFORD-BLENHEIM, ON N0J 1G0",BLANDFORD-BLENHEIM,Municipal Sewage,London District Office,DISSOLVED OXYGEN,Approval/Permit Non-Compliance,2024-02-28,2024-02-28,5,mg/L,/day,1,2,2,Operational Process Modified,Voluntary Compliance Underway
COUNTY OF OXFORD,Drumbo Wastewater Treatment Plant,"93 PETERSON ST, BLANDFORD-BLENHEIM, ON N0J 1G0",BLANDFORD-BLENHEIM,Municipal Sewage,London District Office,DISSOLVED OXYGEN,Approval/Permit Non-Compliance,2024-03-06,2024-03-06,5,mg/L,/day,1,2.3,2.3,Operational Process Modified,Voluntary Compliance Underway
COUNTY OF OXFORD,Drumbo Wastewater Treatment Plant,"93 PETERSON ST, BLANDFORD-BLENHEIM, ON N0J 1G0",BLANDFORD-BLENHEIM,Municipal Sewage,London District Office,DISSOLVED OXYGEN,Approval/Permit Non-Compliance,2024-03-13,2024-03-13,5,mg/L,/day,1,2.1,2.1,Operational Process Modified,Voluntary Compliance Underway
COUNTY OF OXFORD,Drumbo Wastewater Treatment Plant,"93 PETERSON ST, BLANDFORD-BLENHEIM, ON N0J 1G0",BLANDFORD-BLENHEIM,Municipal Sewage,London District Office,DISSOLVED OXYGEN,Approval/Permit Non-Compliance,2024-03-20,2024-03-20,5,mg/L,/day,1,2.3,2.3,Operational Process Modified,Voluntary Compliance Underway
COUNTY OF OXFORD,Drumbo Wastewater Treatment Plant,"93 PETERSON ST, BLANDFORD-BLENHEIM, ON N0J 1G0",BLANDFORD-BLENHEIM,Municipal Sewage,London District Office,DISSOLVED OXYGEN,Approval/Permit Non-Compliance,2024-10-10,2024-10-10,5,mg/L,any,1,4.5,4.5,Additional Monitoring Underway,Voluntary Compliance Underway
THE REGIONAL MUNICIPALITY OF PEEL,Clarkson South-Peel Water Resource Recovery Facility,"2307 LAKESHORE RD W, MISSISSAUGA, ON L5J 4B1",MISSISSAUGA,Municipal Sewage,Halton-Peel District Office,TOTAL RESIDUAL CHLORINE,Approval/Permit Non-Compliance,2024-07-24,2024-07-24,0.02,mg/L,/day,1,0.03,0.03,Training Procedure Change,Assessment Underway
THE REGIONAL MUNICIPALITY OF PEEL,Clarkson South-Peel Water Resource Recovery Facility,"2307 LAKESHORE RD W, MISSISSAUGA, ON L5J 4B1",MISSISSAUGA,Municipal Sewage,Halton-Peel District Office,TOTAL RESIDUAL CHLORINE,Approval/Permit Non-Compliance,2024-09-30,2024-09-30,0.02,mg/L,/day,1,0.03,0.03,Equipment Modified/Repaired,Voluntary Compliance Underway
CORPORATION OF THE CITY OF PEMBROKE,Pembroke Water Pollution Control Plant,"98 RANKIN ST, LAURENTIAN VALLEY, ON K8A 6Y9",LAURENTIAN VALLEY,Municipal Sewage,Ottawa District Office,ESCHERICHIA COLI,Approval/Permit Non-Compliance,2024-02-01,2024-02-29,200,CT/100ml,/mon,1,296.78,296.78,Operational Process Modified,Addressed w/o Intervention
CORPORATION OF THE CITY OF PEMBROKE,Pembroke Water Pollution Control Plant,"98 RANKIN ST, LAURENTIAN VALLEY, ON K8A 6Y9",LAURENTIAN VALLEY,Municipal Sewage,Ottawa District Office,ESCHERICHIA COLI,Approval/Permit Non-Compliance,2024-04-01,2024-04-30,200,CT/100ml,mon avg on a geo. mean density,1,246,246,Action Plan Submitted,Voluntary Compliance Underway
CORPORATION OF THE CITY OF PEMBROKE,Pembroke Water Pollution Control Plant,"98 RANKIN ST, LAURENTIAN VALLEY, ON K8A 6Y9",LAURENTIAN VALLEY,Municipal Sewage,Ottawa District Office,ESCHERICHIA COLI,Legislation Non-Compliance,2024-09-01,2024-09-30,200,CT/100ml,mon avg on a geo. mean density,1,259.32,259.32,Operational Process Modified,Voluntary Compliance Underway
CORPORATION OF THE CITY OF PEMBROKE,Pembroke Water Pollution Control Plant,"98 RANKIN ST, LAURENTIAN VALLEY, ON K8A 6Y9",LAURENTIAN VALLEY,Municipal Sewage,Ottawa District Office,ESCHERICHIA COLI,Approval/Permit Non-Compliance,2024-11-01,2024-11-30,200,CT/100ml,mon avg on a geo. mean density,1,385.29,385.29,Additional Monitoring Underway,Addressed w/o Intervention
CORPORATION OF THE TOWN OF PENETANGUISHENE,Penetanguishene (Fox St) Sewage Treatment Plant,"146 FOX ST, PENETANGUISHENE, ON L9M 1E7",PENETANGUISHENE,Municipal Sewage,Barrie District Office,"SUSPENDED SOLIDS, TOTAL",Approval/Permit Non-Compliance,2024-03-01,2024-03-31,15,mg/L,mon avg,1,19,19,Equipment Modified/Repaired,Event Resolved
CORPORATION OF THE TOWNSHIP OF PERTH EAST,Shakespeare WPCP,"3976B GALT ST, PERTH EAST, ON N0B 2P0",PERTH EAST,Municipal Sewage,London District Office,ESCHERICHIA COLI,Approval/Permit Non-Compliance,2024-01-01,2024-01-31,100,cfu/100ml,/mon,1,151,151,Equipment Modified/Repaired,Voluntary Compliance Underway
CORPORATION OF THE TOWNSHIP OF PERTH EAST,Shakespeare WPCP,"3976B GALT ST, PERTH EAST, ON N0B 2P0",PERTH EAST,Municipal Sewage,London District Office,PHOSPHORUS; TOTAL,Approval/Permit Non-Compliance,2024-05-01,2024-05-31,0.3,mg/L,/mon,1,0.48,0.48,New Equipment Installed,Voluntary Compliance Underway
CORPORATION OF THE TOWNSHIP OF PERTH EAST,Shakespeare WPCP,"3976B GALT ST, PERTH EAST, ON N0B 2P0",PERTH EAST,Municipal Sewage,London District Office,TOTAL AMMONIA NITROGEN,Approval/Permit Non-Compliance,2024-05-01,2024-05-31,3,mg/L,/mon,1,4.7,4.7,New Equipment Installed,Voluntary Compliance Underway
CORPORATION OF THE TOWNSHIP OF PERTH EAST,Shakespeare WPCP,"3976B GALT ST, PERTH EAST, ON N0B 2P0",PERTH EAST,Municipal Sewage,London District Office,TOTAL AMMONIA NITROGEN,Approval/Permit Non-Compliance,2024-06-01,2024-06-30,3,mg/L,/mon,1,3.08,3.08,New Equipment Installed,Voluntary Compliance Underway
CORPORATION OF THE TOWNSHIP OF PERTH EAST,Shakespeare WPCP,"3976B GALT ST, PERTH EAST, ON N0B 2P0",PERTH EAST,Municipal Sewage,London District Office,ESCHERICHIA COLI,Approval/Permit Non-Compliance,2024-07-01,2024-07-31,100,cfu/100ml,/mon,1,102,102,Equipment Modified/Repaired,Voluntary Compliance Underway
CORPORATION OF THE TOWNSHIP OF PERTH EAST,Shakespeare WPCP,"3976B GALT ST, PERTH EAST, ON N0B 2P0",PERTH EAST,Municipal Sewage,London District Office,PHOSPHORUS; TOTAL,Approval/Permit Non-Compliance,2024-09-01,2024-09-30,0.3,mg/L,/mon,1,0.49,0.49,Operational Process Modified,Voluntary Compliance Underway
CORPORATION OF THE TOWNSHIP OF PERTH EAST,Milverton Lagoon,"MILL ST W, LOT 5, CONCESSION III, PERTH EAST, ON N0K 1M0",PERTH EAST,Municipal Sewage,London District Office,CARBONACEOUS BIOCHEMICAL OXYGEN DEMAND,Approval/Permit Non-Compliance,2024-03-01,2024-03-31,15,mg/L,mon avg,1,20.9,20.9,Other,Other Action Taken
CORPORATION OF THE TOWNSHIP OF PERTH EAST,Milverton Lagoon,"MILL ST W, LOT 5, CONCESSION III, PERTH EAST, ON N0K 1M0",PERTH EAST,Municipal Sewage,London District Office,"SUSPENDED SOLIDS, TOTAL",Approval/Permit Non-Compliance,2024-11-01,2024-11-30,15,mg/L,/mon,1,58.5,58.5,Other,Voluntary Compliance Underway
THE CORPORATION OF THE MUNICIPALITY OF LAMBTON SHORES,Indian Hills Water Pollution Control Plant,"9173 INDIAN HILLS TRAIL W, LAMBTON SHORES, ON N0N 1J2",LAMBTON SHORES,Municipal Sewage,Sarnia District Office,PHOSPHORUS; TOTAL,Approval/Permit Non-Compliance,2024-04-01,2024-04-30,1,mg/L,mon avg,1,1.48,1.48,Operational Process Modified,Addressed w/o Intervention
THE CORPORATION OF THE MUNICIPALITY OF LAMBTON SHORES,Indian Hills Water Pollution Control Plant,"9173 INDIAN HILLS TRAIL W, LAMBTON SHORES, ON N0N 1J2",LAMBTON SHORES,Municipal Sewage,Sarnia District Office,TOTAL AMMONIA NITROGEN,Approval/Permit Non-Compliance,2024-04-01,2024-04-30,3,mg/L,mon avg,1,4.6,4.6,Operational Process Modified,Addressed w/o Intervention
THE CORPORATION OF THE MUNICIPALITY OF LAMBTON SHORES,Grand Bend Wastewater Treatment Facility,"70145 MOLLARD LINE, SOUTH HURON, ON N0M 2K0",SOUTH HURON,Municipal Sewage,Sarnia District Office,PH - LOW,Approval/Permit Non-Compliance,2024-08-14,2024-08-14,6,pH,any,1,5.78,5.78,Operational Process Modified,Event Resolved
CORPORATION OF THE TOWN OF PERTH,Perth Sewage Treatment Lagoons,"390 WILD LIFE RD, DRUMMOND-NORTH ELMSLEY, ON K7H 3C7",DRUMMOND-NORTH ELMSLEY,Municipal Sewage,Ottawa District Office,TOTAL AMMONIA NITROGEN,Approval/Permit Non-Compliance,2024-01-01,2024-01-31,30.88,kg/d,mon avg,1,70.23,70.23,Additional Monitoring Underway,Voluntary Compliance Underway
CORPORATION OF THE TOWN OF PERTH,Perth Sewage Treatment Lagoons,"390 WILD LIFE RD, DRUMMOND-NORTH ELMSLEY, ON K7H 3C7",DRUMMOND-NORTH ELMSLEY,Municipal Sewage,Ottawa District Office,TOTAL AMMONIA NITROGEN,Approval/Permit Non-Compliance,2024-01-01,2024-01-31,4,mg/L,mon avg,1,10.21,10.21,Additional Monitoring Underway,Voluntary Compliance Underway
CORPORATION OF THE TOWN OF PERTH,Perth Sewage Treatment Lagoons,"390 WILD LIFE RD, DRUMMOND-NORTH ELMSLEY, ON K7H 3C7",DRUMMOND-NORTH ELMSLEY,Municipal Sewage,Ottawa District Office,TOTAL AMMONIA NITROGEN,Approval/Permit Non-Compliance,2024-02-01,2024-02-29,4,mg/L,mon avg,1,12.08,12.08,Additional Monitoring Underway,Assessment Underway
CORPORATION OF THE TOWN OF PERTH,Perth Sewage Treatment Lagoons,"390 WILD LIFE RD, DRUMMOND-NORTH ELMSLEY, ON K7H 3C7",DRUMMOND-NORTH ELMSLEY,Municipal Sewage,Ottawa District Office,TOTAL AMMONIA NITROGEN,Approval/Permit Non-Compliance,2024-02-01,2024-02-29,30.88,kg/d,mon avg,1,85.64,85.64,Additional Monitoring Underway,Assessment Underway
CORPORATION OF THE TOWN OF PERTH,Perth Sewage Treatment Lagoons,"390 WILD LIFE RD, DRUMMOND-NORTH ELMSLEY, ON K7H 3C7",DRUMMOND-NORTH ELMSLEY,Municipal Sewage,Ottawa District Office,TOTAL AMMONIA NITROGEN,Approval/Permit Non-Compliance,2024-03-01,2024-03-31,30.88,kg/d,mon avg,1,83.37,83.37,Additional Monitoring Underway,Assessment Underway
CORPORATION OF THE TOWN OF PERTH,Perth Sewage Treatment Lagoons,"390 WILD LIFE RD, DRUMMOND-NORTH ELMSLEY, ON K7H 3C7",DRUMMOND-NORTH ELMSLEY,Municipal Sewage,Ottawa District Office,TOTAL AMMONIA NITROGEN,Approval/Permit Non-Compliance,2024-03-01,2024-03-31,4,mg/L,mon avg,1,10.16,10.16,Additional Monitoring Underway,Assessment Underway
CORPORATION OF THE TOWN OF PERTH,Perth Sewage Treatment Lagoons,"390 WILD LIFE RD, DRUMMOND-NORTH ELMSLEY, ON K7H 3C7",DRUMMOND-NORTH ELMSLEY,Municipal Sewage,Ottawa District Office,TOTAL AMMONIA NITROGEN,Approval/Permit Non-Compliance,2024-04-01,2024-04-30,15.44,kg/d,mon avg,1,59.03,59.03,Additional Monitoring Underway,Assessment Underway
CORPORATION OF THE TOWN OF PERTH,Perth Sewage Treatment Lagoons,"390 WILD LIFE RD, DRUMMOND-NORTH ELMSLEY, ON K7H 3C7",DRUMMOND-NORTH ELMSLEY,Municipal Sewage,Ottawa District Office,TOTAL AMMONIA NITROGEN,Approval/Permit Non-Compliance,2024-04-01,2024-04-30,2,mg/L,mon avg,1,6.97,6.97,Additional Monitoring Underway,Assessment Underway
CORPORATION OF THE TOWN OF PERTH,Perth Sewage Treatment Lagoons,"390 WILD LIFE RD, DRUMMOND-NORTH ELMSLEY, ON K7H 3C7",DRUMMOND-NORTH ELMSLEY,Municipal Sewage,Ottawa District Office,"SUSPENDED SOLIDS, TOTAL",Approval/Permit Non-Compliance,2024-05-01,2024-05-31,25,mg/L,mon avg,1,27.75,27.75,Additional Monitoring Underway,Assessment Underway
CORPORATION OF THE TOWN OF PERTH,Perth Sewage Treatment Lagoons,"390 WILD LIFE RD, DRUMMOND-NORTH ELMSLEY, ON K7H 3C7",DRUMMOND-NORTH ELMSLEY,Municipal Sewage,Ottawa District Office,TOTAL AMMONIA NITROGEN,Approval/Permit Non-Compliance,2024-07-01,2024-07-31,2,mg/L,mon avg,1,2.1,2.1,Additional Monitoring Underway,Assessment Underway
CORPORATION OF THE TOWN OF PERTH,Perth Sewage Treatment Lagoons,"390 WILD LIFE RD, DRUMMOND-NORTH ELMSLEY, ON K7H 3C7",DRUMMOND-NORTH ELMSLEY,Municipal Sewage,Ottawa District Office,"SUSPENDED SOLIDS, TOTAL",Approval/Permit Non-Compliance,2024-08-01,2024-08-31,192.5,kg/d,mon avg,1,220.67,220.67,Additional Monitoring Underway,Assessment Underway
CORPORATION OF THE TOWN OF PERTH,Perth Sewage Treatment Lagoons,"390 WILD LIFE RD, DRUMMOND-NORTH ELMSLEY, ON K7H 3C7",DRUMMOND-NORTH ELMSLEY,Municipal Sewage,Ottawa District Office,"SUSPENDED SOLIDS, TOTAL",Approval/Permit Non-Compliance,2024-08-01,2024-08-31,25,mg/L,mon avg,1,46.5,46.5,Additional Monitoring Underway,Assessment Underway
CORPORATION OF THE TOWN OF PERTH,Perth Sewage Treatment Lagoons,"390 WILD LIFE RD, DRUMMOND-NORTH ELMSLEY, ON K7H 3C7",DRUMMOND-NORTH ELMSLEY,Municipal Sewage,Ottawa District Office,"SUSPENDED SOLIDS, TOTAL",Approval/Permit Non-Compliance,2024-09-01,2024-09-30,25,mg/L,mon avg,1,39.5,39.5,Additional Monitoring Underway,Assessment Underway
CORPORATION OF THE TOWN OF PERTH,Perth Sewage Treatment Lagoons,"390 WILD LIFE RD, DRUMMOND-NORTH ELMSLEY, ON K7H 3C7",DRUMMOND-NORTH ELMSLEY,Municipal Sewage,Ottawa District Office,TOTAL AMMONIA NITROGEN,Approval/Permit Non-Compliance,2024-12-01,2024-12-31,30.88,kg/d,mon avg,1,49.38,49.38,Additional Monitoring Underway,Assessment Underway
CORPORATION OF THE TOWN OF PERTH,Perth Sewage Treatment Lagoons,"390 WILD LIFE RD, DRUMMOND-NORTH ELMSLEY, ON K7H 3C7",DRUMMOND-NORTH ELMSLEY,Municipal Sewage,Ottawa District Office,TOTAL AMMONIA NITROGEN,Approval/Permit Non-Compliance,2024-12-01,2024-12-31,4,mg/L,mon avg,1,8.93,8.93,Additional Monitoring Underway,Assessment Underway
CORPORATION OF THE TOWN OF PETAWAWA,Petawawa Water Pollution Control Plant,"560 ABBIE LN, PETAWAWA, ON K8H 3R9",PETAWAWA,Municipal Sewage,Ottawa District Office,ESCHERICHIA COLI,Approval/Permit Non-Compliance,2024-07-01,2024-07-31,200,cfu/100ml,mon avg on a geo. mean density,1,263.2,263.2,Additional Monitoring Underway,Addressed w/o Intervention
CORPORATION OF THE TOWN OF PETROLIA,Petrolia Water Pollution Control Plant,"546 MAUDE ST, PETROLIA, ON N0N 1R0",PETROLIA,Municipal Sewage,Sarnia District Office,TOTAL AMMONIA NITROGEN,Approval/Permit Non-Compliance,2024-08-01,2024-08-31,3,mg/L,mon avg,1,3.13,3.13,Equipment Modified/Repaired,Event Resolved
THE CORPORATION OF THE TOWN OF PLYMPTON-WYOMING,Plympton Sewage Treatment Plant,"4043 ABERARDER LINE, PLYMPTON-WYOMING, ON N0N 1E0",PLYMPTON-WYOMING,Municipal Sewage,Sarnia District Office,"SUSPENDED SOLIDS, TOTAL",Approval/Permit Non-Compliance,2024-07-01,2024-07-31,15,mg/L,mon avg,1,448.2,448.2,Operational Process Modified,Addressed w/o Intervention
THE CORPORATION OF THE TOWN OF PLYMPTON-WYOMING,Plympton Sewage Treatment Plant,"4043 ABERARDER LINE, PLYMPTON-WYOMING, ON N0N 1E0",PLYMPTON-WYOMING,Municipal Sewage,Sarnia District Office,PHOSPHORUS; TOTAL,Approval/Permit Non-Compliance,2024-07-01,2024-07-31,1,mg/L,mon avg,1,15.96,15.96,Operational Process Modified,Addressed w/o Intervention
THE CORPORATION OF THE MUNICIPALITY OF POWASSAN,Powassan Lagoon,"LOT:17, CONCESSION:13, GEOTOWNSHIP:HIMSWORTH, POWASSAN, ON",POWASSAN,Municipal Sewage,North Bay Area Office,"SUSPENDED SOLIDS, TOTAL",Approval/Permit Non-Compliance,2024-10-17,2024-11-22,25,mg/L,seasonal avg,1,25.8,25.8,Operational Process Modified,Voluntary Compliance Underway
CORPORATION OF THE CITY OF QUINTE WEST,Batawa Water Pollution Control Plant,"1378 TRENTON FRANKFORD RD, BATAWA, QUINTE WEST, ON K0K 1E0",QUINTE WEST,Municipal Sewage,Peterborough District Office,"SUSPENDED SOLIDS, TOTAL",Approval/Permit Non-Compliance,2024-05-01,2024-05-31,25,mg/L,mon avg,1,38.2,38.2,Resolved w/o Actions Required,Event Resolved
CORPORATION OF THE CITY OF QUINTE WEST,Batawa Water Pollution Control Plant,"1378 TRENTON FRANKFORD RD, BATAWA, QUINTE WEST, ON K0K 1E0",QUINTE WEST,Municipal Sewage,Peterborough District Office,PHOSPHORUS; TOTAL,Approval/Permit Non-Compliance,2024-05-01,2024-05-31,0.27,kg/d,mon avg,1,0.33,0.33,Resolved w/o Actions Required,Event Resolved
CORPORATION OF THE CITY OF QUINTE WEST,Batawa Water Pollution Control Plant,"1378 TRENTON FRANKFORD RD, BATAWA, QUINTE WEST, ON K0K 1E0",QUINTE WEST,Municipal Sewage,Peterborough District Office,"SUSPENDED SOLIDS, TOTAL",Approval/Permit Non-Compliance,2024-05-01,2024-05-31,19.6,kg/d,mon avg,1,20.9,20.9,Resolved w/o Actions Required,Event Resolved
CORPORATION OF THE CITY OF QUINTE WEST,Batawa Water Pollution Control Plant,"1378 TRENTON FRANKFORD RD, BATAWA, QUINTE WEST, ON K0K 1E0",QUINTE WEST,Municipal Sewage,Peterborough District Office,PHOSPHORUS; TOTAL,Approval/Permit Non-Compliance,2024-05-01,2024-05-31,0.35,mg/L,mon avg,1,0.61,0.61,Resolved w/o Actions Required,Event Resolved
CORPORATION OF THE CITY OF QUINTE WEST,Batawa Water Pollution Control Plant,"1378 TRENTON FRANKFORD RD, BATAWA, QUINTE WEST, ON K0K 1E0",QUINTE WEST,Municipal Sewage,Peterborough District Office,PHOSPHORUS; TOTAL,Approval/Permit Non-Compliance,2024-07-01,2024-07-31,0.35,mg/L,mon avg,1,0.5,0.5,Resolved w/o Actions Required,Addressed w/o Intervention
CORPORATION OF THE CITY OF QUINTE WEST,Batawa Water Pollution Control Plant,"1378 TRENTON FRANKFORD RD, BATAWA, QUINTE WEST, ON K0K 1E0",QUINTE WEST,Municipal Sewage,Peterborough District Office,"SUSPENDED SOLIDS, TOTAL",Approval/Permit Non-Compliance,2024-07-01,2024-07-31,25,mg/L,mon avg,1,31.3,31.3,Resolved w/o Actions Required,Addressed w/o Intervention
CORPORATION OF THE CITY OF QUINTE WEST,Batawa Water Pollution Control Plant,"1378 TRENTON FRANKFORD RD, BATAWA, QUINTE WEST, ON K0K 1E0",QUINTE WEST,Municipal Sewage,Peterborough District Office,PHOSPHORUS; TOTAL,Approval/Permit Non-Compliance,2024-10-01,2024-10-31,0.27,kg/d,mon avg,1,3.6,3.6,Resolved w/o Actions Required,Addressed w/o Intervention
CORPORATION OF THE CITY OF QUINTE WEST,Batawa Water Pollution Control Plant,"1378 TRENTON FRANKFORD RD, BATAWA, QUINTE WEST, ON K0K 1E0",QUINTE WEST,Municipal Sewage,Peterborough District Office,PHOSPHORUS; TOTAL,Approval/Permit Non-Compliance,2024-10-01,2024-10-31,0.35,mg/L,mon avg,1,14.23,14.23,Resolved w/o Actions Required,Addressed w/o Intervention
CORPORATION OF THE CITY OF QUINTE WEST,Batawa Water Pollution Control Plant,"1378 TRENTON FRANKFORD RD, BATAWA, QUINTE WEST, ON K0K 1E0",QUINTE WEST,Municipal Sewage,Peterborough District Office,"SUSPENDED SOLIDS, TOTAL",Approval/Permit Non-Compliance,2024-10-01,2024-10-31,19.6,kg/d,mon avg,1,96.2,96.2,Resolved w/o Actions Required,Addressed w/o Intervention
CORPORATION OF THE CITY OF QUINTE WEST,Batawa Water Pollution Control Plant,"1378 TRENTON FRANKFORD RD, BATAWA, QUINTE WEST, ON K0K 1E0",QUINTE WEST,Municipal Sewage,Peterborough District Office,"SUSPENDED SOLIDS, TOTAL",Approval/Permit Non-Compliance,2024-10-01,2024-10-31,25,mg/L,mon avg,1,380.4,380.4,Resolved w/o Actions Required,Addressed w/o Intervention
THE CORPORATION OF THE MUNICIPALITY OF RED LAKE,Red Lake Water Pollution Control Plant,"14 YOUNG ST, RED LAKE, ON P0V 1C0",RED LAKE,Municipal Sewage,Kenora Area Office,ESCHERICHIA COLI,Approval/Permit Non-Compliance,2024-12-01,2024-12-31,200,cfu/100ml,/mon,1,300,300,Operational Process Modified,Addressed w/o Intervention
CORPORATION OF THE TOWNSHIP OF RUSSELL,Embrun Lagoon,"1647 ROUTE 400, RUSSELL, ON K0A 1W0",RUSSELL,Municipal Sewage,Cornwall Area Office,"AMMONIA, UNIONIZED",Approval/Permit Non-Compliance,2024-04-02,2024-04-30,10,mg/L,/season,1,12.4,12.4,Resolved w/o Actions Required,Addressed w/o Intervention
CORPORATION OF THE TOWNSHIP OF RUSSELL,Embrun Lagoon,"1647 ROUTE 400, RUSSELL, ON K0A 1W0",RUSSELL,Municipal Sewage,Cornwall Area Office,TOTAL AMMONIA NITROGEN,Approval/Permit Non-Compliance,2024-10-01,2024-10-28,2,mg/L,/season,1,2.14,2.14,Equipment Modified/Repaired,Addressed w/o Intervention
CORPORATION OF THE TOWNSHIP OF RUSSELL,Embrun Lagoon,"1647 ROUTE 400, RUSSELL, ON K0A 1W0",RUSSELL,Municipal Sewage,Cornwall Area Office,"SUSPENDED SOLIDS, TOTAL",Approval/Permit Non-Compliance,2024-10-01,2024-10-28,30,mg/L,/season,1,34.67,34.67,Equipment Modified/Repaired,Addressed w/o Intervention
THE CORPORATION OF THE CITY OF SARNIA,Sarnia Water Pollution Control Plant,"333 ST ANDREW ST, SARNIA, ON",SARNIA,Municipal Sewage,Sarnia District Office,"SUSPENDED SOLIDS, TOTAL",Approval/Permit Non-Compliance,2024-10-01,2024-10-31,15,mg/L,mon avg,1,20.8,20.8,Operational Process Modified,Addressed w/o Intervention
THE CORPORATION OF THE CITY OF SARNIA,Sarnia Water Pollution Control Plant,"333 ST ANDREW ST, SARNIA, ON",SARNIA,Municipal Sewage,Sarnia District Office,PHOSPHORUS; TOTAL,Approval/Permit Non-Compliance,2024-10-01,2024-10-31,1,mg/L,mon avg,1,1.15,1.15,Operational Process Modified,Addressed w/o Intervention
THE CORPORATION OF THE CITY OF SARNIA,Sarnia Water Pollution Control Plant,"333 ST ANDREW ST, SARNIA, ON",SARNIA,Municipal Sewage,Sarnia District Office,"SUSPENDED SOLIDS, TOTAL",Approval/Permit Non-Compliance,2024-12-01,2024-12-31,15,mg/L,mon avg,1,20,20,Operational Process Modified,Addressed w/o Intervention
THE CORPORATION OF THE TOWNSHIP OF SCHREIBER,Schreiber Water Pollution Control Plant,"608 WINNIPEG ST, SCHREIBER, ON P0T 2S0",SCHREIBER,Municipal Sewage,Thunder Bay District Office,BIOCHEMICAL OXYGEN DEMAND,Approval/Permit Non-Compliance,2024-01-01,2024-12-31,25,mg/L,rolling avg (12 month),1,40.68,40.68,Equipment Modified/Repaired,Voluntary Compliance Underway
THE CORPORATION OF THE TOWNSHIP OF SCHREIBER,Schreiber Water Pollution Control Plant,"608 WINNIPEG ST, SCHREIBER, ON P0T 2S0",SCHREIBER,Municipal Sewage,Thunder Bay District Office,"SUSPENDED SOLIDS, TOTAL",Approval/Permit Non-Compliance,2024-01-01,2024-12-31,25,mg/L,rolling avg (12 month),1,37.77,37.77,Equipment Modified/Repaired,Voluntary Compliance Underway
THE CORPORATION OF THE TOWNSHIP OF SCHREIBER,Schreiber Water Pollution Control Plant,"608 WINNIPEG ST, SCHREIBER, ON P0T 2S0",SCHREIBER,Municipal Sewage,Thunder Bay District Office,"SUSPENDED SOLIDS, TOTAL",Approval/Permit Non-Compliance,2024-02-01,2025-01-31,25,mg/L,rolling avg (12 month),1,31.15,31.15,Equipment Modified/Repaired,Voluntary Compliance Underway
THE CORPORATION OF THE TOWNSHIP OF SCHREIBER,Schreiber Water Pollution Control Plant,"608 WINNIPEG ST, SCHREIBER, ON P0T 2S0",SCHREIBER,Municipal Sewage,Thunder Bay District Office,BIOCHEMICAL OXYGEN DEMAND,Approval/Permit Non-Compliance,2024-02-01,2025-01-31,25,mg/L,rolling avg (12 month),1,37.46,37.46,Equipment Modified/Repaired,Voluntary Compliance Underway
THE CORPORATION OF THE TOWNSHIP OF SCHREIBER,Schreiber Water Pollution Control Plant,"608 WINNIPEG ST, SCHREIBER, ON P0T 2S0",SCHREIBER,Municipal Sewage,Thunder Bay District Office,"SUSPENDED SOLIDS, TOTAL",Approval/Permit Non-Compliance,2024-03-01,2025-02-28,25,mg/L,rolling avg (12 month),1,27.55,27.55,Equipment Modified/Repaired,Voluntary Compliance Underway
THE CORPORATION OF THE TOWNSHIP OF SCHREIBER,Schreiber Water Pollution Control Plant,"608 WINNIPEG ST, SCHREIBER, ON P0T 2S0",SCHREIBER,Municipal Sewage,Thunder Bay District Office,BIOCHEMICAL OXYGEN DEMAND,Approval/Permit Non-Compliance,2024-03-01,2025-02-28,25,mg/L,rolling avg (12 month),1,32.97,32.97,Equipment Modified/Repaired,Voluntary Compliance Underway
THE CORPORATION OF THE TOWNSHIP OF SCHREIBER,Schreiber Water Pollution Control Plant,"608 WINNIPEG ST, SCHREIBER, ON P0T 2S0",SCHREIBER,Municipal Sewage,Thunder Bay District Office,BIOCHEMICAL OXYGEN DEMAND,Approval/Permit Non-Compliance,2024-04-01,2025-03-31,25,mg/L,rolling avg (12 month),1,27.8,27.8,Equipment Modified/Repaired,Voluntary Compliance Underway
THE CORPORATION OF THE TOWNSHIP OF SELWYN,Lakefield Lagoon,"1256 COUNTY RD 33, SELWYN, ON K0L 2H0",SELWYN,Municipal Sewage,Peterborough District Office,TOTAL AMMONIA NITROGEN,Approval/Permit Non-Compliance,2024-05-01,2024-05-31,3,mg/L,/mon,1,3.8,3.8,Equipment Modified/Repaired,Addressed w/o Intervention
THE CORPORATION OF THE TOWNSHIP OF SELWYN,Lakefield Lagoon,"1256 COUNTY RD 33, SELWYN, ON K0L 2H0",SELWYN,Municipal Sewage,Peterborough District Office,TOTAL AMMONIA NITROGEN,Approval/Permit Non-Compliance,2024-06-01,2024-06-30,3,mg/L,/mon,1,5.35,5.35,Equipment Modified/Repaired,Addressed w/o Intervention
THE CORPORATION OF THE TOWNSHIP OF SELWYN,Lakefield Lagoon,"1256 COUNTY RD 33, SELWYN, ON K0L 2H0",SELWYN,Municipal Sewage,Peterborough District Office,TOTAL AMMONIA NITROGEN,Approval/Permit Non-Compliance,2024-07-01,2024-07-31,3,mg/L,/mon,1,8.16,8.16,Equipment Modified/Repaired,Addressed w/o Intervention
THE CORPORATION OF THE TOWNSHIP OF SELWYN,Lakefield Lagoon,"1256 COUNTY RD 33, SELWYN, ON K0L 2H0",SELWYN,Municipal Sewage,Peterborough District Office,TOTAL AMMONIA NITROGEN,Approval/Permit Non-Compliance,2024-08-01,2024-08-31,3,mg/L,/mon,1,6.8,6.8,Equipment Modified/Repaired,Addressed w/o Intervention
CORPORATION OF THE TOWN OF SHELBURNE,Shelburne Water Pollution Control Plant,"300 CENTENNIAL RD, SHELBURNE, ON L0N 1S4",SHELBURNE,Municipal Sewage,Guelph District Office,"SUSPENDED SOLIDS, TOTAL",Approval/Permit Non-Compliance,2024-03-01,2024-03-31,5,mg/L,mon avg,1,6,6,Operational Process Modified,Addressed w/o Intervention
CORPORATION OF SMOOTH ROCK FALLS,Smooth Rock Falls Water Pollution Control Plant,"110 FIRST ST, SMOOTH ROCK FALLS, ON P0L 2B0",SMOOTH ROCK FALLS,Municipal Sewage,Timmins District Office,"SUSPENDED SOLIDS, TOTAL",Approval/Permit Non-Compliance,2024-02-01,2024-02-29,25,mg/L,mon avg,1,41,41,Equipment Modified/Repaired,Voluntary Compliance Underway
CORPORATION OF SMOOTH ROCK FALLS,Smooth Rock Falls Water Pollution Control Plant,"110 FIRST ST, SMOOTH ROCK FALLS, ON P0L 2B0",SMOOTH ROCK FALLS,Municipal Sewage,Timmins District Office,"SUSPENDED SOLIDS, TOTAL",Approval/Permit Non-Compliance,2024-02-01,2024-02-29,25,mg/L,mon avg,1,34.5,34.5,Equipment Modified/Repaired,Voluntary Compliance Underway
THE CORPORATION OF THE TOWNSHIP OF SOUTH STORMONT,Long Sault Water Pollution Control Plant,"19 ROBIN RD, SOUTH STORMONT, ON K0C 1P0",SOUTH STORMONT,Municipal Sewage,Cornwall Area Office,TOTAL AMMONIA NITROGEN,Approval/Permit Non-Compliance,2024-10-09,2024-10-09,15,mg/L,/day,1,18.8,18.8,New Equipment Installed,Addressed w/o Intervention
THE CORPORATION OF THE TOWNSHIP OF SOUTH STORMONT,Long Sault Water Pollution Control Plant,"19 ROBIN RD, SOUTH STORMONT, ON K0C 1P0",SOUTH STORMONT,Municipal Sewage,Cornwall Area Office,TOTAL AMMONIA NITROGEN,Approval/Permit Non-Compliance,2024-10-16,2024-10-16,15,mg/L,/day,1,24,24,Equipment Modified/Repaired,Voluntary Compliance Underway
THE CORPORATION OF THE TOWNSHIP OF SOUTH STORMONT,Long Sault Water Pollution Control Plant,"19 ROBIN RD, SOUTH STORMONT, ON K0C 1P0",SOUTH STORMONT,Municipal Sewage,Cornwall Area Office,TOTAL AMMONIA NITROGEN,Approval/Permit Non-Compliance,2024-10-30,2024-10-30,15,mg/L,/day,1,19.4,19.4,Action Plan Submitted,Voluntary Compliance Underway
THE CORPORATION OF THE TOWNSHIP OF SOUTH STORMONT,Long Sault Water Pollution Control Plant,"19 ROBIN RD, SOUTH STORMONT, ON K0C 1P0",SOUTH STORMONT,Municipal Sewage,Cornwall Area Office,TOTAL AMMONIA NITROGEN,Approval/Permit Non-Compliance,2024-11-06,2024-11-06,15,mg/L,/day,1,19.2,19.2,Action Plan Submitted,Voluntary Compliance Underway
THE CORPORATION OF THE TOWNSHIP OF SOUTH STORMONT,Ingleside Water Pollution Control Plant,"15005 COUNTY RD 2, INGLESIDE, SOUTH STORMONT, ON K0C 1M0",SOUTH STORMONT,Municipal Sewage,Cornwall Area Office,PHOSPHORUS; TOTAL,Approval/Permit Non-Compliance,2024-08-01,2024-08-31,1,mg/L,/mon,1,1.74,1.74,Action Plan Submitted,Event Resolved
THE CORPORATION OF THE TOWNSHIP OF SOUTHGATE,Dundalk Lagoon,"752051 IDA ST S, DUNDALK, SOUTHGATE, ON N0C 1B0",SOUTHGATE,Municipal Sewage,Owen Sound District Office,"SUSPENDED SOLIDS, TOTAL",Approval/Permit Non-Compliance,2024-01-01,2024-03-01,18.32,kg/d,/mon,2,21.3,21.8,Ceased Operations,Event Resolved
THE CORPORATION OF THE TOWNSHIP OF SOUTHGATE,Dundalk Lagoon,"752051 IDA ST S, DUNDALK, SOUTHGATE, ON N0C 1B0",SOUTHGATE,Municipal Sewage,Owen Sound District Office,"AMMONIA, UNIONIZED",Approval/Permit Non-Compliance,2024-04-01,2024-06-01,0.1,mg/L,mon avg,3,0.142,0.185,New/Amended Approval,Voluntary Compliance Underway
THE CORPORATION OF THE MUNICIPALITY OF SOUTHWEST MIDDLESEX,Glencoe Water Pollution Control Plant,"3888 NEWBIGGEN DR, GLENCOE, SOUTHWEST MIDDLESEX, ON N0L 1M0",SOUTHWEST MIDDLESEX,Municipal Sewage,London District Office,"SUSPENDED SOLIDS, TOTAL",Approval/Permit Non-Compliance,2024-06-01,2024-06-30,13.7,mg/L,/mon,1,15.75,15.75,Additional Monitoring Underway,Event Resolved
THE CORPORATION OF THE TOWNSHIP OF SPRINGWATER,Stonemanor Wastewater Treatment Plant,"3168 DOBSON RD E, SPRINGWATER, ON L4M 4S4",SPRINGWATER,Municipal Sewage,Barrie District Office,TOTAL AMMONIA NITROGEN,Approval/Permit Non-Compliance,2024-01-01,2024-01-31,4.2,mg/L,mon avg,1,6.83,6.83,Operational Process Modified,Event Resolved
THE CORPORATION OF THE TOWNSHIP OF SPRINGWATER,Stonemanor Wastewater Treatment Plant,"3168 DOBSON RD E, SPRINGWATER, ON L4M 4S4",SPRINGWATER,Municipal Sewage,Barrie District Office,"SUSPENDED SOLIDS, TOTAL",Approval/Permit Non-Compliance,2024-01-01,2024-01-31,15,mg/L,mon avg,1,22.67,22.67,Operational Process Modified,Event Resolved
THE CORPORATION OF THE TOWNSHIP OF SPRINGWATER,Stonemanor Wastewater Treatment Plant,"3168 DOBSON RD E, SPRINGWATER, ON L4M 4S4",SPRINGWATER,Municipal Sewage,Barrie District Office,TOTAL AMMONIA NITROGEN,Approval/Permit Non-Compliance,2024-02-01,2024-02-29,4.2,mg/L,mon avg,1,4.59,4.59,Operational Process Modified,Event Resolved
THE CORPORATION OF THE TOWNSHIP OF SPRINGWATER,Stonemanor Wastewater Treatment Plant,"3168 DOBSON RD E, SPRINGWATER, ON L4M 4S4",SPRINGWATER,Municipal Sewage,Barrie District Office,TOTAL AMMONIA NITROGEN,Approval/Permit Non-Compliance,2024-04-01,2024-04-30,4.2,mg/L,mon avg,1,7.62,7.62,Operational Process Modified,Event Resolved
THE CORPORATION OF THE TOWNSHIP OF SPRINGWATER,Stonemanor Wastewater Treatment Plant,"3168 DOBSON RD E, SPRINGWATER, ON L4M 4S4",SPRINGWATER,Municipal Sewage,Barrie District Office,"SUSPENDED SOLIDS, TOTAL",Approval/Permit Non-Compliance,2024-06-01,2024-06-30,15,mg/L,mon avg,1,20.5,20.5,Equipment Modified/Repaired,Event Resolved
THE CORPORATION OF THE TOWNSHIP OF SPRINGWATER,Stonemanor Wastewater Treatment Plant,"3168 DOBSON RD E, SPRINGWATER, ON L4M 4S4",SPRINGWATER,Municipal Sewage,Barrie District Office,TOTAL AMMONIA NITROGEN,Approval/Permit Non-Compliance,2024-06-01,2024-06-30,4.2,mg/L,mon avg,1,4.73,4.73,Equipment Modified/Repaired,Event Resolved
THE CORPORATION OF THE TOWNSHIP OF SPRINGWATER,Stonemanor Wastewater Treatment Plant,"3168 DOBSON RD E, SPRINGWATER, ON L4M 4S4",SPRINGWATER,Municipal Sewage,Barrie District Office,TOTAL AMMONIA NITROGEN,Approval/Permit Non-Compliance,2024-11-01,2024-11-30,4.2,mg/L,mon avg,1,8.44,8.44,Equipment Modified/Repaired,Event Resolved
THE CORPORATION OF THE TOWNSHIP OF SPRINGWATER,Stonemanor Wastewater Treatment Plant,"3168 DOBSON RD E, SPRINGWATER, ON L4M 4S4",SPRINGWATER,Municipal Sewage,Barrie District Office,TOTAL AMMONIA NITROGEN,Approval/Permit Non-Compliance,2024-12-01,2024-12-31,4.2,mg/L,mon avg,1,4.29,4.29,Operational Process Modified,Event Resolved
THE CORPORATION OF THE TOWNSHIP OF SPRINGWATER,Snow Valley Environmental Centre,"15 ALPINE TR, MINESING, SPRINGWATER, ON L0L 1Y3",SPRINGWATER,Municipal Sewage,Barrie District Office,TOTAL AMMONIA NITROGEN,Approval/Permit Non-Compliance,2024-01-01,2024-12-31,7,mg/L,annual avg,1,7.92,7.92,Equipment Modified/Repaired,Event Resolved
THE CORPORATION OF THE TOWNSHIP OF SPRINGWATER,Royal Oaks,"8 BUDD'S MILL RD, SPRINGWATER, ON L0L 1Y3",SPRINGWATER,Municipal Sewage,Barrie District Office,CARBONACEOUS BIOCHEMICAL OXYGEN DEMAND,Approval/Permit Non-Compliance,2024-08-01,2024-08-31,15,mg/L,mon avg,1,60,60,New Equipment Installed,Event Resolved
THE CORPORATION OF THE TOWNSHIP OF SPRINGWATER,Royal Oaks,"8 BUDD'S MILL RD, SPRINGWATER, ON L0L 1Y3",SPRINGWATER,Municipal Sewage,Barrie District Office,"SUSPENDED SOLIDS, TOTAL",Approval/Permit Non-Compliance,2024-08-01,2024-08-31,15,mg/L,mon avg,1,25.2,25.2,New Equipment Installed,Event Resolved
THE CORPORATION OF THE TOWNSHIP OF SPRINGWATER,Royal Oaks,"8 BUDD'S MILL RD, SPRINGWATER, ON L0L 1Y3",SPRINGWATER,Municipal Sewage,Barrie District Office,PHOSPHORUS; TOTAL,Approval/Permit Non-Compliance,2024-08-01,2024-08-31,1,mg/L,mon avg,1,1.73,1.73,New Equipment Installed,Event Resolved
THE CORPORATION OF THE TOWNSHIP OF ST CLAIR,Port Lambton Lagoon,371 LAMBTON LINE WEST,ST. CLAIR,Municipal Sewage,Sarnia District Office,"SUSPENDED SOLIDS, TOTAL",Approval/Permit Non-Compliance,2024-04-02,2024-04-09,40,mg/L,seasonal avg,1,91.6,91.6,Operational Process Modified,Addressed w/o Intervention
THE CORPORATION OF THE TOWNSHIP OF ST CLAIR,Brigden Lagoon,"2393 COURTRIGHT LINE, ST. CLAIR, ON N0N 1B0",ST. CLAIR,Municipal Sewage,Sarnia District Office,PH - HIGH,Approval/Permit Non-Compliance,2024-05-21,2024-05-21,9.5,pH,any,1,9.71,9.71,Operational Process Modified,Event Resolved
CORPORATION OF THE TOWN OF ST MARYS,St Marys Water Pollution Control Plant,"309 THOMAS ST, ST. MARYS, ON N4X 1C6",ST. MARYS,Municipal Sewage,London District Office,PHOSPHORUS; TOTAL,Approval/Permit Non-Compliance,2024-06-04,2024-06-04,1,mg/L,/day,1,1.15,1.15,Operational Process Modified,Voluntary Compliance Underway
THE CORPORATION OF THE TOWNSHIP OF STRATHROY-CARADOC,Mount Brydges,"22416 MILL RD, STRATHROY-CARADOC, ON N0L 1W0",STRATHROY-CARADOC,Municipal Sewage,London District Office,TOTAL AMMONIA NITROGEN,Approval/Permit Non-Compliance,2024-01-01,2024-01-31,5,mg/L,mon avg,1,8.5,8.5,Action Plan Submitted,Assessment Underway
THE CORPORATION OF THE TOWNSHIP OF STRATHROY-CARADOC,Mount Brydges,"22416 MILL RD, STRATHROY-CARADOC, ON N0L 1W0",STRATHROY-CARADOC,Municipal Sewage,London District Office,TOTAL AMMONIA NITROGEN,Approval/Permit Non-Compliance,2024-03-01,2024-03-31,5,mg/L,mon avg,1,13.5,13.5,Action Plan Submitted,Addressed w/o Intervention
THE CORPORATION OF THE TOWNSHIP OF STRATHROY-CARADOC,Mount Brydges,"22416 MILL RD, STRATHROY-CARADOC, ON N0L 1W0",STRATHROY-CARADOC,Municipal Sewage,London District Office,"SUSPENDED SOLIDS, TOTAL",Approval/Permit Non-Compliance,2024-04-01,2024-04-30,10,mg/L,mon avg,1,10.5,10.5,Operational Process Modified,Voluntary Compliance Underway
THE CORPORATION OF THE TOWNSHIP OF STRATHROY-CARADOC,Mount Brydges,"22416 MILL RD, STRATHROY-CARADOC, ON N0L 1W0",STRATHROY-CARADOC,Municipal Sewage,London District Office,TOTAL AMMONIA NITROGEN,Approval/Permit Non-Compliance,2024-04-01,2024-04-30,3,mg/L,mon avg,1,14.9,14.9,Operational Process Modified,Voluntary Compliance Underway
THE CORPORATION OF THE TOWNSHIP OF STRATHROY-CARADOC,Mount Brydges,"22416 MILL RD, STRATHROY-CARADOC, ON N0L 1W0",STRATHROY-CARADOC,Municipal Sewage,London District Office,TOTAL AMMONIA NITROGEN,Approval/Permit Non-Compliance,2024-05-01,2024-05-31,3,mg/L,mon avg,1,10.2,10.2,Operational Process Modified,Voluntary Compliance Underway
THE CORPORATION OF THE TOWNSHIP OF STRATHROY-CARADOC,Mount Brydges,"22416 MILL RD, STRATHROY-CARADOC, ON N0L 1W0",STRATHROY-CARADOC,Municipal Sewage,London District Office,TOTAL AMMONIA NITROGEN,Approval/Permit Non-Compliance,2024-06-01,2024-06-30,3,mg/L,mon avg,1,5.38,5.38,Operational Process Modified,Voluntary Compliance Underway
THE CORPORATION OF THE TOWNSHIP OF STRATHROY-CARADOC,Mount Brydges,"22416 MILL RD, STRATHROY-CARADOC, ON N0L 1W0",STRATHROY-CARADOC,Municipal Sewage,London District Office,TOTAL AMMONIA NITROGEN,Approval/Permit Non-Compliance,2024-09-01,2024-09-30,3,mg/L,mon avg,1,4.25,4.25,Operational Process Modified,Voluntary Compliance Underway
THE CORPORATION OF THE TOWNSHIP OF STRATHROY-CARADOC,Mount Brydges,"22416 MILL RD, STRATHROY-CARADOC, ON N0L 1W0",STRATHROY-CARADOC,Municipal Sewage,London District Office,TOTAL AMMONIA NITROGEN,Approval/Permit Non-Compliance,2024-10-01,2024-10-31,3,mg/L,mon avg,1,6.5,6.5,Additional Monitoring Underway,Assessment Underway
THE CORPORATION OF THE TOWNSHIP OF STRATHROY-CARADOC,Mount Brydges,"22416 MILL RD, STRATHROY-CARADOC, ON N0L 1W0",STRATHROY-CARADOC,Municipal Sewage,London District Office,TOTAL AMMONIA NITROGEN,Approval/Permit Non-Compliance,2024-11-01,2024-11-30,5,mg/L,mon avg,1,10.3,10.3,New/Amended Approval,Voluntary Compliance Underway
THE CORPORATION OF THE TOWNSHIP OF STRATHROY-CARADOC,Mount Brydges,"22416 MILL RD, STRATHROY-CARADOC, ON N0L 1W0",STRATHROY-CARADOC,Municipal Sewage,London District Office,TOTAL AMMONIA NITROGEN,Approval/Permit Non-Compliance,2024-12-01,2024-12-31,5,mg/L,mon avg,1,13.5,13.5,Operational Process Modified,Voluntary Compliance Underway
THE CORPORATION OF THE CITY OF TEMISKAMING SHORES,North Cobalt Lagoon,"543083 PROCTORS RD, NORTH COBALT, TEMISKAMING SHORES, ON P0J 1R0",TEMISKAMING SHORES,Municipal Sewage,North Bay Area Office,FLOW,Approval/Permit Non-Compliance,2024-04-12,2024-04-12,2900,m³/d,/day,1,5049,5049,Resolved w/o Actions Required,Event Resolved
THE CORPORATION OF THE CITY OF TEMISKAMING SHORES,North Cobalt Lagoon,"543083 PROCTORS RD, NORTH COBALT, TEMISKAMING SHORES, ON P0J 1R0",TEMISKAMING SHORES,Municipal Sewage,North Bay Area Office,FLOW,Approval/Permit Non-Compliance,2024-11-06,2024-11-06,2900,m³/d,/day,1,2922,2922,Resolved w/o Actions Required,Event Resolved
MUNICIPALITY OF THAMES CENTRE,Thorndale WWTP,"1135 IDEAL DR, THORNDALE, THAMES CENTRE, ON N0M 2P0",THAMES CENTRE,Municipal Sewage,London District Office,"SUSPENDED SOLIDS, TOTAL",Approval/Permit Non-Compliance,2024-07-01,2024-07-31,6.74,kg/d,/mon,1,41.2,41.2,Resolved w/o Actions Required,Event Resolved
MUNICIPALITY OF THAMES CENTRE,Thorndale WWTP,"1135 IDEAL DR, THORNDALE, THAMES CENTRE, ON N0M 2P0",THAMES CENTRE,Municipal Sewage,London District Office,ESCHERICHIA COLI,Approval/Permit Non-Compliance,2024-07-01,2024-07-31,100,cfu/100ml,/mon,1,185,185,Resolved w/o Actions Required,Event Resolved
MUNICIPALITY OF THAMES CENTRE,Thorndale WWTP,"1135 IDEAL DR, THORNDALE, THAMES CENTRE, ON N0M 2P0",THAMES CENTRE,Municipal Sewage,London District Office,"SUSPENDED SOLIDS, TOTAL",Approval/Permit Non-Compliance,2024-07-01,2024-07-31,10,mg/L,/mon,1,58.4,58.4,Resolved w/o Actions Required,Event Resolved
CORPORATION DE LA MUNICIPALITE DE LA NATION,St. Albert WSP Lagoon,"LOT:19 AND 20, CONCESSION:10, GEOTOWNSHIP:CAMBRIDGE, THE NATION, ON K0A 3C0",THE NATION,Municipal Sewage,Cornwall Area Office,HYDROGEN SULPHIDE,Approval/Permit Non-Compliance,2024-03-01,2024-03-31,0.32,mg/L,/mon,1,0.58,0.58,Operational Process Modified,Voluntary Compliance Underway
CORPORATION DE LA MUNICIPALITE DE LA NATION,Limoges Lagoon,"1899 ROUTE 500 W, THE NATION, ON K0A 1M0",THE NATION,Municipal Sewage,Cornwall Area Office,"SUSPENDED SOLIDS, TOTAL",Approval/Permit Non-Compliance,2024-01-01,2024-01-31,5,mg/L,/mon,1,6.4,6.4,Additional Monitoring Underway,Voluntary Compliance Underway
CORPORATION DE LA MUNICIPALITE DE LA NATION,Limoges Lagoon,"1899 ROUTE 500 W, THE NATION, ON K0A 1M0",THE NATION,Municipal Sewage,Cornwall Area Office,"SUSPENDED SOLIDS, TOTAL",Approval/Permit Non-Compliance,2024-02-01,2024-02-29,5,mg/L,/mon,1,8.75,8.75,Additional Monitoring Underway,Voluntary Compliance Underway
CORPORATION DE LA MUNICIPALITE DE LA NATION,Limoges Lagoon,"1899 ROUTE 500 W, THE NATION, ON K0A 1M0",THE NATION,Municipal Sewage,Cornwall Area Office,"SUSPENDED SOLIDS, TOTAL",Approval/Permit Non-Compliance,2024-03-01,2024-03-31,5,mg/L,/mon,1,11.25,11.25,Action Plan Submitted,Voluntary Compliance Underway
CORPORATION DE LA MUNICIPALITE DE LA NATION,Limoges Lagoon,"1899 ROUTE 500 W, THE NATION, ON K0A 1M0",THE NATION,Municipal Sewage,Cornwall Area Office,"SUSPENDED SOLIDS, TOTAL",Approval/Permit Non-Compliance,2024-03-01,2024-03-31,17.3,kg/d,/mon,1,18.3,18.3,Action Plan Submitted,Voluntary Compliance Underway
CORPORATION DE LA MUNICIPALITE DE LA NATION,Limoges Lagoon,"1899 ROUTE 500 W, THE NATION, ON K0A 1M0",THE NATION,Municipal Sewage,Cornwall Area Office,TOTAL AMMONIA NITROGEN,Approval/Permit Non-Compliance,2024-07-01,2024-07-31,1,mg/L,/mon,1,1.28,1.28,Equipment Modified/Repaired,Voluntary Compliance Underway
CORPORATION DE LA MUNICIPALITE DE LA NATION,Limoges Lagoon,"1899 ROUTE 500 W, THE NATION, ON K0A 1M0",THE NATION,Municipal Sewage,Cornwall Area Office,TOTAL AMMONIA NITROGEN,Approval/Permit Non-Compliance,2024-08-01,2024-08-31,1,mg/L,/mon,1,3.92,3.92,Conducting Study,Assessment Underway
CORPORATION DE LA MUNICIPALITE DE LA NATION,Limoges Lagoon,"1899 ROUTE 500 W, THE NATION, ON K0A 1M0",THE NATION,Municipal Sewage,Cornwall Area Office,"SUSPENDED SOLIDS, TOTAL",Approval/Permit Non-Compliance,2024-08-01,2024-08-31,5,mg/L,/mon,1,5.25,5.25,Conducting Study,Assessment Underway
CORPORATION DE LA MUNICIPALITE DE LA NATION,Limoges Lagoon,"1899 ROUTE 500 W, THE NATION, ON K0A 1M0",THE NATION,Municipal Sewage,Cornwall Area Office,TOTAL AMMONIA NITROGEN,Approval/Permit Non-Compliance,2024-08-01,2024-08-31,3.5,kilogram(kg),/mon,1,7.1,7.1,Conducting Study,Assessment Underway
CORPORATION DE LA MUNICIPALITE DE LA NATION,Limoges Lagoon,"1899 ROUTE 500 W, THE NATION, ON K0A 1M0",THE NATION,Municipal Sewage,Cornwall Area Office,TOTAL AMMONIA NITROGEN,Approval/Permit Non-Compliance,2024-09-01,2024-09-30,1,mg/L,/mon,1,1.71,1.71,Additional Monitoring Underway,Voluntary Compliance Underway
CORPORATION OF THE CITY OF TIMMINS,Whitney & Tisdale Water Pollution Control Plant,"815 GERVAIS ST, TIMMINS, ON P0N 1C0",TIMMINS,Municipal Sewage,Timmins District Office,PHOSPHORUS; TOTAL,Policy/Guidance/ Non-Conf.,2024-01-01,2024-02-29,1,mg/L,mon avg,2,1.6,1.99,Action Plan Submitted,Voluntary Compliance Underway
CORPORATION OF THE CITY OF TIMMINS,Whitney & Tisdale Water Pollution Control Plant,"815 GERVAIS ST, TIMMINS, ON P0N 1C0",TIMMINS,Municipal Sewage,Timmins District Office,PHOSPHORUS; TOTAL,Policy/Guidance/ Non-Conf.,2024-06-01,2024-10-31,1,mg/L,mon avg,5,1.29,2.16,Action Plan Submitted,Voluntary Compliance Underway
CORPORATION OF THE CITY OF TIMMINS,Whitney & Tisdale Water Pollution Control Plant,"815 GERVAIS ST, TIMMINS, ON P0N 1C0",TIMMINS,Municipal Sewage,Timmins District Office,PHOSPHORUS; TOTAL,Policy/Guidance/ Non-Conf.,2024-12-01,2024-12-31,1,mg/L,mon avg,1,1.73,1.73,Action Plan Submitted,Voluntary Compliance Underway
CORPORATION OF THE CITY OF TIMMINS,Bob's Lake Lagoon,"300 IDA ST, TIMMINS, ON",TIMMINS,Municipal Sewage,Timmins District Office,PHOSPHORUS; TOTAL,Policy/Guidance/ Non-Conf.,2024-01-01,2024-04-30,1,mg/L,mon avg,4,1.12,2.73,Action Plan Submitted,Voluntary Compliance Underway
CORPORATION OF THE CITY OF TIMMINS,Bob's Lake Lagoon,"300 IDA ST, TIMMINS, ON",TIMMINS,Municipal Sewage,Timmins District Office,PHOSPHORUS; TOTAL,Policy/Guidance/ Non-Conf.,2024-09-01,2024-09-30,1,mg/L,mon avg,1,1.05,1.05,Action Plan Submitted,Voluntary Compliance Underway
CORPORATION OF THE CITY OF TIMMINS,Bob's Lake Lagoon,"300 IDA ST, TIMMINS, ON",TIMMINS,Municipal Sewage,Timmins District Office,PHOSPHORUS; TOTAL,Policy/Guidance/ Non-Conf.,2024-12-01,2024-12-31,1,mg/L,mon avg,1,1.37,1.37,Action Plan Submitted,Voluntary Compliance Underway
CITY OF TORONTO,Main (Toronto-Ashbridges Bay) Water Pollution Control Plant,"9 LESLIE ST, TORONTO, ON M4M 3M9",TORONTO,Municipal Sewage,Toronto District Office,PHOSPHORUS; TOTAL,Approval/Permit Non-Compliance,2024-11-01,2024-12-31,1,mg/L,/mon,1,1.13,1.13,Operational Process Modified,Voluntary Compliance Underway
THE MUNICIPALITY OF TRENT HILLS,Warkworth Lagoon,"LOT:18, CONCESSION:3, GEOTOWNSHIP:PERCY, TRENT HILLS, ON",TRENT HILLS,Municipal Sewage,Peterborough District Office,CARBONACEOUS BIOCHEMICAL OXYGEN DEMAND,Approval/Permit Non-Compliance,2024-10-21,2024-12-05,10,mg/L,seasonal avg,1,12.1,12.1,Additional Monitoring Underway,Voluntary Compliance Underway
THE CORPORATION OF THE TOWNSHIP OF WARWICK,Watford Lagoon,"7716 CHURCHILL LINE, WARWICK, ON N0M 2S0",WARWICK,Municipal Sewage,Sarnia District Office,PHOSPHORUS; TOTAL,Approval/Permit Non-Compliance,2024-05-01,2024-05-31,0.7,mg/L,/mon,1,0.8,0.8,Action Plan Submitted,Voluntary Compliance Underway
CORPORATION OF THE TOWN OF WASAGA BEACH,Wasaga Beach Water Pollution Control Plant,"30 WOODLAND DR, WASAGA BEACH, ON L9Z 2V5",WASAGA BEACH,Municipal Sewage,Barrie District Office,TOTAL AMMONIA NITROGEN,Approval/Permit Non-Compliance,2024-11-20,2024-11-20,1.1,mg/L,/day,1,9.1,9.1,Equipment Modified/Repaired,Event Resolved
CORPORATION OF THE TOWN OF WASAGA BEACH,Wasaga Beach Water Pollution Control Plant,"30 WOODLAND DR, WASAGA BEACH, ON L9Z 2V5",WASAGA BEACH,Municipal Sewage,Barrie District Office,TOTAL AMMONIA NITROGEN,Approval/Permit Non-Compliance,2024-11-20,2024-11-20,17,kg/d,/day,1,45.35,45.35,Equipment Modified/Repaired,Event Resolved
THE REGIONAL MUNICIPALITY OF WATERLOO,Hespeler Water Pollution Control Plant,"900 BEAVERDALE RD, CAMBRIDGE, ON N3C 2V3",CAMBRIDGE,Municipal Sewage,Guelph District Office,TOTAL RESIDUAL CHLORINE,Approval/Permit Non-Compliance,2024-04-05,2024-04-05,0.02,mg/L,any,1,0.04,0.04,Operational Process Modified,Addressed w/o Intervention
THE REGIONAL MUNICIPALITY OF WATERLOO,Foxboro Green Retirement Community Municipal Sewage Works,"87 FOXBORO DR, WILMOT, ON N0B 2L0",WILMOT,Miscellaneous Communal,Guelph District Office,FLOW,Approval/Permit Non-Compliance,2024-01-26,2024-07-16,21.6,m³,/day,2,26.08,28.13,Equipment Modified/Repaired,Addressed w/o Intervention
THE REGIONAL MUNICIPALITY OF WATERLOO,Galt Water Pollution Control Plant,"230 WATER ST S, CAMBRIDGE, ON N1P 0A7",CAMBRIDGE,Municipal Sewage,Guelph District Office,TOTAL AMMONIA NITROGEN,Approval/Permit Non-Compliance,2024-02-01,2024-02-29,3.5,mg/L,mon avg,1,8.3,8.3,Operational Process Modified,Voluntary Compliance Underway
THE REGIONAL MUNICIPALITY OF WATERLOO,Galt Water Pollution Control Plant,"230 WATER ST S, CAMBRIDGE, ON N1P 0A7",CAMBRIDGE,Municipal Sewage,Guelph District Office,TOTAL AMMONIA NITROGEN,Approval/Permit Non-Compliance,2024-02-01,2024-02-29,198.8,kg/d,mon avg,1,237.96,237.96,Operational Process Modified,Voluntary Compliance Underway
THE REGIONAL MUNICIPALITY OF WATERLOO,Galt Water Pollution Control Plant,"230 WATER ST S, CAMBRIDGE, ON N1P 0A7",CAMBRIDGE,Municipal Sewage,Guelph District Office,TOTAL AMMONIA NITROGEN,Approval/Permit Non-Compliance,2024-03-01,2024-03-31,3.5,mg/L,/mon,1,5.12,5.12,Operational Process Modified,Voluntary Compliance Underway
THE REGIONAL MUNICIPALITY OF WATERLOO,Galt Water Pollution Control Plant,"230 WATER ST S, CAMBRIDGE, ON N1P 0A7",CAMBRIDGE,Municipal Sewage,Guelph District Office,TOTAL AMMONIA NITROGEN,Approval/Permit Non-Compliance,2024-04-01,2024-04-30,3.5,mg/L,/mon,1,6.95,6.95,Operational Process Modified,Voluntary Compliance Underway
THE REGIONAL MUNICIPALITY OF WATERLOO,Galt Water Pollution Control Plant,"230 WATER ST S, CAMBRIDGE, ON N1P 0A7",CAMBRIDGE,Municipal Sewage,Guelph District Office,TOTAL AMMONIA NITROGEN,Approval/Permit Non-Compliance,2024-04-01,2024-04-30,198.8,kg/d,/mon,1,210.85,210.85,Operational Process Modified,Voluntary Compliance Underway
CORPORATION OF THE MUNICIPALITY OF WAWA,Wawa Lagoon,"GOLF COURSE RD, WAWA, ON",WAWA,Municipal Sewage,Sault Ste. Marie Area Office,PH - HIGH,Approval/Permit Non-Compliance,2024-10-10,2024-10-10,9.5,pH,/day,1,9.6,9.6,Resolved w/o Actions Required,Addressed w/o Intervention
CORPORATION OF THE MUNICIPALITY OF WAWA,Wawa Lagoon,"GOLF COURSE RD, WAWA, ON",WAWA,Municipal Sewage,Sault Ste. Marie Area Office,PH - HIGH,Approval/Permit Non-Compliance,2024-10-16,2024-10-16,9.5,pH,/day,1,10.1,10.1,Resolved w/o Actions Required,Addressed w/o Intervention
THE CORPORATION OF THE TOWNSHIP OF WELLINGTON NORTH,Arthur Water Pollution Control Plant,"160 PRESTON ST S, WELLINGTON NORTH, ON N0G 1A0",WELLINGTON NORTH,Municipal Sewage,Guelph District Office,"SUSPENDED SOLIDS, TOTAL",Approval/Permit Non-Compliance,2024-02-01,2024-02-29,10,mg/L,mon avg,1,10.25,10.25,Resolved w/o Actions Required,Addressed w/o Intervention
THE CORPORATION OF THE TOWNSHIP OF WELLINGTON NORTH,Arthur Water Pollution Control Plant,"160 PRESTON ST S, WELLINGTON NORTH, ON N0G 1A0",WELLINGTON NORTH,Municipal Sewage,Guelph District Office,FLOW,Approval/Permit Non-Compliance,2024-04-13,2024-04-13,3200,cubicmetre (m3),/day,1,3201,3201,Operational Process Modified,Addressed w/o Intervention
THE CORPORATION OF THE MUNICIPALITY OF WEST NIPISSING,Field Water Pollution Control Plant,"LOT:14, CONCESSION:5, GEOTOWNSHIP:FIELD, WEST NIPISSING, ON P0H 1M0",WEST NIPISSING,Municipal Sewage,North Bay Area Office,TOTAL AMMONIA NITROGEN,Approval/Permit Non-Compliance,2024-09-01,2024-09-30,7.1,mg/L,mon avg,1,9.47,9.47,Additional Monitoring Underway,Addressed w/o Intervention
UTILITIES KINGSTON,Cataraqui Bay (Kingston West) Wastewater Treatment Plant,"409 FRONT RD, KINGSTON, ON K7M 5R8",KINGSTON,Municipal Sewage,Kingston District Office,TOTAL AMMONIA NITROGEN,Approval/Permit Non-Compliance,2024-11-01,2024-11-30,8,mg/L,/mon,1,14.79,14.79,Action Plan Submitted,Addressed w/o Intervention
THE TOWNSHIP OF NORTH HURON,Blyth Water Pollution Control Plant,"117 NORTH ST, NORTH HURON, ON N0M 1L0",NORTH HURON,Municipal Sewage,Owen Sound District Office,PHOSPHORUS; TOTAL,Approval/Permit Non-Compliance,2024-05-01,2024-05-31,0.3,mg/L,mon avg,1,0.33,0.33,Equipment Modified/Repaired,Addressed w/o Intervention
THE TOWNSHIP OF NORTH HURON,Blyth Water Pollution Control Plant,"117 NORTH ST, NORTH HURON, ON N0M 1L0",NORTH HURON,Municipal Sewage,Owen Sound District Office,"SUSPENDED SOLIDS, TOTAL",Approval/Permit Non-Compliance,2024-05-01,2024-05-31,5,mg/L,mon avg,1,16,16,Additional Monitoring Underway,Voluntary Compliance Underway
THE CORPORATION OF THE MUNICIPALITY OF LAMBTON SHORES,Indian Hills Water Pollution Control Plant,"9173 INDIAN HILLS TRAIL W, LAMBTON SHORES, ON N0N 1J2",LAMBTON SHORES,Municipal Sewage,Sarnia District Office,PHOSPHORUS; TOTAL,Approval/Permit Non-Compliance,2024-05-01,2024-05-31,1,mg/L,mon avg,1,1.11,1.11,Operational Process Modified,Addressed w/o Intervention
CANADIAN SHIELD CONSULTANTS AGENCY INC.,The Den,"PART:1, PLAN:53R18621, INVERGARRY TOWNSHIP, UNORGANIZED, ON P0M 1W0",UNORGANIZED,Miscellaneous Communal,Timmins District Office,"SUSPENDED SOLIDS, TOTAL",Approval/Permit Non-Compliance,2024-01-17,2024-01-17,25.3,mg/L,/day,1,25.3,25.3,Equipment Modified/Repaired,Event Resolved
CANADIAN SHIELD CONSULTANTS AGENCY INC.,The Den,"PART:1, PLAN:53R18621, INVERGARRY TOWNSHIP, UNORGANIZED, ON P0M 1W0",UNORGANIZED,Miscellaneous Communal,Timmins District Office,CARBONACEOUS BIOCHEMICAL OXYGEN DEMAND,Approval/Permit Non-Compliance,2024-01-17,2024-01-17,25,mg/L,/day,1,36.3,36.3,Equipment Modified/Repaired,Event Resolved
CANADIAN SHIELD CONSULTANTS AGENCY INC.,The Den,"PART:1, PLAN:53R18621, INVERGARRY TOWNSHIP, UNORGANIZED, ON P0M 1W0",UNORGANIZED,Miscellaneous Communal,Timmins District Office,CARBONACEOUS BIOCHEMICAL OXYGEN DEMAND,Approval/Permit Non-Compliance,2024-01-17,2024-01-17,25,mg/L,/day,1,39.1,39.1,Equipment Modified/Repaired,Event Resolved
CANADIAN SHIELD CONSULTANTS AGENCY INC.,The Den,"PART:1, PLAN:53R18621, INVERGARRY TOWNSHIP, UNORGANIZED, ON P0M 1W0",UNORGANIZED,Miscellaneous Communal,Timmins District Office,BIOCHEMICAL OXYGEN DEMAND,Approval/Permit Non-Compliance,2024-02-14,2024-02-14,25,mg/L,/day,1,29,29,New Equipment Installed,Event Resolved
CANADIAN SHIELD CONSULTANTS AGENCY INC.,The Den,"PART:1, PLAN:53R18621, INVERGARRY TOWNSHIP, UNORGANIZED, ON P0M 1W0",UNORGANIZED,Miscellaneous Communal,Timmins District Office,BIOCHEMICAL OXYGEN DEMAND,Approval/Permit Non-Compliance,2024-03-13,2024-03-13,25,mg/L,/day,1,250,250,Operational Process Modified,Addressed w/o Intervention
1160453 ONTARIO LIMITED,Scotlynn Farms Bunkhouse,"144 KENDALL RD, NORFOLK COUNTY, ON N0E 1W0",NORFOLK COUNTY,Miscellaneous Communal,Hamilton District Office,TOTAL AMMONIA NITROGEN,Approval/Permit Non-Compliance,2024-04-01,2024-11-30,4,mg/L,annual avg,1,12.97,12.97,Operational Process Modified,Voluntary Compliance Underway
1160453 ONTARIO LIMITED,Scotlynn Farms Bunkhouse,"144 KENDALL RD, NORFOLK COUNTY, ON N0E 1W0",NORFOLK COUNTY,Miscellaneous Communal,Hamilton District Office,"SUSPENDED SOLIDS, TOTAL",Approval/Permit Non-Compliance,2024-04-01,2024-11-30,15,mg/L,annual avg,1,56.3,56.3,Operational Process Modified,Voluntary Compliance Underway
1160453 ONTARIO LIMITED,Scotlynn Farms Bunkhouse,"144 KENDALL RD, NORFOLK COUNTY, ON N0E 1W0",NORFOLK COUNTY,Miscellaneous Communal,Hamilton District Office,NITRATE (AS NITROGEN),Approval/Permit Non-Compliance,2024-04-01,2024-11-30,3,mg/L,annual avg,1,39.5,39.5,Operational Process Modified,Voluntary Compliance Underway
1160453 ONTARIO LIMITED,Scotlynn Farms Bunkhouse,"144 KENDALL RD, NORFOLK COUNTY, ON N0E 1W0",NORFOLK COUNTY,Miscellaneous Communal,Hamilton District Office,TOTAL AMMONIA NITROGEN,Approval/Permit Non-Compliance,2024-05-01,2024-10-31,3,mg/L,annual avg,1,15.95,15.95,Operational Process Modified,Voluntary Compliance Underway
1160453 ONTARIO LIMITED,Scotlynn Farms Bunkhouse,"144 KENDALL RD, NORFOLK COUNTY, ON N0E 1W0",NORFOLK COUNTY,Miscellaneous Communal,Hamilton District Office,"SUSPENDED SOLIDS, TOTAL",Approval/Permit Non-Compliance,2024-05-01,2024-10-31,10,mg/L,annual avg,1,44.32,44.32,Operational Process Modified,Voluntary Compliance Underway
1160453 ONTARIO LIMITED,Scotlynn Farms Bunkhouse,"144 KENDALL RD, NORFOLK COUNTY, ON N0E 1W0",NORFOLK COUNTY,Miscellaneous Communal,Hamilton District Office,NITRATE (AS NITROGEN),Approval/Permit Non-Compliance,2024-05-01,2024-10-31,3,mg/L,annual avg,1,41.12,41.12,Operational Process Modified,Voluntary Compliance Underway
BEAVER VALLEY SKI CLUB,BEAVER VALLEY SKI CLUB (CLUBHOUSE),"100 PIONEER DR, GREY HIGHLANDS, ON N0C 1H0",GREY HIGHLANDS,Miscellaneous Communal,Owen Sound District Office,PHOSPHORUS; TOTAL,Approval/Permit Non-Compliance,2024-02-01,2024-02-29,0.6,mg/L,mon avg,1,0.85,0.85,Equipment Modified/Repaired,Voluntary Compliance Underway
BEAVER VALLEY SKI CLUB,BEAVER VALLEY SKI CLUB (CLUBHOUSE),"100 PIONEER DR, GREY HIGHLANDS, ON N0C 1H0",GREY HIGHLANDS,Miscellaneous Communal,Owen Sound District Office,"SUSPENDED SOLIDS, TOTAL",Approval/Permit Non-Compliance,2024-02-01,2024-02-29,15,mg/L,mon avg,1,16,16,Equipment Modified/Repaired,Voluntary Compliance Underway
BEAVER VALLEY SKI CLUB,BEAVER VALLEY SKI CLUB (CLUBHOUSE),"100 PIONEER DR, GREY HIGHLANDS, ON N0C 1H0",GREY HIGHLANDS,Miscellaneous Communal,Owen Sound District Office,"SUSPENDED SOLIDS, TOTAL",Approval/Permit Non-Compliance,2024-03-01,2024-03-31,15,mg/L,mon avg,1,18,18,Ceased Operations,Voluntary Compliance Underway
BEAVER VALLEY SKI CLUB,BEAVER VALLEY SKI CLUB (CLUBHOUSE),"100 PIONEER DR, GREY HIGHLANDS, ON N0C 1H0",GREY HIGHLANDS,Miscellaneous Communal,Owen Sound District Office,PHOSPHORUS; TOTAL,Approval/Permit Non-Compliance,2024-03-01,2024-03-31,0.6,mg/L,mon avg,1,2.1,2.1,Ceased Operations,Voluntary Compliance Underway
BEAVER VALLEY SKI CLUB,BEAVER VALLEY SKI CLUB (CLUBHOUSE),"100 PIONEER DR, GREY HIGHLANDS, ON N0C 1H0",GREY HIGHLANDS,Miscellaneous Communal,Owen Sound District Office,TOTAL AMMONIA NITROGEN,Approval/Permit Non-Compliance,2024-12-01,2024-12-31,2.5,mg/L,mon avg,1,5.8,5.8,Resolved w/o Actions Required,Event Resolved
BEAVER VALLEY SKI CLUB,BEAVER VALLEY SKI CLUB (CLUBHOUSE),"100 PIONEER DR, GREY HIGHLANDS, ON N0C 1H0",GREY HIGHLANDS,Miscellaneous Communal,Owen Sound District Office,"SUSPENDED SOLIDS, TOTAL",Approval/Permit Non-Compliance,2024-12-01,2024-12-31,15,mg/L,mon avg,1,16.8,16.8,Resolved w/o Actions Required,Event Resolved
BIGWIN ISLAND GOLF CLUB,Bigwin Island Golf Club,"1137 HIGHWAY 117, LAKE OF BAYS, ON P0B 1A0",LAKE OF BAYS,Miscellaneous Communal,Barrie District Office,"SUSPENDED SOLIDS, TOTAL",Approval/Permit Non-Compliance,2024-05-01,2024-05-31,10,mg/L,mon avg,1,16.5,16.5,Additional Monitoring Underway,Assessment Underway
BIGWIN ISLAND GOLF CLUB,Bigwin Island Golf Club,"1137 HIGHWAY 117, LAKE OF BAYS, ON P0B 1A0",LAKE OF BAYS,Miscellaneous Communal,Barrie District Office,"SUSPENDED SOLIDS, TOTAL",Approval/Permit Non-Compliance,2024-06-01,2024-06-30,10,mg/L,mon avg,1,22.25,22.25,Additional Monitoring Underway,Assessment Underway
BIGWIN ISLAND GOLF CLUB,Bigwin Island Golf Club,"1137 HIGHWAY 117, LAKE OF BAYS, ON P0B 1A0",LAKE OF BAYS,Miscellaneous Communal,Barrie District Office,CARBONACEOUS BIOCHEMICAL OXYGEN DEMAND,Approval/Permit Non-Compliance,2024-06-01,2024-06-30,10,mg/L,mon avg,1,11.75,11.75,Additional Monitoring Underway,Assessment Underway
BIGWIN ISLAND GOLF CLUB,Bigwin Island Golf Club,"1137 HIGHWAY 117, LAKE OF BAYS, ON P0B 1A0",LAKE OF BAYS,Miscellaneous Communal,Barrie District Office,"SUSPENDED SOLIDS, TOTAL",Approval/Permit Non-Compliance,2024-09-01,2024-09-30,10,mg/L,mon avg,1,15.25,15.25,Additional Monitoring Underway,Voluntary Compliance Underway
BIGWIN ISLAND GOLF CLUB,Bigwin Island Golf Club,"1137 HIGHWAY 117, LAKE OF BAYS, ON P0B 1A0",LAKE OF BAYS,Miscellaneous Communal,Barrie District Office,CARBONACEOUS BIOCHEMICAL OXYGEN DEMAND,Approval/Permit Non-Compliance,2024-09-01,2024-09-30,10,mg/L,mon avg,1,10.25,10.25,Additional Monitoring Underway,Voluntary Compliance Underway
CLUBLINK CORPORATION ULC,EMERALD HILLS,"14001 WARDEN AVE, WHITCHURCH-STOUFFVILLE, ON L4A 7X5",WHITCHURCH-STOUFFVILLE,Miscellaneous Communal,York Durham District Office,ESCHERICHIA COLI,Approval/Permit Non-Compliance,2024-11-01,2024-11-30,200,cfu/100ml,mon avg,1,317,317,Equipment Modified/Repaired,Event Resolved
CLUBLINK CORPORATION ULC,National Pines Golf Club,"8165 10TH SIDEROAD, INNISFIL, ON L9S 3R2",INNISFIL,Miscellaneous Communal,Barrie District Office,PHOSPHORUS; TOTAL,Approval/Permit Non-Compliance,2024-06-01,2024-06-30,2.5,mg/L,mon avg,1,3.94,3.94,Equipment Modified/Repaired,Addressed w/o Intervention
CLUBLINK CORPORATION ULC,National Pines Golf Club,"8165 10TH SIDEROAD, INNISFIL, ON L9S 3R2",INNISFIL,Miscellaneous Communal,Barrie District Office,TOTAL AMMONIA NITROGEN,Approval/Permit Non-Compliance,2024-06-01,2024-06-30,2.5,mg/L,mon avg,1,2.76,2.76,Equipment Modified/Repaired,Addressed w/o Intervention
CLUBLINK CORPORATION ULC,National Pines Golf Club,"8165 10TH SIDEROAD, INNISFIL, ON L9S 3R2",INNISFIL,Miscellaneous Communal,Barrie District Office,"SUSPENDED SOLIDS, TOTAL",Approval/Permit Non-Compliance,2024-06-01,2024-06-30,15,mg/L,mon avg,1,150,150,Equipment Modified/Repaired,Addressed w/o Intervention
23:32 CAPITAL MHC FUND I GP INC.,Town & Country Mobile Home Park,"226 EAST PIKE CREEK RD, LAKESHORE, ON N0R 1K0",LAKESHORE,Miscellaneous Communal,Windsor District Office,PHOSPHORUS; TOTAL,Approval/Permit Non-Compliance,2024-03-01,2024-03-31,1,mg/L,mon avg,1,1.13,1.13,New Equipment Installed,Voluntary Compliance Underway
23:32 CAPITAL MHC FUND I GP INC.,Town & Country Mobile Home Park,"226 EAST PIKE CREEK RD, LAKESHORE, ON N0R 1K0",LAKESHORE,Miscellaneous Communal,Windsor District Office,"SUSPENDED SOLIDS, TOTAL",Approval/Permit Non-Compliance,2024-03-01,2024-03-31,10,mg/L,mon avg,1,41,41,New Equipment Installed,Voluntary Compliance Underway
23:32 CAPITAL MHC FUND I GP INC.,Town & Country Mobile Home Park,"226 EAST PIKE CREEK RD, LAKESHORE, ON N0R 1K0",LAKESHORE,Miscellaneous Communal,Windsor District Office,"SUSPENDED SOLIDS, TOTAL",Approval/Permit Non-Compliance,2024-03-31,2024-03-31,10,mg/L,/mon,1,41,41,Operational Process Modified,Addressed w/o Intervention
23:32 CAPITAL MHC FUND I GP INC.,Town & Country Mobile Home Park,"226 EAST PIKE CREEK RD, LAKESHORE, ON N0R 1K0",LAKESHORE,Miscellaneous Communal,Windsor District Office,PHOSPHORUS; TOTAL,Approval/Permit Non-Compliance,2024-03-31,2024-03-31,0.3,mg/L,/mon,1,1.13,1.13,Operational Process Modified,Addressed w/o Intervention
23:32 CAPITAL MHC FUND I GP INC.,Town & Country Mobile Home Park,"226 EAST PIKE CREEK RD, LAKESHORE, ON N0R 1K0",LAKESHORE,Miscellaneous Communal,Windsor District Office,"SUSPENDED SOLIDS, TOTAL",Approval/Permit Non-Compliance,2024-07-01,2024-07-31,10,mg/L,/mon,1,20,20,Operational Process Modified,Addressed w/o Intervention
CASTLE AMALCO REAL ESTATE HOLDINGS INC.,Sun Retreats Turkey Point,"61 MOLE SIDE RD, NORFOLK COUNTY, ON N0E 1W0",NORFOLK COUNTY,Miscellaneous Communal,Hamilton District Office,CARBONACEOUS BIOCHEMICAL OXYGEN DEMAND,Approval/Permit Non-Compliance,2024-05-01,2024-05-31,10,mg/L,mon avg,1,26,26,Operational Process Modified,Addressed w/o Intervention
CASTLE AMALCO REAL ESTATE HOLDINGS INC.,Sun Retreats Turkey Point,"61 MOLE SIDE RD, NORFOLK COUNTY, ON N0E 1W0",NORFOLK COUNTY,Miscellaneous Communal,Hamilton District Office,"SUSPENDED SOLIDS, TOTAL",Approval/Permit Non-Compliance,2024-05-01,2024-05-31,10,mg/L,mon avg,1,41,41,Operational Process Modified,Addressed w/o Intervention
CASTLE AMALCO REAL ESTATE HOLDINGS INC.,Sun Retreats Turkey Point,"61 MOLE SIDE RD, NORFOLK COUNTY, ON N0E 1W0",NORFOLK COUNTY,Miscellaneous Communal,Hamilton District Office,"SUSPENDED SOLIDS, TOTAL",Approval/Permit Non-Compliance,2024-06-01,2024-06-30,10,mg/L,mon avg,1,25,25,Operational Process Modified,Addressed w/o Intervention
CASTLE AMALCO REAL ESTATE HOLDINGS INC.,Sun Retreats Turkey Point,"61 MOLE SIDE RD, NORFOLK COUNTY, ON N0E 1W0",NORFOLK COUNTY,Miscellaneous Communal,Hamilton District Office,CARBONACEOUS BIOCHEMICAL OXYGEN DEMAND,Approval/Permit Non-Compliance,2024-06-01,2024-06-30,10,mg/L,mon avg,1,15,15,Operational Process Modified,Addressed w/o Intervention
CASTLE AMALCO REAL ESTATE HOLDINGS INC.,Sun Retreats Turkey Point,"61 MOLE SIDE RD, NORFOLK COUNTY, ON N0E 1W0",NORFOLK COUNTY,Miscellaneous Communal,Hamilton District Office,"SUSPENDED SOLIDS, TOTAL",Approval/Permit Non-Compliance,2024-07-01,2024-07-31,10,mg/L,mon avg,1,19,19,Operational Process Modified,Addressed w/o Intervention
CASTLE AMALCO REAL ESTATE HOLDINGS INC.,Sun Retreats Sandbanks,"37 LAKE AVENUE LANE, CHERRY VALLEY, PRINCE EDWARD COUNTY, ON K0K 1P0",PRINCE EDWARD COUNTY,Miscellaneous Communal,Belleville Area Office,ESCHERICHIA COLI,Legislation Non-Compliance,2024-04-01,2024-04-30,100,CT/100ml,mon avg on a geo. mean density,1,246,246,Resolved w/o Actions Required,Event Resolved
CASTLE AMALCO REAL ESTATE HOLDINGS INC.,Sun Retreats Sandbanks,"37 LAKE AVENUE LANE, CHERRY VALLEY, PRINCE EDWARD COUNTY, ON K0K 1P0",PRINCE EDWARD COUNTY,Miscellaneous Communal,Belleville Area Office,PH - LOW,Legislation Non-Compliance,2024-06-01,2024-06-30,6,pH,/mon,1,5.6,5.6,Equipment Modified/Repaired,Event Resolved
CASTLE AMALCO REAL ESTATE HOLDINGS INC.,Sun Retreats Sandbanks,"37 LAKE AVENUE LANE, CHERRY VALLEY, PRINCE EDWARD COUNTY, ON K0K 1P0",PRINCE EDWARD COUNTY,Miscellaneous Communal,Belleville Area Office,PHOSPHORUS; TOTAL,Legislation Non-Compliance,2024-07-01,2024-07-31,0.3,mg/L,mon avg,1,0.66,0.66,Equipment Modified/Repaired,Event Resolved
2039882 ONTARIO LIMITED,Shelter Cove,"38 CHEAPSIDE RD, HALDIMAND COUNTY, ON N0A 1P0",HALDIMAND COUNTY,Miscellaneous Communal,Hamilton District Office,PHOSPHORUS; TOTAL,Approval/Permit Non-Compliance,2024-01-01,2024-01-31,0.04,mg/L,mon avg,1,0.89,0.89,Action Plan Submitted,Voluntary Compliance Underway
2039882 ONTARIO LIMITED,Shelter Cove,"38 CHEAPSIDE RD, HALDIMAND COUNTY, ON N0A 1P0",HALDIMAND COUNTY,Miscellaneous Communal,Hamilton District Office,TOTAL AMMONIA NITROGEN,Approval/Permit Non-Compliance,2024-01-01,2024-01-31,0.14,kg/d,mon avg,1,2.17,2.17,Action Plan Submitted,Voluntary Compliance Underway
2039882 ONTARIO LIMITED,Shelter Cove,"38 CHEAPSIDE RD, HALDIMAND COUNTY, ON N0A 1P0",HALDIMAND COUNTY,Miscellaneous Communal,Hamilton District Office,CARBONACEOUS BIOCHEMICAL OXYGEN DEMAND,Approval/Permit Non-Compliance,2024-01-01,2024-01-31,1,kg/d,mon avg,1,1.48,1.48,Action Plan Submitted,Voluntary Compliance Underway
2039882 ONTARIO LIMITED,Shelter Cove,"38 CHEAPSIDE RD, HALDIMAND COUNTY, ON N0A 1P0",HALDIMAND COUNTY,Miscellaneous Communal,Hamilton District Office,CARBONACEOUS BIOCHEMICAL OXYGEN DEMAND,Approval/Permit Non-Compliance,2024-01-01,2024-01-31,7,mg/L,mon avg,1,22,22,Action Plan Submitted,Voluntary Compliance Underway
2039882 ONTARIO LIMITED,Shelter Cove,"38 CHEAPSIDE RD, HALDIMAND COUNTY, ON N0A 1P0",HALDIMAND COUNTY,Miscellaneous Communal,Hamilton District Office,PHOSPHORUS; TOTAL,Approval/Permit Non-Compliance,2024-01-01,2024-01-31,1,kg/d,mon avg,1,2.98,2.98,Action Plan Submitted,Voluntary Compliance Underway
2039882 ONTARIO LIMITED,Shelter Cove,"38 CHEAPSIDE RD, HALDIMAND COUNTY, ON N0A 1P0",HALDIMAND COUNTY,Miscellaneous Communal,Hamilton District Office,ESCHERICHIA COLI,Approval/Permit Non-Compliance,2024-01-01,2024-01-31,200,cfu/100ml,mon avg,1,5111,5111,Action Plan Submitted,Voluntary Compliance Underway
2039882 ONTARIO LIMITED,Shelter Cove,"38 CHEAPSIDE RD, HALDIMAND COUNTY, ON N0A 1P0",HALDIMAND COUNTY,Miscellaneous Communal,Hamilton District Office,TOTAL AMMONIA NITROGEN,Approval/Permit Non-Compliance,2024-01-01,2024-01-31,1,mg/L,mon avg,1,32,32,Action Plan Submitted,Voluntary Compliance Underway
2039882 ONTARIO LIMITED,Shelter Cove,"38 CHEAPSIDE RD, HALDIMAND COUNTY, ON N0A 1P0",HALDIMAND COUNTY,Miscellaneous Communal,Hamilton District Office,"SUSPENDED SOLIDS, TOTAL",Approval/Permit Non-Compliance,2024-01-01,2024-01-31,7,mg/L,mon avg,1,44,44,Action Plan Submitted,Voluntary Compliance Underway
2039882 ONTARIO LIMITED,Shelter Cove,"38 CHEAPSIDE RD, HALDIMAND COUNTY, ON N0A 1P0",HALDIMAND COUNTY,Miscellaneous Communal,Hamilton District Office,PHOSPHORUS; TOTAL,Approval/Permit Non-Compliance,2024-01-01,2024-01-31,0.006,kg/d,mon avg,1,0.061,0.061,Action Plan Submitted,Voluntary Compliance Underway
2039882 ONTARIO LIMITED,Shelter Cove,"38 CHEAPSIDE RD, HALDIMAND COUNTY, ON N0A 1P0",HALDIMAND COUNTY,Miscellaneous Communal,Hamilton District Office,PHOSPHORUS; TOTAL,Approval/Permit Non-Compliance,2024-02-01,2024-02-29,0.04,mg/L,mon avg,1,0.82,0.82,Action Plan Submitted,Voluntary Compliance Underway
2039882 ONTARIO LIMITED,Shelter Cove,"38 CHEAPSIDE RD, HALDIMAND COUNTY, ON N0A 1P0",HALDIMAND COUNTY,Miscellaneous Communal,Hamilton District Office,CARBONACEOUS BIOCHEMICAL OXYGEN DEMAND,Approval/Permit Non-Compliance,2024-02-01,2024-02-29,7,mg/L,mon avg,1,15,15,Action Plan Submitted,Voluntary Compliance Underway
2039882 ONTARIO LIMITED,Shelter Cove,"38 CHEAPSIDE RD, HALDIMAND COUNTY, ON N0A 1P0",HALDIMAND COUNTY,Miscellaneous Communal,Hamilton District Office,"SUSPENDED SOLIDS, TOTAL",Approval/Permit Non-Compliance,2024-02-01,2024-02-29,7,mg/L,mon avg,1,23,23,Action Plan Submitted,Voluntary Compliance Underway
2039882 ONTARIO LIMITED,Shelter Cove,"38 CHEAPSIDE RD, HALDIMAND COUNTY, ON N0A 1P0",HALDIMAND COUNTY,Miscellaneous Communal,Hamilton District Office,TOTAL AMMONIA NITROGEN,Approval/Permit Non-Compliance,2024-02-01,2024-02-29,0.14,kg/d,mon avg,1,1.56,1.56,Action Plan Submitted,Voluntary Compliance Underway
2039882 ONTARIO LIMITED,Shelter Cove,"38 CHEAPSIDE RD, HALDIMAND COUNTY, ON N0A 1P0",HALDIMAND COUNTY,Miscellaneous Communal,Hamilton District Office,ESCHERICHIA COLI,Approval/Permit Non-Compliance,2024-02-01,2024-02-29,200,mg/L,mon avg,1,5326,5326,Action Plan Submitted,Voluntary Compliance Underway
2039882 ONTARIO LIMITED,Shelter Cove,"38 CHEAPSIDE RD, HALDIMAND COUNTY, ON N0A 1P0",HALDIMAND COUNTY,Miscellaneous Communal,Hamilton District Office,TOTAL AMMONIA NITROGEN,Approval/Permit Non-Compliance,2024-02-01,2024-02-29,1,mg/L,mon avg,1,41,41,Action Plan Submitted,Voluntary Compliance Underway
2039882 ONTARIO LIMITED,Shelter Cove,"38 CHEAPSIDE RD, HALDIMAND COUNTY, ON N0A 1P0",HALDIMAND COUNTY,Miscellaneous Communal,Hamilton District Office,PHOSPHORUS; TOTAL,Approval/Permit Non-Compliance,2024-02-01,2024-02-29,0.006,kg/d,mon avg,1,0.031,0.031,Action Plan Submitted,Voluntary Compliance Underway
2039882 ONTARIO LIMITED,Shelter Cove,"38 CHEAPSIDE RD, HALDIMAND COUNTY, ON N0A 1P0",HALDIMAND COUNTY,Miscellaneous Communal,Hamilton District Office,CARBONACEOUS BIOCHEMICAL OXYGEN DEMAND,Approval/Permit Non-Compliance,2024-03-01,2024-03-31,1,kg/d,mon avg,1,1.26,1.26,Action Plan Submitted,Voluntary Compliance Underway
2039882 ONTARIO LIMITED,Shelter Cove,"38 CHEAPSIDE RD, HALDIMAND COUNTY, ON N0A 1P0",HALDIMAND COUNTY,Miscellaneous Communal,Hamilton District Office,"SUSPENDED SOLIDS, TOTAL",Approval/Permit Non-Compliance,2024-03-01,2024-03-31,1,kg/d,mon avg,1,3.16,3.16,Action Plan Submitted,Voluntary Compliance Underway
2039882 ONTARIO LIMITED,Shelter Cove,"38 CHEAPSIDE RD, HALDIMAND COUNTY, ON N0A 1P0",HALDIMAND COUNTY,Miscellaneous Communal,Hamilton District Office,"SUSPENDED SOLIDS, TOTAL",Approval/Permit Non-Compliance,2024-03-01,2024-03-31,7,mg/L,mon avg,1,78,78,Action Plan Submitted,Voluntary Compliance Underway
2039882 ONTARIO LIMITED,Shelter Cove,"38 CHEAPSIDE RD, HALDIMAND COUNTY, ON N0A 1P0",HALDIMAND COUNTY,Miscellaneous Communal,Hamilton District Office,TOTAL AMMONIA NITROGEN,Approval/Permit Non-Compliance,2024-03-01,2024-03-31,0.14,kg/d,mon avg,1,1.53,1.53,Action Plan Submitted,Voluntary Compliance Underway
2039882 ONTARIO LIMITED,Shelter Cove,"38 CHEAPSIDE RD, HALDIMAND COUNTY, ON N0A 1P0",HALDIMAND COUNTY,Miscellaneous Communal,Hamilton District Office,TOTAL AMMONIA NITROGEN,Approval/Permit Non-Compliance,2024-03-01,2024-03-31,1,mg/L,mon avg,1,38,38,Action Plan Submitted,Voluntary Compliance Underway
2039882 ONTARIO LIMITED,Shelter Cove,"38 CHEAPSIDE RD, HALDIMAND COUNTY, ON N0A 1P0",HALDIMAND COUNTY,Miscellaneous Communal,Hamilton District Office,CARBONACEOUS BIOCHEMICAL OXYGEN DEMAND,Approval/Permit Non-Compliance,2024-03-01,2024-03-31,7,mg/L,mon avg,1,31,31,Action Plan Submitted,Voluntary Compliance Underway
2039882 ONTARIO LIMITED,Shelter Cove,"38 CHEAPSIDE RD, HALDIMAND COUNTY, ON N0A 1P0",HALDIMAND COUNTY,Miscellaneous Communal,Hamilton District Office,PHOSPHORUS; TOTAL,Approval/Permit Non-Compliance,2024-03-01,2024-03-31,0.04,mg/L,mon avg,1,2.02,2.02,Action Plan Submitted,Voluntary Compliance Underway
2039882 ONTARIO LIMITED,Shelter Cove,"38 CHEAPSIDE RD, HALDIMAND COUNTY, ON N0A 1P0",HALDIMAND COUNTY,Miscellaneous Communal,Hamilton District Office,ESCHERICHIA COLI,Approval/Permit Non-Compliance,2024-03-01,2024-03-31,200,cfu/100ml,mon avg,1,28372,28372,Action Plan Submitted,Voluntary Compliance Underway
2039882 ONTARIO LIMITED,Shelter Cove,"38 CHEAPSIDE RD, HALDIMAND COUNTY, ON N0A 1P0",HALDIMAND COUNTY,Miscellaneous Communal,Hamilton District Office,PHOSPHORUS; TOTAL,Approval/Permit Non-Compliance,2024-03-01,2024-03-31,0.006,kg/d,mon avg,1,0.082,0.082,Action Plan Submitted,Voluntary Compliance Underway
2039882 ONTARIO LIMITED,Shelter Cove,"38 CHEAPSIDE RD, HALDIMAND COUNTY, ON N0A 1P0",HALDIMAND COUNTY,Miscellaneous Communal,Hamilton District Office,TOTAL AMMONIA NITROGEN,Approval/Permit Non-Compliance,2024-04-01,2024-04-30,1,mg/L,mon avg,1,30,30,Action Plan Submitted,Voluntary Compliance Underway
2039882 ONTARIO LIMITED,Shelter Cove,"38 CHEAPSIDE RD, HALDIMAND COUNTY, ON N0A 1P0",HALDIMAND COUNTY,Miscellaneous Communal,Hamilton District Office,PHOSPHORUS; TOTAL,Approval/Permit Non-Compliance,2024-04-01,2024-04-30,0.04,mg/L,mon avg,1,0.92,0.92,Action Plan Submitted,Voluntary Compliance Underway
2039882 ONTARIO LIMITED,Shelter Cove,"38 CHEAPSIDE RD, HALDIMAND COUNTY, ON N0A 1P0",HALDIMAND COUNTY,Miscellaneous Communal,Hamilton District Office,"SUSPENDED SOLIDS, TOTAL",Approval/Permit Non-Compliance,2024-04-01,2024-04-30,1,kg/d,mon avg,1,4.14,4.14,Action Plan Submitted,Voluntary Compliance Underway
2039882 ONTARIO LIMITED,Shelter Cove,"38 CHEAPSIDE RD, HALDIMAND COUNTY, ON N0A 1P0",HALDIMAND COUNTY,Miscellaneous Communal,Hamilton District Office,ESCHERICHIA COLI,Approval/Permit Non-Compliance,2024-04-01,2024-04-30,200,cfu/100ml,mon avg,1,4542,4542,Action Plan Submitted,Voluntary Compliance Underway
2039882 ONTARIO LIMITED,Shelter Cove,"38 CHEAPSIDE RD, HALDIMAND COUNTY, ON N0A 1P0",HALDIMAND COUNTY,Miscellaneous Communal,Hamilton District Office,CARBONACEOUS BIOCHEMICAL OXYGEN DEMAND,Approval/Permit Non-Compliance,2024-04-01,2024-04-30,7,mg/L,mon avg,1,37,37,Action Plan Submitted,Voluntary Compliance Underway
2039882 ONTARIO LIMITED,Shelter Cove,"38 CHEAPSIDE RD, HALDIMAND COUNTY, ON N0A 1P0",HALDIMAND COUNTY,Miscellaneous Communal,Hamilton District Office,PHOSPHORUS; TOTAL,Approval/Permit Non-Compliance,2024-04-01,2024-04-30,0.006,kg/d,mon avg,1,0.043,0.043,Action Plan Submitted,Voluntary Compliance Underway
2039882 ONTARIO LIMITED,Shelter Cove,"38 CHEAPSIDE RD, HALDIMAND COUNTY, ON N0A 1P0",HALDIMAND COUNTY,Miscellaneous Communal,Hamilton District Office,CARBONACEOUS BIOCHEMICAL OXYGEN DEMAND,Approval/Permit Non-Compliance,2024-04-01,2024-04-30,1,kg/d,mon avg,1,1.73,1.73,Action Plan Submitted,Voluntary Compliance Underway
2039882 ONTARIO LIMITED,Shelter Cove,"38 CHEAPSIDE RD, HALDIMAND COUNTY, ON N0A 1P0",HALDIMAND COUNTY,Miscellaneous Communal,Hamilton District Office,"SUSPENDED SOLIDS, TOTAL",Approval/Permit Non-Compliance,2024-04-01,2024-04-30,7,mg/L,mon avg,1,89,89,Action Plan Submitted,Voluntary Compliance Underway
2039882 ONTARIO LIMITED,Shelter Cove,"38 CHEAPSIDE RD, HALDIMAND COUNTY, ON N0A 1P0",HALDIMAND COUNTY,Miscellaneous Communal,Hamilton District Office,TOTAL AMMONIA NITROGEN,Approval/Permit Non-Compliance,2024-04-01,2024-04-30,0.14,kg/d,mon avg,1,1.41,1.41,Action Plan Submitted,Voluntary Compliance Underway
2039882 ONTARIO LIMITED,Shelter Cove,"38 CHEAPSIDE RD, HALDIMAND COUNTY, ON N0A 1P0",HALDIMAND COUNTY,Miscellaneous Communal,Hamilton District Office,TOTAL AMMONIA NITROGEN,Approval/Permit Non-Compliance,2024-05-01,2024-05-31,0.14,kg/d,mon avg,1,1.45,1.45,Action Plan Submitted,Voluntary Compliance Underway
2039882 ONTARIO LIMITED,Shelter Cove,"38 CHEAPSIDE RD, HALDIMAND COUNTY, ON N0A 1P0",HALDIMAND COUNTY,Miscellaneous Communal,Hamilton District Office,"SUSPENDED SOLIDS, TOTAL",Approval/Permit Non-Compliance,2024-05-01,2024-05-31,7,mg/L,mon avg,1,86,86,Action Plan Submitted,Voluntary Compliance Underway
2039882 ONTARIO LIMITED,Shelter Cove,"38 CHEAPSIDE RD, HALDIMAND COUNTY, ON N0A 1P0",HALDIMAND COUNTY,Miscellaneous Communal,Hamilton District Office,CARBONACEOUS BIOCHEMICAL OXYGEN DEMAND,Approval/Permit Non-Compliance,2024-05-01,2024-05-31,1,kg/d,mon avg,1,2.49,2.49,Action Plan Submitted,Voluntary Compliance Underway
2039882 ONTARIO LIMITED,Shelter Cove,"38 CHEAPSIDE RD, HALDIMAND COUNTY, ON N0A 1P0",HALDIMAND COUNTY,Miscellaneous Communal,Hamilton District Office,ESCHERICHIA COLI,Approval/Permit Non-Compliance,2024-05-01,2024-05-31,200,cfu/100ml,mon avg,1,39664,39664,Action Plan Submitted,Voluntary Compliance Underway
2039882 ONTARIO LIMITED,Shelter Cove,"38 CHEAPSIDE RD, HALDIMAND COUNTY, ON N0A 1P0",HALDIMAND COUNTY,Miscellaneous Communal,Hamilton District Office,CARBONACEOUS BIOCHEMICAL OXYGEN DEMAND,Approval/Permit Non-Compliance,2024-05-01,2024-05-31,7,mg/L,mon avg,1,65,65,Action Plan Submitted,Voluntary Compliance Underway
2039882 ONTARIO LIMITED,Shelter Cove,"38 CHEAPSIDE RD, HALDIMAND COUNTY, ON N0A 1P0",HALDIMAND COUNTY,Miscellaneous Communal,Hamilton District Office,"SUSPENDED SOLIDS, TOTAL",Approval/Permit Non-Compliance,2024-05-01,2024-05-31,1,kg/d,mon avg,1,3.29,3.29,Action Plan Submitted,Voluntary Compliance Underway
2039882 ONTARIO LIMITED,Shelter Cove,"38 CHEAPSIDE RD, HALDIMAND COUNTY, ON N0A 1P0",HALDIMAND COUNTY,Miscellaneous Communal,Hamilton District Office,PHOSPHORUS; TOTAL,Approval/Permit Non-Compliance,2024-05-01,2024-05-31,0.006,kg/d,mon avg,1,0.132,0.132,Action Plan Submitted,Voluntary Compliance Underway
2039882 ONTARIO LIMITED,Shelter Cove,"38 CHEAPSIDE RD, HALDIMAND COUNTY, ON N0A 1P0",HALDIMAND COUNTY,Miscellaneous Communal,Hamilton District Office,TOTAL AMMONIA NITROGEN,Approval/Permit Non-Compliance,2024-05-01,2024-05-31,1,mg/L,mon avg,1,38,38,Action Plan Submitted,Voluntary Compliance Underway
2039882 ONTARIO LIMITED,Shelter Cove,"38 CHEAPSIDE RD, HALDIMAND COUNTY, ON N0A 1P0",HALDIMAND COUNTY,Miscellaneous Communal,Hamilton District Office,PHOSPHORUS; TOTAL,Approval/Permit Non-Compliance,2024-05-01,2024-05-31,0.04,mg/L,mon avg,1,3.46,3.46,Action Plan Submitted,Voluntary Compliance Underway
2039882 ONTARIO LIMITED,Shelter Cove,"38 CHEAPSIDE RD, HALDIMAND COUNTY, ON N0A 1P0",HALDIMAND COUNTY,Miscellaneous Communal,Hamilton District Office,"SUSPENDED SOLIDS, TOTAL",Approval/Permit Non-Compliance,2024-06-01,2024-06-30,7,mg/L,mon avg,1,39,39,Action Plan Submitted,Voluntary Compliance Underway
2039882 ONTARIO LIMITED,Shelter Cove,"38 CHEAPSIDE RD, HALDIMAND COUNTY, ON N0A 1P0",HALDIMAND COUNTY,Miscellaneous Communal,Hamilton District Office,TOTAL AMMONIA NITROGEN,Approval/Permit Non-Compliance,2024-06-01,2024-06-30,0.14,kg/d,mon avg,1,0.96,0.96,Action Plan Submitted,Voluntary Compliance Underway
2039882 ONTARIO LIMITED,Shelter Cove,"38 CHEAPSIDE RD, HALDIMAND COUNTY, ON N0A 1P0",HALDIMAND COUNTY,Miscellaneous Communal,Hamilton District Office,CARBONACEOUS BIOCHEMICAL OXYGEN DEMAND,Approval/Permit Non-Compliance,2024-06-01,2024-06-30,7,mg/L,mon avg,1,81,81,Action Plan Submitted,Voluntary Compliance Underway
2039882 ONTARIO LIMITED,Shelter Cove,"38 CHEAPSIDE RD, HALDIMAND COUNTY, ON N0A 1P0",HALDIMAND COUNTY,Miscellaneous Communal,Hamilton District Office,ESCHERICHIA COLI,Approval/Permit Non-Compliance,2024-06-01,2024-06-30,200,cfu/100ml,mon avg,1,16308,16308,Action Plan Submitted,Voluntary Compliance Underway
2039882 ONTARIO LIMITED,Shelter Cove,"38 CHEAPSIDE RD, HALDIMAND COUNTY, ON N0A 1P0",HALDIMAND COUNTY,Miscellaneous Communal,Hamilton District Office,"SUSPENDED SOLIDS, TOTAL",Approval/Permit Non-Compliance,2024-06-01,2024-06-30,1,kg/d,mon avg,1,1.18,1.18,Action Plan Submitted,Voluntary Compliance Underway
2039882 ONTARIO LIMITED,Shelter Cove,"38 CHEAPSIDE RD, HALDIMAND COUNTY, ON N0A 1P0",HALDIMAND COUNTY,Miscellaneous Communal,Hamilton District Office,TOTAL AMMONIA NITROGEN,Approval/Permit Non-Compliance,2024-06-01,2024-06-30,1,mg/L,mon avg,1,32,32,Action Plan Submitted,Voluntary Compliance Underway
2039882 ONTARIO LIMITED,Shelter Cove,"38 CHEAPSIDE RD, HALDIMAND COUNTY, ON N0A 1P0",HALDIMAND COUNTY,Miscellaneous Communal,Hamilton District Office,PHOSPHORUS; TOTAL,Approval/Permit Non-Compliance,2024-06-01,2024-06-30,0.006,kg/d,mon avg,1,0.05,0.05,Action Plan Submitted,Voluntary Compliance Underway
2039882 ONTARIO LIMITED,Shelter Cove,"38 CHEAPSIDE RD, HALDIMAND COUNTY, ON N0A 1P0",HALDIMAND COUNTY,Miscellaneous Communal,Hamilton District Office,CARBONACEOUS BIOCHEMICAL OXYGEN DEMAND,Approval/Permit Non-Compliance,2024-06-01,2024-06-30,1,kg/d,mon avg,1,2.47,2.47,Action Plan Submitted,Voluntary Compliance Underway
2039882 ONTARIO LIMITED,Shelter Cove,"38 CHEAPSIDE RD, HALDIMAND COUNTY, ON N0A 1P0",HALDIMAND COUNTY,Miscellaneous Communal,Hamilton District Office,PHOSPHORUS; TOTAL,Approval/Permit Non-Compliance,2024-06-01,2024-06-30,0.04,mg/L,mon avg,1,1.66,1.66,Action Plan Submitted,Voluntary Compliance Underway
2039882 ONTARIO LIMITED,Shelter Cove,"38 CHEAPSIDE RD, HALDIMAND COUNTY, ON N0A 1P0",HALDIMAND COUNTY,Miscellaneous Communal,Hamilton District Office,ESCHERICHIA COLI,Approval/Permit Non-Compliance,2024-07-01,2024-07-31,200,cfu/100ml,mon avg,1,3240,3240,Action Plan Submitted,Voluntary Compliance Underway
2039882 ONTARIO LIMITED,Shelter Cove,"38 CHEAPSIDE RD, HALDIMAND COUNTY, ON N0A 1P0",HALDIMAND COUNTY,Miscellaneous Communal,Hamilton District Office,PHOSPHORUS; TOTAL,Approval/Permit Non-Compliance,2024-07-01,2024-07-31,0.04,mg/L,mon avg,1,1.97,1.97,Action Plan Submitted,Voluntary Compliance Underway
2039882 ONTARIO LIMITED,Shelter Cove,"38 CHEAPSIDE RD, HALDIMAND COUNTY, ON N0A 1P0",HALDIMAND COUNTY,Miscellaneous Communal,Hamilton District Office,TOTAL AMMONIA NITROGEN,Approval/Permit Non-Compliance,2024-07-01,2024-07-31,0.14,kg/d,mon avg,1,0.87,0.87,Action Plan Submitted,Voluntary Compliance Underway
2039882 ONTARIO LIMITED,Shelter Cove,"38 CHEAPSIDE RD, HALDIMAND COUNTY, ON N0A 1P0",HALDIMAND COUNTY,Miscellaneous Communal,Hamilton District Office,PHOSPHORUS; TOTAL,Approval/Permit Non-Compliance,2024-07-01,2024-07-31,0.006,kg/d,mon avg,1,0.06,0.06,Action Plan Submitted,Voluntary Compliance Underway
2039882 ONTARIO LIMITED,Shelter Cove,"38 CHEAPSIDE RD, HALDIMAND COUNTY, ON N0A 1P0",HALDIMAND COUNTY,Miscellaneous Communal,Hamilton District Office,TOTAL AMMONIA NITROGEN,Approval/Permit Non-Compliance,2024-07-01,2024-07-31,1,mg/L,mon avg,1,29,29,Action Plan Submitted,Voluntary Compliance Underway
2039882 ONTARIO LIMITED,Shelter Cove,"38 CHEAPSIDE RD, HALDIMAND COUNTY, ON N0A 1P0",HALDIMAND COUNTY,Miscellaneous Communal,Hamilton District Office,CARBONACEOUS BIOCHEMICAL OXYGEN DEMAND,Approval/Permit Non-Compliance,2024-07-01,2024-07-31,7,mg/L,mon avg,1,10,10,Action Plan Submitted,Voluntary Compliance Underway
2039882 ONTARIO LIMITED,Shelter Cove,"38 CHEAPSIDE RD, HALDIMAND COUNTY, ON N0A 1P0",HALDIMAND COUNTY,Miscellaneous Communal,Hamilton District Office,"SUSPENDED SOLIDS, TOTAL",Approval/Permit Non-Compliance,2024-07-01,2024-07-31,7,mg/L,mon avg,1,24,24,Action Plan Submitted,Voluntary Compliance Underway
2039882 ONTARIO LIMITED,Shelter Cove,"38 CHEAPSIDE RD, HALDIMAND COUNTY, ON N0A 1P0",HALDIMAND COUNTY,Miscellaneous Communal,Hamilton District Office,PHOSPHORUS; TOTAL,Approval/Permit Non-Compliance,2024-08-01,2024-08-31,0.04,mg/L,mon avg,1,1.35,1.35,Action Plan Submitted,Voluntary Compliance Underway
2039882 ONTARIO LIMITED,Shelter Cove,"38 CHEAPSIDE RD, HALDIMAND COUNTY, ON N0A 1P0",HALDIMAND COUNTY,Miscellaneous Communal,Hamilton District Office,PHOSPHORUS; TOTAL,Approval/Permit Non-Compliance,2024-08-01,2024-08-31,0.006,kg/d,mon avg,1,0.046,0.046,Action Plan Submitted,Voluntary Compliance Underway
2039882 ONTARIO LIMITED,Shelter Cove,"38 CHEAPSIDE RD, HALDIMAND COUNTY, ON N0A 1P0",HALDIMAND COUNTY,Miscellaneous Communal,Hamilton District Office,ESCHERICHIA COLI,Approval/Permit Non-Compliance,2024-08-01,2024-08-31,200,cfu/100ml,mon avg,1,1837,1837,Action Plan Submitted,Voluntary Compliance Underway
2039882 ONTARIO LIMITED,Shelter Cove,"38 CHEAPSIDE RD, HALDIMAND COUNTY, ON N0A 1P0",HALDIMAND COUNTY,Miscellaneous Communal,Hamilton District Office,"SUSPENDED SOLIDS, TOTAL",Approval/Permit Non-Compliance,2024-08-01,2024-08-31,7,mg/L,mon avg,1,20,20,Action Plan Submitted,Voluntary Compliance Underway
2039882 ONTARIO LIMITED,Shelter Cove,"38 CHEAPSIDE RD, HALDIMAND COUNTY, ON N0A 1P0",HALDIMAND COUNTY,Miscellaneous Communal,Hamilton District Office,TOTAL AMMONIA NITROGEN,Approval/Permit Non-Compliance,2024-08-01,2024-08-31,0.14,kg/d,mon avg,1,0.72,0.72,Action Plan Submitted,Voluntary Compliance Underway
2039882 ONTARIO LIMITED,Shelter Cove,"38 CHEAPSIDE RD, HALDIMAND COUNTY, ON N0A 1P0",HALDIMAND COUNTY,Miscellaneous Communal,Hamilton District Office,TOTAL AMMONIA NITROGEN,Approval/Permit Non-Compliance,2024-08-01,2024-08-31,1,mg/L,mon avg,1,21,21,Action Plan Submitted,Voluntary Compliance Underway
2039882 ONTARIO LIMITED,Shelter Cove,"38 CHEAPSIDE RD, HALDIMAND COUNTY, ON N0A 1P0",HALDIMAND COUNTY,Miscellaneous Communal,Hamilton District Office,PHOSPHORUS; TOTAL,Approval/Permit Non-Compliance,2024-09-01,2024-09-30,0.04,mg/L,mon avg,1,0.85,0.85,Action Plan Submitted,Voluntary Compliance Underway
2039882 ONTARIO LIMITED,Shelter Cove,"38 CHEAPSIDE RD, HALDIMAND COUNTY, ON N0A 1P0",HALDIMAND COUNTY,Miscellaneous Communal,Hamilton District Office,TOTAL AMMONIA NITROGEN,Approval/Permit Non-Compliance,2024-09-01,2024-09-30,1,mg/L,mon avg,1,37,37,Action Plan Submitted,Voluntary Compliance Underway
2039882 ONTARIO LIMITED,Shelter Cove,"38 CHEAPSIDE RD, HALDIMAND COUNTY, ON N0A 1P0",HALDIMAND COUNTY,Miscellaneous Communal,Hamilton District Office,TOTAL AMMONIA NITROGEN,Approval/Permit Non-Compliance,2024-09-01,2024-09-30,0.14,kg/d,mon avg,1,1.1,1.1,Action Plan Submitted,Voluntary Compliance Underway
2039882 ONTARIO LIMITED,Shelter Cove,"38 CHEAPSIDE RD, HALDIMAND COUNTY, ON N0A 1P0",HALDIMAND COUNTY,Miscellaneous Communal,Hamilton District Office,"SUSPENDED SOLIDS, TOTAL",Approval/Permit Non-Compliance,2024-09-01,2024-09-30,7,mg/L,mon avg,1,27,27,Action Plan Submitted,Voluntary Compliance Underway
2039882 ONTARIO LIMITED,Shelter Cove,"38 CHEAPSIDE RD, HALDIMAND COUNTY, ON N0A 1P0",HALDIMAND COUNTY,Miscellaneous Communal,Hamilton District Office,PHOSPHORUS; TOTAL,Approval/Permit Non-Compliance,2024-09-01,2024-09-30,0.006,kg/d,mon avg,1,0.025,0.025,Action Plan Submitted,Voluntary Compliance Underway
2039882 ONTARIO LIMITED,Shelter Cove,"38 CHEAPSIDE RD, HALDIMAND COUNTY, ON N0A 1P0",HALDIMAND COUNTY,Miscellaneous Communal,Hamilton District Office,CARBONACEOUS BIOCHEMICAL OXYGEN DEMAND,Approval/Permit Non-Compliance,2024-09-01,2024-09-30,13,mg/L,mon avg,1,13,13,Action Plan Submitted,Voluntary Compliance Underway
2039882 ONTARIO LIMITED,Shelter Cove,"38 CHEAPSIDE RD, HALDIMAND COUNTY, ON N0A 1P0",HALDIMAND COUNTY,Miscellaneous Communal,Hamilton District Office,ESCHERICHIA COLI,Approval/Permit Non-Compliance,2024-09-01,2024-09-30,200,cfu/100ml,mon avg,1,450,450,Action Plan Submitted,Voluntary Compliance Underway
2039882 ONTARIO LIMITED,Shelter Cove,"38 CHEAPSIDE RD, HALDIMAND COUNTY, ON N0A 1P0",HALDIMAND COUNTY,Miscellaneous Communal,Hamilton District Office,"SUSPENDED SOLIDS, TOTAL",Approval/Permit Non-Compliance,2024-10-01,2024-10-31,7,mg/L,mon avg,1,21,21,Action Plan Submitted,Voluntary Compliance Underway
2039882 ONTARIO LIMITED,Shelter Cove,"38 CHEAPSIDE RD, HALDIMAND COUNTY, ON N0A 1P0",HALDIMAND COUNTY,Miscellaneous Communal,Hamilton District Office,PHOSPHORUS; TOTAL,Approval/Permit Non-Compliance,2024-10-01,2024-10-31,0.04,mg/L,mon avg,1,0.58,0.58,Action Plan Submitted,Voluntary Compliance Underway
2039882 ONTARIO LIMITED,Shelter Cove,"38 CHEAPSIDE RD, HALDIMAND COUNTY, ON N0A 1P0",HALDIMAND COUNTY,Miscellaneous Communal,Hamilton District Office,ESCHERICHIA COLI,Approval/Permit Non-Compliance,2024-10-01,2024-10-31,200,cfu/100ml,mon avg,1,740,740,Action Plan Submitted,Voluntary Compliance Underway
2039882 ONTARIO LIMITED,Shelter Cove,"38 CHEAPSIDE RD, HALDIMAND COUNTY, ON N0A 1P0",HALDIMAND COUNTY,Miscellaneous Communal,Hamilton District Office,TOTAL AMMONIA NITROGEN,Approval/Permit Non-Compliance,2024-10-01,2024-10-31,1,mg/L,mon avg,1,45,45,Action Plan Submitted,Voluntary Compliance Underway
2039882 ONTARIO LIMITED,Shelter Cove,"38 CHEAPSIDE RD, HALDIMAND COUNTY, ON N0A 1P0",HALDIMAND COUNTY,Miscellaneous Communal,Hamilton District Office,TOTAL AMMONIA NITROGEN,Approval/Permit Non-Compliance,2024-10-01,2024-10-31,0.14,kg/d,mon avg,1,1.4,1.4,Action Plan Submitted,Voluntary Compliance Underway
2039882 ONTARIO LIMITED,Shelter Cove,"38 CHEAPSIDE RD, HALDIMAND COUNTY, ON N0A 1P0",HALDIMAND COUNTY,Miscellaneous Communal,Hamilton District Office,PHOSPHORUS; TOTAL,Approval/Permit Non-Compliance,2024-10-01,2024-10-31,0.006,kg/d,mon avg,1,0.018,0.018,Action Plan Submitted,Voluntary Compliance Underway
2039882 ONTARIO LIMITED,Shelter Cove,"38 CHEAPSIDE RD, HALDIMAND COUNTY, ON N0A 1P0",HALDIMAND COUNTY,Miscellaneous Communal,Hamilton District Office,CARBONACEOUS BIOCHEMICAL OXYGEN DEMAND,Approval/Permit Non-Compliance,2024-10-01,2024-10-31,7,mg/L,mon avg,1,13,13,Action Plan Submitted,Voluntary Compliance Underway
HASTINGS AND PRINCE EDWARD DISTRICT SCHOOL BOARD,FOXBORO PUBLIC SCHOOL,"658 ASHLEY ST N, BELLEVILLE, ON K0K 2B0",BELLEVILLE,Miscellaneous Communal,Belleville Area Office,NITRATE (AS NITROGEN),Approval/Permit Non-Compliance,2024-11-14,2024-12-31,2.5,mg/L,/quarter,1,7.38,7.38,Resolved w/o Actions Required,Addressed w/o Intervention
OPINICON INC.,Opinicon Resort,"1697 CHAFFEY'S LOCK RD, RIDEAU LAKES, ON K0G 1E0",RIDEAU LAKES,Miscellaneous Communal,Kingston District Office,"SUSPENDED SOLIDS, TOTAL",Approval/Permit Non-Compliance,2024-04-01,2024-09-30,20,mg/L,/mon,4,50,90,Action Plan Submitted,Voluntary Compliance Underway
OPINICON INC.,Opinicon Resort,"1697 CHAFFEY'S LOCK RD, RIDEAU LAKES, ON K0G 1E0",RIDEAU LAKES,Miscellaneous Communal,Kingston District Office,"SUSPENDED SOLIDS, TOTAL",Approval/Permit Non-Compliance,2024-06-26,2024-11-12,20,mg/L,/mon,6,27,76,Equipment Modified/Repaired,Addressed w/o Intervention
OPINICON INC.,Opinicon Resort,"1697 CHAFFEY'S LOCK RD, RIDEAU LAKES, ON K0G 1E0",RIDEAU LAKES,Miscellaneous Communal,Kingston District Office,CARBONACEOUS BIOCHEMICAL OXYGEN DEMAND,Approval/Permit Non-Compliance,2024-07-01,2024-08-31,20,mg/L,/mon,2,32,55,Equipment Modified/Repaired,Addressed w/o Intervention
OPINICON INC.,Opinicon Resort,"1697 CHAFFEY'S LOCK RD, RIDEAU LAKES, ON K0G 1E0",RIDEAU LAKES,Miscellaneous Communal,Kingston District Office,CARBONACEOUS BIOCHEMICAL OXYGEN DEMAND,Approval/Permit Non-Compliance,2024-07-01,2024-09-30,20,mg/L,/mon,3,26,46,Action Plan Submitted,Voluntary Compliance Underway
ONTARIO BETHEL PARK BIBLE CAMP SOCIETY,Ontario Bethel Park Camp,"21661 TALBOT LINE, WEST ELGIN, ON N0L 2C0",WEST ELGIN,Miscellaneous Communal,London District Office,"SUSPENDED SOLIDS, TOTAL",Approval/Permit Non-Compliance,2024-07-25,2024-07-25,10,mg/L,mon avg,1,13,13,Resolved w/o Actions Required,Addressed w/o Intervention
IVY LEA PROPERTIES INC.,Ivy Lea Club,"61 SHIPMAN'S POINT LANE, LEEDS AND THE THOUSAND ISLANDS, ON",LEEDS AND THE THOUSAND ISLANDS,Miscellaneous Communal,Kingston District Office,"SUSPENDED SOLIDS, TOTAL",Approval/Permit Non-Compliance,2024-06-01,2024-06-30,25,mg/L,/mon,1,29,29,Equipment Modified/Repaired,Addressed w/o Intervention
IVY LEA PROPERTIES INC.,Ivy Lea Club,"61 SHIPMAN'S POINT LANE, LEEDS AND THE THOUSAND ISLANDS, ON",LEEDS AND THE THOUSAND ISLANDS,Miscellaneous Communal,Kingston District Office,ESCHERICHIA COLI,Approval/Permit Non-Compliance,2024-06-01,2024-07-31,150,cfu/100ml,/mon,2,218,482,Equipment Modified/Repaired,Addressed w/o Intervention
IVY LEA PROPERTIES INC.,Ivy Lea Club,"61 SHIPMAN'S POINT LANE, LEEDS AND THE THOUSAND ISLANDS, ON",LEEDS AND THE THOUSAND ISLANDS,Miscellaneous Communal,Kingston District Office,PHOSPHORUS; TOTAL,Approval/Permit Non-Compliance,2024-07-01,2024-09-30,1,mg/L,/mon,3,3.42,4.58,Equipment Modified/Repaired,Addressed w/o Intervention
LK AURORA INC.,LK Aurora,"15301 HWY 48, WHITCHURCH-STOUFFVILLE, ON L4A 7X4",WHITCHURCH-STOUFFVILLE,Miscellaneous Communal,York Durham District Office,"SUSPENDED SOLIDS, TOTAL",Approval/Permit Non-Compliance,2024-05-01,2024-05-31,10,mg/L,mon avg,1,22.6,22.6,Conducting Study,Assessment Underway
LK AURORA INC.,LK Aurora,"15301 HWY 48, WHITCHURCH-STOUFFVILLE, ON L4A 7X4",WHITCHURCH-STOUFFVILLE,Miscellaneous Communal,York Durham District Office,"SUSPENDED SOLIDS, TOTAL",Approval/Permit Non-Compliance,2024-06-01,2024-06-30,10,mg/L,mon avg,1,21.8,21.8,Conducting Study,Voluntary Compliance Underway
LK AURORA INC.,LK Aurora,"15301 HWY 48, WHITCHURCH-STOUFFVILLE, ON L4A 7X4",WHITCHURCH-STOUFFVILLE,Miscellaneous Communal,York Durham District Office,BIOCHEMICAL OXYGEN DEMAND,Approval/Permit Non-Compliance,2024-06-01,2024-06-30,10,mg/L,mon avg,1,10.3,10.3,Conducting Study,Voluntary Compliance Underway
LK AURORA INC.,LK Aurora,"15301 HWY 48, WHITCHURCH-STOUFFVILLE, ON L4A 7X4",WHITCHURCH-STOUFFVILLE,Miscellaneous Communal,York Durham District Office,"SUSPENDED SOLIDS, TOTAL",Approval/Permit Non-Compliance,2024-07-01,2024-07-31,10,mg/L,mon avg,1,24.1,24.1,Conducting Study,Voluntary Compliance Underway
LK AURORA INC.,LK Aurora,"15301 HWY 48, WHITCHURCH-STOUFFVILLE, ON L4A 7X4",WHITCHURCH-STOUFFVILLE,Miscellaneous Communal,York Durham District Office,BIOCHEMICAL OXYGEN DEMAND,Approval/Permit Non-Compliance,2024-09-01,2024-09-30,10,mg/L,mon avg,1,13,13,Conducting Study,Voluntary Compliance Underway
LK AURORA INC.,LK Aurora,"15301 HWY 48, WHITCHURCH-STOUFFVILLE, ON L4A 7X4",WHITCHURCH-STOUFFVILLE,Miscellaneous Communal,York Durham District Office,"SUSPENDED SOLIDS, TOTAL",Approval/Permit Non-Compliance,2024-10-01,2024-10-31,10,mg/L,mon avg,1,10.1,10.1,Conducting Study,Voluntary Compliance Underway
"THE FOREST-CLIFF CAMPS, INCORPORATED",Forest Cliff Camp,"8324 GLENDALE DR, LAMBTON SHORES, ON N0N 1J7",LAMBTON SHORES,Miscellaneous Communal,Sarnia District Office,"SUSPENDED SOLIDS, TOTAL",Approval/Permit Non-Compliance,2024-06-18,2024-06-18,10,mg/L,/mon,1,10,10,New/Modified Sampling Program,Addressed w/o Intervention
THE TDL GROUP CORP./GROUPE TDL CORPORATION,Tim Hortons/Wendy's Restaurant - 401 Simcoe St. Tillsonburg,"401 SIMCOE ST, TILLSONBURG, NORFOLK, ON L6K 2Y1",NORFOLK,Miscellaneous Communal,Hamilton District Office,FLOW,Approval/Permit Non-Compliance,2024-02-12,2024-12-20,18800,litre(L),/day,14,18920,19840,Action Plan Submitted,Voluntary Compliance Underway
TORONTO PORT AUTHORITY,Toronto Port Authority - 8 Unwin Ave,"8 UNWIN AVE, TORONTO, ON M5A 1A1",TORONTO,Miscellaneous Communal,Toronto District Office,ESCHERICHIA COLI,Approval/Permit Non-Compliance,2024-01-01,2024-01-31,200,cfu/100ml,mon avg,1,201,201,Ceased Operations,Voluntary Compliance Underway
TORONTO PORT AUTHORITY,Toronto Port Authority - 8 Unwin Ave,"8 UNWIN AVE, TORONTO, ON M5A 1A1",TORONTO,Miscellaneous Communal,Toronto District Office,"AMMONIA, UNIONIZED",Approval/Permit Non-Compliance,2024-01-01,2024-01-31,3,mg/L,mon avg,1,13.96,13.96,Ceased Operations,Voluntary Compliance Underway
TORONTO PORT AUTHORITY,Toronto Port Authority - 8 Unwin Ave,"8 UNWIN AVE, TORONTO, ON M5A 1A1",TORONTO,Miscellaneous Communal,Toronto District Office,"AMMONIA, UNIONIZED",Approval/Permit Non-Compliance,2024-02-24,2024-02-24,3,mg/L,mon avg,1,8.4,8.4,New Equipment Installed,Voluntary Compliance Underway
TORONTO PORT AUTHORITY,Toronto Port Authority - 8 Unwin Ave,"8 UNWIN AVE, TORONTO, ON M5A 1A1",TORONTO,Miscellaneous Communal,Toronto District Office,"SUSPENDED SOLIDS, TOTAL",Approval/Permit Non-Compliance,2024-02-24,2024-02-24,25,mg/L,mon avg,1,47.02,47.02,New Equipment Installed,Voluntary Compliance Underway
TORONTO PORT AUTHORITY,Toronto Port Authority - 8 Unwin Ave,"8 UNWIN AVE, TORONTO, ON M5A 1A1",TORONTO,Miscellaneous Communal,Toronto District Office,ESCHERICHIA COLI,Approval/Permit Non-Compliance,2024-02-24,2024-02-24,200,cfu/100ml,mon avg,1,870,870,New Equipment Installed,Voluntary Compliance Underway
TORONTO PORT AUTHORITY,Toronto Port Authority - 8 Unwin Ave,"8 UNWIN AVE, TORONTO, ON M5A 1A1",TORONTO,Miscellaneous Communal,Toronto District Office,"SUSPENDED SOLIDS, TOTAL",Approval/Permit Non-Compliance,2024-03-01,2024-03-31,25,mg/L,mon avg,1,38.6,38.6,Equipment Modified/Repaired,Voluntary Compliance Underway
TORONTO PORT AUTHORITY,Toronto Port Authority - 8 Unwin Ave,"8 UNWIN AVE, TORONTO, ON M5A 1A1",TORONTO,Miscellaneous Communal,Toronto District Office,ESCHERICHIA COLI,Approval/Permit Non-Compliance,2024-03-01,2024-03-31,200,cfu/100ml,mon avg,1,1372,1372,Equipment Modified/Repaired,Voluntary Compliance Underway
TORONTO PORT AUTHORITY,Toronto Port Authority - 8 Unwin Ave,"8 UNWIN AVE, TORONTO, ON M5A 1A1",TORONTO,Miscellaneous Communal,Toronto District Office,PHOSPHORUS; TOTAL,Approval/Permit Non-Compliance,2024-03-01,2024-03-31,1,mg/L,mon avg,1,2.01,2.01,Equipment Modified/Repaired,Voluntary Compliance Underway
TORONTO PORT AUTHORITY,Toronto Port Authority - 8 Unwin Ave,"8 UNWIN AVE, TORONTO, ON M5A 1A1",TORONTO,Miscellaneous Communal,Toronto District Office,ESCHERICHIA COLI,Approval/Permit Non-Compliance,2024-03-01,2024-03-31,200,cfu/100ml,mon avg,1,1372.5,1372.5,New Equipment Installed,Voluntary Compliance Underway
TORONTO PORT AUTHORITY,Toronto Port Authority - 8 Unwin Ave,"8 UNWIN AVE, TORONTO, ON M5A 1A1",TORONTO,Miscellaneous Communal,Toronto District Office,PHOSPHORUS; TOTAL,Approval/Permit Non-Compliance,2024-03-01,2024-03-31,1,mg/L,mon avg,1,2.01,2.01,New Equipment Installed,Voluntary Compliance Underway
TORONTO PORT AUTHORITY,Toronto Port Authority - 8 Unwin Ave,"8 UNWIN AVE, TORONTO, ON M5A 1A1",TORONTO,Miscellaneous Communal,Toronto District Office,"SUSPENDED SOLIDS, TOTAL",Approval/Permit Non-Compliance,2024-03-18,2024-03-18,25,mg/L,mon avg,1,38.6,38.6,New Equipment Installed,Voluntary Compliance Underway
TORONTO PORT AUTHORITY,Toronto Port Authority - 8 Unwin Ave,"8 UNWIN AVE, TORONTO, ON M5A 1A1",TORONTO,Miscellaneous Communal,Toronto District Office,"SUSPENDED SOLIDS, TOTAL",Approval/Permit Non-Compliance,2024-04-01,2024-04-30,25,mg/L,mon avg,1,114,114,Equipment Modified/Repaired,Voluntary Compliance Underway
TORONTO PORT AUTHORITY,Toronto Port Authority - 8 Unwin Ave,"8 UNWIN AVE, TORONTO, ON M5A 1A1",TORONTO,Miscellaneous Communal,Toronto District Office,PHOSPHORUS; TOTAL,Approval/Permit Non-Compliance,2024-04-01,2024-04-30,1,mg/L,mon avg,1,2.4,2.4,Equipment Modified/Repaired,Voluntary Compliance Underway
TORONTO PORT AUTHORITY,Toronto Port Authority - 8 Unwin Ave,"8 UNWIN AVE, TORONTO, ON M5A 1A1",TORONTO,Miscellaneous Communal,Toronto District Office,ESCHERICHIA COLI,Approval/Permit Non-Compliance,2024-04-01,2024-04-30,200,cfu/100ml,mon avg,1,1350,1350,Equipment Modified/Repaired,Voluntary Compliance Underway
TORONTO PORT AUTHORITY,Toronto Port Authority - 8 Unwin Ave,"8 UNWIN AVE, TORONTO, ON M5A 1A1",TORONTO,Miscellaneous Communal,Toronto District Office,ESCHERICHIA COLI,Approval/Permit Non-Compliance,2024-04-01,2024-04-30,200,cfu/100ml,mon avg,1,1358,1358,New Equipment Installed,Voluntary Compliance Underway
TORONTO PORT AUTHORITY,Toronto Port Authority - 8 Unwin Ave,"8 UNWIN AVE, TORONTO, ON M5A 1A1",TORONTO,Miscellaneous Communal,Toronto District Office,PHOSPHORUS; TOTAL,Approval/Permit Non-Compliance,2024-04-01,2024-04-30,1,mg/L,mon avg,1,2.4,2.4,New Equipment Installed,Voluntary Compliance Underway
TORONTO PORT AUTHORITY,Toronto Port Authority - 8 Unwin Ave,"8 UNWIN AVE, TORONTO, ON M5A 1A1",TORONTO,Miscellaneous Communal,Toronto District Office,"SUSPENDED SOLIDS, TOTAL",Approval/Permit Non-Compliance,2024-04-13,2024-04-13,25,mg/L,mon avg,1,114,114,New Equipment Installed,Voluntary Compliance Underway
TORONTO PORT AUTHORITY,Toronto Port Authority - 8 Unwin Ave,"8 UNWIN AVE, TORONTO, ON M5A 1A1",TORONTO,Miscellaneous Communal,Toronto District Office,"SUSPENDED SOLIDS, TOTAL",Approval/Permit Non-Compliance,2024-06-01,2024-06-30,25,mg/L,mon avg,1,69.9,69.9,Equipment Modified/Repaired,Voluntary Compliance Underway
TORONTO PORT AUTHORITY,Toronto Port Authority - 8 Unwin Ave,"8 UNWIN AVE, TORONTO, ON M5A 1A1",TORONTO,Miscellaneous Communal,Toronto District Office,PHOSPHORUS; TOTAL,Approval/Permit Non-Compliance,2024-06-01,2024-06-30,1,mg/L,mon avg,1,1.47,1.47,Equipment Modified/Repaired,Voluntary Compliance Underway
TORONTO PORT AUTHORITY,Toronto Port Authority - 8 Unwin Ave,"8 UNWIN AVE, TORONTO, ON M5A 1A1",TORONTO,Miscellaneous Communal,Toronto District Office,"SUSPENDED SOLIDS, TOTAL",Approval/Permit Non-Compliance,2024-07-01,2024-07-31,25,mg/L,mon avg,1,27.4,27.4,Equipment Modified/Repaired,Voluntary Compliance Underway
TORONTO PORT AUTHORITY,Toronto Port Authority - 8 Unwin Ave,"8 UNWIN AVE, TORONTO, ON M5A 1A1",TORONTO,Miscellaneous Communal,Toronto District Office,"AMMONIA, UNIONIZED",Approval/Permit Non-Compliance,2024-07-01,2024-07-31,1,mg/L,mon avg,1,1.8,1.8,Equipment Modified/Repaired,Voluntary Compliance Underway
RUPERT ACRES LIMITED,RUPERT ACRES LIMITED,"20 RUPERT ACRES DR, SAULT STE. MARIE, ON P6A 5K7",SAULT STE. MARIE,Miscellaneous Communal,Sault Ste. Marie Area Office,"SUSPENDED SOLIDS, TOTAL",Approval/Permit Non-Compliance,2024-01-01,2024-12-31,40,mg/L,annual avg,1,130.48,130.48,New/Amended Approval,Assessment Underway
RUPERT ACRES LIMITED,RUPERT ACRES LIMITED,"20 RUPERT ACRES DR, SAULT STE. MARIE, ON P6A 5K7",SAULT STE. MARIE,Miscellaneous Communal,Sault Ste. Marie Area Office,"SUSPENDED SOLIDS, TOTAL",Approval/Permit Non-Compliance,2024-01-01,2024-12-31,40,mg/L,annual avg,1,59.12,59.12,New/Amended Approval,Assessment Underway
RUPERT ACRES LIMITED,RUPERT ACRES LIMITED,"20 RUPERT ACRES DR, SAULT STE. MARIE, ON P6A 5K7",SAULT STE. MARIE,Miscellaneous Communal,Sault Ste. Marie Area Office,"SUSPENDED SOLIDS, TOTAL",Approval/Permit Non-Compliance,2024-01-01,2024-12-31,40,mg/L,annual avg,1,100.63,100.63,New/Amended Approval,Assessment Underway
SYMMBAN GROUP INC.,Stroud Plaza,"7975 YONGE ST, INNISFIL, ON L9S 1L2",INNISFIL,Miscellaneous Communal,Barrie District Office,"SUSPENDED SOLIDS, TOTAL",Approval/Permit Non-Compliance,2024-02-01,2024-02-29,10,mg/L,mon avg,1,11.5,11.5,Resolved w/o Actions Required,Addressed w/o Intervention
SYMMBAN GROUP INC.,Stroud Plaza,"7975 YONGE ST, INNISFIL, ON L9S 1L2",INNISFIL,Miscellaneous Communal,Barrie District Office,"SUSPENDED SOLIDS, TOTAL",Approval/Permit Non-Compliance,2024-11-01,2024-11-30,10,mg/L,mon avg,1,24,24,Resolved w/o Actions Required,Addressed w/o Intervention
PARKBRIDGE LIFESTYLE COMMUNITIES INC.,Our Ponderosa Campground,"9338 WEST IPPERWASH RD, LAMBTON SHORES, ON N0N 1J2",LAMBTON SHORES,Miscellaneous Communal,Sarnia District Office,TOTAL INORGANIC NITROGEN,Approval/Permit Non-Compliance,2024-07-16,2024-07-16,30,mg/L,/mon,1,37.93,37.93,Additional Monitoring Underway,Addressed w/o Intervention
PARKBRIDGE LIFESTYLE COMMUNITIES INC.,SHADY ACRES COTTAGES AND TRAILER PARK,"740 SERPENT MOUNDS RD, KEENE, OTONABEE-SOUTH MONAGHAN, ON K0L 2G0",OTONABEE-SOUTH MONAGHAN,Miscellaneous Communal,Peterborough District Office,PHOSPHORUS; TOTAL,Approval/Permit Non-Compliance,2024-05-01,2024-05-31,1,mg/L,mon avg,1,1.07,1.07,Equipment Modified/Repaired,Voluntary Compliance Underway
PARKBRIDGE LIFESTYLE COMMUNITIES INC.,SHADY ACRES COTTAGES AND TRAILER PARK,"740 SERPENT MOUNDS RD, KEENE, OTONABEE-SOUTH MONAGHAN, ON K0L 2G0",OTONABEE-SOUTH MONAGHAN,Miscellaneous Communal,Peterborough District Office,CARBONACEOUS BIOCHEMICAL OXYGEN DEMAND,Approval/Permit Non-Compliance,2024-05-01,2024-05-31,15,mg/L,/mon,1,25,25,Conducting Study,Voluntary Compliance Underway
PARKBRIDGE LIFESTYLE COMMUNITIES INC.,SHADY ACRES COTTAGES AND TRAILER PARK,"740 SERPENT MOUNDS RD, KEENE, OTONABEE-SOUTH MONAGHAN, ON K0L 2G0",OTONABEE-SOUTH MONAGHAN,Miscellaneous Communal,Peterborough District Office,ESCHERICHIA COLI,Approval/Permit Non-Compliance,2024-05-01,2024-05-31,200,cfu/100ml,/mon,1,400,400,Conducting Study,Voluntary Compliance Underway
PARKBRIDGE LIFESTYLE COMMUNITIES INC.,SHADY ACRES COTTAGES AND TRAILER PARK,"740 SERPENT MOUNDS RD, KEENE, OTONABEE-SOUTH MONAGHAN, ON K0L 2G0",OTONABEE-SOUTH MONAGHAN,Miscellaneous Communal,Peterborough District Office,"SUSPENDED SOLIDS, TOTAL",Approval/Permit Non-Compliance,2024-05-06,2024-05-06,10,mg/L,/quarter,1,21,21,Conducting Study,Voluntary Compliance Underway
PARKBRIDGE LIFESTYLE COMMUNITIES INC.,SHADY ACRES COTTAGES AND TRAILER PARK,"740 SERPENT MOUNDS RD, KEENE, OTONABEE-SOUTH MONAGHAN, ON K0L 2G0",OTONABEE-SOUTH MONAGHAN,Miscellaneous Communal,Peterborough District Office,PHOSPHORUS; TOTAL,Approval/Permit Non-Compliance,2024-05-06,2024-05-13,1,mg/L,"bimonthly, during discharge",2,1.07,1.97,Conducting Study,Voluntary Compliance Underway
PARKBRIDGE LIFESTYLE COMMUNITIES INC.,Grandview Cottage & RV Resort,"626 KERRY LINE, ENNISMORE, SELWYN, ON K0L 1T0",SELWYN,Miscellaneous Communal,Peterborough District Office,PHOSPHORUS; TOTAL,Approval/Permit Non-Compliance,2024-04-01,2024-04-30,0.3,mg/L,mon avg,1,0.77,0.77,Additional Monitoring Underway,Voluntary Compliance Underway
PARKBRIDGE LIFESTYLE COMMUNITIES INC.,Grandview Cottage & RV Resort,"626 KERRY LINE, ENNISMORE, SELWYN, ON K0L 1T0",SELWYN,Miscellaneous Communal,Peterborough District Office,CARBONACEOUS BIOCHEMICAL OXYGEN DEMAND,Approval/Permit Non-Compliance,2024-04-01,2024-04-30,10,mg/L,mon avg,1,12,12,Additional Monitoring Underway,Voluntary Compliance Underway
PARKBRIDGE LIFESTYLE COMMUNITIES INC.,Grandview Cottage & RV Resort,"626 KERRY LINE, ENNISMORE, SELWYN, ON K0L 1T0",SELWYN,Miscellaneous Communal,Peterborough District Office,TOTAL AMMONIA NITROGEN,Approval/Permit Non-Compliance,2024-04-01,2024-04-30,4,mg/L,mon avg,1,12.2,12.2,Additional Monitoring Underway,Voluntary Compliance Underway
PARKBRIDGE LIFESTYLE COMMUNITIES INC.,Grandview Cottage & RV Resort,"626 KERRY LINE, ENNISMORE, SELWYN, ON K0L 1T0",SELWYN,Miscellaneous Communal,Peterborough District Office,"SUSPENDED SOLIDS, TOTAL",Approval/Permit Non-Compliance,2024-04-01,2024-04-30,10,mg/L,mon avg,1,18,18,Additional Monitoring Underway,Voluntary Compliance Underway
PARKBRIDGE LIFESTYLE COMMUNITIES INC.,Grandview Cottage & RV Resort,"626 KERRY LINE, ENNISMORE, SELWYN, ON K0L 1T0",SELWYN,Miscellaneous Communal,Peterborough District Office,PHOSPHORUS; TOTAL,Approval/Permit Non-Compliance,2024-05-01,2024-05-31,0.15,mg/L,mon avg,1,0.2,0.2,Resolved w/o Actions Required,Voluntary Compliance Underway
PARKBRIDGE LIFESTYLE COMMUNITIES INC.,Grandview Cottage & RV Resort,"626 KERRY LINE, ENNISMORE, SELWYN, ON K0L 1T0",SELWYN,Miscellaneous Communal,Peterborough District Office,"SUSPENDED SOLIDS, TOTAL",Approval/Permit Non-Compliance,2024-06-01,2024-06-30,10,mg/L,/mon,1,20.8,20.8,Action Plan Submitted,Voluntary Compliance Underway
PARKBRIDGE LIFESTYLE COMMUNITIES INC.,Grandview Cottage & RV Resort,"626 KERRY LINE, ENNISMORE, SELWYN, ON K0L 1T0",SELWYN,Miscellaneous Communal,Peterborough District Office,PHOSPHORUS; TOTAL,Approval/Permit Non-Compliance,2024-06-01,2024-06-30,0.15,mg/L,/mon,1,1.07,1.07,Action Plan Submitted,Voluntary Compliance Underway
PARKBRIDGE LIFESTYLE COMMUNITIES INC.,Grandview Cottage & RV Resort,"626 KERRY LINE, ENNISMORE, SELWYN, ON K0L 1T0",SELWYN,Miscellaneous Communal,Peterborough District Office,PHOSPHORUS; TOTAL,Approval/Permit Non-Compliance,2024-07-01,2024-07-31,0.15,mg/L,mon avg,1,2.86,2.86,Action Plan Submitted,Voluntary Compliance Underway
PARKBRIDGE LIFESTYLE COMMUNITIES INC.,Grandview Cottage & RV Resort,"626 KERRY LINE, ENNISMORE, SELWYN, ON K0L 1T0",SELWYN,Miscellaneous Communal,Peterborough District Office,"SUSPENDED SOLIDS, TOTAL",Approval/Permit Non-Compliance,2024-07-01,2024-07-31,10,mg/L,mon avg,1,33,33,Action Plan Submitted,Voluntary Compliance Underway
PARKBRIDGE LIFESTYLE COMMUNITIES INC.,Grandview Cottage & RV Resort,"626 KERRY LINE, ENNISMORE, SELWYN, ON K0L 1T0",SELWYN,Miscellaneous Communal,Peterborough District Office,"SUSPENDED SOLIDS, TOTAL",Approval/Permit Non-Compliance,2024-08-01,2024-08-31,10,mg/L,mon avg,1,20,20,Action Plan Submitted,Voluntary Compliance Underway
PARKBRIDGE LIFESTYLE COMMUNITIES INC.,Grandview Cottage & RV Resort,"626 KERRY LINE, ENNISMORE, SELWYN, ON K0L 1T0",SELWYN,Miscellaneous Communal,Peterborough District Office,PHOSPHORUS; TOTAL,Approval/Permit Non-Compliance,2024-08-01,2024-08-31,0.15,mg/L,mon avg,1,3.45,3.45,Action Plan Submitted,Voluntary Compliance Underway
PARKBRIDGE LIFESTYLE COMMUNITIES INC.,Beaver Narrows Resort,"433 BEAVER RD, KAWARTHA LAKES, ON K0L 2W0",KAWARTHA LAKES,Miscellaneous Communal,Peterborough District Office,"SUSPENDED SOLIDS, TOTAL",Approval/Permit Non-Compliance,2024-04-01,2024-04-30,10,mg/L,mon avg,1,13,13,Additional Monitoring Underway,Voluntary Compliance Underway
PARKBRIDGE LIFESTYLE COMMUNITIES INC.,Beaver Narrows Resort,"433 BEAVER RD, KAWARTHA LAKES, ON K0L 2W0",KAWARTHA LAKES,Miscellaneous Communal,Peterborough District Office,TOTAL AMMONIA NITROGEN,Approval/Permit Non-Compliance,2024-04-01,2024-04-30,2,mg/L,mon avg,1,16.1,16.1,Additional Monitoring Underway,Voluntary Compliance Underway
PARKBRIDGE LIFESTYLE COMMUNITIES INC.,Beaver Narrows Resort,"433 BEAVER RD, KAWARTHA LAKES, ON K0L 2W0",KAWARTHA LAKES,Miscellaneous Communal,Peterborough District Office,"SUSPENDED SOLIDS, TOTAL",Approval/Permit Non-Compliance,2024-04-01,2024-04-30,10,mg/L,mon avg,1,13,13,Operational Process Modified,Assessment Underway
PARKBRIDGE LIFESTYLE COMMUNITIES INC.,Beaver Narrows Resort,"433 BEAVER RD, KAWARTHA LAKES, ON K0L 2W0",KAWARTHA LAKES,Miscellaneous Communal,Peterborough District Office,TOTAL AMMONIA NITROGEN,Approval/Permit Non-Compliance,2024-04-01,2024-04-30,2,mg/L,mon avg,1,16.1,16.1,Operational Process Modified,Assessment Underway
PARKBRIDGE LIFESTYLE COMMUNITIES INC.,Beaver Narrows Resort,"433 BEAVER RD, KAWARTHA LAKES, ON K0L 2W0",KAWARTHA LAKES,Miscellaneous Communal,Peterborough District Office,"SUSPENDED SOLIDS, TOTAL",Approval/Permit Non-Compliance,2024-05-01,2024-05-31,10,mg/L,mon avg,1,11,11,Operational Process Modified,Assessment Underway
PARKBRIDGE LIFESTYLE COMMUNITIES INC.,Beaver Narrows Resort,"433 BEAVER RD, KAWARTHA LAKES, ON K0L 2W0",KAWARTHA LAKES,Miscellaneous Communal,Peterborough District Office,TOTAL AMMONIA NITROGEN,Approval/Permit Non-Compliance,2024-05-01,2024-05-31,2,mg/L,/mon,1,9,9,Operational Process Modified,Assessment Underway
PARKBRIDGE LIFESTYLE COMMUNITIES INC.,Beaver Narrows Resort,"433 BEAVER RD, KAWARTHA LAKES, ON K0L 2W0",KAWARTHA LAKES,Miscellaneous Communal,Peterborough District Office,"SUSPENDED SOLIDS, TOTAL",Approval/Permit Non-Compliance,2024-05-01,2024-05-31,2,mg/L,mon avg,1,9,9,Operational Process Modified,Assessment Underway
PARKBRIDGE LIFESTYLE COMMUNITIES INC.,Beaver Narrows Resort,"433 BEAVER RD, KAWARTHA LAKES, ON K0L 2W0",KAWARTHA LAKES,Miscellaneous Communal,Peterborough District Office,"SUSPENDED SOLIDS, TOTAL",Approval/Permit Non-Compliance,2024-05-01,2024-05-31,10,mg/L,mon avg,1,11,11,Operational Process Modified,Assessment Underway
PARKBRIDGE LIFESTYLE COMMUNITIES INC.,Beaver Narrows Resort,"433 BEAVER RD, KAWARTHA LAKES, ON K0L 2W0",KAWARTHA LAKES,Miscellaneous Communal,Peterborough District Office,TOTAL AMMONIA NITROGEN,Approval/Permit Non-Compliance,2024-06-01,2024-06-30,2,mg/L,mon avg,1,2.3,2.3,Operational Process Modified,Assessment Underway
PARKBRIDGE LIFESTYLE COMMUNITIES INC.,Beaver Narrows Resort,"433 BEAVER RD, KAWARTHA LAKES, ON K0L 2W0",KAWARTHA LAKES,Miscellaneous Communal,Peterborough District Office,PHOSPHORUS; TOTAL,Approval/Permit Non-Compliance,2024-06-01,2024-06-30,0.2,mg/L,mon avg,1,0.24,0.24,Operational Process Modified,Assessment Underway
PARKBRIDGE LIFESTYLE COMMUNITIES INC.,Beaver Narrows Resort,"433 BEAVER RD, KAWARTHA LAKES, ON K0L 2W0",KAWARTHA LAKES,Miscellaneous Communal,Peterborough District Office,TOTAL AMMONIA NITROGEN,Approval/Permit Non-Compliance,2024-07-01,2024-07-31,2,mg/L,mon avg,1,2.8,2.8,Equipment Modified/Repaired,Assessment Underway
PARKBRIDGE LIFESTYLE COMMUNITIES INC.,Beaver Narrows Resort,"433 BEAVER RD, KAWARTHA LAKES, ON K0L 2W0",KAWARTHA LAKES,Miscellaneous Communal,Peterborough District Office,PHOSPHORUS; TOTAL,Approval/Permit Non-Compliance,2024-07-01,2024-07-31,0.2,mg/L,mon avg,1,0.76,0.76,Equipment Modified/Repaired,Assessment Underway
PARKBRIDGE LIFESTYLE COMMUNITIES INC.,Beaver Narrows Resort,"433 BEAVER RD, KAWARTHA LAKES, ON K0L 2W0",KAWARTHA LAKES,Miscellaneous Communal,Peterborough District Office,PHOSPHORUS; TOTAL,Approval/Permit Non-Compliance,2024-08-01,2024-08-31,0.2,mg/L,mon avg,1,2.4,2.4,Equipment Modified/Repaired,Provincial Officer’s Order
PARKBRIDGE LIFESTYLE COMMUNITIES INC.,Beaver Narrows Resort,"433 BEAVER RD, KAWARTHA LAKES, ON K0L 2W0",KAWARTHA LAKES,Miscellaneous Communal,Peterborough District Office,TOTAL AMMONIA NITROGEN,Approval/Permit Non-Compliance,2024-08-01,2024-08-31,2,mg/L,mon avg,1,25.9,25.9,Equipment Modified/Repaired,Provincial Officer’s Order
PARKBRIDGE LIFESTYLE COMMUNITIES INC.,Beaver Narrows Resort,"433 BEAVER RD, KAWARTHA LAKES, ON K0L 2W0",KAWARTHA LAKES,Miscellaneous Communal,Peterborough District Office,TOTAL AMMONIA NITROGEN,Approval/Permit Non-Compliance,2024-09-01,2024-09-30,2,mg/L,mon avg,1,16.1,16.1,Equipment Modified/Repaired,Assessment Underway
PARKBRIDGE LIFESTYLE COMMUNITIES INC.,Beaver Narrows Resort,"433 BEAVER RD, KAWARTHA LAKES, ON K0L 2W0",KAWARTHA LAKES,Miscellaneous Communal,Peterborough District Office,TOTAL AMMONIA NITROGEN,Approval/Permit Non-Compliance,2024-10-01,2024-10-31,2,mg/L,mon avg,1,4.2,4.2,Action Plan Submitted,Voluntary Compliance Underway
PARKBRIDGE LIFESTYLE COMMUNITIES INC.,Albion Woods Phase II,"1000 VISTA BARRETT PVT, GREELY, OTTAWA, ON K4P 1C8",OTTAWA,Miscellaneous Communal,Ottawa District Office,CARBONACEOUS BIOCHEMICAL OXYGEN DEMAND,Approval/Permit Non-Compliance,2024-01-01,2024-01-31,10,mg/L,mon avg,1,111,111,Action Plan Submitted,Updated Approval/Permit
PARKBRIDGE LIFESTYLE COMMUNITIES INC.,Albion Woods Phase II,"1000 VISTA BARRETT PVT, GREELY, OTTAWA, ON K4P 1C8",OTTAWA,Miscellaneous Communal,Ottawa District Office,"SUSPENDED SOLIDS, TOTAL",Approval/Permit Non-Compliance,2024-01-01,2024-01-31,10,mg/L,mon avg,1,26,26,Action Plan Submitted,Updated Approval/Permit
PARKBRIDGE LIFESTYLE COMMUNITIES INC.,Albion Woods Phase II,"1000 VISTA BARRETT PVT, GREELY, OTTAWA, ON K4P 1C8",OTTAWA,Miscellaneous Communal,Ottawa District Office,CARBONACEOUS BIOCHEMICAL OXYGEN DEMAND,Approval/Permit Non-Compliance,2024-01-02,2024-01-31,10,mg/L,mon avg,1,84,84,Action Plan Submitted,Updated Approval/Permit
PARKBRIDGE LIFESTYLE COMMUNITIES INC.,Albion Woods Phase II,"1000 VISTA BARRETT PVT, GREELY, OTTAWA, ON K4P 1C8",OTTAWA,Miscellaneous Communal,Ottawa District Office,CARBONACEOUS BIOCHEMICAL OXYGEN DEMAND,Approval/Permit Non-Compliance,2024-08-01,2024-08-30,10,mg/L,mon avg,1,59,59,New/Amended Approval,Voluntary Compliance Underway
PARKBRIDGE LIFESTYLE COMMUNITIES INC.,Albion Woods Phase II,"1000 VISTA BARRETT PVT, GREELY, OTTAWA, ON K4P 1C8",OTTAWA,Miscellaneous Communal,Ottawa District Office,"SUSPENDED SOLIDS, TOTAL",Approval/Permit Non-Compliance,2024-08-01,2024-08-31,10,mg/L,mon avg,1,22,22,New/Amended Approval,Voluntary Compliance Underway
PARKBRIDGE LIFESTYLE COMMUNITIES INC.,Albion Woods Phase II,"1000 VISTA BARRETT PVT, GREELY, OTTAWA, ON K4P 1C8",OTTAWA,Miscellaneous Communal,Ottawa District Office,CARBONACEOUS BIOCHEMICAL OXYGEN DEMAND,Approval/Permit Non-Compliance,2024-10-01,2024-10-31,10,mg/L,/mon,1,50,50,New/Amended Approval,Assessment Underway
PARKBRIDGE LIFESTYLE COMMUNITIES INC.,Albion Woods Phase II,"1000 VISTA BARRETT PVT, GREELY, OTTAWA, ON K4P 1C8",OTTAWA,Miscellaneous Communal,Ottawa District Office,"SUSPENDED SOLIDS, TOTAL",Approval/Permit Non-Compliance,2024-10-01,2024-10-31,10,mg/L,/mon,1,24,24,New/Amended Approval,Assessment Underway
PARKBRIDGE LIFESTYLE COMMUNITIES INC.,Albion Woods Phase II,"1000 VISTA BARRETT PVT, GREELY, OTTAWA, ON K4P 1C8",OTTAWA,Miscellaneous Communal,Ottawa District Office,"SUSPENDED SOLIDS, TOTAL",Approval/Permit Non-Compliance,2024-11-01,2024-11-30,10,mg/L,/mon,1,27,27,New/Amended Approval,Assessment Underway
PARKBRIDGE LIFESTYLE COMMUNITIES INC.,Albion Woods Phase II,"1000 VISTA BARRETT PVT, GREELY, OTTAWA, ON K4P 1C8",OTTAWA,Miscellaneous Communal,Ottawa District Office,CARBONACEOUS BIOCHEMICAL OXYGEN DEMAND,Approval/Permit Non-Compliance,2024-11-01,2024-11-30,10,mg/L,/mon,1,38,38,New/Amended Approval,Assessment Underway
PARKBRIDGE LIFESTYLE COMMUNITIES INC.,Albion Woods Phase II,"1000 VISTA BARRETT PVT, GREELY, OTTAWA, ON K4P 1C8",OTTAWA,Miscellaneous Communal,Ottawa District Office,"SUSPENDED SOLIDS, TOTAL",Approval/Permit Non-Compliance,2024-12-01,2024-12-31,10,mg/L,/mon,1,37,37,New/Amended Approval,Assessment Underway
PARKBRIDGE LIFESTYLE COMMUNITIES INC.,Albion Woods Phase II,"1000 VISTA BARRETT PVT, GREELY, OTTAWA, ON K4P 1C8",OTTAWA,Miscellaneous Communal,Ottawa District Office,CARBONACEOUS BIOCHEMICAL OXYGEN DEMAND,Approval/Permit Non-Compliance,2024-12-01,2024-12-31,10,mg/L,/mon,1,85,85,New/Amended Approval,Assessment Underway
HAMILTON-WENTWORTH DISTRICT SCHOOL BOARD,Greensville Elementary School,"625 HARVEST RD, HAMILTON, ON L9H 5K8",HAMILTON,Miscellaneous Communal,Hamilton District Office,TOTAL INORGANIC NITROGEN,Approval/Permit Non-Compliance,2024-03-28,2024-03-28,2.5,mg/L,/mon,1,3.2,3.2,Resolved w/o Actions Required,Addressed w/o Intervention
BROOKFIELD RESIDENTIAL (ONTARIO) LIMITED,FIELDSTONE RESIDENTIAL COMMUNITY SEWAGE TREATMENT PLANT,"55 FRENCH DR, MONO, ON L9W 6T5",MONO,Miscellaneous Communal,Guelph District Office,TOTAL AMMONIA NITROGEN,Approval/Permit Non-Compliance,2024-07-01,2024-07-31,2,mg/L,/30 days,1,9.6,9.6,Action Plan Submitted,Voluntary Compliance Underway
BROOKFIELD RESIDENTIAL (ONTARIO) LIMITED,FIELDSTONE RESIDENTIAL COMMUNITY SEWAGE TREATMENT PLANT,"55 FRENCH DR, MONO, ON L9W 6T5",MONO,Miscellaneous Communal,Guelph District Office,PHOSPHORUS; TOTAL,Approval/Permit Non-Compliance,2024-07-01,2024-07-31,0.25,mg/L,/30 days,1,0.29,0.29,Action Plan Submitted,Voluntary Compliance Underway
BROOKFIELD RESIDENTIAL (ONTARIO) LIMITED,FIELDSTONE RESIDENTIAL COMMUNITY SEWAGE TREATMENT PLANT,"55 FRENCH DR, MONO, ON L9W 6T5",MONO,Miscellaneous Communal,Guelph District Office,NITRATE (AS NITROGEN),Approval/Permit Non-Compliance,2024-07-01,2024-07-31,3,mg/L,/30 days,1,9.8,9.8,Action Plan Submitted,Voluntary Compliance Underway
BROOKFIELD RESIDENTIAL (ONTARIO) LIMITED,FIELDSTONE RESIDENTIAL COMMUNITY SEWAGE TREATMENT PLANT,"55 FRENCH DR, MONO, ON L9W 6T5",MONO,Miscellaneous Communal,Guelph District Office,"SUSPENDED SOLIDS, TOTAL",Approval/Permit Non-Compliance,2024-07-01,2024-07-31,10,mg/L,/30 days,1,17,17,Action Plan Submitted,Voluntary Compliance Underway
BROOKFIELD RESIDENTIAL (ONTARIO) LIMITED,FIELDSTONE RESIDENTIAL COMMUNITY SEWAGE TREATMENT PLANT,"55 FRENCH DR, MONO, ON L9W 6T5",MONO,Miscellaneous Communal,Guelph District Office,TOTAL AMMONIA NITROGEN,Approval/Permit Non-Compliance,2024-09-01,2024-09-30,2,mg/L,/30 days,1,3.3,3.3,Action Plan Submitted,Voluntary Compliance Underway
BROOKFIELD RESIDENTIAL (ONTARIO) LIMITED,FIELDSTONE RESIDENTIAL COMMUNITY SEWAGE TREATMENT PLANT,"55 FRENCH DR, MONO, ON L9W 6T5",MONO,Miscellaneous Communal,Guelph District Office,NITRATE (AS NITROGEN),Approval/Permit Non-Compliance,2024-09-01,2024-09-30,3,mg/L,/30 days,1,16.7,16.7,Action Plan Submitted,Voluntary Compliance Underway
BROOKFIELD RESIDENTIAL (ONTARIO) LIMITED,FIELDSTONE RESIDENTIAL COMMUNITY SEWAGE TREATMENT PLANT,"55 FRENCH DR, MONO, ON L9W 6T5",MONO,Miscellaneous Communal,Guelph District Office,"SUSPENDED SOLIDS, TOTAL",Approval/Permit Non-Compliance,2024-10-01,2024-10-31,10,mg/L,/30 days,1,16,16,Action Plan Submitted,Voluntary Compliance Underway
BROOKFIELD RESIDENTIAL (ONTARIO) LIMITED,FIELDSTONE RESIDENTIAL COMMUNITY SEWAGE TREATMENT PLANT,"55 FRENCH DR, MONO, ON L9W 6T5",MONO,Miscellaneous Communal,Guelph District Office,NITRATE (AS NITROGEN),Approval/Permit Non-Compliance,2024-10-01,2024-10-31,3,mg/L,/30 days,1,33,33,Action Plan Submitted,Voluntary Compliance Underway
BROOKFIELD RESIDENTIAL (ONTARIO) LIMITED,FIELDSTONE RESIDENTIAL COMMUNITY SEWAGE TREATMENT PLANT,"55 FRENCH DR, MONO, ON L9W 6T5",MONO,Miscellaneous Communal,Guelph District Office,CARBONACEOUS BIOCHEMICAL OXYGEN DEMAND,Approval/Permit Non-Compliance,2024-11-01,2024-11-30,10,mg/L,/30 days,1,12,12,Action Plan Submitted,Voluntary Compliance Underway
BROOKFIELD RESIDENTIAL (ONTARIO) LIMITED,FIELDSTONE RESIDENTIAL COMMUNITY SEWAGE TREATMENT PLANT,"55 FRENCH DR, MONO, ON L9W 6T5",MONO,Miscellaneous Communal,Guelph District Office,NITRATE (AS NITROGEN),Approval/Permit Non-Compliance,2024-11-01,2024-11-30,3,mg/L,/30 days,1,24.56,24.56,Action Plan Submitted,Voluntary Compliance Underway
BROOKFIELD RESIDENTIAL (ONTARIO) LIMITED,FIELDSTONE RESIDENTIAL COMMUNITY SEWAGE TREATMENT PLANT,"55 FRENCH DR, MONO, ON L9W 6T5",MONO,Miscellaneous Communal,Guelph District Office,TOTAL AMMONIA NITROGEN,Approval/Permit Non-Compliance,2024-11-01,2024-11-30,2,mg/L,/30 days,1,12,12,Action Plan Submitted,Voluntary Compliance Underway
BROOKFIELD RESIDENTIAL (ONTARIO) LIMITED,FIELDSTONE RESIDENTIAL COMMUNITY SEWAGE TREATMENT PLANT,"55 FRENCH DR, MONO, ON L9W 6T5",MONO,Miscellaneous Communal,Guelph District Office,"SUSPENDED SOLIDS, TOTAL",Approval/Permit Non-Compliance,2024-11-01,2024-11-30,10,mg/L,/30 days,1,28.6,28.6,Action Plan Submitted,Voluntary Compliance Underway
BROOKFIELD RESIDENTIAL (ONTARIO) LIMITED,FIELDSTONE RESIDENTIAL COMMUNITY SEWAGE TREATMENT PLANT,"55 FRENCH DR, MONO, ON L9W 6T5",MONO,Miscellaneous Communal,Guelph District Office,PHOSPHORUS; TOTAL,Approval/Permit Non-Compliance,2024-11-01,2024-11-30,0.25,mg/L,/30 days,1,0.37,0.37,Action Plan Submitted,Voluntary Compliance Underway
BROOKFIELD RESIDENTIAL (ONTARIO) LIMITED,FIELDSTONE RESIDENTIAL COMMUNITY SEWAGE TREATMENT PLANT,"55 FRENCH DR, MONO, ON L9W 6T5",MONO,Miscellaneous Communal,Guelph District Office,NITRATE (AS NITROGEN),Approval/Permit Non-Compliance,2024-12-01,2024-12-31,3,mg/L,/30 days,1,11.7,11.7,Action Plan Submitted,Voluntary Compliance Underway
BROOKFIELD RESIDENTIAL (ONTARIO) LIMITED,FIELDSTONE RESIDENTIAL COMMUNITY SEWAGE TREATMENT PLANT,"55 FRENCH DR, MONO, ON L9W 6T5",MONO,Miscellaneous Communal,Guelph District Office,"SUSPENDED SOLIDS, TOTAL",Approval/Permit Non-Compliance,2024-12-01,2024-12-31,10,mg/L,/30 days,1,12,12,Action Plan Submitted,Voluntary Compliance Underway
BROOKFIELD RESIDENTIAL (ONTARIO) LIMITED,FIELDSTONE RESIDENTIAL COMMUNITY SEWAGE TREATMENT PLANT,"55 FRENCH DR, MONO, ON L9W 6T5",MONO,Miscellaneous Communal,Guelph District Office,TOTAL AMMONIA NITROGEN,Approval/Permit Non-Compliance,2024-12-01,2024-12-31,2,mg/L,/30 days,1,8.4,8.4,Action Plan Submitted,Voluntary Compliance Underway
HK TRAVEL CENTRES GP INC.,ONroute Service Centre – Ingleside,"HIGHWAY 401 SERVICE CENTRE - INGLESIDE, SOUTH DUNDAS, ON",SOUTH DUNDAS,Miscellaneous Communal,Cornwall Area Office,"SUSPENDED SOLIDS, TOTAL",Approval/Permit Non-Compliance,2024-01-01,2024-02-29,10,mg/L,mon avg,2,10.8,12.4,Operational Process Modified,Addressed w/o Intervention
HK TRAVEL CENTRES GP INC.,ONroute Service Centre – Ingleside,"HIGHWAY 401 SERVICE CENTRE - INGLESIDE, SOUTH DUNDAS, ON",SOUTH DUNDAS,Miscellaneous Communal,Cornwall Area Office,"SUSPENDED SOLIDS, TOTAL",Approval/Permit Non-Compliance,2024-04-01,2024-04-30,10,mg/L,mon avg,1,12.67,12.67,Resolved w/o Actions Required,Addressed w/o Intervention
HK TRAVEL CENTRES GP INC.,ONroute Service Centre – Ingleside,"HIGHWAY 401 SERVICE CENTRE - INGLESIDE, SOUTH DUNDAS, ON",SOUTH DUNDAS,Miscellaneous Communal,Cornwall Area Office,ESCHERICHIA COLI,Approval/Permit Non-Compliance,2024-07-01,2024-07-31,200,mg/L,mon avg on a geo. mean density,1,206,206,Resolved w/o Actions Required,Addressed w/o Intervention
WELLINGTON COMMON ELEMENTS CONDOMINIUM CORPORATION 214,MINI LAKES MOBILE HOME COMMUNITY,"7541 WELLINGTON COUNTY RD 34, PUSLINCH, ON N1H 6H9",PUSLINCH,Miscellaneous Communal,Guelph District Office,"SUSPENDED SOLIDS, TOTAL",Approval/Permit Non-Compliance,2024-12-31,2024-12-31,20,mg/L,annual avg,1,22.42,22.42,Action Plan Submitted,Assessment Underway
WELLINGTON COMMON ELEMENTS CONDOMINIUM CORPORATION 214,MINI LAKES MOBILE HOME COMMUNITY,"7541 WELLINGTON COUNTY RD 34, PUSLINCH, ON N1H 6H9",PUSLINCH,Miscellaneous Communal,Guelph District Office,PHOSPHORUS; TOTAL,Legislation Non-Compliance,2024-12-31,2024-12-31,1,mg/L,annual avg,1,1.25,1.25,Action Plan Submitted,Assessment Underway
LEEDS CONDOMINIUM CORPORATION #7,Whitehouse Terrace Wastewater Treatment Plant,"LOT:5, CONCESSION:1, GEOTOWNSHIP:ELIZABETHTOWN, LEEDS AND GRENVILLE, ON",LEEDS AND GRENVILLE,Miscellaneous Communal,Kingston District Office,TOTAL AMMONIA NITROGEN,Approval/Permit Non-Compliance,2024-07-01,2024-07-31,2.5,mg/L,/mon,1,10.1,10.1,Operational Process Modified,Provincial Officer’s Order
OSPREY VALLEY RESORTS INC.,Osprey Valley Resorts,"18821 MAIN ST, ALTON, CALEDON, ON L0N 1A0",CALEDON,Miscellaneous Communal,Halton-Peel District Office,CARBONACEOUS BIOCHEMICAL OXYGEN DEMAND,Approval/Permit Non-Compliance,2024-05-01,2024-05-31,10,mg/L,mon avg,1,55,55,Action Plan Submitted,Voluntary Compliance Underway
OSPREY VALLEY RESORTS INC.,Osprey Valley Resorts,"18821 MAIN ST, ALTON, CALEDON, ON L0N 1A0",CALEDON,Miscellaneous Communal,Halton-Peel District Office,TOTAL AMMONIA NITROGEN,Approval/Permit Non-Compliance,2024-05-01,2024-05-31,2.5,mg/L,mon avg,1,28.33,28.33,Action Plan Submitted,Voluntary Compliance Underway
OSPREY VALLEY RESORTS INC.,Osprey Valley Resorts,"18821 MAIN ST, ALTON, CALEDON, ON L0N 1A0",CALEDON,Miscellaneous Communal,Halton-Peel District Office,TOTAL AMMONIA NITROGEN,Approval/Permit Non-Compliance,2024-06-01,2024-06-30,2.5,mg/L,mon avg,1,18.6,18.6,Action Plan Submitted,Voluntary Compliance Underway
THE ST. LAWRENCE PARKS COMMISSION,Ivy Lea Campground,"649 THOUSAND ISLANDS PKY, LEEDS AND THE THOUSAND ISLANDS, ON K0E 1L0",LEEDS AND THE THOUSAND ISLANDS,Miscellaneous Communal,Kingston District Office,PHOSPHORUS; TOTAL,Approval/Permit Non-Compliance,2024-05-13,2024-10-24,1,mg/L,seasonal avg,1,1.24,1.24,Action Plan Submitted,Voluntary Compliance Underway
THE ST. LAWRENCE PARKS COMMISSION,Ivy Lea Campground,"649 THOUSAND ISLANDS PKY, LEEDS AND THE THOUSAND ISLANDS, ON K0E 1L0",LEEDS AND THE THOUSAND ISLANDS,Miscellaneous Communal,Kingston District Office,TOTAL AMMONIA NITROGEN,Approval/Permit Non-Compliance,2024-05-13,2024-10-24,5,mg/L,seasonal avg,1,7.5,7.5,Action Plan Submitted,Voluntary Compliance Underway
THE ST. LAWRENCE PARKS COMMISSION,Ivy Lea Campground,"649 THOUSAND ISLANDS PKY, LEEDS AND THE THOUSAND ISLANDS, ON K0E 1L0",LEEDS AND THE THOUSAND ISLANDS,Miscellaneous Communal,Kingston District Office,"SUSPENDED SOLIDS, TOTAL",Approval/Permit Non-Compliance,2024-05-13,2024-10-24,25,mg/L,seasonal avg,1,31.5,31.5,Action Plan Submitted,Voluntary Compliance Underway
"UNION WATER SYSTEM JOINT BOARD OF MANAGEMENT (LEAMINGTON, KINGSVILLE, ESSEX, LAKESHORE)",UNION AREA WATER SUPPLY SYSTEM,"1615 UNION AVE, KINGSVILLE, ON N9Y 2G5",KINGSVILLE,Municipal Sewage,Windsor District Office,TOTAL RESIDUAL CHLORINE,Approval/Permit Non-Compliance,2024-09-26,2024-09-26,0.1,mg/L,/mon,1,0.15,0.15,Action Plan Submitted,Voluntary Compliance Underway
"UNION WATER SYSTEM JOINT BOARD OF MANAGEMENT (LEAMINGTON, KINGSVILLE, ESSEX, LAKESHORE)",UNION AREA WATER SUPPLY SYSTEM,"1615 UNION AVE, KINGSVILLE, ON N9Y 2G5",KINGSVILLE,Municipal Sewage,Windsor District Office,TOTAL RESIDUAL CHLORINE,Approval/Permit Non-Compliance,2024-10-29,2024-10-29,0.1,ppm,/mon,1,0.16,0.16,Action Plan Submitted,Voluntary Compliance Underway
"UNION WATER SYSTEM JOINT BOARD OF MANAGEMENT (LEAMINGTON, KINGSVILLE, ESSEX, LAKESHORE)",UNION AREA WATER SUPPLY SYSTEM,"1615 UNION AVE, KINGSVILLE, ON N9Y 2G5",KINGSVILLE,Municipal Sewage,Windsor District Office,TOTAL RESIDUAL CHLORINE,Approval/Permit Non-Compliance,2024-11-27,2024-11-27,0.1,mg/L,/mon,1,0.22,0.22,Action Plan Submitted,Voluntary Compliance Underway
"UNION WATER SYSTEM JOINT BOARD OF MANAGEMENT (LEAMINGTON, KINGSVILLE, ESSEX, LAKESHORE)",UNION AREA WATER SUPPLY SYSTEM,"1615 UNION AVE, KINGSVILLE, ON N9Y 2G5",KINGSVILLE,Municipal Sewage,Windsor District Office,TOTAL RESIDUAL CHLORINE,Approval/Permit Non-Compliance,2024-12-01,2024-12-30,0.01,ppm,mon avg,1,0.14,0.14,Equipment Modified/Repaired,Addressed w/o Intervention
PETERBOROUGH STANDARD CONDOMINIUM CORPORATION #75,THE LANDING CONDOMINIUMS,"1579 ANSTRUTHER LAKE RD, NORTH KAWARTHA, ON K0L 1A0",NORTH KAWARTHA,Miscellaneous Communal,Peterborough District Office,PHOSPHORUS; TOTAL,Approval/Permit Non-Compliance,2024-01-01,2024-01-31,1,mg/L,/mon,1,4.06,4.06,Action Plan Submitted,Voluntary Compliance Underway
PETERBOROUGH STANDARD CONDOMINIUM CORPORATION #75,THE LANDING CONDOMINIUMS,"1579 ANSTRUTHER LAKE RD, NORTH KAWARTHA, ON K0L 1A0",NORTH KAWARTHA,Miscellaneous Communal,Peterborough District Office,PHOSPHORUS; TOTAL,Approval/Permit Non-Compliance,2024-02-01,2024-02-29,1,mg/L,/mon,1,2.66,2.66,Action Plan Submitted,Voluntary Compliance Underway
PETERBOROUGH STANDARD CONDOMINIUM CORPORATION #75,THE LANDING CONDOMINIUMS,"1579 ANSTRUTHER LAKE RD, NORTH KAWARTHA, ON K0L 1A0",NORTH KAWARTHA,Miscellaneous Communal,Peterborough District Office,PHOSPHORUS; TOTAL,Approval/Permit Non-Compliance,2024-03-01,2024-03-31,1,mg/L,mon avg,1,3.51,3.51,Action Plan Submitted,Voluntary Compliance Underway
PETERBOROUGH STANDARD CONDOMINIUM CORPORATION #75,THE LANDING CONDOMINIUMS,"1579 ANSTRUTHER LAKE RD, NORTH KAWARTHA, ON K0L 1A0",NORTH KAWARTHA,Miscellaneous Communal,Peterborough District Office,PHOSPHORUS; TOTAL,Approval/Permit Non-Compliance,2024-03-01,2024-03-31,1,mg/L,/mon,1,3.82,3.82,Additional Monitoring Underway,Voluntary Compliance Underway
PETERBOROUGH STANDARD CONDOMINIUM CORPORATION #75,THE LANDING CONDOMINIUMS,"1579 ANSTRUTHER LAKE RD, NORTH KAWARTHA, ON K0L 1A0",NORTH KAWARTHA,Miscellaneous Communal,Peterborough District Office,PHOSPHORUS; TOTAL,Approval/Permit Non-Compliance,2024-05-01,2024-05-31,1,mg/L,/mon,1,4.52,4.52,Equipment Modified/Repaired,Voluntary Compliance Underway
PETERBOROUGH STANDARD CONDOMINIUM CORPORATION #75,THE LANDING CONDOMINIUMS,"1579 ANSTRUTHER LAKE RD, NORTH KAWARTHA, ON K0L 1A0",NORTH KAWARTHA,Miscellaneous Communal,Peterborough District Office,PHOSPHORUS; TOTAL,Approval/Permit Non-Compliance,2024-07-01,2024-07-31,1,mg/L,/mon,1,3.11,3.11,Action Plan Submitted,Voluntary Compliance Underway
PETERBOROUGH STANDARD CONDOMINIUM CORPORATION #75,THE LANDING CONDOMINIUMS,"1579 ANSTRUTHER LAKE RD, NORTH KAWARTHA, ON K0L 1A0",NORTH KAWARTHA,Miscellaneous Communal,Peterborough District Office,PHOSPHORUS; TOTAL,Approval/Permit Non-Compliance,2024-08-01,2024-08-31,1,mg/L,/mon,1,3.26,3.26,New Equipment Installed,Voluntary Compliance Underway
PETERBOROUGH STANDARD CONDOMINIUM CORPORATION #75,THE LANDING CONDOMINIUMS,"1579 ANSTRUTHER LAKE RD, NORTH KAWARTHA, ON K0L 1A0",NORTH KAWARTHA,Miscellaneous Communal,Peterborough District Office,PHOSPHORUS; TOTAL,Approval/Permit Non-Compliance,2024-09-01,2024-09-30,1,mg/L,/mon,1,4.28,4.28,Action Plan Submitted,Voluntary Compliance Underway
PETERBOROUGH STANDARD CONDOMINIUM CORPORATION #75,THE LANDING CONDOMINIUMS,"1579 ANSTRUTHER LAKE RD, NORTH KAWARTHA, ON K0L 1A0",NORTH KAWARTHA,Miscellaneous Communal,Peterborough District Office,PHOSPHORUS; TOTAL,Approval/Permit Non-Compliance,2024-10-01,2024-10-31,1,mg/L,/mon,1,3.78,3.78,Action Plan Submitted,Voluntary Compliance Underway
PETERBOROUGH STANDARD CONDOMINIUM CORPORATION #75,THE LANDING CONDOMINIUMS,"1579 ANSTRUTHER LAKE RD, NORTH KAWARTHA, ON K0L 1A0",NORTH KAWARTHA,Miscellaneous Communal,Peterborough District Office,PHOSPHORUS; TOTAL,Approval/Permit Non-Compliance,2024-11-01,2024-11-30,1,mg/L,/mon,1,1.63,1.63,Action Plan Submitted,Voluntary Compliance Underway
CHATHAM-KENT PUBLIC UTILITIES COMMISSION,Wheatley Water Pollution Control Plant,"289 1ST CONCESSION LINE, CHATHAM-KENT, ON N0P 2P0",CHATHAM-KENT,Municipal Sewage,Windsor District Office,PH - LOW,Approval/Permit Non-Compliance,2024-02-26,2024-03-29,6,pH,/day,3,5.58,5.85,Other,Voluntary Compliance Underway
CHATHAM-KENT PUBLIC UTILITIES COMMISSION,Wheatley Water Pollution Control Plant,"289 1ST CONCESSION LINE, CHATHAM-KENT, ON N0P 2P0",CHATHAM-KENT,Municipal Sewage,Windsor District Office,TOTAL RESIDUAL CHLORINE,Approval/Permit Non-Compliance,2024-12-02,2024-12-02,0.02,mg/L,any,1,0.04,0.04,Operational Process Modified,Addressed w/o Intervention
CHATHAM-KENT PUBLIC UTILITIES COMMISSION,Wheatley Water Pollution Control Plant,"289 1ST CONCESSION LINE, CHATHAM-KENT, ON N0P 2P0",CHATHAM-KENT,Municipal Sewage,Windsor District Office,TOTAL RESIDUAL CHLORINE,Approval/Permit Non-Compliance,2024-12-11,2024-12-11,0.02,mg/L,any,1,0.03,0.03,Operational Process Modified,Addressed w/o Intervention
CLEARFORD WATERWORKS INC.,OslerBrook Golf & Country Club,"2634 CONCESSION 10, CLEARVIEW, ON L9Y 3Z4",CLEARVIEW,Miscellaneous Communal,Barrie District Office,ESCHERICHIA COLI,Approval/Permit Non-Compliance,2024-05-01,2024-05-31,100,cfu/100ml,/mon,1,140,140,Equipment Modified/Repaired,Voluntary Compliance Underway
FETHERSTON MOBILE PARK ASSOCIATION,FETHERSTON MOBILE HOME PARK,"850 COUNTY RD 44 N, NORTH GRENVILLE, ON K0G 1T0",NORTH GRENVILLE,Miscellaneous Communal,Kingston District Office,TOTAL AMMONIA NITROGEN,Approval/Permit Non-Compliance,2024-05-01,2024-05-31,3,mg/L,/mon,1,6.54,6.54,Resolved w/o Actions Required,Assessment Underway
GREENHILL PRODUCE (THAMESVILLE) LTD.,Greenhill Produce (Thamesville Ltd.) - Kent Bridge Rd Location,"23250 KENT BRIDGE RD, THAMESVILLE, CHATHAM-KENT, ON N0P 1V0",CHATHAM-KENT,Miscellaneous Communal,Windsor District Office,PHOSPHORUS; TOTAL,Approval/Permit Non-Compliance,2024-02-01,2024-02-29,0.7,mg/L,mon avg,1,0.9,0.9,Operational Process Modified,Addressed w/o Intervention
BELLEVILLE TRAILER PARK INC.,BELLEVILLE TRAILER PARK,"4379 OLD HIGHWAY 2, BELLEVILLE, ON K8N 4Z4",BELLEVILLE,Miscellaneous Communal,Belleville Area Office,CARBONACEOUS BIOCHEMICAL OXYGEN DEMAND,Approval/Permit Non-Compliance,2024-01-01,2024-12-31,10,mg/L,/annum,4,15.1,30.3,Resolved w/o Actions Required,Addressed w/o Intervention
BELLEVILLE TRAILER PARK INC.,BELLEVILLE TRAILER PARK,"4379 OLD HIGHWAY 2, BELLEVILLE, ON K8N 4Z4",BELLEVILLE,Miscellaneous Communal,Belleville Area Office,"SUSPENDED SOLIDS, TOTAL",Approval/Permit Non-Compliance,2024-01-01,2024-12-31,10,mg/L,/annum,4,12,16,Resolved w/o Actions Required,Addressed w/o Intervention
BROOKFIELD RESIDENTIAL (ONTARIO) LIMITED,FIELDSTONE RESIDENTIAL COMMUNITY SEWAGE TREATMENT PLANT,"55 FRENCH DR, MONO, ON L9W 6T5",MONO,Miscellaneous Communal,Guelph District Office,NITRATE (AS NITROGEN),Approval/Permit Non-Compliance,2024-01-01,2024-01-31,3,mg/L,/30 days,1,5.9,5.9,Action Plan Submitted,Voluntary Compliance Underway
BROOKFIELD RESIDENTIAL (ONTARIO) LIMITED,FIELDSTONE RESIDENTIAL COMMUNITY SEWAGE TREATMENT PLANT,"55 FRENCH DR, MONO, ON L9W 6T5",MONO,Miscellaneous Communal,Guelph District Office,PHOSPHORUS; TOTAL,Approval/Permit Non-Compliance,2024-01-01,2024-01-31,0.25,mg/L,/30 days,1,0.72,0.72,Action Plan Submitted,Voluntary Compliance Underway
BROOKFIELD RESIDENTIAL (ONTARIO) LIMITED,FIELDSTONE RESIDENTIAL COMMUNITY SEWAGE TREATMENT PLANT,"55 FRENCH DR, MONO, ON L9W 6T5",MONO,Miscellaneous Communal,Guelph District Office,CARBONACEOUS BIOCHEMICAL OXYGEN DEMAND,Approval/Permit Non-Compliance,2024-01-01,2024-01-31,10,mg/L,/30 days,1,10.3,10.3,Action Plan Submitted,Voluntary Compliance Underway
BROOKFIELD RESIDENTIAL (ONTARIO) LIMITED,FIELDSTONE RESIDENTIAL COMMUNITY SEWAGE TREATMENT PLANT,"55 FRENCH DR, MONO, ON L9W 6T5",MONO,Miscellaneous Communal,Guelph District Office,TOTAL AMMONIA NITROGEN,Approval/Permit Non-Compliance,2024-01-01,2024-01-31,2,mg/L,/30 days,1,7.8,7.8,Action Plan Submitted,Voluntary Compliance Underway
BROOKFIELD RESIDENTIAL (ONTARIO) LIMITED,FIELDSTONE RESIDENTIAL COMMUNITY SEWAGE TREATMENT PLANT,"55 FRENCH DR, MONO, ON L9W 6T5",MONO,Miscellaneous Communal,Guelph District Office,"SUSPENDED SOLIDS, TOTAL",Approval/Permit Non-Compliance,2024-01-01,2024-01-31,10,mg/L,/30 days,1,37,37,Action Plan Submitted,Voluntary Compliance Underway
BROOKFIELD RESIDENTIAL (ONTARIO) LIMITED,FIELDSTONE RESIDENTIAL COMMUNITY SEWAGE TREATMENT PLANT,"55 FRENCH DR, MONO, ON L9W 6T5",MONO,Miscellaneous Communal,Guelph District Office,TOTAL AMMONIA NITROGEN,Approval/Permit Non-Compliance,2024-02-01,2024-02-29,2,mg/L,/30 days,1,27.5,27.5,Action Plan Submitted,Voluntary Compliance Underway
BROOKFIELD RESIDENTIAL (ONTARIO) LIMITED,FIELDSTONE RESIDENTIAL COMMUNITY SEWAGE TREATMENT PLANT,"55 FRENCH DR, MONO, ON L9W 6T5",MONO,Miscellaneous Communal,Guelph District Office,TOTAL AMMONIA NITROGEN,Approval/Permit Non-Compliance,2024-03-01,2024-03-31,2,mg/L,/30 days,1,30.2,30.2,Action Plan Submitted,Voluntary Compliance Underway
BROOKFIELD RESIDENTIAL (ONTARIO) LIMITED,FIELDSTONE RESIDENTIAL COMMUNITY SEWAGE TREATMENT PLANT,"55 FRENCH DR, MONO, ON L9W 6T5",MONO,Miscellaneous Communal,Guelph District Office,TOTAL AMMONIA NITROGEN,Approval/Permit Non-Compliance,2024-04-01,2024-04-30,2,mg/L,/30 days,1,29.3,29.3,Action Plan Submitted,Voluntary Compliance Underway
BROOKFIELD RESIDENTIAL (ONTARIO) LIMITED,FIELDSTONE RESIDENTIAL COMMUNITY SEWAGE TREATMENT PLANT,"55 FRENCH DR, MONO, ON L9W 6T5",MONO,Miscellaneous Communal,Guelph District Office,TOTAL AMMONIA NITROGEN,Approval/Permit Non-Compliance,2024-05-01,2024-05-31,2,mg/L,/30 days,1,29.8,29.8,Action Plan Submitted,Voluntary Compliance Underway
BROOKFIELD RESIDENTIAL (ONTARIO) LIMITED,FIELDSTONE RESIDENTIAL COMMUNITY SEWAGE TREATMENT PLANT,"55 FRENCH DR, MONO, ON L9W 6T5",MONO,Miscellaneous Communal,Guelph District Office,NITRATE (AS NITROGEN),Approval/Permit Non-Compliance,2024-06-01,2024-06-30,3,mg/L,/30 days,1,4.1,4.1,Action Plan Submitted,Voluntary Compliance Underway
BROOKFIELD RESIDENTIAL (ONTARIO) LIMITED,FIELDSTONE RESIDENTIAL COMMUNITY SEWAGE TREATMENT PLANT,"55 FRENCH DR, MONO, ON L9W 6T5",MONO,Miscellaneous Communal,Guelph District Office,TOTAL AMMONIA NITROGEN,Approval/Permit Non-Compliance,2024-06-01,2024-06-30,2,mg/L,/30 days,1,21,21,Action Plan Submitted,Voluntary Compliance Underway
BROOKFIELD RESIDENTIAL (ONTARIO) LIMITED,FIELDSTONE RESIDENTIAL COMMUNITY SEWAGE TREATMENT PLANT,"55 FRENCH DR, MONO, ON L9W 6T5",MONO,Miscellaneous Communal,Guelph District Office,NITRATE (AS NITROGEN),Approval/Permit Non-Compliance,2024-08-01,2024-08-31,3,mg/L,/30 days,1,3,3,Action Plan Submitted,Voluntary Compliance Underway
BROOKFIELD RESIDENTIAL (ONTARIO) LIMITED,FIELDSTONE RESIDENTIAL COMMUNITY SEWAGE TREATMENT PLANT,"55 FRENCH DR, MONO, ON L9W 6T5",MONO,Miscellaneous Communal,Guelph District Office,PHOSPHORUS; TOTAL,Approval/Permit Non-Compliance,2024-08-01,2024-08-31,0.25,mg/L,/30 days,1,0.44,0.44,Action Plan Submitted,Voluntary Compliance Underway
BROOKFIELD RESIDENTIAL (ONTARIO) LIMITED,FIELDSTONE RESIDENTIAL COMMUNITY SEWAGE TREATMENT PLANT,"55 FRENCH DR, MONO, ON L9W 6T5",MONO,Miscellaneous Communal,Guelph District Office,"SUSPENDED SOLIDS, TOTAL",Approval/Permit Non-Compliance,2024-08-01,2024-08-31,10,mg/L,/30 days,1,29.4,29.4,Action Plan Submitted,Voluntary Compliance Underway
BROOKFIELD RESIDENTIAL (ONTARIO) LIMITED,FIELDSTONE RESIDENTIAL COMMUNITY SEWAGE TREATMENT PLANT,"55 FRENCH DR, MONO, ON L9W 6T5",MONO,Miscellaneous Communal,Guelph District Office,TOTAL AMMONIA NITROGEN,Approval/Permit Non-Compliance,2024-08-01,2024-08-31,2,mg/L,/30 days,1,4.9,4.9,Action Plan Submitted,Voluntary Compliance Underway
2492309 ONTARIO LIMITED,2492309 Ontario Limited,"607 MERSEA RD 8, LEAMINGTON, ON",LEAMINGTON,Miscellaneous Communal,Windsor District Office,PHOSPHORUS; TOTAL,Approval/Permit Non-Compliance,2024-01-01,2024-11-30,0.3,mg/L,mon avg,7,0.7,5.5,Equipment Modified/Repaired,Event Resolved
2492309 ONTARIO LIMITED,2492309 Ontario Limited,"607 MERSEA RD 8, LEAMINGTON, ON",LEAMINGTON,Miscellaneous Communal,Windsor District Office,PH - LOW,Approval/Permit Non-Compliance,2024-04-01,2024-11-30,6,pH,/week,26,3.1,5.9,Equipment Modified/Repaired,Event Resolved
COUNTRY GARDENS RV PARK LTD.,Country Gardens RV Park LTD.,"1335 WITMER RD, WILMOT, ON N0B 2H0",WILMOT,Miscellaneous Communal,Guelph District Office,"SUSPENDED SOLIDS, TOTAL",Approval/Permit Non-Compliance,2024-06-01,2024-06-30,8,mg/L,/30 days,1,14.225,14.225,Operational Process Modified,Addressed w/o Intervention
COUNTRY GARDENS RV PARK LTD.,Country Gardens RV Park LTD.,"1335 WITMER RD, WILMOT, ON N0B 2H0",WILMOT,Miscellaneous Communal,Guelph District Office,NITRATE (AS NITROGEN),Approval/Permit Non-Compliance,2024-06-01,2024-06-30,8,mg/L,/30 days,1,9.07425,9.07425,Operational Process Modified,Addressed w/o Intervention
COUNTRY GARDENS RV PARK LTD.,Country Gardens RV Park LTD.,"1335 WITMER RD, WILMOT, ON N0B 2H0",WILMOT,Miscellaneous Communal,Guelph District Office,CARBONACEOUS BIOCHEMICAL OXYGEN DEMAND,Approval/Permit Non-Compliance,2024-06-01,2024-06-30,8,mg/L,/30 days,1,8.25,8.25,Operational Process Modified,Addressed w/o Intervention
BOUNDARY ROAD DEVELOPMENT INC.,Boundary Road Distribution Centre,"5225 BOUNDARY RD, OTTAWA, ON K4B 1P6",OTTAWA,Miscellaneous Communal,Ottawa District Office,PH - LOW,Approval/Permit Non-Compliance,2024-12-01,2024-12-01,6,pH,any,1,5.65,5.65,Operational Process Modified,Voluntary Compliance Underway
NRV GRAND OAKS ACQUISITION INC.,Sun Retreat Cayuga,"107 HALDIMAND HIGHWAY 54, HALDIMAND COUNTY, ON N0A 1E0",HALDIMAND COUNTY,Miscellaneous Communal,Hamilton District Office,"SUSPENDED SOLIDS, TOTAL",Approval/Permit Non-Compliance,2024-07-01,2024-07-31,10,mg/L,/mon,1,15,15,Equipment Modified/Repaired,Assessment Underway
ALBUNA EXPRESS LTD.,Albuna Express Ltd.,"306 COUNTY RD 18, LEAMINGTON, ON N8H 3V5",LEAMINGTON,Miscellaneous Communal,Windsor District Office,PHOSPHORUS; TOTAL,Approval/Permit Non-Compliance,2024-01-01,2024-10-31,0.6,mg/L,mon avg,6,0.7,2.2,Conducting Study,Assessment Underway
"MICHAEL KLOEPFER, SANDRA KLOEPFER",695-711 Schafer Side Road - Ukrainian Refugee Housing Complex,"695-711 SCHAFER SIDE RD, DELHI, NORFOLK COUNTY, ON N4B 2W5",NORFOLK COUNTY,Miscellaneous Communal,Hamilton District Office,TOTAL INORGANIC NITROGEN,Approval/Permit Non-Compliance,2024-02-06,2024-02-06,5,mg/L,/mon,1,20.1,20.1,Additional Monitoring Underway,Assessment Underway
"MICHAEL KLOEPFER, SANDRA KLOEPFER",695-711 Schafer Side Road - Ukrainian Refugee Housing Complex,"695-711 SCHAFER SIDE RD, DELHI, NORFOLK COUNTY, ON N4B 2W5",NORFOLK COUNTY,Miscellaneous Communal,Hamilton District Office,TOTAL INORGANIC NITROGEN,Approval/Permit Non-Compliance,2024-03-06,2024-03-06,5,mg/L,/mon,1,7.7,7.7,Additional Monitoring Underway,Assessment Underway
"MICHAEL KLOEPFER, SANDRA KLOEPFER",695-711 Schafer Side Road - Ukrainian Refugee Housing Complex,"695-711 SCHAFER SIDE RD, DELHI, NORFOLK COUNTY, ON N4B 2W5",NORFOLK COUNTY,Miscellaneous Communal,Hamilton District Office,TOTAL INORGANIC NITROGEN,Approval/Permit Non-Compliance,2024-03-09,2024-03-09,5,mg/L,/mon,1,10,10,Additional Monitoring Underway,Assessment Underway
"MICHAEL KLOEPFER, SANDRA KLOEPFER",695-711 Schafer Side Road - Ukrainian Refugee Housing Complex,"695-711 SCHAFER SIDE RD, DELHI, NORFOLK COUNTY, ON N4B 2W5",NORFOLK COUNTY,Miscellaneous Communal,Hamilton District Office,TOTAL INORGANIC NITROGEN,Approval/Permit Non-Compliance,2024-04-09,2024-04-09,5,mg/L,/mon,1,11.5,11.5,Additional Monitoring Underway,Assessment Underway
"MICHAEL KLOEPFER, SANDRA KLOEPFER",695-711 Schafer Side Road - Ukrainian Refugee Housing Complex,"695-711 SCHAFER SIDE RD, DELHI, NORFOLK COUNTY, ON N4B 2W5",NORFOLK COUNTY,Miscellaneous Communal,Hamilton District Office,TOTAL INORGANIC NITROGEN,Approval/Permit Non-Compliance,2024-05-21,2024-05-21,5,mg/L,/mon,1,17.2,17.2,Additional Monitoring Underway,Assessment Underway
"MICHAEL KLOEPFER, SANDRA KLOEPFER",695-711 Schafer Side Road - Ukrainian Refugee Housing Complex,"695-711 SCHAFER SIDE RD, DELHI, NORFOLK COUNTY, ON N4B 2W5",NORFOLK COUNTY,Miscellaneous Communal,Hamilton District Office,TOTAL INORGANIC NITROGEN,Approval/Permit Non-Compliance,2024-06-17,2024-06-17,5,mg/L,/mon,1,17.1,17.1,Additional Monitoring Underway,Assessment Underway
"MICHAEL KLOEPFER, SANDRA KLOEPFER",695-711 Schafer Side Road - Ukrainian Refugee Housing Complex,"695-711 SCHAFER SIDE RD, DELHI, NORFOLK COUNTY, ON N4B 2W5",NORFOLK COUNTY,Miscellaneous Communal,Hamilton District Office,TOTAL INORGANIC NITROGEN,Approval/Permit Non-Compliance,2024-07-08,2024-07-08,5,mg/L,/mon,1,13.2,13.2,Additional Monitoring Underway,Assessment Underway
"MICHAEL KLOEPFER, SANDRA KLOEPFER",695-711 Schafer Side Road - Ukrainian Refugee Housing Complex,"695-711 SCHAFER SIDE RD, DELHI, NORFOLK COUNTY, ON N4B 2W5",NORFOLK COUNTY,Miscellaneous Communal,Hamilton District Office,TOTAL INORGANIC NITROGEN,Approval/Permit Non-Compliance,2024-08-14,2024-08-14,5,mg/L,/mon,1,12.9,12.9,Additional Monitoring Underway,Assessment Underway
"MICHAEL KLOEPFER, SANDRA KLOEPFER",695-711 Schafer Side Road - Ukrainian Refugee Housing Complex,"695-711 SCHAFER SIDE RD, DELHI, NORFOLK COUNTY, ON N4B 2W5",NORFOLK COUNTY,Miscellaneous Communal,Hamilton District Office,TOTAL INORGANIC NITROGEN,Approval/Permit Non-Compliance,2024-11-26,2024-11-26,5,mg/L,/mon,1,6.5,6.5,Additional Monitoring Underway,Assessment Underway
"MICHAEL KLOEPFER, SANDRA KLOEPFER",695-711 Schafer Side Road - Ukrainian Refugee Housing Complex,"695-711 SCHAFER SIDE RD, DELHI, NORFOLK COUNTY, ON N4B 2W5",NORFOLK COUNTY,Miscellaneous Communal,Hamilton District Office,TOTAL INORGANIC NITROGEN,Approval/Permit Non-Compliance,2024-12-13,2024-12-13,5,mg/L,/mon,1,8.6,8.6,Additional Monitoring Underway,Assessment Underway
PRINCE EDWARD VACANT LAND CONDOMINIUM CORPORATION NO. 10,EAST LAKE SHORES,"392 COUNTY RD 18, CHERRY VALLEY, PRINCE EDWARD COUNTY, ON K0K 1P0",PRINCE EDWARD COUNTY,Miscellaneous Communal,Belleville Area Office,TOTAL AMMONIA NITROGEN,Legislation Non-Compliance,2024-04-01,2024-11-01,5,mg/L,seasonal avg,1,7.8,7.8,Equipment Modified/Repaired,Voluntary Compliance Underway
HSV GP INC.,Horseshoe Valley Sewage Treatment Plant,"1101 HORSESHOE VALLEY RD W, ORO-MEDONTE, ON L4M 4Y8",ORO-MEDONTE,Miscellaneous Communal,Barrie District Office,TOTAL AMMONIA NITROGEN,Approval/Permit Non-Compliance,2024-05-21,2024-05-21,3,mg/L,/day,1,5.58,5.58,Operational Process Modified,Voluntary Compliance Underway
SENSEI FARMS LEAMINGTON ULC,Sensei Farms Leamington ULC,"1122-1124 HWY 77, LEAMINGTON, ON N0P 2J0",LEAMINGTON,Miscellaneous Communal,Windsor District Office,PHOSPHORUS; TOTAL,Approval/Permit Non-Compliance,2024-01-01,2024-03-11,0.3,mg/L,rolling avg,11,0.8,6.8,Equipment Modified/Repaired,Voluntary Compliance Underway
SENSEI FARMS LEAMINGTON ULC,Sensei Farms Leamington ULC,"1122-1124 HWY 77, LEAMINGTON, ON N0P 2J0",LEAMINGTON,Miscellaneous Communal,Windsor District Office,TOTAL AMMONIA NITROGEN,Approval/Permit Non-Compliance,2024-01-01,2024-03-06,4,mg/L,rolling avg,9,4.1,8.7,Equipment Modified/Repaired,Voluntary Compliance Underway
23:32 CAPITAL MHC FUND I GP INC.,Town & Country Mobile Home Park,"226 EAST PIKE CREEK RD, LAKESHORE, ON N0R 1K0",LAKESHORE,Miscellaneous Communal,Windsor District Office,PHOSPHORUS; TOTAL,Approval/Permit Non-Compliance,2024-02-01,2024-02-29,0.3,mg/L,mon avg,1,1.1,1.1,Operational Process Modified,Addressed w/o Intervention
23:32 CAPITAL MHC FUND I GP INC.,Town & Country Mobile Home Park,"226 EAST PIKE CREEK RD, LAKESHORE, ON N0R 1K0",LAKESHORE,Miscellaneous Communal,Windsor District Office,"SUSPENDED SOLIDS, TOTAL",Approval/Permit Non-Compliance,2024-02-01,2024-02-29,10,mg/L,mon avg,1,27,27,Operational Process Modified,Addressed w/o Intervention
23:32 CAPITAL MHC FUND I GP INC.,Town & Country Mobile Home Park,"226 EAST PIKE CREEK RD, LAKESHORE, ON N0R 1K0",LAKESHORE,Miscellaneous Communal,Windsor District Office,"SUSPENDED SOLIDS, TOTAL",Approval/Permit Non-Compliance,2024-04-01,2024-04-30,10,mg/L,mon avg,1,28,28,Operational Process Modified,Addressed w/o Intervention
23:32 CAPITAL MHC FUND I GP INC.,Town & Country Mobile Home Park,"226 EAST PIKE CREEK RD, LAKESHORE, ON N0R 1K0",LAKESHORE,Miscellaneous Communal,Windsor District Office,PHOSPHORUS; TOTAL,Approval/Permit Non-Compliance,2024-04-01,2024-04-30,0.3,mg/L,mon avg,1,0.93,0.93,Operational Process Modified,Addressed w/o Intervention
23:32 CAPITAL MHC FUND I GP INC.,Town & Country Mobile Home Park,"226 EAST PIKE CREEK RD, LAKESHORE, ON N0R 1K0",LAKESHORE,Miscellaneous Communal,Windsor District Office,TOTAL AMMONIA NITROGEN,Approval/Permit Non-Compliance,2024-05-01,2024-05-31,1,mg/L,mon avg,1,4.79,4.79,Additional Monitoring Underway,Addressed w/o Intervention
23:32 CAPITAL MHC FUND I GP INC.,Town & Country Mobile Home Park,"226 EAST PIKE CREEK RD, LAKESHORE, ON N0R 1K0",LAKESHORE,Miscellaneous Communal,Windsor District Office,TOTAL AMMONIA NITROGEN,Approval/Permit Non-Compliance,2024-06-01,2024-06-30,1,mg/L,mon avg,1,3,3,Additional Monitoring Underway,Addressed w/o Intervention
23:32 CAPITAL MHC FUND I GP INC.,Town & Country Mobile Home Park,"226 EAST PIKE CREEK RD, LAKESHORE, ON N0R 1K0",LAKESHORE,Miscellaneous Communal,Windsor District Office,PHOSPHORUS; TOTAL,Approval/Permit Non-Compliance,2024-10-01,2024-10-31,0.3,mg/L,mon avg,1,0.38,0.38,Operational Process Modified,Addressed w/o Intervention
23:32 CAPITAL MHC FUND I GP INC.,Town & Country Mobile Home Park,"226 EAST PIKE CREEK RD, LAKESHORE, ON N0R 1K0",LAKESHORE,Miscellaneous Communal,Windsor District Office,"SUSPENDED SOLIDS, TOTAL",Approval/Permit Non-Compliance,2024-10-01,2024-10-31,10,mg/L,mon avg,1,13,13,Operational Process Modified,Addressed w/o Intervention
23:32 CAPITAL MHC FUND I GP INC.,Town & Country Mobile Home Park,"226 EAST PIKE CREEK RD, LAKESHORE, ON N0R 1K0",LAKESHORE,Miscellaneous Communal,Windsor District Office,PHOSPHORUS; TOTAL,Approval/Permit Non-Compliance,2024-11-01,2024-11-30,0.3,mg/L,mon avg,1,0.41,0.41,Equipment Modified/Repaired,Addressed w/o Intervention
23:32 CAPITAL MHC FUND I GP INC.,Town & Country Mobile Home Park,"226 EAST PIKE CREEK RD, LAKESHORE, ON N0R 1K0",LAKESHORE,Miscellaneous Communal,Windsor District Office,"SUSPENDED SOLIDS, TOTAL",Approval/Permit Non-Compliance,2024-11-01,2024-11-30,10,mg/L,mon avg,1,23,23,Equipment Modified/Repaired,Addressed w/o Intervention
23:32 CAPITAL MHC FUND I GP INC.,Town & Country Mobile Home Park,"226 EAST PIKE CREEK RD, LAKESHORE, ON N0R 1K0",LAKESHORE,Miscellaneous Communal,Windsor District Office,"SUSPENDED SOLIDS, TOTAL",Approval/Permit Non-Compliance,2024-12-01,2024-12-31,10,mg/L,mon avg,1,17,17,Equipment Modified/Repaired,Addressed w/o Intervention
23:32 CAPITAL MHC FUND I GP INC.,Town & Country Mobile Home Park,"226 EAST PIKE CREEK RD, LAKESHORE, ON N0R 1K0",LAKESHORE,Miscellaneous Communal,Windsor District Office,PHOSPHORUS; TOTAL,Approval/Permit Non-Compliance,2024-12-01,2024-12-31,0.3,mg/L,mon avg,1,0.45,0.45,Equipment Modified/Repaired,Addressed w/o Intervention
BALLANTRAE NATURAL RESOURCES CENTRE INC.,Ballantrae Golf Course,"LOT:21,22,23, CONCESSION:8, GEOTOWNSHIP:WHITCHURCH, WHITCHURCH-STOUFFVILLE, ON L4A 1M2",WHITCHURCH-STOUFFVILLE,Miscellaneous Communal,York Durham District Office,ESCHERICHIA COLI,Approval/Permit Non-Compliance,2024-07-01,2024-07-31,14,cfu/100ml,mon avg,1,45,45,Equipment Modified/Repaired,Addressed w/o Intervention
BALLANTRAE NATURAL RESOURCES CENTRE INC.,Ballantrae Golf Course,"LOT:21,22,23, CONCESSION:8, GEOTOWNSHIP:WHITCHURCH, WHITCHURCH-STOUFFVILLE, ON L4A 1M2",WHITCHURCH-STOUFFVILLE,Miscellaneous Communal,York Durham District Office,TOTAL AMMONIA NITROGEN,Approval/Permit Non-Compliance,2024-07-01,2024-07-31,1,mg/L,mon avg,1,2.66,2.66,Equipment Modified/Repaired,Addressed w/o Intervention
BALLANTRAE NATURAL RESOURCES CENTRE INC.,Ballantrae Golf Course,"LOT:21,22,23, CONCESSION:8, GEOTOWNSHIP:WHITCHURCH, WHITCHURCH-STOUFFVILLE, ON L4A 1M2",WHITCHURCH-STOUFFVILLE,Miscellaneous Communal,York Durham District Office,TOTAL AMMONIA NITROGEN,Approval/Permit Non-Compliance,2024-07-01,2024-07-31,1.05,kg/d,mon avg,1,1.05,1.05,Equipment Modified/Repaired,Addressed w/o Intervention
2820853 ONTARIO INC.,2820853 Ontario Inc,"621 MERSEA ROAD 11, LEAMINGTON, ON N0P 2J0",LEAMINGTON,Miscellaneous Communal,Windsor District Office,PHOSPHORUS; TOTAL,Approval/Permit Non-Compliance,2024-05-01,2024-11-30,0.3,mg/L,mon avg,7,0.4,5.8,Equipment Modified/Repaired,Event Resolved
"CAPREIT GP INC., GENERAL PARTNER, ON BEHALF OF CAPREIT LIMITED PARTNERSHIP",Sunny Creek Estates,"63 WHITES RD, QUINTE WEST, ON K8V 5P5",QUINTE WEST,Miscellaneous Communal,Peterborough District Office,"SUSPENDED SOLIDS, TOTAL",Approval/Permit Non-Compliance,2024-01-01,2024-01-31,15,mg/L,mon avg,1,17,17,Equipment Modified/Repaired,Addressed w/o Intervention
"CAPREIT GP INC., GENERAL PARTNER, ON BEHALF OF CAPREIT LIMITED PARTNERSHIP",Sunny Creek Estates,"63 WHITES RD, QUINTE WEST, ON K8V 5P5",QUINTE WEST,Miscellaneous Communal,Peterborough District Office,"SUSPENDED SOLIDS, TOTAL",Approval/Permit Non-Compliance,2024-02-01,2024-02-29,15,mg/L,mon avg,1,20.7,20.7,Operational Process Modified,Event Resolved
"CAPREIT GP INC., GENERAL PARTNER, ON BEHALF OF CAPREIT LIMITED PARTNERSHIP",Sunny Creek Estates,"63 WHITES RD, QUINTE WEST, ON K8V 5P5",QUINTE WEST,Miscellaneous Communal,Peterborough District Office,"SUSPENDED SOLIDS, TOTAL",Approval/Permit Non-Compliance,2024-03-01,2024-03-31,15,mg/L,mon avg,1,24.7,24.7,Operational Process Modified,Assessment Underway
UNIFAY INVESTMENTS LTD. & FEDAR INVESTMENTS LTD. CARRYING ON BUSINESS UNDER THE PARTNERSHIP FIRM NAME UNIFAY-FEDAR INVESTMENTS,Thornton Crossing - 4171 Innisfil Beach Rd,"4171 INNISFIL BEACH RD, ESSA, ON L0L 2N0",ESSA,Miscellaneous Communal,Barrie District Office,"SUSPENDED SOLIDS, TOTAL",Approval/Permit Non-Compliance,2024-04-01,2024-04-30,10,mg/L,/mon,1,15.2,15.2,Equipment Modified/Repaired,Voluntary Compliance Underway
NRV GULLIVER'S LAKE ACQUISITION INC.,Sun Retreats Flamborough,"792 SAFARI RD, HAMILTON, ON L0R 1V0",HAMILTON,Miscellaneous Communal,Hamilton District Office,"SUSPENDED SOLIDS, TOTAL",Approval/Permit Non-Compliance,2024-05-01,2024-05-31,10,mg/L,/mon,1,17,17,Resolved w/o Actions Required,Addressed w/o Intervention
NRV GULLIVER'S LAKE ACQUISITION INC.,Sun Retreats Flamborough,"792 SAFARI RD, HAMILTON, ON L0R 1V0",HAMILTON,Miscellaneous Communal,Hamilton District Office,"SUSPENDED SOLIDS, TOTAL",Approval/Permit Non-Compliance,2024-06-18,2024-06-18,10,mg/L,/mon,1,19,19,Operational Process Modified,Addressed w/o Intervention
NRV GULLIVER'S LAKE ACQUISITION INC.,Sun Retreats Flamborough,"792 SAFARI RD, HAMILTON, ON L0R 1V0",HAMILTON,Miscellaneous Communal,Hamilton District Office,"SUSPENDED SOLIDS, TOTAL",Approval/Permit Non-Compliance,2024-07-01,2024-07-31,10,mg/L,/mon,1,12,12,Equipment Modified/Repaired,Addressed w/o Intervention
NRV GULLIVER'S LAKE ACQUISITION INC.,Sun Retreats Flamborough,"792 SAFARI RD, HAMILTON, ON L0R 1V0",HAMILTON,Miscellaneous Communal,Hamilton District Office,"SUSPENDED SOLIDS, TOTAL",Approval/Permit Non-Compliance,2024-09-01,2024-09-30,10,mg/L,/mon,1,14,14,Equipment Modified/Repaired,Addressed w/o Intervention
NRV GULLIVER'S LAKE ACQUISITION INC.,Sun Retreats Flamborough,"792 SAFARI RD, HAMILTON, ON L0R 1V0",HAMILTON,Miscellaneous Communal,Hamilton District Office,CARBONACEOUS BIOCHEMICAL OXYGEN DEMAND,Legislation Non-Compliance,2024-10-01,2024-10-31,10,mg/L,/mon,1,14,14,Equipment Modified/Repaired,Addressed w/o Intervention
NRV GULLIVER'S LAKE ACQUISITION INC.,Sun Retreats Flamborough,"792 SAFARI RD, HAMILTON, ON L0R 1V0",HAMILTON,Miscellaneous Communal,Hamilton District Office,"SUSPENDED SOLIDS, TOTAL",Legislation Non-Compliance,2024-10-01,2024-10-31,10,mg/L,/mon,1,24,24,Equipment Modified/Repaired,Addressed w/o Intervention
TRITON WATER CANADA HOLDINGS INC.,Triton Water Canada Holdings Inc,"101 BROCK RD S, PUSLINCH, ON N0B 2J0",PUSLINCH,Miscellaneous Communal,Guelph District Office,TOTAL INORGANIC NITROGEN,Approval/Permit Non-Compliance,2024-11-03,2024-11-03,11.63,mg/L,any,1,17.8,17.8,Resolved w/o Actions Required,Event Resolved
TRITON WATER CANADA HOLDINGS INC.,Triton Water Canada Holdings Inc,"101 BROCK RD S, PUSLINCH, ON N0B 2J0",PUSLINCH,Miscellaneous Communal,Guelph District Office,NITRATE (AS NITROGEN),Approval/Permit Non-Compliance,2024-11-03,2024-11-03,10,mg/L,any,1,17.4,17.4,Resolved w/o Actions Required,Event Resolved
TRITON WATER CANADA HOLDINGS INC.,Triton Water Canada Holdings Inc,"101 BROCK RD S, PUSLINCH, ON N0B 2J0",PUSLINCH,Miscellaneous Communal,Guelph District Office,TOTAL INORGANIC NITROGEN,Approval/Permit Non-Compliance,2024-11-13,2024-11-13,11.63,mg/L,any,1,22.9,22.9,Resolved w/o Actions Required,Event Resolved
TRITON WATER CANADA HOLDINGS INC.,Triton Water Canada Holdings Inc,"101 BROCK RD S, PUSLINCH, ON N0B 2J0",PUSLINCH,Miscellaneous Communal,Guelph District Office,NITRATE (AS NITROGEN),Approval/Permit Non-Compliance,2024-11-13,2024-11-13,10,mg/L,any,1,22.7,22.7,Resolved w/o Actions Required,Event Resolved
TRITON WATER CANADA HOLDINGS INC.,Triton Water Canada Holdings Inc,"101 BROCK RD S, PUSLINCH, ON N0B 2J0",PUSLINCH,Miscellaneous Communal,Guelph District Office,TOTAL INORGANIC NITROGEN,Approval/Permit Non-Compliance,2024-12-09,2024-12-09,11.63,mg/L,any,1,12.8,12.8,Resolved w/o Actions Required,Event Resolved
TRITON WATER CANADA HOLDINGS INC.,Triton Water Canada Holdings Inc,"101 BROCK RD S, PUSLINCH, ON N0B 2J0",PUSLINCH,Miscellaneous Communal,Guelph District Office,NITRATE (AS NITROGEN),Approval/Permit Non-Compliance,2024-12-09,2024-12-09,10,mg/L,any,1,11.2,11.2,Resolved w/o Actions Required,Event Resolved
TRITON WATER CANADA HOLDINGS INC.,Triton Water Canada Holdings Inc,"101 BROCK RD S, PUSLINCH, ON N0B 2J0",PUSLINCH,Miscellaneous Communal,Guelph District Office,TOTAL INORGANIC NITROGEN,Approval/Permit Non-Compliance,2024-12-27,2024-12-27,11.63,mg/L,any,1,58.7,58.7,Resolved w/o Actions Required,Event Resolved
TRITON WATER CANADA HOLDINGS INC.,Triton Water Canada Holdings Inc,"101 BROCK RD S, PUSLINCH, ON N0B 2J0",PUSLINCH,Miscellaneous Communal,Guelph District Office,NITRATE (AS NITROGEN),Approval/Permit Non-Compliance,2024-12-27,2024-12-27,10,mg/L,any,1,16.4,16.4,Resolved w/o Actions Required,Event Resolved
MUNICIPALITY OF LAKESHORE,Woodslee Estates Sewage Treatment Plant,"1766 ORIOLE PARK DR, WOODSLEE, LAKESHORE, ON N0R 1V0",LAKESHORE,Municipal Sewage,Windsor District Office,DISSOLVED OXYGEN,Approval/Permit Non-Compliance,2024-01-01,2024-01-31,5,mg/L,/day,3,2.85,3.33,Equipment Modified/Repaired,Assessment Underway
MUNICIPALITY OF LAKESHORE,Woodslee Estates Sewage Treatment Plant,"1766 ORIOLE PARK DR, WOODSLEE, LAKESHORE, ON N0R 1V0",LAKESHORE,Municipal Sewage,Windsor District Office,DISSOLVED OXYGEN,Approval/Permit Non-Compliance,2024-02-01,2024-02-29,5,mg/L,/day,2,4.52,4.68,Equipment Modified/Repaired,Assessment Underway
MUNICIPALITY OF LAKESHORE,Woodslee Estates Sewage Treatment Plant,"1766 ORIOLE PARK DR, WOODSLEE, LAKESHORE, ON N0R 1V0",LAKESHORE,Municipal Sewage,Windsor District Office,DISSOLVED OXYGEN,Approval/Permit Non-Compliance,2024-03-01,2024-03-31,5,mg/L,/day,2,4.1,4.52,Equipment Modified/Repaired,Assessment Underway
MUNICIPALITY OF LAKESHORE,Woodslee Estates Sewage Treatment Plant,"1766 ORIOLE PARK DR, WOODSLEE, LAKESHORE, ON N0R 1V0",LAKESHORE,Municipal Sewage,Windsor District Office,DISSOLVED OXYGEN,Approval/Permit Non-Compliance,2024-05-01,2024-05-31,5,mg/L,/day,1,4.99,4.99,Equipment Modified/Repaired,Assessment Underway
THE REGIONAL MUNICIPALITY OF NIAGARA,Stevensville-Douglastown Lagoon,"3274 NETHERBY RD, FORT ERIE, ON L0S 1S0",FORT ERIE,Municipal Sewage,Niagara District Office,TOTAL AMMONIA NITROGEN,Approval/Permit Non-Compliance,2024-01-01,2024-12-31,10,mg/L,yearly avg,1,12.09,12.09,Equipment Modified/Repaired,Voluntary Compliance Underway
THE REGIONAL MUNICIPALITY OF NIAGARA,Stevensville-Douglastown Lagoon,"3274 NETHERBY RD, FORT ERIE, ON L0S 1S0",FORT ERIE,Municipal Sewage,Niagara District Office,TOTAL AMMONIA NITROGEN,Approval/Permit Non-Compliance,2024-01-12,2024-01-18,15,mg/L,/day,3,15.7,18.5,Additional Monitoring Underway,Voluntary Compliance Underway
THE CORPORATION OF THE CITY OF WINDSOR,Lou Romano Water Reclamation Plant,"4155 OJIBWAY PKWY, WINDSOR, ON N9C 4A5",WINDSOR,Municipal Sewage,Windsor District Office,"SUSPENDED SOLIDS, TOTAL",Approval/Permit Non-Compliance,2024-05-01,2024-05-31,15,mg/L,mon avg,1,16.44,16.44,Operational Process Modified,Addressed w/o Intervention
THE CORPORATION OF THE CITY OF WINDSOR,Lou Romano Water Reclamation Plant,"4155 OJIBWAY PKWY, WINDSOR, ON N9C 4A5",WINDSOR,Municipal Sewage,Windsor District Office,ESCHERICHIA COLI,Approval/Permit Non-Compliance,2024-07-01,2024-07-31,200,cfu/100ml,mon avg,1,206,206,Resolved w/o Actions Required,Addressed w/o Intervention
HK TRAVEL CENTRES GP INC.,ONroute Service Centre - Morrisburg,"HIGHWAY 401 SERVICE CENTRE - MORRISBURG, SOUTH DUNDAS, ON",SOUTH DUNDAS,Miscellaneous Communal,Cornwall Area Office,PH - HIGH,Legislation Non-Compliance,2024-04-07,2024-04-07,8.5,pH,/week,1,8.6,8.6,Operational Process Modified,Addressed w/o Intervention
HK TRAVEL CENTRES GP INC.,ONroute Service Centre - Morrisburg,"HIGHWAY 401 SERVICE CENTRE - MORRISBURG, SOUTH DUNDAS, ON",SOUTH DUNDAS,Miscellaneous Communal,Cornwall Area Office,"SUSPENDED SOLIDS, TOTAL",Approval/Permit Non-Compliance,2024-08-01,2024-08-31,10,mg/L,mon avg,1,14.3,14.3,Operational Process Modified,Addressed w/o Intervention
HK TRAVEL CENTRES GP INC.,ONroute Service Centre - Morrisburg,"HIGHWAY 401 SERVICE CENTRE - MORRISBURG, SOUTH DUNDAS, ON",SOUTH DUNDAS,Miscellaneous Communal,Cornwall Area Office,"SUSPENDED SOLIDS, TOTAL",Approval/Permit Non-Compliance,2024-09-01,2024-09-30,10,mg/L,mon avg,1,18,18,Operational Process Modified,Addressed w/o Intervention
HK TRAVEL CENTRES GP INC.,ONroute Service Centre - Morrisburg,"HIGHWAY 401 SERVICE CENTRE - MORRISBURG, SOUTH DUNDAS, ON",SOUTH DUNDAS,Miscellaneous Communal,Cornwall Area Office,"SUSPENDED SOLIDS, TOTAL",Approval/Permit Non-Compliance,2024-10-01,2024-10-31,10,mg/L,mon avg,1,11,11,Operational Process Modified,Addressed w/o Intervention
HK TRAVEL CENTRES GP INC.,ONroute Service Centre - Morrisburg,"HIGHWAY 401 SERVICE CENTRE - MORRISBURG, SOUTH DUNDAS, ON",SOUTH DUNDAS,Miscellaneous Communal,Cornwall Area Office,"SUSPENDED SOLIDS, TOTAL",Approval/Permit Non-Compliance,2024-12-01,2024-12-19,10,mg/L,mon avg,1,12.3,12.3,Equipment Modified/Repaired,Addressed w/o Intervention
RAY OF HOPE INC.,Ray of Hope Inc.- Twp. of Wilmot,"2282 QUEEN ST, WILMOT, ON N0B 2H0",WILMOT,Miscellaneous Communal,Guelph District Office,CARBONACEOUS BIOCHEMICAL OXYGEN DEMAND,Approval/Permit Non-Compliance,2024-03-01,2024-03-31,10,mg/L,/mon,1,12.5,12.5,Equipment Modified/Repaired,Voluntary Compliance Underway
RAY OF HOPE INC.,Ray of Hope Inc.- Twp. of Wilmot,"2282 QUEEN ST, WILMOT, ON N0B 2H0",WILMOT,Miscellaneous Communal,Guelph District Office,"SUSPENDED SOLIDS, TOTAL",Approval/Permit Non-Compliance,2024-06-01,2024-06-30,10,mg/L,/mon,1,49.5,49.5,Equipment Modified/Repaired,Voluntary Compliance Underway
RAY OF HOPE INC.,Ray of Hope Inc.- Twp. of Wilmot,"2282 QUEEN ST, WILMOT, ON N0B 2H0",WILMOT,Miscellaneous Communal,Guelph District Office,"SUSPENDED SOLIDS, TOTAL",Approval/Permit Non-Compliance,2024-07-01,2024-07-31,10,mg/L,/mon,1,16,16,Equipment Modified/Repaired,Voluntary Compliance Underway
RAY OF HOPE INC.,Ray of Hope Inc.- Twp. of Wilmot,"2282 QUEEN ST, WILMOT, ON N0B 2H0",WILMOT,Miscellaneous Communal,Guelph District Office,"SUSPENDED SOLIDS, TOTAL",Approval/Permit Non-Compliance,2024-10-01,2024-10-31,10,mg/L,/mon,1,20,20,Equipment Modified/Repaired,Voluntary Compliance Underway
RAY OF HOPE INC.,Ray of Hope Inc.- Twp. of Wilmot,"2282 QUEEN ST, WILMOT, ON N0B 2H0",WILMOT,Miscellaneous Communal,Guelph District Office,CARBONACEOUS BIOCHEMICAL OXYGEN DEMAND,Approval/Permit Non-Compliance,2024-10-01,2024-10-31,10,mg/L,/mon,1,14,14,Equipment Modified/Repaired,Voluntary Compliance Underway
The Corporation of the Town of Aylmer,Aylmer Lagoon,"9853 ROGERS RD, AYLMER, ON N5H 2R6",AYLMER,Municipal Sewage,London District Office,TOTAL AMMONIA NITROGEN,Approval/Permit Non-Compliance,2024-04-22,2024-04-28,1.2,mg/L,/mon,1,5.8,5.8,Action Plan Submitted,Voluntary Compliance Underway
HK TRAVEL CENTRES GP INC.,ONroute Service Centre (Port Hope HWY 401),"LOT:31 AND 32, CONCESSION:2, GEOTOWNSHIP:PORT HOPE, PORT HOPE, ON",PORT HOPE,Miscellaneous Communal,Peterborough District Office,"SUSPENDED SOLIDS, TOTAL",Approval/Permit Non-Compliance,2024-01-01,2024-01-31,10,mg/L,/mon,1,18.6,18.6,Equipment Modified/Repaired,Addressed w/o Intervention
HK TRAVEL CENTRES GP INC.,ONroute Service Centre (Port Hope HWY 401),"LOT:31 AND 32, CONCESSION:2, GEOTOWNSHIP:PORT HOPE, PORT HOPE, ON",PORT HOPE,Miscellaneous Communal,Peterborough District Office,PHOSPHORUS; TOTAL,Approval/Permit Non-Compliance,2024-01-01,2024-01-31,0.3,mg/L,/mon,1,0.4,0.4,Equipment Modified/Repaired,Addressed w/o Intervention
HK TRAVEL CENTRES GP INC.,ONroute Service Centre (Port Hope HWY 401),"LOT:31 AND 32, CONCESSION:2, GEOTOWNSHIP:PORT HOPE, PORT HOPE, ON",PORT HOPE,Miscellaneous Communal,Peterborough District Office,"SUSPENDED SOLIDS, TOTAL",Approval/Permit Non-Compliance,2024-01-01,2024-01-31,0.64,kg/d,/mon,1,0.665,0.665,Equipment Modified/Repaired,Addressed w/o Intervention
HK TRAVEL CENTRES GP INC.,ONroute Service Centre (Port Hope HWY 401),"LOT:31 AND 32, CONCESSION:2, GEOTOWNSHIP:PORT HOPE, PORT HOPE, ON",PORT HOPE,Miscellaneous Communal,Peterborough District Office,"SUSPENDED SOLIDS, TOTAL",Approval/Permit Non-Compliance,2024-02-01,2024-02-29,10,mg/L,/mon,1,25.5,25.5,Equipment Modified/Repaired,Addressed w/o Intervention
HK TRAVEL CENTRES GP INC.,ONroute Service Centre (Port Hope HWY 401),"LOT:31 AND 32, CONCESSION:2, GEOTOWNSHIP:PORT HOPE, PORT HOPE, ON",PORT HOPE,Miscellaneous Communal,Peterborough District Office,PHOSPHORUS; TOTAL,Approval/Permit Non-Compliance,2024-02-01,2024-02-29,0.3,mg/L,/mon,1,0.43,0.43,Equipment Modified/Repaired,Addressed w/o Intervention
HK TRAVEL CENTRES GP INC.,ONroute Service Centre (Port Hope HWY 401),"LOT:31 AND 32, CONCESSION:2, GEOTOWNSHIP:PORT HOPE, PORT HOPE, ON",PORT HOPE,Miscellaneous Communal,Peterborough District Office,"SUSPENDED SOLIDS, TOTAL",Approval/Permit Non-Compliance,2024-02-01,2024-02-29,0.64,kg/d,/mon,1,0.984,0.984,Equipment Modified/Repaired,Addressed w/o Intervention
HK TRAVEL CENTRES GP INC.,ONroute Service Centre (Port Hope HWY 401),"LOT:31 AND 32, CONCESSION:2, GEOTOWNSHIP:PORT HOPE, PORT HOPE, ON",PORT HOPE,Miscellaneous Communal,Peterborough District Office,"SUSPENDED SOLIDS, TOTAL",Approval/Permit Non-Compliance,2024-03-01,2024-03-31,10,mg/L,/mon,1,25.3,25.3,Equipment Modified/Repaired,Addressed w/o Intervention
HK TRAVEL CENTRES GP INC.,ONroute Service Centre (Port Hope HWY 401),"LOT:31 AND 32, CONCESSION:2, GEOTOWNSHIP:PORT HOPE, PORT HOPE, ON",PORT HOPE,Miscellaneous Communal,Peterborough District Office,PHOSPHORUS; TOTAL,Approval/Permit Non-Compliance,2024-03-01,2024-03-31,0.3,mg/L,/mon,1,0.63,0.63,Equipment Modified/Repaired,Addressed w/o Intervention
HK TRAVEL CENTRES GP INC.,ONroute Service Centre (Port Hope HWY 401),"LOT:31 AND 32, CONCESSION:2, GEOTOWNSHIP:PORT HOPE, PORT HOPE, ON",PORT HOPE,Miscellaneous Communal,Peterborough District Office,PHOSPHORUS; TOTAL,Approval/Permit Non-Compliance,2024-03-01,2024-03-31,0.019,kg/d,/mon,1,0.025,0.025,Equipment Modified/Repaired,Addressed w/o Intervention
HK TRAVEL CENTRES GP INC.,ONroute Service Centre (Port Hope HWY 401),"LOT:31 AND 32, CONCESSION:2, GEOTOWNSHIP:PORT HOPE, PORT HOPE, ON",PORT HOPE,Miscellaneous Communal,Peterborough District Office,"SUSPENDED SOLIDS, TOTAL",Approval/Permit Non-Compliance,2024-03-01,2024-03-31,0.64,kg/d,/mon,1,1,1,Equipment Modified/Repaired,Addressed w/o Intervention
HK TRAVEL CENTRES GP INC.,ONroute Service Centre (Port Hope HWY 401),"LOT:31 AND 32, CONCESSION:2, GEOTOWNSHIP:PORT HOPE, PORT HOPE, ON",PORT HOPE,Miscellaneous Communal,Peterborough District Office,"SUSPENDED SOLIDS, TOTAL",Approval/Permit Non-Compliance,2024-04-01,2024-04-30,10,mg/L,/mon,1,16.2,16.2,Equipment Modified/Repaired,Addressed w/o Intervention
HK TRAVEL CENTRES GP INC.,ONroute Service Centre (Port Hope HWY 401),"LOT:31 AND 32, CONCESSION:2, GEOTOWNSHIP:PORT HOPE, PORT HOPE, ON",PORT HOPE,Miscellaneous Communal,Peterborough District Office,"SUSPENDED SOLIDS, TOTAL",Approval/Permit Non-Compliance,2024-04-01,2024-04-30,0.64,kg/d,/mon,1,0.757,0.757,Equipment Modified/Repaired,Addressed w/o Intervention
HK TRAVEL CENTRES GP INC.,ONroute Service Centre (Port Hope HWY 401),"LOT:31 AND 32, CONCESSION:2, GEOTOWNSHIP:PORT HOPE, PORT HOPE, ON",PORT HOPE,Miscellaneous Communal,Peterborough District Office,"SUSPENDED SOLIDS, TOTAL",Approval/Permit Non-Compliance,2024-05-01,2024-05-31,10,mg/L,/mon,1,11.8,11.8,Equipment Modified/Repaired,Addressed w/o Intervention
HK TRAVEL CENTRES GP INC.,ONroute Service Centre (Port Hope HWY 401),"LOT:31 AND 32, CONCESSION:2, GEOTOWNSHIP:PORT HOPE, PORT HOPE, ON",PORT HOPE,Miscellaneous Communal,Peterborough District Office,"SUSPENDED SOLIDS, TOTAL",Approval/Permit Non-Compliance,2024-05-01,2024-05-31,0.64,kg/d,/mon,1,0.651,0.651,Equipment Modified/Repaired,Addressed w/o Intervention
HK TRAVEL CENTRES GP INC.,ONroute Service Centre (Port Hope HWY 401),"LOT:31 AND 32, CONCESSION:2, GEOTOWNSHIP:PORT HOPE, PORT HOPE, ON",PORT HOPE,Miscellaneous Communal,Peterborough District Office,PHOSPHORUS; TOTAL,Approval/Permit Non-Compliance,2024-08-01,2024-08-31,0.3,mg/L,/mon,1,0.33,0.33,Equipment Modified/Repaired,Addressed w/o Intervention
HK TRAVEL CENTRES GP INC.,ONroute Service Centre (Port Hope HWY 401),"LOT:31 AND 32, CONCESSION:2, GEOTOWNSHIP:PORT HOPE, PORT HOPE, ON",PORT HOPE,Miscellaneous Communal,Peterborough District Office,TOTAL AMMONIA NITROGEN,Approval/Permit Non-Compliance,2024-08-01,2024-08-31,3,mg/L,/mon,1,3.84,3.84,Equipment Modified/Repaired,Addressed w/o Intervention
HK TRAVEL CENTRES GP INC.,ONroute Service Centre (Port Hope HWY 401),"LOT:31 AND 32, CONCESSION:2, GEOTOWNSHIP:PORT HOPE, PORT HOPE, ON",PORT HOPE,Miscellaneous Communal,Peterborough District Office,PHOSPHORUS; TOTAL,Approval/Permit Non-Compliance,2024-08-01,2024-08-31,0.019,kg/d,/mon,1,0.025,0.025,Equipment Modified/Repaired,Addressed w/o Intervention
HK TRAVEL CENTRES GP INC.,ONroute Service Centre (Port Hope HWY 401),"LOT:31 AND 32, CONCESSION:2, GEOTOWNSHIP:PORT HOPE, PORT HOPE, ON",PORT HOPE,Miscellaneous Communal,Peterborough District Office,TOTAL AMMONIA NITROGEN,Approval/Permit Non-Compliance,2024-08-01,2024-08-31,0.19,kg/d,/mon,1,0.295,0.295,Equipment Modified/Repaired,Addressed w/o Intervention
HK TRAVEL CENTRES GP INC.,ONroute Service Centre (Port Hope HWY 401),"LOT:31 AND 32, CONCESSION:2, GEOTOWNSHIP:PORT HOPE, PORT HOPE, ON",PORT HOPE,Miscellaneous Communal,Peterborough District Office,"SUSPENDED SOLIDS, TOTAL",Approval/Permit Non-Compliance,2024-11-01,2024-11-30,10,mg/L,/mon,1,14,14,Equipment Modified/Repaired,Addressed w/o Intervention
HK TRAVEL CENTRES GP INC.,ONroute Service Centre (Port Hope HWY 401),"LOT:31 AND 32, CONCESSION:2, GEOTOWNSHIP:PORT HOPE, PORT HOPE, ON",PORT HOPE,Miscellaneous Communal,Peterborough District Office,TOTAL AMMONIA NITROGEN,Approval/Permit Non-Compliance,2024-12-01,2024-12-31,0.32,kg/d,/mon,1,0.487,0.487,Equipment Modified/Repaired,Addressed w/o Intervention
HK TRAVEL CENTRES GP INC.,ONroute Service Centre (Port Hope HWY 401),"LOT:31 AND 32, CONCESSION:2, GEOTOWNSHIP:PORT HOPE, PORT HOPE, ON",PORT HOPE,Miscellaneous Communal,Peterborough District Office,TOTAL AMMONIA NITROGEN,Approval/Permit Non-Compliance,2024-12-01,2024-12-31,5,mg/L,/mon,1,13.96,13.96,Equipment Modified/Repaired,Addressed w/o Intervention
"THE FOREST-CLIFF CAMPS, INCORPORATED",Forest Cliff Camp,"8324 GLENDALE DR, LAMBTON SHORES, ON N0N 1J7",LAMBTON SHORES,Miscellaneous Communal,Sarnia District Office,NITROGEN; TOTAL,Approval/Permit Non-Compliance,2024-08-01,2024-08-30,3,mg/L,/mon,1,4.6,4.6,New Equipment Installed,Addressed w/o Intervention
CORPORATION OF THE TOWN OF PENETANGUISHENE,Penetanguishene (Fox St) Sewage Treatment Plant,"146 FOX ST, PENETANGUISHENE, ON L9M 1E7",PENETANGUISHENE,Municipal Sewage,Barrie District Office,"SUSPENDED SOLIDS, TOTAL",Approval/Permit Non-Compliance,2024-02-01,2024-02-29,15,mg/L,mon avg,1,23,23,Operational Process Modified,Event Resolved
THE REGIONAL MUNICIPALITY OF NIAGARA,Niagara Falls Wastewater Treatment Plant,"3450 STANLEY AVE, NIAGARA FALLS, ON",NIAGARA FALLS,Municipal Sewage,Niagara District Office,"SUSPENDED SOLIDS, TOTAL",Approval/Permit Non-Compliance,2024-07-01,2024-07-31,25,mg/L,mon avg,1,32.2,32.2,Additional Monitoring Underway,Assessment Underway
THE REGIONAL MUNICIPALITY OF NIAGARA,Niagara Falls Wastewater Treatment Plant,"3450 STANLEY AVE, NIAGARA FALLS, ON",NIAGARA FALLS,Municipal Sewage,Niagara District Office,CARBONACEOUS BIOCHEMICAL OXYGEN DEMAND,Approval/Permit Non-Compliance,2024-07-01,2024-07-31,25,mg/L,mon avg,1,26.9,26.9,Additional Monitoring Underway,Assessment Underway
THE REGIONAL MUNICIPALITY OF NIAGARA,Niagara Falls Wastewater Treatment Plant,"3450 STANLEY AVE, NIAGARA FALLS, ON",NIAGARA FALLS,Municipal Sewage,Niagara District Office,"SUSPENDED SOLIDS, TOTAL",Approval/Permit Non-Compliance,2024-12-01,2024-12-31,25,mg/L,mon avg,1,34.4,34.4,New Equipment Installed,Voluntary Compliance Underway
THE REGIONAL MUNICIPALITY OF NIAGARA,Niagara Falls Wastewater Treatment Plant,"3450 STANLEY AVE, NIAGARA FALLS, ON",NIAGARA FALLS,Municipal Sewage,Niagara District Office,CARBONACEOUS BIOCHEMICAL OXYGEN DEMAND,Approval/Permit Non-Compliance,2024-12-01,2024-12-31,25,mg/L,mon avg,1,38.1,38.1,New Equipment Installed,Voluntary Compliance Underway
CORPORATION OF THE TOWNSHIP OF SEVERN,West Shore Water Pollution Control Plant,"3333 NEW BRAILEY LINE, ORILLIA, SEVERN, ON L3V 6H3",SEVERN,Municipal Sewage,Barrie District Office,TOTAL AMMONIA NITROGEN,Approval/Permit Non-Compliance,2024-11-01,2024-11-30,3,mg/L,mon avg,1,4.5,4.5,Operational Process Modified,Addressed w/o Intervention
MUSKOKA STANDARD CONDOMINIUM CORPORATION NO. 66,TOUCHSTONE RESORT,"1869 MUSKOKA RD 118 W, BRACEBRIDGE, MUSKOKA LAKES, ON P1L 1W8",MUSKOKA LAKES,Miscellaneous Communal,Barrie District Office,PHOSPHORUS; TOTAL,Approval/Permit Non-Compliance,2024-03-15,2024-11-15,0.0165,kg/d,/season,1,0.46,0.46,Action Plan Submitted,Voluntary Compliance Underway
MUSKOKA STANDARD CONDOMINIUM CORPORATION NO. 66,TOUCHSTONE RESORT,"1869 MUSKOKA RD 118 W, BRACEBRIDGE, MUSKOKA LAKES, ON P1L 1W8",MUSKOKA LAKES,Miscellaneous Communal,Barrie District Office,PHOSPHORUS; TOTAL,Approval/Permit Non-Compliance,2024-03-15,2024-11-15,0.15,mg/L,seasonal avg,1,0.22,0.22,Action Plan Submitted,Voluntary Compliance Underway
MUSKOKA STANDARD CONDOMINIUM CORPORATION NO. 66,TOUCHSTONE RESORT,"1869 MUSKOKA RD 118 W, BRACEBRIDGE, MUSKOKA LAKES, ON P1L 1W8",MUSKOKA LAKES,Miscellaneous Communal,Barrie District Office,"SUSPENDED SOLIDS, TOTAL",Approval/Permit Non-Compliance,2024-05-15,2024-11-15,10,mg/L,seasonal avg,1,30.2,30.2,Action Plan Submitted,Voluntary Compliance Underway
CITY OF GREATER SUDBURY,Azilda Water Pollution Control Plant,"564 ST AGNES ST, GREATER SUDBURY, ON P0M 1L0",GREATER SUDBURY,Municipal Sewage,Sudbury District Office,TOTAL RESIDUAL CHLORINE,Approval/Permit Non-Compliance,2024-03-05,2024-03-05,0.02,mg/L,weekly,1,0,0,Equipment Modified/Repaired,Event Resolved
REGIONAL MUNICIPALITY OF DURHAM,Corbett Creek Water Pollution Control Plant,"2400 FORBES ST, WHITBY, ON L1N 8M3",WHITBY,Municipal Sewage,York Durham District Office,PHOSPHORUS; TOTAL,Approval/Permit Non-Compliance,2024-01-01,2024-01-31,1,mg/L,mon avg,1,1.61,1.61,Action Plan Submitted,Provincial Officer’s Order
REGIONAL MUNICIPALITY OF DURHAM,Corbett Creek Water Pollution Control Plant,"2400 FORBES ST, WHITBY, ON L1N 8M3",WHITBY,Municipal Sewage,York Durham District Office,"SUSPENDED SOLIDS, TOTAL",Approval/Permit Non-Compliance,2024-01-01,2024-01-31,25,mg/L,mon avg,1,42.59,42.59,Action Plan Submitted,Provincial Officer’s Order
REGIONAL MUNICIPALITY OF DURHAM,Corbett Creek Water Pollution Control Plant,"2400 FORBES ST, WHITBY, ON L1N 8M3",WHITBY,Municipal Sewage,York Durham District Office,PHOSPHORUS; TOTAL,Approval/Permit Non-Compliance,2024-03-01,2024-03-31,1,mg/L,mon avg,1,1.04,1.04,Operational Process Modified,Provincial Officer’s Order
THE REGIONAL MUNICIPALITY OF NIAGARA,Queenston Wastewater Treatment Plant,"5 RIVER FRONTAGE RD, NIAGARA-ON-THE-LAKE, ON L0S 1J0",NIAGARA-ON-THE-LAKE,Municipal Sewage,Niagara District Office,PH - LOW,Approval/Permit Non-Compliance,2024-12-02,2024-12-02,6,pH,any,1,5.8,5.8,Operational Process Modified,Event Resolved
REGIONAL MUNICIPALITY OF DURHAM,Uxbridge Brook Water Pollution Control Plant,"127 MAIN ST N, UXBRIDGE, ON L9P 1C7",UXBRIDGE,Municipal Sewage,York Durham District Office,PHOSPHORUS; TOTAL,Approval/Permit Non-Compliance,2024-12-01,2024-12-31,0.15,mg/L,/mon,1,0.16,0.16,Resolved w/o Actions Required,Voluntary Compliance Underway
THE REGIONAL MUNICIPALITY OF NIAGARA,Port Weller Wastewater Treatment Plant,"27 LOMBARDY AVE, ST. CATHARINES, ON L2M 1A1",ST. CATHARINES,Municipal Sewage,Niagara District Office,"SUSPENDED SOLIDS, TOTAL",Approval/Permit Non-Compliance,2024-11-01,2024-11-01,25,mg/L,mon avg,1,26.6,26.6,Resolved w/o Actions Required,Addressed w/o Intervention
Ces données sont fournies à titre d’information seulement. Les installations responsables des rejets ont fourni la plupart des données de ce sommaire. Ces installations sont responsables de l’exactitude des données fournies. Certaines données sont aussi dérivées des données du ministère sur les rejets. Les mesures prises par les installations et par le ministère étaient à jour en Juin 2025.,,,,,,,,,,,,,,,,,
