Propriétaire de l’installation,Nom du site,Adresse du site,Municipalité du site,Secteur,District,Contaminant,Type de dépassement,Date du début du dépassement,Date de la fin du dépassement,Limite du contaminant,Unité du contaminant,Fréquence de la limite,Nombre de dépassements,Minimum de la quantité,Maximum de la quantité,Mesure prise par l’installation,Mesure prise par le ministère
BRUCE POWER INC.,BRUCE POWER GENERATING STATION B (UNITS 5 - 8),"177 TIE RD, UNITS 5-8, TIVERTON, KINCARDINE, ON N0G 2T0",KINCARDINE,Electric Power Generation,Owen Sound District Office,Acute Lethality - DAPHNIA MAGNA,Approval/Permit Non-Compliance,2024-08-15,2024-08-15,0,acute toxicity,/quarter,1,1,1,Additional Monitoring Underway,Penalty Order
CYTEC CANADA INC.,Cytec Canada Inc.,"9061 GARNER RD, NIAGARA FALLS, ON L2E 6S5",NIAGARA FALLS,Inorganic Chemicals,Niagara District Office,Acute Lethality - DAPHNIA MAGNA,Approval/Permit Non-Compliance,2024-08-21,2024-08-21,0,acute toxicity,/mon,1,1,1,Resolved w/o Actions Required,Addressed w/o Intervention
CORPORATION OF THE MUNICIPALITY OF KINCARDINE,Kincardine Waste Management Centre (Ward 2),"437 SIDEROAD 15, KINCARDINE, ON N0G 2T0",KINCARDINE,Miscellaneous Industrial,Owen Sound District Office,CARBONACEOUS BIOCHEMICAL OXYGEN DEMAND,Approval/Permit Non-Compliance,2024-02-06,2024-02-06,15,mg/L,/day,1,41,41,Additional Monitoring Underway,Addressed w/o Intervention
CORPORATION OF THE MUNICIPALITY OF KINCARDINE,Kincardine Waste Management Centre (Ward 2),"437 SIDEROAD 15, KINCARDINE, ON N0G 2T0",KINCARDINE,Miscellaneous Industrial,Owen Sound District Office,"SUSPENDED SOLIDS, TOTAL",Approval/Permit Non-Compliance,2024-02-06,2024-02-06,20,mg/L,/day,1,35,35,Additional Monitoring Underway,Addressed w/o Intervention
CORPORATION OF THE MUNICIPALITY OF KINCARDINE,Kincardine Waste Management Centre (Ward 2),"437 SIDEROAD 15, KINCARDINE, ON N0G 2T0",KINCARDINE,Miscellaneous Industrial,Owen Sound District Office,TOTAL AMMONIA NITROGEN,Approval/Permit Non-Compliance,2024-02-06,2024-02-06,5,mg/L,/day,1,93.6,93.6,Additional Monitoring Underway,Addressed w/o Intervention
LAFARGE CANADA INC.,Lafarge Bath Cement Plant,"6501 BATH RD, LOYALIST, ON K0H 1G0",LOYALIST,Industrial Minerals,Kingston District Office,"AMMONIA, UNIONIZED",Legislation Non-Compliance,2024-04-09,2024-04-16,0.02,mg/L,/week,1,0.038,0.038,Additional Monitoring Underway,Voluntary Compliance Underway
LAFARGE CANADA INC.,Lafarge Bath Cement Plant,"6501 BATH RD, LOYALIST, ON K0H 1G0",LOYALIST,Industrial Minerals,Kingston District Office,"AMMONIA, UNIONIZED",Legislation Non-Compliance,2024-04-16,2024-04-30,0.02,mg/L,/week,2,0.096,0.15,Additional Monitoring Underway,Voluntary Compliance Underway
LAFARGE CANADA INC.,Lafarge Brockville Quarry,"1864 COUNTY RD 2, ELIZABETHTOWN-KITLEY, ON K6V 5T1",ELIZABETHTOWN-KITLEY,Industrial Minerals,Kingston District Office,OIL AND GREASE,Approval/Permit Non-Compliance,2024-09-01,2024-09-30,15,ppm,/mon,1,42,42,Resolved w/o Actions Required,Voluntary Compliance Underway
THE CORPORATION OF THE CITY OF NORTH BAY,Merrick Landfill Site,"LOT:10,11,12, CONCESSION:4,5, GEOTOWNSHIP:MERRICK, NORTH BAY, ON",NORTH BAY,Miscellaneous Industrial,North Bay Area Office,PHOSPHORUS; TOTAL,Approval/Permit Non-Compliance,2024-01-01,2024-01-31,0.5,mg/L,mon avg,1,1.8,1.8,Operational Process Modified,Addressed w/o Intervention
THE CORPORATION OF THE CITY OF NORTH BAY,Merrick Landfill Site,"LOT:10,11,12, CONCESSION:4,5, GEOTOWNSHIP:MERRICK, NORTH BAY, ON",NORTH BAY,Miscellaneous Industrial,North Bay Area Office,IRON,Approval/Permit Non-Compliance,2024-01-01,2024-01-31,5.5,mg/L,mon avg,1,67,67,Operational Process Modified,Addressed w/o Intervention
THE CORPORATION OF THE CITY OF NORTH BAY,Merrick Landfill Site,"LOT:10,11,12, CONCESSION:4,5, GEOTOWNSHIP:MERRICK, NORTH BAY, ON",NORTH BAY,Miscellaneous Industrial,North Bay Area Office,"SUSPENDED SOLIDS, TOTAL",Approval/Permit Non-Compliance,2024-01-01,2024-01-31,15,mg/L,mon avg,1,245,245,Operational Process Modified,Addressed w/o Intervention
THE CORPORATION OF THE CITY OF NORTH BAY,Merrick Landfill Site,"LOT:10,11,12, CONCESSION:4,5, GEOTOWNSHIP:MERRICK, NORTH BAY, ON",NORTH BAY,Miscellaneous Industrial,North Bay Area Office,TOTAL AMMONIA NITROGEN,Approval/Permit Non-Compliance,2024-01-01,2024-01-31,2,mg/L,mon avg,1,2.38,2.38,Operational Process Modified,Addressed w/o Intervention
THE CORPORATION OF THE CITY OF NORTH BAY,Merrick Landfill Site,"LOT:10,11,12, CONCESSION:4,5, GEOTOWNSHIP:MERRICK, NORTH BAY, ON",NORTH BAY,Miscellaneous Industrial,North Bay Area Office,PH - LOW,Approval/Permit Non-Compliance,2024-01-17,2024-01-17,6,pH,/day,1,5.82,5.82,Conducting Study,Addressed w/o Intervention
THE CORPORATION OF THE CITY OF NORTH BAY,Merrick Landfill Site,"LOT:10,11,12, CONCESSION:4,5, GEOTOWNSHIP:MERRICK, NORTH BAY, ON",NORTH BAY,Miscellaneous Industrial,North Bay Area Office,PH - LOW,Approval/Permit Non-Compliance,2024-01-24,2024-01-24,6,pH,/day,1,5.53,5.53,Conducting Study,Addressed w/o Intervention
THE CORPORATION OF THE CITY OF NORTH BAY,Merrick Landfill Site,"LOT:10,11,12, CONCESSION:4,5, GEOTOWNSHIP:MERRICK, NORTH BAY, ON",NORTH BAY,Miscellaneous Industrial,North Bay Area Office,IRON,Approval/Permit Non-Compliance,2024-02-01,2024-02-29,5.5,mg/L,mon avg,1,44,44,Conducting Study,Addressed w/o Intervention
THE CORPORATION OF THE CITY OF NORTH BAY,Merrick Landfill Site,"LOT:10,11,12, CONCESSION:4,5, GEOTOWNSHIP:MERRICK, NORTH BAY, ON",NORTH BAY,Miscellaneous Industrial,North Bay Area Office,"SUSPENDED SOLIDS, TOTAL",Approval/Permit Non-Compliance,2024-02-01,2024-02-29,15,mg/L,mon avg,1,151,151,Conducting Study,Addressed w/o Intervention
THE CORPORATION OF THE CITY OF NORTH BAY,Merrick Landfill Site,"LOT:10,11,12, CONCESSION:4,5, GEOTOWNSHIP:MERRICK, NORTH BAY, ON",NORTH BAY,Miscellaneous Industrial,North Bay Area Office,PHOSPHORUS; TOTAL,Approval/Permit Non-Compliance,2024-02-01,2024-02-29,0.5,mg/L,mon avg,1,1.53,1.53,Conducting Study,Addressed w/o Intervention
THE CORPORATION OF THE CITY OF NORTH BAY,Merrick Landfill Site,"LOT:10,11,12, CONCESSION:4,5, GEOTOWNSHIP:MERRICK, NORTH BAY, ON",NORTH BAY,Miscellaneous Industrial,North Bay Area Office,TOTAL AMMONIA NITROGEN,Approval/Permit Non-Compliance,2024-02-01,2024-02-29,2,mg/L,mon avg,1,3.34,3.34,Conducting Study,Addressed w/o Intervention
THE CORPORATION OF THE CITY OF NORTH BAY,Merrick Landfill Site,"LOT:10,11,12, CONCESSION:4,5, GEOTOWNSHIP:MERRICK, NORTH BAY, ON",NORTH BAY,Miscellaneous Industrial,North Bay Area Office,TOTAL AMMONIA NITROGEN,Approval/Permit Non-Compliance,2024-03-01,2024-03-31,2,mg/L,mon avg,1,2.4,2.4,Equipment Modified/Repaired,Addressed w/o Intervention
THE CORPORATION OF THE CITY OF NORTH BAY,Merrick Landfill Site,"LOT:10,11,12, CONCESSION:4,5, GEOTOWNSHIP:MERRICK, NORTH BAY, ON",NORTH BAY,Miscellaneous Industrial,North Bay Area Office,IRON,Approval/Permit Non-Compliance,2024-03-01,2024-03-31,5.5,mg/L,mon avg,1,41.43,41.43,Equipment Modified/Repaired,Addressed w/o Intervention
THE CORPORATION OF THE CITY OF NORTH BAY,Merrick Landfill Site,"LOT:10,11,12, CONCESSION:4,5, GEOTOWNSHIP:MERRICK, NORTH BAY, ON",NORTH BAY,Miscellaneous Industrial,North Bay Area Office,PHOSPHORUS; TOTAL,Approval/Permit Non-Compliance,2024-03-01,2024-03-31,0.5,mg/L,mon avg,1,1.26,1.26,Equipment Modified/Repaired,Addressed w/o Intervention
THE CORPORATION OF THE CITY OF NORTH BAY,Merrick Landfill Site,"LOT:10,11,12, CONCESSION:4,5, GEOTOWNSHIP:MERRICK, NORTH BAY, ON",NORTH BAY,Miscellaneous Industrial,North Bay Area Office,"SUSPENDED SOLIDS, TOTAL",Approval/Permit Non-Compliance,2024-03-01,2024-03-31,15,mg/L,mon avg,1,118,118,Equipment Modified/Repaired,Addressed w/o Intervention
THE CORPORATION OF THE CITY OF NORTH BAY,Merrick Landfill Site,"LOT:10,11,12, CONCESSION:4,5, GEOTOWNSHIP:MERRICK, NORTH BAY, ON",NORTH BAY,Miscellaneous Industrial,North Bay Area Office,PHENOL,Approval/Permit Non-Compliance,2024-03-01,2024-03-31,0.008,mg/L,mon avg,1,0.01,0.01,Equipment Modified/Repaired,Addressed w/o Intervention
THE CORPORATION OF THE CITY OF NORTH BAY,Merrick Landfill Site,"LOT:10,11,12, CONCESSION:4,5, GEOTOWNSHIP:MERRICK, NORTH BAY, ON",NORTH BAY,Miscellaneous Industrial,North Bay Area Office,PHOSPHORUS; TOTAL,Approval/Permit Non-Compliance,2024-04-01,2024-04-30,0.5,mg/L,mon avg,1,0.84,0.84,Conducting Study,Addressed w/o Intervention
THE CORPORATION OF THE CITY OF NORTH BAY,Merrick Landfill Site,"LOT:10,11,12, CONCESSION:4,5, GEOTOWNSHIP:MERRICK, NORTH BAY, ON",NORTH BAY,Miscellaneous Industrial,North Bay Area Office,IRON,Approval/Permit Non-Compliance,2024-04-01,2024-04-30,5.5,mg/L,mon avg,1,36.2,36.2,Conducting Study,Addressed w/o Intervention
THE CORPORATION OF THE CITY OF NORTH BAY,Merrick Landfill Site,"LOT:10,11,12, CONCESSION:4,5, GEOTOWNSHIP:MERRICK, NORTH BAY, ON",NORTH BAY,Miscellaneous Industrial,North Bay Area Office,"SUSPENDED SOLIDS, TOTAL",Approval/Permit Non-Compliance,2024-04-01,2024-04-30,15,mg/L,mon avg,1,120,120,Conducting Study,Addressed w/o Intervention
THE CORPORATION OF THE CITY OF NORTH BAY,Merrick Landfill Site,"LOT:10,11,12, CONCESSION:4,5, GEOTOWNSHIP:MERRICK, NORTH BAY, ON",NORTH BAY,Miscellaneous Industrial,North Bay Area Office,TOTAL AMMONIA NITROGEN,Approval/Permit Non-Compliance,2024-04-01,2024-04-30,2,mg/L,mon avg,1,5.27,5.27,Conducting Study,Addressed w/o Intervention
THE CORPORATION OF THE CITY OF NORTH BAY,Merrick Landfill Site,"LOT:10,11,12, CONCESSION:4,5, GEOTOWNSHIP:MERRICK, NORTH BAY, ON",NORTH BAY,Miscellaneous Industrial,North Bay Area Office,PHENOL,Approval/Permit Non-Compliance,2024-05-01,2024-05-31,0.008,mg/L,mon avg,1,0.01,0.01,Equipment Modified/Repaired,Addressed w/o Intervention
THE CORPORATION OF THE CITY OF NORTH BAY,Merrick Landfill Site,"LOT:10,11,12, CONCESSION:4,5, GEOTOWNSHIP:MERRICK, NORTH BAY, ON",NORTH BAY,Miscellaneous Industrial,North Bay Area Office,IRON,Approval/Permit Non-Compliance,2024-05-01,2024-05-31,5.5,mg/L,mon avg,1,10.16,10.16,Equipment Modified/Repaired,Addressed w/o Intervention
THE CORPORATION OF THE CITY OF NORTH BAY,Merrick Landfill Site,"LOT:10,11,12, CONCESSION:4,5, GEOTOWNSHIP:MERRICK, NORTH BAY, ON",NORTH BAY,Miscellaneous Industrial,North Bay Area Office,"SUSPENDED SOLIDS, TOTAL",Approval/Permit Non-Compliance,2024-05-01,2024-05-31,15,mg/L,mon avg,1,29,29,Equipment Modified/Repaired,Addressed w/o Intervention
THE CORPORATION OF THE CITY OF NORTH BAY,Merrick Landfill Site,"LOT:10,11,12, CONCESSION:4,5, GEOTOWNSHIP:MERRICK, NORTH BAY, ON",NORTH BAY,Miscellaneous Industrial,North Bay Area Office,"SUSPENDED SOLIDS, TOTAL",Approval/Permit Non-Compliance,2024-06-01,2024-06-30,15,mg/L,mon avg,1,53,53,Conducting Study,Addressed w/o Intervention
THE CORPORATION OF THE CITY OF NORTH BAY,Merrick Landfill Site,"LOT:10,11,12, CONCESSION:4,5, GEOTOWNSHIP:MERRICK, NORTH BAY, ON",NORTH BAY,Miscellaneous Industrial,North Bay Area Office,PHENOL,Approval/Permit Non-Compliance,2024-06-01,2024-06-30,0.008,mg/L,mon avg,1,0.018,0.018,Conducting Study,Addressed w/o Intervention
THE CORPORATION OF THE CITY OF NORTH BAY,Merrick Landfill Site,"LOT:10,11,12, CONCESSION:4,5, GEOTOWNSHIP:MERRICK, NORTH BAY, ON",NORTH BAY,Miscellaneous Industrial,North Bay Area Office,IRON,Approval/Permit Non-Compliance,2024-06-01,2024-06-30,5.5,mg/L,mon avg,1,20.5,20.5,Conducting Study,Addressed w/o Intervention
THE CORPORATION OF THE CITY OF NORTH BAY,Merrick Landfill Site,"LOT:10,11,12, CONCESSION:4,5, GEOTOWNSHIP:MERRICK, NORTH BAY, ON",NORTH BAY,Miscellaneous Industrial,North Bay Area Office,PHOSPHORUS; TOTAL,Approval/Permit Non-Compliance,2024-06-01,2024-06-30,0.5,mg/L,mon avg,1,0.75,0.75,Conducting Study,Addressed w/o Intervention
THE CORPORATION OF THE CITY OF NORTH BAY,Merrick Landfill Site,"LOT:10,11,12, CONCESSION:4,5, GEOTOWNSHIP:MERRICK, NORTH BAY, ON",NORTH BAY,Miscellaneous Industrial,North Bay Area Office,"SUSPENDED SOLIDS, TOTAL",Approval/Permit Non-Compliance,2024-07-01,2024-07-31,15,mg/L,mon avg,1,23.7,23.7,Conducting Study,Addressed w/o Intervention
THE CORPORATION OF THE CITY OF NORTH BAY,Merrick Landfill Site,"LOT:10,11,12, CONCESSION:4,5, GEOTOWNSHIP:MERRICK, NORTH BAY, ON",NORTH BAY,Miscellaneous Industrial,North Bay Area Office,PHENOL,Approval/Permit Non-Compliance,2024-07-01,2024-07-31,0.008,mg/L,mon avg,1,0.016,0.016,Conducting Study,Addressed w/o Intervention
THE CORPORATION OF THE CITY OF NORTH BAY,Merrick Landfill Site,"LOT:10,11,12, CONCESSION:4,5, GEOTOWNSHIP:MERRICK, NORTH BAY, ON",NORTH BAY,Miscellaneous Industrial,North Bay Area Office,IRON,Approval/Permit Non-Compliance,2024-07-01,2024-07-31,5.5,mg/L,mon avg,1,8,8,Conducting Study,Addressed w/o Intervention
THE CORPORATION OF THE CITY OF NORTH BAY,Merrick Landfill Site,"LOT:10,11,12, CONCESSION:4,5, GEOTOWNSHIP:MERRICK, NORTH BAY, ON",NORTH BAY,Miscellaneous Industrial,North Bay Area Office,TOTAL AMMONIA NITROGEN,Approval/Permit Non-Compliance,2024-07-01,2024-07-31,2,mg/L,mon avg,1,2.49,2.49,Conducting Study,Addressed w/o Intervention
THE CORPORATION OF THE CITY OF NORTH BAY,Merrick Landfill Site,"LOT:10,11,12, CONCESSION:4,5, GEOTOWNSHIP:MERRICK, NORTH BAY, ON",NORTH BAY,Miscellaneous Industrial,North Bay Area Office,IRON,Approval/Permit Non-Compliance,2024-09-01,2024-09-30,5.5,mg/L,mon avg,1,8.63,8.63,Additional Monitoring Underway,Voluntary Compliance Underway
THE CORPORATION OF THE CITY OF NORTH BAY,Merrick Landfill Site,"LOT:10,11,12, CONCESSION:4,5, GEOTOWNSHIP:MERRICK, NORTH BAY, ON",NORTH BAY,Miscellaneous Industrial,North Bay Area Office,"SUSPENDED SOLIDS, TOTAL",Approval/Permit Non-Compliance,2024-09-01,2024-09-30,15,mg/L,mon avg,1,26.3,26.3,Additional Monitoring Underway,Voluntary Compliance Underway
THE CORPORATION OF THE CITY OF NORTH BAY,Merrick Landfill Site,"LOT:10,11,12, CONCESSION:4,5, GEOTOWNSHIP:MERRICK, NORTH BAY, ON",NORTH BAY,Miscellaneous Industrial,North Bay Area Office,"SUSPENDED SOLIDS, TOTAL",Approval/Permit Non-Compliance,2024-10-01,2024-10-31,15,mg/L,mon avg,1,36.6,36.6,Equipment Modified/Repaired,Voluntary Compliance Underway
THE CORPORATION OF THE CITY OF NORTH BAY,Merrick Landfill Site,"LOT:10,11,12, CONCESSION:4,5, GEOTOWNSHIP:MERRICK, NORTH BAY, ON",NORTH BAY,Miscellaneous Industrial,North Bay Area Office,IRON,Approval/Permit Non-Compliance,2024-10-01,2024-10-31,5.5,mg/L,mon avg,1,13.7,13.7,Equipment Modified/Repaired,Voluntary Compliance Underway
THE CORPORATION OF THE CITY OF NORTH BAY,Merrick Landfill Site,"LOT:10,11,12, CONCESSION:4,5, GEOTOWNSHIP:MERRICK, NORTH BAY, ON",NORTH BAY,Miscellaneous Industrial,North Bay Area Office,"SUSPENDED SOLIDS, TOTAL",Approval/Permit Non-Compliance,2024-11-01,2024-11-30,15,mg/L,mon avg,1,109,109,Equipment Modified/Repaired,Voluntary Compliance Underway
THE CORPORATION OF THE CITY OF NORTH BAY,Merrick Landfill Site,"LOT:10,11,12, CONCESSION:4,5, GEOTOWNSHIP:MERRICK, NORTH BAY, ON",NORTH BAY,Miscellaneous Industrial,North Bay Area Office,IRON,Approval/Permit Non-Compliance,2024-11-01,2024-11-30,5.5,mg/L,mon avg,1,37.1,37.1,Equipment Modified/Repaired,Voluntary Compliance Underway
THE CORPORATION OF THE CITY OF NORTH BAY,Merrick Landfill Site,"LOT:10,11,12, CONCESSION:4,5, GEOTOWNSHIP:MERRICK, NORTH BAY, ON",NORTH BAY,Miscellaneous Industrial,North Bay Area Office,PHOSPHORUS; TOTAL,Approval/Permit Non-Compliance,2024-11-01,2024-11-30,0.5,mg/L,mon avg,1,0.58,0.58,Equipment Modified/Repaired,Voluntary Compliance Underway
THE CORPORATION OF THE CITY OF NORTH BAY,Merrick Landfill Site,"LOT:10,11,12, CONCESSION:4,5, GEOTOWNSHIP:MERRICK, NORTH BAY, ON",NORTH BAY,Miscellaneous Industrial,North Bay Area Office,IRON,Approval/Permit Non-Compliance,2024-12-01,2024-12-31,15,mg/L,mon avg,1,40.4,40.4,Equipment Modified/Repaired,Addressed w/o Intervention
THE CORPORATION OF THE CITY OF NORTH BAY,Merrick Landfill Site,"LOT:10,11,12, CONCESSION:4,5, GEOTOWNSHIP:MERRICK, NORTH BAY, ON",NORTH BAY,Miscellaneous Industrial,North Bay Area Office,"SUSPENDED SOLIDS, TOTAL",Approval/Permit Non-Compliance,2024-12-01,2024-12-31,15,mg/L,mon avg,1,108.3,108.3,Equipment Modified/Repaired,Addressed w/o Intervention
CORPORATION OF THE TOWNSHIP OF RUSSELL,Township of Russell Snow Storage Facility,"LOT 10, CONCESSION 5",RUSSELL,Miscellaneous Industrial,Cornwall Area Office,CHLORIDE,Approval/Permit Non-Compliance,2024-03-04,2024-03-08,1000,mg/L,/week,1,2040,2040,Additional Monitoring Underway,Event Resolved
PLATINUM PRODUCE COMPANY,Platinum Produce Corp.,"21037 COMMUNICATION RD, BLENHEIM, CHATHAM-KENT, ON N0P 1M0",CHATHAM-KENT,Miscellaneous Industrial,Windsor District Office,TOTAL AMMONIA NITROGEN,Approval/Permit Non-Compliance,2024-01-01,2024-06-30,4,mg/L,mon avg,6,4.4,35.7,Action Plan Submitted,Voluntary Compliance Underway
PLATINUM PRODUCE COMPANY,Platinum Produce Corp.,"21037 COMMUNICATION RD, BLENHEIM, CHATHAM-KENT, ON N0P 1M0",CHATHAM-KENT,Miscellaneous Industrial,Windsor District Office,PHOSPHORUS; TOTAL,Approval/Permit Non-Compliance,2024-09-01,2024-09-30,0.7,mg/L,mon avg,1,1,1,Action Plan Submitted,Voluntary Compliance Underway
BRUCE POWER INC.,BRUCE POWER GENERATING STATION B (UNITS 5 - 8),"177 TIE RD, UNITS 5-8, TIVERTON, KINCARDINE, ON N0G 2T0",KINCARDINE,Electric Power Generation,Owen Sound District Office,"SUSPENDED SOLIDS, TOTAL",Approval/Permit Non-Compliance,2024-01-14,2024-01-14,70,mg/L,/day,1,75.2,75.2,Additional Monitoring Underway,Addressed w/o Intervention
BRUCE POWER INC.,BRUCE POWER GENERATING STATION B (UNITS 5 - 8),"177 TIE RD, UNITS 5-8, TIVERTON, KINCARDINE, ON N0G 2T0",KINCARDINE,Electric Power Generation,Owen Sound District Office,"SUSPENDED SOLIDS, TOTAL",Approval/Permit Non-Compliance,2024-01-16,2024-01-16,70,mg/L,/day,1,70.8,70.8,Additional Monitoring Underway,Addressed w/o Intervention
BRUCE POWER INC.,BRUCE POWER GENERATING STATION B (UNITS 5 - 8),"177 TIE RD, UNITS 5-8, TIVERTON, KINCARDINE, ON N0G 2T0",KINCARDINE,Electric Power Generation,Owen Sound District Office,"SUSPENDED SOLIDS, TOTAL",Approval/Permit Non-Compliance,2024-01-18,2024-01-18,70,mg/L,/day,1,72.9,72.9,Additional Monitoring Underway,Addressed w/o Intervention
ONTARIO POWER GENERATION INC.,PICKERING NUCLEAR GENERATING STATION,"1675 MONTGOMERY PARK RD, PICKERING, ON",PICKERING,Electric Power Generation,York Durham District Office,TEMPERATURE,Approval/Permit Non-Compliance,2024-06-23,2024-06-23,32,°C,24 hr avg,1,34,34,Action Plan Submitted,Event Resolved
BRAMPTON BRICK LIMITED/BRIQUE BRAMPTON LIMITEE,Brampton Brick Cheltenham Quarry,"14370 MISSISSAUGA RD, CALEDON, ON L7C 1R2",CALEDON,Miscellaneous Industrial,Halton-Peel District Office,PH - HIGH,Approval/Permit Non-Compliance,2024-06-03,2024-06-07,8.5,pH,/day,3,8.66,9.38,Additional Monitoring Underway,Voluntary Compliance Underway
GERDAU AMERISTEEL CORPORATION,Gerdau Ameristel Corporation - Whitby,"1 GERDAU CRT, WHITBY, ON",WHITBY,Iron and Steel,York Durham District Office,ZINC,Approval/Permit Non-Compliance,2024-09-08,2024-09-08,1.41,kg/d,/day,1,1.44,1.44,Equipment Modified/Repaired,Voluntary Compliance Underway
MAPLE LODGE FARMS LTD.,Maple Lodge Farms Ltd.,"8301 WINSTON CHURCHILL BLVD, BRAMPTON, ON L6Y 0A2",BRAMPTON,Miscellaneous Industrial,Halton-Peel District Office,"AMMONIA, UNIONIZED",Approval/Permit Non-Compliance,2024-07-01,2024-07-31,0.02,mg/L,/mon,1,0.034334,0.034334,Additional Monitoring Underway,Event Resolved
MAPLE LODGE FARMS LTD.,Maple Lodge Farms Ltd.,"8301 WINSTON CHURCHILL BLVD, BRAMPTON, ON L6Y 0A2",BRAMPTON,Miscellaneous Industrial,Halton-Peel District Office,"AMMONIA, UNIONIZED",Approval/Permit Non-Compliance,2024-08-01,2024-08-30,0.02,mg/L,/mon,1,0.026623,0.026623,Additional Monitoring Underway,Event Resolved
STELCO INC.,Stelco Lake Erie Works,"2330 REGIONAL RD 3, HALDIMAND COUNTY, ON N0A 1L0",HALDIMAND COUNTY,Iron and Steel,Hamilton District Office,"SUSPENDED SOLIDS, TOTAL",Approval/Permit Non-Compliance,2024-08-01,2024-08-31,565.5,kg/d,/mon,1,622,622,Equipment Modified/Repaired,Event Resolved
NOVA CHEMICALS CORPORATION,NOVA Chemicals  - St. Clair River Site,"285 ALBERT ST, ST. CLAIR, ON",ST. CLAIR,Organic Chemicals Manufacturing,Sarnia District Office,DISSOLVED ORGANIC CARBON,Approval/Permit Non-Compliance,2024-08-01,2024-08-31,220,kg/d,mon avg,1,223.7,223.7,Resolved w/o Actions Required,Assessment Underway
NOVA CHEMICALS CORPORATION,NOVA Chemicals - Corunna,"785 PETROLIA LINE, ST. CLAIR, ON N0N 1G0",ST. CLAIR,Organic Chemicals Manufacturing,Sarnia District Office,TEMPERATURE,Approval/Permit Non-Compliance,2024-02-07,2024-04-22,10,°C,/day,60,11,17,Resolved w/o Actions Required,Voluntary Compliance Underway
NOVA CHEMICALS CORPORATION,NOVA Chemicals - Corunna,"785 PETROLIA LINE, ST. CLAIR, ON N0N 1G0",ST. CLAIR,Organic Chemicals Manufacturing,Sarnia District Office,TEMPERATURE,Approval/Permit Non-Compliance,2024-04-23,2024-06-23,10,°C,/day,42,11,16,Action Plan Submitted,Voluntary Compliance Underway
NOVA CHEMICALS CORPORATION,NOVA Chemicals  - St. Clair River Site,"285 ALBERT ST, ST. CLAIR, ON",ST. CLAIR,Organic Chemicals Manufacturing,Sarnia District Office,"SUSPENDED SOLIDS, TOTAL",Approval/Permit Non-Compliance,2024-07-16,2024-07-16,1300,kg/d,/day,1,1782,1782,Resolved w/o Actions Required,Event Resolved
TERRA INTERNATIONAL CANADA INC.,CF Industries Courtright Nitrogen Complex,"161 BICKFORD LINE, COURTRIGHT, ST. CLAIR, ON N0N 1H0",ST. CLAIR,Inorganic Chemicals,Sarnia District Office,FLUORIDE,Approval/Permit Non-Compliance,2024-03-06,2024-03-06,4,kg/d,/quarter,1,26.73,26.73,New/Amended Approval,Updated Approval/Permit
VALE CANADA LIMITED VALE CANADA LIMITEE,Garson Mine,"60 MINE RD, GARSON, GREATER SUDBURY, ON P3L 1N6",GREATER SUDBURY,Metal Mining and Refining,Sudbury District Office,"SUSPENDED SOLIDS, TOTAL",Approval/Permit Non-Compliance,2024-12-01,2024-12-31,15,mg/L,mon avg,1,16.6,16.6,New/Modified Sampling Program,Addressed w/o Intervention
VALE CANADA LIMITED VALE CANADA LIMITEE,Garson Mine,"60 MINE RD, GARSON, GREATER SUDBURY, ON P3L 1N6",GREATER SUDBURY,Metal Mining and Refining,Sudbury District Office,"SUSPENDED SOLIDS, TOTAL",Approval/Permit Non-Compliance,2024-12-11,2024-12-16,30,mg/L,/day,1,76.9,76.9,New/Modified Sampling Program,Addressed w/o Intervention
GLENCORE CANADA CORPORATION,Mattabi Mine,"PART:1, 2, 4-6, PLAN:23R-3172, GRAND TRUNK PACIFIC BLOCK 7, ON",GRAND TRUNK PACIFIC BLOCK 7,Metal Mining and Refining,Kenora Area Office,ZINC,Approval/Permit Non-Compliance,2024-07-01,2024-07-29,0.5,mg/L,/mon,1,1,1,Ceased Operations,Voluntary Compliance Underway
ARLANXEO CANADA INC.,ARLANXEO West Site,"1265 VIDAL ST S, SARNIA, ON N7T 7M2",SARNIA,Organic Chemicals Manufacturing,Sarnia District Office,TOTAL HYDROCARBONS (C6-C50),Approval/Permit Non-Compliance,2024-08-03,2024-08-03,5,ppm,/day,2,30.8,31.1,Training Procedure Change,Voluntary Compliance Underway
ALGOMA TUBES INC,Tenaris Algoma Tubes,"547 WALLACE TERR, SAULT STE. MARIE, ON P6C 1L9",SAULT STE. MARIE,Iron and Steel,Sault Ste. Marie Area Office,Acute Lethality - DAPHNIA MAGNA,Approval/Permit Non-Compliance,2024-02-26,2024-02-26,0,acute toxicity,any,1,1,1,Penalty Paid,Penalty Order
ALGOMA TUBES INC,Tenaris Algoma Tubes,"547 WALLACE TERR, SAULT STE. MARIE, ON P6C 1L9",SAULT STE. MARIE,Iron and Steel,Sault Ste. Marie Area Office,Acute Lethality - DAPHNIA MAGNA,Approval/Permit Non-Compliance,2024-03-28,2024-03-28,0,acute toxicity,any,1,1,1,Penalty Paid,Penalty Order
ALGOMA TUBES INC,Tenaris Algoma Tubes,"547 WALLACE TERR, SAULT STE. MARIE, ON P6C 1L9",SAULT STE. MARIE,Iron and Steel,Sault Ste. Marie Area Office,Acute Lethality - DAPHNIA MAGNA,Approval/Permit Non-Compliance,2024-04-24,2024-04-24,0,acute toxicity,any,1,1,1,Penalty Paid,Penalty Order
ALGOMA TUBES INC,Tenaris Algoma Tubes,"547 WALLACE TERR, SAULT STE. MARIE, ON P6C 1L9",SAULT STE. MARIE,Iron and Steel,Sault Ste. Marie Area Office,Acute Lethality - DAPHNIA MAGNA,Approval/Permit Non-Compliance,2024-04-24,2024-04-24,0,acute toxicity,/mon,1,1,1,Penalty Paid,Penalty Order
ALGOMA TUBES INC,Tenaris Algoma Tubes,"547 WALLACE TERR, SAULT STE. MARIE, ON P6C 1L9",SAULT STE. MARIE,Iron and Steel,Sault Ste. Marie Area Office,Acute Lethality - DAPHNIA MAGNA,Approval/Permit Non-Compliance,2024-07-24,2024-07-24,0,acute toxicity,/mon,1,1,1,Penalty Paid,Penalty Order
ALGOMA TUBES INC,Tenaris Algoma Tubes,"547 WALLACE TERR, SAULT STE. MARIE, ON P6C 1L9",SAULT STE. MARIE,Iron and Steel,Sault Ste. Marie Area Office,Acute Lethality - DAPHNIA MAGNA,Approval/Permit Non-Compliance,2024-08-21,2024-08-21,0,acute toxicity,/mon,1,1,1,Penalty Paid,Penalty Order
KIRKLAND LAKE POWER CORP.,KIRKLAND LAKE POWER CORPORATION,"505 ARCHER DR, KIRKLAND LAKE, ON P2N 3M7",KIRKLAND LAKE,Electric Power Generation,Timmins District Office,PHOSPHORUS; TOTAL,Approval/Permit Non-Compliance,2024-04-29,2024-04-29,0.03,kg/d,/day,1,0.048,0.048,New/Amended Approval,Assessment Underway
ALAMOS GOLD INC.,Young-Davidson Mine,"HIGHWAY 556, UNORGANIZED, ON",UNORGANIZED,Metal Mining and Refining,Timmins District Office,Acute Lethality - DAPHNIA MAGNA,Approval/Permit Non-Compliance,2024-01-09,2024-01-09,0,acute toxicity,/mon,1,1,1,Penalty Paid,Penalty Order
ALAMOS GOLD INC.,Young-Davidson Mine,"HIGHWAY 556, UNORGANIZED, ON",UNORGANIZED,Metal Mining and Refining,Timmins District Office,"SUSPENDED SOLIDS, TOTAL",Approval/Permit Non-Compliance,2024-09-30,2024-09-30,30,mg/L,/week,1,30.5,30.5,Resolved w/o Actions Required,Addressed w/o Intervention
ALAMOS GOLD INC.,Magino Gold Project Site,"GOUDREAU RD, FINAN, DUBREUILVILLE, ON P0S 1B0",DUBREUILVILLE,Metal Mining and Refining,Sault Ste. Marie Area Office,PHOSPHORUS; TOTAL,Approval/Permit Non-Compliance,2024-11-13,2024-11-13,0.05,mg/L,daily avg,1,0.0549,0.0549,Additional Monitoring Underway,Voluntary Compliance Underway
ST. MARYS CEMENT INC. (CANADA),Osprey Quarry,"LOT:20, 21, 22, CONCESSION:A, GEOTOWNSHIP:OSPREY, GREY HIGHLANDS, ON",GREY HIGHLANDS,Industrial Minerals,Owen Sound District Office,OIL AND GREASE,Approval/Permit Non-Compliance,2024-08-11,2024-08-11,15,mg/L,/day,1,37,37,Additional Monitoring Underway,Assessment Underway
DOW CHEMICAL CANADA ULC,Dow Scott Road Fly-ash Disposal Site,"LOT:PART OF 16, CONCESSION:3, 4, 5, GEOTOWNSHIP:SARNIA, SARNIA, ON",SARNIA,Miscellaneous Industrial,Sarnia District Office,ZINC,Approval/Permit Non-Compliance,2024-01-09,2024-01-09,0.03,mg/L,bi-annual,1,0.077,0.077,Additional Monitoring Underway,Voluntary Compliance Underway
DOW CHEMICAL CANADA ULC,Dow Scott Road Fly-ash Disposal Site,"LOT:PART OF 16, CONCESSION:3, 4, 5, GEOTOWNSHIP:SARNIA, SARNIA, ON",SARNIA,Miscellaneous Industrial,Sarnia District Office,COBALT,Approval/Permit Non-Compliance,2024-01-09,2024-01-09,0.0009,mg/L,bi-annual,1,0.0018,0.0018,Additional Monitoring Underway,Voluntary Compliance Underway
DOW CHEMICAL CANADA ULC,Dow Scott Road Fly-ash Disposal Site,"LOT:PART OF 16, CONCESSION:3, 4, 5, GEOTOWNSHIP:SARNIA, SARNIA, ON",SARNIA,Miscellaneous Industrial,Sarnia District Office,"SUSPENDED SOLIDS, TOTAL",Approval/Permit Non-Compliance,2024-01-09,2024-01-09,50,mg/L,bi-annual,1,90,90,Additional Monitoring Underway,Voluntary Compliance Underway
WASHINGTON MILLS ELECTRO MINERALS CORPORATION,Washington Mills Electro Minerals Corporation,"7780 STANLEY AVE, NIAGARA FALLS, ON L2E 6X8",NIAGARA FALLS,Industrial Minerals,Niagara District Office,OIL AND GREASE,Approval/Permit Non-Compliance,2024-10-01,2024-10-01,1,mg/L,/quarter,1,2,2,Additional Monitoring Underway,Assessment Underway
"FORD MOTOR COMPANY OF CANADA, LIMITED/FORD DU CANADA LIMITEE",Ford- Essex Engine Plant,"3223 LAUZON PKWY, WINDSOR, ON N8T 3C4",WINDSOR,Miscellaneous Industrial,Windsor District Office,"SUSPENDED SOLIDS, TOTAL",Approval/Permit Non-Compliance,2024-07-13,2024-07-13,15,mg/L,/day,1,17.5,17.5,Additional Monitoring Underway,Voluntary Compliance Underway
"ATLANTIC POWER GP INC., GENERAL PARTNER, ON BEHALF OF ATLANTIC POWER LIMITED PARTNERSHIP",Calstock Power Plant,"LOT:28-26, CONCESSION:4, GEOTOWNSHIP:HEARST, COCHRANE, ON",COCHRANE,Electric Power Generation,Timmins District Office,ALUMINUM,Approval/Permit Non-Compliance,2024-05-14,2024-05-14,1,mg/L,/mon,1,1.2,1.2,Equipment Modified/Repaired,Event Resolved
CASCADES CANADA ULC,Cascades Container Board Packaging Quinte West,"300 MARMORA ST, QUINTE WEST, ON K8V 5R8",QUINTE WEST,Pulp and Paper,Peterborough District Office,PHENOL,Approval/Permit Non-Compliance,2024-08-13,2024-08-13,0.177,kg/d,/day,1,0.1955,0.1955,Equipment Modified/Repaired,Addressed w/o Intervention
WESDOME GOLD MINES LTD.,Eagle River Mine,"PAINT LAKE RD, UNORGANIZED, ON",UNORGANIZED,Metal Mining and Refining,Sault Ste. Marie Area Office,COPPER,Approval/Permit Non-Compliance,2024-03-27,2024-03-27,0.02,mg/L,/day,1,0.022,0.022,Other,Other Action Taken
GWILLIMDALE FARMS LTD.,Gwillimdale Farms Ltd.,"2026 11TH LINE, BRADFORD WEST GWILLIMBURY, ON L3X 2A5",BRADFORD WEST GWILLIMBURY,Miscellaneous Industrial,Barrie District Office,CARBONACEOUS BIOCHEMICAL OXYGEN DEMAND,Approval/Permit Non-Compliance,2024-01-01,2024-01-31,25,mg/L,mon avg,1,218.6,218.6,New/Amended Approval,Voluntary Compliance Underway
GWILLIMDALE FARMS LTD.,Gwillimdale Farms Ltd.,"2026 11TH LINE, BRADFORD WEST GWILLIMBURY, ON L3X 2A5",BRADFORD WEST GWILLIMBURY,Miscellaneous Industrial,Barrie District Office,"SUSPENDED SOLIDS, TOTAL",Approval/Permit Non-Compliance,2024-01-01,2024-01-31,25,mg/L,mon avg,1,94.06,94.06,New/Amended Approval,Voluntary Compliance Underway
GWILLIMDALE FARMS LTD.,Gwillimdale Farms Ltd.,"2026 11TH LINE, BRADFORD WEST GWILLIMBURY, ON L3X 2A5",BRADFORD WEST GWILLIMBURY,Miscellaneous Industrial,Barrie District Office,PHOSPHORUS; TOTAL,Approval/Permit Non-Compliance,2024-01-01,2024-01-31,1,mg/L,mon avg,1,2.76,2.76,New/Amended Approval,Voluntary Compliance Underway
GWILLIMDALE FARMS LTD.,Gwillimdale Farms Ltd.,"2026 11TH LINE, BRADFORD WEST GWILLIMBURY, ON L3X 2A5",BRADFORD WEST GWILLIMBURY,Miscellaneous Industrial,Barrie District Office,"SUSPENDED SOLIDS, TOTAL",Approval/Permit Non-Compliance,2024-02-01,2024-02-29,25,mg/L,mon avg,1,59.675,59.675,New/Amended Approval,Voluntary Compliance Underway
GWILLIMDALE FARMS LTD.,Gwillimdale Farms Ltd.,"2026 11TH LINE, BRADFORD WEST GWILLIMBURY, ON L3X 2A5",BRADFORD WEST GWILLIMBURY,Miscellaneous Industrial,Barrie District Office,CARBONACEOUS BIOCHEMICAL OXYGEN DEMAND,Approval/Permit Non-Compliance,2024-02-01,2024-02-29,25,mg/L,mon avg,1,208,208,New/Amended Approval,Voluntary Compliance Underway
GWILLIMDALE FARMS LTD.,Gwillimdale Farms Ltd.,"2026 11TH LINE, BRADFORD WEST GWILLIMBURY, ON L3X 2A5",BRADFORD WEST GWILLIMBURY,Miscellaneous Industrial,Barrie District Office,PHOSPHORUS; TOTAL,Approval/Permit Non-Compliance,2024-02-01,2024-02-29,1,mg/L,mon avg,1,2.42,2.42,New/Amended Approval,Voluntary Compliance Underway
GWILLIMDALE FARMS LTD.,Gwillimdale Farms Ltd.,"2026 11TH LINE, BRADFORD WEST GWILLIMBURY, ON L3X 2A5",BRADFORD WEST GWILLIMBURY,Miscellaneous Industrial,Barrie District Office,"SUSPENDED SOLIDS, TOTAL",Approval/Permit Non-Compliance,2024-03-01,2024-03-31,25,mg/L,mon avg,1,61.18,61.18,New/Amended Approval,Voluntary Compliance Underway
GWILLIMDALE FARMS LTD.,Gwillimdale Farms Ltd.,"2026 11TH LINE, BRADFORD WEST GWILLIMBURY, ON L3X 2A5",BRADFORD WEST GWILLIMBURY,Miscellaneous Industrial,Barrie District Office,CARBONACEOUS BIOCHEMICAL OXYGEN DEMAND,Approval/Permit Non-Compliance,2024-03-01,2024-03-31,25,mg/L,mon avg,1,134.5,134.5,New/Amended Approval,Voluntary Compliance Underway
GWILLIMDALE FARMS LTD.,Gwillimdale Farms Ltd.,"2026 11TH LINE, BRADFORD WEST GWILLIMBURY, ON L3X 2A5",BRADFORD WEST GWILLIMBURY,Miscellaneous Industrial,Barrie District Office,PHOSPHORUS; TOTAL,Approval/Permit Non-Compliance,2024-03-01,2024-03-31,1,mg/L,mon avg,1,1,1,New/Amended Approval,Voluntary Compliance Underway
GWILLIMDALE FARMS LTD.,Gwillimdale Farms Ltd.,"2026 11TH LINE, BRADFORD WEST GWILLIMBURY, ON L3X 2A5",BRADFORD WEST GWILLIMBURY,Miscellaneous Industrial,Barrie District Office,PHOSPHORUS; TOTAL,Approval/Permit Non-Compliance,2024-04-01,2024-04-30,1,mg/L,mon avg,1,1.878,1.878,New/Amended Approval,Voluntary Compliance Underway
GWILLIMDALE FARMS LTD.,Gwillimdale Farms Ltd.,"2026 11TH LINE, BRADFORD WEST GWILLIMBURY, ON L3X 2A5",BRADFORD WEST GWILLIMBURY,Miscellaneous Industrial,Barrie District Office,"SUSPENDED SOLIDS, TOTAL",Approval/Permit Non-Compliance,2024-04-01,2024-04-30,25,mg/L,mon avg,1,57.04,57.04,New/Amended Approval,Voluntary Compliance Underway
GWILLIMDALE FARMS LTD.,Gwillimdale Farms Ltd.,"2026 11TH LINE, BRADFORD WEST GWILLIMBURY, ON L3X 2A5",BRADFORD WEST GWILLIMBURY,Miscellaneous Industrial,Barrie District Office,CARBONACEOUS BIOCHEMICAL OXYGEN DEMAND,Approval/Permit Non-Compliance,2024-04-01,2024-04-30,25,mg/L,mon avg,1,157.16,157.16,New/Amended Approval,Voluntary Compliance Underway
GWILLIMDALE FARMS LTD.,Gwillimdale Farms Ltd.,"2026 11TH LINE, BRADFORD WEST GWILLIMBURY, ON L3X 2A5",BRADFORD WEST GWILLIMBURY,Miscellaneous Industrial,Barrie District Office,"SUSPENDED SOLIDS, TOTAL",Approval/Permit Non-Compliance,2024-06-01,2024-06-30,25,mg/L,mon avg,1,44.1,44.1,New/Amended Approval,Voluntary Compliance Underway
GWILLIMDALE FARMS LTD.,Gwillimdale Farms Ltd.,"2026 11TH LINE, BRADFORD WEST GWILLIMBURY, ON L3X 2A5",BRADFORD WEST GWILLIMBURY,Miscellaneous Industrial,Barrie District Office,CARBONACEOUS BIOCHEMICAL OXYGEN DEMAND,Approval/Permit Non-Compliance,2024-06-01,2024-06-30,25,mg/L,mon avg,1,50.28,50.28,New/Amended Approval,Voluntary Compliance Underway
GWILLIMDALE FARMS LTD.,Gwillimdale Farms Ltd.,"2026 11TH LINE, BRADFORD WEST GWILLIMBURY, ON L3X 2A5",BRADFORD WEST GWILLIMBURY,Miscellaneous Industrial,Barrie District Office,PHOSPHORUS; TOTAL,Approval/Permit Non-Compliance,2024-06-01,2024-06-30,1,mg/L,mon avg,1,2.03,2.03,New/Amended Approval,Voluntary Compliance Underway
GWILLIMDALE FARMS LTD.,Gwillimdale Farms Ltd.,"2026 11TH LINE, BRADFORD WEST GWILLIMBURY, ON L3X 2A5",BRADFORD WEST GWILLIMBURY,Miscellaneous Industrial,Barrie District Office,"SUSPENDED SOLIDS, TOTAL",Approval/Permit Non-Compliance,2024-07-01,2024-07-31,25,mg/L,/mon,1,45.86,45.86,New/Amended Approval,Voluntary Compliance Underway
GWILLIMDALE FARMS LTD.,Gwillimdale Farms Ltd.,"2026 11TH LINE, BRADFORD WEST GWILLIMBURY, ON L3X 2A5",BRADFORD WEST GWILLIMBURY,Miscellaneous Industrial,Barrie District Office,PHOSPHORUS; TOTAL,Approval/Permit Non-Compliance,2024-07-01,2024-07-31,1,mg/L,mon avg,1,1.58,1.58,New/Amended Approval,Voluntary Compliance Underway
GWILLIMDALE FARMS LTD.,Gwillimdale Farms Ltd.,"2026 11TH LINE, BRADFORD WEST GWILLIMBURY, ON L3X 2A5",BRADFORD WEST GWILLIMBURY,Miscellaneous Industrial,Barrie District Office,"SUSPENDED SOLIDS, TOTAL",Approval/Permit Non-Compliance,2024-08-01,2024-08-31,25,mg/L,/mon,1,34.13,34.13,Equipment Modified/Repaired,Voluntary Compliance Underway
GWILLIMDALE FARMS LTD.,Gwillimdale Farms Ltd.,"2026 11TH LINE, BRADFORD WEST GWILLIMBURY, ON L3X 2A5",BRADFORD WEST GWILLIMBURY,Miscellaneous Industrial,Barrie District Office,CARBONACEOUS BIOCHEMICAL OXYGEN DEMAND,Approval/Permit Non-Compliance,2024-08-01,2024-08-31,25,mg/L,/mon,1,64.18,64.18,Equipment Modified/Repaired,Voluntary Compliance Underway
GWILLIMDALE FARMS LTD.,Gwillimdale Farms Ltd.,"2026 11TH LINE, BRADFORD WEST GWILLIMBURY, ON L3X 2A5",BRADFORD WEST GWILLIMBURY,Miscellaneous Industrial,Barrie District Office,PHOSPHORUS; TOTAL,Approval/Permit Non-Compliance,2024-08-01,2024-08-31,1,mg/L,/mon,1,2.66,2.66,Equipment Modified/Repaired,Voluntary Compliance Underway
GWILLIMDALE FARMS LTD.,Gwillimdale Farms Ltd.,"2026 11TH LINE, BRADFORD WEST GWILLIMBURY, ON L3X 2A5",BRADFORD WEST GWILLIMBURY,Miscellaneous Industrial,Barrie District Office,PHOSPHORUS; TOTAL,Approval/Permit Non-Compliance,2024-09-01,2024-09-30,1,µg/L,mon avg,1,2.64,2.64,New/Amended Approval,Voluntary Compliance Underway
GWILLIMDALE FARMS LTD.,Gwillimdale Farms Ltd.,"2026 11TH LINE, BRADFORD WEST GWILLIMBURY, ON L3X 2A5",BRADFORD WEST GWILLIMBURY,Miscellaneous Industrial,Barrie District Office,CARBONACEOUS BIOCHEMICAL OXYGEN DEMAND,Approval/Permit Non-Compliance,2024-09-01,2024-09-30,25,µg/L,mon avg,1,79.83,79.83,New/Amended Approval,Voluntary Compliance Underway
GWILLIMDALE FARMS LTD.,Gwillimdale Farms Ltd.,"2026 11TH LINE, BRADFORD WEST GWILLIMBURY, ON L3X 2A5",BRADFORD WEST GWILLIMBURY,Miscellaneous Industrial,Barrie District Office,"SUSPENDED SOLIDS, TOTAL",Approval/Permit Non-Compliance,2024-09-01,2024-09-30,25,µg/L,mon avg,1,33.3,33.3,New/Amended Approval,Voluntary Compliance Underway
GWILLIMDALE FARMS LTD.,Gwillimdale Farms Ltd.,"2026 11TH LINE, BRADFORD WEST GWILLIMBURY, ON L3X 2A5",BRADFORD WEST GWILLIMBURY,Miscellaneous Industrial,Barrie District Office,CARBONACEOUS BIOCHEMICAL OXYGEN DEMAND,Approval/Permit Non-Compliance,2024-10-01,2024-10-31,25,mg/L,mon avg,1,78.46,78.46,Action Plan Submitted,Voluntary Compliance Underway
GWILLIMDALE FARMS LTD.,Gwillimdale Farms Ltd.,"2026 11TH LINE, BRADFORD WEST GWILLIMBURY, ON L3X 2A5",BRADFORD WEST GWILLIMBURY,Miscellaneous Industrial,Barrie District Office,PHOSPHORUS; TOTAL,Approval/Permit Non-Compliance,2024-10-01,2024-10-31,1,mg/L,mon avg,1,2.36,2.36,Action Plan Submitted,Voluntary Compliance Underway
GWILLIMDALE FARMS LTD.,Gwillimdale Farms Ltd.,"2026 11TH LINE, BRADFORD WEST GWILLIMBURY, ON L3X 2A5",BRADFORD WEST GWILLIMBURY,Miscellaneous Industrial,Barrie District Office,"SUSPENDED SOLIDS, TOTAL",Approval/Permit Non-Compliance,2024-10-01,2024-10-31,25,mg/L,mon avg,1,68.6,68.6,Action Plan Submitted,Voluntary Compliance Underway
GWILLIMDALE FARMS LTD.,Gwillimdale Farms Ltd.,"2026 11TH LINE, BRADFORD WEST GWILLIMBURY, ON L3X 2A5",BRADFORD WEST GWILLIMBURY,Miscellaneous Industrial,Barrie District Office,"SUSPENDED SOLIDS, TOTAL",Approval/Permit Non-Compliance,2024-11-01,2024-11-30,25,mg/L,mon avg,1,103.3,103.3,New/Amended Approval,Voluntary Compliance Underway
GWILLIMDALE FARMS LTD.,Gwillimdale Farms Ltd.,"2026 11TH LINE, BRADFORD WEST GWILLIMBURY, ON L3X 2A5",BRADFORD WEST GWILLIMBURY,Miscellaneous Industrial,Barrie District Office,CARBONACEOUS BIOCHEMICAL OXYGEN DEMAND,Approval/Permit Non-Compliance,2024-11-01,2024-11-30,25,mg/L,mon avg,1,97.45,97.45,New/Amended Approval,Voluntary Compliance Underway
GWILLIMDALE FARMS LTD.,Gwillimdale Farms Ltd.,"2026 11TH LINE, BRADFORD WEST GWILLIMBURY, ON L3X 2A5",BRADFORD WEST GWILLIMBURY,Miscellaneous Industrial,Barrie District Office,PHOSPHORUS; TOTAL,Approval/Permit Non-Compliance,2024-11-01,2024-11-30,1,mg/L,mon avg,1,2.42,2.42,New/Amended Approval,Voluntary Compliance Underway
GWILLIMDALE FARMS LTD.,Gwillimdale Farms Ltd.,"2026 11TH LINE, BRADFORD WEST GWILLIMBURY, ON L3X 2A5",BRADFORD WEST GWILLIMBURY,Miscellaneous Industrial,Barrie District Office,PHOSPHORUS; TOTAL,Approval/Permit Non-Compliance,2024-12-01,2024-12-31,1,mg/L,mon avg,1,3.88,3.88,New/Amended Approval,Voluntary Compliance Underway
GWILLIMDALE FARMS LTD.,Gwillimdale Farms Ltd.,"2026 11TH LINE, BRADFORD WEST GWILLIMBURY, ON L3X 2A5",BRADFORD WEST GWILLIMBURY,Miscellaneous Industrial,Barrie District Office,CARBONACEOUS BIOCHEMICAL OXYGEN DEMAND,Approval/Permit Non-Compliance,2024-12-01,2024-12-31,25,mg/L,mon avg,1,223,223,New/Amended Approval,Voluntary Compliance Underway
GWILLIMDALE FARMS LTD.,Gwillimdale Farms Ltd.,"2026 11TH LINE, BRADFORD WEST GWILLIMBURY, ON L3X 2A5",BRADFORD WEST GWILLIMBURY,Miscellaneous Industrial,Barrie District Office,"SUSPENDED SOLIDS, TOTAL",Approval/Permit Non-Compliance,2024-12-01,2024-12-31,25,mg/L,mon avg,1,211.4,211.4,New/Amended Approval,Voluntary Compliance Underway
THE VALLEY GROUP (ST. MARY'S) INC.,Chicopee Tube Park,"1600 RIVER RD E, KITCHENER, ON",KITCHENER,Miscellaneous Industrial,Guelph District Office,NITRATE (AS NITROGEN),Approval/Permit Non-Compliance,2024-01-10,2024-09-05,7,mg/L,bi-weekly,5,21.4,50.2,Action Plan Submitted,Assessment Underway
ARCELORMITTAL CANADA INC. AND ARCELORMITTAL CANADA MP INC. ARCELORMITTAL CANADA PM INC. CARRYING ON,ArcelorMittal Dofasco - 1330 BURLINGTON ST E,"1330 BURLINGTON ST E, HAMILTON, ON L8N 3J5",HAMILTON,Iron and Steel,Hamilton District Office,ZINC,Legislation Non-Compliance,2024-05-01,2024-05-31,0.0587,mg/L,mon avg,1,0.0788,0.0788,Additional Monitoring Underway,Addressed w/o Intervention
ARCELORMITTAL CANADA INC. AND ARCELORMITTAL CANADA MP INC. ARCELORMITTAL CANADA PM INC. CARRYING ON,ArcelorMittal Dofasco - 1330 BURLINGTON ST E,"1330 BURLINGTON ST E, HAMILTON, ON L8N 3J5",HAMILTON,Iron and Steel,Hamilton District Office,IRON,Approval/Permit Non-Compliance,2024-05-01,2024-07-31,1.047,mg/L,mon avg,1,1.2125,1.2125,Additional Monitoring Underway,Addressed w/o Intervention
GROUPE CRH CANADA INC./CRH CANADA GROUP INC.,Mississauga Cement Plant (Ash Grove),"2391 LAKESHORE RD W, MISSISSAUGA, ON",MISSISSAUGA,Industrial Minerals,Halton-Peel District Office,"SUSPENDED SOLIDS, TOTAL",Approval/Permit Non-Compliance,2024-01-09,2024-12-31,25,mg/L,/day,7,58.7,232.6,Action Plan Submitted,Addressed w/o Intervention
GROUPE CRH CANADA INC./CRH CANADA GROUP INC.,Mississauga Cement Plant (Ash Grove),"2391 LAKESHORE RD W, MISSISSAUGA, ON",MISSISSAUGA,Industrial Minerals,Halton-Peel District Office,"SUSPENDED SOLIDS, TOTAL",Approval/Permit Non-Compliance,2024-04-01,2024-12-31,25,mg/L,mon avg,5,31.28,89.26,Action Plan Submitted,Addressed w/o Intervention
"ONTARIO GRAPHITE, LTD.",Kearney Mine,"LOT:7, CONCESSION:10, GEOTOWNSHIP:BUTT, KEARNEY, ON",KEARNEY,Metal Mining and Refining,North Bay Area Office,PH - LOW,Approval/Permit Non-Compliance,2024-01-02,2024-01-03,6,pH,any,2,5.8,5.9,Equipment Modified/Repaired,Director’s Order
"ONTARIO GRAPHITE, LTD.",Kearney Mine,"LOT:7, CONCESSION:10, GEOTOWNSHIP:BUTT, KEARNEY, ON",KEARNEY,Metal Mining and Refining,North Bay Area Office,PH - HIGH,Approval/Permit Non-Compliance,2024-01-13,2024-01-13,9,pH,/day,1,9.4,9.4,Operational Process Modified,Director’s Order
"ONTARIO GRAPHITE, LTD.",Kearney Mine,"LOT:7, CONCESSION:10, GEOTOWNSHIP:BUTT, KEARNEY, ON",KEARNEY,Metal Mining and Refining,North Bay Area Office,PH - HIGH,Approval/Permit Non-Compliance,2024-01-14,2024-01-14,9,pH,/day,1,9.3,9.3,Operational Process Modified,Director’s Order
"ONTARIO GRAPHITE, LTD.",Kearney Mine,"LOT:7, CONCESSION:10, GEOTOWNSHIP:BUTT, KEARNEY, ON",KEARNEY,Metal Mining and Refining,North Bay Area Office,PH - HIGH,Approval/Permit Non-Compliance,2024-01-15,2024-01-15,9,pH,/day,1,9.3,9.3,Operational Process Modified,Director’s Order
"ONTARIO GRAPHITE, LTD.",Kearney Mine,"LOT:7, CONCESSION:10, GEOTOWNSHIP:BUTT, KEARNEY, ON",KEARNEY,Metal Mining and Refining,North Bay Area Office,Acute Lethality - DAPHNIA MAGNA,Approval/Permit Non-Compliance,2024-01-17,2024-01-17,0,acute toxicity,/mon,1,1,1,Penalty to be paid,Penalty Order
"ONTARIO GRAPHITE, LTD.",Kearney Mine,"LOT:7, CONCESSION:10, GEOTOWNSHIP:BUTT, KEARNEY, ON",KEARNEY,Metal Mining and Refining,North Bay Area Office,Acute Lethality - Rainbow Trout,Approval/Permit Non-Compliance,2024-01-17,2024-01-17,0,acute toxicity,/mon,1,1,1,Penalty to be paid,Penalty Order
"ONTARIO GRAPHITE, LTD.",Kearney Mine,"LOT:7, CONCESSION:10, GEOTOWNSHIP:BUTT, KEARNEY, ON",KEARNEY,Metal Mining and Refining,North Bay Area Office,PH - LOW,Approval/Permit Non-Compliance,2024-01-17,2024-01-17,6,pH,/day,1,5.8,5.8,Operational Process Modified,Director’s Order
"ONTARIO GRAPHITE, LTD.",Kearney Mine,"LOT:7, CONCESSION:10, GEOTOWNSHIP:BUTT, KEARNEY, ON",KEARNEY,Metal Mining and Refining,North Bay Area Office,ZINC,Approval/Permit Non-Compliance,2024-01-17,2024-01-17,0.2,mg/L,/day,1,0.262,0.262,Penalty to be paid,Penalty Order
"ONTARIO GRAPHITE, LTD.",Kearney Mine,"LOT:7, CONCESSION:10, GEOTOWNSHIP:BUTT, KEARNEY, ON",KEARNEY,Metal Mining and Refining,North Bay Area Office,NICKEL,Approval/Permit Non-Compliance,2024-01-17,2024-01-17,0.2,mg/L,/day,1,0.22,0.22,Penalty to be paid,Penalty Order
"ONTARIO GRAPHITE, LTD.",Kearney Mine,"LOT:7, CONCESSION:10, GEOTOWNSHIP:BUTT, KEARNEY, ON",KEARNEY,Metal Mining and Refining,North Bay Area Office,PH - LOW,Approval/Permit Non-Compliance,2024-01-18,2024-01-18,6,pH,/day,1,5.8,5.8,Operational Process Modified,Director’s Order
"ONTARIO GRAPHITE, LTD.",Kearney Mine,"LOT:7, CONCESSION:10, GEOTOWNSHIP:BUTT, KEARNEY, ON",KEARNEY,Metal Mining and Refining,North Bay Area Office,PH - LOW,Approval/Permit Non-Compliance,2024-01-19,2024-01-19,6,pH,/day,1,5.9,5.9,Operational Process Modified,Director’s Order
"ONTARIO GRAPHITE, LTD.",Kearney Mine,"LOT:7, CONCESSION:10, GEOTOWNSHIP:BUTT, KEARNEY, ON",KEARNEY,Metal Mining and Refining,North Bay Area Office,NICKEL,Approval/Permit Non-Compliance,2024-02-01,2024-02-29,0.1,mg/L,mon avg,1,0.11,0.11,New/Modified Sampling Program,Director’s Order
"ONTARIO GRAPHITE, LTD.",Kearney Mine,"LOT:7, CONCESSION:10, GEOTOWNSHIP:BUTT, KEARNEY, ON",KEARNEY,Metal Mining and Refining,North Bay Area Office,PH - LOW,Approval/Permit Non-Compliance,2024-02-10,2024-02-10,6,pH,any,1,5.9,5.9,Equipment Modified/Repaired,Director’s Order
"ONTARIO GRAPHITE, LTD.",Kearney Mine,"LOT:7, CONCESSION:10, GEOTOWNSHIP:BUTT, KEARNEY, ON",KEARNEY,Metal Mining and Refining,North Bay Area Office,PH - LOW,Approval/Permit Non-Compliance,2024-02-11,2024-02-11,6,pH,/day,1,5.9,5.9,Equipment Modified/Repaired,Director’s Order
"ONTARIO GRAPHITE, LTD.",Kearney Mine,"LOT:7, CONCESSION:10, GEOTOWNSHIP:BUTT, KEARNEY, ON",KEARNEY,Metal Mining and Refining,North Bay Area Office,PH - LOW,Approval/Permit Non-Compliance,2024-02-13,2024-02-13,6,pH,/day,1,5.7,5.7,Equipment Modified/Repaired,Director’s Order
"ONTARIO GRAPHITE, LTD.",Kearney Mine,"LOT:7, CONCESSION:10, GEOTOWNSHIP:BUTT, KEARNEY, ON",KEARNEY,Metal Mining and Refining,North Bay Area Office,PH - LOW,Approval/Permit Non-Compliance,2024-02-14,2024-02-14,6,pH,/day,1,5.6,5.6,Equipment Modified/Repaired,Director’s Order
"ONTARIO GRAPHITE, LTD.",Kearney Mine,"LOT:7, CONCESSION:10, GEOTOWNSHIP:BUTT, KEARNEY, ON",KEARNEY,Metal Mining and Refining,North Bay Area Office,PH - LOW,Approval/Permit Non-Compliance,2024-02-15,2024-02-15,6,pH,/day,1,5.7,5.7,Equipment Modified/Repaired,Director’s Order
"ONTARIO GRAPHITE, LTD.",Kearney Mine,"LOT:7, CONCESSION:10, GEOTOWNSHIP:BUTT, KEARNEY, ON",KEARNEY,Metal Mining and Refining,North Bay Area Office,PH - LOW,Approval/Permit Non-Compliance,2024-02-17,2024-02-17,6,pH,/day,1,5.8,5.8,Equipment Modified/Repaired,Director’s Order
"ONTARIO GRAPHITE, LTD.",Kearney Mine,"LOT:7, CONCESSION:10, GEOTOWNSHIP:BUTT, KEARNEY, ON",KEARNEY,Metal Mining and Refining,North Bay Area Office,PH - LOW,Approval/Permit Non-Compliance,2024-02-18,2024-02-18,6,pH,/day,1,5.4,5.4,Equipment Modified/Repaired,Director’s Order
"ONTARIO GRAPHITE, LTD.",Kearney Mine,"LOT:7, CONCESSION:10, GEOTOWNSHIP:BUTT, KEARNEY, ON",KEARNEY,Metal Mining and Refining,North Bay Area Office,PH - LOW,Approval/Permit Non-Compliance,2024-02-19,2024-02-19,6,pH,/day,1,5.4,5.4,Equipment Modified/Repaired,Director’s Order
"ONTARIO GRAPHITE, LTD.",Kearney Mine,"LOT:7, CONCESSION:10, GEOTOWNSHIP:BUTT, KEARNEY, ON",KEARNEY,Metal Mining and Refining,North Bay Area Office,PH - LOW,Approval/Permit Non-Compliance,2024-02-20,2024-02-20,6,pH,/day,1,5.9,5.9,Equipment Modified/Repaired,Director’s Order
"ONTARIO GRAPHITE, LTD.",Kearney Mine,"LOT:7, CONCESSION:10, GEOTOWNSHIP:BUTT, KEARNEY, ON",KEARNEY,Metal Mining and Refining,North Bay Area Office,PH - HIGH,Approval/Permit Non-Compliance,2024-02-22,2024-02-22,9,pH,/day,1,9.1,9.1,Equipment Modified/Repaired,Director’s Order
"ONTARIO GRAPHITE, LTD.",Kearney Mine,"LOT:7, CONCESSION:10, GEOTOWNSHIP:BUTT, KEARNEY, ON",KEARNEY,Metal Mining and Refining,North Bay Area Office,PH - LOW,Approval/Permit Non-Compliance,2024-02-25,2024-02-25,6,pH,/day,1,5.8,5.8,Equipment Modified/Repaired,Director’s Order
"ONTARIO GRAPHITE, LTD.",Kearney Mine,"LOT:7, CONCESSION:10, GEOTOWNSHIP:BUTT, KEARNEY, ON",KEARNEY,Metal Mining and Refining,North Bay Area Office,PH - LOW,Approval/Permit Non-Compliance,2024-02-26,2024-02-26,6,pH,/day,1,5.8,5.8,New/Modified Sampling Program,Director’s Order
"ONTARIO GRAPHITE, LTD.",Kearney Mine,"LOT:7, CONCESSION:10, GEOTOWNSHIP:BUTT, KEARNEY, ON",KEARNEY,Metal Mining and Refining,North Bay Area Office,PH - LOW,Approval/Permit Non-Compliance,2024-02-28,2024-02-28,6,pH,/day,1,5.8,5.8,New/Modified Sampling Program,Director’s Order
"ONTARIO GRAPHITE, LTD.",Kearney Mine,"LOT:7, CONCESSION:10, GEOTOWNSHIP:BUTT, KEARNEY, ON",KEARNEY,Metal Mining and Refining,North Bay Area Office,PH - LOW,Approval/Permit Non-Compliance,2024-02-29,2024-02-29,6,pH,/day,1,4.7,4.7,New/Modified Sampling Program,Director’s Order
"ONTARIO GRAPHITE, LTD.",Kearney Mine,"LOT:7, CONCESSION:10, GEOTOWNSHIP:BUTT, KEARNEY, ON",KEARNEY,Metal Mining and Refining,North Bay Area Office,PH - LOW,Approval/Permit Non-Compliance,2024-03-01,2024-03-01,6,pH,/day,1,4.6,4.6,New/Modified Sampling Program,Director’s Order
"ONTARIO GRAPHITE, LTD.",Kearney Mine,"LOT:7, CONCESSION:10, GEOTOWNSHIP:BUTT, KEARNEY, ON",KEARNEY,Metal Mining and Refining,North Bay Area Office,IRON,Approval/Permit Non-Compliance,2024-03-01,2024-03-31,1,mg/L,mon avg,1,1.92,1.92,Operational Process Modified,Director’s Order
"ONTARIO GRAPHITE, LTD.",Kearney Mine,"LOT:7, CONCESSION:10, GEOTOWNSHIP:BUTT, KEARNEY, ON",KEARNEY,Metal Mining and Refining,North Bay Area Office,PH - LOW,Approval/Permit Non-Compliance,2024-03-02,2024-03-02,6,pH,/day,1,4.7,4.7,New/Modified Sampling Program,Director’s Order
"ONTARIO GRAPHITE, LTD.",Kearney Mine,"LOT:7, CONCESSION:10, GEOTOWNSHIP:BUTT, KEARNEY, ON",KEARNEY,Metal Mining and Refining,North Bay Area Office,IRON,Approval/Permit Non-Compliance,2024-03-08,2024-03-08,2,mg/L,/day,1,5.3,5.3,Operational Process Modified,Director’s Order
"ONTARIO GRAPHITE, LTD.",Kearney Mine,"LOT:7, CONCESSION:10, GEOTOWNSHIP:BUTT, KEARNEY, ON",KEARNEY,Metal Mining and Refining,North Bay Area Office,PH - HIGH,Approval/Permit Non-Compliance,2024-03-13,2024-03-13,9,pH,/day,1,9.8,9.8,Equipment Modified/Repaired,Director’s Order
"ONTARIO GRAPHITE, LTD.",Kearney Mine,"LOT:7, CONCESSION:10, GEOTOWNSHIP:BUTT, KEARNEY, ON",KEARNEY,Metal Mining and Refining,North Bay Area Office,PH - HIGH,Approval/Permit Non-Compliance,2024-03-14,2024-03-14,9,pH,/day,1,9.4,9.4,Equipment Modified/Repaired,Director’s Order
"ONTARIO GRAPHITE, LTD.",Kearney Mine,"LOT:7, CONCESSION:10, GEOTOWNSHIP:BUTT, KEARNEY, ON",KEARNEY,Metal Mining and Refining,North Bay Area Office,PH - HIGH,Approval/Permit Non-Compliance,2024-03-15,2024-03-15,9,pH,/day,1,11.1,11.1,Equipment Modified/Repaired,Director’s Order
"ONTARIO GRAPHITE, LTD.",Kearney Mine,"LOT:7, CONCESSION:10, GEOTOWNSHIP:BUTT, KEARNEY, ON",KEARNEY,Metal Mining and Refining,North Bay Area Office,PH - HIGH,Approval/Permit Non-Compliance,2024-03-16,2024-03-16,9,pH,/day,1,10.5,10.5,Equipment Modified/Repaired,Director’s Order
"ONTARIO GRAPHITE, LTD.",Kearney Mine,"LOT:7, CONCESSION:10, GEOTOWNSHIP:BUTT, KEARNEY, ON",KEARNEY,Metal Mining and Refining,North Bay Area Office,PH - LOW,Approval/Permit Non-Compliance,2024-03-23,2024-03-23,6,pH,/day,1,3.8,3.8,Resolved w/o Actions Required,Director’s Order
"ONTARIO GRAPHITE, LTD.",Kearney Mine,"LOT:7, CONCESSION:10, GEOTOWNSHIP:BUTT, KEARNEY, ON",KEARNEY,Metal Mining and Refining,North Bay Area Office,PH - LOW,Approval/Permit Non-Compliance,2024-03-24,2024-03-24,6,pH,/day,1,4.3,4.3,Operational Process Modified,Director’s Order
"ONTARIO GRAPHITE, LTD.",Kearney Mine,"LOT:7, CONCESSION:10, GEOTOWNSHIP:BUTT, KEARNEY, ON",KEARNEY,Metal Mining and Refining,North Bay Area Office,PH - LOW,Approval/Permit Non-Compliance,2024-03-25,2024-03-25,6,pH,/day,1,2.7,2.7,Operational Process Modified,Director’s Order
"ONTARIO GRAPHITE, LTD.",Kearney Mine,"LOT:7, CONCESSION:10, GEOTOWNSHIP:BUTT, KEARNEY, ON",KEARNEY,Metal Mining and Refining,North Bay Area Office,NICKEL,Approval/Permit Non-Compliance,2024-03-25,2024-03-25,0.1,mg/L,/day,1,0.23,0.23,New/Modified Sampling Program,Director’s Order
"ONTARIO GRAPHITE, LTD.",Kearney Mine,"LOT:7, CONCESSION:10, GEOTOWNSHIP:BUTT, KEARNEY, ON",KEARNEY,Metal Mining and Refining,North Bay Area Office,IRON,Approval/Permit Non-Compliance,2024-03-25,2024-03-25,2,mg/L,/day,1,12.2,12.2,New/Modified Sampling Program,Director’s Order
"ONTARIO GRAPHITE, LTD.",Kearney Mine,"LOT:7, CONCESSION:10, GEOTOWNSHIP:BUTT, KEARNEY, ON",KEARNEY,Metal Mining and Refining,North Bay Area Office,PH - LOW,Approval/Permit Non-Compliance,2024-03-26,2024-03-26,6,pH,/day,1,2.8,2.8,Operational Process Modified,Director’s Order
"ONTARIO GRAPHITE, LTD.",Kearney Mine,"LOT:7, CONCESSION:10, GEOTOWNSHIP:BUTT, KEARNEY, ON",KEARNEY,Metal Mining and Refining,North Bay Area Office,PH - LOW,Approval/Permit Non-Compliance,2024-03-26,2024-03-27,6,pH,any,2,5.8,5.9,Other,Director’s Order
"ONTARIO GRAPHITE, LTD.",Kearney Mine,"LOT:7, CONCESSION:10, GEOTOWNSHIP:BUTT, KEARNEY, ON",KEARNEY,Metal Mining and Refining,North Bay Area Office,PH - LOW,Approval/Permit Non-Compliance,2024-03-30,2024-03-30,6,pH,/day,1,5.9,5.9,Operational Process Modified,Director’s Order
"ONTARIO GRAPHITE, LTD.",Kearney Mine,"LOT:7, CONCESSION:10, GEOTOWNSHIP:BUTT, KEARNEY, ON",KEARNEY,Metal Mining and Refining,North Bay Area Office,Acute Lethality - DAPHNIA MAGNA,Approval/Permit Non-Compliance,2024-04-10,2024-04-10,0,acute toxicity,/mon,1,1,1,Conducting Study,Director’s Order
"ONTARIO GRAPHITE, LTD.",Kearney Mine,"LOT:7, CONCESSION:10, GEOTOWNSHIP:BUTT, KEARNEY, ON",KEARNEY,Metal Mining and Refining,North Bay Area Office,Acute Lethality - Rainbow Trout,Approval/Permit Non-Compliance,2024-04-10,2024-04-10,0,acute toxicity,/mon,1,1,1,Conducting Study,Director’s Order
"ONTARIO GRAPHITE, LTD.",Kearney Mine,"LOT:7, CONCESSION:10, GEOTOWNSHIP:BUTT, KEARNEY, ON",KEARNEY,Metal Mining and Refining,North Bay Area Office,PH - LOW,Approval/Permit Non-Compliance,2024-04-12,2024-04-12,6,pH,/day,1,5,5,Operational Process Modified,Director’s Order
"ONTARIO GRAPHITE, LTD.",Kearney Mine,"LOT:7, CONCESSION:10, GEOTOWNSHIP:BUTT, KEARNEY, ON",KEARNEY,Metal Mining and Refining,North Bay Area Office,PH - LOW,Approval/Permit Non-Compliance,2024-04-13,2024-04-13,6,pH,/day,1,4.9,4.9,Operational Process Modified,Director’s Order
"ONTARIO GRAPHITE, LTD.",Kearney Mine,"LOT:7, CONCESSION:10, GEOTOWNSHIP:BUTT, KEARNEY, ON",KEARNEY,Metal Mining and Refining,North Bay Area Office,PH - LOW,Approval/Permit Non-Compliance,2024-04-14,2024-04-14,6,pH,/day,1,5,5,Conducting Study,Director’s Order
"ONTARIO GRAPHITE, LTD.",Kearney Mine,"LOT:7, CONCESSION:10, GEOTOWNSHIP:BUTT, KEARNEY, ON",KEARNEY,Metal Mining and Refining,North Bay Area Office,PH - LOW,Approval/Permit Non-Compliance,2024-04-15,2024-04-15,6,pH,/day,1,5.1,5.1,Conducting Study,Director’s Order
"ONTARIO GRAPHITE, LTD.",Kearney Mine,"LOT:7, CONCESSION:10, GEOTOWNSHIP:BUTT, KEARNEY, ON",KEARNEY,Metal Mining and Refining,North Bay Area Office,IRON,Approval/Permit Non-Compliance,2024-04-15,2024-04-25,2,mg/L,/day,1,2.55,2.55,Other,Director’s Order
"ONTARIO GRAPHITE, LTD.",Kearney Mine,"LOT:7, CONCESSION:10, GEOTOWNSHIP:BUTT, KEARNEY, ON",KEARNEY,Metal Mining and Refining,North Bay Area Office,PH - LOW,Approval/Permit Non-Compliance,2024-04-16,2024-04-16,6,pH,/day,1,5.2,5.2,Conducting Study,Director’s Order
"ONTARIO GRAPHITE, LTD.",Kearney Mine,"LOT:7, CONCESSION:10, GEOTOWNSHIP:BUTT, KEARNEY, ON",KEARNEY,Metal Mining and Refining,North Bay Area Office,PH - HIGH,Approval/Permit Non-Compliance,2024-04-18,2024-04-18,9,pH,/day,1,9.3,9.3,Conducting Study,Director’s Order
"ONTARIO GRAPHITE, LTD.",Kearney Mine,"LOT:7, CONCESSION:10, GEOTOWNSHIP:BUTT, KEARNEY, ON",KEARNEY,Metal Mining and Refining,North Bay Area Office,PH - LOW,Approval/Permit Non-Compliance,2024-04-20,2024-04-20,6,pH,/day,1,5.9,5.9,Conducting Study,Director’s Order
"ONTARIO GRAPHITE, LTD.",Kearney Mine,"LOT:7, CONCESSION:10, GEOTOWNSHIP:BUTT, KEARNEY, ON",KEARNEY,Metal Mining and Refining,North Bay Area Office,PH - HIGH,Approval/Permit Non-Compliance,2024-04-23,2024-04-23,9,pH,/day,1,9.5,9.5,Operational Process Modified,Director’s Order
"ONTARIO GRAPHITE, LTD.",Kearney Mine,"LOT:7, CONCESSION:10, GEOTOWNSHIP:BUTT, KEARNEY, ON",KEARNEY,Metal Mining and Refining,North Bay Area Office,PH - HIGH,Approval/Permit Non-Compliance,2024-04-24,2024-04-24,9,pH,/day,1,9.6,9.6,Operational Process Modified,Director’s Order
"ONTARIO GRAPHITE, LTD.",Kearney Mine,"LOT:7, CONCESSION:10, GEOTOWNSHIP:BUTT, KEARNEY, ON",KEARNEY,Metal Mining and Refining,North Bay Area Office,PH - HIGH,Approval/Permit Non-Compliance,2024-04-27,2024-04-27,9,pH,/day,1,9.7,9.7,Operational Process Modified,Director’s Order
"ONTARIO GRAPHITE, LTD.",Kearney Mine,"LOT:7, CONCESSION:10, GEOTOWNSHIP:BUTT, KEARNEY, ON",KEARNEY,Metal Mining and Refining,North Bay Area Office,PH - HIGH,Approval/Permit Non-Compliance,2024-04-28,2024-04-28,9,pH,/day,1,9.6,9.6,Operational Process Modified,Director’s Order
"ONTARIO GRAPHITE, LTD.",Kearney Mine,"LOT:7, CONCESSION:10, GEOTOWNSHIP:BUTT, KEARNEY, ON",KEARNEY,Metal Mining and Refining,North Bay Area Office,PH - LOW,Approval/Permit Non-Compliance,2024-04-30,2024-04-30,6,pH,/day,1,5.2,5.2,New Equipment Installed,Director’s Order
"ONTARIO GRAPHITE, LTD.",Kearney Mine,"LOT:7, CONCESSION:10, GEOTOWNSHIP:BUTT, KEARNEY, ON",KEARNEY,Metal Mining and Refining,North Bay Area Office,PH - LOW,Approval/Permit Non-Compliance,2024-05-01,2024-05-01,6,pH,/day,1,5.6,5.6,New Equipment Installed,Director’s Order
"ONTARIO GRAPHITE, LTD.",Kearney Mine,"LOT:7, CONCESSION:10, GEOTOWNSHIP:BUTT, KEARNEY, ON",KEARNEY,Metal Mining and Refining,North Bay Area Office,PH - LOW,Approval/Permit Non-Compliance,2024-05-04,2024-05-04,6,pH,/day,1,4.6,4.6,New Equipment Installed,Director’s Order
"ONTARIO GRAPHITE, LTD.",Kearney Mine,"LOT:7, CONCESSION:10, GEOTOWNSHIP:BUTT, KEARNEY, ON",KEARNEY,Metal Mining and Refining,North Bay Area Office,PH - LOW,Approval/Permit Non-Compliance,2024-05-05,2024-05-05,6,pH,/day,1,4,4,New Equipment Installed,Director’s Order
"ONTARIO GRAPHITE, LTD.",Kearney Mine,"LOT:7, CONCESSION:10, GEOTOWNSHIP:BUTT, KEARNEY, ON",KEARNEY,Metal Mining and Refining,North Bay Area Office,PH - LOW,Approval/Permit Non-Compliance,2024-05-06,2024-05-06,6,pH,/day,1,4.5,4.5,New Equipment Installed,Director’s Order
"ONTARIO GRAPHITE, LTD.",Kearney Mine,"LOT:7, CONCESSION:10, GEOTOWNSHIP:BUTT, KEARNEY, ON",KEARNEY,Metal Mining and Refining,North Bay Area Office,PH - HIGH,Approval/Permit Non-Compliance,2024-05-06,2024-05-06,9,pH,/day,1,11,11,New Equipment Installed,Director’s Order
"ONTARIO GRAPHITE, LTD.",Kearney Mine,"LOT:7, CONCESSION:10, GEOTOWNSHIP:BUTT, KEARNEY, ON",KEARNEY,Metal Mining and Refining,North Bay Area Office,LEAD,Approval/Permit Non-Compliance,2024-05-06,2024-05-06,2,mg/L,/day,1,3.2,3.2,New Equipment Installed,Director’s Order
"ONTARIO GRAPHITE, LTD.",Kearney Mine,"LOT:7, CONCESSION:10, GEOTOWNSHIP:BUTT, KEARNEY, ON",KEARNEY,Metal Mining and Refining,North Bay Area Office,PH - HIGH,Approval/Permit Non-Compliance,2024-05-07,2024-05-07,9,pH,/day,1,10.9,10.9,New Equipment Installed,Director’s Order
"ONTARIO GRAPHITE, LTD.",Kearney Mine,"LOT:7, CONCESSION:10, GEOTOWNSHIP:BUTT, KEARNEY, ON",KEARNEY,Metal Mining and Refining,North Bay Area Office,PH - LOW,Approval/Permit Non-Compliance,2024-05-08,2024-05-08,6,pH,/day,1,4.9,4.9,New Equipment Installed,Director’s Order
"ONTARIO GRAPHITE, LTD.",Kearney Mine,"LOT:7, CONCESSION:10, GEOTOWNSHIP:BUTT, KEARNEY, ON",KEARNEY,Metal Mining and Refining,North Bay Area Office,PH - HIGH,Approval/Permit Non-Compliance,2024-05-08,2024-05-08,9,pH,/day,1,10.7,10.7,New Equipment Installed,Director’s Order
"ONTARIO GRAPHITE, LTD.",Kearney Mine,"LOT:7, CONCESSION:10, GEOTOWNSHIP:BUTT, KEARNEY, ON",KEARNEY,Metal Mining and Refining,North Bay Area Office,PH - HIGH,Approval/Permit Non-Compliance,2024-05-09,2024-05-09,9,pH,/day,1,10.8,10.8,New Equipment Installed,Director’s Order
"ONTARIO GRAPHITE, LTD.",Kearney Mine,"LOT:7, CONCESSION:10, GEOTOWNSHIP:BUTT, KEARNEY, ON",KEARNEY,Metal Mining and Refining,North Bay Area Office,PH - LOW,Approval/Permit Non-Compliance,2024-05-09,2024-05-09,6,pH,/day,1,5.5,5.5,New Equipment Installed,Director’s Order
"ONTARIO GRAPHITE, LTD.",Kearney Mine,"LOT:7, CONCESSION:10, GEOTOWNSHIP:BUTT, KEARNEY, ON",KEARNEY,Metal Mining and Refining,North Bay Area Office,PH - LOW,Approval/Permit Non-Compliance,2024-05-10,2024-05-10,6,pH,/day,1,5.7,5.7,New Equipment Installed,Director’s Order
"ONTARIO GRAPHITE, LTD.",Kearney Mine,"LOT:7, CONCESSION:10, GEOTOWNSHIP:BUTT, KEARNEY, ON",KEARNEY,Metal Mining and Refining,North Bay Area Office,PH - LOW,Approval/Permit Non-Compliance,2024-05-17,2024-05-31,6,pH,any,6,5.8,5.9,Other,Director’s Order
"ONTARIO GRAPHITE, LTD.",Kearney Mine,"LOT:7, CONCESSION:10, GEOTOWNSHIP:BUTT, KEARNEY, ON",KEARNEY,Metal Mining and Refining,North Bay Area Office,PH - HIGH,Approval/Permit Non-Compliance,2024-05-19,2024-06-01,9,pH,any,8,9.1,9.2,Other,Director’s Order
"ONTARIO GRAPHITE, LTD.",Kearney Mine,"LOT:7, CONCESSION:10, GEOTOWNSHIP:BUTT, KEARNEY, ON",KEARNEY,Metal Mining and Refining,North Bay Area Office,PH - HIGH,Approval/Permit Non-Compliance,2024-06-02,2024-06-02,9,pH,/day,1,9.6,9.6,Equipment Modified/Repaired,Voluntary Compliance Underway
"ONTARIO GRAPHITE, LTD.",Kearney Mine,"LOT:7, CONCESSION:10, GEOTOWNSHIP:BUTT, KEARNEY, ON",KEARNEY,Metal Mining and Refining,North Bay Area Office,PH - HIGH,Approval/Permit Non-Compliance,2024-06-03,2024-06-03,9,pH,/day,1,9.5,9.5,Equipment Modified/Repaired,Voluntary Compliance Underway
"ONTARIO GRAPHITE, LTD.",Kearney Mine,"LOT:7, CONCESSION:10, GEOTOWNSHIP:BUTT, KEARNEY, ON",KEARNEY,Metal Mining and Refining,North Bay Area Office,PH - LOW,Approval/Permit Non-Compliance,2024-06-21,2024-06-25,6,pH,any,2,5.8,5.9,Equipment Modified/Repaired,Director’s Order
"ONTARIO GRAPHITE, LTD.",Kearney Mine,"LOT:7, CONCESSION:10, GEOTOWNSHIP:BUTT, KEARNEY, ON",KEARNEY,Metal Mining and Refining,North Bay Area Office,PH - HIGH,Approval/Permit Non-Compliance,2024-06-22,2024-06-22,9,pH,any,1,9.1,9.1,Equipment Modified/Repaired,Director’s Order
"ONTARIO GRAPHITE, LTD.",Kearney Mine,"LOT:7, CONCESSION:10, GEOTOWNSHIP:BUTT, KEARNEY, ON",KEARNEY,Metal Mining and Refining,North Bay Area Office,PH - HIGH,Approval/Permit Non-Compliance,2024-06-23,2024-06-23,9,pH,any,1,9.1,9.1,Other,Director’s Order
"ONTARIO GRAPHITE, LTD.",Kearney Mine,"LOT:7, CONCESSION:10, GEOTOWNSHIP:BUTT, KEARNEY, ON",KEARNEY,Metal Mining and Refining,North Bay Area Office,PH - LOW,Approval/Permit Non-Compliance,2024-06-24,2024-06-24,6,pH,any,1,5.9,5.9,Other,Director’s Order
"ONTARIO GRAPHITE, LTD.",Kearney Mine,"LOT:7, CONCESSION:10, GEOTOWNSHIP:BUTT, KEARNEY, ON",KEARNEY,Metal Mining and Refining,North Bay Area Office,PH - HIGH,Approval/Permit Non-Compliance,2024-06-25,2024-06-25,9,pH,/day,1,9.1,9.1,Equipment Modified/Repaired,Director’s Order
"ONTARIO GRAPHITE, LTD.",Kearney Mine,"LOT:7, CONCESSION:10, GEOTOWNSHIP:BUTT, KEARNEY, ON",KEARNEY,Metal Mining and Refining,North Bay Area Office,Acute Lethality - DAPHNIA MAGNA,Approval/Permit Non-Compliance,2024-07-01,2024-07-31,0,acute toxicity,/mon,1,1,1,Other,Director’s Order
"ONTARIO GRAPHITE, LTD.",Kearney Mine,"LOT:7, CONCESSION:10, GEOTOWNSHIP:BUTT, KEARNEY, ON",KEARNEY,Metal Mining and Refining,North Bay Area Office,PH - LOW,Approval/Permit Non-Compliance,2024-07-07,2024-07-09,6,pH,any,3,5.8,5.9,Other,Director’s Order
"ONTARIO GRAPHITE, LTD.",Kearney Mine,"LOT:7, CONCESSION:10, GEOTOWNSHIP:BUTT, KEARNEY, ON",KEARNEY,Metal Mining and Refining,North Bay Area Office,PH - LOW,Approval/Permit Non-Compliance,2024-07-14,2024-07-16,6,pH,any,3,5.8,5.9,Other,Director’s Order
"ONTARIO GRAPHITE, LTD.",Kearney Mine,"LOT:7, CONCESSION:10, GEOTOWNSHIP:BUTT, KEARNEY, ON",KEARNEY,Metal Mining and Refining,North Bay Area Office,PH - HIGH,Approval/Permit Non-Compliance,2024-07-17,2024-07-19,9,pH,any,3,9.1,9.2,Other,Director’s Order
"ONTARIO GRAPHITE, LTD.",Kearney Mine,"LOT:7, CONCESSION:10, GEOTOWNSHIP:BUTT, KEARNEY, ON",KEARNEY,Metal Mining and Refining,North Bay Area Office,IRON,Approval/Permit Non-Compliance,2024-09-29,2024-09-29,2,mg/L,/day,1,3.1,3.1,New/Modified Sampling Program,Director’s Order
"ONTARIO GRAPHITE, LTD.",Kearney Mine,"LOT:7, CONCESSION:10, GEOTOWNSHIP:BUTT, KEARNEY, ON",KEARNEY,Metal Mining and Refining,North Bay Area Office,PH - HIGH,Approval/Permit Non-Compliance,2024-10-12,2024-10-12,9,pH,/day,1,9.5,9.5,New Equipment Installed,Director’s Order
"ONTARIO GRAPHITE, LTD.",Kearney Mine,"LOT:7, CONCESSION:10, GEOTOWNSHIP:BUTT, KEARNEY, ON",KEARNEY,Metal Mining and Refining,North Bay Area Office,PH - HIGH,Approval/Permit Non-Compliance,2024-10-13,2024-10-13,9,pH,/day,1,10.2,10.2,New Equipment Installed,Director’s Order
"ONTARIO GRAPHITE, LTD.",Kearney Mine,"LOT:7, CONCESSION:10, GEOTOWNSHIP:BUTT, KEARNEY, ON",KEARNEY,Metal Mining and Refining,North Bay Area Office,PH - HIGH,Approval/Permit Non-Compliance,2024-10-14,2024-10-14,9,pH,/day,1,10.4,10.4,New Equipment Installed,Director’s Order
"ONTARIO GRAPHITE, LTD.",Kearney Mine,"LOT:7, CONCESSION:10, GEOTOWNSHIP:BUTT, KEARNEY, ON",KEARNEY,Metal Mining and Refining,North Bay Area Office,PH - HIGH,Approval/Permit Non-Compliance,2024-10-15,2024-10-15,9,pH,/day,1,9.8,9.8,New Equipment Installed,Director’s Order
"ONTARIO GRAPHITE, LTD.",Kearney Mine,"LOT:7, CONCESSION:10, GEOTOWNSHIP:BUTT, KEARNEY, ON",KEARNEY,Metal Mining and Refining,North Bay Area Office,PH - HIGH,Approval/Permit Non-Compliance,2024-10-16,2024-10-16,9,pH,/day,1,9.1,9.1,New Equipment Installed,Director’s Order
"ONTARIO GRAPHITE, LTD.",Kearney Mine,"LOT:7, CONCESSION:10, GEOTOWNSHIP:BUTT, KEARNEY, ON",KEARNEY,Metal Mining and Refining,North Bay Area Office,PH - LOW,Approval/Permit Non-Compliance,2024-10-27,2024-10-27,6,pH,/day,1,5.8,5.8,Equipment Modified/Repaired,Director’s Order
"ONTARIO GRAPHITE, LTD.",Kearney Mine,"LOT:7, CONCESSION:10, GEOTOWNSHIP:BUTT, KEARNEY, ON",KEARNEY,Metal Mining and Refining,North Bay Area Office,PH - LOW,Approval/Permit Non-Compliance,2024-10-28,2024-10-28,6,pH,/day,1,5.7,5.7,Equipment Modified/Repaired,Director’s Order
"ONTARIO GRAPHITE, LTD.",Kearney Mine,"LOT:7, CONCESSION:10, GEOTOWNSHIP:BUTT, KEARNEY, ON",KEARNEY,Metal Mining and Refining,North Bay Area Office,PH - LOW,Approval/Permit Non-Compliance,2024-10-29,2024-10-29,6,pH,/day,1,5.9,5.9,Equipment Modified/Repaired,Director’s Order
"ONTARIO GRAPHITE, LTD.",Kearney Mine,"LOT:7, CONCESSION:10, GEOTOWNSHIP:BUTT, KEARNEY, ON",KEARNEY,Metal Mining and Refining,North Bay Area Office,PH - LOW,Approval/Permit Non-Compliance,2024-11-12,2024-11-12,6,pH,/day,1,5.4,5.4,New Equipment Installed,Director’s Order
"ONTARIO GRAPHITE, LTD.",Kearney Mine,"LOT:7, CONCESSION:10, GEOTOWNSHIP:BUTT, KEARNEY, ON",KEARNEY,Metal Mining and Refining,North Bay Area Office,PH - HIGH,Approval/Permit Non-Compliance,2024-11-13,2024-11-13,9,pH,/day,1,11.2,11.2,New Equipment Installed,Director’s Order
"ONTARIO GRAPHITE, LTD.",Kearney Mine,"LOT:7, CONCESSION:10, GEOTOWNSHIP:BUTT, KEARNEY, ON",KEARNEY,Metal Mining and Refining,North Bay Area Office,PH - HIGH,Approval/Permit Non-Compliance,2024-11-14,2024-11-14,9,pH,/day,1,11.2,11.2,New Equipment Installed,Director’s Order
"ONTARIO GRAPHITE, LTD.",Kearney Mine,"LOT:7, CONCESSION:10, GEOTOWNSHIP:BUTT, KEARNEY, ON",KEARNEY,Metal Mining and Refining,North Bay Area Office,PH - HIGH,Approval/Permit Non-Compliance,2024-11-15,2024-11-15,9,pH,/day,1,10.6,10.6,New Equipment Installed,Director’s Order
"ONTARIO GRAPHITE, LTD.",Kearney Mine,"LOT:7, CONCESSION:10, GEOTOWNSHIP:BUTT, KEARNEY, ON",KEARNEY,Metal Mining and Refining,North Bay Area Office,PH - HIGH,Approval/Permit Non-Compliance,2024-11-16,2024-11-16,9,pH,/day,1,10.1,10.1,New Equipment Installed,Director’s Order
"ONTARIO GRAPHITE, LTD.",Kearney Mine,"LOT:7, CONCESSION:10, GEOTOWNSHIP:BUTT, KEARNEY, ON",KEARNEY,Metal Mining and Refining,North Bay Area Office,PH - HIGH,Approval/Permit Non-Compliance,2024-11-17,2024-11-17,9,pH,/day,1,11.1,11.1,New Equipment Installed,Director’s Order
"ONTARIO GRAPHITE, LTD.",Kearney Mine,"LOT:7, CONCESSION:10, GEOTOWNSHIP:BUTT, KEARNEY, ON",KEARNEY,Metal Mining and Refining,North Bay Area Office,PH - HIGH,Approval/Permit Non-Compliance,2024-11-19,2024-11-19,9,pH,/day,1,11.3,11.3,New Equipment Installed,Director’s Order
"ONTARIO GRAPHITE, LTD.",Kearney Mine,"LOT:7, CONCESSION:10, GEOTOWNSHIP:BUTT, KEARNEY, ON",KEARNEY,Metal Mining and Refining,North Bay Area Office,PH - HIGH,Approval/Permit Non-Compliance,2024-11-20,2024-11-20,9,pH,/day,1,11.7,11.7,New Equipment Installed,Director’s Order
"ONTARIO GRAPHITE, LTD.",Kearney Mine,"LOT:7, CONCESSION:10, GEOTOWNSHIP:BUTT, KEARNEY, ON",KEARNEY,Metal Mining and Refining,North Bay Area Office,PH - HIGH,Approval/Permit Non-Compliance,2024-11-21,2024-11-21,9,pH,/day,1,11.7,11.7,New Equipment Installed,Director’s Order
"ONTARIO GRAPHITE, LTD.",Kearney Mine,"LOT:7, CONCESSION:10, GEOTOWNSHIP:BUTT, KEARNEY, ON",KEARNEY,Metal Mining and Refining,North Bay Area Office,PH - HIGH,Approval/Permit Non-Compliance,2024-11-22,2024-11-22,9,pH,/day,1,9.9,9.9,New Equipment Installed,Director’s Order
"ONTARIO GRAPHITE, LTD.",Kearney Mine,"LOT:7, CONCESSION:10, GEOTOWNSHIP:BUTT, KEARNEY, ON",KEARNEY,Metal Mining and Refining,North Bay Area Office,PH - HIGH,Approval/Permit Non-Compliance,2024-11-23,2024-11-23,9,pH,/day,1,9.3,9.3,New Equipment Installed,Director’s Order
"ONTARIO GRAPHITE, LTD.",Kearney Mine,"LOT:7, CONCESSION:10, GEOTOWNSHIP:BUTT, KEARNEY, ON",KEARNEY,Metal Mining and Refining,North Bay Area Office,PH - LOW,Approval/Permit Non-Compliance,2024-11-26,2024-11-26,6,pH,/day,1,5.6,5.6,Operational Process Modified,Director’s Order
"ONTARIO GRAPHITE, LTD.",Kearney Mine,"LOT:7, CONCESSION:10, GEOTOWNSHIP:BUTT, KEARNEY, ON",KEARNEY,Metal Mining and Refining,North Bay Area Office,PH - LOW,Approval/Permit Non-Compliance,2024-11-27,2024-11-27,6,pH,/day,1,5.6,5.6,Operational Process Modified,Director’s Order
"ONTARIO GRAPHITE, LTD.",Kearney Mine,"LOT:7, CONCESSION:10, GEOTOWNSHIP:BUTT, KEARNEY, ON",KEARNEY,Metal Mining and Refining,North Bay Area Office,PH - LOW,Approval/Permit Non-Compliance,2024-11-29,2024-11-29,6,pH,/day,1,5.4,5.4,Operational Process Modified,Director’s Order
"ONTARIO GRAPHITE, LTD.",Kearney Mine,"LOT:7, CONCESSION:10, GEOTOWNSHIP:BUTT, KEARNEY, ON",KEARNEY,Metal Mining and Refining,North Bay Area Office,PH - LOW,Approval/Permit Non-Compliance,2024-11-30,2024-11-30,6,pH,/day,1,5.3,5.3,Operational Process Modified,Director’s Order
"ONTARIO GRAPHITE, LTD.",Kearney Mine,"LOT:7, CONCESSION:10, GEOTOWNSHIP:BUTT, KEARNEY, ON",KEARNEY,Metal Mining and Refining,North Bay Area Office,PH - LOW,Approval/Permit Non-Compliance,2024-12-01,2024-12-01,6,pH,/day,1,5.3,5.3,Equipment Modified/Repaired,Director’s Order
"ONTARIO GRAPHITE, LTD.",Kearney Mine,"LOT:7, CONCESSION:10, GEOTOWNSHIP:BUTT, KEARNEY, ON",KEARNEY,Metal Mining and Refining,North Bay Area Office,ZINC,Approval/Permit Non-Compliance,2024-12-01,2024-12-31,1,mg/L,mon avg,1,4.03,4.03,Additional Monitoring Underway,Addressed w/o Intervention
"ONTARIO GRAPHITE, LTD.",Kearney Mine,"LOT:7, CONCESSION:10, GEOTOWNSHIP:BUTT, KEARNEY, ON",KEARNEY,Metal Mining and Refining,North Bay Area Office,NICKEL,Approval/Permit Non-Compliance,2024-12-01,2024-12-31,0.1,mg/L,mon avg,1,0.16,0.16,Additional Monitoring Underway,Addressed w/o Intervention
"ONTARIO GRAPHITE, LTD.",Kearney Mine,"LOT:7, CONCESSION:10, GEOTOWNSHIP:BUTT, KEARNEY, ON",KEARNEY,Metal Mining and Refining,North Bay Area Office,PH - LOW,Approval/Permit Non-Compliance,2024-12-02,2024-12-02,6,pH,/day,1,5.5,5.5,Equipment Modified/Repaired,Director’s Order
"ONTARIO GRAPHITE, LTD.",Kearney Mine,"LOT:7, CONCESSION:10, GEOTOWNSHIP:BUTT, KEARNEY, ON",KEARNEY,Metal Mining and Refining,North Bay Area Office,PH - LOW,Approval/Permit Non-Compliance,2024-12-03,2024-12-03,6,pH,/day,1,5.7,5.7,Equipment Modified/Repaired,Director’s Order
"ONTARIO GRAPHITE, LTD.",Kearney Mine,"LOT:7, CONCESSION:10, GEOTOWNSHIP:BUTT, KEARNEY, ON",KEARNEY,Metal Mining and Refining,North Bay Area Office,PH - LOW,Approval/Permit Non-Compliance,2024-12-06,2024-12-06,6,pH,/day,1,5.1,5.1,Equipment Modified/Repaired,Director’s Order
"ONTARIO GRAPHITE, LTD.",Kearney Mine,"LOT:7, CONCESSION:10, GEOTOWNSHIP:BUTT, KEARNEY, ON",KEARNEY,Metal Mining and Refining,North Bay Area Office,IRON,Approval/Permit Non-Compliance,2024-12-06,2024-12-06,2,mg/L,/day,1,5,5,Equipment Modified/Repaired,Voluntary Compliance Underway
"ONTARIO GRAPHITE, LTD.",Kearney Mine,"LOT:7, CONCESSION:10, GEOTOWNSHIP:BUTT, KEARNEY, ON",KEARNEY,Metal Mining and Refining,North Bay Area Office,PH - LOW,Approval/Permit Non-Compliance,2024-12-07,2024-12-07,6,pH,/day,1,4.6,4.6,Equipment Modified/Repaired,Director’s Order
"ONTARIO GRAPHITE, LTD.",Kearney Mine,"LOT:7, CONCESSION:10, GEOTOWNSHIP:BUTT, KEARNEY, ON",KEARNEY,Metal Mining and Refining,North Bay Area Office,PH - LOW,Approval/Permit Non-Compliance,2024-12-08,2024-12-08,6,pH,/day,1,4.5,4.5,Equipment Modified/Repaired,Director’s Order
"ONTARIO GRAPHITE, LTD.",Kearney Mine,"LOT:7, CONCESSION:10, GEOTOWNSHIP:BUTT, KEARNEY, ON",KEARNEY,Metal Mining and Refining,North Bay Area Office,PH - LOW,Approval/Permit Non-Compliance,2024-12-09,2024-12-09,6,pH,/day,1,4.4,4.4,Equipment Modified/Repaired,Director’s Order
"ONTARIO GRAPHITE, LTD.",Kearney Mine,"LOT:7, CONCESSION:10, GEOTOWNSHIP:BUTT, KEARNEY, ON",KEARNEY,Metal Mining and Refining,North Bay Area Office,IRON,Approval/Permit Non-Compliance,2024-12-09,2024-12-09,2,mg/L,/day,1,5.5,5.5,Equipment Modified/Repaired,Voluntary Compliance Underway
"ONTARIO GRAPHITE, LTD.",Kearney Mine,"LOT:7, CONCESSION:10, GEOTOWNSHIP:BUTT, KEARNEY, ON",KEARNEY,Metal Mining and Refining,North Bay Area Office,PH - LOW,Approval/Permit Non-Compliance,2024-12-10,2024-12-10,6,pH,/day,1,4.2,4.2,Equipment Modified/Repaired,Director’s Order
"ONTARIO GRAPHITE, LTD.",Kearney Mine,"LOT:7, CONCESSION:10, GEOTOWNSHIP:BUTT, KEARNEY, ON",KEARNEY,Metal Mining and Refining,North Bay Area Office,PH - LOW,Approval/Permit Non-Compliance,2024-12-11,2024-12-11,6,pH,/day,1,4.1,4.1,Equipment Modified/Repaired,Director’s Order
"ONTARIO GRAPHITE, LTD.",Kearney Mine,"LOT:7, CONCESSION:10, GEOTOWNSHIP:BUTT, KEARNEY, ON",KEARNEY,Metal Mining and Refining,North Bay Area Office,PH - LOW,Approval/Permit Non-Compliance,2024-12-12,2024-12-12,6,pH,/day,1,4.1,4.1,Equipment Modified/Repaired,Director’s Order
"ONTARIO GRAPHITE, LTD.",Kearney Mine,"LOT:7, CONCESSION:10, GEOTOWNSHIP:BUTT, KEARNEY, ON",KEARNEY,Metal Mining and Refining,North Bay Area Office,IRON,Approval/Permit Non-Compliance,2024-12-12,2024-12-12,2,mg/L,/day,1,5,5,Equipment Modified/Repaired,Director’s Order
"ONTARIO GRAPHITE, LTD.",Kearney Mine,"LOT:7, CONCESSION:10, GEOTOWNSHIP:BUTT, KEARNEY, ON",KEARNEY,Metal Mining and Refining,North Bay Area Office,PH - LOW,Approval/Permit Non-Compliance,2024-12-13,2024-12-13,6,pH,/day,1,4.1,4.1,Equipment Modified/Repaired,Director’s Order
"ONTARIO GRAPHITE, LTD.",Kearney Mine,"LOT:7, CONCESSION:10, GEOTOWNSHIP:BUTT, KEARNEY, ON",KEARNEY,Metal Mining and Refining,North Bay Area Office,IRON,Approval/Permit Non-Compliance,2024-12-13,2024-12-13,2,mg/L,/day,1,5.4,5.4,Equipment Modified/Repaired,Voluntary Compliance Underway
"ONTARIO GRAPHITE, LTD.",Kearney Mine,"LOT:7, CONCESSION:10, GEOTOWNSHIP:BUTT, KEARNEY, ON",KEARNEY,Metal Mining and Refining,North Bay Area Office,PH - LOW,Approval/Permit Non-Compliance,2024-12-14,2024-12-14,6,pH,/day,1,4,4,Equipment Modified/Repaired,Director’s Order
"ONTARIO GRAPHITE, LTD.",Kearney Mine,"LOT:7, CONCESSION:10, GEOTOWNSHIP:BUTT, KEARNEY, ON",KEARNEY,Metal Mining and Refining,North Bay Area Office,PH - LOW,Approval/Permit Non-Compliance,2024-12-15,2024-12-15,6,pH,/day,1,4,4,Equipment Modified/Repaired,Director’s Order
"ONTARIO GRAPHITE, LTD.",Kearney Mine,"LOT:7, CONCESSION:10, GEOTOWNSHIP:BUTT, KEARNEY, ON",KEARNEY,Metal Mining and Refining,North Bay Area Office,PH - LOW,Approval/Permit Non-Compliance,2024-12-16,2024-12-16,6,pH,/day,1,3.9,3.9,Equipment Modified/Repaired,Director’s Order
"ONTARIO GRAPHITE, LTD.",Kearney Mine,"LOT:7, CONCESSION:10, GEOTOWNSHIP:BUTT, KEARNEY, ON",KEARNEY,Metal Mining and Refining,North Bay Area Office,IRON,Approval/Permit Non-Compliance,2024-12-16,2024-12-16,2,mg/L,/day,1,4.8,4.8,Equipment Modified/Repaired,Director’s Order
"ONTARIO GRAPHITE, LTD.",Kearney Mine,"LOT:7, CONCESSION:10, GEOTOWNSHIP:BUTT, KEARNEY, ON",KEARNEY,Metal Mining and Refining,North Bay Area Office,ZINC,Approval/Permit Non-Compliance,2024-12-16,2024-12-16,0.2,mg/L,/day,1,0.214,0.214,Equipment Modified/Repaired,Director’s Order
"ONTARIO GRAPHITE, LTD.",Kearney Mine,"LOT:7, CONCESSION:10, GEOTOWNSHIP:BUTT, KEARNEY, ON",KEARNEY,Metal Mining and Refining,North Bay Area Office,ZINC,Approval/Permit Non-Compliance,2024-12-16,2024-12-16,0.2,mg/L,/day,1,0.218,0.218,Equipment Modified/Repaired,Director’s Order
"ONTARIO GRAPHITE, LTD.",Kearney Mine,"LOT:7, CONCESSION:10, GEOTOWNSHIP:BUTT, KEARNEY, ON",KEARNEY,Metal Mining and Refining,North Bay Area Office,PH - LOW,Approval/Permit Non-Compliance,2024-12-17,2024-12-17,6,pH,/day,1,4,4,Equipment Modified/Repaired,Director’s Order
"ONTARIO GRAPHITE, LTD.",Kearney Mine,"LOT:7, CONCESSION:10, GEOTOWNSHIP:BUTT, KEARNEY, ON",KEARNEY,Metal Mining and Refining,North Bay Area Office,PH - HIGH,Approval/Permit Non-Compliance,2024-12-25,2024-12-25,9,pH,/day,1,9.1,9.1,Equipment Modified/Repaired,Director’s Order
"ONTARIO GRAPHITE, LTD.",Kearney Mine,"LOT:7, CONCESSION:10, GEOTOWNSHIP:BUTT, KEARNEY, ON",KEARNEY,Metal Mining and Refining,North Bay Area Office,PH - HIGH,Approval/Permit Non-Compliance,2024-12-26,2024-12-26,9,pH,/day,1,9.1,9.1,Equipment Modified/Repaired,Director’s Order
"ONTARIO GRAPHITE, LTD.",Kearney Mine,"LOT:7, CONCESSION:10, GEOTOWNSHIP:BUTT, KEARNEY, ON",KEARNEY,Metal Mining and Refining,North Bay Area Office,PH - HIGH,Approval/Permit Non-Compliance,2024-12-27,2024-12-27,9,pH,/day,1,9.1,9.1,Equipment Modified/Repaired,Director’s Order
CORNWALL GRAVEL COMPANY LIMITED,Cornwall Gravel Greely Quarry,7696 STONE SCHOOL ROAD,OTTAWA,Industrial Minerals,Ottawa District Office,"SUSPENDED SOLIDS, TOTAL",Approval/Permit Non-Compliance,2024-01-30,2024-02-13,25,mg/L,2 consecutive samples,2,28,59,New/Modified Sampling Program,Voluntary Compliance Underway
SILANI SWEET CHEESE LIMITED,Silani Sweet Cheese Limited,"4205 LINE 2, BRADFORD WEST GWILLIMBURY, ON L0G 1T0",BRADFORD WEST GWILLIMBURY,Miscellaneous Industrial,Barrie District Office,TOTAL AMMONIA NITROGEN,Approval/Permit Non-Compliance,2024-02-01,2024-02-29,2,mg/L,mon avg,1,2.76,2.76,Additional Monitoring Underway,Voluntary Compliance Underway
SILANI SWEET CHEESE LIMITED,Silani Sweet Cheese Limited,"4205 LINE 2, BRADFORD WEST GWILLIMBURY, ON L0G 1T0",BRADFORD WEST GWILLIMBURY,Miscellaneous Industrial,Barrie District Office,TOTAL AMMONIA NITROGEN,Approval/Permit Non-Compliance,2024-04-01,2024-04-30,2,mg/L,mon avg,1,7.4,7.4,Operational Process Modified,Addressed w/o Intervention
SILANI SWEET CHEESE LIMITED,Silani Sweet Cheese Limited,"4205 LINE 2, BRADFORD WEST GWILLIMBURY, ON L0G 1T0",BRADFORD WEST GWILLIMBURY,Miscellaneous Industrial,Barrie District Office,TOTAL AMMONIA NITROGEN,Approval/Permit Non-Compliance,2024-05-01,2024-05-31,2,mg/L,/mon,1,5.168,5.168,Operational Process Modified,Voluntary Compliance Underway
SILANI SWEET CHEESE LIMITED,Silani Sweet Cheese Limited,"4205 LINE 2, BRADFORD WEST GWILLIMBURY, ON L0G 1T0",BRADFORD WEST GWILLIMBURY,Miscellaneous Industrial,Barrie District Office,CARBONACEOUS BIOCHEMICAL OXYGEN DEMAND,Approval/Permit Non-Compliance,2024-07-01,2024-07-31,10,mg/L,/mon,1,47,47,Equipment Modified/Repaired,Voluntary Compliance Underway
SILANI SWEET CHEESE LIMITED,Silani Sweet Cheese Limited,"4205 LINE 2, BRADFORD WEST GWILLIMBURY, ON L0G 1T0",BRADFORD WEST GWILLIMBURY,Miscellaneous Industrial,Barrie District Office,TOTAL AMMONIA NITROGEN,Approval/Permit Non-Compliance,2024-07-01,2024-07-31,2,mg/L,/mon,1,11.14,11.14,Equipment Modified/Repaired,Voluntary Compliance Underway
SILANI SWEET CHEESE LIMITED,Silani Sweet Cheese Limited,"4205 LINE 2, BRADFORD WEST GWILLIMBURY, ON L0G 1T0",BRADFORD WEST GWILLIMBURY,Miscellaneous Industrial,Barrie District Office,TOTAL AMMONIA NITROGEN,Approval/Permit Non-Compliance,2024-08-01,2024-08-31,2,mg/L,/mon,1,4.09,4.09,Equipment Modified/Repaired,Voluntary Compliance Underway
SILANI SWEET CHEESE LIMITED,Silani Sweet Cheese Limited,"4205 LINE 2, BRADFORD WEST GWILLIMBURY, ON L0G 1T0",BRADFORD WEST GWILLIMBURY,Miscellaneous Industrial,Barrie District Office,TOTAL AMMONIA NITROGEN,Approval/Permit Non-Compliance,2024-11-01,2024-11-30,2,mg/L,mon avg,1,5.02,5.02,Equipment Modified/Repaired,Voluntary Compliance Underway
SILVER LAKE ONTARIO INC.,Sugar Zone Mine,"1167 TUKANEE LAKE RD, WHITE RIVER, ON",WHITE RIVER,Metal Mining and Refining,Sault Ste. Marie Area Office,PH - LOW,Approval/Permit Non-Compliance,2024-02-11,2024-02-11,6.5,pH,any,1,3,3,Equipment Modified/Repaired,Addressed w/o Intervention
SILVER LAKE ONTARIO INC.,Sugar Zone Mine,"1167 TUKANEE LAKE RD, WHITE RIVER, ON",WHITE RIVER,Metal Mining and Refining,Sault Ste. Marie Area Office,COPPER,Approval/Permit Non-Compliance,2024-08-26,2024-08-26,0.1,mg/L,/day,1,0.139,0.139,Operational Process Modified,Addressed w/o Intervention
HENRY BLYTH FARMS INC.,Henry Blyth Farms (Cowbell),"40035 BLYTH RD, CENTRAL HURON, ON N0M 1H0",CENTRAL HURON,Miscellaneous Industrial,Owen Sound District Office,NITROGEN; TOTAL,Approval/Permit Non-Compliance,2024-01-19,2024-01-26,5,mg/L,/mon,1,10.7,10.7,Action Plan Submitted,Voluntary Compliance Underway
"10393444 CANADA INC., CARRYING ON BUSINESS UNDER THE NAME ""MCEWEN MINING INC""",BLACK FOX MILL,"5300 HIGHWAY 101 W, BLACK RIVER-MATHESON, ON P0K 1P0",BLACK RIVER-MATHESON,Metal Mining and Refining,Timmins District Office,"SUSPENDED SOLIDS, TOTAL",Approval/Permit Non-Compliance,2024-08-26,2024-08-26,30,mg/L,/day,1,44,44,Action Plan Submitted,Addressed w/o Intervention
NEW GOLD INC.,New Gold Mine,"24 MARR RD, CHAPPLE, ON P0W 1A0",CHAPPLE,Metal Mining and Refining,Kenora Area Office,COPPER,Approval/Permit Non-Compliance,2024-04-01,2024-04-30,0.014,mg/L,mon avg,1,0.0147,0.0147,Equipment Modified/Repaired,Event Resolved
NEW GOLD INC.,New Gold Mine,"24 MARR RD, CHAPPLE, ON P0W 1A0",CHAPPLE,Metal Mining and Refining,Kenora Area Office,CYANIDE;FREE,Approval/Permit Non-Compliance,2024-04-22,2024-04-24,0.02,mg/L,/day,1,0.028,0.028,Equipment Modified/Repaired,Event Resolved
NEW GOLD INC.,New Gold Mine,"24 MARR RD, CHAPPLE, ON P0W 1A0",CHAPPLE,Metal Mining and Refining,Kenora Area Office,COPPER,Approval/Permit Non-Compliance,2024-04-22,2024-04-29,0.028,mg/L,/day,1,0.0384,0.0384,Equipment Modified/Repaired,Event Resolved
"ST. CLAIR POWER, L.P.",St. Clair Energy Centre,"790 PETROLIA LINE, ST. CLAIR, ON N0N 1G0",ST. CLAIR,Electric Power Generation,Sarnia District Office,"SUSPENDED SOLIDS, TOTAL",Approval/Permit Non-Compliance,2024-12-09,2024-12-09,50,mg/L,/day,1,86,86,Resolved w/o Actions Required,Voluntary Compliance Underway
NEWMONT GOLDCORP INTEGRATED SERVICES INC.,Pamour Mine,"LOT:1,2,6, CONCESSION:5,6, GEOTOWNSHIP:WHITNEY, TIMMINS, ON",TIMMINS,Metal Mining and Refining,Timmins District Office,ARSENIC,Approval/Permit Non-Compliance,2024-06-01,2024-06-30,0.05,mg/L,mon avg,1,0.053,0.053,Equipment Modified/Repaired,Addressed w/o Intervention
NEWMONT GOLDCORP INTEGRATED SERVICES INC.,Pamour Mine,"LOT:1,2,6, CONCESSION:5,6, GEOTOWNSHIP:WHITNEY, TIMMINS, ON",TIMMINS,Metal Mining and Refining,Timmins District Office,ARSENIC,Approval/Permit Non-Compliance,2024-07-01,2024-07-31,0.05,mg/L,/mon,1,0.073,0.073,Resolved w/o Actions Required,Addressed w/o Intervention
NEWMONT GOLDCORP INTEGRATED SERVICES INC.,Hollinger Open Pit Mine,"LOT:9, CONCESSION:3, GEOTOWNSHIP:TISDALE, TIMMINS, ON",TIMMINS,Metal Mining and Refining,Timmins District Office,"SUSPENDED SOLIDS, TOTAL",Approval/Permit Non-Compliance,2024-04-12,2024-04-12,30,mg/L,/week,1,71.6,71.6,Equipment Modified/Repaired,Addressed w/o Intervention
NEWMONT GOLDCORP INTEGRATED SERVICES INC.,Dome Mine and Mill,"4315 GOLD MINE RD, TIMMINS, ON P0N 1H0",TIMMINS,Metal Mining and Refining,Timmins District Office,NITRATE (AS NITROGEN),Approval/Permit Non-Compliance,2024-07-01,2024-07-31,6.5,mg/L,/mon,1,6.68,6.68,Additional Monitoring Underway,Addressed w/o Intervention
NEWMONT GOLDCORP INTEGRATED SERVICES INC.,Newmont Borden Gold Mine,"LOT:12, CONCESSION:2, GEOTOWNSHIP:BORDEN, CHAPLEAU, ON P0M 1K0",CHAPLEAU,Metal Mining and Refining,Sault Ste. Marie Area Office,"SUSPENDED SOLIDS, TOTAL",Approval/Permit Non-Compliance,2024-05-21,2024-05-21,30,mg/L,/day,1,38,38,Action Plan Submitted,Voluntary Compliance Underway
HEIDELBERG FOODS LTD.,Heidelberg Foods,"1035 REITZEL PL, WOOLWICH, ON N0B 2N0",WOOLWICH,Miscellaneous Industrial,Guelph District Office,TOTAL INORGANIC NITROGEN,Approval/Permit Non-Compliance,2024-01-01,2024-12-31,2.8,mg/L,annual avg,1,3.9,3.9,Conducting Study,Voluntary Compliance Underway
HEIDELBERG FOODS LTD.,Heidelberg Foods,"1035 REITZEL PL, WOOLWICH, ON N0B 2N0",WOOLWICH,Miscellaneous Industrial,Guelph District Office,"SUSPENDED SOLIDS, TOTAL",Approval/Permit Non-Compliance,2024-01-01,2024-12-31,15,mg/L,annual avg,1,51.4,51.4,Conducting Study,Voluntary Compliance Underway
HEIDELBERG FOODS LTD.,Heidelberg Foods,"1035 REITZEL PL, WOOLWICH, ON N0B 2N0",WOOLWICH,Miscellaneous Industrial,Guelph District Office,CARBONACEOUS BIOCHEMICAL OXYGEN DEMAND,Approval/Permit Non-Compliance,2024-01-01,2024-12-31,15,mg/L,annual avg,1,18.2,18.2,Conducting Study,Voluntary Compliance Underway
HACIENDA NORTH FARMS INC.,Hacienda North Farms Inc.,"2961 TALBOT TRAIL, CHATHAM-KENT, ON N0P 2P0",CHATHAM-KENT,Miscellaneous Industrial,Windsor District Office,PHOSPHORUS; TOTAL,Approval/Permit Non-Compliance,2024-02-01,2024-02-29,1,mg/L,/mon,1,1.49,1.49,Equipment Modified/Repaired,Addressed w/o Intervention
WATERFORD SAND & GRAVEL LIMITED,Norfolk Aggregates,"1136 ST. JOHN'S RD E, NORFOLK COUNTY, ON N0A 1N0",NORFOLK COUNTY,Industrial Minerals,Hamilton District Office,"SUSPENDED SOLIDS, TOTAL",Approval/Permit Non-Compliance,2024-04-12,2024-04-12,25,mg/L,/mon,1,81,81,Additional Monitoring Underway,Addressed w/o Intervention
MAGELLAN AEROSPACE CORPORATION,Magellan Aerospace Corporation,"634 MAGNESIUM RD, WHITEWATER REGION, ON K0J 1Y0",WHITEWATER REGION,Metal Casting,Ottawa District Office,Acute Lethality - DAPHNIA MAGNA,Approval/Permit Non-Compliance,2024-03-13,2024-03-13,0,acute toxicity,/mon,1,1,1,Additional Monitoring Underway,Voluntary Compliance Underway
MAGRIS TALC CANADA INC.,Magris Talc - Penhorwood Mine and Mill,"1 PENHORWOOD MINE RD, TIMMINS, ON P9N 7J5",TIMMINS,Metal Mining and Refining,Timmins District Office,ARSENIC,Approval/Permit Non-Compliance,2024-01-01,2024-01-31,0.012,mg/L,/mon,1,0.012,0.012,Action Plan Submitted,Voluntary Compliance Underway
MAGRIS TALC CANADA INC.,Magris Talc - Penhorwood Mine and Mill,"1 PENHORWOOD MINE RD, TIMMINS, ON P9N 7J5",TIMMINS,Metal Mining and Refining,Timmins District Office,PHOSPHORUS; TOTAL,Approval/Permit Non-Compliance,2024-01-01,2024-01-31,0.03,mg/L,/mon,1,0.093,0.093,Action Plan Submitted,Voluntary Compliance Underway
MAGRIS TALC CANADA INC.,Magris Talc - Penhorwood Mine and Mill,"1 PENHORWOOD MINE RD, TIMMINS, ON P9N 7J5",TIMMINS,Metal Mining and Refining,Timmins District Office,"SUSPENDED SOLIDS, TOTAL",Approval/Permit Non-Compliance,2024-01-03,2024-01-03,50,mg/L,/day,1,262,262,Training Procedure Change,Addressed w/o Intervention
MAGRIS TALC CANADA INC.,Magris Talc - Penhorwood Mine and Mill,"1 PENHORWOOD MINE RD, TIMMINS, ON P9N 7J5",TIMMINS,Metal Mining and Refining,Timmins District Office,"SUSPENDED SOLIDS, TOTAL",Approval/Permit Non-Compliance,2024-02-01,2024-02-29,25,mg/L,/mon,1,44,44,New/Amended Approval,Voluntary Compliance Underway
MAGRIS TALC CANADA INC.,Magris Talc - Penhorwood Mine and Mill,"1 PENHORWOOD MINE RD, TIMMINS, ON P9N 7J5",TIMMINS,Metal Mining and Refining,Timmins District Office,ARSENIC,Approval/Permit Non-Compliance,2024-02-01,2024-02-29,0.005,mg/L,/mon,1,0.013,0.013,New/Amended Approval,Voluntary Compliance Underway
MAGRIS TALC CANADA INC.,Magris Talc - Penhorwood Mine and Mill,"1 PENHORWOOD MINE RD, TIMMINS, ON P9N 7J5",TIMMINS,Metal Mining and Refining,Timmins District Office,PHOSPHORUS; TOTAL,Approval/Permit Non-Compliance,2024-02-01,2024-02-29,0.03,mg/L,/mon,1,0.094,0.094,New/Amended Approval,Voluntary Compliance Underway
MAGRIS TALC CANADA INC.,Magris Talc - Penhorwood Mine and Mill,"1 PENHORWOOD MINE RD, TIMMINS, ON P9N 7J5",TIMMINS,Metal Mining and Refining,Timmins District Office,"SUSPENDED SOLIDS, TOTAL",Approval/Permit Non-Compliance,2024-02-08,2024-02-08,50,mg/L,/day,1,106,106,Operational Process Modified,Event Resolved
MAGRIS TALC CANADA INC.,Magris Talc - Penhorwood Mine and Mill,"1 PENHORWOOD MINE RD, TIMMINS, ON P9N 7J5",TIMMINS,Metal Mining and Refining,Timmins District Office,PHOSPHORUS; TOTAL,Approval/Permit Non-Compliance,2024-03-01,2024-03-31,0.03,mg/L,/mon,1,0.06,0.06,Action Plan Submitted,Voluntary Compliance Underway
MAGRIS TALC CANADA INC.,Magris Talc - Penhorwood Mine and Mill,"1 PENHORWOOD MINE RD, TIMMINS, ON P9N 7J5",TIMMINS,Metal Mining and Refining,Timmins District Office,ARSENIC,Approval/Permit Non-Compliance,2024-03-01,2024-03-31,0.005,mg/L,/mon,1,0.008,0.008,Action Plan Submitted,Voluntary Compliance Underway
MAGRIS TALC CANADA INC.,Magris Talc - Penhorwood Mine and Mill,"1 PENHORWOOD MINE RD, TIMMINS, ON P9N 7J5",TIMMINS,Metal Mining and Refining,Timmins District Office,PHOSPHORUS; TOTAL,Approval/Permit Non-Compliance,2024-04-01,2024-04-30,0.03,mg/L,/mon,1,0.0368,0.0368,New/Amended Approval,Voluntary Compliance Underway
MAGRIS TALC CANADA INC.,Magris Talc - Penhorwood Mine and Mill,"1 PENHORWOOD MINE RD, TIMMINS, ON P9N 7J5",TIMMINS,Metal Mining and Refining,Timmins District Office,PHOSPHORUS; TOTAL,Approval/Permit Non-Compliance,2024-06-01,2024-06-30,0.02,mg/L,/mon,1,0.05,0.05,Action Plan Submitted,Voluntary Compliance Underway
MAGRIS TALC CANADA INC.,Magris Talc - Penhorwood Mine and Mill,"1 PENHORWOOD MINE RD, TIMMINS, ON P9N 7J5",TIMMINS,Metal Mining and Refining,Timmins District Office,ARSENIC,Approval/Permit Non-Compliance,2024-06-01,2024-06-30,0.005,mg/L,/mon,1,0.007,0.007,Action Plan Submitted,Voluntary Compliance Underway
MAGRIS TALC CANADA INC.,Magris Talc - Penhorwood Mine and Mill,"1 PENHORWOOD MINE RD, TIMMINS, ON P9N 7J5",TIMMINS,Metal Mining and Refining,Timmins District Office,ARSENIC,Approval/Permit Non-Compliance,2024-07-01,2024-08-31,0.0001,mg/L,/mon,1,0.005,0.005,Action Plan Submitted,Voluntary Compliance Underway
MAGRIS TALC CANADA INC.,Magris Talc - Penhorwood Mine and Mill,"1 PENHORWOOD MINE RD, TIMMINS, ON P9N 7J5",TIMMINS,Metal Mining and Refining,Timmins District Office,PHOSPHORUS; TOTAL,Approval/Permit Non-Compliance,2024-07-01,2024-07-31,0.002,mg/L,/mon,1,0.03,0.03,Action Plan Submitted,Voluntary Compliance Underway
MAGRIS TALC CANADA INC.,Magris Talc - Penhorwood Mine and Mill,"1 PENHORWOOD MINE RD, TIMMINS, ON P9N 7J5",TIMMINS,Metal Mining and Refining,Timmins District Office,PHOSPHORUS; TOTAL,Legislation Non-Compliance,2024-08-01,2024-08-31,0.03,mg/L,/mon,1,0.08,0.08,Action Plan Submitted,Voluntary Compliance Underway
MAGRIS TALC CANADA INC.,Magris Talc - Penhorwood Mine and Mill,"1 PENHORWOOD MINE RD, TIMMINS, ON P9N 7J5",TIMMINS,Metal Mining and Refining,Timmins District Office,ARSENIC,Approval/Permit Non-Compliance,2024-08-01,2024-08-31,0.005,mg/L,/mon,1,0.01,0.01,Action Plan Submitted,Voluntary Compliance Underway
MAGRIS TALC CANADA INC.,Magris Talc - Penhorwood Mine and Mill,"1 PENHORWOOD MINE RD, TIMMINS, ON P9N 7J5",TIMMINS,Metal Mining and Refining,Timmins District Office,PHOSPHORUS; TOTAL,Approval/Permit Non-Compliance,2024-09-01,2024-09-30,0.03,mg/L,/mon,1,0.1,0.1,Action Plan Submitted,Addressed w/o Intervention
MAGRIS TALC CANADA INC.,Magris Talc - Penhorwood Mine and Mill,"1 PENHORWOOD MINE RD, TIMMINS, ON P9N 7J5",TIMMINS,Metal Mining and Refining,Timmins District Office,ARSENIC,Approval/Permit Non-Compliance,2024-09-01,2024-09-30,0.005,mg/L,/mon,1,0.012,0.012,Action Plan Submitted,Addressed w/o Intervention
MAGRIS TALC CANADA INC.,Magris Talc - Penhorwood Mine and Mill,"1 PENHORWOOD MINE RD, TIMMINS, ON P9N 7J5",TIMMINS,Metal Mining and Refining,Timmins District Office,PHOSPHORUS; TOTAL,Approval/Permit Non-Compliance,2024-10-01,2024-10-31,0.03,mg/L,/mon,1,0.1,0.1,Action Plan Submitted,Voluntary Compliance Underway
MAGRIS TALC CANADA INC.,Magris Talc - Penhorwood Mine and Mill,"1 PENHORWOOD MINE RD, TIMMINS, ON P9N 7J5",TIMMINS,Metal Mining and Refining,Timmins District Office,ARSENIC,Approval/Permit Non-Compliance,2024-10-01,2024-10-31,0.005,mg/L,/mon,1,0.011,0.011,Action Plan Submitted,Voluntary Compliance Underway
MAGRIS TALC CANADA INC.,Magris Talc - Penhorwood Mine and Mill,"1 PENHORWOOD MINE RD, TIMMINS, ON P9N 7J5",TIMMINS,Metal Mining and Refining,Timmins District Office,PHOSPHORUS; TOTAL,Approval/Permit Non-Compliance,2024-11-01,2024-11-30,0.03,mg/L,/mon,1,0.048,0.048,Action Plan Submitted,Voluntary Compliance Underway
MAGRIS TALC CANADA INC.,Magris Talc - Penhorwood Mine and Mill,"1 PENHORWOOD MINE RD, TIMMINS, ON P9N 7J5",TIMMINS,Metal Mining and Refining,Timmins District Office,ARSENIC,Approval/Permit Non-Compliance,2024-11-01,2024-11-30,0.005,mg/L,/mon,1,0.0055,0.0055,Action Plan Submitted,Voluntary Compliance Underway
MAGRIS TALC CANADA INC.,Magris Talc - Penhorwood Mine and Mill,"1 PENHORWOOD MINE RD, TIMMINS, ON P9N 7J5",TIMMINS,Metal Mining and Refining,Timmins District Office,PHOSPHORUS; TOTAL,Approval/Permit Non-Compliance,2024-12-01,2024-12-31,0.03,mg/L,/mon,1,0.08,0.08,Action Plan Submitted,Voluntary Compliance Underway
MAGRIS TALC CANADA INC.,Magris Talc - Penhorwood Mine and Mill,"1 PENHORWOOD MINE RD, TIMMINS, ON P9N 7J5",TIMMINS,Metal Mining and Refining,Timmins District Office,"SUSPENDED SOLIDS, TOTAL",Approval/Permit Non-Compliance,2024-12-01,2024-12-31,25,mg/L,/mon,1,60.85,60.85,Action Plan Submitted,Voluntary Compliance Underway
MAGRIS TALC CANADA INC.,Magris Talc - Penhorwood Mine and Mill,"1 PENHORWOOD MINE RD, TIMMINS, ON P9N 7J5",TIMMINS,Metal Mining and Refining,Timmins District Office,ARSENIC,Approval/Permit Non-Compliance,2024-12-01,2024-12-31,0.005,mg/L,/mon,1,0.008,0.008,Action Plan Submitted,Voluntary Compliance Underway
GREENFIRST FOREST PRODUCTS (QC) INC.,Kapuskasing Operations,"1 GOVERNMENT RD, KAPUSKASING, ON P5N 2Y2",KAPUSKASING,Pulp and Paper,Timmins District Office,Acute Lethality - DAPHNIA MAGNA,Approval/Permit Non-Compliance,2024-07-15,2024-07-15,0,acute toxicity,/quarter,1,1,1,Additional Monitoring Underway,Addressed w/o Intervention
KELLER BROS. GREANHOUSES INC.,Keller Bros. Greenhouses,"1890 RD 5 E, RR 2, RUTHVEN, KINGSVILLE, ON N0P 2G0",KINGSVILLE,Miscellaneous Industrial,Windsor District Office,PHOSPHORUS; TOTAL,Approval/Permit Non-Compliance,2024-01-01,2024-01-31,0.5,mg/L,4 mon rolling avg,1,0.613,0.613,Resolved w/o Actions Required,Addressed w/o Intervention
KELLER BROS. GREANHOUSES INC.,Keller Bros. Greenhouses,"1890 RD 5 E, RR 2, RUTHVEN, KINGSVILLE, ON N0P 2G0",KINGSVILLE,Miscellaneous Industrial,Windsor District Office,ZINC,Approval/Permit Non-Compliance,2024-01-01,2024-12-11,0.1,mg/L,4 mon rolling avg,22,0.136,0.282,Resolved w/o Actions Required,Addressed w/o Intervention
STRADA AGGREGATES INC.,"Strada Aggregates Inc - 2494 Bowman St, Innisfil",2494 BOWMAN STREET,INNISFIL,Industrial Minerals,Barrie District Office,PH - HIGH,Approval/Permit Non-Compliance,2024-04-03,2024-04-03,8.5,pH,bi-annual,1,8.59,8.59,Equipment Modified/Repaired,Voluntary Compliance Underway
KLASSEN GREENHOUSE FARMS INC.,Klassen Greenhouse Farms Inc.,"63 COUNTY RD 29, COTTAM, KINGSVILLE, ON N0R 1B0",KINGSVILLE,Miscellaneous Industrial,Windsor District Office,"SUSPENDED SOLIDS, TOTAL",Approval/Permit Non-Compliance,2024-04-01,2024-07-31,25,mg/L,4 mon rolling avg,1,55,55,Action Plan Submitted,Voluntary Compliance Underway
IAMGOLD CORPORATION,Cote Gold Project,"3 MESOMIKENDA LAKE RD, GOGAMA, GREATER SUDBURY, ON P0M 1W0",GREATER SUDBURY,Metal Mining and Refining,Timmins District Office,"SUSPENDED SOLIDS, TOTAL",Approval/Permit Non-Compliance,2024-03-05,2024-03-07,30,mg/L,/day,3,31,52,New Equipment Installed,Assessment Underway
IAMGOLD CORPORATION,Cote Gold Project,"3 MESOMIKENDA LAKE RD, GOGAMA, GREATER SUDBURY, ON P0M 1W0",GREATER SUDBURY,Metal Mining and Refining,Timmins District Office,"SUSPENDED SOLIDS, TOTAL",Approval/Permit Non-Compliance,2024-03-05,2024-03-07,15,mg/L,/mon,1,26.11,26.11,Operational Process Modified,Addressed w/o Intervention
IAMGOLD CORPORATION,Cote Gold Project,"3 MESOMIKENDA LAKE RD, GOGAMA, GREATER SUDBURY, ON P0M 1W0",GREATER SUDBURY,Metal Mining and Refining,Timmins District Office,ZINC,Approval/Permit Non-Compliance,2024-04-01,2024-04-30,0.039,mg/L,/mon,1,0.0413,0.0413,Additional Monitoring Underway,Voluntary Compliance Underway
RUTHVEN FARMS INC.,Ruthven Farms,"1448 RD 4 E, RUTHVEN, KINGSVILLE, ON N0P 2G0",KINGSVILLE,Miscellaneous Industrial,Windsor District Office,ZINC,Approval/Permit Non-Compliance,2024-02-01,2024-07-31,0.1,mg/L,4 mon rolling avg,6,0.14,0.22,Resolved w/o Actions Required,Event Resolved
ATURA POWER,Portlands Energy Centre,"470 UNWIN AVE, TORONTO, ON M4M 3M9",TORONTO,Electric Power Generation,Toronto District Office,TEMPERATURE,Approval/Permit Non-Compliance,2024-07-31,2024-07-31,30,°C,daily avg,1,30.8,30.8,Technical Standard Requested,Assessment Underway
REINHART FOODS LIMITED/ ALIMENTS REINHART LIMITEE,Reinhart Foods Limited,"7449 HIGHWAY 26, CLEARVIEW, ON L0M 1S0",CLEARVIEW,Miscellaneous Industrial,Barrie District Office,TEMPERATURE,Approval/Permit Non-Compliance,2024-10-30,2024-10-31,30,°C,/day,2,30.8,31,Operational Process Modified,Event Resolved
CONTINENTAL CARBON GROUP INC.,Continental Carbon Group Inc. (Mobile Unit) at N.M. Bartlett inc.,"4509 BARTLETT RD, BEAMSVILLE, LINCOLN, ON L0R 1B1",LINCOLN,Miscellaneous Industrial,Niagara District Office,DICHLORODIPHENYLTRICHLOROETHANE (DDD),Approval/Permit Non-Compliance,2024-01-09,2024-01-09,3,ng/L,/week,1,7.77,7.77,Resolved w/o Actions Required,Addressed w/o Intervention
CONTINENTAL CARBON GROUP INC.,Continental Carbon Group Inc. (Mobile Unit) at N.M. Bartlett inc.,"4509 BARTLETT RD, BEAMSVILLE, LINCOLN, ON L0R 1B1",LINCOLN,Miscellaneous Industrial,Niagara District Office,DICHLORODIPHENYLTRICHLOROETHANE (DDD),Approval/Permit Non-Compliance,2024-04-03,2024-04-03,0.003,µg/L,/week,1,0.00323,0.00323,Additional Monitoring Underway,Addressed w/o Intervention
2509020 ONTARIO LIMITED,Fehr View Acres,"620 COUNTY RD 37, LEAMINGTON, ON N0P 2P0",LEAMINGTON,Miscellaneous Industrial,Windsor District Office,PHOSPHORUS; TOTAL,Approval/Permit Non-Compliance,2024-03-01,2024-06-30,0.5,mg/L,4 mon rolling avg,1,1.1,1.1,Resolved w/o Actions Required,Addressed w/o Intervention
GREENWOOD MUSHROOMS DEVELOPMENT CORPORATION,Greenwood Mushroom Farm - Scugog,"1161 SCUGOG LINE 6, SCUGOG, ON",SCUGOG,Miscellaneous Industrial,York Durham District Office,CARBONACEOUS BIOCHEMICAL OXYGEN DEMAND,Approval/Permit Non-Compliance,2024-12-19,2024-12-19,20,mg/L,/mon,1,25,25,Action Plan Submitted,Assessment Underway
GREENWOOD MUSHROOMS DEVELOPMENT CORPORATION,Greenwood Mushroom Farm - Scugog,"1161 SCUGOG LINE 6, SCUGOG, ON",SCUGOG,Miscellaneous Industrial,York Durham District Office,NITROGEN; TOTAL,Approval/Permit Non-Compliance,2024-12-19,2024-12-19,8,mg/L,/mon,1,13,13,Action Plan Submitted,Assessment Underway
1573903 ONTARIO LTD.,Cedarline Greenhouses,"11080 BASELINE RD, DRESDEN, CHATHAM-KENT, ON N0P 1M0",CHATHAM-KENT,Miscellaneous Industrial,Windsor District Office,ZINC,Approval/Permit Non-Compliance,2024-01-01,2024-06-30,0.1,mg/L,4 mon rolling avg,6,0.13,0.28,Resolved w/o Actions Required,Assessment Underway
1573903 ONTARIO LTD.,Cedarline Greenhouses,"11080 BASELINE RD, DRESDEN, CHATHAM-KENT, ON N0P 1M0",CHATHAM-KENT,Miscellaneous Industrial,Windsor District Office,NITRATE (AS NITROGEN),Approval/Permit Non-Compliance,2024-07-01,2024-08-31,20,mg/L,4 mon rolling avg,2,21.13,21.44,Resolved w/o Actions Required,Assessment Underway
DI CIOCCO FARMS INCORPORATED,Di Ciocco Farms,"294 TALBOT ST E, LEAMINGTON, ON N8H 3V6",LEAMINGTON,Miscellaneous Industrial,Windsor District Office,ZINC,Approval/Permit Non-Compliance,2024-01-01,2024-06-30,0.1,mg/L,rolling avg,6,0.12,0.34,Resolved w/o Actions Required,Addressed w/o Intervention
DI CIOCCO FARMS INCORPORATED,Di Ciocco Farms,"294 TALBOT ST E, LEAMINGTON, ON N8H 3V6",LEAMINGTON,Miscellaneous Industrial,Windsor District Office,ZINC,Approval/Permit Non-Compliance,2024-12-01,2024-12-31,0.1,mg/L,rolling avg,1,0.17,0.17,Resolved w/o Actions Required,Addressed w/o Intervention
DI CIOCCO FARMS INCORPORATED,Di Ciocco Farms Eastside,"308 TALBOT RD E, LEAMINGTON, ON N8H 3V6",LEAMINGTON,Miscellaneous Industrial,Windsor District Office,ZINC,Approval/Permit Non-Compliance,2024-01-01,2024-12-31,0.1,mg/L,rolling avg,9,0.12,0.22,Conducting Study,Event Resolved
DI CIOCCO FARMS INCORPORATED,Di Ciocco Farms Eastside,"308 TALBOT RD E, LEAMINGTON, ON N8H 3V6",LEAMINGTON,Miscellaneous Industrial,Windsor District Office,PHOSPHORUS; TOTAL,Approval/Permit Non-Compliance,2024-07-01,2024-11-30,0.5,mg/L,rolling avg,4,0.51,0.6,Conducting Study,Event Resolved
DUTCH FLOWER HOUSE INC.,Dutch Flower House Inc.,"1214 CONCESSION 7 RD, NIAGARA-ON-THE-LAKE, ON L0S 1J0",NIAGARA-ON-THE-LAKE,Miscellaneous Industrial,Niagara District Office,NITRATE (AS NITROGEN),Approval/Permit Non-Compliance,2024-01-01,2024-01-31,20,mg/L,rolling avg,1,165,165,Resolved w/o Actions Required,Addressed w/o Intervention
DUTCH FLOWER HOUSE INC.,Dutch Flower House Inc.,"1214 CONCESSION 7 RD, NIAGARA-ON-THE-LAKE, ON L0S 1J0",NIAGARA-ON-THE-LAKE,Miscellaneous Industrial,Niagara District Office,NITRATE (AS NITROGEN),Approval/Permit Non-Compliance,2024-02-01,2024-02-29,20,mg/L,2 mon rolling avg,1,83,83,Resolved w/o Actions Required,Addressed w/o Intervention
DUTCH FLOWER HOUSE INC.,Dutch Flower House Inc.,"1214 CONCESSION 7 RD, NIAGARA-ON-THE-LAKE, ON L0S 1J0",NIAGARA-ON-THE-LAKE,Miscellaneous Industrial,Niagara District Office,NITRATE (AS NITROGEN),Approval/Permit Non-Compliance,2024-03-01,2024-03-31,20,mg/L,3 mon rolling avg,1,55.67,55.67,Resolved w/o Actions Required,Addressed w/o Intervention
DUTCH FLOWER HOUSE INC.,Dutch Flower House Inc.,"1214 CONCESSION 7 RD, NIAGARA-ON-THE-LAKE, ON L0S 1J0",NIAGARA-ON-THE-LAKE,Miscellaneous Industrial,Niagara District Office,NITRATE (AS NITROGEN),Approval/Permit Non-Compliance,2024-04-01,2024-04-30,20,mg/L,4 mon rolling avg,1,55.67,55.67,Resolved w/o Actions Required,Addressed w/o Intervention
HIS MAJESTY THE KING IN RIGHT OF ONTARIO AS REPRESENTED BY THE MINISTER OF MINES,Timminco,"962 MAGNESIUM RD, WHITEWATER REGION, ON",WHITEWATER REGION,Industrial Minerals,Ottawa District Office,Acute Lethality - DAPHNIA MAGNA,Legislation Non-Compliance,2024-11-04,2024-11-04,0,acute toxicity,/mon,1,1,1,Conducting Study,Assessment Underway
HIS MAJESTY THE KING IN RIGHT OF ONTARIO AS REPRESENTED BY THE MINISTER OF MINES,Timminco,"962 MAGNESIUM RD, WHITEWATER REGION, ON",WHITEWATER REGION,Industrial Minerals,Ottawa District Office,Acute Lethality - DAPHNIA MAGNA,Legislation Non-Compliance,2024-07-01,2024-08-31,0,acute toxicity,/quarter,1,1,1,Conducting Study,Assessment Underway
HIS MAJESTY THE KING IN RIGHT OF ONTARIO AS REPRESENTED BY THE MINISTER OF MINES,Timminco,"962 MAGNESIUM RD, WHITEWATER REGION, ON",WHITEWATER REGION,Industrial Minerals,Ottawa District Office,PH - LOW,Approval/Permit Non-Compliance,2024-08-01,2024-08-31,6,pH,/mon,1,5.19,5.19,Conducting Study,Assessment Underway
DVD FARMS LIMITED,DVD Farms Ltd.,"1132 SEACLIFF DR E, LEAMINGTON, ON",LEAMINGTON,Miscellaneous Industrial,Windsor District Office,ZINC,Approval/Permit Non-Compliance,2024-01-01,2024-12-31,0.1,mg/L,4 mon rolling avg,12,0.12,0.56,Resolved w/o Actions Required,Addressed w/o Intervention
HF SINCLAIR REFINING & MARKETING LLC,PETRO-CANADA LUBRICANTS INC.,"385 SOUTHDOWN RD, MISSISSAUGA, ON L5J 2Y3",MISSISSAUGA,Petroleum Refining,Halton-Peel District Office,TOTAL RESIDUAL CHLORINE,Approval/Permit Non-Compliance,2024-06-25,2024-06-25,0.01,mg/L,any,1,0.2,0.2,Equipment Modified/Repaired,Addressed w/o Intervention
APHRIA DIAMOND INC.,AphriaDiamond Greenhouse,"620 COUNTY RD 14, LEAMINGTON, ON",LEAMINGTON,Miscellaneous Industrial,Windsor District Office,CARBONACEOUS BIOCHEMICAL OXYGEN DEMAND,Approval/Permit Non-Compliance,2024-04-01,2024-04-30,15,mg/L,rolling avg,4,24.8,26.3,Equipment Modified/Repaired,Event Resolved
LAKESHORE VEGGIE GROWERS INC.,Lakeshore Veggie Growers Inc.,"155 SEACLIFF DR W, LEAMINGTON, ON",LEAMINGTON,Miscellaneous Industrial,Windsor District Office,ZINC,Approval/Permit Non-Compliance,2024-01-01,2024-12-31,0.1,mg/L,rolling avg,12,0.16,0.64,Resolved w/o Actions Required,Addressed w/o Intervention
LAKESHORE VEGGIE GROWERS INC.,Lakeshore Veggie Growers Inc.,"155 SEACLIFF DR W, LEAMINGTON, ON",LEAMINGTON,Miscellaneous Industrial,Windsor District Office,ZINC,Approval/Permit Non-Compliance,2024-01-01,2024-12-31,0.1,mg/L,4 mon rolling avg,12,0.16,0.7,Resolved w/o Actions Required,Addressed w/o Intervention
STELLA-JONES INC.,Stella-Jones Inc. - Stouffville,"1 RAM FOREST RD, WHITCHURCH-STOUFFVILLE, ON L0H 1G0",WHITCHURCH-STOUFFVILLE,Miscellaneous Industrial,York Durham District Office,COPPER,Approval/Permit Non-Compliance,2024-02-13,2024-02-13,53,µg/L,"bimonthly, during discharge",1,540,540,Conducting Study,Voluntary Compliance Underway
STELLA-JONES INC.,Stella-Jones Inc. - Stouffville,"1 RAM FOREST RD, WHITCHURCH-STOUFFVILLE, ON L0H 1G0",WHITCHURCH-STOUFFVILLE,Miscellaneous Industrial,York Durham District Office,COPPER,Approval/Permit Non-Compliance,2024-04-11,2024-04-11,53,µg/L,"bimonthly, during discharge",1,1400,1400,Conducting Study,Voluntary Compliance Underway
ONTARIO POWER GENERATION INC.,Atikokan Generating Station,"ATIKOKAN GENERATING STATION HIGHWAY 622, ATIKOKAN, ON P0T 1C0",ATIKOKAN,Electric Power Generation,Thunder Bay District Office,Acute Lethality - DAPHNIA MAGNA,Approval/Permit Non-Compliance,2024-03-04,2024-03-19,0,acute toxicity,/day,1,1,1,New Equipment Installed,Voluntary Compliance Underway
ONTARIO POWER GENERATION INC.,Atikokan Generating Station,"ATIKOKAN GENERATING STATION HIGHWAY 622, ATIKOKAN, ON P0T 1C0",ATIKOKAN,Electric Power Generation,Thunder Bay District Office,Acute Lethality - Rainbow Trout,Approval/Permit Non-Compliance,2024-03-04,2024-03-19,0,acute toxicity,/day,1,1,1,New Equipment Installed,Voluntary Compliance Underway
NEW GOLD INC.,New Gold Mine,"24 MARR RD, CHAPPLE, ON P0W 1A0",CHAPPLE,Metal Mining and Refining,Kenora Area Office,"SUSPENDED SOLIDS, TOTAL",Approval/Permit Non-Compliance,2024-06-05,2024-06-30,15,mg/L,mon avg,1,15.7,15.7,Operational Process Modified,Penalty Order
NEW GOLD INC.,New Gold Mine,"24 MARR RD, CHAPPLE, ON P0W 1A0",CHAPPLE,Metal Mining and Refining,Kenora Area Office,"AMMONIA, UNIONIZED",Approval/Permit Non-Compliance,2024-06-05,2024-06-05,0.08,mg/L,/day,1,0.164,0.164,Operational Process Modified,Penalty Order
NEW GOLD INC.,New Gold Mine,"24 MARR RD, CHAPPLE, ON P0W 1A0",CHAPPLE,Metal Mining and Refining,Kenora Area Office,"AMMONIA, UNIONIZED",Approval/Permit Non-Compliance,2024-06-06,2024-06-06,0.08,mg/L,/day,1,0.186,0.186,Operational Process Modified,Penalty Order
ALGOMA STEEL INC.,ALGOMA STEEL INC.,"105 WEST ST, SAULT STE. MARIE, ON",SAULT STE. MARIE,Iron and Steel,Sault Ste. Marie Area Office,Acute Lethality - Rainbow Trout,Approval/Permit Non-Compliance,2024-01-18,2024-01-18,0,acute toxicity,any,1,1,1,New Equipment Installed,Other Action Taken
ALGOMA STEEL INC.,ALGOMA STEEL INC.,"105 WEST ST, SAULT STE. MARIE, ON",SAULT STE. MARIE,Iron and Steel,Sault Ste. Marie Area Office,Acute Lethality - Rainbow Trout,Approval/Permit Non-Compliance,2024-07-02,2024-07-04,0,acute toxicity,any,2,1,1,Penalty Paid,Penalty Order
Ces données sont fournies à titre d’information seulement. Les installations responsables des rejets ont fourni la plupart des données de ce sommaire. Ces installations sont responsables de l’exactitude des données fournies. Certaines données sont aussi dérivées des données du ministère sur les rejets. Les mesures prises par les installations et par le ministère étaient à jour en Juin 2025. ,,,,,,,,,,,,,,,,,
