Propriétaire de l’installation,Nom du site,Adresse du site,Municipalité du site,Secteur,District,Contaminant,Type de dépassement,Date du début du dépassement,Date de la fin du dépassement,Limite du contaminant,Unité du contaminant,Fréquence de la limite,Nombre de dépassements,Minimum de la quantité,Maximum de la quantité,Mesure prise par l’installation,Mesure prise par le ministère
2596351 Ontario Ltd.,Epping Forest Trailer Park,50 - 949 County Road 50,Essex,Miscellaneous Communal,Windsor,"PHOSPHORUS, TOTAL",Approval / Permit Non-Compliance,2020-07-01,2020-07-31,1,mg/L,mon avg,1,1.03,1.03,Operational Process Modification,Assessment Complete - No Action Required
2596351 Ontario Ltd.,Epping Forest Trailer Park,50 - 949 County Road 50,Essex,Miscellaneous Communal,Windsor,"PHOSPHORUS, TOTAL",Approval / Permit Non-Compliance,2020-08-01,2020-08-31,1,mg/L,mon avg,1,1.21,1.21,Operational Process Modification,Assessment Complete - No Action Required
Boundary Road Development Inc.,Boundary Road Distribution Centre,5225 Boundary Rd,Ottawa,Miscellaneous Communal,Ottawa,TOTAL AMMONIA NITROGEN,Approval / Permit Non-Compliance,2020-09-01,2020-09-30,1,mg/L,mon avg,1,1.09,1.09,Additional Monitoring Underway; Operational Process Modification,Assessment Complete - No Action Required
Burleigh Falls Inn & Suites Inc.,Burleigh Falls Inn & Suites,4791 Hwy 28 Burleigh Falls,North Kawartha,Miscellaneous Communal,Peterborough,TOTAL AMMONIA NITROGEN,Approval / Permit Non-Compliance,2020-12-03,2020-12-03,4,mg/L,/d,1,12.3,12.3,Equipment Modified - Repaired - Replaced or Re-calibrated,Assessment Complete - Incident Resolved
Burleigh Falls Inn & Suites Inc.,Burleigh Falls Inn & Suites,4791 Hwy 28 Burleigh Falls,North Kawartha,Miscellaneous Communal,Peterborough,TOTAL AMMONIA NITROGEN,Approval / Permit Non-Compliance,2020-12-08,2020-12-08,4,mg/L,/d,1,14.2,14.2,Equipment Modified - Repaired - Replaced or Re-calibrated,Assessment Complete - Incident Resolved
Burleigh Falls Inn & Suites Inc.,Burleigh Falls Inn & Suites,4791 Hwy 28 Burleigh Falls,North Kawartha,Miscellaneous Communal,Peterborough,TOTAL AMMONIA NITROGEN,Approval / Permit Non-Compliance,2020-12-15,2020-12-15,4,mg/L,/d,1,11.5,11.5,Equipment Modified - Repaired - Replaced or Re-calibrated,Assessment Complete - Incident Resolved
Burleigh Falls Inn & Suites Inc.,Burleigh Falls Inn & Suites,4791 Hwy 28 Burleigh Falls,North Kawartha,Miscellaneous Communal,Peterborough,TOTAL AMMONIA NITROGEN,Approval / Permit Non-Compliance,2020-12-22,2020-12-22,4,mg/L,/d,1,5.4,5.4,Equipment Modified - Repaired - Replaced or Re-calibrated,Assessment Complete - Incident Resolved
Canadian Shield Consultants Agency Inc.,IAMGOLD - Cote Gold Project,3 Mesomikenda Lake Rd,Chester,Miscellaneous Communal,Timmins,CARBONACEOUS BIOCHEMICAL OXYGEN DEMAND,Approval / Permit Non-Compliance,2020-05-12,2020-05-12,25,mg/L,mon avg,1,49,49,Action Plan Submitted - Implementing Improvements,Assessment Complete - Incident Resolved
Canadian Shield Consultants Agency Inc.,IAMGOLD - Cote Gold Project,3 Mesomikenda Lake Rd,Chester,Miscellaneous Communal,Timmins,"SUSPENDED SOLIDS, TOTAL",Approval / Permit Non-Compliance,2020-05-12,2020-05-12,25,mg/L,mon avg,1,109,109,Action Plan Submitted - Implementing Improvements,Assessment Complete - Incident Resolved
Canadian Shield Consultants Agency Inc.,Little Long Generating Station,Little Long Generating Station,Kapuskasing,Miscellaneous Communal,Timmins,CARBONACEOUS BIOCHEMICAL OXYGEN DEMAND,Approval / Permit Non-Compliance,2020-11-10,2020-11-10,25,mg/L,any,1,38.9,38.9,Operational Process Modification,Assessment Complete - No Action Required
Canadian Shield Consultants Agency Inc.,Little Long Generating Station,Little Long Generating Station,Kapuskasing,Miscellaneous Communal,Timmins,CARBONACEOUS BIOCHEMICAL OXYGEN DEMAND,Approval / Permit Non-Compliance,2020-11-10,2020-11-10,25,mg/L,any,2,31.5,31.5,Operational Process Modification,Assessment Complete - No Action Required
Canadian Shield Consultants Agency Inc.,Little Long Generating Station,Little Long Generating Station,Kapuskasing,Miscellaneous Communal,Timmins,CARBONACEOUS BIOCHEMICAL OXYGEN DEMAND,Approval / Permit Non-Compliance,2020-11-10,2020-11-10,25,mg/L,any,1,36.8,36.8,Operational Process Modification,Assessment Complete - No Action Required
Canadian Shield Consultants Agency Inc.,Little Long Generating Station,Little Long Generating Station,Kapuskasing,Miscellaneous Communal,Timmins,CARBONACEOUS BIOCHEMICAL OXYGEN DEMAND,Approval / Permit Non-Compliance,2020-11-10,2020-11-10,25,mg/L, /wk,1,83.9,83.9,Operational Process Modification,Assessment Complete - No Action Required
Canadian Shield Consultants Agency Inc.,Little Long Generating Station,Little Long Generating Station,Kapuskasing,Miscellaneous Communal,Timmins,ESCHERICHIA COLI,Approval / Permit Non-Compliance,2020-11-10,2020-11-10,200,CT/100 mL,mon avg. on a geo. mean density,1,565,565,Operational Process Modification,Assessment Complete - No Action Required
Canadian Shield Consultants Agency Inc.,Little Long Generating Station,Little Long Generating Station,Kapuskasing,Miscellaneous Communal,Timmins,"SUSPENDED SOLIDS, TOTAL",Approval / Permit Non-Compliance,2020-11-10,2020-11-10,25,mg/L,any,1,36,36,Operational Process Modification,Assessment Complete - No Action Required
CAPREIT Apartments Inc.,Sunny Creek Estates,63 Whites Rd,Quinte West,Miscellaneous Communal,Peterborough,"SUSPENDED SOLIDS, TOTAL",Approval / Permit Non-Compliance,2020-06-01,2020-06-30,15,mg/L,mon avg,1,31.6,31.6,Additional Monitoring Underway,Assessment Complete - Incident Resolved
Castle Amalco Inc. c/o Sun Communities Inc.,37-38 Lake Avenue Lane,37-38 Lake Avenue Lane,Prince Edward,Miscellaneous Communal,Belleville,ESCHERICHIA COLI,Approval / Permit Non-Compliance,2020-07-01,2020-07-31,100,CT/100 mL,mon avg. on a geo. mean density,1,1404,1404,New Equipment or Treatment Process Installed,Voluntary Abatement Program Underway
Castle Amalco Inc. c/o Sun Communities Inc.,37-38 Lake Avenue Lane,37-38 Lake Avenue Lane,Prince Edward,Miscellaneous Communal,Belleville,"PHOSPHORUS, TOTAL",Approval / Permit Non-Compliance,2020-07-01,2020-07-31,0.3,mg/L,mon avg,1,9.1,9.1,New Equipment or Treatment Process Installed,Voluntary Abatement Program Underway
Castle Amalco Inc. c/o Sun Communities Inc.,37-38 Lake Avenue Lane,37-38 Lake Avenue Lane,Prince Edward,Miscellaneous Communal,Belleville,"SUSPENDED SOLIDS, TOTAL",Approval / Permit Non-Compliance,2020-07-01,2020-07-31,10,mg/L,mon avg,1,46,46,New Equipment or Treatment Process Installed,Voluntary Abatement Program Underway
Castle Amalco Inc. c/o Sun Communities Inc.,37-38 Lake Avenue Lane,37-38 Lake Avenue Lane,Prince Edward,Miscellaneous Communal,Belleville,TOTAL AMMONIA NITROGEN,Approval / Permit Non-Compliance,2020-07-01,2020-07-31,5,mg/L,mon avg,1,45.8,45.8,New Equipment or Treatment Process Installed,Voluntary Abatement Program Underway
Castle Amalco Inc. c/o Sun Communities Inc.,37-38 Lake Avenue Lane,37-38 Lake Avenue Lane,Prince Edward,Miscellaneous Communal,Belleville,ESCHERICHIA COLI,Approval / Permit Non-Compliance,2020-08-01,2020-08-31,100,CT/100 mL,mon avg. on a geo. mean density,1,350,350,Equipment Modified - Repaired - Replaced or Re-calibrated,Voluntary Abatement Program Underway
Castle Amalco Inc. c/o Sun Communities Inc.,37-38 Lake Avenue Lane,37-38 Lake Avenue Lane,Prince Edward,Miscellaneous Communal,Belleville,"PHOSPHORUS, TOTAL",Approval / Permit Non-Compliance,2020-08-01,2020-08-31,0.3,mg/L,mon avg,1,4.4,4.4,Equipment Modified - Repaired - Replaced or Re-calibrated,Voluntary Abatement Program Underway
Castle Amalco Inc. c/o Sun Communities Inc.,37-38 Lake Avenue Lane,37-38 Lake Avenue Lane,Prince Edward,Miscellaneous Communal,Belleville,"SUSPENDED SOLIDS, TOTAL",Approval / Permit Non-Compliance,2020-08-01,2020-08-31,10,mg/L,mon avg,1,19,19,Equipment Modified - Repaired - Replaced or Re-calibrated,Voluntary Abatement Program Underway
Castle Amalco Inc. c/o Sun Communities Inc.,37-38 Lake Avenue Lane,37-38 Lake Avenue Lane,Prince Edward,Miscellaneous Communal,Belleville,"PHOSPHORUS, TOTAL",Approval / Permit Non-Compliance,2020-09-01,2020-09-30,0.3,mg/L,mon avg,1,2.6,2.6,Equipment Modified - Repaired - Replaced or Re-calibrated; New Equipment or Treatment Process Installed,Voluntary Abatement Program Underway
City of Greater Sudbury,Azilda Wastewater Treatment Plant,564 St. Agnes St Azilda,Greater Sudbury,Municipal Sewage,Sudbury,TOTAL AMMONIA NITROGEN,Approval / Permit Non-Compliance,2020-02-01,2020-02-29,5,mg/L,mon avg,1,6.65,6.65,Equipment Modified - Repaired - Replaced or Re-calibrated; Operational Process Modification,Assessment Complete - Incident Resolved
City of Greater Sudbury,Azilda Wastewater Treatment Plant,564 St. Agnes St Azilda,Greater Sudbury,Municipal Sewage,Sudbury,TOTAL AMMONIA NITROGEN,Approval / Permit Non-Compliance,2020-03-01,2020-03-31,5,mg/L,mon avg,1,6.1,6.1,Equipment Modified - Repaired - Replaced or Re-calibrated,Assessment Complete - Incident Resolved
City of Greater Sudbury,Azilda Wastewater Treatment Plant,564 St. Agnes St Azilda,Greater Sudbury,Municipal Sewage,Sudbury,"SUSPENDED SOLIDS, TOTAL",Approval / Permit Non-Compliance,2020-03-01,2020-03-31,10,mg/L,mon avg,1,12.8,12.8,Equipment Modified - Repaired - Replaced or Re-calibrated,Assessment Complete - Incident Resolved
City of Greater Sudbury,Azilda Wastewater Treatment Plant,564 St. Agnes St Azilda,Greater Sudbury,Municipal Sewage,Sudbury,"SUSPENDED SOLIDS, TOTAL",Approval / Permit Non-Compliance,2020-04-01,2020-04-30,10,mg/L,mon avg,1,15.7,15.7,Equipment Modified - Repaired - Replaced or Re-calibrated; Operational Process Modification,Assessment Complete - Incident Resolved
City of Greater Sudbury,Chelmsford Water Pollution Control Plant,300 Laurette St Chelmsford Lot 3 Concession 2 Geographic Township of Balfour,Greater Sudbury,Municipal Sewage,Sudbury,TOTAL AMMONIA NITROGEN,Approval / Permit Non-Compliance,2019-11-01,2020-04-30,4,mg/L,seasonal avg,1,8.89,8.89,Equipment Modified - Repaired - Replaced or Re-calibrated,Assessment Complete - Incident Resolved
City of Greater Sudbury,Chelmsford Water Pollution Control Plant,300 Laurette St Chelmsford Lot 3 Concession 2 Geographic Township of Balfour,Greater Sudbury,Municipal Sewage,Sudbury,TOTAL AMMONIA NITROGEN,Approval / Permit Non-Compliance,2019-11-01,2020-04-30,28.4,kg/d,seasonal avg,1,40.1,40.1,Equipment Modified - Repaired - Replaced or Re-calibrated; Operational Process Modification,Assessment Complete - Incident Resolved
City of Greater Sudbury,Sudbury Wastewater Treatment Plant,1271 Kelly Lake Road,Greater Sudbury,Municipal Sewage,Sudbury,ESCHERICHIA COLI,Approval / Permit Non-Compliance,2020-02-01,2020-02-29,200,CT/100 mL,mon avg. on a geo. mean density,1,377,377,Equipment Modified - Repaired - Replaced or Re-calibrated; Operational Process Modification,Assessment Complete - Incident Resolved
ClubLink Corporation ULC,Blue Springs Golf Club,13448 Dublin Line,Halton Hills,Miscellaneous Communal,Halton-Peel,ESCHERICHIA COLI,Approval / Permit Non-Compliance,2020-07-01,2020-07-31,100,CT/100 mL,mon avg. on a geo. mean density,3,110,3700,Equipment Modified - Repaired - Replaced or Re-calibrated,Assessment Complete - Incident Resolved
ClubLink Corporation ULC,Emerald Hills Golf Club,14001 Warden Ave Lot 12 Concession 5 Stouffville,Whitchurch-Stouffville,Miscellaneous Communal,York-Durham,ESCHERICHIA COLI,Approval / Permit Non-Compliance,2020-07-01,2020-07-31,200,CT/100 mL,mon avg. on a geo. mean density,1,686,686,Equipment Modified - Repaired - Replaced or Re-calibrated,Voluntary Abatement Program Underway
ClubLink Corporation ULC,King Valley Golf Club,15675 Dufferin St Lot 21 22 23 Concession 5,King,Miscellaneous Communal,York-Durham,ESCHERICHIA COLI,Approval / Permit Non-Compliance,2020-01-01,2020-01-31,100,CT/100 mL,mon avg. on a geo. mean density,1,552,552,New/Amended Approval,Voluntary Abatement Program Underway
ClubLink Corporation ULC,King Valley Golf Club,15675 Dufferin St Lot 21 22 23 Concession 5,King,Miscellaneous Communal,York-Durham,"NITROGEN, TOTAL",Approval / Permit Non-Compliance,2020-01-01,2020-12-31,22,mg/L,annual avg,1,28,28,New Equipment or Treatment Process Installed,Voluntary Abatement Program Underway
ClubLink Corporation ULC,King Valley Golf Club,15675 Dufferin St Lot 21 22 23 Concession 5,King,Miscellaneous Communal,York-Durham,"SUSPENDED SOLIDS, TOTAL",Approval / Permit Non-Compliance,2020-01-01,2020-11-30,30,mg/L,annual avg,1,36,36,New Equipment or Treatment Process Installed,Voluntary Abatement Program Underway
ClubLink Corporation ULC,King Valley Golf Club,15675 Dufferin St Lot 21 22 23 Concession 5,King,Miscellaneous Communal,York-Durham,ESCHERICHIA COLI,Approval / Permit Non-Compliance,2020-02-01,2020-02-29,100,CT/100 mL,mon avg. on a geo. mean density,1,217,217,New/Amended Approval,Voluntary Abatement Program Underway
ClubLink Corporation ULC,King Valley Golf Club,15675 Dufferin St Lot 21 22 23 Concession 5,King,Miscellaneous Communal,York-Durham,ESCHERICHIA COLI,Approval / Permit Non-Compliance,2020-04-01,2020-04-30,100,CT/100 mL,mon avg. on a geo. mean density,1,390,390,New/Amended Approval,Voluntary Abatement Program Underway
ClubLink Corporation ULC,King Valley Golf Club,15675 Dufferin St Lot 21 22 23 Concession 5,King,Miscellaneous Communal,York-Durham,ESCHERICHIA COLI,Approval / Permit Non-Compliance,2020-08-01,2020-08-31,100,CT/100 mL,mon avg. on a geo. mean density,1,115,115,New/Amended Approval,Voluntary Abatement Program Underway
Corporation of the Nation Municipality,Limoges Sewage Lagoon,1899 Route 500 W,The Nation,Municipal Sewage,Cornwall,HYDROGEN SULFIDE,Approval / Permit Non-Compliance,2020-03-17,2020-03-17,0.04,mg/L,any,1,0.05,0.05,Action Plan Submitted - Implementing Improvements; New Equipment or Treatment Process Installed; Operational Process Modification,Voluntary Abatement Program Underway
Corporation of the Nation Municipality,Limoges Sewage Lagoon,1899 Route 500 W,The Nation,Municipal Sewage,Cornwall,HYDROGEN SULFIDE,Approval / Permit Non-Compliance,2020-04-28,2020-04-28,0.04,mg/L,any,1,0.06,0.06,Action Plan Submitted - Implementing Improvements; New Equipment or Treatment Process Installed; New/Amended Approval; Operational Process Modification,Voluntary Abatement Program Underway
Corporation of the Town of / de la Ville de Kapuskasing,Kapuskasing Wastewater Treatment Plant,486 Montgomery Avenue North Intersection of Montgomery Avenue and Park Crescent Township of O'Brien,Kapuskasing,Municipal Sewage,Timmins,"PHOSPHORUS, TOTAL",Policy/Guideline Non-Conformance,2020-02-01,2020-12-31,1,mg/L,mon avg,3,1.1,1.69,Additional Monitoring Underway,Assessment Complete - No Action Required
D.G.S. Development Inc.,The Greens at Renton,"969 Concession 14, Townsend",Norfolk,Miscellaneous Communal,Hamilton,CARBONACEOUS BIOCHEMICAL OXYGEN DEMAND,Approval / Permit Non-Compliance,2020-10-28,2020-10-28,10,ppm,rolling avg,1,10.25,10.25,Equipment Modified - Repaired - Replaced or Re-calibrated,Assessment Complete - Incident Resolved
Georgian Downs Raceway and Gaming Centre,Georgian Downs Raceway and Gaming Centre,7485 5th Side Rd Lot 6 Concession 8,Innisfil,Miscellaneous Communal,Barrie,TOTAL AMMONIA NITROGEN,Legislation Non-Compliance,2020-12-01,2020-12-31,5,mg/L,mon avg,1,6.1,6.1,Operational Process Modification,Assessment Complete - Incident Resolved
Grand River Conservation Authority,Guelph Lake Conservation Area,7743 Conservation Dr RR #4,Guelph/Eramosa,Miscellaneous Communal,Guelph,CARBONACEOUS BIOCHEMICAL OXYGEN DEMAND,Approval / Permit Non-Compliance,2020-07-01,2020-07-31,20,mg/L,mon avg,1,132,132,Equipment Modified - Repaired - Replaced or Re-calibrated,Assessment Underway
Grand River Conservation Authority,Guelph Lake Conservation Area,7743 Conservation Dr RR #4,Guelph/Eramosa,Miscellaneous Communal,Guelph,"SUSPENDED SOLIDS, TOTAL",Approval / Permit Non-Compliance,2020-07-01,2020-07-31,20,mg/L,mon avg,1,89,89,Equipment Modified - Repaired - Replaced or Re-calibrated,Assessment Underway
Greely Village Centre Owners Association Inc.,Greely Village Centre Water's Edge,South of Parkway Road East of Bank Street and west of Sales Barn Road Part of Lots 73 and 74 Concession 5 RCP 902,Ottawa,Miscellaneous Communal,Ottawa,"PHOSPHORUS, TOTAL",Approval / Permit Non-Compliance,2020-04-01,2020-04-30,0.1,mg/L, /mon,1,0.12,0.12,Additional Monitoring Underway,Assessment Complete - No Action Required
Greely Village Centre Owners Association Inc.,Greely Village Centre Water's Edge,South of Parkway Road East of Bank Street and west of Sales Barn Road Part of Lots 73 and 74 Concession 5 RCP 902,Ottawa,Miscellaneous Communal,Ottawa,NITRATE (AS NITROGEN),Approval / Permit Non-Compliance,2020-05-01,2020-05-31,15,mg/L,mon avg,1,23.75,23.75,Additional Monitoring Underway; Operational Process Modification,Assessment Underway
Greely Village Centre Owners Association Inc.,Greely Village Centre Water's Edge,South of Parkway Road East of Bank Street and west of Sales Barn Road Part of Lots 73 and 74 Concession 5 RCP 902,Ottawa,Miscellaneous Communal,Ottawa,NITRATE (AS NITROGEN),Approval / Permit Non-Compliance,2020-06-01,2020-06-30,15,mg/L,mon avg,1,15.72,15.72,Additional Monitoring Underway; Operational Process Modification,Assessment Complete - Incident Resolved
Greenhill Produce (Thamesville) Ltd.,Greenhill Produce (Thamesville) Ltd.,23282 Kent Bridge Road,Chatham-Kent,Miscellaneous Communal,Windsor,"PHOSPHORUS, TOTAL",Approval / Permit Non-Compliance,2020-09-01,2020-09-30,0.7,mg/L,mon avg,1,6.29,6.29,Operational Process Modification,Assessment Complete - No Action Required
Greenhill Produce (Thamesville) Ltd.,Greenhill Produce (Thamesville) Ltd.,23282 Kent Bridge Road,Chatham-Kent,Miscellaneous Communal,Windsor,"PHOSPHORUS, TOTAL",Approval / Permit Non-Compliance,2020-10-01,2020-10-31,0.7,mg/L,mon avg,1,5.67,5.67,Operational Process Modification,Assessment Complete - No Action Required
Greenhill Produce (Thamesville) Ltd.,Greenhill Produce (Thamesville) Ltd.,23282 Kent Bridge Road,Chatham-Kent,Miscellaneous Communal,Windsor,"PHOSPHORUS, TOTAL",Approval / Permit Non-Compliance,2020-11-01,2020-11-30,0.7,mg/L,mon avg,1,0.97,0.97,Operational Process Modification,Assessment Complete - No Action Required
Her Majesty the Queen in Right of Canada as Represented by the Minister of National Defence,3545 Leitrim Road,3545 Leitrim Rd Lots 15 and 16 Concession 5 Rideau River Front,Ottawa,Miscellaneous Communal,Ottawa,ACUTE LETHALITY - DAPHNIA,Approval / Permit Non-Compliance,2020-04-29,2020-04-29,0,acute toxicity,any,1,1,1,Other,Assessment Complete - No Action Required
Her Majesty the Queen in Right of Canada as Represented by the Minister of National Defence,3545 Leitrim Road,3545 Leitrim Rd Lots 15 and 16 Concession 5 Rideau River Front,Ottawa,Miscellaneous Communal,Ottawa,ACUTE LETHALITY - TROUT,Approval / Permit Non-Compliance,2020-04-29,2020-04-29,0,acute toxicity,any,1,1,1,Other,Assessment Complete - No Action Required
Her Majesty the Queen in Right of Canada as Represented by the Minister of National Defence,3545 Leitrim Road,3545 Leitrim Rd Lots 15 and 16 Concession 5 Rideau River Front,Ottawa,Miscellaneous Communal,Ottawa,"SUSPENDED SOLIDS, TOTAL",Approval / Permit Non-Compliance,2020-04-29,2020-05-08,30,mg/L,seasonal avg,1,48,48,None Required,Assessment Complete - No Action Required
HK Travel Centres GP Inc. operating as HK Travel Centres L.P.; Envirosearch Operations Inc.,Mallorytown North Service Centre,678 Highway 401 W  Part Lots 15 16 & 17 Conc. 1 Parts 1 to 9 Ref Plan 28R-12734,Front of Yonge,Miscellaneous Communal,Kingston,"PHOSPHORUS, TOTAL",Approval / Permit Non-Compliance,2020-02-01,2020-02-29,0.3,mg/L,mon avg,1,0.31,0.31,Equipment Modified - Repaired - Replaced or Re-calibrated,Assessment Complete - Incident Resolved
HK Travel Centres GP Inc. operating as HK Travel Centres L.P.; Envirosearch Operations Inc.,Mallorytown North Service Centre,678 Highway 401 W  Part Lots 15 16 & 17 Conc. 1 Parts 1 to 9 Ref Plan 28R-12734,Front of Yonge,Miscellaneous Communal,Kingston,"SUSPENDED SOLIDS, TOTAL",Approval / Permit Non-Compliance,2020-02-01,2020-02-29,10,mg/L,mon avg,1,11.25,11.25,Equipment Modified - Repaired - Replaced or Re-calibrated,Assessment Complete - Incident Resolved
HMS Host,HMS Host,401 West Bound at Ingersoll,South-West Oxford,Miscellaneous Communal,London,ESCHERICHIA COLI,Approval / Permit Non-Compliance,2020-01-01,2020-01-31,200,CT/100 mL,mon avg. on a geo. mean density,1,353,353,New Equipment or Treatment Process Installed,Other Abatement Action Taken
HMS Host,HMS Host,401 West Bound at Ingersoll,South-West Oxford,Miscellaneous Communal,London,CARBONACEOUS BIOCHEMICAL OXYGEN DEMAND,Approval / Permit Non-Compliance,2020-04-01,2020-04-30,10,mg/L,mon avg,1,16.3,16.3,New Equipment or Treatment Process Installed; Other,Other Abatement Action Taken
HMS Host,HMS Host,401 West Bound at Ingersoll,South-West Oxford,Miscellaneous Communal,London,ESCHERICHIA COLI,Approval / Permit Non-Compliance,2020-04-01,2020-04-30,200,CT/100 mL,mon avg. on a geo. mean density,1,7118,7118,New Equipment or Treatment Process Installed,Other Abatement Action Taken
HMS Host,HMS Host,401 West Bound at Ingersoll,South-West Oxford,Miscellaneous Communal,London,"PHOSPHORUS, TOTAL",Approval / Permit Non-Compliance,2020-04-01,2020-04-30,1,mg/L,mon avg,1,1.5,1.5,New Equipment or Treatment Process Installed,Other Abatement Action Taken
HMS Host,HMS Host,401 West Bound at Ingersoll,South-West Oxford,Miscellaneous Communal,London,"SUSPENDED SOLIDS, TOTAL",Approval / Permit Non-Compliance,2020-04-01,2020-04-30,10,mg/L,mon avg,1,233,233,New Equipment or Treatment Process Installed; Other,Other Abatement Action Taken
HMS Host,HMS Host,401 West Bound at Ingersoll,South-West Oxford,Miscellaneous Communal,London,ESCHERICHIA COLI,Approval / Permit Non-Compliance,2020-07-01,2020-07-31,200,CT/100 mL,mon avg. on a geo. mean density,1,249,249,New Equipment or Treatment Process Installed,Other Abatement Action Taken
HMS Host,HMS Host,401 West Bound at Ingersoll,South-West Oxford,Miscellaneous Communal,London,TOTAL AMMONIA NITROGEN,Approval / Permit Non-Compliance,2020-08-01,2020-08-31,3,mg/L,mon avg,1,4.1,4.1,New Equipment or Treatment Process Installed,Other Abatement Action Taken
HMS Host,HMS Host,401 West Bound at Ingersoll,South-West Oxford,Miscellaneous Communal,London,TOTAL AMMONIA NITROGEN,Approval / Permit Non-Compliance,2020-10-01,2020-10-31,5,mg/L,mon avg,1,10.2,10.2,New Equipment or Treatment Process Installed,Other Abatement Action Taken
HMS Host,HMS Host,401 West Bound at Ingersoll,South-West Oxford,Miscellaneous Communal,London,ESCHERICHIA COLI,Approval / Permit Non-Compliance,2020-11-01,2020-11-30,200,CT/100 mL,mon avg. on a geo. mean density,1,1437,1437,New Equipment or Treatment Process Installed,Other Abatement Action Taken
HMS Host,HMS Host,401 West Bound at Ingersoll,South-West Oxford,Miscellaneous Communal,London,ESCHERICHIA COLI,Approval / Permit Non-Compliance,2020-12-01,2020-12-31,200,CT/100 mL,mon avg. on a geo. mean density,1,447,447,New Equipment or Treatment Process Installed,Other Abatement Action Taken
HMS Host,HMS Host,401 West Bound at Ingersoll,South-West Oxford,Miscellaneous Communal,London,TOTAL AMMONIA NITROGEN,Approval / Permit Non-Compliance,2020-12-01,2020-12-31,5,mg/L,mon avg,1,8.6,8.6,New Equipment or Treatment Process Installed,Other Abatement Action Taken
Innservices Utilities Inc.,Cookstown WPCP,1315 Victoria St,Innisfil,Municipal Sewage,Barrie,TOTAL AMMONIA NITROGEN,Approval / Permit Non-Compliance,2020-04-01,2020-04-30,4,mg/L,mon avg,1,5,5,Additional Monitoring Underway; Conducting Study; Operational Process Modification; Training/Procedure Change,Assessment Complete - Incident Resolved
Innservices Utilities Inc.,Cookstown WPCP,1315 Victoria St,Innisfil,Municipal Sewage,Barrie,TOTAL AMMONIA NITROGEN,Approval / Permit Non-Compliance,2020-10-01,2020-10-31,4,mg/L,mon avg,1,6.2,6.2,Additional Monitoring Underway,Assessment Complete - Incident Resolved
Innservices Utilities Inc.,Cookstown WPCP,1315 Victoria St,Innisfil,Municipal Sewage,Barrie,TOTAL AMMONIA NITROGEN,Approval / Permit Non-Compliance,2020-12-31,2020-12-31,4,mg/L,annual avg,1,4.99,4.99,Additional Monitoring Underway; Conducting Study; Operational Process Modification; Training/Procedure Change,Assessment Complete - Incident Resolved
Lebovic Enterprises Limited,Lebovic Golf Course,14020 Leslie St.,Aurora,Miscellaneous Communal,York-Durham,ESCHERICHIA COLI,Approval / Permit Non-Compliance,2020-07-01,2020-07-31,100,CT/100 mL,mon avg. on a geo. mean density,1,620,620,New/Modified Sampling Program Underway; Training/Procedure Change,Assessment Complete - Incident Resolved
Lebovic Enterprises Limited,Lebovic Golf Course,14020 Leslie St.,Aurora,Miscellaneous Communal,York-Durham,ESCHERICHIA COLI,Approval / Permit Non-Compliance,2020-08-01,2020-08-31,100,CT/100 mL,mon avg. on a geo. mean density,1,869,869,New/Modified Sampling Program Underway; Training/Procedure Change,Assessment Complete - Incident Resolved
Linwood Parks Inc. / Gull Wing Lake Resort Inc.,Gullwing Lake Park,1025 Gullwing Lake Road Torrance,Muskoka Lakes,Miscellaneous Communal,Barrie,TOTAL AMMONIA NITROGEN,Approval / Permit Non-Compliance,2020-06-01,2020-06-30,3,mg/L,mon avg,1,7,7,Operational Process Modification,Assessment complete - Incident Resolved
Linwood Parks Inc. / Gull Wing Lake Resort Inc.,Gullwing Lake Park,1025 Gullwing Lake Road Torrance,Muskoka Lakes,Miscellaneous Communal,Barrie,"SUSPENDED SOLIDS, TOTAL",Approval / Permit Non-Compliance,2020-08-01,2020-08-31,10,mg/L,mon avg,1,14,14,Conducting Study; Equipment Modified - Repaired - Replaced or Re-calibrated,Assessment Underway
Linwood Parks Inc. / Gull Wing Lake Resort Inc.,Gullwing Lake Park,1025 Gullwing Lake Road Torrance,Muskoka Lakes,Miscellaneous Communal,Barrie,TOTAL AMMONIA NITROGEN,Approval / Permit Non-Compliance,2020-08-01,2020-08-31,3,mg/L,mon avg,1,13.4,49.3,Operational Process Modification,Voluntary Abatement Program Underway
LK Aurora Inc.,LK Aurora Sewage Disposal,"Lot: 21, Concession: 8,  Geographic Township: WHITCHURCH, Whitchurch-Stouffville, Town, Regional Municipality of York",Whitchurch-Stouffville,Miscellaneous Communal,York-Durham,"SUSPENDED SOLIDS, TOTAL",Approval / Permit Non-Compliance,2020-07-01,2020-07-31,10,mg/L,mon avg,1,11.2,11.2,Additional Monitoring Underway,Voluntary Abatement Program Underway
LK Aurora Inc.,LK Aurora Sewage Disposal,"Lot: 21, Concession: 8,  Geographic Township: WHITCHURCH, Whitchurch-Stouffville, Town, Regional Municipality of York",Whitchurch-Stouffville,Miscellaneous Communal,York-Durham,TOTAL AMMONIA NITROGEN,Approval / Permit Non-Compliance,2020-07-01,2020-07-31,2.5,mg/L,mon avg,1,4.5,4.5,Additional Monitoring Underway,Voluntary Abatement Program Underway
LK Aurora Inc.,LK Aurora Sewage Disposal,"Lot: 21, Concession: 8,  Geographic Township: WHITCHURCH, Whitchurch-Stouffville, Town, Regional Municipality of York",Whitchurch-Stouffville,Miscellaneous Communal,York-Durham,"SUSPENDED SOLIDS, TOTAL",Approval / Permit Non-Compliance,2020-09-01,2020-09-30,10,mg/L,mon avg,1,11.5,11.5,New/Amended Approval,Voluntary Abatement Program Underway
Mishar Holdings Inc.,Lyn Valley Trailer Court,72 Main St W  Lyn,Elizabethtown-Kitley,Miscellaneous Communal,Kingston,CARBONACEOUS BIOCHEMICAL OXYGEN DEMAND,Approval / Permit Non-Compliance,2020-08-04,2020-09-30,15,mg/L,Quarterly,1,204,204,Action Plan Submitted - Implementing Improvements; Training/Procedure Change,Assessment Complete - Incident Resolved; Ticket Issued; Voluntary Abatement Program Underway
Mishar Holdings Inc.,Lyn Valley Trailer Court,72 Main St W  Lyn,Elizabethtown-Kitley,Miscellaneous Communal,Kingston,"SUSPENDED SOLIDS, TOTAL",Approval / Permit Non-Compliance,2020-08-04,2020-09-30,15,mg/L,Quarterly,1,80.6,80.6,Action Plan Submitted - Implementing Improvements; Training/Procedure Change,Assessment Complete - Incident Resolved; Ticket Issued; Voluntary Abatement Program Underway
Mishar Holdings Inc.,Lyn Valley Trailer Court,72 Main St W  Lyn,Elizabethtown-Kitley,Miscellaneous Communal,Kingston,NITRATES,Approval / Permit Non-Compliance,2020-09-30,2020-10-14,2.5,mg/L,Quarterly,2,4.1,4.1,Action Plan Submitted - Implementing Improvements; Training/Procedure Change,Assessment Complete - Incident Resolved; Ticket Issued; Voluntary Abatement Program Underway
Municipality of Central Manitoulin,Mindemoya Water Pollution Control Plant,210 Young St,Central Manitoulin,Municipal Sewage,Sudbury,"SUSPENDED SOLIDS, TOTAL",Approval / Permit Non-Compliance,2020-07-01,2020-07-31,25,mg/L,mon avg,1,46.5,46.5,Equipment Modified - Repaired - Replaced or Re-calibrated,Assessment Complete - No Action Required
Municipality of Southwest Middlesex,Wardsville Water Pollution Control Plant,1659 Longwoods Rd,Southwest Middlesex,Municipal Sewage,London,"PHOSPHORUS, TOTAL",Approval / Permit Non-Compliance,2020-09-01,2020-09-30,0.5,mg/L,mon avg,1,0.67,0.67,None Required,Assessment Complete - Incident Resolved
Municipality of Southwest Middlesex,Wardsville Water Pollution Control Plant,1659 Longwoods Rd,Southwest Middlesex,Municipal Sewage,London,"PHOSPHORUS, TOTAL",Approval / Permit Non-Compliance,2020-09-23,2020-09-23,1,mg/L, /d,1,1.37,1.37,None Required,Assessment Complete - Incident Resolved
Municipality of Southwest Middlesex,Wardsville Water Pollution Control Plant,1659 Longwoods Rd,Southwest Middlesex,Municipal Sewage,London,"SUSPENDED SOLIDS, TOTAL",Approval / Permit Non-Compliance,2020-12-29,2020-12-29,15,mg/L, /d,1,26,26,None Required,Assessment Complete - No Action Required
Niagara Resorts (Muskoka) Inc.,JW Marriott The Rosseau Muskoka Resort & Spa,1050 Paignton House Rd Minett,Muskoka Lakes,Miscellaneous Communal,Barrie,"SUSPENDED SOLIDS, TOTAL",Approval / Permit Non-Compliance,2020-04-01,2020-04-30,25,mg/L,mon avg,1,36,36,Conducting Study; Equipment Modified - Repaired - Replaced or Re-calibrated,Assessment complete - Incident Resolved
Creg Quay Limited,Creg Quay Communal Sewage Works,"Lot: 21, Concession: 1",South Glengarry,Municipal Sewage,Cornwall,"SUSPENDED SOLIDS, TOTAL",Approval / Permit Non-Compliance,2020-10-30,2020-11-30,40,mg/L,seasonal avg,1,44.2,44.2,Training/Procedure Change,Assessment Complete - No Action Required
Creg Quay Limited,Winchester Sewage Lagoon,12396 Ottawa St N,North Dundas,Municipal Sewage,Cornwall,TOTAL AMMONIA NITROGEN,Approval / Permit Non-Compliance,2020-11-20,2020-12-10,7,mg/L,seasonal avg,1,8.68,8.68,None Required,Assessment Complete - No Action Required
Opinicon Inc.,1697 Chaffeys Lock Road,1697 Chaffeys Lock Road,Rideau Lakes,Miscellaneous Communal,Kingston,"SUSPENDED SOLIDS, TOTAL",Approval / Permit Non-Compliance,2020-01-24,2020-02-21,20,mg/L,any,2,22,30,None Required,Assessment Complete - Incident Resolved
Opinicon Inc.,1697 Chaffeys Lock Road,1697 Chaffeys Lock Road,Rideau Lakes,Miscellaneous Communal,Kingston,CARBONACEOUS BIOCHEMICAL OXYGEN DEMAND,Approval / Permit Non-Compliance,2020-02-21,2020-02-21,20,mg/L,any,1,34,34,None Required,Assessment Complete - Incident Resolved
Opinicon Inc.,1697 Chaffeys Lock Road,1697 Chaffeys Lock Road,Rideau Lakes,Miscellaneous Communal,Kingston,"SUSPENDED SOLIDS, TOTAL",Approval / Permit Non-Compliance,2020-07-23,2020-09-22,20,mg/L,any,3,42,112,Action Plan Submitted - Implementing Improvements,Voluntary Abatement Program Underway
Parkbridge Lifestyle Communities Inc.,Antrim Glen Estates,1265 8th Conc W,Hamilton,Miscellaneous Communal,Hamilton,TOTAL AMMONIA NITROGEN,Approval / Permit Non-Compliance,2020-05-01,2020-05-31,1.5,mg/L,mon avg,1,4.1,4.1,Operational Process Modification,Assessment Complete - Incident Resolved
Parkbridge Lifestyle Communities Inc.,Meneset on the Lake,33809 Airport Rd,Ashfield-Colborne-Wawanosh,Miscellaneous Communal,Owen Sound,CARBONACEOUS BIOCHEMICAL OXYGEN DEMAND,Approval / Permit Non-Compliance,2020-01-01,2020-01-31,15,mg/L,mon avg,1,21,21,Equipment Modified - Repaired - Replaced or Re-calibrated; New Equipment or Treatment Process Installed; New/Amended Approval,Other Abatement Action Taken
Parkbridge Lifestyle Communities Inc.,Meneset on the Lake,33809 Airport Rd,Ashfield-Colborne-Wawanosh,Miscellaneous Communal,Owen Sound,"SUSPENDED SOLIDS, TOTAL",Approval / Permit Non-Compliance,2020-01-01,2020-01-31,15,mg/L,mon avg,1,22,22,Equipment Modified - Repaired - Replaced or Re-calibrated; New Equipment or Treatment Process Installed; New/Amended Approval,Other Abatement Action Taken
Parkbridge Lifestyle Communities Inc.,Meneset on the Lake,33809 Airport Rd,Ashfield-Colborne-Wawanosh,Miscellaneous Communal,Owen Sound,"SUSPENDED SOLIDS, TOTAL",Approval / Permit Non-Compliance,2020-03-01,2020-03-31,15,mg/L,mon avg,1,18,18,Conducting Study; Operational Process Modification,Assessment Underway
Parkbridge Lifestyle Communities Inc.,Meneset on the Lake,33809 Airport Rd,Ashfield-Colborne-Wawanosh,Miscellaneous Communal,Owen Sound,"SUSPENDED SOLIDS, TOTAL",Approval / Permit Non-Compliance,2020-04-01,2020-04-30,15,mg/L,mon avg,1,20,20,Conducting Study; New Equipment or Treatment Process Installed; New/Amended Approval; Operational Process Modification,Assessment Underway
Parkbridge Lifestyle Communities Inc.,Meneset on the Lake,33809 Airport Rd,Ashfield-Colborne-Wawanosh,Miscellaneous Communal,Owen Sound,"SUSPENDED SOLIDS, TOTAL",Approval / Permit Non-Compliance,2020-05-01,2020-05-31,15,mg/L,mon avg,1,26,26,Conducting Study; Equipment Modified - Repaired - Replaced or Re-calibrated; New Equipment or Treatment Process Installed; Operational Process Modification,Assessment Underway
Parkbridge Lifestyle Communities Inc.,Meneset on the Lake,33809 Airport Rd,Ashfield-Colborne-Wawanosh,Miscellaneous Communal,Owen Sound,"SUSPENDED SOLIDS, TOTAL",Approval / Permit Non-Compliance,2020-06-01,2020-06-30,15,mg/L,mon avg,1,20,20,Conducting Study; Equipment Modified - Repaired - Replaced or Re-calibrated; New/Amended Approval; Operational Process Modification,Assessment Underway
Parkbridge Lifestyle Communities Inc.,Meneset on the Lake,33809 Airport Rd,Ashfield-Colborne-Wawanosh,Miscellaneous Communal,Owen Sound,"SUSPENDED SOLIDS, TOTAL",Approval / Permit Non-Compliance,2020-07-01,2020-07-31,15,mg/L,mon avg,1,25,25,Conducting Study; Equipment Modified - Repaired - Replaced or Re-calibrated; New Equipment or Treatment Process Installed; New/Amended Approval,Assessment Underway
Parkbridge Lifestyle Communities Inc.,Meneset on the Lake,33809 Airport Rd,Ashfield-Colborne-Wawanosh,Miscellaneous Communal,Owen Sound,CARBONACEOUS BIOCHEMICAL OXYGEN DEMAND,Approval / Permit Non-Compliance,2020-08-01,2020-08-31,15,mg/L,mon avg,1,24,24,Conducting Study; Equipment Modified - Repaired - Replaced or Re-calibrated; New Equipment or Treatment Process Installed; New/Amended Approval,Assessment Underway
Parkbridge Lifestyle Communities Inc.,Meneset on the Lake,33809 Airport Rd,Ashfield-Colborne-Wawanosh,Miscellaneous Communal,Owen Sound,"SUSPENDED SOLIDS, TOTAL",Approval / Permit Non-Compliance,2020-08-01,2020-08-31,15,mg/L,mon avg,1,35,35,Conducting Study; Equipment Modified - Repaired - Replaced or Re-calibrated; New Equipment or Treatment Process Installed; New/Amended Approval,Assessment Underway
Parkbridge Lifestyle Communities Inc.,Meneset on the Lake,33809 Airport Rd,Ashfield-Colborne-Wawanosh,Miscellaneous Communal,Owen Sound,CARBONACEOUS BIOCHEMICAL OXYGEN DEMAND,Approval / Permit Non-Compliance,2020-09-01,2020-09-30,15,mg/L,mon avg,1,60,60,Conducting Study; Equipment Modified - Repaired - Replaced or Re-calibrated; New/Amended Approval; Operational Process Modification,Assessment Underway
Parkbridge Lifestyle Communities Inc.,Meneset on the Lake,33809 Airport Rd,Ashfield-Colborne-Wawanosh,Miscellaneous Communal,Owen Sound,"SUSPENDED SOLIDS, TOTAL",Approval / Permit Non-Compliance,2020-09-01,2020-09-30,15,mg/L,mon avg,1,66,66,Conducting Study; Equipment Modified - Repaired - Replaced or Re-calibrated; New/Amended Approval; Operational Process Modification,Assessment Underway
Parkbridge Lifestyle Communities Inc.,Meneset on the Lake,33809 Airport Rd,Ashfield-Colborne-Wawanosh,Miscellaneous Communal,Owen Sound,CARBONACEOUS BIOCHEMICAL OXYGEN DEMAND,Approval / Permit Non-Compliance,2020-10-01,2020-10-31,15,mg/L,mon avg,1,23,23,Conducting Study; Equipment Modified - Repaired - Replaced or Re-calibrated; New/Amended Approval; Operational Process Modification,Assessment Underway
Parkbridge Lifestyle Communities Inc.,Meneset on the Lake,33809 Airport Rd,Ashfield-Colborne-Wawanosh,Miscellaneous Communal,Owen Sound,"SUSPENDED SOLIDS, TOTAL",Approval / Permit Non-Compliance,2020-10-01,2020-10-31,15,mg/L,mon avg,1,26,26,Conducting Study; Equipment Modified - Repaired - Replaced or Re-calibrated; New/Amended Approval; Operational Process Modification,Assessment Underway
Parkbridge Lifestyle Communities Inc.,Meneset on the Lake,33809 Airport Rd,Ashfield-Colborne-Wawanosh,Miscellaneous Communal,Owen Sound,CARBONACEOUS BIOCHEMICAL OXYGEN DEMAND,Approval / Permit Non-Compliance,2020-11-01,2020-11-30,15,mg/L,mon avg,1,38,38,Conducting Study; Equipment Modified - Repaired - Replaced or Re-calibrated; New/Amended Approval; Operational Process Modification,Assessment Underway
Parkbridge Lifestyle Communities Inc.,Meneset on the Lake,33809 Airport Rd,Ashfield-Colborne-Wawanosh,Miscellaneous Communal,Owen Sound,"SUSPENDED SOLIDS, TOTAL",Approval / Permit Non-Compliance,2020-11-01,2020-11-30,15,mg/L,mon avg,1,29,29,Conducting Study; Equipment Modified - Repaired - Replaced or Re-calibrated; New/Amended Approval; Operational Process Modification,Assessment Underway
Parkbridge Lifestyle Communities Inc.,Meneset on the Lake,33809 Airport Rd,Ashfield-Colborne-Wawanosh,Miscellaneous Communal,Owen Sound,CARBONACEOUS BIOCHEMICAL OXYGEN DEMAND,Approval / Permit Non-Compliance,2020-12-01,2020-12-31,15,mg/L,mon avg,1,69,69,Conducting Study; Equipment Modified - Repaired - Replaced or Re-calibrated; New/Amended Approval; Operational Process Modification,Assessment Underway
Parkbridge Lifestyle Communities Inc.,Meneset on the Lake,33809 Airport Rd,Ashfield-Colborne-Wawanosh,Miscellaneous Communal,Owen Sound,"SUSPENDED SOLIDS, TOTAL",Approval / Permit Non-Compliance,2020-12-01,2020-12-31,15,mg/L,mon avg,1,59,59,Conducting Study; Equipment Modified - Repaired - Replaced or Re-calibrated; New/Amended Approval; Operational Process Modification,Assessment Underway
Parkbridge Lifestyle Communities Inc.,Shady Acres Cottage and RV Resort - 740 Serpent Mounds Road,740 Serpent Mounds Road,Otonabee-South Monaghan,Miscellaneous Communal,Peterborough,ESCHERICHIA COLI,Approval / Permit Non-Compliance,2020-01-02,2020-01-02,200,CT/100 mL,any,1,2000,2000,Operational Process Modification,Assessment Underway
Parkbridge Lifestyle Communities Inc.,Shady Acres Cottage and RV Resort - 740 Serpent Mounds Road,740 Serpent Mounds Road,Otonabee-South Monaghan,Miscellaneous Communal,Peterborough,"PHOSPHORUS, TOTAL",Approval / Permit Non-Compliance,2020-01-29,2020-01-29,1,mg/L,any,1,1.43,1.43,Operational Process Modification,Assessment Underway
Parkbridge Lifestyle Communities Inc.,Shady Acres Cottage and RV Resort - 740 Serpent Mounds Road,740 Serpent Mounds Road,Otonabee-South Monaghan,Miscellaneous Communal,Peterborough,"PHOSPHORUS, TOTAL",Approval / Permit Non-Compliance,2020-02-20,2020-02-20,1,mg/L,any,1,1.2,1.2,Operational Process Modification,Assessment Underway
Parkbridge Lifestyle Communities Inc.,Shady Acres Cottage and RV Resort - 740 Serpent Mounds Road,740 Serpent Mounds Road,Otonabee-South Monaghan,Miscellaneous Communal,Peterborough,ESCHERICHIA COLI,Approval / Permit Non-Compliance,2020-03-09,2020-03-09,200,CT/100 mL,any,1,3960,3960,Operational Process Modification,Assessment Underway
Parkbridge Lifestyle Communities Inc.,Shady Acres Cottage and RV Resort - 740 Serpent Mounds Road,740 Serpent Mounds Road,Otonabee-South Monaghan,Miscellaneous Communal,Peterborough,"PHOSPHORUS, TOTAL",Approval / Permit Non-Compliance,2020-03-09,2020-03-23,1,mg/L,any,2,1.57,1.62,Operational Process Modification,Assessment Underway
Parkbridge Lifestyle Communities Inc.,Shady Acres Cottage and RV Resort - 740 Serpent Mounds Road,740 Serpent Mounds Road,Otonabee-South Monaghan,Miscellaneous Communal,Peterborough,ESCHERICHIA COLI,Approval / Permit Non-Compliance,2020-08-04,2020-08-04,200,CT/100 mL,any,1,320,320,Operational Process Modification,Assessment Underway
Parkbridge Lifestyle Communities Inc.,Shady Acres Cottage and RV Resort - 740 Serpent Mounds Road,740 Serpent Mounds Road,Otonabee-South Monaghan,Miscellaneous Communal,Peterborough,"PHOSPHORUS, TOTAL",Approval / Permit Non-Compliance,2020-08-04,2020-08-04,1,mg/L,any,1,1.05,1.05,Operational Process Modification,Assessment Underway
Parkbridge Lifestyle Communities Inc.,Shady Acres Cottage and RV Resort - 740 Serpent Mounds Road,740 Serpent Mounds Road,Otonabee-South Monaghan,Miscellaneous Communal,Peterborough,"PHOSPHORUS, TOTAL",Approval / Permit Non-Compliance,2020-09-11,2020-09-23,1,mg/L,any,2,3.2,3.59,Operational Process Modification,Assessment Underway
Parkbridge Lifestyle Communities Inc.,Shady Acres Cottage and RV Resort - 740 Serpent Mounds Road,740 Serpent Mounds Road,Otonabee-South Monaghan,Miscellaneous Communal,Peterborough,"PHOSPHORUS, TOTAL",Approval / Permit Non-Compliance,2020-10-07,2020-10-07,1,mg/L,any,1,1.01,1.01,Operational Process Modification,Assessment Underway
Peel District School Board,Alloa Public School,1248 Mayfield Rd W,Caledon,Miscellaneous Communal,Halton-Peel,BIOCHEMICAL OXYGEN DEMAND,Approval / Permit Non-Compliance,2020-08-01,2020-08-31,10,mg/L,mon avg,1,13,13,Equipment Modified - Repaired - Replaced or Re-calibrated,Assessment Complete - Incident Resolved
Peel District School Board,Alloa Public School,1248 Mayfield Rd W,Caledon,Miscellaneous Communal,Halton-Peel,"SUSPENDED SOLIDS, TOTAL",Approval / Permit Non-Compliance,2020-08-01,2020-08-31,10,mg/L,mon avg,1,22,22,Equipment Modified - Repaired - Replaced or Re-calibrated,Assessment Complete - Incident Resolved
PharmHouse Inc.,Heritage Farms,1122-1124 Highway 77,Leamington,Miscellaneous Communal,Windsor,TOTAL AMMONIA NITROGEN,Approval / Permit Non-Compliance,2020-04-17,2020-05-15,3,mg/L,rolling avg,1,3.92,3.92,Operational Process Modification,Assessment Complete - No Action Required
PharmHouse Inc.,Heritage Farms,1122-1124 Highway 77,Leamington,Miscellaneous Communal,Windsor,TOTAL AMMONIA NITROGEN,Approval / Permit Non-Compliance,2020-04-24,2020-05-22,3,mg/L,rolling avg,1,4.38,4.38,Operational Process Modification,Assessment Complete - No Action Required
PharmHouse Inc.,Heritage Farms,1122-1124 Highway 77,Leamington,Miscellaneous Communal,Windsor,TOTAL AMMONIA NITROGEN,Approval / Permit Non-Compliance,2020-05-01,2020-05-29,3,mg/L,rolling avg,1,5.04,5.04,Operational Process Modification,Assessment Complete - No Action Required
PharmHouse Inc.,Heritage Farms,1122-1124 Highway 77,Leamington,Miscellaneous Communal,Windsor,TOTAL AMMONIA NITROGEN,Approval / Permit Non-Compliance,2020-05-08,2020-06-05,3,mg/L,rolling avg,1,5.28,5.28,Operational Process Modification,Assessment Complete - No Action Required
PharmHouse Inc.,Heritage Farms,1122-1124 Highway 77,Leamington,Miscellaneous Communal,Windsor,TOTAL AMMONIA NITROGEN,Approval / Permit Non-Compliance,2020-05-15,2020-06-12,3,mg/L,rolling avg,1,5.34,5.34,Operational Process Modification,Assessment Complete - No Action Required
PharmHouse Inc.,Heritage Farms,1122-1124 Highway 77,Leamington,Miscellaneous Communal,Windsor,TOTAL AMMONIA NITROGEN,Approval / Permit Non-Compliance,2020-05-22,2020-06-19,3,mg/L,rolling avg,1,4.53,4.53,Operational Process Modification,Assessment Complete - No Action Required
PharmHouse Inc.,Heritage Farms,1122-1124 Highway 77,Leamington,Miscellaneous Communal,Windsor,TOTAL AMMONIA NITROGEN,Approval / Permit Non-Compliance,2020-05-29,2020-06-26,3,mg/L,rolling avg,1,3.66,3.66,Conducting Study,Assessment Complete - No Action Required
PharmHouse Inc.,Heritage Farms,1122-1124 Highway 77,Leamington,Miscellaneous Communal,Windsor,TOTAL AMMONIA NITROGEN,Approval / Permit Non-Compliance,2020-06-05,2020-07-03,3,mg/L,rolling avg,1,3.42,3.42,Conducting Study,Assessment Complete - No Action Required
PharmHouse Inc.,Heritage Farms,1122-1124 Highway 77,Leamington,Miscellaneous Communal,Windsor,TOTAL AMMONIA NITROGEN,Approval / Permit Non-Compliance,2020-08-07,2020-09-04,3,mg/L,rolling avg,1,3.4,3.4,Conducting Study,Assessment Complete - No Action Required
PharmHouse Inc.,Heritage Farms,1122-1124 Highway 77,Leamington,Miscellaneous Communal,Windsor,TOTAL AMMONIA NITROGEN,Approval / Permit Non-Compliance,2020-08-14,2020-09-11,3,mg/L,rolling avg,1,3.1,3.1,Conducting Study,Assessment Complete - No Action Required
Piper's Heath Golf Club Ltd.,5501 Trafalgar Road,5501 Trafalgar Road Part of Lots 3-5 Concession 8,Milton,Miscellaneous Communal,Halton-Peel,ESCHERICHIA COLI,Approval / Permit Non-Compliance,2020-01-01,2020-05-31,100,CT/100 mL,mon avg. on a geo. mean density,4,126,72000,Equipment Modified - Repaired - Replaced or Re-calibrated; Other,Assessment Complete - Incident Resolved
Piper's Heath Golf Club Ltd.,5501 Trafalgar Road,5501 Trafalgar Road Part of Lots 3-5 Concession 8,Milton,Miscellaneous Communal,Halton-Peel,"SUSPENDED SOLIDS, TOTAL",Approval / Permit Non-Compliance,2020-05-01,2020-05-31,15,mg/L,mon avg,1,46,46,Equipment Modified - Repaired - Replaced or Re-calibrated; Other,Assessment Complete - Incident Resolved
Prince Edward Estates Trustee Inc.,Young's Cove Waste Water Treatment Plant,"Lot: 1, Concession: West Side of Carrying Place,  Prince Edward County",Prince Edward,Miscellaneous Communal,Peterborough,CARBONACEOUS BIOCHEMICAL OXYGEN DEMAND,Approval / Permit Non-Compliance,2020-07-01,2020-07-31,5,mg/L,mon avg,1,6,6,None Required,Assessment Complete - No Action Required
Regional Municipality of Niagara,Crystal Beach Wastewater Treatment Plant,500 Ridgeway Rd,Fort Erie,Municipal Sewage,Niagara,"PHOSPHORUS, TOTAL",Approval / Permit Non-Compliance,2020-07-01,2020-07-31,1,mg/L,mon avg,1,1.19,1.19,Additional Monitoring Underway; Conducting Study; Operational Process Modification; Training/Procedure Change,Other Abatement Action Taken; Voluntary Abatement Program Underway
Regional Municipality of Niagara,Crystal Beach Wastewater Treatment Plant,500 Ridgeway Rd,Fort Erie,Municipal Sewage,Niagara,"SUSPENDED SOLIDS, TOTAL",Approval / Permit Non-Compliance,2020-07-01,2020-07-31,25,mg/L,mon avg,1,32.2,32.2,Additional Monitoring Underway; Conducting Study; Operational Process Modification; Training/Procedure Change,Other Abatement Action Taken; Voluntary Abatement Program Underway
SFJ Inc.,19325 County Road 42,19325 County Road 42,Chatham-Kent,Miscellaneous Communal,Windsor,"SUSPENDED SOLIDS, TOTAL",Approval / Permit Non-Compliance,2020-02-01,2020-02-29,15,mg/L,mon avg,1,16,16,Other,Other Abatement Action Taken
Skyline Utility Services Inc.,Horseshoe Resort,1101 Horseshoe Valley Rd W,Oro-Medonte,Miscellaneous Communal,Barrie,"NITROGEN, TOTAL",Approval / Permit Non-Compliance,2020-01-01,2020-12-31,10,mg/L,annual avg,1,12,12,Additional Monitoring Underway; Equipment Modified - Repaired - Replaced or Re-calibrated; New/Modified Sampling Program Underway; Operational Process Modification,Other Abatement Action Taken; Voluntary Abatement Program Underway
St. Lawrence Parks Commission; St. Lawrence Parks Commission,Ivy Lea Campsite,649 Thousand Islands Pky,Leeds and the Thousand Islands,Miscellaneous Communal,Kingston,ESCHERICHIA COLI,Approval / Permit Non-Compliance,2020-07-14,2020-10-13,200,CT/100 mL,seasonal avg,1,265,265,Action Plan Submitted - Implementing Improvements; Operational Process Modification,Assessment Complete - Incident Resolved
St. Lawrence Parks Commission; St. Lawrence Parks Commission,Ivy Lea Campsite,649 Thousand Islands Pky,Leeds and the Thousand Islands,Miscellaneous Communal,Kingston,"PHOSPHORUS, TOTAL",Approval / Permit Non-Compliance,2020-07-14,2020-10-13,1,mg/L,seasonal avg,1,4.17,4.17,Action Plan Submitted - Implementing Improvements; Operational Process Modification,Assessment Complete - Incident Resolved
The Corporation of Loyalist Township,Amherstview WPCP,County Road 23,Loyalist,Municipal Sewage,Kingston,ESCHERICHIA COLI,Approval / Permit Non-Compliance,2020-07-01,2020-07-31,200,CT/100 mL,mon avg. on a geo. mean density,1,352,352,None Required,Assessment Complete - No Action Required
The Corporation of Loyalist Township,Amherstview WPCP,County Road 23,Loyalist,Municipal Sewage,Kingston,ESCHERICHIA COLI,Approval / Permit Non-Compliance,2020-08-01,2020-08-31,200,CT/100 mL,mon avg. on a geo. mean density,1,207,207,None Required,Assessment Complete - No Action Required
The Corporation of Norfolk County,Delhi Wastewater Treatment Facility,244 Western Ave,Norfolk,Municipal Sewage,Hamilton,"PHOSPHORUS, TOTAL",Approval / Permit Non-Compliance,2020-03-01,2020-03-31,0.3,mg/L,mon avg,1,0.38,0.38,Action Plan Submitted - Implementing Improvements; Additional Monitoring Underway,Assessment Underway
The Corporation of Norfolk County,Delhi Wastewater Treatment Facility,244 Western Ave,Norfolk,Municipal Sewage,Hamilton,"PHOSPHORUS, TOTAL",Approval / Permit Non-Compliance,2020-04-01,2020-04-30,0.3,mg/L,mon avg,1,0.34,0.34,Action Plan Submitted - Implementing Improvements,Assessment Underway
The Corporation of Norfolk County,Delhi Wastewater Treatment Facility,244 Western Ave,Norfolk,Municipal Sewage,Hamilton,"PHOSPHORUS, TOTAL",Approval / Permit Non-Compliance,2020-09-01,2020-09-30,0.3,mg/L,mon avg,1,0.34,0.34,Action Plan Submitted - Implementing Improvements,Assessment Underway
The Corporation of the City of Clarence-Rockland,Rockland Sewage Treatment Plant,700 Industrial Rd,Clarence-Rockland,Municipal Sewage,Cornwall,"SUSPENDED SOLIDS, TOTAL",Approval / Permit Non-Compliance,2020-02-01,2020-02-29,25,mg/L,mon avg,1,26.5,26.5,New Equipment or Treatment Process Installed; Operational Process Modification,Assessment Complete - No Action Required
The Corporation of the City of Greater Sudbury,Chelmsford Water Pollution Control Plant,300 Laurette St Chelmsford Lot 3 Concession 2 Geographic Township of Balfour,Greater Sudbury,Municipal Sewage,Sudbury,"PHOSPHORUS, TOTAL",Approval / Permit Non-Compliance,2020-08-01,2020-08-31,0.3,mg/L,mon avg,1,0.327,0.327,Equipment Modified - Repaired - Replaced or Re-calibrated,Assessment Complete - Incident Resolved
The Corporation of the City of Guelph,Guelph Wastewater Treatment Plant,530 Wellington St W,Guelph,Municipal Sewage,Guelph,CARBONACEOUS BIOCHEMICAL OXYGEN DEMAND,Approval / Permit Non-Compliance,2020-01-01,2020-01-31,473.6,kg/d,mon avg,1,519.3,516.1,Equipment Modified - Repaired - Replaced or Re-calibrated; Operational Process Modification,Assessment Complete - No Action Required
The Corporation of the City of Guelph,Guelph Wastewater Treatment Plant,530 Wellington St W,Guelph,Municipal Sewage,Guelph,"SUSPENDED SOLIDS, TOTAL",Approval / Permit Non-Compliance,2020-01-01,2020-01-31,640,kg/d,mon avg,1,851.3,849.5,Equipment Modified - Repaired - Replaced or Re-calibrated; Operational Process Modification,Assessment Complete - No Action Required
The Corporation of the City of Guelph,Guelph Wastewater Treatment Plant,530 Wellington St W,Guelph,Municipal Sewage,Guelph,TOTAL AMMONIA NITROGEN,Approval / Permit Non-Compliance,2020-01-01,2020-01-31,217.6,kg/d,mon avg,1,330.3,330.2,Equipment Modified - Repaired - Replaced or Re-calibrated; Operational Process Modification,Assessment Complete - No Action Required
The Corporation of the City of Guelph,Guelph Wastewater Treatment Plant,530 Wellington St W,Guelph,Municipal Sewage,Guelph,TOTAL AMMONIA NITROGEN,Approval / Permit Non-Compliance,2020-01-01,2020-01-31,3.4,mg/L,mon avg,1,4.18,4.18,Equipment Modified - Repaired - Replaced or Re-calibrated; Operational Process Modification,Assessment Complete - No Action Required
The Corporation of the City of Guelph,Guelph Wastewater Treatment Plant,530 Wellington St W,Guelph,Municipal Sewage,Guelph,TOTAL AMMONIA NITROGEN,Approval / Permit Non-Compliance,2020-03-01,2020-03-31,3.4,mg/L,mon avg,1,4.24,4.24,New/Modified Sampling Program Underway; Training/Procedure Change,Assessment Complete - Incident Resolved; Voluntary Abatement Program Underway
The Corporation of the City of Guelph,Guelph Wastewater Treatment Plant,530 Wellington St W,Guelph,Municipal Sewage,Guelph,TOTAL AMMONIA NITROGEN,Approval / Permit Non-Compliance,2020-03-01,2020-03-31,217.6,kg/d,mon avg,1,287.4,287.4,New/Modified Sampling Program Underway; Training/Procedure Change,Assessment Complete - Incident Resolved; Voluntary Abatement Program Underway
The Corporation of the City of Kawartha Lakes,Lindsay Water Pollution Control Plant,48 Lagoon Rd. Lindsay,Kawartha Lakes,Municipal Sewage,Peterborough,TOTAL AMMONIA NITROGEN,Approval / Permit Non-Compliance,2020-02-01,2020-02-29,3,mg/L,mon avg,1,5.75,5.75,Equipment Modified - Repaired - Replaced or Re-calibrated,Assessment Underway
The Corporation of the City of Kawartha Lakes,Lindsay Water Pollution Control Plant,48 Lagoon Rd. Lindsay,Kawartha Lakes,Municipal Sewage,Peterborough,TOTAL AMMONIA NITROGEN,Approval / Permit Non-Compliance,2020-09-01,2020-09-30,1.5,mg/L,mon avg,1,2.1,2.1,Equipment Modified - Repaired - Replaced or Re-calibrated; None Required,Voluntary Abatement Program Underway
The Corporation of the City of Kawartha Lakes,Omemee Sewage Lagoon,267 Beaver Rd,Kawartha Lakes,Municipal Sewage,Peterborough,"SUSPENDED SOLIDS, TOTAL",Approval / Permit Non-Compliance,2020-11-01,2020-11-30,40,mg/L,mon avg,1,40.75,40.75,None Required,Assessment Complete - No Action Required
The Corporation of the City of London,Greenway WPCP,109 Greenside Ave,London,Municipal Sewage,London,DISSOLVED OXYGEN,Approval / Permit Non-Compliance,2020-01-12,2020-01-12,5,mg/L, /d,1,3.8,3.8,None Required,Assessment Complete - Incident Resolved
The Corporation of the City of London,Greenway WPCP,109 Greenside Ave,London,Municipal Sewage,London,ESCHERICHIA COLI,Approval / Permit Non-Compliance,2020-07-01,2020-07-31,200,CT/100 mL,mon avg. on a geo. mean density,1,203,203,Equipment Modified - Repaired - Replaced or Re-calibrated; Operational Process Modification,Assessment Complete - Incident Resolved
The Corporation of the City of North Bay,North Bay Sewage Treatment Plant,650 Memorial Dr Lot 20 Concession D.,North Bay,Municipal Sewage,North Bay,PH - LOW,Approval / Permit Non-Compliance,2020-12-11,2020-12-11,6,pH,any,1,5.78,5.78,Operational Process Modification,Assessment Complete - Incident Resolved
The Corporation of the City of Owen Sound,Owen Sound Wastewater Treatment Plant,2050 Third Ave E,Owen Sound,Municipal Sewage,Owen Sound,Total Residual Chlorine,Approval / Permit Non-Compliance,2020-11-01,2020-11-30,0.02,mg/L,mon avg,1,0.027,0.027,None Required,Assessment Complete - No Action Required
The Corporation of the City of Quinte West,Frankford Water Pollution Control Plant,174 Trent St N Frankford,Quinte West,Municipal Sewage,Peterborough,"PHOSPHORUS, TOTAL",Approval / Permit Non-Compliance,2020-01-01,2020-01-31,0.7,kg/d,mon avg,1,0.8,0.8,None Required,Voluntary Abatement Program Underway
The Corporation of the City of Quinte West,Frankford Water Pollution Control Plant,174 Trent St N Frankford,Quinte West,Municipal Sewage,Peterborough,"SUSPENDED SOLIDS, TOTAL",Approval / Permit Non-Compliance,2020-01-01,2020-01-31,25,mg/L,mon avg,1,30.75,30.75,None Required,Voluntary Abatement Program Underway
The Corporation of the City of Quinte West,Frankford Water Pollution Control Plant,174 Trent St N Frankford,Quinte West,Municipal Sewage,Peterborough,"SUSPENDED SOLIDS, TOTAL",Approval / Permit Non-Compliance,2020-01-01,2020-01-31,70,kg/d,mon avg,1,106,106,None Required,Voluntary Abatement Program Underway
The Corporation of the City of Temiskaming Shores,Haileybury Wastewater Treatment Plant,100 View St ,Haileybury,Municipal Sewage,North Bay,ESCHERICHIA COLI,Approval / Permit Non-Compliance,2020-05-01,2020-05-31,200,CT/100 mL,mon avg. on a geo. mean density,1,2234,2234,Action Plan Submitted - Implementing Improvements; Operational Process Modification,Voluntary Abatement Program Underway
The Corporation of the City of Temiskaming Shores,Haileybury Wastewater Treatment Plant,100 View St ,Haileybury,Municipal Sewage,North Bay,ESCHERICHIA COLI,Approval / Permit Non-Compliance,2020-10-01,2020-10-31,200,CT/100 mL,mon avg. on a geo. mean density,1,5237,5237,Action Plan Submitted - Implementing Improvements; Equipment Modified - Repaired - Replaced or Re-calibrated; New Equipment or Treatment Process Installed,Other Abatement Action Taken; Voluntary Abatement Program Underway
The Corporation of the City of Timmins,Mattagami River Water Pollution Control Plant,551 Airport Rd Lot 3 Concession 3,Timmins,Municipal Sewage,Timmins,"PHOSPHORUS, TOTAL",Approval / Permit Non-Compliance,2020-04-01,2020-04-30,1,mg/L,mon avg,1,1.28,1.28,None Required,Assessment Complete - No Action Required
The Corporation of the City of Timmins,Mattagami River Water Pollution Control Plant,551 Airport Rd Lot 3 Concession 3,Timmins,Municipal Sewage,Timmins,"SUSPENDED SOLIDS, TOTAL",Approval / Permit Non-Compliance,2020-04-01,2020-04-01,25,mg/L,mon avg,1,60.4,60.4,None Required,Assessment Complete - No Action Required
The Corporation of the City of Windsor,Little River Pollution Control Plant #1,9400 Little River Rd,Windsor,Municipal Sewage,Windsor,ESCHERICHIA COLI,Approval / Permit Non-Compliance,2020-06-02,2020-06-02,1000,CT/100 mL,any,1,1480,1480,Other,Assessment Complete - Incident Resolved
The Corporation of the City of Windsor,Little River Pollution Control Plant #1,9400 Little River Rd,Windsor,Municipal Sewage,Windsor,"PHOSPHORUS, TOTAL",Approval / Permit Non-Compliance,2020-08-10,2020-08-10,1.5,mg/L, /d,1,2.77,2.77,None Required,Assessment Complete - No Action Required
The Corporation of the City of Windsor,Little River Pollution Control Plant #2,9400 Little River Rd,Windsor,Municipal Sewage,Windsor,ESCHERICHIA COLI,Approval / Permit Non-Compliance,2020-05-19,2020-05-19,1000,CT/100 mL,any,1,2100,2100,None Required,Assessment Complete - No Action Required
The Corporation of the City of Windsor,Lou Romano Water Reclamation Plant,4155 Ojibway Pky,Windsor,Municipal Sewage,Windsor,CARBONACEOUS BIOCHEMICAL OXYGEN DEMAND,Approval / Permit Non-Compliance,2020-11-01,2020-11-30,15,mg/L,mon avg,1,24.4,24.4,None Required,Assessment Complete - No Action Required
The Corporation of the City of Windsor,Lou Romano Water Reclamation Plant,4155 Ojibway Pky,Windsor,Municipal Sewage,Windsor,CARBONACEOUS BIOCHEMICAL OXYGEN DEMAND,Approval / Permit Non-Compliance,2020-11-01,2020-11-30,3270,kg/d,mon avg,1,3297,3297,None Required,Assessment Complete - No Action Required
The Corporation of the County of Brant,Cainsville Lagoons System,30 Shaver St,Brant,Municipal Sewage,Guelph,"SUSPENDED SOLIDS, TOTAL",Approval / Permit Non-Compliance,2020-12-14,2020-12-14,40,mg/L, /d,1,82,82,Action Plan Submitted - Implementing Improvements,Assessment Complete - Incident Resolved
The Corporation of the County of Oxford,Drumbo WPCP,93 Peterson St,Blandford-Blenheim,Municipal Sewage,London,TOTAL AMMONIA NITROGEN,Approval / Permit Non-Compliance,2020-09-01,2020-09-30,2.7,mg/L,mon avg,1,4,4,Additional Monitoring Underway,Assessment Complete - No Action Required
The Corporation of the County of Oxford,Norwich STP,8 Sutton St,Norwich,Municipal Sewage,London,FLOW,Approval / Permit Non-Compliance,2020-01-12,2020-01-12,5260,L, /d,1,6922,6922,None Required,Assessment Complete - No Action Required
The Corporation of the County of Oxford,Norwich STP,8 Sutton St,Norwich,Municipal Sewage,London,TOTAL AMMONIA NITROGEN,Approval / Permit Non-Compliance,2020-03-03,2020-03-16,8,mg/L,/d,2,9.4,10.6,Additional Monitoring Underway; None Required,Assessment Complete - Incident Resolved
The Corporation of the County of Oxford,Norwich STP,8 Sutton St,Norwich,Municipal Sewage,London,TOTAL AMMONIA NITROGEN,Approval / Permit Non-Compliance,2020-03-03,2020-03-16,18.9,kg,/d,2,21.3,26.5,Additional Monitoring Underway; None Required,Assessment Complete - Incident Resolved
The Corporation of the County of Oxford,Norwich STP,8 Sutton St,Norwich,Municipal Sewage,London,ESCHERICHIA COLI,Approval / Permit Non-Compliance,2020-06-01,2020-06-30,200,CT/100 mL,mon avg. on a geo. mean density,1,680,680,None Required,Assessment Complete - Incident Resolved
The Corporation of the County of Oxford,Norwich STP,8 Sutton St,Norwich,Municipal Sewage,London,ESCHERICHIA COLI,Approval / Permit Non-Compliance,2020-11-01,2020-11-30,200,CT/100 mL,mon avg. on a geo. mean density,1,316,316,None Required,Assessment Complete - No Action Required
The Corporation of the County of Oxford,Thamesford WWTP,10 Middleton Street Thamesford,Zorra,Municipal Sewage,London,TOTAL AMMONIA NITROGEN,Approval / Permit Non-Compliance,2020-06-01,2020-06-30,2,mg/L,mon avg,1,2.87,2.87,None Required,Assessment Complete - No Action Required
The Corporation of the County of Renfrew,Barry's Bay Sewage Treatment Plant,107 Lakeshore Dr,Madawaska Valley,Municipal Sewage,Ottawa,"PHOSPHORUS, TOTAL",Approval / Permit Non-Compliance,2020-04-01,2020-04-30,0.2,mg/L,mon avg,1,0.3,0.3,None Required,Assessment Complete - Incident Resolved; Assessment Complete - No Action Required
The Corporation of the Municipality of Arran-Elderslie,Chesley Sewage Works,"230 4th St SW, Chesley",Arran-Elderslie,Municipal Sewage,Owen Sound,TOTAL AMMONIA NITROGEN,Approval / Permit Non-Compliance,2020-06-01,2020-06-30,2,mg/L,mon avg,1,2.38,2.38,Operational Process Modification,Voluntary Abatement Program Underway
The Corporation of the Municipality of Arran-Elderslie,Chesley Sewage Works,"230 4th St SW, Chesley",Arran-Elderslie,Municipal Sewage,Owen Sound,TOTAL AMMONIA NITROGEN,Approval / Permit Non-Compliance,2020-10-01,2020-10-31,3,mg/L,mon avg,1,5.08,5.08,Operational Process Modification,Assessment Underway
The Corporation of the Municipality of Arran-Elderslie,Chesley Sewage Works,"230 4th St SW, Chesley",Arran-Elderslie,Municipal Sewage,Owen Sound,TOTAL AMMONIA NITROGEN,Approval / Permit Non-Compliance,2020-11-01,2020-11-30,6,mg/L,mon avg,1,7.86,7.86,Operational Process Modification,Voluntary Abatement Program Underway
The Corporation of the Municipality of Bayham,1 Chatham St,1 Chatham St,Bayham,Municipal Sewage,London,TOTAL AMMONIA NITROGEN,Approval / Permit Non-Compliance,2020-04-01,2020-04-30,2,mg/L,mon avg,1,3.4,3.4,Additional Monitoring Underway; Operational Process Modification; Other,Voluntary Abatement Program Underway
The Corporation of the Municipality of Bayham,1 Chatham St,1 Chatham St,Bayham,Municipal Sewage,London,TOTAL AMMONIA NITROGEN,Approval / Permit Non-Compliance,2020-04-01,2020-04-30,2.16,kg/d,mon avg,1,2.97,2.97,Additional Monitoring Underway; Operational Process Modification; Other,Voluntary Abatement Program Underway
The Corporation of the Municipality of Bayham,1 Chatham St,1 Chatham St,Bayham,Municipal Sewage,London,TOTAL AMMONIA NITROGEN,Approval / Permit Non-Compliance,2020-05-01,2020-05-31,2,mg/L,mon avg,1,4.17,4.17,Additional Monitoring Underway; Operational Process Modification; Other,Voluntary Abatement Program Underway
The Corporation of the Municipality of Bayham,1 Chatham St,1 Chatham St,Bayham,Municipal Sewage,London,TOTAL AMMONIA NITROGEN,Approval / Permit Non-Compliance,2020-05-01,2020-05-31,2.16,kg/d,mon avg,1,3.17,3.17,Additional Monitoring Underway; Operational Process Modification; Other,Voluntary Abatement Program Underway
The Corporation of the Municipality of Brighton,Brighton Lagoon,100 County Road 64,Brighton,Municipal Sewage,Peterborough,TOTAL AMMONIA NITROGEN,Approval / Permit Non-Compliance,2020-06-01,2020-06-30,14,mg/L,mon avg,1,20.4,20.4,New/Amended Approval; Operational Process Modification,Program Approval Issued; Provincial Officer's Order Issued
The Corporation of the Municipality of Brighton,Brighton Lagoon,100 County Road 64,Brighton,Municipal Sewage,Peterborough,TOTAL AMMONIA NITROGEN,Approval / Permit Non-Compliance,2020-07-01,2020-07-31,14,mg/L,mon avg,1,21.43,21.43,Equipment Modified - Repaired - Replaced or Re-calibrated; New/Amended Approval; Operational Process Modification,Other Abatement Action Taken; Program Approval Issued; Provincial Officer's Order Issued
The Corporation of the Municipality of Brighton,Brighton Lagoon,100 County Road 64,Brighton,Municipal Sewage,Peterborough,TOTAL AMMONIA NITROGEN,Approval / Permit Non-Compliance,2020-08-01,2020-08-31,14,mg/L,mon avg,1,17.88,17.88,New/Amended Approval; Operational Process Modification,Program Approval Issued; Provincial Officer's Order Issued
The Corporation of the Municipality of Chatham-Kent,Chatham Water Pollution Control Plant,100 Irwin St,Chatham-Kent,Municipal Sewage,Windsor,Total Residual Chlorine,Approval / Permit Non-Compliance,2020-06-01,2020-06-30,0.01,mg/L,mon avg,1,0.02,0.02,Operational Process Modification,Assessment Complete - No Action Required
The Corporation of the Municipality of Chatham-Kent,Merlin PV Lagoon,176 Aberdeen Street,Chatham-Kent,Municipal Sewage,Windsor,"PHOSPHORUS, TOTAL",Policy/Guideline Non-Conformance,2020-04-27,2020-05-07,1,mg/L,seasonal avg,1,1.16,1.16,Operational Process Modification; Training/Procedure Change,Assessment Complete - No Action Required
The Corporation of the Municipality of Chatham-Kent,Tilbury Wastewater Treatment Plant,"Lot 20 & 21, Concession 3",Lakeshore,Municipal Sewage,Windsor,"PHOSPHORUS, TOTAL",Approval / Permit Non-Compliance,2020-01-01,2020-01-31,0.5,mg/L,mon avg,1,0.71,0.71,Action Plan Submitted - Implementing Improvements; Additional Monitoring Underway; Operational Process Modification,Voluntary Abatement Program Underway
The Corporation of the Municipality of Chatham-Kent,Tilbury Wastewater Treatment Plant,"Lot 20 & 21, Concession 3",Lakeshore,Municipal Sewage,Windsor,"PHOSPHORUS, TOTAL",Approval / Permit Non-Compliance,2020-02-01,2020-02-29,0.5,mg/L,mon avg,1,1.55,1.55,Action Plan Submitted - Implementing Improvements; Additional Monitoring Underway; Operational Process Modification,Voluntary Abatement Program Underway
The Corporation of the Municipality of Chatham-Kent,Tilbury Wastewater Treatment Plant,"Lot 20 & 21, Concession 3",Lakeshore,Municipal Sewage,Windsor,"PHOSPHORUS, TOTAL",Approval / Permit Non-Compliance,2020-03-01,2020-03-31,0.5,mg/L,mon avg,1,0.98,0.98,Action Plan Submitted - Implementing Improvements; Conducting Study; Operational Process Modification,Voluntary Abatement Program Underway
The Corporation of the Municipality of Chatham-Kent,Tilbury Wastewater Treatment Plant,"Lot 20 & 21, Concession 3",Lakeshore,Municipal Sewage,Windsor,"PHOSPHORUS, TOTAL",Approval / Permit Non-Compliance,2020-06-01,2020-07-31,0.5,mg/L,mon avg,2,0.74,0.78,Action Plan Submitted - Implementing Improvements; Additional Monitoring Underway; Operational Process Modification,Voluntary Abatement Program Underway
The Corporation of the Municipality of Chatham-Kent,Tilbury Wastewater Treatment Plant,"Lot 20 & 21, Concession 3",Lakeshore,Municipal Sewage,Windsor,"PHOSPHORUS, TOTAL",Approval / Permit Non-Compliance,2020-09-01,2020-10-31,0.5,mg/L,mon avg,2,0.69,0.75,Action Plan Submitted - Implementing Improvements; Additional Monitoring Underway; Operational Process Modification,Voluntary Abatement Program Underway
The Corporation of the Municipality of Chatham-Kent,Tilbury Wastewater Treatment Plant,"Lot 20 & 21, Concession 3",Lakeshore,Municipal Sewage,Windsor,TOTAL AMMONIA NITROGEN,Approval / Permit Non-Compliance,2020-10-01,2020-10-31,2,mg/L,mon avg,1,5.8,5.8,Action Plan Submitted - Implementing Improvements; Additional Monitoring Underway; Operational Process Modification,Voluntary Abatement Program Underway
The Corporation of the Municipality of French River,Noelville Sewage Lagoon,"Lot: 11, Concession: 3,  Geographic Township: MARTLAND, French River, District of Sudbury",French River,Municipal Sewage,Sudbury,"SUSPENDED SOLIDS, TOTAL",Approval / Permit Non-Compliance,2020-04-17,2020-05-13,25,mg/L,seasonal avg,1,49.8,49.8,Additional Monitoring Underway; Conducting Study; New Equipment or Treatment Process Installed; Operational Process Modification,Assessment Underway; Voluntary Abatement Program Underway
The Corporation of the Municipality of Lambton Shores,Grand Bend WWTF,70145 Mollard Line,Lambton Shores,Municipal Sewage,Sarnia,TOTAL AMMONIA NITROGEN,Approval / Permit Non-Compliance,2020-09-01,2020-09-30,2,mg/L,mon avg,1,3.9,3.9,Action Plan Submitted - Implementing Improvements,Assessment Complete - No Action Required
The Corporation of the Municipality of Lambton Shores,Indian Hills Estates Subdivision,9173 Indian Hills Trail W,Lambton Shores,Municipal Sewage,Sarnia,TOTAL AMMONIA NITROGEN,Approval / Permit Non-Compliance,2020-06-01,2020-06-30,3,mg/L,mon avg,1,27.6,27.6,Equipment Modified - Repaired - Replaced or Re-calibrated,Assessment Complete - Incident Resolved; Assessment Complete - No Action Required
The Corporation of the Municipality of Markstay-Warren,Warren Wastewater Treatment Lagoon,"Lot: 12, Concession: 6,  Kirkpatrick Township, Municipality of West Nipissing, District of Nipissing",West Nipissing,Municipal Sewage,North Bay,"SUSPENDED SOLIDS, TOTAL",Approval / Permit Non-Compliance,2020-05-01,2020-05-31,40,mg/L,seasonal avg,1,40,40.3,None Required,Assessment Complete - No Action Required
The Corporation of the Municipality of Port Hope,Port Hope Sewage Treatment Plant,100 Lake St,Port Hope,Municipal Sewage,Peterborough,TOTAL RESIDUAL CHLORINE,Approval / Permit Non-Compliance,2020-02-28,2020-02-28,0.04,mg/L,/week,1,0.09,0.09,Training/procedure change,Assessment Complete - Incident Resolved
The Corporation of the Municipality of Port Hope,Port Hope Sewage Treatment Plant,100 Lake St,Port Hope,Municipal Sewage,Peterborough,TOTAL RESIDUAL CHLORINE,Approval / Permit Non-Compliance,2020-08-10,2020-08-10,0.02,mg/L,/week,1,0.07,0.07,Equipment Modified - Repaired - Replaced or Re-calibrated,Assessment Complete - Incident Resolved
The Corporation of the Municipality of Port Hope,Port Hope Sewage Treatment Plant,100 Lake St,Port Hope,Municipal Sewage,Peterborough,TOTAL RESIDUAL CHLORINE,Approval / Permit Non-Compliance,2020-08-19,2020-08-19,0.02,mg/L,/week,1,0.15,0.15,Equipment Modified - Repaired - Replaced or Re-calibrated,Assessment Complete - Incident Resolved
The Corporation of the Municipality of Powassan,Powassan WPCP - Lagoons,"Lots 17 & 18, Concession: 13,  Geographic Township of Himsworth, Municipality of Powassan, District of Parry Sound",Powassan,Municipal Sewage,North Bay,"SUSPENDED SOLIDS, TOTAL",Approval / Permit Non-Compliance,2020-05-05,2020-06-02,25,mg/L,seasonal avg,1,25.3,25.3,None Required,Assessment Complete - Incident Resolved
The Corporation of the Municipality of South Huron,Exeter Wastewater Treatment Plant,71042 Airport Line,South Huron,Municipal Sewage,Owen Sound,"AMMONIA, UNIONIZED",Approval / Permit Non-Compliance,2020-02-01,2020-02-29,0.1,mg/L,mon avg,1,0.143,0.143,None Required,Assessment Complete - No Action Required
The Corporation of the Municipality of Strathroy-Caradoc,Mount Brydges Sewage Treatment Plant,22416 Mill Rd,Strathroy-Caradoc,Municipal Sewage,London,"SUSPENDED SOLIDS, TOTAL",Approval / Permit Non-Compliance,2020-01-01,2020-01-31,15,mg/L,mon avg,1,21,21,Additional Monitoring Underway; Equipment Modified - Repaired - Replaced or Re-calibrated; Operational Process Modification,Voluntary Abatement Program Underway
The Corporation of the Municipality of Strathroy-Caradoc,Mount Brydges Sewage Treatment Plant,22416 Mill Rd,Strathroy-Caradoc,Municipal Sewage,London,"SUSPENDED SOLIDS, TOTAL",Approval / Permit Non-Compliance,2020-02-01,2020-02-29,15,mg/L,mon avg,1,23.5,23.5,Additional Monitoring Underway; Equipment Modified - Repaired - Replaced or Re-calibrated; Operational Process Modification,Voluntary Abatement Program Underway
The Corporation of the Municipality of Strathroy-Caradoc,Mount Brydges Sewage Treatment Plant,22416 Mill Rd,Strathroy-Caradoc,Municipal Sewage,London,TOTAL AMMONIA NITROGEN,Approval / Permit Non-Compliance,2020-02-01,2020-02-29,5,mg/L,mon avg,1,8.35,8.35,Additional Monitoring Underway; Equipment Modified - Repaired - Replaced or Re-calibrated; Operational Process Modification,Voluntary Abatement Program Underway
The Corporation of the Municipality of Strathroy-Caradoc,Mount Brydges Sewage Treatment Plant,22416 Mill Rd,Strathroy-Caradoc,Municipal Sewage,London,TOTAL AMMONIA NITROGEN,Approval / Permit Non-Compliance,2020-03-01,2020-03-31,5,mg/L,mon avg,1,19.5,19.5,Additional Monitoring Underway; Conducting Study; Operational Process Modification,Voluntary Abatement Program Underway
The Corporation of the Municipality of Strathroy-Caradoc,Mount Brydges Sewage Treatment Plant,22416 Mill Rd,Strathroy-Caradoc,Municipal Sewage,London,"SUSPENDED SOLIDS, TOTAL",Approval / Permit Non-Compliance,2020-04-01,2020-04-30,10,mg/L,mon avg,1,12.75,12.75,Additional Monitoring Underway; Conducting Study; Equipment Modified - Repaired - Replaced or Re-calibrated; Operational Process Modification,Voluntary Abatement Program Underway
The Corporation of the Municipality of Strathroy-Caradoc,Mount Brydges Sewage Treatment Plant,22416 Mill Rd,Strathroy-Caradoc,Municipal Sewage,London,TOTAL AMMONIA NITROGEN,Approval / Permit Non-Compliance,2020-04-01,2020-04-30,3,mg/L,mon avg,1,16.6,16.6,Additional Monitoring Underway; Conducting Study; Equipment Modified - Repaired - Replaced or Re-calibrated; Operational Process Modification,Voluntary Abatement Program Underway
The Corporation of the Municipality of Strathroy-Caradoc,Mount Brydges Sewage Treatment Plant,22416 Mill Rd,Strathroy-Caradoc,Municipal Sewage,London,"SUSPENDED SOLIDS, TOTAL",Approval / Permit Non-Compliance,2020-05-01,2020-05-31,10,mg/L,mon avg,1,16.75,16.75,Additional Monitoring Underway; Conducting Study; Equipment Modified - Repaired - Replaced or Re-calibrated,Voluntary Abatement Program Underway
The Corporation of the Municipality of Strathroy-Caradoc,Mount Brydges Sewage Treatment Plant,22416 Mill Rd,Strathroy-Caradoc,Municipal Sewage,London,TOTAL AMMONIA NITROGEN,Approval / Permit Non-Compliance,2020-05-01,2020-05-31,3,mg/L,mon avg,1,4.23,4.23,Additional Monitoring Underway; Conducting Study; Equipment Modified - Repaired - Replaced or Re-calibrated,Voluntary Abatement Program Underway
The Corporation of the Municipality of Strathroy-Caradoc,Mount Brydges Sewage Treatment Plant,22416 Mill Rd,Strathroy-Caradoc,Municipal Sewage,London,"SUSPENDED SOLIDS, TOTAL",Approval / Permit Non-Compliance,2020-06-01,2020-06-30,10,mg/L,mon avg,1,17.6,17.6,Action Plan Submitted - Implementing Improvements; Additional Monitoring Underway; Operational Process Modification,Assessment Underway; Voluntary Abatement Program Underway
The Corporation of the Municipality of Strathroy-Caradoc,Mount Brydges Sewage Treatment Plant,22416 Mill Rd,Strathroy-Caradoc,Municipal Sewage,London,"SUSPENDED SOLIDS, TOTAL",Approval / Permit Non-Compliance,2020-07-01,2020-07-31,10,mg/L,mon avg,1,10.75,10.75,Additional Monitoring Underway,Voluntary Abatement Program Underway
The Corporation of the Municipality of Strathroy-Caradoc,Strathroy Sewage Treatment Plant,27886 & 27888 Pike Road,Adelaide Metcalfe,Municipal Sewage,London,"SUSPENDED SOLIDS, TOTAL",Approval / Permit Non-Compliance,2020-10-01,2020-10-31,10,mg/L,mon avg,1,12.75,12.75,Additional Monitoring Underway; Conducting Study,Voluntary Abatement Program Underway
The Corporation of the Municipality of Temagami,Temagami North Lagoon,37 Cedar Ave,Temagami,Municipal Sewage,North Bay,FLOW,Approval / Permit Non-Compliance,2020-04-05,2020-10-26,1200,m³, /d,2,1208,1278,Additional Monitoring Underway,Assessment Complete - Incident Resolved
The Corporation of the Municipality of Temagami,Temagami South Lagoon,22 Jack Guppy Way S,Temagami,Municipal Sewage,North Bay,"SUSPENDED SOLIDS, TOTAL",Approval / Permit Non-Compliance,2020-05-13,2020-06-04,25,mg/L,seasonal avg,1,27.6,27.6,Operational Process Modification,Assessment Complete - Incident Resolved
The Corporation of the Municipality of Temagami,Temagami South Lagoon,22 Jack Guppy Way S,Temagami,Municipal Sewage,North Bay,"SUSPENDED SOLIDS, TOTAL",Approval / Permit Non-Compliance,2020-05-13,2020-06-04,71.9,kg/d,seasonal avg,1,79.4,79.4,Operational Process Modification,Assessment Complete - Incident Resolved
The Corporation of the Municipality of Thames Centre,Dorchester WPCP,4835 Hamilton Rd,Thames Centre,Municipal Sewage,London,TOTAL AMMONIA NITROGEN,Approval / Permit Non-Compliance,2020-09-01,2020-09-30,2,mg/L,mon avg,1,2.27,2.27,Equipment Modified - Repaired - Replaced or Re-calibrated,Assessment Complete - Incident Resolved
The Corporation of the Municipality of Thames Centre,Thorndale Wastewater Treatment Plant,16651 Thorndale Road,Thames Centre,Municipal Sewage,London,"PHOSPHORUS, TOTAL",Approval / Permit Non-Compliance,2020-12-01,2020-12-31,0.65,mg/L,mon avg,1,0.84,0.84,Operational Process Modification,Assessment Complete - Incident Resolved
The Corporation of the Municipality of Trent Hills,Warkworth Waste Stabilization Ponds,"Lot 18, Concession 3, Geographic Township of Perry",Trent Hills,Municipal Sewage,Peterborough,TOTAL AMMONIA NITROGEN,Approval / Permit Non-Compliance,2020-04-20,2020-05-13,3,mg/L,seasonal avg,1,5.72,5.72,None Required,Assessment Complete - No Action Required
The Corporation of the Municipality of West Elgin,West Lorne Water Pollution Control Plant,25030 Thomson Line,West Elgin,Municipal Sewage,London,"SUSPENDED SOLIDS, TOTAL",Approval / Permit Non-Compliance,2020-01-01,2020-01-31,10,mg/L,mon avg,1,21.5,21.5,None Required,Assessment Complete - No Action Required
The Corporation of the Municipality of West Nipissing,Field Sewage Treatment Plant,"Lot: 14, Concession: 5,  Field Township, Municipality of West Nipissing, District of Nipissing",West Nipissing,Municipal Sewage,North Bay,ESCHERICHIA COLI,Approval / Permit Non-Compliance,2020-03-01,2020-03-31,200,CT/100 mL,mon avg. on a geo. mean density,1,293,293,None Required,Assessment Complete - Incident Resolved
The Corporation of the Municipality of West Nipissing,Field Sewage Treatment Plant,"Lot: 14, Concession: 5,  Field Township, Municipality of West Nipissing, District of Nipissing",West Nipissing,Municipal Sewage,North Bay,"SUSPENDED SOLIDS, TOTAL",Approval / Permit Non-Compliance,2020-03-01,2020-06-30,25,mg/L,mon avg,2,25.2,26.1,None Required,Assessment Complete - Incident Resolved
The Corporation of the Municipality of West Nipissing,Field Sewage Treatment Plant,"Lot: 14, Concession: 5,  Field Township, Municipality of West Nipissing, District of Nipissing",West Nipissing,Municipal Sewage,North Bay,"SUSPENDED SOLIDS, TOTAL",Approval / Permit Non-Compliance,2020-03-01,2020-03-31,0.66,kg/d,mon avg,1,0.87,0.87,None Required,Assessment Complete - Incident Resolved
The Corporation of the Town of Amherstburg,Boblo Island (RBC) WPCP,2 Boblo Island Blvd,Amherstburg,Municipal Sewage,Windsor,TOTAL AMMONIA NITROGEN,Approval / Permit Non-Compliance,2020-08-01,2020-08-31,1.5,mg/L,mon avg,1,1.85,1.85,Operational Process Modification,Voluntary Abatement Program Underway
The Corporation of the Town of Aylmer,Aylmer Lagoon,9853 Rogers Rd,Malahide,Municipal Sewage,London,TOTAL AMMONIA NITROGEN,Approval / Permit Non-Compliance,2020-03-17,2020-03-17,2.8,mg/L,any,1,4,4,Conducting Study,Voluntary Abatement Program Underway
The Corporation of the Town of Aylmer,Aylmer Lagoon,9853 Rogers Rd,Malahide,Municipal Sewage,London,TOTAL AMMONIA NITROGEN,Approval / Permit Non-Compliance,2020-04-08,2020-04-08,1.2,mg/L,any,1,6.7,6.7,Conducting Study,Voluntary Abatement Program Underway
The Corporation of the Town of Aylmer,Aylmer Lagoon,9853 Rogers Rd,Malahide,Municipal Sewage,London,TOTAL AMMONIA NITROGEN,Approval / Permit Non-Compliance,2020-04-15,2020-04-15,1.2,mg/L,any,1,7.8,7.8,Conducting Study,Voluntary Abatement Program Underway
The Corporation of the Town of Aylmer,Aylmer Lagoon,9853 Rogers Rd,Malahide,Municipal Sewage,London,TOTAL AMMONIA NITROGEN,Approval / Permit Non-Compliance,2020-04-21,2020-04-21,1.2,mg/L,any,1,8,8,Conducting Study,Voluntary Abatement Program Underway
The Corporation of the Town of Cobalt,Cobalt Constructed Wetland Sewage Treatment Plant,100 Hudson Bay Rd,Cobalt,Municipal Sewage,North Bay,"SUSPENDED SOLIDS, TOTAL",Legislation Non-Compliance; Order Non-Compliance,2020-08-01,2020-08-31,242,kg, /mon,1,286.22,286.22,Other,Director's Order Issued; Voluntary Abatement Program Underway
The Corporation of the Town of Cochrane,Cochrane Water Pollution Control Plant,500 Water Plant Road,Cochrane,Municipal Sewage,Timmins,"SUSPENDED SOLIDS, TOTAL",Approval / Permit Non-Compliance,2020-01-01,2020-12-31,20,mg/L,annual avg,1,21.56,21.56,Equipment Modified - Repaired - Replaced or Re-calibrated,Assessment Complete - No Action Required
The Corporation of the Town of Cochrane,Cochrane Water Pollution Control Plant,500 Water Plant Road,Cochrane,Municipal Sewage,Timmins,PH - LOW,Approval / Permit Non-Compliance,2020-03-01,2020-03-31,6,pH,any,6,5.6,5.96,Equipment Modified - Repaired - Replaced or Re-calibrated,Assessment Complete - No Action Required
The Corporation of the Town of Cochrane,Vaillancourt Trailer Park,"Lot: 18, Concession: 2,  Geographic Township: GLACKMEYER",Cochrane,Municipal Sewage,Timmins,"PHOSPHORUS, TOTAL",Approval / Permit Non-Compliance,2020-04-15,2020-05-31,1,mg/L,seasonal avg,1,1.3,1.3,Operational Process Modification,Voluntary Abatement Program Underway
The Corporation of the Town of Cochrane,Vaillancourt Trailer Park,"Lot: 18, Concession: 2,  Geographic Township: GLACKMEYER",Cochrane,Municipal Sewage,Timmins,"PHOSPHORUS, TOTAL",Approval / Permit Non-Compliance,2020-05-19,2020-05-27,1,mg/L,seasonal avg,1,1.27,1.27,Operational Process Modification,Assessment Complete - No Action Required
The Corporation of the Town of Espanola - Ontario Clean Water Agency,Espanola Sewage Treatment Plant,200 Bois St,Espanola,Municipal Sewage,Sudbury,ESCHERICHIA COLI,Approval / Permit Non-Compliance,2020-09-01,2020-09-30,200,CT/100 mL,mon avg. on a geo. mean density,1,300.6,300.6,Equipment Modified - Repaired - Replaced or Re-calibrated,Assessment Complete - Incident Resolved
The Corporation of the Town of Gore Bay,Gore Bay Sewage Lagoon,15 Water St,Gore Bay,Municipal Sewage,Sudbury,"SUSPENDED SOLIDS, TOTAL",Approval / Permit Non-Compliance,2020-04-22,2020-05-11,40,mg/L,seasonal avg,1,43.8,43.8,None Required,Assessment Complete - No Action Required
The Corporation of the Town of Hanover,Hanover Water Pollution Control Plant,718 7th Ave,Hanover,Municipal Sewage,Owen Sound,CARBONACEOUS BIOCHEMICAL OXYGEN DEMAND,Approval / Permit Non-Compliance,2020-10-01,2020-10-31,25,mg/L,mon avg,1,32,32,Equipment Modified - Repaired - Replaced or Re-calibrated; Operational Process Modification,Assessment Complete - Incident Resolved
The Corporation of the Town of Hearst,Hearst Drinking Water System,1215 Edward St,Hearst,Municipal Sewage,Timmins,"SUSPENDED SOLIDS, TOTAL",Approval / Permit Non-Compliance,2020-10-15,2020-10-15,25,mg/L,any,1,109,109,Other,Assessment Underway
The Corporation of the Town of Kingsville,Cottam Lagoon,168 Belle River Rd,Kingsville,Municipal Sewage,Windsor,TOTAL AMMONIA NITROGEN,Approval / Permit Non-Compliance,2020-12-01,2020-12-31,4,mg/L,mon avg,1,8.5,8.5,Action Plan Submitted - Implementing Improvements,Assessment Complete - No Action Required
The Corporation of the Town of Kingsville,Lakeshore West WPCP,690 Heritage Rd,Kingsville,Municipal Sewage,Windsor,TOTAL AMMONIA NITROGEN,Approval / Permit Non-Compliance,2020-05-01,2020-05-31,8.1,kg/d,mon avg,1,9.4,9.4,Conducting Study,Voluntary Abatement Program Underway
The Corporation of the Town of Kirkland Lake,Kirkland Lake WWTP,510 Archer Dr,Kirkland Lake,Municipal Sewage,Timmins,"PHOSPHORUS, TOTAL",Approval / Permit Non-Compliance,2020-01-01,2020-01-31,0.5,mg/L,mon avg,1,0.594,0.594,Equipment Modified - Repaired - Replaced or Re-calibrated,Assessment Complete - Incident Resolved
The Corporation of the Town of Lakeshore,South Woodslee Water Pollution Control Plant,1711 King St,Lakeshore,Municipal Sewage,Windsor,TOTAL AMMONIA NITROGEN,Approval / Permit Non-Compliance,2020-03-01,2020-03-31,1.05,kg/d,mon avg,1,1.69,1.69,Equipment Modified - Repaired - Replaced or Re-calibrated,Voluntary Abatement Program Underway
The Corporation of the Town of Lakeshore,South Woodslee Water Pollution Control Plant,1711 King St,Lakeshore,Municipal Sewage,Windsor,TOTAL AMMONIA NITROGEN,Approval / Permit Non-Compliance,2020-04-01,2020-04-30,0.63,kg/d,mon avg,1,1.45,1.45,Equipment Modified - Repaired - Replaced or Re-calibrated,Voluntary Abatement Program Underway
The Corporation of the Town of Lakeshore,South Woodslee Water Pollution Control Plant,1711 King St,Lakeshore,Municipal Sewage,Windsor,"SUSPENDED SOLIDS, TOTAL",Approval / Permit Non-Compliance,2020-05-01,2020-05-31,10,mg/L,mon avg,1,15,15,Equipment Modified - Repaired - Replaced or Re-calibrated,Assessment Complete - No Action Required
The Corporation of the Town of Lakeshore,South Woodslee Water Pollution Control Plant,1711 King St,Lakeshore,Municipal Sewage,Windsor,PH - LOW,Approval / Permit Non-Compliance,2020-10-05,2020-10-05,6,pH, /d,1,5.4,5.4,Training/Procedure Change,Assessment Complete - Incident Resolved
The Corporation of the Town of Lakeshore,South Woodslee Water Pollution Control Plant,1711 King St,Lakeshore,Municipal Sewage,Windsor,PH - LOW,Approval / Permit Non-Compliance,2020-10-06,2020-10-06,6,pH, /d,1,5.5,5.5,Training/Procedure Change,Assessment Complete - Incident Resolved
The Corporation of the Town of Lakeshore,South Woodslee Water Pollution Control Plant,1711 King St,Lakeshore,Municipal Sewage,Windsor,PH - LOW,Approval / Permit Non-Compliance,2020-10-07,2020-10-07,6,pH, /d,1,5.4,5.4,Training/Procedure Change,Assessment Complete - Incident Resolved
The Corporation of the Town of Marathon,Marathon Wastewater Treatment Plant,41 Howe St Lot 21 Concession 9,Marathon,Municipal Sewage,Thunder Bay,"PHOSPHORUS, TOTAL",Approval / Permit Non-Compliance,2020-01-01,2020-12-31,1,mg/L,/d,11,1.05,6.08,Conducting Study,Assessment Underway
The Corporation of the Town of Marathon,Marathon Wastewater Treatment Plant,41 Howe St Lot 21 Concession 9,Marathon,Municipal Sewage,Thunder Bay,"SUSPENDED SOLIDS, TOTAL",Approval / Permit Non-Compliance,2020-01-01,2020-12-31,15,mg/L,/d,3,16.1,19.6,Conducting Study,Assessment Underway
The Corporation of the Town of Marathon,Marathon Wastewater Treatment Plant,41 Howe St Lot 21 Concession 9,Marathon,Municipal Sewage,Thunder Bay,"PHOSPHORUS, TOTAL",Approval / Permit Non-Compliance,2020-06-17,2020-06-17,1,mg/L, /d,1,1.15,1.15,Equipment Modified - Repaired - Replaced or Re-calibrated,Assessment Complete - No Action Required
The Corporation of the Town of Marathon,Marathon Wastewater Treatment Plant,41 Howe St Lot 21 Concession 9,Marathon,Municipal Sewage,Thunder Bay,"SUSPENDED SOLIDS, TOTAL",Approval / Permit Non-Compliance,2020-06-17,2020-06-17,10,mg/L, /d,1,19.6,19.6,Equipment Modified - Repaired - Replaced or Re-calibrated,Assessment Complete - No Action Required
The Corporation of the Town of Marathon,Marathon Wastewater Treatment Plant,41 Howe St Lot 21 Concession 9,Marathon,Municipal Sewage,Thunder Bay,"PHOSPHORUS, TOTAL",Approval / Permit Non-Compliance,2020-11-05,2020-11-05,1,mg/L, /2wk,1,2.06,2.06,Operational Process Modification,Voluntary Abatement Program Underway
The Corporation of the Town of Marathon,Marathon Wastewater Treatment Plant,41 Howe St Lot 21 Concession 9,Marathon,Municipal Sewage,Thunder Bay,"PHOSPHORUS, TOTAL",Approval / Permit Non-Compliance,2020-11-19,2020-11-19,1,mg/L, /2wk,1,1.05,1.05,Operational Process Modification,Voluntary Abatement Program Underway
The Corporation of the Town of Marathon,Marathon Wastewater Treatment Plant,41 Howe St Lot 21 Concession 9,Marathon,Municipal Sewage,Thunder Bay,"PHOSPHORUS, TOTAL",Approval / Permit Non-Compliance,2020-12-02,2020-12-02,1,mg/L, /2wk,1,2.69,2.69,Operational Process Modification,Voluntary Abatement Program Underway
The Corporation of the Town of Northeastern Manitoulin and The Islands,Little Current Sewage Treatment Plant and Lagoon,Lot 24 Conc. 11,Howland,Municipal Sewage,Sudbury,"SUSPENDED SOLIDS, TOTAL",Approval / Permit Non-Compliance,2020-04-24,2020-05-07,25,mg/L,seasonal avg,1,27.2,27.2,None Required,Assessment Complete - No Action Required
The Corporation of the Town of Orangeville,Orangeville WPCP,16 Townline Rd E,Orangeville,Municipal Sewage,Guelph,"NITROGEN, TOTAL",Approval / Permit Non-Compliance,2020-06-01,2020-06-30,7.1,mg/L,mon avg,1,7.5,7.5,Equipment Modified - Repaired - Replaced or Re-calibrated,Assessment Complete - Incident Resolved
The Corporation of the Town of Parry Sound,Parry Sound Wastewater Treatment Plant,35 McFarlane St,Parry Sound,Municipal Sewage,North Bay,PH - LOW,Approval / Permit Non-Compliance,2020-07-08,2020-07-08,6,pH,any,1,5.8,5.8,None Required,Assessment Complete - No Action Required
The Corporation of the Town of Penetanguishene,Fox Street WPCP,146 Fox St,Penetanguishene,Municipal Sewage,Barrie,"PHOSPHORUS, TOTAL",Approval / Permit Non-Compliance,2020-07-01,2020-07-31,0.2,mg/L,mon avg,1,0.32,0.32,Additional Monitoring Underway,Assessment Complete - Incident Resolved
The Corporation of the Town of Penetanguishene,Philip H. Jones Pollution Control Plant,24 Main St,Penetanguishene,Municipal Sewage,Barrie,"PHOSPHORUS, TOTAL",Approval / Permit Non-Compliance,2020-05-01,2020-05-31,0.13,mg/L,mon avg,1,0.14,0.14,Additional Monitoring Underway,Assessment Complete - No Action Required
The Corporation of the Town of Petrolia,Petrolia Wastewater Treatment Plant,546 Maude St,Petrolia,Municipal Sewage,Sarnia,"PHOSPHORUS, TOTAL",Approval / Permit Non-Compliance,2020-05-01,2020-05-31,0.74,mg/L,mon avg,1,1.48,1.48,None Required,Assessment Complete - No Action Required
The Corporation of the Town of Petrolia,Petrolia Wastewater Treatment Plant,546 Maude St,Petrolia,Municipal Sewage,Sarnia,"PHOSPHORUS, TOTAL",Approval / Permit Non-Compliance,2020-05-01,2020-05-31,0.74,mg/L,mon avg,1,1.13,1.13,None Required,Assessment Complete - No Action Required
The Corporation of the Town of Petrolia,Petrolia Wastewater Treatment Plant,546 Maude St,Petrolia,Municipal Sewage,Sarnia,"SUSPENDED SOLIDS, TOTAL",Approval / Permit Non-Compliance,2020-05-01,2020-05-31,10,mg/L,mon avg,1,39,39,None Required,Assessment Complete - No Action Required
The Corporation of the Town of Petrolia,Petrolia Wastewater Treatment Plant,546 Maude St,Petrolia,Municipal Sewage,Sarnia,"SUSPENDED SOLIDS, TOTAL",Approval / Permit Non-Compliance,2020-05-01,2020-05-31,10,mg/L,mon avg,1,10,10,None Required,Assessment Complete - No Action Required
The Corporation of the Town of Petrolia,Petrolia Wastewater Treatment Plant,546 Maude St,Petrolia,Municipal Sewage,Sarnia,"SUSPENDED SOLIDS, TOTAL",Approval / Permit Non-Compliance,2020-05-01,2020-05-31,52.6,kg/d,mon avg,1,70.8,70.8,None Required,Assessment Complete - No Action Required
The Corporation of the Town of Plympton-Wyoming,Plympton STP,"4043 Aberarder Line, Camlachie",Plympton-Wyoming,Municipal Sewage,Sarnia,"PHOSPHORUS, TOTAL",Approval / Permit Non-Compliance,2020-06-01,2020-06-30,1,mg/L,mon avg,1,1.08,1.08,Equipment Modified - Repaired - Replaced or Re-calibrated; Technical Standard requested by the sector,Assessment Complete - Incident Resolved; Assessment Complete - No Action Required
The Corporation of the Town of Plympton-Wyoming,Plympton STP,"4043 Aberarder Line, Camlachie",Plympton-Wyoming,Municipal Sewage,Sarnia,"SUSPENDED SOLIDS, TOTAL",Approval / Permit Non-Compliance,2020-07-01,2020-07-31,15,mg/L,mon avg,1,20.5,20.5,Equipment Modified - Repaired - Replaced or Re-calibrated,Assessment Complete - Incident Resolved
The Corporation of the Town of Plympton-Wyoming,Plympton STP,"4043 Aberarder Line, Camlachie",Plympton-Wyoming,Municipal Sewage,Sarnia,TOTAL AMMONIA NITROGEN,Approval / Permit Non-Compliance,2020-07-01,2020-07-31,3,mg/L,mon avg,1,7.23,7.23,Equipment Modified - Repaired - Replaced or Re-calibrated,Assessment Complete - Incident Resolved
The Corporation of the Town of Plympton-Wyoming,Plympton STP,"4043 Aberarder Line, Camlachie",Plympton-Wyoming,Municipal Sewage,Sarnia,ESCHERICHIA COLI,Approval / Permit Non-Compliance,2020-08-01,2020-08-31,200,CT/100 mL,mon avg. on a geo. mean density,1,273,273,Operational Process Modification,Assessment Complete - Incident Resolved
The Corporation of the Town of Plympton-Wyoming,Plympton STP,"4043 Aberarder Line, Camlachie",Plympton-Wyoming,Municipal Sewage,Sarnia,"PHOSPHORUS, TOTAL",Approval / Permit Non-Compliance,2020-08-01,2020-08-31,1,mg/L,mon avg,1,1.27,1.27,Operational Process Modification,Assessment Complete - Incident Resolved
The Corporation of the Town of Plympton-Wyoming,Plympton STP,"4043 Aberarder Line, Camlachie",Plympton-Wyoming,Municipal Sewage,Sarnia,"SUSPENDED SOLIDS, TOTAL",Approval / Permit Non-Compliance,2020-08-01,2020-08-31,15,mg/L,mon avg,1,28,28,Operational Process Modification,Assessment Complete - Incident Resolved
The Corporation of the Town of Plympton-Wyoming,Plympton STP,"4043 Aberarder Line, Camlachie",Plympton-Wyoming,Municipal Sewage,Sarnia,TOTAL AMMONIA NITROGEN,Approval / Permit Non-Compliance,2020-08-01,2020-08-31,3,mg/L,mon avg,1,24.48,24.48,Operational Process Modification,Assessment Complete - Incident Resolved
The Corporation of the Town of Plympton-Wyoming,Wyoming Wastewater Treatment Plant,482 Broadway St,Plympton-Wyoming,Municipal Sewage,Sarnia,"SUSPENDED SOLIDS, TOTAL",Approval / Permit Non-Compliance,2020-08-01,2020-08-31,15,mg/L,mon avg,1,25.8,25.8,None Required,Assessment Complete - No Action Required
The Corporation of the Town of Smooth Rock Falls,Smooth Rock Falls Sewage Treatment Plant,110 First St,Smooth Rock Falls,Municipal Sewage,Timmins,ESCHERICHIA COLI,Approval / Permit Non-Compliance,2020-04-01,2020-04-30,200,CT/100 mL,mon avg. on a geo. mean density,1,306,306,Other,Voluntary Abatement Program Underway
The Corporation of the Town of The Blue Mountains,Thornbury Water Pollution Control Plant,"1 Grey Street South, Thornbury",The Blue Mountains,Municipal Sewage,Owen Sound,CARBONACEOUS BIOCHEMICAL OXYGEN DEMAND,Approval / Permit Non-Compliance,2020-01-01,2020-01-31,10,mg/L,mon avg,1,10.75,10.75,Additional Monitoring Underway; Conducting Study,Other Abatement Action Taken
The Corporation of the Town of The Blue Mountains,Thornbury Water Pollution Control Plant,"1 Grey Street South, Thornbury",The Blue Mountains,Municipal Sewage,Owen Sound,TOTAL AMMONIA NITROGEN,Approval / Permit Non-Compliance,2020-01-01,2020-01-31,5,mg/L,mon avg,1,6.47,6.47,Additional Monitoring Underway; Conducting Study,Other Abatement Action Taken
The Corporation of the Town of The Blue Mountains,Thornbury Water Pollution Control Plant,"1 Grey Street South, Thornbury",The Blue Mountains,Municipal Sewage,Owen Sound,TOTAL AMMONIA NITROGEN,Approval / Permit Non-Compliance,2020-02-01,2020-02-29,5,mg/L,mon avg,1,7.1,7.1,Additional Monitoring Underway; Operational Process Modification,Other Abatement Action Taken; Voluntary Abatement Program Underway
The Corporation of the Town of The Blue Mountains,Thornbury Water Pollution Control Plant,"1 Grey Street South, Thornbury",The Blue Mountains,Municipal Sewage,Owen Sound,"SUSPENDED SOLIDS, TOTAL",Approval / Permit Non-Compliance,2020-03-01,2020-03-31,15,mg/L,mon avg,1,15.8,15.8,Action Plan Submitted - Implementing Improvements; Other,Assessment Complete - Incident Resolved; Voluntary Abatement Program Underway
The Corporation of the Town of Tillsonburg,Tillsonburg Sewage Treatment Plant,16 Van St,Tillsonburg,Municipal Sewage,London,"SUSPENDED SOLIDS, TOTAL",Approval / Permit Non-Compliance,2020-12-01,2020-12-31,25,mg/L,mon avg,1,27.7,27.7,Additional Monitoring Underway,Assessment Complete - No Action Required
The Corporation of the Town of Wasaga Beach,WASAGA BEACH WPCP,30 Woodland Dr,Wasaga Beach,Municipal Sewage,Barrie,TOTAL AMMONIA NITROGEN,Approval / Permit Non-Compliance,2020-04-09,2020-04-09,5,mg/L,daily,1,8.1,8.1,Operational Process Modification,Assessment Complete - Incident Resolved
The Corporation of the Township of Asphodel-Norwood,Norwood Water Pollution Control Plant,34 Industrial Dr,Asphodel-Norwood,Municipal Sewage,Peterborough,TOTAL AMMONIA NITROGEN,Approval / Permit Non-Compliance,2020-05-01,2020-05-31,1.8,mg/L,mon avg,1,2.525,2.525,"Additional Monitoring Underway, Equipment Modified - Repaired - Replaced or Re-calibrated",Assessment Complete - Incident Resolved
The Corporation of the Township of Asphodel-Norwood,Norwood Water Pollution Control Plant,34 Industrial Dr,Asphodel-Norwood,Municipal Sewage,Peterborough,ESCHERICHIA COLI,Approval / Permit Non-Compliance,2020-06-01,2020-06-20,200,CT/100 mL,mon avg. on a geo. mean density,1,225.5,225.5,Equipment Modified - Repaired - Replaced or Re-calibrated; New/Amended Approval; Operational Process Modification,Assessment Complete - Incident Resolved
The Corporation of the Township of Assiginack,Manitowaning Sewage Stabilization Ponds,"Lots 41 & 42, Concession: 1,  Geographic Township of Assiginak, District of Manitoulin",Assiginack,Municipal Sewage,Sudbury,"PHOSPHORUS, TOTAL",Approval / Permit Non-Compliance,2020-05-01,2020-05-31,1,mg/L,mon avg,1,1.17,1.17,Action Plan Submitted - Implementing Improvements,Assessment Complete - Incident Resolved
The Corporation of the Township of Assiginack,Manitowaning Sewage Stabilization Ponds,"Lots 41 & 42, Concession: 1,  Geographic Township of Assiginak, District of Manitoulin",Assiginack,Municipal Sewage,Sudbury,"PHOSPHORUS, TOTAL",Approval / Permit Non-Compliance,2020-06-01,2020-06-30,1,mg/L,mon avg,1,1.7,1.7,Action Plan Submitted - Implementing Improvements,Assessment Complete - Incident Resolved
The Corporation of the Township of Black River-Matheson,Val Gagne Sewage Lagoon,Val Gagne community,Black River-Matheson,Municipal Sewage,Timmins,"SUSPENDED SOLIDS, TOTAL",Approval / Permit Non-Compliance,2020-05-08,2020-05-12,25,mg/L,avg of 3 consecutive samples,1,35.8,35.8,Ceased Operations,Voluntary Abatement Program Underway
The Corporation of the Township of Black River-Matheson,Val Gagne Sewage Lagoon,Val Gagne community,Black River-Matheson,Municipal Sewage,Timmins,"SUSPENDED SOLIDS, TOTAL",Approval / Permit Non-Compliance,2020-05-12,2020-05-25,25,mg/L,avg of 3 consecutive samples,4,28.3,46,Operational Process Modification,Assessment Complete - Incident Resolved
The Corporation of the Township of Centre Wellington,Elora Wastewater Treatment Plant,49 Guelph Rd,Centre Wellington,Municipal Sewage,Guelph,"PHOSPHORUS, TOTAL",Approval / Permit Non-Compliance,2020-12-01,2020-12-31,0.3,mg/L,mon avg,1,0.31,0.31,Equipment Modified - Repaired - Replaced or Re-calibrated,Assessment Complete - Incident Resolved
The Corporation of the Township of Cramahe,Colborne Water Pollution Control Plant,1 Toronto St,Colborne,Municipal Sewage,Peterborough,ESCHERICHIA COLI,Approval / Permit Non-Compliance,2020-09-01,2020-09-30,200,CT/100 mL,mon avg. on a geo. mean density,1,205,205,Equipment Modified - Repaired - Replaced or Re-calibrated,Assessment Complete - Incident Resolved
The Corporation of the Township of Huron-Kinloss,Lucknow Sewage Treatment Facility,"Lot: 53, 54, 55, Concession: 1, Former Kinloss Township",Huron-Kinloss,Municipal Sewage,Owen Sound,"SUSPENDED SOLIDS, TOTAL",Approval / Permit Non-Compliance,2020-10-01,2020-10-31,5,mg/L,mon avg,1,5.8,5.8,Equipment Modified - Repaired - Replaced or Re-calibrated,Assessment Complete - No Action Required
The Corporation of the Township of Ignace - Northern Waterworks Inc.,Ignace Water Pollution Control Plant,600 Highway 17 - West Part of Lot 22 Part 4 Ref. Plan M-292 behind the Ambulance Services building,Ignace,Municipal Sewage,Kenora,ESCHERICHIA COLI,Approval / Permit Non-Compliance,2020-01-01,2020-01-31,200,CT/100 mL,mon avg. on a geo. mean density,1,514,514,Training/Procedure Change,Voluntary Abatement Program Underway
The Corporation of the Township of Lucan Biddulph,Granton WPCP,34195 Granton Line,Lucan Biddulph,Municipal Sewage,London,"SUSPENDED SOLIDS, TOTAL",Approval / Permit Non-Compliance,2020-01-01,2020-01-31,10,mg/L,mon avg,1,10.8,10.8,Additional Monitoring Underway; Operational Process Modification,Voluntary Abatement Program Underway
The Corporation of the Township of Madawaska Valley,Barry's Bay Sewage Treatment Plant,107 Lakeshore Dr,Madawaska Valley,Municipal Sewage,Ottawa,"PHOSPHORUS, TOTAL",Approval / Permit Non-Compliance,2020-07-01,2020-07-30,0.2,mg/L,mon avg,1,0.4,0.4,None Required,Assessment Complete - Incident Resolved
The Corporation of the Township of McGarry,McGarry Sewage Treatment System,98 Cornell Dr McGarry Mining Claim MC L5414 PCL 348CST,McGarry,Municipal Sewage,Timmins,"PHOSPHORUS, TOTAL",Approval / Permit Non-Compliance,2020-07-01,2020-07-31,0.5,mg/L,mon avg,1,0.785,0.785,Operational Process Modification,Assessment Complete - Incident Resolved
The Corporation of the Township of McGarry,McGarry Sewage Treatment System,98 Cornell Dr McGarry Mining Claim MC L5414 PCL 348CST,McGarry,Municipal Sewage,Timmins,"SUSPENDED SOLIDS, TOTAL",Approval / Permit Non-Compliance,2020-07-01,2020-07-31,25,mg/L,mon avg,1,33.3,33.3,Operational Process Modification,Assessment Complete - Incident Resolved
The Corporation of the Township of McGarry,McGarry Sewage Treatment System,98 Cornell Dr McGarry Mining Claim MC L5414 PCL 348CST,McGarry,Municipal Sewage,Timmins,"PHOSPHORUS, TOTAL",Approval / Permit Non-Compliance,2020-09-01,2020-09-30,0.5,mg/L,mon avg,1,0.588,0.588,Additional Monitoring Underway; Operational Process Modification,Assessment Complete - No Action Required
The Corporation of the Township of McGarry,McGarry Sewage Treatment System,98 Cornell Dr McGarry Mining Claim MC L5414 PCL 348CST,McGarry,Municipal Sewage,Timmins,"SUSPENDED SOLIDS, TOTAL",Approval / Permit Non-Compliance,2020-09-01,2020-09-30,25,mg/L,mon avg,1,26.9,26.9,Additional Monitoring Underway; Operational Process Modification,Assessment Complete - No Action Required
The Corporation of the Township of North Dundas,Chesterville Sewage Lagoon,"Lot 20, Conc. 4",North Dundas,Municipal Sewage,Cornwall,"SUSPENDED SOLIDS, TOTAL",Approval / Permit Non-Compliance,2020-04-02,2020-04-30,30,mg/L,seasonal avg,1,46.6,46.6,Action Plan Submitted - Implementing Improvements; Equipment Modified - Repaired - Replaced or Re-calibrated; New/Amended Approval,Voluntary Abatement Program Underway
The Corporation of the Township of North Glengarry,Alexandria Wastewater Treatment Plant,"Lot: Part of Lots 32, 33 & 35, Concession: 2,",North Glengarry,Municipal Sewage,Cornwall,"PHOSPHORUS, TOTAL",Approval / Permit Non-Compliance,2020-01-01,2020-01-31,0.05,mg/L,mon avg,1,0.62,0.62,"New Equipment or Treatment Process Installed, Other",Other Abatement Action Taken
The Corporation of the Township of North Huron,North Huron Blyth Sewage Treatment Plant and the Blyth Main Sewage Pumping Station,Gypsy Ln. and Victoria St.,North Huron,Municipal Sewage,Owen Sound,ESCHERICHIA COLI,Approval / Permit Non-Compliance,2020-12-01,2020-12-31,200,CT/100 mL,mon avg. on a geo. mean density,1,247,247,Equipment Modified - Repaired - Replaced or Re-calibrated,Assessment Complete - Incident Resolved
The Corporation of the Township of Perth East,Shakespeare Wastewater Treatment Plant,3976 Galt St,Perth East,Municipal Sewage,London,"PHOSPHORUS, TOTAL",Approval / Permit Non-Compliance,2020-09-01,2020-09-30,0.3,mg/L,mon avg,1,0.419,0.419,Operational Process Modification,Voluntary Abatement Program Underway
The Corporation of the Township of Perth East ,Milverton WPCP,"Lot 5, Conc. 3, Mornington Ward",Perth East,Municipal Sewage,London,"SUSPENDED SOLIDS, TOTAL",Approval / Permit Non-Compliance,2020-11-01,2020-11-30,15,mg/L,mon avg,1,18.3,18.3,Additional Monitoring Underway,Assessment Complete - Incident Resolved
The Corporation of the Township of Springwater,Elmvale Sewage Treatment Plant,1128 Flos Rd 10 East,Springwater,Municipal Sewage,Barrie,ESCHERICHIA COLI,Approval / Permit Non-Compliance,2020-01-31,2020-01-31,200,CT/100 mL,mon avg. on a geo. mean density,1,303,303,Equipment Modified - Repaired - Replaced or Re-calibrated; New Equipment or Treatment Process Installed; Operational Process Modification,Voluntary Abatement Program Underway
The Corporation of the Township of Warwick,Watford Sewage Lagoons,7716 Churchill Line,Warwick,Municipal Sewage,Sarnia,ESCHERICHIA COLI,Approval / Permit Non-Compliance,2020-08-01,2020-08-31,100,CT/100 mL,mon avg. on a geo. mean density,1,123,123,Action Plan Submitted - Implementing Improvements,Assessment Complete - No Action Required
The Corporation of the Township of Wellington North,Arthur Wastewater Treatment Plant,160 Preston St,Wellington North,Municipal Sewage,Guelph,CARBONACEOUS BIOCHEMICAL OXYGEN DEMAND,Approval / Permit Non-Compliance,2019-09-16,2020-04-30,14.65,kg/d,annual avg,1,16.16,16.16,Action Plan Submitted - Implementing Improvements; Additional Monitoring Underway; Equipment Modified - Repaired - Replaced or Re-calibrated,Voluntary Abatement Program Underway
The Corporation of the Township of Wellington North,Arthur Wastewater Treatment Plant,160 Preston St,Wellington North,Municipal Sewage,Guelph,"SUSPENDED SOLIDS, TOTAL",Approval / Permit Non-Compliance,2019-09-16,2020-04-30,14.65,kg/d,annual avg,1,20.35,20.35,Action Plan Submitted - Implementing Improvements; Additional Monitoring Underway; Equipment Modified - Repaired - Replaced or Re-calibrated,Voluntary Abatement Program Underway
The Corporation of the Township of Wellington North,Arthur Wastewater Treatment Plant,160 Preston St,Wellington North,Municipal Sewage,Guelph,TOTAL AMMONIA NITROGEN,Approval / Permit Non-Compliance,2019-09-16,2020-04-30,1.5,mg/L,annual avg,1,4.55,4.55,Action Plan Submitted - Implementing Improvements; Additional Monitoring Underway; Equipment Modified - Repaired - Replaced or Re-calibrated,Voluntary Abatement Program Underway
The Corporation of the Township of Wellington North,Arthur Wastewater Treatment Plant,160 Preston St,Wellington North,Municipal Sewage,Guelph,TOTAL AMMONIA NITROGEN,Approval / Permit Non-Compliance,2019-09-16,2020-04-30,2.2,kg/d,annual avg,1,12.07,12.07,Action Plan Submitted - Implementing Improvements; Additional Monitoring Underway; Equipment Modified - Repaired - Replaced or Re-calibrated,Voluntary Abatement Program Underway
The Corporation of the Township of Wellington North,Arthur Wastewater Treatment Plant,160 Preston St,Wellington North,Municipal Sewage,Guelph,TOTAL AMMONIA NITROGEN,Approval / Permit Non-Compliance,2020-01-01,2020-01-31,2.3,mg/L,mon avg,1,3.55,3.55,Additional Monitoring Underway; Conducting Study,Voluntary Abatement Program Underway
The Corporation of the Township of Wellington North,Arthur Wastewater Treatment Plant,160 Preston St,Wellington North,Municipal Sewage,Guelph,ESCHERICHIA COLI,Approval / Permit Non-Compliance,2020-02-01,2020-02-29,200,CT/100 mL,mon avg. on a geo. mean density,1,477,477,Action Plan Submitted - Implementing Improvements; Conducting Study; Operational Process Modification; Training/Procedure Change,Voluntary Abatement Program Underway
The Corporation of the Township of Wellington North,Arthur Wastewater Treatment Plant,160 Preston St,Wellington North,Municipal Sewage,Guelph,TOTAL AMMONIA NITROGEN,Approval / Permit Non-Compliance,2020-02-01,2020-02-29,2.3,mg/L,mon avg,1,6.4,6.4,Action Plan Submitted - Implementing Improvements; Conducting Study; Operational Process Modification; Training/Procedure Change,Voluntary Abatement Program Underway
The Corporation of the Township of Wellington North,Arthur Wastewater Treatment Plant,160 Preston St,Wellington North,Municipal Sewage,Guelph,ESCHERICHIA COLI,Approval / Permit Non-Compliance,2020-03-01,2020-03-31,200,CT/100 mL,mon avg. on a geo. mean density,1,780,780,Action Plan Submitted - Implementing Improvements; Operational Process Modification; Training/Procedure Change,Voluntary Abatement Program Underway
The Corporation of the Township of Wellington North,Arthur Wastewater Treatment Plant,160 Preston St,Wellington North,Municipal Sewage,Guelph,TOTAL AMMONIA NITROGEN,Approval / Permit Non-Compliance,2020-03-01,2020-03-31,2.3,mg/L,mon avg,1,5.1,5.1,Action Plan Submitted - Implementing Improvements; Operational Process Modification; Training/Procedure Change,Voluntary Abatement Program Underway
The Corporation of the Township of Wellington North,Arthur Wastewater Treatment Plant,160 Preston St,Wellington North,Municipal Sewage,Guelph,"SUSPENDED SOLIDS, TOTAL",Approval / Permit Non-Compliance,2020-04-01,2020-04-30,15,mg/L,mon avg,1,20,20,Action Plan Submitted - Implementing Improvements; Additional Monitoring Underway; Operational Process Modification,Voluntary Abatement Program Underway
The Corporation of the Township of Wellington North,Arthur Wastewater Treatment Plant,160 Preston St,Wellington North,Municipal Sewage,Guelph,TOTAL AMMONIA NITROGEN,Approval / Permit Non-Compliance,2020-04-01,2020-04-30,2.3,mg/L,mon avg,1,5,5,Action Plan Submitted - Implementing Improvements; Additional Monitoring Underway; Operational Process Modification,Voluntary Abatement Program Underway
The Corporation of the Township of Whitewater Region,Cobden WPCP,1 Astrolabe Rd,Whitewater Region,Municipal Sewage,Ottawa,ESCHERICHIA COLI,Approval / Permit Non-Compliance,2020-05-01,2020-05-31,200,CT/100 mL,mon avg. on a geo. mean density,1,234.9,234.9,None Required; Operational Process Modification,Assessment Complete - Incident Resolved; Assessment Complete - No Action Required
The Corporation of the Village of Merrickville-Wolford,Merrickville STP,106 Collar Hill Rd,Merrickville-Wolford,Municipal Sewage,Kingston,"SUSPENDED SOLIDS, TOTAL",Approval / Permit Non-Compliance,2020-02-01,2020-02-29,15,mg/L,mon avg,1,17.8,17.8,None Required,Assessment Complete - Incident Resolved
The Corporation of the Village of Sundridge,Sundridge WPCP,"Lot 12 &13, Concession 5, Township of Strong, District of Parry Sound",Sundridge,Municipal Sewage,North Bay,ESCHERICHIA COLI,Approval / Permit Non-Compliance,2020-01-01,2020-01-31,200,CT/100 mL,mon avg. on a geo. mean density,1,352.13,352.13,New/Modified Sampling Program Underway; Operational Process Modification,Assessment Complete - No Action Required
The Corporation of the Village of Sundridge,Sundridge WPCP,"Lot 12 &13, Concession 5, Township of Strong, District of Parry Sound",Sundridge,Municipal Sewage,North Bay,"SUSPENDED SOLIDS, TOTAL",Approval / Permit Non-Compliance,2020-06-01,2020-06-30,15,mg/L,mon avg,1,66.8,66.8,New Equipment or Treatment Process Installed,Voluntary Abatement Program Underway
The Corporation of the Village of Sundridge,Sundridge WPCP,"Lot 12 &13, Concession 5, Township of Strong, District of Parry Sound",Sundridge,Municipal Sewage,North Bay,"SUSPENDED SOLIDS, TOTAL",Approval / Permit Non-Compliance,2020-07-01,2020-07-31,15,mg/L,mon avg,1,31,31,Action Plan Submitted - Implementing Improvements; New Equipment or Treatment Process Installed,Assessment Underway; Other Abatement Action Taken
The Corporation of the Village of Sundridge,Sundridge WPCP,"Lot 12 &13, Concession 5, Township of Strong, District of Parry Sound",Sundridge,Municipal Sewage,North Bay,"PHOSPHORUS, TOTAL",Approval / Permit Non-Compliance,2020-07-01,2020-07-31,0.27,mg/L,mon avg,1,0.41,0.41,New Equipment or Treatment Process Installed,Voluntary Abatement Program Underway
The District Municipality of Muskoka,Baxter Septage Lagoon,600 Nicholson Road,Georgian Bay,Municipal Sewage,Barrie,"SUSPENDED SOLIDS, TOTAL",Approval / Permit Non-Compliance,2020-09-14,2020-10-01,15,mg/L,seasonal avg,1,15.71,15.71,Additional Monitoring Underway; Operational Process Modification,Assessment Complete - Incident Resolved
The District Municipality of Muskoka,Birch Glen Sewage Treatment Plant,2825 Muskoka Road 117,Lake of Bays,Municipal Sewage,Barrie,TOTAL AMMONIA NITROGEN,Approval / Permit Non-Compliance,2020-01-01,2020-01-31,10,mg/L,mon avg,1,14.9,14.9,Additional Monitoring Underway; Training/Procedure Change,Assessment Complete - Incident Resolved
The Municipality of St. Charles,St. Charles Sewage Lagoon,Geographic Township of Casimir,St. Charles,Municipal Sewage,Sudbury,"PHOSPHORUS, TOTAL",Approval / Permit Non-Compliance,2020-04-10,2020-06-02,1,mg/L,seasonal avg,1,2.8,2.8,Action Plan Submitted - Implementing Improvements,Assessment Complete - Incident Resolved
The Municipality of St. Charles,St. Charles Sewage Lagoon,Geographic Township of Casimir,St. Charles,Municipal Sewage,Sudbury,"SUSPENDED SOLIDS, TOTAL",Approval / Permit Non-Compliance,2020-04-10,2020-06-02,25,mg/L,seasonal avg,1,27.5,27.5,Action Plan Submitted - Implementing Improvements,Assessment Complete - Incident Resolved
The Nation Municipality,Limoges Wastewater Treatment Plant,1915 Route 500 W,The Nation,Municipal Sewage,Cornwall,HYDROGEN SULFIDE,Approval / Permit Non-Compliance,2020-10-06,2020-10-06,0.04,mg/L,any,1,0.16,0.16,Equipment Modified - Repaired - Replaced or Re-calibrated; New Equipment or Treatment Process Installed; New/Amended Approval,Assessment Complete - No Action Required
Toronto Port Lands Company,8 Unwin Avenue,8 Unwin Ave,Toronto,Miscellaneous Communal,Toronto,"PHOSPHORUS, TOTAL",Approval / Permit Non-Compliance,2020-02-01,2020-02-29,1,ppm,mon avg,1,1.32,1.32,Equipment Modified - Repaired - Replaced or Re-calibrated; New Equipment or Treatment Process Installed; Other,Assessment Complete - Incident Resolved; Other Abatement Action Taken
Township of Clearview,Creemore Sewage Treatment Plant,"81 Mary St 81-83 Mary Street, Clearview, Township, County of Simcoe",County of Simcoe,Municipal Sewage,Barrie,"PHOSPHORUS, TOTAL",Approval / Permit Non-Compliance,2020-02-01,2020-02-29,0.2,mg/L ,mon avg,1,0.22,0.22,None Required,Assessment Complete - Incident Resolved
Township of Clearview,Creemore Sewage Treatment Plant,"81 Mary St 81-83 Mary Street, Clearview, Township, County of Simcoe",County of Simcoe,Municipal Sewage,Barrie,TOTAL AMMONIA NITROGEN,Approval / Permit Non-Compliance,2020-10-01,2020-10-31,2,mg/L ,mon avg,1,3.55,3.55,None Required,Assessment Complete - Incident Resolved
Township of Clearview,Creemore Sewage Treatment Plant,"81 Mary St 81-83 Mary Street, Clearview, Township, County of Simcoe",County of Simcoe,Municipal Sewage,Barrie,TOTAL AMMONIA NITROGEN,Approval / Permit Non-Compliance,2020-12-01,2020-12-31,4,mg/L ,mon avg,1,4.16,4.16,None Required,Assessment Complete - Incident Resolved
Upper Grand District School Board,Erin District High School and Erin Community Centre,14 Boland Dr ,Erin,Miscellaneous Communal,Guelph,CARBONACEOUS BIOCHEMICAL OXYGEN DEMAND,Approval / Permit Non-Compliance,2020-01-01,2020-12-31,15,mg/L,rolling avg,4,18,29,None Required,Assessment Complete - No Action Required
Wellington Common Elements Condominium Corporation No.214 c/o MF Property Management Limited,Mini Lakes Campground,7541 Wellington County Road 34,Puslinch,Miscellaneous Communal,Guelph,CARBONACEOUS BIOCHEMICAL OXYGEN DEMAND,Approval / Permit Non-Compliance,2020-01-01,2020-12-31,20,mg/L,annual avg,1,22.92,22.92,Action Plan Submitted - Implementing Improvements,Voluntary Abatement Program Underway
Wellington Common Elements Condominium Corporation No.214 c/o MF Property Management Limited,Mini Lakes Campground,7541 Wellington County Road 34,Puslinch,Miscellaneous Communal,Guelph,"SUSPENDED SOLIDS, TOTAL",Approval / Permit Non-Compliance,2020-01-01,2020-12-31,20,mg/L,annual avg,1,41.4,41.4,Action Plan Submitted - Implementing Improvements,Voluntary Abatement Program Underway
Wolf Steel Ltd.,Wolf Steel,24 Napoleon Rd,Barrie,Miscellaneous Communal,Barrie,"NITROGEN, TOTAL",Approval / Permit Non-Compliance,2020-03-01,2020-03-01,3.5,mg/L,rolling avg,1,4.4,4.4,Operational Process Modification,Assessment Complete - Incident Resolved
Woodbine Entertainment Group,9430 Guelph Line,9430 Guelph Line,Milton,Miscellaneous Communal,Halton-Peel,"SUSPENDED SOLIDS, TOTAL",Approval / Permit Non-Compliance,2020-04-03,2020-04-30,25,mg/L,seasonal avg,1,33.5,33.5,Action Plan Submitted - Implementing Improvements,Assessment Complete - No Action Required
York Region District School Board,36 Sunrise Street,36 Sunrise St,East Gwillimbury,Miscellaneous Communal,York-Durham,"NITROGEN, TOTAL",Approval / Permit Non-Compliance,2020-01-01,2020-08-31,3.5,mg/L,mon avg,8,5.6,114,None Required,Assessment Complete - No Action Required
York Region District School Board,36 Sunrise Street,36 Sunrise St,East Gwillimbury,Miscellaneous Communal,York-Durham,"SUSPENDED SOLIDS, TOTAL",Approval / Permit Non-Compliance,2020-01-22,2020-01-22,10,mg/L,daily,1,19,19,None Required,Assessment Complete - No Action Required