Propriétaire de l’installation,Nom du site,Adresse du site,Municipalité du site,Secteur,District,Contaminant,Type de dépassement,Date du début du dépassement,Date de la fin du dépassement,Limite du contaminant,Unité du contaminant,Fréquence de la limite,Nombre de dépassements,Minimum de la quantité,Maximum de la quantité,Mesure prise par l’installation,Mesure prise par le ministère
ALBUNA EXPRESS LTD.,Albuna Express Ltd.,"306 COUNTY RD 18, LEAMINGTON, ON N8H 3V5",Leamington,Miscellaneous Communal,Windsor Area Office,PHOSPHORUS; TOTAL,Approval/Permit Non-Compliance,03/01/2023,10/31/2023,0.6,mg/L,rolling avg,3,0.9,2.9,Operational Process Modified,Addressed w/o Intervention
ALFRED AND PLANTAGENET,Alfred Lagoon,"LOT:11, CONCESSION:7, GEOTOWNSHIP:ALFRED, ALFRED AND PLANTAGENET, ON ",ALFRED AND PLANTAGENET,Municipal Sewage,Cornwall Area Office,"SUSPENDED SOLIDS, TOTAL",Site-Specific Standard,04/24/2023,06/01/2023,25,mg/L,annual avg,1,28.9,28.9,Resolved w/o Actions Required,Addressed w/o Intervention
"His Majesty the King in Right of Ontario as Represented by the Minister of the Ministry of the Environment, Conservation and Parks",Algonquin Provincial Park - Canoe Lake Campground ,"Lot 20, Concession 9, Highway 60 Corridor
Unorganized Township of Peck, District of Nipissing",PECK,Miscellaneous Communal,North Bay Area Office,Flow,Approval/Permit Non-Compliance,08/01/2023,08/02/2023,107,m3,/day,1,234.5,234.5,Action Plan Submitted,Voluntary Compliance Underway
NEW TECUMSETH,Alliston Water Pollution Control Plant,"4982 SIR FREDERICK BANTING RD, NEW TECUMSETH, ON L9R 1K1",NEW TECUMSETH,Municipal Sewage,Barrie District Office,"SUSPENDED SOLIDS, TOTAL",Approval/Permit Non-Compliance,01/01/2023,01/31/2023,15,mg/L,mon avg,1,15.3,15.3,Equipment Modified - Repaired - Replaced or Re-calibrated,Event Resolved
NEW TECUMSETH,Alliston Water Pollution Control Plant,"4982 SIR FREDERICK BANTING RD, NEW TECUMSETH, ON L9R 1K1",NEW TECUMSETH,Municipal Sewage,Barrie District Office,ESCHERICHIA COLI,Approval/Permit Non-Compliance,07/01/2023,07/31/2023,100,CT/100mL,mon avg on a geo. mean density,1,113.4,113.4,New Equipment or Treatment Process Installed,Event Resolved
LOYALIST,Amherstview Water Pollution Control Plant,"4326 TAYLOR KIDD BLVD, LOYALIST, ON K0H 1G0",LOYALIST,Municipal Sewage,Kingston District Office,ESCHERICHIA COLI,Approval/Permit Non-Compliance,07/01/2023,07/31/2023,100,CT/100mL,mon avg on a geo. mean density,1,1010,1010,Other,Addressed w/o Intervention
LOYALIST,Amherstview Water Pollution Control Plant,"4326 TAYLOR KIDD BLVD, LOYALIST, ON K0H 1G0",LOYALIST,Municipal Sewage,Kingston District Office,ESCHERICHIA COLI,Approval/Permit Non-Compliance,06/01/2023,06/30/2023,200,CT/100mL,mon avg on a geo. mean density,1,298,298,Additional Monitoring Underway,Addressed w/o Intervention
ESSA,Angus Water Pollution Control Plant,"143 CENTRE ST, ANGUS, ESSA, ON L0M 1B0",ESSA,Municipal Sewage,Barrie District Office,"SUSPENDED SOLIDS, TOTAL",Approval/Permit Non-Compliance,03/01/2023,03/31/2023,10,mg/L,mon avg,1,10.63,10.63,New Equipment or Treatment Process Installed,Event Resolved
ESSA,Angus Water Pollution Control Plant,"143 CENTRE ST, ANGUS, ESSA, ON L0M 1B0",ESSA,Municipal Sewage,Barrie District Office,TOTAL AMMONIA NITROGEN,Approval/Permit Non-Compliance,06/01/2023,06/30/2023,3.3,kg/d,mon avg,1,4.73,4.73,Other,Event Resolved
ESSA,Angus Water Pollution Control Plant,"143 CENTRE ST, ANGUS, ESSA, ON L0M 1B0",ESSA,Municipal Sewage,Barrie District Office,TOTAL AMMONIA NITROGEN,Approval/Permit Non-Compliance,06/01/2023,06/30/2023,0.6,mg/L,mon avg,1,1.28,1.28,Other,Event Resolved
APHRIADIAMOND,AphriaDiamond Greenhouse,"620 COUNTY RD 14, LEAMINGTON, ON ",Leamington,Miscellaneous Communal,Windsor Area Office,TOTAL AMMONIA NITROGEN,Approval/Permit Non-Compliance,04/01/2023,07/31/2023,3,mg/L,rolling avg,11,3.2,5.5,Operational Process Modified,Addressed w/o Intervention
JACOBS,Arkona Water Pollution Control Plant,"7580 ARKONA RD, LAMBTON SHORES, ON N0M 2N0",LAMBTON SHORES,Municipal Sewage,Sarnia District Office,TOTAL AMMONIA NITROGEN,Approval/Permit Non-Compliance,10/01/2023,10/31/2023,1.24,kg/d,avg. mon loading,1,2,2,Operational Process Modified,Event Resolved
JACOBS,Arkona Water Pollution Control Plant,"7580 ARKONA RD, LAMBTON SHORES, ON N0M 2N0",LAMBTON SHORES,Municipal Sewage,Sarnia District Office,TOTAL AMMONIA NITROGEN,Legislation Non-Compliance,10/01/2023,10/31/2023,2,mg/L,mon avg,1,12.34,12.34,Operational Process Modified,Event Resolved
JACOBS,Arkona Water Pollution Control Plant,"7580 ARKONA RD, LAMBTON SHORES, ON N0M 2N0",LAMBTON SHORES,Municipal Sewage,Sarnia District Office,TOTAL AMMONIA NITROGEN,Approval/Permit Non-Compliance,10/26/2023,10/26/2023,4,mg/L,any,1,24.5,24.5,Operational Process Modified,Event Resolved
ANOKIIGAMIG CONSTRUCTION LP,Atkinson Road Camp,"LOT S 1/2 LT 11, CONCESSION 5, CHAPPLE, ON ",CHAPPLE,Miscellaneous Communal,Kenora Area Office,NITROGEN; TOTAL,Approval/Permit Non-Compliance,01/25/2023,01/25/2023,10,mg/L,/mon,1,12.5,12.5,Additional Monitoring Underway,Voluntary Compliance Underway
ANOKIIGAMIG CONSTRUCTION LP,Atkinson Road Camp,"LOT S 1/2 LT 11, CONCESSION 5, CHAPPLE, ON ",CHAPPLE,Miscellaneous Communal,Kenora Area Office,NITROGEN; TOTAL,Approval/Permit Non-Compliance,02/15/2023,02/15/2023,10,mg/L,/mon,1,13,13,Additional Monitoring Underway,Voluntary Compliance Underway
ANOKIIGAMIG CONSTRUCTION LP,Atkinson Road Camp,"LOT S 1/2 LT 11, CONCESSION 5, CHAPPLE, ON ",CHAPPLE,Miscellaneous Communal,Kenora Area Office,NITROGEN; TOTAL,Approval/Permit Non-Compliance,07/26/2023,07/26/2023,1,mg/L,/mon,1,1.66,1.66,Additional Monitoring Underway,Voluntary Compliance Underway
ANOKIIGAMIG CONSTRUCTION LP,Atkinson Road Camp,"LOT S 1/2 LT 11, CONCESSION 5, CHAPPLE, ON ",CHAPPLE,Miscellaneous Communal,Kenora Area Office,NITROGEN; TOTAL,Approval/Permit Non-Compliance,07/26/2023,07/26/2023,10,mg/L,/mon,1,13.8,13.8,Additional Monitoring Underway,Voluntary Compliance Underway
ANOKIIGAMIG CONSTRUCTION LP,Atkinson Road Camp,"LOT S 1/2 LT 11, CONCESSION 5, CHAPPLE, ON ",CHAPPLE,Miscellaneous Communal,Kenora Area Office,NITROGEN; TOTAL,Approval/Permit Non-Compliance,12/13/2023,12/13/2023,10,mg/L,/mon,1,11.9,11.9,Additional Monitoring Underway,Voluntary Compliance Underway
THUNDER BAY,Atlantic Avenue Water Pollution Control Plant,"901 ATLANTIC AVE, THUNDER BAY, ON P7C 2T3",THUNDER BAY,Municipal Sewage,Thunder Bay District Office,CARBONACEOUS BIOCHEMICAL OXYGEN DEMAND,Approval/Permit Non-Compliance,10/01/2023,10/31/2023,25,mg/L,mon avg,1,42.8,42.8,Equipment Modified - Repaired - Replaced or Re-calibrated,Addressed w/o Intervention
THUNDER BAY,Atlantic Avenue Water Pollution Control Plant,"901 ATLANTIC AVE, THUNDER BAY, ON P7C 2T3",THUNDER BAY,Municipal Sewage,Thunder Bay District Office,CARBONACEOUS BIOCHEMICAL OXYGEN DEMAND,Approval/Permit Non-Compliance,11/01/2023,11/30/2023,25,mg/L,mon avg,1,26.1,26.1,Equipment Modified - Repaired - Replaced or Re-calibrated,Addressed w/o Intervention
AYLMER,Aylmer Lagoon,"9853 ROGERS RD, AYLMER, ON N5H 2R6",AYLMER,Municipal Sewage,London District Office,TOTAL AMMONIA NITROGEN,Approval/Permit Non-Compliance,04/04/2023,04/04/2023,1.2,mg/L,any,1,4,4,Conducting Study,Voluntary Compliance Underway
AYLMER,Aylmer Lagoon,"9853 ROGERS RD, AYLMER, ON N5H 2R6",AYLMER,Municipal Sewage,London District Office,TOTAL AMMONIA NITROGEN,Approval/Permit Non-Compliance,04/12/2023,04/12/2023,1.2,mg/L,any,1,7.2,7.2,Conducting Study,Voluntary Compliance Underway
AYLMER,Aylmer Lagoon,"9853 ROGERS RD, AYLMER, ON N5H 2R6",AYLMER,Municipal Sewage,London District Office,TOTAL AMMONIA NITROGEN,Approval/Permit Non-Compliance,04/18/2023,04/18/2023,1.2,mg/L,any,1,6.9,6.9,Conducting Study,Voluntary Compliance Underway
AYLMER,Aylmer Lagoon,"9853 ROGERS RD, AYLMER, ON N5H 2R6",AYLMER,Municipal Sewage,London District Office,TOTAL AMMONIA NITROGEN,Approval/Permit Non-Compliance,04/25/2023,04/25/2023,1.2,mg/L,any,1,4.9,4.9,Conducting Study,Voluntary Compliance Underway
AYLMER,Aylmer Lagoon,"9853 ROGERS RD, AYLMER, ON N5H 2R6",AYLMER,Municipal Sewage,London District Office,TOTAL AMMONIA NITROGEN,Approval/Permit Non-Compliance,11/02/2023,11/02/2023,0.9,mg/L,any,1,1,1,Conducting Study,Voluntary Compliance Underway
AYLMER,Aylmer Lagoon,"9853 ROGERS RD, AYLMER, ON N5H 2R6",AYLMER,Municipal Sewage,London District Office,TOTAL AMMONIA NITROGEN,Approval/Permit Non-Compliance,11/07/2023,11/07/2023,0.9,mg/L,any,1,1,1,Conducting Study,Voluntary Compliance Underway
GREATER SUDBURY,Azilda Water Pollution Control Plant,"564 ST AGNES ST, GREATER SUDBURY, ON P0M 1L0",GREATER SUDBURY,Municipal Sewage,Sudbury District Office,TOTAL AMMONIA NITROGEN,Approval/Permit Non-Compliance,01/01/2023,01/31/2023,5,mg/L,mon avg,1,7.16,7.16,Operational Process Modified,Voluntary Compliance Underway
GREATER SUDBURY,Azilda Water Pollution Control Plant,"564 ST AGNES ST, GREATER SUDBURY, ON P0M 1L0",GREATER SUDBURY,Municipal Sewage,Sudbury District Office,TOTAL AMMONIA NITROGEN,Approval/Permit Non-Compliance,03/01/2023,03/31/2023,5,mg/L,mon avg,1,6.86,6.86,Operational Process Modified,Event Resolved
GREATER SUDBURY,Azilda Water Pollution Control Plant,"564 ST AGNES ST, GREATER SUDBURY, ON P0M 1L0",GREATER SUDBURY,Municipal Sewage,Sudbury District Office,TOTAL AMMONIA NITROGEN,Approval/Permit Non-Compliance,06/01/2023,06/30/2023,5,mg/L,mon avg,1,7.74,7.74,Resolved w/o Actions Required,Assessment Underway
GREATER SUDBURY,Azilda Water Pollution Control Plant,"564 ST AGNES ST, GREATER SUDBURY, ON P0M 1L0",GREATER SUDBURY,Municipal Sewage,Sudbury District Office,TOTAL AMMONIA NITROGEN,Approval/Permit Non-Compliance,09/01/2023,09/30/2023,5,mg/L,mon avg,1,12.74,12.74,Resolved w/o Actions Required,Event Resolved
NIAGARA REGION,Baker Road Wastewater Treatment Plant,"160 LAKE ST N, GRIMSBY, ON L3M 5T3",GRIMSBY,Municipal Sewage,Niagara District Office,PHOSPHORUS; TOTAL,Approval/Permit Non-Compliance,05/01/2023,05/31/2023,0.5,mg/L,mon avg,1,0.61,0.61,Additional Monitoring Underway,Assessment Underway
NIAGARA REGION,Baker Road Wastewater Treatment Plant,"160 LAKE ST N, GRIMSBY, ON L3M 5T3",GRIMSBY,Municipal Sewage,Niagara District Office,PHOSPHORUS; TOTAL,Approval/Permit Non-Compliance,08/01/2023,08/31/2023,0.5,mg/L,mon avg,1,0.56,0.56,Additional Monitoring Underway,Voluntary Compliance Underway
NIAGARA REGION,Baker Road Wastewater Treatment Plant,"160 LAKE ST N, GRIMSBY, ON L3M 5T3",GRIMSBY,Municipal Sewage,Niagara District Office,PHOSPHORUS; TOTAL,Approval/Permit Non-Compliance,10/01/2023,10/31/2023,0.5,mg/L,mon avg,1,0.73,0.73,Additional Monitoring Underway,Assessment Underway
BALLANTRAE GOLF CLUB,Ballantrae Golf Course,"LOT:21,22,23, CONCESSION:8, GEOTOWNSHIP:WHITCHURCH, WHITCHURCH-STOUFFVILLE, ON L4A 1M2",WHITCHURCH-STOUFFVILLE,Miscellaneous Communal,York Durham District Office,NITROGEN; TOTAL,Approval/Permit Non-Compliance,05/01/2023,05/31/2023,3.6,mg/L,mon avg,1,4.18,4.18,Equipment Modified - Repaired - Replaced or Re-calibrated,Other Action Taken
BALLANTRAE GOLF CLUB,Ballantrae Golf Course,"LOT:21,22,23, CONCESSION:8, GEOTOWNSHIP:WHITCHURCH, WHITCHURCH-STOUFFVILLE, ON L4A 1M2",WHITCHURCH-STOUFFVILLE,Miscellaneous Communal,York Durham District Office,NITROGEN; TOTAL,Approval/Permit Non-Compliance,06/01/2023,06/30/2023,3.6,mg/L,/30 days,1,4.27,4.27,Additional Monitoring Underway,Assessment Underway
BALLANTRAE GOLF CLUB,Ballantrae Golf Course,"LOT:21,22,23, CONCESSION:8, GEOTOWNSHIP:WHITCHURCH, WHITCHURCH-STOUFFVILLE, ON L4A 1M2",WHITCHURCH-STOUFFVILLE,Miscellaneous Communal,York Durham District Office,NITROGEN; TOTAL,Approval/Permit Non-Compliance,09/01/2023,09/30/2023,3.6,mg/L,mon avg,1,3.86,3.86,New Equipment or Treatment Process Installed,Event Resolved
BALLANTRAE GOLF CLUB,Ballantrae Golf Course,"LOT:21,22,23, CONCESSION:8, GEOTOWNSHIP:WHITCHURCH, WHITCHURCH-STOUFFVILLE, ON L4A 1M2",WHITCHURCH-STOUFFVILLE,Miscellaneous Communal,York Durham District Office,TOTAL AMMONIA NITROGEN,Approval/Permit Non-Compliance,12/01/2023,12/31/2023,1,mg/L,mon avg,1,3.31,3.31,Other,Event Resolved
BALLANTRAE GOLF CLUB,Ballantrae Golf Course,"LOT:21,22,23, CONCESSION:8, GEOTOWNSHIP:WHITCHURCH, WHITCHURCH-STOUFFVILLE, ON L4A 1M2",WHITCHURCH-STOUFFVILLE,Miscellaneous Communal,York Durham District Office,TOTAL AMMONIA NITROGEN,Approval/Permit Non-Compliance,12/01/2023,12/31/2023,1.05,kg/d,mon avg,1,1.58,1.58,Other,Event Resolved
MADAWASKA VALLEY,Barry's Bay Water Pollution Control Plant,"117 LAKESHORE DR, BARRY'S BAY, MADAWASKA VALLEY, ON K0J 1B0",MADAWASKA VALLEY,Municipal Sewage,Ottawa District Office,PHOSPHORUS; TOTAL,Approval/Permit Non-Compliance,04/30/2023,04/30/2023,0.2,mg/L,/mon,1,0.27,0.27,Equipment Modified - Repaired - Replaced or Re-calibrated,Voluntary Compliance Underway
MADAWASKA VALLEY,Barry's Bay Water Pollution Control Plant,"117 LAKESHORE DR, BARRY'S BAY, MADAWASKA VALLEY, ON K0J 1B0",MADAWASKA VALLEY,Municipal Sewage,Ottawa District Office,PHOSPHORUS; TOTAL,Approval/Permit Non-Compliance,11/01/2023,11/30/2023,0.2,mg/L,mon avg,1,0.25,0.25,Operational Process Modified,Voluntary Compliance Underway
CHAPPLE,Barwick (Hamlet Of) Lagoon,"LOT:46,47, CONCESSION:0, GEOTOWNSHIP:CHAPPLE, CHAPPLE, ON P0W 1A0",CHAPPLE,Municipal Sewage,Kenora Area Office,PHOSPHORUS; TOTAL,Approval/Permit Non-Compliance,06/15/2023,06/28/2023,1,mg/L,/season,1,1.27,1.27,Action Plan Submitted,Voluntary Compliance Underway
CHAPPLE,Barwick (Hamlet Of) Lagoon,"LOT:46,47, CONCESSION:0, GEOTOWNSHIP:CHAPPLE, CHAPPLE, ON P0W 1A0",CHAPPLE,Municipal Sewage,Kenora Area Office,"SUSPENDED SOLIDS, TOTAL",Approval/Permit Non-Compliance,06/15/2023,06/28/2023,30,mg/L,/season,1,42.17,42.17,Action Plan Submitted,Voluntary Compliance Underway
CHAPPLE,Barwick (Hamlet Of) Lagoon,"LOT:46,47, CONCESSION:0, GEOTOWNSHIP:CHAPPLE, CHAPPLE, ON P0W 1A0",CHAPPLE,Municipal Sewage,Kenora Area Office,PHOSPHORUS; TOTAL,Approval/Permit Non-Compliance,11/23/2023,11/30/2023,1,mg/L,/season,1,2.1,2.1,Operational Process Modified,Voluntary Compliance Underway
BEAVER VALLEY SKI CLUB,BEAVER VALLEY SKI CLUB (CLUBHOUSE),"100 PIONEER DR, GREY HIGHLANDS, ON N0C 1H0",GREY HIGHLANDS,Miscellaneous Communal,Owen Sound District Office,TOTAL AMMONIA NITROGEN,Approval/Permit Non-Compliance,01/01/2023,01/31/2023,2.5,mg/L,mon avg,1,44.8,44.8,Ceased Operations,Voluntary Compliance Underway
BEAVER VALLEY SKI CLUB,BEAVER VALLEY SKI CLUB (CLUBHOUSE),"100 PIONEER DR, GREY HIGHLANDS, ON N0C 1H0",GREY HIGHLANDS,Miscellaneous Communal,Owen Sound District Office,BIOCHEMICAL OXYGEN DEMAND,Approval/Permit Non-Compliance,02/01/2023,02/28/2023,15,mg/L,mon avg,1,19,19,Additional Monitoring Underway,Voluntary Compliance Underway
BEAVER VALLEY SKI CLUB,BEAVER VALLEY SKI CLUB (CLUBHOUSE),"100 PIONEER DR, GREY HIGHLANDS, ON N0C 1H0",GREY HIGHLANDS,Miscellaneous Communal,Owen Sound District Office,TOTAL AMMONIA NITROGEN,Approval/Permit Non-Compliance,02/01/2023,02/28/2023,2.5,mg/L,mon avg,1,10,10,Additional Monitoring Underway,Voluntary Compliance Underway
BEAVER VALLEY SKI CLUB,BEAVER VALLEY SKI CLUB (CLUBHOUSE),"100 PIONEER DR, GREY HIGHLANDS, ON N0C 1H0",GREY HIGHLANDS,Miscellaneous Communal,Owen Sound District Office,"SUSPENDED SOLIDS, TOTAL",Approval/Permit Non-Compliance,04/01/2023,04/30/2023,15,mg/L,mon avg,1,15.5,15.5,Conducting Study,Assessment Underway
BEAVER VALLEY SKI CLUB,BEAVER VALLEY SKI CLUB (CLUBHOUSE),"100 PIONEER DR, GREY HIGHLANDS, ON N0C 1H0",GREY HIGHLANDS,Miscellaneous Communal,Owen Sound District Office,PHOSPHORUS; TOTAL,Approval/Permit Non-Compliance,04/01/2023,04/30/2023,0.6,mg/L,mon avg,1,0.77,0.77,Conducting Study,Assessment Underway
BEAVER VALLEY SKI CLUB,BEAVER VALLEY SKI CLUB (CLUBHOUSE),"100 PIONEER DR, GREY HIGHLANDS, ON N0C 1H0",GREY HIGHLANDS,Miscellaneous Communal,Owen Sound District Office,"SUSPENDED SOLIDS, TOTAL",Approval/Permit Non-Compliance,11/01/2023,11/30/2023,15,mg/L,mon avg,1,40,40,Additional Monitoring Underway,Voluntary Compliance Underway
BEAVER VALLEY SKI CLUB,BEAVER VALLEY SKI CLUB (CLUBHOUSE),"100 PIONEER DR, GREY HIGHLANDS, ON N0C 1H0",GREY HIGHLANDS,Miscellaneous Communal,Owen Sound District Office,PHOSPHORUS; TOTAL,Approval/Permit Non-Compliance,11/01/2023,11/30/2023,0.45,mg/L,mon avg,1,0.93,0.93,Additional Monitoring Underway,Voluntary Compliance Underway
BELLEVILLE,Belleville Water Pollution Control Plant,"131 ST PAUL ST, BELLEVILLE, ON K8N 1B1",BELLEVILLE,Municipal Sewage,Belleville Area Office,CARBONACEOUS BIOCHEMICAL OXYGEN DEMAND,Approval/Permit Non-Compliance,01/01/2023,12/31/2023,15,mg/L,annual avg,2,15.1,18.63,Additional Monitoring Underway,Addressed w/o Intervention
BELLMERE WINDS GOLF RESORT,Bellmere Winds Golf Resort,"1235 VILLIERS LINE, OTONABEE-SOUTH MONAGHAN, ON K0L 2G0",OTONABEE-SOUTH MONAGHAN,Miscellaneous Communal,Peterborough District Office,NITROGEN; TOTAL,Approval/Permit Non-Compliance,10/01/2023,10/31/2023,15,mg/L,mon avg,1,15.7,15.7,Additional Monitoring Underway,Voluntary Compliance Underway
BELLMERE WINDS GOLF RESORT,Bellmere Winds Golf Resort,"1235 VILLIERS LINE, OTONABEE-SOUTH MONAGHAN, ON K0L 2G0",OTONABEE-SOUTH MONAGHAN,Miscellaneous Communal,Peterborough District Office,NITROGEN; TOTAL,Approval/Permit Non-Compliance,09/01/2023,09/30/2023,15,mg/L,mon avg,2,16.5,21.7,Equipment Modified - Repaired - Replaced or Re-calibrated,Voluntary Compliance Underway
BELLMERE WINDS GOLF RESORT,Bellmere Winds Golf Resort,"1235 VILLIERS LINE, OTONABEE-SOUTH MONAGHAN, ON K0L 2G0",OTONABEE-SOUTH MONAGHAN,Miscellaneous Communal,Peterborough District Office,PHOSPHORUS; TOTAL,Approval/Permit Non-Compliance,09/01/2023,09/30/2023,2.5,mg/L,mon avg,2,4.2,5.5,Equipment Modified - Repaired - Replaced or Re-calibrated,Voluntary Compliance Underway
BELLMERE WINDS GOLF RESORT,Bellmere Winds Golf Resort,"1235 VILLIERS LINE, OTONABEE-SOUTH MONAGHAN, ON K0L 2G0",OTONABEE-SOUTH MONAGHAN,Miscellaneous Communal,Peterborough District Office,PHOSPHORUS; TOTAL,Approval/Permit Non-Compliance,08/01/2023,08/31/2023,2.5,mg/L,mon avg,2,3.7,4.7,Equipment Modified - Repaired - Replaced or Re-calibrated,Voluntary Compliance Underway
BELLMERE WINDS GOLF RESORT,Bellmere Winds Golf Resort,"1235 VILLIERS LINE, OTONABEE-SOUTH MONAGHAN, ON K0L 2G0",OTONABEE-SOUTH MONAGHAN,Miscellaneous Communal,Peterborough District Office,PHOSPHORUS; TOTAL,Approval/Permit Non-Compliance,07/01/2023,07/31/2023,2.5,mg/L,mon avg,2,3.8,4.5,Equipment Modified - Repaired - Replaced or Re-calibrated,Voluntary Compliance Underway
AMHERSTBURG,Big Creek Marsh Sewage Treatment Plant,"187 LAKESIDE DR, AMHERSTBURG, ON N0R 1G0",Amherstburg,Municipal Sewage,Windsor Area Office,TOTAL AMMONIA NITROGEN,Approval/Permit Non-Compliance,05/01/2023,05/31/2023,1.5,mg/L,/mon,1,2.72,2.72,Other,Addressed w/o Intervention
BIGWIN ISLAND GOLF CLUB,Bigwin Island Golf Club,"1137 HIGHWAY 117, LAKE OF BAYS, ON P0B 1A0",LAKE OF BAYS,Miscellaneous Communal,Barrie District Office,"SUSPENDED SOLIDS, TOTAL",Approval/Permit Non-Compliance,05/01/2023,05/31/2023,10,mg/L,/mon,1,11,11,Additional Monitoring Underway,Assessment Underway
BIGWIN ISLAND GOLF CLUB,Bigwin Island Golf Club,"1137 HIGHWAY 117, LAKE OF BAYS, ON P0B 1A0",LAKE OF BAYS,Miscellaneous Communal,Barrie District Office,CARBONACEOUS BIOCHEMICAL OXYGEN DEMAND,Legislation Non-Compliance,06/01/2023,06/30/2023,10,mg/L,mon avg,1,42,42,Equipment Modified - Repaired - Replaced or Re-calibrated,Assessment Underway
BIGWIN ISLAND GOLF CLUB,Bigwin Island Golf Club,"1137 HIGHWAY 117, LAKE OF BAYS, ON P0B 1A0",LAKE OF BAYS,Miscellaneous Communal,Barrie District Office,"SUSPENDED SOLIDS, TOTAL",Approval/Permit Non-Compliance,06/01/2023,06/30/2023,10,mg/L,mon avg,1,25,25,Equipment Modified - Repaired - Replaced or Re-calibrated,Assessment Underway
CHATHAM-KENT PUBLIC UTILITIES COMMISSION,Blenheim Lagoon,"19818 LAGOON RD, BLENHEIM, CHATHAM-KENT, ON N0P 1A0",CHATHAM-KENT,Municipal Sewage,Windsor Area Office,ESCHERICHIA COLI,Approval/Permit Non-Compliance,07/01/2023,07/31/2023,200,CT/100mL,mon avg on a geo. mean density,1,331,331,Other,Voluntary Compliance Underway
CHATHAM-KENT PUBLIC UTILITIES COMMISSION,Blenheim Lagoon,"19818 LAGOON RD, BLENHEIM, CHATHAM-KENT, ON N0P 1A0",CHATHAM-KENT,Municipal Sewage,Windsor Area Office,ESCHERICHIA COLI,Approval/Permit Non-Compliance,09/01/2023,09/30/2023,200,CT/100mL,mon avg on a geo. mean density,1,312,312,Other,Voluntary Compliance Underway
CHATHAM-KENT PUBLIC UTILITIES COMMISSION,Blenheim Lagoon,"19818 LAGOON RD, BLENHEIM, CHATHAM-KENT, ON N0P 1A0",CHATHAM-KENT,Municipal Sewage,Windsor Area Office,PH - HIGH,Approval/Permit Non-Compliance,10/01/2023,10/31/2023,9.5,PH,/mon,1,10.02,10.02,Other,Voluntary Compliance Underway
NORTH HURON,Blyth Water Pollution Control Plant,"117 NORTH ST, NORTH HURON, ON N0M 1L0",Huron,Municipal Sewage,Owen Sound District Office,ESCHERICHIA COLI,Approval/Permit Non-Compliance,05/01/2023,05/31/2023,200,CT/100mL,mon avg on a geo. mean density,1,401,401,Operational Process Modified,Addressed w/o Intervention
TIMMINS,Bob's Lake Lagoon,"300 IDA ST, TIMMINS, ON ",TIMMINS,Municipal Sewage,Timmins District Office,"SUSPENDED SOLIDS, TOTAL",Policy/Guidance/ Non-Conf.,01/01/2023,12/31/2023,25,mg/L,annual avg,1,30.25,30.25,None Required,Voluntary Compliance Underway
BOUNDARY ROAD DEVELOPMENT INC.,Boundary Road Distribution Centre,"5225 BOUNDARY RD, OTTAWA, ON K4B 1P6",OTTAWA,Miscellaneous Communal,Ottawa District Office,PH - LOW,Approval/Permit Non-Compliance,01/30/2023,01/30/2023,6,pH,/week,1,5.7,5.7,Resolved w/o Actions Required,Addressed w/o Intervention
BOUNDARY ROAD DEVELOPMENT INC.,Boundary Road Distribution Centre,"5225 BOUNDARY RD, OTTAWA, ON K4B 1P6",OTTAWA,Miscellaneous Communal,Ottawa District Office,PH - LOW,Approval/Permit Non-Compliance,01/30/2023,02/01/2023,6,pH,/mon,1,5.7,5.7,Operational Process Modified,Addressed w/o Intervention
BOUNDARY ROAD DEVELOPMENT INC.,Boundary Road Distribution Centre,"5225 BOUNDARY RD, OTTAWA, ON K4B 1P6",OTTAWA,Miscellaneous Communal,Ottawa District Office,PHOSPHORUS; TOTAL,Approval/Permit Non-Compliance,11/01/2023,11/30/2023,0.1,mg/L,/mon,1,0.146,0.146,Resolved w/o Actions Required,Addressed w/o Intervention
MUSKOKA DISTRICT,Bracebridge Clean Water Plant,"1000 LAGOON LANE, BRACEBRIDGE, ON P1L 0A1",BRACEBRIDGE,Municipal Sewage,Barrie District Office,PH - LOW,Approval/Permit Non-Compliance,01/09/2023,01/09/2023,6,pH,any,1,4.65,4.65,Equipment Modified - Repaired - Replaced or Re-calibrated,Addressed w/o Intervention
BRIGHTON,Brighton Water Pollution Control Plant,"100 COUNTY RD 64, BRIGHTON, ON K0K 1H0",BRIGHTON,Municipal Sewage,Peterborough District Office,TOTAL AMMONIA NITROGEN,Approval/Permit Non-Compliance,12/01/2023,12/31/2023,17,mg/L,mon avg,1,17.9,17.9,Action Plan Submitted,Voluntary Compliance Underway
BRIGHTON,Brighton Water Pollution Control Plant,"100 COUNTY RD 64, BRIGHTON, ON K0K 1H0",BRIGHTON,Municipal Sewage,Peterborough District Office,TOTAL AMMONIA NITROGEN,Approval/Permit Non-Compliance,05/01/2023,05/31/2023,14,mg/L,/mon,1,16.2,16.2,Conducting Study,Voluntary Compliance Underway
BRIGHTON,Brighton Water Pollution Control Plant,"100 COUNTY RD 64, BRIGHTON, ON K0K 1H0",BRIGHTON,Municipal Sewage,Peterborough District Office,TOTAL AMMONIA NITROGEN,Approval/Permit Non-Compliance,05/01/2023,05/31/2023,64.4,kg/d,mon avg,1,64.6,64.6,Action Plan Submitted,Voluntary Compliance Underway
BRIGHTON,Brighton Water Pollution Control Plant,"100 COUNTY RD 64, BRIGHTON, ON K0K 1H0",BRIGHTON,Municipal Sewage,Peterborough District Office,TOTAL AMMONIA NITROGEN,Approval/Permit Non-Compliance,09/01/2023,09/30/2023,14,mg/L,mon avg,1,17.4,17.4,Action Plan Submitted,Assessment Underway
BRIGHTON,Brighton Water Pollution Control Plant,"100 COUNTY RD 64, BRIGHTON, ON K0K 1H0",BRIGHTON,Municipal Sewage,Peterborough District Office,TOTAL AMMONIA NITROGEN,Approval/Permit Non-Compliance,08/01/2023,08/31/2023,14,mg/L,mon avg,1,14.8,14.8,Conducting Study,Assessment Underway
BRIGHTON,Brighton Water Pollution Control Plant,"100 COUNTY RD 64, BRIGHTON, ON K0K 1H0",BRIGHTON,Municipal Sewage,Peterborough District Office,TOTAL AMMONIA NITROGEN,Approval/Permit Non-Compliance,07/01/2023,07/31/2023,14,mg/L,mon avg,1,16,16,Conducting Study,Assessment Underway
BRIGHTON,Brighton Water Pollution Control Plant,"100 COUNTY RD 64, BRIGHTON, ON K0K 1H0",BRIGHTON,Municipal Sewage,Peterborough District Office,TOTAL AMMONIA NITROGEN,Approval/Permit Non-Compliance,06/01/2023,06/30/2023,14,mg/L,mon avg,1,23.8,23.8,New/Amended Approval,Assessment Underway
KINCARDINE,Bruce Energy Centre Sewage Treatment Plant,"Part 5, Plan 3R-7015
Lot Lake Range, 11 and 12, Concession 3
Municipality of Kincardine, County of Bruce",KINCARDINE,Municipal Sewage,Owen Sound District Office,PHOSPHORUS; TOTAL,Approval/Permit Non-Compliance,11/01/2023,11/30/2023,1,mg/L,mon avg,1,1.23,1.23,Equipment Modified - Repaired - Replaced or Re-calibrated,Addressed w/o Intervention
BURLEIGH FALLS INN & SUITES,Burleigh Falls Inn & Suites,"4791 HIGHWAY 28, NORTH KAWARTHA, ON K0L 2H0",NORTH KAWARTHA,Miscellaneous Communal,Peterborough District Office,"SUSPENDED SOLIDS, TOTAL",Approval/Permit Non-Compliance,03/01/2023,03/31/2023,15,mg/L,mon avg,1,21.6,21.6,Action Plan Submitted,Assessment Underway
BURLEIGH FALLS INN & SUITES,Burleigh Falls Inn & Suites,"4791 HIGHWAY 28, NORTH KAWARTHA, ON K0L 2H0",NORTH KAWARTHA,Miscellaneous Communal,Peterborough District Office,TOTAL AMMONIA NITROGEN,Approval/Permit Non-Compliance,02/10/2023,03/08/2023,4,mg/L,/week,5,8,15,Action Plan Submitted,Assessment Underway
BURLEIGH FALLS INN & SUITES,Burleigh Falls Inn & Suites,"4791 HIGHWAY 28, NORTH KAWARTHA, ON K0L 2H0",NORTH KAWARTHA,Miscellaneous Communal,Peterborough District Office,TOTAL AMMONIA NITROGEN,Approval/Permit Non-Compliance,01/04/2023,01/04/2023,4,mg/L,/week,1,6.2,6.2,Resolved w/o Actions Required,Event Resolved
BURLEIGH FALLS INN & SUITES,Burleigh Falls Inn & Suites,"4791 HIGHWAY 28, NORTH KAWARTHA, ON K0L 2H0",NORTH KAWARTHA,Miscellaneous Communal,Peterborough District Office,"SUSPENDED SOLIDS, TOTAL",Approval/Permit Non-Compliance,04/01/2023,04/30/2023,15,mg/L,mon avg,1,17.5,17.5,Action Plan Submitted,Voluntary Compliance Underway
BURLEIGH FALLS INN & SUITES,Burleigh Falls Inn & Suites,"4791 HIGHWAY 28, NORTH KAWARTHA, ON K0L 2H0",NORTH KAWARTHA,Miscellaneous Communal,Peterborough District Office,TOTAL AMMONIA NITROGEN,Approval/Permit Non-Compliance,04/01/2023,07/31/2023,2,mg/L,/week,3,9,18.7,Action Plan Submitted,Voluntary Compliance Underway
BRANT COUNTY,Cainsville Lagoon,"30 SHAVER ST, CAINVILLE, BRANT COUNTY, ON N3T 5M1",BRANT COUNTY,Municipal Sewage,Guelph District Office,FLOW,Approval/Permit Non-Compliance,01/01/2023,12/31/2023,250,m³/d,/day,1,261,261,Equipment Modified - Repaired - Replaced or Re-calibrated,Assessment Complete - No Action Required
UTILITIES KINGSTON,Cana Water Pollution Control Plant,"1756 CANA BLVD, KINGSTON, ON K7L 5H6",KINGSTON,Municipal Sewage,Kingston District Office,PHOSPHORUS; TOTAL,Approval/Permit Non-Compliance,02/01/2023,02/28/2023,0.2,mg/L,/mon,1,0.22,0.22,Operational Process Modified,Addressed w/o Intervention
CASSELMAN,Casselman Sewage Treatment Lagoons,"224 LAURIER ST, CASSELMAN, ON K0A 1M0",CASSELMAN,Municipal Sewage,Cornwall Area Office,TOTAL AMMONIA NITROGEN,Approval/Permit Non-Compliance,01/01/2023,01/31/2023,12,mg/L,/mon,1,15.8,15.8,Operational Process Modified,Voluntary Compliance Underway
The Corporation of the City of Kingston,Cataraqui Bay (Kingston West) Wastewater Treatment Plant,"409 FRONT RD, KINGSTON, ON K7M 5R8",KINGSTON,Municipal Sewage,Kingston District Office,PHOSPHORUS; TOTAL,Approval/Permit Non-Compliance,10/01/2023,10/31/2023,1,mg/L,/mon,1,1.07,1.07,Operational Process Modified,Addressed w/o Intervention
CEDAR RAIL FAMILY CAMPGROUND,Cedar Rail Family Campground,"15259 GREY BRUCE LINE, CHATSWORTH, ON N0G 1L0",CHATSWORTH,Miscellaneous Communal,Owen Sound District Office,"SUSPENDED SOLIDS, TOTAL",Approval/Permit Non-Compliance,08/01/2023,08/31/2023,10,mg/L,mon avg,1,10.3,10.3,Resolved w/o Actions Required,Addressed w/o Intervention
VEOLIA WATER CANADA INC.,Chalk River Water Pollution Control Plant,"35 BLIMKIE ST E, LAURENTIAN HILLS, ON K0J 1J0",LAURENTIAN HILLS,Municipal Sewage,Ottawa District Office,ESCHERICHIA COLI,Approval/Permit Non-Compliance,04/01/2023,04/30/2023,200,CT/100mL,mon avg on a geo. mean density,1,201,201,Resolved w/o Actions Required,Addressed w/o Intervention
VEOLIA WATER CANADA INC.,Chalk River Water Pollution Control Plant,"35 BLIMKIE ST E, LAURENTIAN HILLS, ON K0J 1J0",LAURENTIAN HILLS,Municipal Sewage,Ottawa District Office,ESCHERICHIA COLI,Approval/Permit Non-Compliance,05/01/2023,05/31/2023,200,CT/100mL,mon avg on a geo. mean density,1,2600,2600,Other,Voluntary Compliance Underway
VEOLIA WATER CANADA INC.,Chalk River Water Pollution Control Plant,"35 BLIMKIE ST E, LAURENTIAN HILLS, ON K0J 1J0",LAURENTIAN HILLS,Municipal Sewage,Ottawa District Office,ESCHERICHIA COLI,Approval/Permit Non-Compliance,06/01/2023,06/30/2023,200,CT/100mL,mon avg on a geo. mean density,1,598,598,Resolved w/o Actions Required,Addressed w/o Intervention
VEOLIA WATER CANADA INC.,Chalk River Water Pollution Control Plant,"35 BLIMKIE ST E, LAURENTIAN HILLS, ON K0J 1J0",LAURENTIAN HILLS,Municipal Sewage,Ottawa District Office,ESCHERICHIA COLI,Approval/Permit Non-Compliance,03/01/2023,03/31/2023,200,CT/100mL,mon avg on a geo. mean density,1,227,227,Resolved w/o Actions Required,Addressed w/o Intervention
VEOLIA WATER CANADA INC.,Chalk River Water Pollution Control Plant,"35 BLIMKIE ST E, LAURENTIAN HILLS, ON K0J 1J0",LAURENTIAN HILLS,Municipal Sewage,Ottawa District Office,PHOSPHORUS; TOTAL,Approval/Permit Non-Compliance,05/01/2023,05/31/2023,0.5,kg/d,/mon,2,1.08,1.08,Other,Voluntary Compliance Underway
VEOLIA WATER CANADA INC.,Chalk River Water Pollution Control Plant,"35 BLIMKIE ST E, LAURENTIAN HILLS, ON K0J 1J0",LAURENTIAN HILLS,Municipal Sewage,Ottawa District Office,PHOSPHORUS; TOTAL,Approval/Permit Non-Compliance,05/01/2023,05/31/2023,1,mg/L,/mon,1,1.77,1.77,Other,Voluntary Compliance Underway
VEOLIA WATER CANADA INC.,Chalk River Water Pollution Control Plant,"35 BLIMKIE ST E, LAURENTIAN HILLS, ON K0J 1J0",LAURENTIAN HILLS,Municipal Sewage,Ottawa District Office,PHOSPHORUS; TOTAL,Approval/Permit Non-Compliance,06/01/2023,06/30/2023,1,mg/L,mon avg,1,1.13,1.13,Resolved w/o Actions Required,Addressed w/o Intervention
GREATER SUDBURY,Chelmsford Water Pollution Control Plant,"300 LAURETTE ST, GREATER SUDBURY, ON P0M 1L0",GREATER SUDBURY,Municipal Sewage,Sudbury District Office,"SUSPENDED SOLIDS, TOTAL",Approval/Permit Non-Compliance,05/01/2023,10/31/2023,7,mg/L,seasonal avg,1,9.23,9.23,Resolved w/o Actions Required,Addressed w/o Intervention
GREATER SUDBURY,Chelmsford Water Pollution Control Plant,"300 LAURETTE ST, GREATER SUDBURY, ON P0M 1L0",GREATER SUDBURY,Municipal Sewage,Sudbury District Office,TOTAL AMMONIA NITROGEN,Approval/Permit Non-Compliance,05/01/2023,10/31/2023,14.2,kg/d,seasonal avg,1,14.26,14.26,Operational Process Modified,Event Resolved
GREATER SUDBURY,Chelmsford Water Pollution Control Plant,"300 LAURETTE ST, GREATER SUDBURY, ON P0M 1L0",GREATER SUDBURY,Municipal Sewage,Sudbury District Office,TOTAL AMMONIA NITROGEN,Approval/Permit Non-Compliance,05/01/2023,10/31/2023,2,mg/L,seasonal avg,1,3.7,3.7,Resolved w/o Actions Required,Addressed w/o Intervention
GREATER SUDBURY,Chelmsford Water Pollution Control Plant,"300 LAURETTE ST, GREATER SUDBURY, ON P0M 1L0",GREATER SUDBURY,Municipal Sewage,Sudbury District Office,PHOSPHORUS; TOTAL,Approval/Permit Non-Compliance,09/01/2023,09/30/2023,0.3,mg/L,mon avg,1,0.41,0.41,Resolved w/o Actions Required,Addressed w/o Intervention
ARRAN-ELDERSLIE,Chesley Lagoon,"230 4TH ST SW, ARRAN-ELDERSLIE, ON N0G 1L0",ARRAN-ELDERSLIE,Municipal Sewage,Owen Sound District Office,TOTAL AMMONIA NITROGEN,Approval/Permit Non-Compliance,07/31/2023,07/01/2023,3,mg/L,mon avg,1,3.73,3.73,Operational Process Modified,Other Action Taken
ARRAN-ELDERSLIE,Chesley Lagoon,"230 4TH ST SW, ARRAN-ELDERSLIE, ON N0G 1L0",ARRAN-ELDERSLIE,Municipal Sewage,Owen Sound District Office,TOTAL AMMONIA NITROGEN,Approval/Permit Non-Compliance,06/01/2023,06/30/2023,2,mg/L,mon avg,1,4.91,4.91,Operational Process Modified,Addressed w/o Intervention
ARRAN-ELDERSLIE,Chesley Lagoon,"230 4TH ST SW, ARRAN-ELDERSLIE, ON N0G 1L0",ARRAN-ELDERSLIE,Municipal Sewage,Owen Sound District Office,TOTAL AMMONIA NITROGEN,Approval/Permit Non-Compliance,05/01/2023,05/31/2023,3,mg/L,mon avg,1,3.92,3.92,Operational Process Modified,Addressed w/o Intervention
NORTH DUNDAS,Chesterville Lagoon,"LOT:20, CONCESSION:4, GEOTOWNSHIP:WINCHESTER, NORTH DUNDAS, ON ",NORTH DUNDAS,Municipal Sewage,Cornwall Area Office,PHOSPHORUS; TOTAL,Approval/Permit Non-Compliance,01/01/2023,12/31/2023,1.66,kg/d,/annum,1,3.25,3.25,Other,Addressed w/o Intervention
EAST HAWKESBURY,Chute A Blondeau Water Pollution Control Plant,"LOT:18, CONCESSION:1, GEOTOWNSHIP:EAST HAWKESBURY, EAST HAWKESBURY, ON ",EAST HAWKESBURY,Municipal Sewage,Cornwall Area Office,TOTAL AMMONIA NITROGEN,Approval/Permit Non-Compliance,07/01/2023,07/31/2023,4.2,mg/L,/mon,1,8.1,8.1,Equipment Modified - Repaired - Replaced or Re-calibrated,Voluntary Compliance Underway
EAST HAWKESBURY,Chute A Blondeau Water Pollution Control Plant,"LOT:18, CONCESSION:1, GEOTOWNSHIP:EAST HAWKESBURY, EAST HAWKESBURY, ON ",EAST HAWKESBURY,Municipal Sewage,Cornwall Area Office,PHOSPHORUS; TOTAL,Approval/Permit Non-Compliance,10/01/2023,10/31/2023,1,mg/L,mon avg,1,1.2,1.2,Operational Process Modified,Addressed w/o Intervention
EAST HAWKESBURY,Chute A Blondeau Water Pollution Control Plant,"LOT:18, CONCESSION:1, GEOTOWNSHIP:EAST HAWKESBURY, EAST HAWKESBURY, ON ",EAST HAWKESBURY,Municipal Sewage,Cornwall Area Office,PHOSPHORUS; TOTAL,Approval/Permit Non-Compliance,09/01/2023,09/30/2023,1,mg/L,/mon,1,1.2,1.2,Equipment Modified - Repaired - Replaced or Re-calibrated,Voluntary Compliance Underway
MINTO,Clifford Sewage Treatment Plant,"43 JAMES ST E, MINTO, ON N0G 1M0",MINTO,Municipal Sewage,Guelph District Office,FLOW,Approval/Permit Non-Compliance,12/02/2023,12/03/2023,734,m³/d,/day,1,808,808,Equipment Modified - Repaired - Replaced or Re-calibrated,Assessment Complete - No Action Required
COBBLE BEACH GOLF LINKS,Cobble Beach Wastewater Treatment Plant,"LOT:30,31, CONCESSION:3, GEOTOWNSHIP:SARAWAK, GEORGIAN BLUFFS, ON ",GEORGIAN BLUFFS,Miscellaneous Communal,Owen Sound District Office,"SUSPENDED SOLIDS, TOTAL",Approval/Permit Non-Compliance,04/06/2023,04/06/2023,20,mg/L,Mon Avg,1,26,26,Equipment Modified - Repaired - Replaced or Re-calibrated,Other Action Taken
WHITEWATER REGION,Cobden Water Pollution Control Plant,"1 ASTROLABE RD, WHITEWATER REGION, ON K0J 1K0",WHITEWATER REGION,Municipal Sewage,Ottawa District Office,TOTAL AMMONIA NITROGEN,Approval/Permit Non-Compliance,02/01/2023,02/28/2023,3,mg/L,mon avg,1,3.23,3.23,Operational Process Modified,Addressed w/o Intervention
KAWARTHA LAKES,Coboconk Lagoon,"6688 HIGHWAY 35, COBOCONK, KAWARTHA LAKES, ON K0M 1K0",KAWARTHA LAKES,Municipal Sewage,Peterborough District Office,ESCHERICHIA COLI,Approval/Permit Non-Compliance,03/01/2023,03/31/2023,200,CT/100mL,mon avg on a geo. mean density,1,316,316,Other,Addressed w/o Intervention
KAWARTHA LAKES,Coboconk Lagoon,"6688 HIGHWAY 35, COBOCONK, KAWARTHA LAKES, ON K0M 1K0",KAWARTHA LAKES,Municipal Sewage,Peterborough District Office,HYDROGEN SULPHIDE,Approval/Permit Non-Compliance,03/29/2023,03/29/2023,0.1,mg/L,any,1,0.12,0.12,Other,Addressed w/o Intervention
ESSEX,Colchester South Lagoon,"125 CORNWALL BEACH, COLCHESTER, ESSEX COUNTY, ON N0R 1G0",ESSEX COUNTY,Municipal Sewage,Windsor Area Office,"SUSPENDED SOLIDS, TOTAL",Approval/Permit Non-Compliance,08/01/2023,08/31/2023,30,mg/L,mon avg,1,33.8,33.8,Resolved w/o Actions Required,Addressed w/o Intervention
DURHAM REGION,Corbett Creek Water Pollution Control Plant,"2400 FORBES ST, WHITBY, ON L1N 8M3",WHITBY,Municipal Sewage,York Durham District Office,ESCHERICHIA COLI,Approval/Permit Non-Compliance,06/01/2023,06/30/2023,200,CT/100mL,mon avg on a geo. mean density,1,628,628,Operational Process Modified,Voluntary Compliance Underway
DURHAM REGION,Corbett Creek Water Pollution Control Plant,"2400 FORBES ST, WHITBY, ON L1N 8M3",WHITBY,Municipal Sewage,York Durham District Office,ESCHERICHIA COLI,Approval/Permit Non-Compliance,07/01/2023,07/31/2023,200,CT/100mL,mon avg on a geo. mean density,1,287,287,Additional Monitoring Underway,Voluntary Compliance Underway
DURHAM REGION,Corbett Creek Water Pollution Control Plant,"2400 FORBES ST, WHITBY, ON L1N 8M3",WHITBY,Municipal Sewage,York Durham District Office,ESCHERICHIA COLI,Approval/Permit Non-Compliance,08/01/2023,08/31/2023,200,CT/100mL,mon avg on a geo. mean density,1,273,273,Operational Process Modified,Voluntary Compliance Underway
DURHAM REGION,Corbett Creek Water Pollution Control Plant,"2400 FORBES ST, WHITBY, ON L1N 8M3",WHITBY,Municipal Sewage,York Durham District Office,PHOSPHORUS; TOTAL,Approval/Permit Non-Compliance,11/01/2023,11/30/2023,1,mg/L,/30 days,1,1.34,1.34,Operational Process Modified,Voluntary Compliance Underway
DURHAM REGION,Corbett Creek Water Pollution Control Plant,"2400 FORBES ST, WHITBY, ON L1N 8M3",WHITBY,Municipal Sewage,York Durham District Office,"SUSPENDED SOLIDS, TOTAL",Approval/Permit Non-Compliance,11/01/2023,11/30/2023,25,mg/L,/30 days,1,32.5,32.5,Operational Process Modified,Voluntary Compliance Underway
DURHAM REGION,Corbett Creek Water Pollution Control Plant,"2400 FORBES ST, WHITBY, ON L1N 8M3",WHITBY,Municipal Sewage,York Durham District Office,"SUSPENDED SOLIDS, TOTAL",Approval/Permit Non-Compliance,12/01/2023,12/31/2023,25,mg/L,mon avg,1,45.9,45.9,Operational Process Modified,Voluntary Compliance Underway
DURHAM REGION,Corbett Creek Water Pollution Control Plant,"2400 FORBES ST, WHITBY, ON L1N 8M3",WHITBY,Municipal Sewage,York Durham District Office,PHOSPHORUS; TOTAL,Approval/Permit Non-Compliance,12/01/2023,12/31/2023,1,mg/L,mon avg,1,1.85,1.85,Operational Process Modified,Voluntary Compliance Underway
KINGSVILLE,Cottam Lagoon,"168 BELLE RIVER RD, COTTAM, KINGSVILLE, ON N0R 1B0",KINGSVILLE,Municipal Sewage,Windsor Area Office,DISSOLVED OXYGEN,Approval/Permit Non-Compliance,12/01/2023,12/31/2023,5,mg/L,mon avg,1,4.2,4.2,Operational Process Modified,Event Resolved
KINGSVILLE,Cottam Lagoon,"168 BELLE RIVER RD, COTTAM, KINGSVILLE, ON N0R 1B0",KINGSVILLE,Municipal Sewage,Windsor Area Office,ESCHERICHIA COLI,Approval/Permit Non-Compliance,12/01/2023,12/31/2023,200,CT/100mL,mon avg on a geo. mean density,1,453,453,Operational Process Modified,Event Resolved
COUNTRY GARDENS RV PARK LTD.,Country Gardens RV Park LTD.,"1335 WITMER RD, WILMOT, ON N0B 2H0",WILMOT,Miscellaneous Communal,Guelph District Office,NITROGEN; TOTAL,Approval/Permit Non-Compliance,06/01/2023,06/30/2023,10,mg/L,/mon,1,59.35,59.35,Equipment Modified - Repaired - Replaced or Re-calibrated,Assessment Underway
COUNTRY GARDENS RV PARK LTD.,Country Gardens RV Park LTD.,"1335 WITMER RD, WILMOT, ON N0B 2H0",WILMOT,Miscellaneous Communal,Guelph District Office,NITROGEN; TOTAL,Approval/Permit Non-Compliance,07/01/2023,07/31/2023,10,mg/L,/mon,1,59.35,59.35,None Required,Assessment Underway
CLEARVIEW,Creemore Water Pollution Control Plant,"83 MARY ST, CREEMORE, CLEARVIEW, ON L0M 1G0",CLEARVIEW,Municipal Sewage,Barrie District Office,TOTAL AMMONIA NITROGEN,Approval/Permit Non-Compliance,05/01/2023,05/31/2023,2,mg/L,mon avg,1,5.3,5.3,Additional Monitoring Underway,Addressed w/o Intervention
B&D LOVE INC.,Dog Tales Rescue and Sanctuary,"1405 19TH SIDE RD, KING CITY, KING, ON L7B 1K5",KING CITY,Miscellaneous Communal,York Durham District Office,NITROGEN; TOTAL,Approval/Permit Non-Compliance,01/01/2023,01/31/2023,10,mg/L,/30 days,1,33.2,33.2,Additional Monitoring Underway,Other Action Taken
B&D LOVE INC.,Dog Tales Rescue and Sanctuary,"1405 19TH SIDE RD, KING CITY, KING, ON L7B 1K5",KING CITY,Miscellaneous Communal,York Durham District Office,CARBONACEOUS BIOCHEMICAL OXYGEN DEMAND,Approval/Permit Non-Compliance,01/01/2023,01/31/2023,10,mg/L,/30 days,1,12,12,Additional Monitoring Underway,Other Action Taken
B&D LOVE INC.,Dog Tales Rescue and Sanctuary,"1405 19TH SIDE RD, KING CITY, KING, ON L7B 1K5",KING CITY,Miscellaneous Communal,York Durham District Office,"SUSPENDED SOLIDS, TOTAL",Approval/Permit Non-Compliance,01/01/2023,01/31/2023,10,mg/L,/30 days,1,14,14,Additional Monitoring Underway,Other Action Taken
THAMES CENTRE,Dorchester Sewage Treatment Plant,"4835 HAMILTON RD, DORCHESTER, THAMES CENTRE, ON N0L 1G6",Thames Centre,Municipal Sewage,London District Office,TOTAL AMMONIA NITROGEN,Approval/Permit Non-Compliance,02/01/2023,02/28/2023,3,mg/L,mon avg,1,17.6,17.6,Equipment Modified - Repaired - Replaced or Re-calibrated,Voluntary Compliance Underway
THAMES CENTRE,Dorchester Sewage Treatment Plant,"4835 HAMILTON RD, DORCHESTER, THAMES CENTRE, ON N0L 1G6",Thames Centre,Municipal Sewage,London District Office,TOTAL AMMONIA NITROGEN,Approval/Permit Non-Compliance,02/01/2023,02/28/2023,3.6,kg/d,mon avg,1,5.4,5.4,Equipment Modified - Repaired - Replaced or Re-calibrated,Voluntary Compliance Underway
2820853 ONTARIO INC.,Double Diamond Acres,"621 MERSEA ROAD 11, LEAMINGTON, ON N0P 2J0",Leamington,Miscellaneous Communal,Windsor Area Office,PHOSPHORUS; TOTAL,Approval/Permit Non-Compliance,08/01/2023,11/30/2023,0.3,mg/L,rolling avg,4,0.4,1,Operational Process Modified,Addressed w/o Intervention
2820853 ONTARIO INC.,Double Diamond Acres,"621 MERSEA ROAD 11, LEAMINGTON, ON N0P 2J0",Leamington,Miscellaneous Communal,Windsor Area Office,TOTAL AMMONIA NITROGEN,Approval/Permit Non-Compliance,09/01/2023,10/31/2023,2,mg/L,rolling avg,2,2.9,4,Operational Process Modified,Addressed w/o Intervention
2492309 ONTARIO LIMITED,Double Diamond Farms,"607 MERSEA RD 8, LEAMINGTON, ON ",Leamington,Miscellaneous Communal,Windsor Area Office,TOTAL AMMONIA NITROGEN,Approval/Permit Non-Compliance,05/01/2023,06/30/2023,2,mg/L,rolling avg,2,4.2,4.6,Operational Process Modified,Addressed w/o Intervention
2492309 ONTARIO LIMITED,Double Diamond Farms,"607 MERSEA RD 8, LEAMINGTON, ON ",Leamington,Miscellaneous Communal,Windsor Area Office,PHOSPHORUS; TOTAL,Approval/Permit Non-Compliance,05/01/2023,12/31/2023,0.3,mg/L,rolling avg,7,0.5,1.5,Operational Process Modified,Addressed w/o Intervention
2492309 ONTARIO LIMITED,Double Diamond Farms,"607 MERSEA RD 8, LEAMINGTON, ON ",Leamington,Miscellaneous Communal,Windsor Area Office,PH - LOW,Approval/Permit Non-Compliance,06/01/2023,11/30/2023,6,pH,/week,8,3.4,4.4,Operational Process Modified,Addressed w/o Intervention
MAPLETON,Drayton Lagoon,"7101 SIDEROAD 15, MAPLETON, ON N0G 1P0",MAPLETON,Municipal Sewage,Guelph District Office,TOTAL AMMONIA NITROGEN,Approval/Permit Non-Compliance,04/01/2023,04/30/2023,5,mg/L,mon avg,1,6.87,6.87,Equipment Modified - Repaired - Replaced or Re-calibrated,Voluntary Compliance Underway
OXFORD COUNTY,Drumbo Wastewater Treatment Plant,"93 PETERSON ST, BLANDFORD-BLENHEIM, ON N0J 1G0",BLANDFORD-BLENHEIM,Municipal Sewage,London District Office,TOTAL AMMONIA NITROGEN,Approval/Permit Non-Compliance,09/01/2023,09/30/2023,2.7,mg/L,/mon,1,3.7,3.7,Operational Process Modified,Voluntary Compliance Underway
OXFORD COUNTY,Drumbo Wastewater Treatment Plant,"93 PETERSON ST, BLANDFORD-BLENHEIM, ON N0J 1G0",BLANDFORD-BLENHEIM,Municipal Sewage,London District Office,"SUSPENDED SOLIDS, TOTAL",Approval/Permit Non-Compliance,09/01/2023,09/30/2023,9.3,mg/L,/mon,1,9.8,9.8,Operational Process Modified,Voluntary Compliance Underway
OXFORD COUNTY,Drumbo Wastewater Treatment Plant,"93 PETERSON ST, BLANDFORD-BLENHEIM, ON N0J 1G0",BLANDFORD-BLENHEIM,Municipal Sewage,London District Office,TOTAL AMMONIA NITROGEN,Approval/Permit Non-Compliance,04/01/2023,04/30/2023,1.36,kg/d,/mon,1,1.44,1.44,Operational Process Modified,Voluntary Compliance Underway
OXFORD COUNTY,Drumbo Wastewater Treatment Plant,"93 PETERSON ST, BLANDFORD-BLENHEIM, ON N0J 1G0",BLANDFORD-BLENHEIM,Municipal Sewage,London District Office,TOTAL AMMONIA NITROGEN,Approval/Permit Non-Compliance,05/01/2023,05/31/2023,0.8,kg/d,/mon,1,1.59,1.59,Operational Process Modified,Voluntary Compliance Underway
OXFORD COUNTY,Drumbo Wastewater Treatment Plant,"93 PETERSON ST, BLANDFORD-BLENHEIM, ON N0J 1G0",BLANDFORD-BLENHEIM,Municipal Sewage,London District Office,TOTAL AMMONIA NITROGEN,Approval/Permit Non-Compliance,05/01/2023,05/31/2023,2.7,mg/L,/mon,1,5.78,5.78,Operational Process Modified,Voluntary Compliance Underway
OXFORD COUNTY,Drumbo Wastewater Treatment Plant,"93 PETERSON ST, BLANDFORD-BLENHEIM, ON N0J 1G0",BLANDFORD-BLENHEIM,Municipal Sewage,London District Office,TOTAL AMMONIA NITROGEN,Approval/Permit Non-Compliance,06/01/2023,06/30/2023,2.7,mg/L,/mon,1,8.15,8.15,Operational Process Modified,Voluntary Compliance Underway
OXFORD COUNTY,Drumbo Wastewater Treatment Plant,"93 PETERSON ST, BLANDFORD-BLENHEIM, ON N0J 1G0",BLANDFORD-BLENHEIM,Municipal Sewage,London District Office,"SUSPENDED SOLIDS, TOTAL",Approval/Permit Non-Compliance,06/01/2023,06/30/2023,9.3,mg/L,/mon,1,15,15,Operational Process Modified,Voluntary Compliance Underway
OXFORD COUNTY,Drumbo Wastewater Treatment Plant,"93 PETERSON ST, BLANDFORD-BLENHEIM, ON N0J 1G0",BLANDFORD-BLENHEIM,Municipal Sewage,London District Office,TOTAL AMMONIA NITROGEN,Approval/Permit Non-Compliance,06/01/2023,06/30/2023,0.8,kg/d,/mon,1,1.79,1.79,Operational Process Modified,Voluntary Compliance Underway
OXFORD COUNTY,Drumbo Wastewater Treatment Plant,"93 PETERSON ST, BLANDFORD-BLENHEIM, ON N0J 1G0",BLANDFORD-BLENHEIM,Municipal Sewage,London District Office,"SUSPENDED SOLIDS, TOTAL",Approval/Permit Non-Compliance,06/01/2023,06/30/2023,2.8,kg/d,/mon,1,3.29,3.29,Operational Process Modified,Voluntary Compliance Underway
OXFORD COUNTY,Drumbo Wastewater Treatment Plant,"93 PETERSON ST, BLANDFORD-BLENHEIM, ON N0J 1G0",BLANDFORD-BLENHEIM,Municipal Sewage,London District Office,TOTAL AMMONIA NITROGEN,Approval/Permit Non-Compliance,10/01/2023,10/31/2023,0.8,kg/d,/mon,1,1.17,1.17,Operational Process Modified,Voluntary Compliance Underway
OXFORD COUNTY,Drumbo Wastewater Treatment Plant,"93 PETERSON ST, BLANDFORD-BLENHEIM, ON N0J 1G0",BLANDFORD-BLENHEIM,Municipal Sewage,London District Office,TOTAL AMMONIA NITROGEN,Approval/Permit Non-Compliance,10/01/2023,10/31/2023,2.7,mg/L,/mon,1,5.84,5.84,Operational Process Modified,Voluntary Compliance Underway
DUTTON-DUNWICH,Dutton Wastewater Treatment Plant,"LOT:10, CONCESSION:A, GEOTOWNSHIP:DUNWICH, DUTTON-DUNWICH, ON ",DUTTON-DUNWICH,Municipal Sewage,London District Office,TOTAL AMMONIA NITROGEN,Approval/Permit Non-Compliance,07/01/2023,07/31/2023,3,mg/L,/mon,1,6.4,6.4,Resolved w/o Actions Required,Addressed w/o Intervention
ARMSTRONG,Earlton Wastewater Collection And Treatment System,"LOT:6, CONCESSION:3, GEOTOWNSHIP:ARMSTRONG, ARMSTRONG, ON ",ARMSTRONG,Municipal Sewage,Timmins District Office,"SUSPENDED SOLIDS, TOTAL",Approval/Permit Non-Compliance,09/26/2023,11/28/2023,91,kg/d,seasonal avg,1,152.78,152.78,Resolved w/o Actions Required,Addressed w/o Intervention
"MACDONALD, MEREDITH AND ABERDEEN ADDITIONAL",Echo Bay Water Pollution Control Plant,"3121 HWY 17B S, MACDONALD, MEREDITH AND ABERDEEN ADDITIONAL, ON P0S 1C0","MACDONALD, MEREDITH AND ABERDEEN ADDITIONAL",Municipal Sewage,Sault Ste. Marie Area Office,"SUSPENDED SOLIDS, TOTAL",Approval/Permit Non-Compliance,02/01/2023,02/28/2023,25,mg/L,mon avg,1,116,116,None Required,Addressed w/o Intervention
"MACDONALD, MEREDITH AND ABERDEEN ADDITIONAL",Echo Bay Water Pollution Control Plant,"3121 HWY 17B S, MACDONALD, MEREDITH AND ABERDEEN ADDITIONAL, ON P0S 1C0","MACDONALD, MEREDITH AND ABERDEEN ADDITIONAL",Municipal Sewage,Sault Ste. Marie Area Office,PHOSPHORUS; TOTAL,Approval/Permit Non-Compliance,02/01/2023,02/28/2023,1,mg/L,mon avg,1,1.63,1.63,None Required,Addressed w/o Intervention
"MACDONALD, MEREDITH AND ABERDEEN ADDITIONAL",Echo Bay Water Pollution Control Plant,"3121 HWY 17B S, MACDONALD, MEREDITH AND ABERDEEN ADDITIONAL, ON P0S 1C0","MACDONALD, MEREDITH AND ABERDEEN ADDITIONAL",Municipal Sewage,Sault Ste. Marie Area Office,ESCHERICHIA COLI,Approval/Permit Non-Compliance,11/01/2023,11/30/2023,200,CT/100mL,mon avg on a geo. mean density,1,245.7,245.7,None Required,Assessment Complete - No Action Required
CENTRE WELLINGTON,Elora Water Pollution Control Plant,"6510 WELLINGTON RD 7, CENTRE WELLINGTON, ON N0B 1S0",CENTRE WELLINGTON,Municipal Sewage,Guelph District Office,PH - LOW,Approval/Permit Non-Compliance,11/16/2023,11/18/2023,6,pH,any,1,5.74,5.74,Additional Monitoring Underway,Assessment Underway
RUSSELL,Embrun Lagoon,"1647 ROUTE 400, RUSSELL, ON K0A 1W0",RUSSELL,Municipal Sewage,Cornwall Area Office,TOTAL AMMONIA NITROGEN,Approval/Permit Non-Compliance,10/18/2023,10/31/2023,2,mg/L,/season,1,5.6,5.6,Equipment Modified - Repaired - Replaced or Re-calibrated,Addressed w/o Intervention
RUSSELL,Embrun Lagoon,"1647 ROUTE 400, RUSSELL, ON K0A 1W0",RUSSELL,Municipal Sewage,Cornwall Area Office,TOTAL AMMONIA NITROGEN,Approval/Permit Non-Compliance,04/03/2023,04/30/2023,10,mg/L,/season,1,14.7,14.7,Conducting Study,Assessment Underway
ERIE SHORES CAMPGROUND,Erie Shores Campground,"949 ESSEX COUNTY RD 50 E, ESSEX, ON N0R 1G0",Essex  ,Miscellaneous Communal,Windsor Area Office,PHOSPHORUS; TOTAL,Approval/Permit Non-Compliance,05/01/2023,05/31/2023,1,mg/L,mon avg,2,1.23,1.84,Operational Process Modified,Voluntary Compliance Underway
ERIE SHORES CAMPGROUND,Erie Shores Campground,"949 ESSEX COUNTY RD 50 E, ESSEX, ON N0R 1G0",Essex  ,Miscellaneous Communal,Windsor Area Office,PHOSPHORUS; TOTAL,Approval/Permit Non-Compliance,06/01/2023,06/30/2023,1,mg/L,mon avg,1,1.74,1.74,Operational Process Modified,Voluntary Compliance Underway
ERIE SHORES CAMPGROUND,Erie Shores Campground,"949 ESSEX COUNTY RD 50 E, ESSEX, ON N0R 1G0",Essex  ,Miscellaneous Communal,Windsor Area Office,PHOSPHORUS; TOTAL,Approval/Permit Non-Compliance,07/01/2023,07/31/2023,1,mg/L,mon avg,1,1.87,1.87,Operational Process Modified,Voluntary Compliance Underway
ERIE SHORES CAMPGROUND,Erie Shores Campground,"949 ESSEX COUNTY RD 50 E, ESSEX, ON N0R 1G0",Essex  ,Miscellaneous Communal,Windsor Area Office,PHOSPHORUS; TOTAL,Approval/Permit Non-Compliance,08/01/2023,08/31/2023,1,mg/L,mon avg,1,1.38,1.38,Operational Process Modified,Voluntary Compliance Underway
ERIE SHORES CAMPGROUND,Erie Shores Campground,"949 ESSEX COUNTY RD 50 E, ESSEX, ON N0R 1G0",Essex  ,Miscellaneous Communal,Windsor Area Office,PHOSPHORUS; TOTAL,Approval/Permit Non-Compliance,09/01/2023,09/30/2023,1,mg/L,mon avg,1,1.15,1.15,Operational Process Modified,Voluntary Compliance Underway
ELLIOT LAKE,Esten Lake Water Pollution Control Plant,"70 SPINE RD, Elliot Lake, ON",Elliot Lake,Municipal Sewage,Sault Ste. Marie Area Office,ESCHERICHIA COLI,Approval/Permit Non-Compliance,08/01/2023,08/31/2023,200,CT/100mL,mon avg on a geo. mean density,1,251.5,251.5,Conducting Study,Assessment Underway
WEST NIPISSING,Field Water Pollution Control Plant,"LOT:14, CONCESSION:5, GEOTOWNSHIP:FIELD, WEST NIPISSING, ON P0H 1M0",WEST NIPISSING,Municipal Sewage,North Bay Area Office,TOTAL AMMONIA NITROGEN,Approval/Permit Non-Compliance,08/01/2023,08/31/2023,0.19,kg/d,/mon,1,0.23,0.23,Action Plan Submitted,Voluntary Compliance Underway
WEST NIPISSING,Field Water Pollution Control Plant,"LOT:14, CONCESSION:5, GEOTOWNSHIP:FIELD, WEST NIPISSING, ON P0H 1M0",WEST NIPISSING,Municipal Sewage,North Bay Area Office,ESCHERICHIA COLI,Approval/Permit Non-Compliance,08/01/2023,08/31/2023,200,CT/100mL,mon avg on a geo. mean density,1,381,381,Equipment Modified - Repaired - Replaced or Re-calibrated,Addressed w/o Intervention
WEST NIPISSING,Field Water Pollution Control Plant,"LOT:14, CONCESSION:5, GEOTOWNSHIP:FIELD, WEST NIPISSING, ON P0H 1M0",WEST NIPISSING,Municipal Sewage,North Bay Area Office,UNIONIZED AMMONIA,Approval/Permit Non-Compliance,08/01/2023,08/31/2023,12.3,mg/L,mon avg,1,18.9,18.9,Conducting Study,Assessment Underway
WEST NIPISSING,Field Water Pollution Control Plant,"LOT:14, CONCESSION:5, GEOTOWNSHIP:FIELD, WEST NIPISSING, ON P0H 1M0",WEST NIPISSING,Municipal Sewage,North Bay Area Office,TOTAL AMMONIA NITROGEN,Approval/Permit Non-Compliance,09/01/2023,09/30/2023,7.1,mg/L,/mon,1,11.6,11.6,Operational Process Modified,Assessment Underway
BROOKFIELD RESIDENTIAL (ONTARIO) LP,FIELDSTONE RESIDENTIAL COMMUNITY SEWAGE TREATMENT PLANT,"55 FRENCH DR, MONO, ON L9W 6T5",MONO,Miscellaneous Communal,Guelph District Office,"SUSPENDED SOLIDS, TOTAL",Approval/Permit Non-Compliance,01/01/2023,01/31/2023,10,mg/L,/30 days,1,29,29,Action Plan Submitted - Implementing Improvements,Additional Requirements Added in Certificate of Approval/Permit
BROOKFIELD RESIDENTIAL (ONTARIO) LP,FIELDSTONE RESIDENTIAL COMMUNITY SEWAGE TREATMENT PLANT,"55 FRENCH DR, MONO, ON L9W 6T5",MONO,Miscellaneous Communal,Guelph District Office,CARBONACEOUS BIOCHEMICAL OXYGEN DEMAND,Approval/Permit Non-Compliance,01/01/2023,01/31/2023,10,mg/L,/30 days,1,16,16,Action Plan Submitted - Implementing Improvements,Additional Requirements Added in Certificate of Approval/Permit
BROOKFIELD RESIDENTIAL (ONTARIO) LP,FIELDSTONE RESIDENTIAL COMMUNITY SEWAGE TREATMENT PLANT,"55 FRENCH DR, MONO, ON L9W 6T5",MONO,Miscellaneous Communal,Guelph District Office,TOTAL AMMONIA NITROGEN,Approval/Permit Non-Compliance,01/01/2023,01/31/2023,2,mg/L,/30 days,1,3,3,Action Plan Submitted - Implementing Improvements,Additional Requirements Added in Certificate of Approval/Permit
BROOKFIELD RESIDENTIAL (ONTARIO) LP,FIELDSTONE RESIDENTIAL COMMUNITY SEWAGE TREATMENT PLANT,"55 FRENCH DR, MONO, ON L9W 6T5",MONO,Miscellaneous Communal,Guelph District Office,PHOSPHORUS; TOTAL,Approval/Permit Non-Compliance,01/01/2023,01/31/2023,0.25,mg/L,/30 days,1,0.75,0.75,Action Plan Submitted - Implementing Improvements,Additional Requirements Added in Certificate of Approval/Permit
BROOKFIELD RESIDENTIAL (ONTARIO) LP,FIELDSTONE RESIDENTIAL COMMUNITY SEWAGE TREATMENT PLANT,"55 FRENCH DR, MONO, ON L9W 6T5",MONO,Miscellaneous Communal,Guelph District Office,CARBONACEOUS BIOCHEMICAL OXYGEN DEMAND,Approval/Permit Non-Compliance,02/01/2023,02/28/2023,10,mg/L,/30 days,1,14,14,Action Plan Submitted - Implementing Improvements,Voluntary Compliance Underway
BROOKFIELD RESIDENTIAL (ONTARIO) LP,FIELDSTONE RESIDENTIAL COMMUNITY SEWAGE TREATMENT PLANT,"55 FRENCH DR, MONO, ON L9W 6T5",MONO,Miscellaneous Communal,Guelph District Office,"SUSPENDED SOLIDS, TOTAL",Approval/Permit Non-Compliance,02/01/2023,02/28/2023,10,mg/L,/30 days,1,44,44,Action Plan Submitted - Implementing Improvements,Voluntary Compliance Underway
BROOKFIELD RESIDENTIAL (ONTARIO) LP,FIELDSTONE RESIDENTIAL COMMUNITY SEWAGE TREATMENT PLANT,"55 FRENCH DR, MONO, ON L9W 6T5",MONO,Miscellaneous Communal,Guelph District Office,PHOSPHORUS; TOTAL,Approval/Permit Non-Compliance,02/01/2023,02/28/2023,0.25,mg/L,/30 days,1,1.06,1.06,Action Plan Submitted - Implementing Improvements,Voluntary Compliance Underway
BROOKFIELD RESIDENTIAL (ONTARIO) LP,FIELDSTONE RESIDENTIAL COMMUNITY SEWAGE TREATMENT PLANT,"55 FRENCH DR, MONO, ON L9W 6T5",MONO,Miscellaneous Communal,Guelph District Office,TOTAL AMMONIA NITROGEN,Approval/Permit Non-Compliance,02/01/2023,02/28/2023,2,mg/L,/30 days,1,4.4,4.4,Action Plan Submitted - Implementing Improvements,Voluntary Compliance Underway
BROOKFIELD RESIDENTIAL (ONTARIO) LP,FIELDSTONE RESIDENTIAL COMMUNITY SEWAGE TREATMENT PLANT,"55 FRENCH DR, MONO, ON L9W 6T5",MONO,Miscellaneous Communal,Guelph District Office,PHOSPHORUS; TOTAL,Approval/Permit Non-Compliance,04/01/2023,04/30/2023,0.25,mg/L,/30 days,1,0.38,0.38,Action Plan Submitted - Implementing Improvements,Voluntary Compliance Underway
BROOKFIELD RESIDENTIAL (ONTARIO) LP,FIELDSTONE RESIDENTIAL COMMUNITY SEWAGE TREATMENT PLANT,"55 FRENCH DR, MONO, ON L9W 6T5",MONO,Miscellaneous Communal,Guelph District Office,TOTAL AMMONIA NITROGEN,Approval/Permit Non-Compliance,04/01/2023,04/30/2023,2,mg/L,/30 days,1,42.8,42.8,Action Plan Submitted - Implementing Improvements,Voluntary Compliance Underway
BROOKFIELD RESIDENTIAL (ONTARIO) LP,FIELDSTONE RESIDENTIAL COMMUNITY SEWAGE TREATMENT PLANT,"55 FRENCH DR, MONO, ON L9W 6T5",MONO,Miscellaneous Communal,Guelph District Office,CARBONACEOUS BIOCHEMICAL OXYGEN DEMAND,Approval/Permit Non-Compliance,04/01/2023,04/30/2023,10,mg/L,/30 days,1,15,15,Action Plan Submitted - Implementing Improvements,Voluntary Compliance Underway
BROOKFIELD RESIDENTIAL (ONTARIO) LP,FIELDSTONE RESIDENTIAL COMMUNITY SEWAGE TREATMENT PLANT,"55 FRENCH DR, MONO, ON L9W 6T5",MONO,Miscellaneous Communal,Guelph District Office,"SUSPENDED SOLIDS, TOTAL",Approval/Permit Non-Compliance,04/01/2023,04/30/2023,10,mg/L,/30 days,1,23,23,Action Plan Submitted - Implementing Improvements,Voluntary Compliance Underway
BROOKFIELD RESIDENTIAL (ONTARIO) LP,FIELDSTONE RESIDENTIAL COMMUNITY SEWAGE TREATMENT PLANT,"55 FRENCH DR, MONO, ON L9W 6T5",MONO,Miscellaneous Communal,Guelph District Office,"SUSPENDED SOLIDS, TOTAL",Approval/Permit Non-Compliance,05/01/2023,05/31/2023,10,mg/L,/30 days,1,19.8,19.8,Action Plan Submitted - Implementing Improvements,Voluntary Compliance Underway
BROOKFIELD RESIDENTIAL (ONTARIO) LP,FIELDSTONE RESIDENTIAL COMMUNITY SEWAGE TREATMENT PLANT,"55 FRENCH DR, MONO, ON L9W 6T5",MONO,Miscellaneous Communal,Guelph District Office,PHOSPHORUS; TOTAL,Approval/Permit Non-Compliance,05/01/2023,05/31/2023,0.25,mg/L,/30 days,1,0.39,0.39,Action Plan Submitted - Implementing Improvements,Voluntary Compliance Underway
BROOKFIELD RESIDENTIAL (ONTARIO) LP,FIELDSTONE RESIDENTIAL COMMUNITY SEWAGE TREATMENT PLANT,"55 FRENCH DR, MONO, ON L9W 6T5",MONO,Miscellaneous Communal,Guelph District Office,TOTAL AMMONIA NITROGEN,Approval/Permit Non-Compliance,05/01/2023,05/31/2023,2,mg/L,/30 days,1,38.2,38.2,Action Plan Submitted - Implementing Improvements,Voluntary Compliance Underway
BROOKFIELD RESIDENTIAL (ONTARIO) LP,FIELDSTONE RESIDENTIAL COMMUNITY SEWAGE TREATMENT PLANT,"55 FRENCH DR, MONO, ON L9W 6T5",MONO,Miscellaneous Communal,Guelph District Office,TOTAL AMMONIA NITROGEN,Approval/Permit Non-Compliance,06/01/2023,06/30/2023,2,mg/L,/30 days,1,36.5,36.5,Action Plan Submitted - Implementing Improvements,Voluntary Compliance Underway
BROOKFIELD RESIDENTIAL (ONTARIO) LP,FIELDSTONE RESIDENTIAL COMMUNITY SEWAGE TREATMENT PLANT,"55 FRENCH DR, MONO, ON L9W 6T5",MONO,Miscellaneous Communal,Guelph District Office,"SUSPENDED SOLIDS, TOTAL",Approval/Permit Non-Compliance,06/01/2023,06/30/2023,10,mg/L,/30 days,1,13,13,Action Plan Submitted - Implementing Improvements,Voluntary Compliance Underway
BROOKFIELD RESIDENTIAL (ONTARIO) LP,FIELDSTONE RESIDENTIAL COMMUNITY SEWAGE TREATMENT PLANT,"55 FRENCH DR, MONO, ON L9W 6T5",MONO,Miscellaneous Communal,Guelph District Office,"SUSPENDED SOLIDS, TOTAL",Approval/Permit Non-Compliance,07/01/2023,07/31/2023,10,mg/L,/30 days,1,13,13,Action Plan Submitted - Implementing Improvements,Voluntary Compliance Underway
BROOKFIELD RESIDENTIAL (ONTARIO) LP,FIELDSTONE RESIDENTIAL COMMUNITY SEWAGE TREATMENT PLANT,"55 FRENCH DR, MONO, ON L9W 6T5",MONO,Miscellaneous Communal,Guelph District Office,TOTAL AMMONIA NITROGEN,Approval/Permit Non-Compliance,07/01/2023,07/31/2023,2,mg/L,/30 days,1,35.3,35.3,Action Plan Submitted - Implementing Improvements,Voluntary Compliance Underway
BROOKFIELD RESIDENTIAL (ONTARIO) LP,FIELDSTONE RESIDENTIAL COMMUNITY SEWAGE TREATMENT PLANT,"55 FRENCH DR, MONO, ON L9W 6T5",MONO,Miscellaneous Communal,Guelph District Office,TOTAL AMMONIA NITROGEN,Approval/Permit Non-Compliance,08/01/2023,08/31/2023,2,mg/L,/30 days,1,27,27,Action Plan Submitted - Implementing Improvements,Voluntary Compliance Underway
BROOKFIELD RESIDENTIAL (ONTARIO) LP,FIELDSTONE RESIDENTIAL COMMUNITY SEWAGE TREATMENT PLANT,"55 FRENCH DR, MONO, ON L9W 6T5",MONO,Miscellaneous Communal,Guelph District Office,CARBONACEOUS BIOCHEMICAL OXYGEN DEMAND,Approval/Permit Non-Compliance,08/01/2023,08/31/2023,10,mg/L,/30 days,1,11,11,Action Plan Submitted - Implementing Improvements,Voluntary Compliance Underway
BROOKFIELD RESIDENTIAL (ONTARIO) LP,FIELDSTONE RESIDENTIAL COMMUNITY SEWAGE TREATMENT PLANT,"55 FRENCH DR, MONO, ON L9W 6T5",MONO,Miscellaneous Communal,Guelph District Office,"SUSPENDED SOLIDS, TOTAL",Approval/Permit Non-Compliance,08/01/2023,08/31/2023,10,mg/L,/30 days,1,17.8,17.8,Action Plan Submitted - Implementing Improvements,Voluntary Compliance Underway
BROOKFIELD RESIDENTIAL (ONTARIO) LP,FIELDSTONE RESIDENTIAL COMMUNITY SEWAGE TREATMENT PLANT,"55 FRENCH DR, MONO, ON L9W 6T5",MONO,Miscellaneous Communal,Guelph District Office,PHOSPHORUS; TOTAL,Approval/Permit Non-Compliance,08/01/2023,08/31/2023,0.25,mg/L,/30 days,1,0.37,0.37,Action Plan Submitted - Implementing Improvements,Voluntary Compliance Underway
BROOKFIELD RESIDENTIAL (ONTARIO) LP,FIELDSTONE RESIDENTIAL COMMUNITY SEWAGE TREATMENT PLANT,"55 FRENCH DR, MONO, ON L9W 6T5",MONO,Miscellaneous Communal,Guelph District Office,TOTAL AMMONIA NITROGEN,Approval/Permit Non-Compliance,09/01/2023,09/30/2023,2,mg/L,/30 days,1,28,28,Action Plan Submitted - Implementing Improvements,Voluntary Compliance Underway
BROOKFIELD RESIDENTIAL (ONTARIO) LP,FIELDSTONE RESIDENTIAL COMMUNITY SEWAGE TREATMENT PLANT,"55 FRENCH DR, MONO, ON L9W 6T5",MONO,Miscellaneous Communal,Guelph District Office,CARBONACEOUS BIOCHEMICAL OXYGEN DEMAND,Approval/Permit Non-Compliance,09/01/2023,09/30/2023,10,mg/L,/30 days,1,11,11,Action Plan Submitted - Implementing Improvements,Voluntary Compliance Underway
BROOKFIELD RESIDENTIAL (ONTARIO) LP,FIELDSTONE RESIDENTIAL COMMUNITY SEWAGE TREATMENT PLANT,"55 FRENCH DR, MONO, ON L9W 6T5",MONO,Miscellaneous Communal,Guelph District Office,PHOSPHORUS; TOTAL,Approval/Permit Non-Compliance,09/01/2023,09/30/2023,0.25,mg/L,/30 days,1,0.52,0.52,Action Plan Submitted - Implementing Improvements,Voluntary Compliance Underway
BROOKFIELD RESIDENTIAL (ONTARIO) LP,FIELDSTONE RESIDENTIAL COMMUNITY SEWAGE TREATMENT PLANT,"55 FRENCH DR, MONO, ON L9W 6T5",MONO,Miscellaneous Communal,Guelph District Office,"SUSPENDED SOLIDS, TOTAL",Approval/Permit Non-Compliance,09/01/2023,09/30/2023,10,mg/L,/30 days,1,23,23,Action Plan Submitted - Implementing Improvements,Voluntary Compliance Underway
BROOKFIELD RESIDENTIAL (ONTARIO) LP,FIELDSTONE RESIDENTIAL COMMUNITY SEWAGE TREATMENT PLANT,"55 FRENCH DR, MONO, ON L9W 6T5",MONO,Miscellaneous Communal,Guelph District Office,"SUSPENDED SOLIDS, TOTAL",Approval/Permit Non-Compliance,10/01/2023,10/31/2023,10,mg/L,/30 days,1,20.5,20.5,Action Plan Submitted - Implementing Improvements,Voluntary Compliance Underway
BROOKFIELD RESIDENTIAL (ONTARIO) LP,FIELDSTONE RESIDENTIAL COMMUNITY SEWAGE TREATMENT PLANT,"55 FRENCH DR, MONO, ON L9W 6T5",MONO,Miscellaneous Communal,Guelph District Office,TOTAL AMMONIA NITROGEN,Approval/Permit Non-Compliance,10/01/2023,10/31/2023,2,mg/L,/30 days,1,26,26,Action Plan Submitted - Implementing Improvements,Voluntary Compliance Underway
BROOKFIELD RESIDENTIAL (ONTARIO) LP,FIELDSTONE RESIDENTIAL COMMUNITY SEWAGE TREATMENT PLANT,"55 FRENCH DR, MONO, ON L9W 6T5",MONO,Miscellaneous Communal,Guelph District Office,PHOSPHORUS; TOTAL,Approval/Permit Non-Compliance,10/01/2023,10/31/2023,0.25,mg/L,/30 days,1,0.42,0.42,Action Plan Submitted - Implementing Improvements,Voluntary Compliance Underway
BROOKFIELD RESIDENTIAL (ONTARIO) LP,FIELDSTONE RESIDENTIAL COMMUNITY SEWAGE TREATMENT PLANT,"55 FRENCH DR, MONO, ON L9W 6T5",MONO,Miscellaneous Communal,Guelph District Office,"SUSPENDED SOLIDS, TOTAL",Approval/Permit Non-Compliance,11/01/2023,11/30/2023,10,mg/L,/30 days,1,26,26,Action Plan Submitted - Implementing Improvements,Voluntary Compliance Underway
BROOKFIELD RESIDENTIAL (ONTARIO) LP,FIELDSTONE RESIDENTIAL COMMUNITY SEWAGE TREATMENT PLANT,"55 FRENCH DR, MONO, ON L9W 6T5",MONO,Miscellaneous Communal,Guelph District Office,TOTAL AMMONIA NITROGEN,Approval/Permit Non-Compliance,11/01/2023,11/30/2023,2,mg/L,/30 days,1,16,16,Action Plan Submitted - Implementing Improvements,Voluntary Compliance Underway
BROOKFIELD RESIDENTIAL (ONTARIO) LP,FIELDSTONE RESIDENTIAL COMMUNITY SEWAGE TREATMENT PLANT,"55 FRENCH DR, MONO, ON L9W 6T5",MONO,Miscellaneous Communal,Guelph District Office,PHOSPHORUS; TOTAL,Approval/Permit Non-Compliance,11/01/2023,11/30/2023,0.25,mg/L,/30 days,1,0.66,0.66,Action Plan Submitted - Implementing Improvements,Voluntary Compliance Underway
BROOKFIELD RESIDENTIAL (ONTARIO) LP,FIELDSTONE RESIDENTIAL COMMUNITY SEWAGE TREATMENT PLANT,"55 FRENCH DR, MONO, ON L9W 6T5",MONO,Miscellaneous Communal,Guelph District Office,NITROGEN; TOTAL,Approval/Permit Non-Compliance,11/01/2023,11/30/2023,3,mg/L,/30 days,1,7,7,Action Plan Submitted - Implementing Improvements,Voluntary Compliance Underway
BROOKFIELD RESIDENTIAL (ONTARIO) LP,FIELDSTONE RESIDENTIAL COMMUNITY SEWAGE TREATMENT PLANT,"55 FRENCH DR, MONO, ON L9W 6T5",MONO,Miscellaneous Communal,Guelph District Office,TOTAL AMMONIA NITROGEN,Approval/Permit Non-Compliance,12/01/2023,12/31/2023,2,mg/L,/30 days,1,28.5,28.5,Action Plan Submitted - Implementing Improvements,Voluntary Compliance Underway
BROOKFIELD RESIDENTIAL (ONTARIO) LP,FIELDSTONE RESIDENTIAL COMMUNITY SEWAGE TREATMENT PLANT,"55 FRENCH DR, MONO, ON L9W 6T5",MONO,Miscellaneous Communal,Guelph District Office,NITROGEN; TOTAL,Approval/Permit Non-Compliance,12/01/2023,12/31/2023,3,mg/L,/30 days,1,3.4,3.4,Action Plan Submitted - Implementing Improvements,Voluntary Compliance Underway
BROOKFIELD RESIDENTIAL (ONTARIO) LP,FIELDSTONE RESIDENTIAL COMMUNITY SEWAGE TREATMENT PLANT,"55 FRENCH DR, MONO, ON L9W 6T5",MONO,Miscellaneous Communal,Guelph District Office,"SUSPENDED SOLIDS, TOTAL",Approval/Permit Non-Compliance,12/01/2023,12/31/2023,10,mg/L,/30 days,1,14,14,Action Plan Submitted - Implementing Improvements,Voluntary Compliance Underway
BROOKFIELD RESIDENTIAL (ONTARIO) LP,FIELDSTONE RESIDENTIAL COMMUNITY SEWAGE TREATMENT PLANT,"55 FRENCH DR, MONO, ON L9W 6T5",MONO,Miscellaneous Communal,Guelph District Office,PHOSPHORUS; TOTAL,Approval/Permit Non-Compliance,12/01/2023,12/31/2023,0.25,mg/L,/30 days,1,0.37,0.37,Action Plan Submitted - Implementing Improvements,Voluntary Compliance Underway
FLAVOR FRESH FARMS,Flavor Fresh Farms,"635 MERSEA RD 7, LEAMINGTON, ON N0P 2J0",Leamington,Miscellaneous Communal,Windsor Area Office,TOTAL AMMONIA NITROGEN,Approval/Permit Non-Compliance,03/01/2023,09/30/2023,3,mg/L,rolling avg,2,3.7,4.4,Operational Process Modified,Addressed w/o Intervention
FLAVOR FRESH FARMS,Flavor Fresh Farms,"635 MERSEA RD 7, LEAMINGTON, ON N0P 2J0",Leamington,Miscellaneous Communal,Windsor Area Office,PHOSPHORUS; TOTAL,Approval/Permit Non-Compliance,10/01/2023,11/30/2023,0.3,mg/L,rolling avg,2,1,1.6,Operational Process Modified,Addressed w/o Intervention
ONE FLORAL JORDAN,Floral Group Operating Inc.,"451 SEACLIFF DR W, LEAMINGTON, ON ",Leamington,Miscellaneous Communal,Windsor Area Office,PHOSPHORUS; TOTAL,Approval/Permit Non-Compliance,02/01/2023,09/30/2023,0.3,mg/L,rolling avg,3,0.31,0.35,Operational Process Modified,Addressed w/o Intervention
THE FOREST-CLIFF CAMPS,Forest Cliff Camp,"8324 GLENDALE DR, LAMBTON SHORES, ON N0N 1J7",LAMBTON SHORES,Miscellaneous Communal,Sarnia District Office,PHOSPHORUS; TOTAL,Approval/Permit Non-Compliance,06/01/2023,06/30/2023,0.5,mg/L,mon avg,1,1.21,1.21,Operational Process Modified,Addressed w/o Intervention
Regional Municipality of Waterloo,Foxboro Green Retirement Community,"87 FOXBORO DR, WILMOT, ON N0B 2L0",WILMOT,Miscellaneous Communal,Guelph District Office,FLOW,Approval/Permit Non-Compliance,07/27/2023,07/27/2023,21.6,m³/d,/day,1,23.15,23.15,Equipment Modified - Repaired - Replaced or Re-calibrated,Assessment Complete - No Action Required
QUINTE WEST,Frankford Water Pollution Control Plant,"174  TRENT ST N, FRANKFORD, QUINTE WEST, ON K0K 2C0",QUINTE WEST,Municipal Sewage,Peterborough District Office,"SUSPENDED SOLIDS, TOTAL",Approval/Permit Non-Compliance,05/01/2023,05/31/2023,25,mg/L,/mon,1,30.8,30.8,Operational Process Modified,Voluntary Compliance Underway
QUINTE WEST,Frankford Water Pollution Control Plant,"174  TRENT ST N, FRANKFORD, QUINTE WEST, ON K0K 2C0",QUINTE WEST,Municipal Sewage,Peterborough District Office,"SUSPENDED SOLIDS, TOTAL",Approval/Permit Non-Compliance,05/01/2023,05/31/2023,70,kg/d,/mon,1,99.7,99.7,Operational Process Modified,Voluntary Compliance Underway
QUINTE WEST,Frankford Water Pollution Control Plant,"174  TRENT ST N, FRANKFORD, QUINTE WEST, ON K0K 2C0",QUINTE WEST,Municipal Sewage,Peterborough District Office,"SUSPENDED SOLIDS, TOTAL",Approval/Permit Non-Compliance,04/01/2023,04/30/2023,70,kg/d,mon avg,1,206.8,206.8,Operational Process Modified,Voluntary Compliance Underway
QUINTE WEST,Frankford Water Pollution Control Plant,"174  TRENT ST N, FRANKFORD, QUINTE WEST, ON K0K 2C0",QUINTE WEST,Municipal Sewage,Peterborough District Office,"SUSPENDED SOLIDS, TOTAL",Approval/Permit Non-Compliance,04/01/2023,04/30/2023,25,mg/L,mon avg,1,53.4,53.4,Operational Process Modified,Voluntary Compliance Underway
QUINTE WEST,Frankford Water Pollution Control Plant,"174  TRENT ST N, FRANKFORD, QUINTE WEST, ON K0K 2C0",QUINTE WEST,Municipal Sewage,Peterborough District Office,PHOSPHORUS; TOTAL,Approval/Permit Non-Compliance,05/01/2023,05/31/2023,0.25,mg/L,/mon,1,0.33,0.33,Operational Process Modified,Voluntary Compliance Underway
QUINTE WEST,Frankford Water Pollution Control Plant,"174  TRENT ST N, FRANKFORD, QUINTE WEST, ON K0K 2C0",QUINTE WEST,Municipal Sewage,Peterborough District Office,PHOSPHORUS; TOTAL,Approval/Permit Non-Compliance,05/01/2023,05/31/2023,0.7,kg/d,/mon,1,1.06,1.06,Operational Process Modified,Voluntary Compliance Underway
QUINTE WEST,Frankford Water Pollution Control Plant,"174  TRENT ST N, FRANKFORD, QUINTE WEST, ON K0K 2C0",QUINTE WEST,Municipal Sewage,Peterborough District Office,PHOSPHORUS; TOTAL,Approval/Permit Non-Compliance,04/01/2023,04/30/2023,0.25,mg/L,mon avg,1,0.54,0.54,Operational Process Modified,Voluntary Compliance Underway
QUINTE WEST,Frankford Water Pollution Control Plant,"174  TRENT ST N, FRANKFORD, QUINTE WEST, ON K0K 2C0",QUINTE WEST,Municipal Sewage,Peterborough District Office,PHOSPHORUS; TOTAL,Approval/Permit Non-Compliance,04/01/2023,04/30/2023,0.25,kg/d,mon avg,1,2.11,2.11,Operational Process Modified,Voluntary Compliance Underway
QUINTE WEST,Frankford Water Pollution Control Plant,"174  TRENT ST N, FRANKFORD, QUINTE WEST, ON K0K 2C0",QUINTE WEST,Municipal Sewage,Peterborough District Office,PHOSPHORUS; TOTAL,Approval/Permit Non-Compliance,01/01/2023,01/31/2023,0.25,mg/L,/mon,1,0.31,0.31,Resolved w/o Actions Required,Addressed w/o Intervention
QUINTE WEST,Frankford Water Pollution Control Plant,"174  TRENT ST N, FRANKFORD, QUINTE WEST, ON K0K 2C0",QUINTE WEST,Municipal Sewage,Peterborough District Office,PHOSPHORUS; TOTAL,Approval/Permit Non-Compliance,01/01/2023,01/31/2023,0.7,kg/d,/mon,1,0.95,0.95,Resolved w/o Actions Required,Addressed w/o Intervention
HORNBLOWER CRUISES AND EVENTS CANADA LTD.,GANANOQUE CITY CRUISES - IVY LEA PORT,"95 IVY LEA RD, LEEDS AND THE THOUSAND ISLANDS, ON ",LEEDS AND THE THOUSAND ISLANDS,Miscellaneous Communal,Kingston District Office,PHOSPHORUS; TOTAL,Approval/Permit Non-Compliance,10/12/2023,10/24/2023,1,mg/L,mon avg,1,2.17,2.17,New Equipment or Treatment Process Installed,Event Resolved
HORNBLOWER CRUISES AND EVENTS CANADA LTD.,GANANOQUE CITY CRUISES - IVY LEA PORT,"95 IVY LEA RD, LEEDS AND THE THOUSAND ISLANDS, ON ",LEEDS AND THE THOUSAND ISLANDS,Miscellaneous Communal,Kingston District Office,"SUSPENDED SOLIDS, TOTAL",Approval/Permit Non-Compliance,10/12/2023,10/24/2023,25,mg/L,mon avg,1,65,65,New Equipment or Treatment Process Installed,Event Resolved
HALTON REGION,Georgetown Wastewater Treatment Plant,"275 MOUNTAINVIEW RD S, HALTON HILLS, ON L7G 5K8",HALTON HILLS,Municipal Sewage,Halton-Peel District Office,"SUSPENDED SOLIDS, TOTAL",Approval/Permit Non-Compliance,01/01/2023,01/31/2023,5,mg/L,mon avg,1,30.4,30.4,Operational Process Modified,Voluntary Compliance Underway
HALTON REGION,Georgetown Wastewater Treatment Plant,"275 MOUNTAINVIEW RD S, HALTON HILLS, ON L7G 5K8",HALTON HILLS,Municipal Sewage,Halton-Peel District Office,CARBONACEOUS BIOCHEMICAL OXYGEN DEMAND,Approval/Permit Non-Compliance,01/01/2023,01/31/2023,5,mg/L,mon avg,1,7.5,7.5,Operational Process Modified,Voluntary Compliance Underway
HALTON REGION,Georgetown Wastewater Treatment Plant,"275 MOUNTAINVIEW RD S, HALTON HILLS, ON L7G 5K8",HALTON HILLS,Municipal Sewage,Halton-Peel District Office,PHOSPHORUS; TOTAL,Approval/Permit Non-Compliance,01/01/2023,01/31/2023,0.3,mg/L,mon avg,1,0.8,0.8,Operational Process Modified,Voluntary Compliance Underway
HALTON REGION,Georgetown Wastewater Treatment Plant,"275 MOUNTAINVIEW RD S, HALTON HILLS, ON L7G 5K8",HALTON HILLS,Municipal Sewage,Halton-Peel District Office,PHOSPHORUS; TOTAL,Approval/Permit Non-Compliance,01/01/2023,01/31/2023,6.8,kg/d,mon avg,1,7.5,7.5,Operational Process Modified,Voluntary Compliance Underway
HALTON REGION,Georgetown Wastewater Treatment Plant,"275 MOUNTAINVIEW RD S, HALTON HILLS, ON L7G 5K8",HALTON HILLS,Municipal Sewage,Halton-Peel District Office,"SUSPENDED SOLIDS, TOTAL",Approval/Permit Non-Compliance,01/01/2023,01/31/2023,113.6,kg/d,mon avg,1,512,512,Operational Process Modified,Voluntary Compliance Underway
HALTON REGION,Georgetown Wastewater Treatment Plant,"275 MOUNTAINVIEW RD S, HALTON HILLS, ON L7G 5K8",HALTON HILLS,Municipal Sewage,Halton-Peel District Office,CARBONACEOUS BIOCHEMICAL OXYGEN DEMAND,Approval/Permit Non-Compliance,01/01/2023,01/31/2023,113.6,kg/d,mon avg,1,125.7,125.7,Operational Process Modified,Voluntary Compliance Underway
HALTON REGION,Georgetown Wastewater Treatment Plant,"275 MOUNTAINVIEW RD S, HALTON HILLS, ON L7G 5K8",HALTON HILLS,Municipal Sewage,Halton-Peel District Office,"SUSPENDED SOLIDS, TOTAL",Approval/Permit Non-Compliance,02/01/2023,02/28/2023,5,mg/L,mon avg,1,15,15,Operational Process Modified,Voluntary Compliance Underway
HALTON REGION,Georgetown Wastewater Treatment Plant,"275 MOUNTAINVIEW RD S, HALTON HILLS, ON L7G 5K8",HALTON HILLS,Municipal Sewage,Halton-Peel District Office,"SUSPENDED SOLIDS, TOTAL",Approval/Permit Non-Compliance,02/01/2023,02/28/2023,113.6,kg/d,mon avg,1,251.6,251.6,Operational Process Modified,Voluntary Compliance Underway
HALTON REGION,Georgetown Wastewater Treatment Plant,"275 MOUNTAINVIEW RD S, HALTON HILLS, ON L7G 5K8",HALTON HILLS,Municipal Sewage,Halton-Peel District Office,PHOSPHORUS; TOTAL,Approval/Permit Non-Compliance,02/01/2023,02/28/2023,0.3,mg/L,mon avg,1,0.4,0.4,Operational Process Modified,Voluntary Compliance Underway
MUSKOKA DISTRICT,Golden Pheasant Water Pollution Control Plant,"LOT:24, CONCESSION:2, GEOTOWNSHIP:MUSKOKA, HUNTSVILLE, ON ",HUNTSVILLE,Municipal Sewage,Barrie District Office,CARBONACEOUS BIOCHEMICAL OXYGEN DEMAND,Approval/Permit Non-Compliance,12/01/2023,12/31/2023,15,mg/L,mon avg,1,20.5,20.5,Operational Process Modified,Addressed w/o Intervention
GRAND VALLEY,Grand Valley Water Pollution Control Plant,"LOT:31, CONCESSION:1,2, GEOTOWNSHIP:LUTHER, GRAND VALLEY, ON ",GRAND VALLEY,Municipal Sewage,Guelph District Office,TOTAL AMMONIA NITROGEN,Approval/Permit Non-Compliance,09/01/2023,09/30/2023,0.7,mg/L,mon avg,1,0.98,0.98,Operational Process Modified,Assessment Complete - Incident Resolved
GRAND VALLEY,Grand Valley Water Pollution Control Plant,"LOT:31, CONCESSION:1,2, GEOTOWNSHIP:LUTHER, GRAND VALLEY, ON ",GRAND VALLEY,Municipal Sewage,Guelph District Office,PH - LOW,Approval/Permit Non-Compliance,12/05/2023,12/05/2023,6,pH,/week,1,5.8,5.8,None Required,Assessment Complete - No Action Required
PARKBRIDGE LIFESTYLE COMMUNITIES INC.,Grandview Cottage & RV Resort,"626 KERRY LINE, ENNISMORE, SELWYN, ON K0L 1T0",SELWYN,Miscellaneous Communal,Peterborough District Office,PHOSPHORUS; TOTAL,Approval/Permit Non-Compliance,09/01/2023,09/30/2023,0.3,mg/L,mon avg,1,0.44,0.44,Operational Process Modified,Other Action Taken
PARKBRIDGE LIFESTYLE COMMUNITIES INC.,Grandview Cottage & RV Resort,"626 KERRY LINE, ENNISMORE, SELWYN, ON K0L 1T0",SELWYN,Miscellaneous Communal,Peterborough District Office,PHOSPHORUS; TOTAL,Approval/Permit Non-Compliance,08/01/2023,08/31/2023,0.15,mg/L,mon avg,1,0.52,0.52,Conducting Study,Assessment Underway
PARKBRIDGE LIFESTYLE COMMUNITIES INC.,Grandview Cottage & RV Resort,"626 KERRY LINE, ENNISMORE, SELWYN, ON K0L 1T0",SELWYN,Miscellaneous Communal,Peterborough District Office,PHOSPHORUS; TOTAL,Approval/Permit Non-Compliance,07/01/2023,07/31/2023,0.15,mg/L,mon avg,1,0.33,0.33,Operational Process Modified,Other Action Taken
PARKBRIDGE LIFESTYLE COMMUNITIES INC.,Grandview Cottage & RV Resort,"626 KERRY LINE, ENNISMORE, SELWYN, ON K0L 1T0",SELWYN,Miscellaneous Communal,Peterborough District Office,PHOSPHORUS; TOTAL,Approval/Permit Non-Compliance,06/01/2023,06/30/2023,0.15,mg/L,mon avg,1,0.74,0.74,Operational Process Modified,Other Action Taken
PARKBRIDGE LIFESTYLE COMMUNITIES INC.,Grandview Cottage & RV Resort,"626 KERRY LINE, ENNISMORE, SELWYN, ON K0L 1T0",SELWYN,Miscellaneous Communal,Peterborough District Office,PHOSPHORUS; TOTAL,Approval/Permit Non-Compliance,05/01/2023,05/31/2023,0.15,mg/L,mon avg,1,0.84,0.84,Operational Process Modified,Other Action Taken
PARKBRIDGE LIFESTYLE COMMUNITIES INC.,Grandview Cottage & RV Resort,"626 KERRY LINE, ENNISMORE, SELWYN, ON K0L 1T0",SELWYN,Miscellaneous Communal,Peterborough District Office,"SUSPENDED SOLIDS, TOTAL",Approval/Permit Non-Compliance,10/01/2023,10/31/2023,10,mg/L,mon avg,1,11,11,Conducting Study,Other Action Taken
PARKBRIDGE LIFESTYLE COMMUNITIES INC.,Grandview Cottage & RV Resort,"626 KERRY LINE, ENNISMORE, SELWYN, ON K0L 1T0",SELWYN,Miscellaneous Communal,Peterborough District Office,"SUSPENDED SOLIDS, TOTAL",Approval/Permit Non-Compliance,09/01/2023,09/30/2023,10,mg/L,mon avg,1,17,17,Operational Process Modified,Other Action Taken
PARKBRIDGE LIFESTYLE COMMUNITIES INC.,Grandview Cottage & RV Resort,"626 KERRY LINE, ENNISMORE, SELWYN, ON K0L 1T0",SELWYN,Miscellaneous Communal,Peterborough District Office,"SUSPENDED SOLIDS, TOTAL",Approval/Permit Non-Compliance,08/01/2023,08/31/2023,10,mg/L,mon avg,1,11,11,Conducting Study,Assessment Underway
PARKBRIDGE LIFESTYLE COMMUNITIES INC.,Grandview Cottage & RV Resort,"626 KERRY LINE, ENNISMORE, SELWYN, ON K0L 1T0",SELWYN,Miscellaneous Communal,Peterborough District Office,TOTAL AMMONIA NITROGEN,Approval/Permit Non-Compliance,09/01/2023,09/30/2023,2,mg/L,mon avg,1,5.18,5.18,Operational Process Modified,Other Action Taken
PARKBRIDGE LIFESTYLE COMMUNITIES INC.,Grandview Cottage & RV Resort,"626 KERRY LINE, ENNISMORE, SELWYN, ON K0L 1T0",SELWYN,Miscellaneous Communal,Peterborough District Office,TOTAL AMMONIA NITROGEN,Approval/Permit Non-Compliance,08/01/2023,08/31/2023,2,mg/L,mon avg,1,2.12,2.12,Conducting Study,Assessment Underway
PARKBRIDGE LIFESTYLE COMMUNITIES INC.,Grandview Cottage & RV Resort,"626 KERRY LINE, ENNISMORE, SELWYN, ON K0L 1T0",SELWYN,Miscellaneous Communal,Peterborough District Office,TOTAL AMMONIA NITROGEN,Approval/Permit Non-Compliance,06/01/2023,06/30/2023,2,mg/L,mon avg,1,26.58,26.58,Operational Process Modified,Other Action Taken
PARKBRIDGE LIFESTYLE COMMUNITIES INC.,Grandview Cottage & RV Resort,"626 KERRY LINE, ENNISMORE, SELWYN, ON K0L 1T0",SELWYN,Miscellaneous Communal,Peterborough District Office,TOTAL AMMONIA NITROGEN,Approval/Permit Non-Compliance,05/01/2023,05/31/2023,4,mg/L,mon avg,1,14.87,14.87,Operational Process Modified,Other Action Taken
GREELY VILLAGE CENTRE OWNER'S ASSOCIATION INC.,"Greely Village Centre, Water's Edge","South of Parkway Road, East of Bank Street, and west of Sales Barn Road,Part of Lots 73 and 74, Concession 5, RCP 902",OTTAWA,Miscellaneous Communal,Ottawa District Office,NITROGEN; TOTAL,Approval/Permit Non-Compliance,11/23/2023,11/23/2023,15,mg/L,mon avg,1,16.7,16.7,Operational Process Modified,Voluntary Compliance Underway
GREELY VILLAGE CENTRE OWNER'S ASSOCIATION INC.,"Greely Village Centre, Water's Edge","South of Parkway Road, East of Bank Street, and west of Sales Barn Road,Part of Lots 73 and 74, Concession 5, RCP 902",OTTAWA,Miscellaneous Communal,Ottawa District Office,PH - HIGH,Approval/Permit Non-Compliance,01/03/2023,01/31/2023,8.5,pH,/day,14,8.6,9.08,Training Procedure Change,Voluntary Compliance Underway
GREENHILL PRODUCE (THAMESVILLE) LTD.,Greenhill Produce (Thamesville Ltd.),"23250 KENT BRIDGE RD, THAMESVILLE, CHATHAM-KENT, ON N0P 1V0",CHATHAM-KENT,Miscellaneous Communal,Windsor Area Office,PHOSPHORUS; TOTAL,Approval/Permit Non-Compliance,02/01/2023,02/28/2023,0.7,mg/L,mon avg,1,1.2,1.2,Operational Process Modified,Voluntary Compliance Underway
GREENHILL PRODUCE (THAMESVILLE) LTD.,Greenhill Produce (Thamesville Ltd.),"23250 KENT BRIDGE RD, THAMESVILLE, CHATHAM-KENT, ON N0P 1V0",CHATHAM-KENT,Miscellaneous Communal,Windsor Area Office,PHOSPHORUS; TOTAL,Approval/Permit Non-Compliance,04/01/2023,04/30/2023,0.7,mg/L,mon avg,1,0.8,0.8,Equipment Modified - Repaired - Replaced or Re-calibrated,Event Resolved
GREENHILL PRODUCE (THAMESVILLE) LTD.,Greenhill Produce (Thamesville Ltd.),"23250 KENT BRIDGE RD, THAMESVILLE, CHATHAM-KENT, ON N0P 1V0",CHATHAM-KENT,Miscellaneous Communal,Windsor Area Office,PHOSPHORUS; TOTAL,Approval/Permit Non-Compliance,05/01/2023,05/31/2023,0.7,mg/L,mon avg,1,5.5,5.5,Operational Process Modified,Event Resolved
GREENHILL PRODUCE (THAMESVILLE) LTD.,Greenhill Produce (Thamesville Ltd.),"23250 KENT BRIDGE RD, THAMESVILLE, CHATHAM-KENT, ON N0P 1V0",CHATHAM-KENT,Miscellaneous Communal,Windsor Area Office,CARBONACEOUS BIOCHEMICAL OXYGEN DEMAND,Approval/Permit Non-Compliance,05/01/2023,05/31/2023,15,mg/L,mon avg,1,47,47,Operational Process Modified,Event Resolved
GREENHILL PRODUCE (THAMESVILLE) LTD.,Greenhill Produce (Thamesville Ltd.),"23250 KENT BRIDGE RD, THAMESVILLE, CHATHAM-KENT, ON N0P 1V0",CHATHAM-KENT,Miscellaneous Communal,Windsor Area Office,"SUSPENDED SOLIDS, TOTAL",Approval/Permit Non-Compliance,05/01/2023,05/31/2023,15,mg/L,mon avg,1,22,22,Operational Process Modified,Event Resolved
GREENHILL PRODUCE (THAMESVILLE) LTD.,Greenhill Produce (Thamesville Ltd.),"23250 KENT BRIDGE RD, THAMESVILLE, CHATHAM-KENT, ON N0P 1V0",CHATHAM-KENT,Miscellaneous Communal,Windsor Area Office,PHOSPHORUS; TOTAL,Approval/Permit Non-Compliance,06/01/2023,06/30/2023,0.7,mg/L,mon avg,1,0.79,0.79,New Equipment or Treatment Process Installed,Event Resolved
LONDON,Greenway Water Pollution Control Plant,"109 GREENSIDE AVE, LONDON, ON N6J 2X5",London,Municipal Sewage,London District Office,CARBONACEOUS BIOCHEMICAL OXYGEN DEMAND,Approval/Permit Non-Compliance,03/31/2023,03/31/2023,1522,kg/d,/day,1,1818,1818,Operational Process Modified,Voluntary Compliance Underway
LONDON,Greenway Water Pollution Control Plant,"109 GREENSIDE AVE, LONDON, ON N6J 2X5",London,Municipal Sewage,London District Office,"SUSPENDED SOLIDS, TOTAL",Approval/Permit Non-Compliance,03/31/2023,03/31/2023,1818,kg/d,/day,1,3486,3486,Operational Process Modified,Voluntary Compliance Underway
GULLWING LAKE PARK,Gullwing Lake Park,"1025 GULLWING LAKE RD, MUSKOKA LAKES, ON P0C 1M0",MUSKOKA LAKES,Miscellaneous Communal,Barrie District Office,"SUSPENDED SOLIDS, TOTAL",Approval/Permit Non-Compliance,05/01/2023,05/31/2023,10,mg/L,mon avg,1,12.4,12.4,Equipment Modified - Repaired - Replaced or Re-calibrated,Voluntary Compliance Underway
GULLWING LAKE PARK,Gullwing Lake Park,"1025 GULLWING LAKE RD, MUSKOKA LAKES, ON P0C 1M0",MUSKOKA LAKES,Miscellaneous Communal,Barrie District Office,"SUSPENDED SOLIDS, TOTAL",Approval/Permit Non-Compliance,06/01/2023,06/30/2023,10,mg/L,mon avg,1,19.3,19.3,Operational Process Modified,Voluntary Compliance Underway
GULLWING LAKE PARK,Gullwing Lake Park,"1025 GULLWING LAKE RD, MUSKOKA LAKES, ON P0C 1M0",MUSKOKA LAKES,Miscellaneous Communal,Barrie District Office,PHOSPHORUS; TOTAL,Approval/Permit Non-Compliance,07/01/2023,07/31/2023,3,mg/L,mon avg,1,4.61,4.61,Operational Process Modified,Voluntary Compliance Underway
GULLWING LAKE PARK,Gullwing Lake Park,"1025 GULLWING LAKE RD, MUSKOKA LAKES, ON P0C 1M0",MUSKOKA LAKES,Miscellaneous Communal,Barrie District Office,"SUSPENDED SOLIDS, TOTAL",Approval/Permit Non-Compliance,07/01/2023,07/31/2023,10,mg/L,mon avg,1,16,16,Operational Process Modified,Voluntary Compliance Underway
GULLWING LAKE PARK,Gullwing Lake Park,"1025 GULLWING LAKE RD, MUSKOKA LAKES, ON P0C 1M0",MUSKOKA LAKES,Miscellaneous Communal,Barrie District Office,TOTAL AMMONIA NITROGEN,Approval/Permit Non-Compliance,07/01/2023,07/31/2023,3,mg/L,mon avg,1,6.22,6.22,Operational Process Modified,Voluntary Compliance Underway
GULLWING LAKE PARK,Gullwing Lake Park,"1025 GULLWING LAKE RD, MUSKOKA LAKES, ON P0C 1M0",MUSKOKA LAKES,Miscellaneous Communal,Barrie District Office,TOTAL AMMONIA NITROGEN,Approval/Permit Non-Compliance,08/01/2023,08/31/2023,3,mg/L,mon avg,1,19,19,Conducting Study,Voluntary Compliance Underway
GULLWING LAKE PARK,Gullwing Lake Park,"1025 GULLWING LAKE RD, MUSKOKA LAKES, ON P0C 1M0",MUSKOKA LAKES,Miscellaneous Communal,Barrie District Office,PHOSPHORUS; TOTAL,Approval/Permit Non-Compliance,08/01/2023,08/31/2023,3,mg/L,mon avg,1,7.2,7.2,Conducting Study,Voluntary Compliance Underway
GULLWING LAKE PARK,Gullwing Lake Park,"1025 GULLWING LAKE RD, MUSKOKA LAKES, ON P0C 1M0",MUSKOKA LAKES,Miscellaneous Communal,Barrie District Office,ESCHERICHIA COLI,Approval/Permit Non-Compliance,08/01/2023,08/31/2023,10,CT/100mL,mon avg on a geo. mean density,1,124.9,124.9,Conducting Study,Voluntary Compliance Underway
GULLWING LAKE PARK,Gullwing Lake Park,"1025 GULLWING LAKE RD, MUSKOKA LAKES, ON P0C 1M0",MUSKOKA LAKES,Miscellaneous Communal,Barrie District Office,"SUSPENDED SOLIDS, TOTAL",Approval/Permit Non-Compliance,08/01/2023,08/31/2023,10,mg/L,mon avg,1,13,13,Conducting Study,Voluntary Compliance Underway
GULLWING LAKE PARK,Gullwing Lake Park,"1025 GULLWING LAKE RD, MUSKOKA LAKES, ON P0C 1M0",MUSKOKA LAKES,Miscellaneous Communal,Barrie District Office,ESCHERICHIA COLI,Approval/Permit Non-Compliance,09/01/2023,09/30/2023,100,CT/100mL,mon avg on a geo. mean density,1,581,581,Conducting Study,Voluntary Compliance Underway
GULLWING LAKE PARK,Gullwing Lake Park,"1025 GULLWING LAKE RD, MUSKOKA LAKES, ON P0C 1M0",MUSKOKA LAKES,Miscellaneous Communal,Barrie District Office,"SUSPENDED SOLIDS, TOTAL",Approval/Permit Non-Compliance,09/01/2023,09/30/2023,10,mg/L,mon avg,1,15,15,Conducting Study,Voluntary Compliance Underway
GULLWING LAKE PARK,Gullwing Lake Park,"1025 GULLWING LAKE RD, MUSKOKA LAKES, ON P0C 1M0",MUSKOKA LAKES,Miscellaneous Communal,Barrie District Office,PHOSPHORUS; TOTAL,Approval/Permit Non-Compliance,09/01/2023,09/30/2023,3,mg/L,mon avg,1,4.92,4.92,Conducting Study,Voluntary Compliance Underway
HALDIMAND COUNTY,Haldimand-Cayuga Water Pollution Control Plant,"110 OTTAWA ST S, HALDIMAND COUNTY, ON N0E 1E0",HALDIMAND COUNTY,Municipal Sewage,Hamilton District Office,ESCHERICHIA COLI,Approval/Permit Non-Compliance,04/01/2023,04/30/2023,200,CT/100mL,mon avg on a geo. mean density,1,264,264,Equipment Modified - Repaired - Replaced or Re-calibrated,Assessment Complete - No action required
HALDIMAND COUNTY,Haldimand-Oswego Park Lagoon,"LOT:20, CONCESSION:2, GEOTOWNSHIP:MOULTON, HALDIMAND COUNTY, ON ",HALDIMAND COUNTY,Municipal Sewage,Hamilton District Office,FLOW,Approval/Permit Non-Compliance,03/24/2023,03/28/2023,510,m³/d,/day,3,531.26,753.92,Operational Process Modified,Assessment Complete - No action required
HEARST,Hearst Lagoon,"BEGIN RD, HEARST, ON ",HEARST,Municipal Sewage,Timmins District Office,PHOSPHORUS; TOTAL,Approval/Permit Non-Compliance,04/04/2023,12/12/2023,7.87, kg/d,/week,5,7.88,9.57,Action Plan Submitted,Voluntary Compliance Underway
HENRY BLYTH FARMS INC.,Henry Blyth Farms (Cowbell),"40035 BLYTH RD, CENTRAL HURON, ON N0M 1H0",Central Huron,Miscellaneous Communal,Owen Sound District Office,NITROGEN; TOTAL,Approval/Permit Non-Compliance,07/01/2023,07/31/2023,1,mg/L,/mon,1,6.35,6.35,Additional Monitoring Underway,Voluntary Compliance Underway
HENRY BLYTH FARMS INC.,Henry Blyth Farms (Cowbell),"40035 BLYTH RD, CENTRAL HURON, ON N0M 1H0",Central Huron,Miscellaneous Communal,Owen Sound District Office,NITROGEN; TOTAL,Approval/Permit Non-Compliance,12/01/2023,12/31/2023,1,mg/L,/mon,2,5,5,Additional Monitoring Underway,Voluntary Compliance Underway
HENRY BLYTH FARMS INC.,Henry Blyth Farms (Cowbell),"40035 BLYTH RD, CENTRAL HURON, ON N0M 1H0",Central Huron,Miscellaneous Communal,Owen Sound District Office,NITROGEN; TOTAL,Approval/Permit Non-Compliance,12/01/2023,12/31/2023,5,mg/L,/mon,2,5.4,5.4,Action Plan Submitted,Voluntary Compliance Underway
STERLING WHOLESALE PRODUCE,Heritage Farms,"821 MERSEA RD 11, LEAMINGTON, ON N0P 2J0",Leamington,Miscellaneous Communal,Windsor Area Office,TOTAL AMMONIA NITROGEN,Approval/Permit Non-Compliance,01/01/2023,12/31/2023,4,mg/L,rolling avg,22,4.1,7.1,Operational Process Modified,Assessment Underway
STERLING WHOLESALE PRODUCE,Heritage Farms,"821 MERSEA RD 11, LEAMINGTON, ON N0P 2J0",Leamington,Miscellaneous Communal,Windsor Area Office,PHOSPHORUS; TOTAL,Approval/Permit Non-Compliance,01/01/2023,12/31/2023,0.3,mg/L,rolling avg,52,0.4,4,Operational Process Modified,Assessment Underway
HILTON BEACH,Hilton Beach Water Pollution Control Plant,"3225 BIRCH ST, HILTON BEACH, ON P0R 1G0",HILTON BEACH,Municipal Sewage,Sault Ste. Marie Area Office,PHOSPHORUS; TOTAL,Approval/Permit Non-Compliance,08/01/2023,08/31/2023,1,mg/L,mon avg,1,1.84,1.84,None Required,Addressed w/o Intervention
HILTON BEACH,Hilton Beach Water Pollution Control Plant,"3225 BIRCH ST, HILTON BEACH, ON P0R 1G0",HILTON BEACH,Municipal Sewage,Sault Ste. Marie Area Office,PHOSPHORUS; TOTAL,Approval/Permit Non-Compliance,02/01/2023,02/28/2023,1,mg/L,mon avg,1,3.04,3.04,Operational Process Modified,Addressed w/o Intervention
HILTON BEACH,Hilton Beach Water Pollution Control Plant,"3225 BIRCH ST, HILTON BEACH, ON P0R 1G0",HILTON BEACH,Municipal Sewage,Sault Ste. Marie Area Office,PHOSPHORUS; TOTAL,Approval/Permit Non-Compliance,03/01/2023,03/31/2023,1,mg/L,mon avg,1,1.01,1.01,None Required,Addressed w/o Intervention
HILTON BEACH,Hilton Beach Water Pollution Control Plant,"3225 BIRCH ST, HILTON BEACH, ON P0R 1G0",HILTON BEACH,Municipal Sewage,Sault Ste. Marie Area Office,PHOSPHORUS; TOTAL,Approval/Permit Non-Compliance,04/01/2023,04/30/2023,1,mg/L,mon avg,1,1.14,1.14,Operational Process Modified,Addressed w/o Intervention
HILTON BEACH,Hilton Beach Water Pollution Control Plant,"3225 BIRCH ST, HILTON BEACH, ON P0R 1G0",HILTON BEACH,Municipal Sewage,Sault Ste. Marie Area Office,PHOSPHORUS; TOTAL,Approval/Permit Non-Compliance,07/01/2023,07/31/2023,1,mg/L,mon avg,1,1.47,1.47,Operational Process Modified,Addressed w/o Intervention
HK TRAVEL CENTRES,HK Travel Centre - Woodstock,"LOT:11, CONCESSION:2, GEOTOWNSHIP:OXFORD (ON THAMES), SOUTH-WEST OXFORD, ON ", SOUTH-WEST OXFORD,Miscellaneous Communal,London District Office,ESCHERICHIA COLI,Approval/Permit Non-Compliance,03/01/2023,12/31/2023,200,CT/100mL,mon avg on a geo. mean density,10,402,"9,322",Action Plan Submitted,Voluntary Compliance Underway
HK TRAVEL CENTRES,HK Travel Centre - Woodstock,"LOT:11, CONCESSION:2, GEOTOWNSHIP:OXFORD (ON THAMES), SOUTH-WEST OXFORD, ON ", SOUTH-WEST OXFORD,Miscellaneous Communal,London District Office,PHOSPHORUS; TOTAL,Approval/Permit Non-Compliance,03/31/2023,07/31/2023,0.7,mg/L,mon avg,5,1.01,2.88,Action Plan Submitted,Voluntary Compliance Underway
HK TRAVEL CENTRES,HK Travel Centre - Woodstock,"LOT:11, CONCESSION:2, GEOTOWNSHIP:OXFORD (ON THAMES), SOUTH-WEST OXFORD, ON ", SOUTH-WEST OXFORD,Miscellaneous Communal,London District Office,"SUSPENDED SOLIDS, TOTAL",Approval/Permit Non-Compliance,07/01/2023,07/31/2023,10,mg/L,mon avg,1,13.5,13.5,Action Plan Submitted,Voluntary Compliance Underway
HK TRAVEL CENTRES,HK Travel Centre - Woodstock,"LOT:11, CONCESSION:2, GEOTOWNSHIP:OXFORD (ON THAMES), SOUTH-WEST OXFORD, ON ", SOUTH-WEST OXFORD,Miscellaneous Communal,London District Office,TOTAL AMMONIA NITROGEN,Approval/Permit Non-Compliance,07/01/2023,07/31/2023,3,mg/L,mon avg,1,6.8,6.8,Action Plan Submitted,Voluntary Compliance Underway
OMI,Indian Hills Water Pollution Control Plant,"9173 INDIAN HILLS TRAIL W, LAMBTON SHORES, ON N0N 1J2",LAMBTON SHORES,Municipal Sewage,Sarnia District Office,PHOSPHORUS; TOTAL,Approval/Permit Non-Compliance,06/30/2023,06/30/2023,1,mg/L,mon avg,1,2.67,2.67,Operational Process Modified,Addressed w/o Intervention
OMI,Indian Hills Water Pollution Control Plant,"9173 INDIAN HILLS TRAIL W, LAMBTON SHORES, ON N0N 1J2",LAMBTON SHORES,Municipal Sewage,Sarnia District Office,"SUSPENDED SOLIDS, TOTAL",Approval/Permit Non-Compliance,06/01/2023,06/30/2023,15,mg/L,mon avg,1,16.1,16.1,Operational Process Modified,Addressed w/o Intervention
OMI,Indian Hills Water Pollution Control Plant,"9173 INDIAN HILLS TRAIL W, LAMBTON SHORES, ON N0N 1J2",LAMBTON SHORES,Municipal Sewage,Sarnia District Office,"SUSPENDED SOLIDS, TOTAL",Approval/Permit Non-Compliance,09/01/2023,09/30/2023,15,mg/L,mon avg,1,23.1,23.1,Operational Process Modified,Event Resolved
ST. LAWRENCE PARKS COMMISSION,Ivy Lea Campground,"649 THOUSAND ISLANDS PKY, LEEDS AND THE THOUSAND ISLANDS, ON K0E 1L0",LEEDS AND THE THOUSAND ISLANDS,Miscellaneous Communal,Kingston District Office,PHOSPHORUS; TOTAL,Approval/Permit Non-Compliance,05/25/2023,10/16/2023,1,mg/L,seasonal avg,1,1.77,1.77,Action Plan Submitted,Event Resolved
ST. LAWRENCE PARKS COMMISSION,Ivy Lea Campground,"649 THOUSAND ISLANDS PKY, LEEDS AND THE THOUSAND ISLANDS, ON K0E 1L0",LEEDS AND THE THOUSAND ISLANDS,Miscellaneous Communal,Kingston District Office,"SUSPENDED SOLIDS, TOTAL",Approval/Permit Non-Compliance,05/25/2023,10/16/2023,25,mg/L,seasonal avg,1,36.6,36.6,Action Plan Submitted,Event Resolved
JW MARRIOTT THE ROSSEAU MUSKOKA RESORT AND SPA,JW Marriott - The Rosseau Muskoka Resort and Spa,"LOT:24, 25, CONCESSION:11, 12, GEOTOWNSHIP:MUSKOKA, MUSKOKA DISTRICT, ON ",MUSKOKA LAKES,Miscellaneous Communal,Barrie District Office,TOTAL AMMONIA NITROGEN,Approval/Permit Non-Compliance,06/01/2023,06/30/2023,2.5,mg/L,mon avg,1,2.92,2.92,Other,Voluntary Compliance Underway
JW MARRIOTT THE ROSSEAU MUSKOKA RESORT AND SPA,JW Marriott - The Rosseau Muskoka Resort and Spa,"LOT:24, 25, CONCESSION:11, 12, GEOTOWNSHIP:MUSKOKA, MUSKOKA DISTRICT, ON ",MUSKOKA LAKES,Miscellaneous Communal,Barrie District Office,TOTAL AMMONIA NITROGEN,Approval/Permit Non-Compliance,07/01/2023,07/31/2023,2.5,mg/L,3 mon avg,1,19.56,19.56,Equipment Modified - Repaired - Replaced or Re-calibrated,Voluntary Compliance Underway
JW MARRIOTT THE ROSSEAU MUSKOKA RESORT AND SPA,JW Marriott - The Rosseau Muskoka Resort and Spa,"LOT:24, 25, CONCESSION:11, 12, GEOTOWNSHIP:MUSKOKA, MUSKOKA DISTRICT, ON ",MUSKOKA LAKES,Miscellaneous Communal,Barrie District Office,PHOSPHORUS; TOTAL,Approval/Permit Non-Compliance,07/01/2023,07/31/2023,0.35,mg/L,mon avg,1,0.88,0.88,Equipment Modified - Repaired - Replaced or Re-calibrated,Voluntary Compliance Underway
JW MARRIOTT THE ROSSEAU MUSKOKA RESORT AND SPA,JW Marriott - The Rosseau Muskoka Resort and Spa,"LOT:24, 25, CONCESSION:11, 12, GEOTOWNSHIP:MUSKOKA, MUSKOKA DISTRICT, ON ",MUSKOKA LAKES,Miscellaneous Communal,Barrie District Office,ESCHERICHIA COLI,Approval/Permit Non-Compliance,07/01/2023,07/31/2023,100,CT/100mL,mon avg on a geo. mean density,1,2843,2843,Equipment Modified - Repaired - Replaced or Re-calibrated,Voluntary Compliance Underway
JW MARRIOTT THE ROSSEAU MUSKOKA RESORT AND SPA,JW Marriott - The Rosseau Muskoka Resort and Spa,"LOT:24, 25, CONCESSION:11, 12, GEOTOWNSHIP:MUSKOKA, MUSKOKA DISTRICT, ON ",MUSKOKA LAKES,Miscellaneous Communal,Barrie District Office,CARBONACEOUS BIOCHEMICAL OXYGEN DEMAND,Approval/Permit Non-Compliance,07/01/2023,07/31/2023,15,mg/L,mon avg,1,18.4,18.4,Equipment Modified - Repaired - Replaced or Re-calibrated,Voluntary Compliance Underway
JW MARRIOTT THE ROSSEAU MUSKOKA RESORT AND SPA,JW Marriott - The Rosseau Muskoka Resort and Spa,"LOT:24, 25, CONCESSION:11, 12, GEOTOWNSHIP:MUSKOKA, MUSKOKA DISTRICT, ON ",MUSKOKA LAKES,Miscellaneous Communal,Barrie District Office,TOTAL AMMONIA NITROGEN,Approval/Permit Non-Compliance,08/01/2023,08/31/2023,2.5,mg/L,mon avg,1,12.58,12.58,Operational Process Modified,Voluntary Compliance Underway
JW MARRIOTT THE ROSSEAU MUSKOKA RESORT AND SPA,JW Marriott - The Rosseau Muskoka Resort and Spa,"LOT:24, 25, CONCESSION:11, 12, GEOTOWNSHIP:MUSKOKA, MUSKOKA DISTRICT, ON ",MUSKOKA LAKES,Miscellaneous Communal,Barrie District Office,ESCHERICHIA COLI,Approval/Permit Non-Compliance,08/01/2023,08/31/2023,100,CT/100mL,mon avg on a geo. mean density,1,1702,1702,Operational Process Modified,Voluntary Compliance Underway
JW MARRIOTT THE ROSSEAU MUSKOKA RESORT AND SPA,JW Marriott - The Rosseau Muskoka Resort and Spa,"LOT:24, 25, CONCESSION:11, 12, GEOTOWNSHIP:MUSKOKA, MUSKOKA DISTRICT, ON ",MUSKOKA LAKES,Miscellaneous Communal,Barrie District Office,TOTAL AMMONIA NITROGEN,Approval/Permit Non-Compliance,09/01/2023,09/30/2023,2.5,mg/L,mon avg,1,4.86,4.86,Action Plan Submitted,Voluntary Compliance Underway
KAPUSKASING,Kapuskasing Water Pollution Control Plant,"20 MONTGOMERY AVE, KAPUSKASING, ON P5N 1M4",KAPUSKASING,Municipal Sewage,Timmins District Office,PHOSPHORUS; TOTAL,Policy/Guidance/ Non-Conf.,01/01/2023,12/31/2023,1,mg/L,annual avg,1,1.54,1.54,Action Plan Submitted,Voluntary Compliance Underway
NORTH GRENVILLE,Kemptville Water Pollution Control Plant,"2899 COUNTY RD 43, NORTH GRENVILLE, ON K0G 1J0",Grenville,Municipal Sewage,Kingston District Office,PHOSPHORUS; TOTAL,Legislation Non-Compliance,05/01/2023,05/31/2023,0.3,mg/L,mon avg,1,0.33,0.33,Resolved w/o Actions Required,Event Resolved
KIRKLAND LAKE,Kirkland Lake Water Pollution Control Plant,"600 ARCHER DR, KIRKLAND LAKE, ON P2N 3G2",KIRKLAND LAKE,Municipal Sewage,Timmins District Office,"SUSPENDED SOLIDS, TOTAL",Approval/Permit Non-Compliance,03/01/2023,03/31/2023,15,mg/L,mon avg,1,20.8,20.8,Equipment Modified - Repaired - Replaced or Re-calibrated,Addressed w/o Intervention
KIRKLAND LAKE,Kirkland Lake Water Pollution Control Plant,"600 ARCHER DR, KIRKLAND LAKE, ON P2N 3G2",KIRKLAND LAKE,Municipal Sewage,Timmins District Office,PHOSPHORUS; TOTAL,Approval/Permit Non-Compliance,03/01/2023,03/31/2023,0.5,mg/L,mon avg,1,0.6,0.6,Equipment Modified - Repaired - Replaced or Re-calibrated,Addressed w/o Intervention
KIRKLAND LAKE,Kirkland Lake Water Pollution Control Plant,"600 ARCHER DR, KIRKLAND LAKE, ON P2N 3G2",KIRKLAND LAKE,Municipal Sewage,Timmins District Office,"SUSPENDED SOLIDS, TOTAL",Approval/Permit Non-Compliance,04/01/2023,04/30/2023,15,mg/L,mon avg,1,29.8,29.8,Equipment Modified - Repaired - Replaced or Re-calibrated,Event Resolved
KIRKLAND LAKE,Kirkland Lake Water Pollution Control Plant,"600 ARCHER DR, KIRKLAND LAKE, ON P2N 3G2",KIRKLAND LAKE,Municipal Sewage,Timmins District Office,ESCHERICHIA COLI,Approval/Permit Non-Compliance,10/01/2023,10/31/2023,200,CT/100mL,mon avg on a geo. mean density,1,346,346,None Required,Voluntary Compliance Underway
MIDDLESEX CENTRE,Komoka Water Pollution Control Plant,"22280 KOMOKA RD, MIDDLESEX CENTRE, ON N0L 1E0",MIDDLESEX CENTRE,Municipal Sewage,London District Office,PHOSPHORUS; TOTAL,Approval/Permit Non-Compliance,06/01/2023,06/30/2023,0.5,mg/L,mon avg,1,0.6,0.6,Additional Monitoring Underway,Event Resolved
MIDDLESEX CENTRE,Komoka Water Pollution Control Plant,"22280 KOMOKA RD, MIDDLESEX CENTRE, ON N0L 1E0",MIDDLESEX CENTRE,Municipal Sewage,London District Office,"SUSPENDED SOLIDS, TOTAL",Approval/Permit Non-Compliance,06/01/2023,06/30/2023,10,mg/L,mon avg,1,12,12,Additional Monitoring Underway,Event Resolved
DURHAM REGION,Lake Simcoe Water Pollution Control Plant,"LOT:1, CONCESSION:5, GEOTOWNSHIP:THORAH, BROCK, ON ",WHITCHURCH-STOUFFVILLE,Municipal Sewage,York Durham District Office,TOTAL AMMONIA NITROGEN,Approval/Permit Non-Compliance,08/01/2023,08/31/2023,5,mg/L,/mon,1,8.51,8.51,Equipment Modified - Repaired - Replaced or Re-calibrated,Voluntary Compliance Underway
SELWYN,Lakefield Lagoon,"1256 COUNTY RD 33, SELWYN, ON K0L 2H0",SELWYN,Municipal Sewage,Peterborough District Office,TOTAL AMMONIA NITROGEN,Approval/Permit Non-Compliance,09/01/2023,09/30/2023,3,mg/L,mon avg,1,3.3,3.3,Operational Process Modified,Voluntary Compliance Underway
KINGSVILLE,Lakeshore West Water Pollution Control Plant,"690 HERITAGE RD, KINGSVILLE, ON N9Y 3B2",KINGSVILLE,Municipal Sewage,Windsor Area Office,TOTAL AMMONIA NITROGEN,Approval/Permit Non-Compliance,10/01/2023,10/31/2023,1.5,mg/L,mon avg,1,3.8,3.8,Operational Process Modified,Event Resolved
LEEDS AND THE THOUSAND ISLANDS,Lansdowne Lagoon,"44 KING ST E, LEEDS AND THE THOUSAND ISLANDS, ON K0E 1L0",LEEDS AND THE THOUSAND ISLANDS,Municipal Sewage,Kingston District Office,"SUSPENDED SOLIDS, TOTAL",Approval/Permit Non-Compliance,11/27/2023,12/01/2023,25,mg/L,/season,1,55,55,Operational Process Modified,Addressed w/o Intervention
LEBOVIC ENTERPRISES,Lebovic West Golf and Club,"14020 LESLIE ST, AURORA, ON L4G 7C2",AURORA,Miscellaneous Communal,York Durham District Office,NITROGEN; TOTAL,Approval/Permit Non-Compliance,01/01/2023,01/31/2023,5.8,mg/L,mon avg,1,9,9,Resolved w/o Actions Required,Voluntary Compliance Underway
LEBOVIC ENTERPRISES,Lebovic West Golf and Club,"14020 LESLIE ST, AURORA, ON L4G 7C2",AURORA,Miscellaneous Communal,York Durham District Office,NITROGEN; TOTAL,Approval/Permit Non-Compliance,02/01/2023,02/28/2023,5.8,mg/L,mon avg,1,7,7,Operational Process Modified,Voluntary Compliance Underway
LEBOVIC ENTERPRISES,Lebovic West Golf and Club,"14020 LESLIE ST, AURORA, ON L4G 7C2",AURORA,Miscellaneous Communal,York Durham District Office,NITROGEN; TOTAL,Approval/Permit Non-Compliance,03/01/2023,03/31/2023,5.8,mg/L,mon avg,1,8.2,8.2,Resolved w/o Actions Required,Addressed w/o Intervention
LEBOVIC ENTERPRISES,Lebovic West Golf and Club,"14020 LESLIE ST, AURORA, ON L4G 7C2",AURORA,Miscellaneous Communal,York Durham District Office,NITROGEN; TOTAL,Approval/Permit Non-Compliance,05/01/2023,05/31/2023,5.6,mg/L,mon avg,1,8.9,8.9,Resolved w/o Actions Required,Voluntary Compliance Underway
LEBOVIC ENTERPRISES,Lebovic West Golf and Club,"14020 LESLIE ST, AURORA, ON L4G 7C2",AURORA,Miscellaneous Communal,York Durham District Office,NITROGEN; TOTAL,Approval/Permit Non-Compliance,06/01/2023,06/30/2023,5.8,mg/L,mon avg,1,10.5,10.5,Operational Process Modified,Event Resolved
LEBOVIC ENTERPRISES,Lebovic West Golf and Club,"14020 LESLIE ST, AURORA, ON L4G 7C2",AURORA,Miscellaneous Communal,York Durham District Office,NITROGEN; TOTAL,Approval/Permit Non-Compliance,07/01/2023,08/31/2023,5.8,mg/L,mon avg,1,9.2,9.2,Operational Process Modified,Voluntary Compliance Underway
LEBOVIC ENTERPRISES,Lebovic West Golf and Club,"14020 LESLIE ST, AURORA, ON L4G 7C2",AURORA,Miscellaneous Communal,York Durham District Office,NITROGEN; TOTAL,Approval/Permit Non-Compliance,08/01/2023,08/31/2023,5.8,mg/L,mon avg,1,10,10,Conducting Study,Assessment Underway
LEBOVIC ENTERPRISES,Lebovic West Golf and Club,"14020 LESLIE ST, AURORA, ON L4G 7C2",AURORA,Miscellaneous Communal,York Durham District Office,NITROGEN; TOTAL,Approval/Permit Non-Compliance,10/01/2023,10/31/2023,5.8,mg/L,mon avg,1,10.04,10.04,Operational Process Modified,Voluntary Compliance Underway
LEGACY RESORT COTTAGES,Legacy Cottages,"1040 JUDDHAVEN RD, MUSKOKA LAKES, ON P0B 1J0",MUSKOKA LAKES,Miscellaneous Communal,Barrie District Office,"SUSPENDED SOLIDS, TOTAL",Approval/Permit Non-Compliance,01/01/2023,12/31/2023,20,mg/L,annual avg,1,29,29,Operational Process Modified,Voluntary Compliance Underway
LEGACY RESORT COTTAGES,Legacy Cottages,"1040 JUDDHAVEN RD, MUSKOKA LAKES, ON P0B 1J0",MUSKOKA LAKES,Miscellaneous Communal,Barrie District Office,PHOSPHORUS; TOTAL,Approval/Permit Non-Compliance,03/01/2023,04/30/2023,1,mg/L,mon avg,1,1.13,1.13,Action Plan Submitted,Voluntary Compliance Underway
LEGACY RESORT COTTAGES,Legacy Cottages,"1040 JUDDHAVEN RD, MUSKOKA LAKES, ON P0B 1J0",MUSKOKA LAKES,Miscellaneous Communal,Barrie District Office,"SUSPENDED SOLIDS, TOTAL",Approval/Permit Non-Compliance,07/01/2023,07/31/2023,20,mg/L,3 mon avg,1,45,45,Equipment Modified - Repaired - Replaced or Re-calibrated,Voluntary Compliance Underway
LEGACY RESORT COTTAGES,Legacy Cottages,"1040 JUDDHAVEN RD, MUSKOKA LAKES, ON P0B 1J0",MUSKOKA LAKES,Miscellaneous Communal,Barrie District Office,PHOSPHORUS; TOTAL,Approval/Permit Non-Compliance,07/01/2023,07/31/2023,1,mg/L,mon avg,1,1.2,1.2,Equipment Modified - Repaired - Replaced or Re-calibrated,Voluntary Compliance Underway
LEGACY RESORT COTTAGES,Legacy Cottages,"1040 JUDDHAVEN RD, MUSKOKA LAKES, ON P0B 1J0",MUSKOKA LAKES,Miscellaneous Communal,Barrie District Office,"SUSPENDED SOLIDS, TOTAL",Approval/Permit Non-Compliance,08/01/2023,08/31/2023,20,mg/L,mon avg,1,81,81,Operational Process Modified,Voluntary Compliance Underway
LEGACY RESORT COTTAGES,Legacy Cottages,"1040 JUDDHAVEN RD, MUSKOKA LAKES, ON P0B 1J0",MUSKOKA LAKES,Miscellaneous Communal,Barrie District Office,CARBONACEOUS BIOCHEMICAL OXYGEN DEMAND,Approval/Permit Non-Compliance,08/01/2023,08/31/2023,20,mg/L,mon avg,1,40,40,Operational Process Modified,Voluntary Compliance Underway
LEGACY RESORT COTTAGES,Legacy Cottages,"1040 JUDDHAVEN RD, MUSKOKA LAKES, ON P0B 1J0",MUSKOKA LAKES,Miscellaneous Communal,Barrie District Office,PHOSPHORUS; TOTAL,Approval/Permit Non-Compliance,08/01/2023,08/31/2023,1,mg/L,mon avg,1,3.3,3.3,Operational Process Modified,Voluntary Compliance Underway
LEGACY RESORT COTTAGES,Legacy Cottages,"1040 JUDDHAVEN RD, MUSKOKA LAKES, ON P0B 1J0",MUSKOKA LAKES,Miscellaneous Communal,Barrie District Office,"SUSPENDED SOLIDS, TOTAL",Approval/Permit Non-Compliance,09/01/2023,09/30/2023,20,mg/L,mon avg,1,69,69,Operational Process Modified,Voluntary Compliance Underway
LEGACY RESORT COTTAGES,Legacy Cottages,"1040 JUDDHAVEN RD, MUSKOKA LAKES, ON P0B 1J0",MUSKOKA LAKES,Miscellaneous Communal,Barrie District Office,PHOSPHORUS; TOTAL,Approval/Permit Non-Compliance,09/01/2023,09/30/2023,1,mg/L,mon avg,1,1.84,1.84,Operational Process Modified,Voluntary Compliance Underway
THE NATION,Limoges Lagoon,"1899 ROUTE 500 W, THE NATION, ON K0A 1M0",THE NATION,Municipal Sewage,Cornwall Area Office,"SUSPENDED SOLIDS, TOTAL",Approval/Permit Non-Compliance,01/01/2023,01/31/2023,5,mg/L,/mon,1,5.4,5.4,New Equipment or Treatment Process Installed,Voluntary Compliance Underway
THE NATION,Limoges Lagoon,"1899 ROUTE 500 W, THE NATION, ON K0A 1M0",THE NATION,Municipal Sewage,Cornwall Area Office,TOTAL AMMONIA NITROGEN,Approval/Permit Non-Compliance,03/01/2023,03/31/2023,17.3,kg/d,/mon,1,31.3,31.3,New Equipment or Treatment Process Installed,Voluntary Compliance Underway
THE NATION,Limoges Lagoon,"1899 ROUTE 500 W, THE NATION, ON K0A 1M0",THE NATION,Municipal Sewage,Cornwall Area Office,TOTAL AMMONIA NITROGEN,Approval/Permit Non-Compliance,03/01/2023,03/31/2023,5,mg/L,/mon,1,19.23,19.23,New Equipment or Treatment Process Installed,Voluntary Compliance Underway
THE NATION,Limoges Lagoon,"1899 ROUTE 500 W, THE NATION, ON K0A 1M0",THE NATION,Municipal Sewage,Cornwall Area Office,TOTAL AMMONIA NITROGEN,Approval/Permit Non-Compliance,02/01/2023,02/28/2023,5,mg/L,/mon,1,15.38,15.38,New Equipment or Treatment Process Installed,Voluntary Compliance Underway
THE NATION,Limoges Lagoon,"1899 ROUTE 500 W, THE NATION, ON K0A 1M0",THE NATION,Municipal Sewage,Cornwall Area Office,TOTAL AMMONIA NITROGEN,Approval/Permit Non-Compliance,02/01/2023,02/28/2023,17.3,kg/d,/mon,1,21.9,21.9,New Equipment or Treatment Process Installed,Voluntary Compliance Underway
THE NATION,Limoges Lagoon,"1899 ROUTE 500 W, THE NATION, ON K0A 1M0",THE NATION,Municipal Sewage,Cornwall Area Office,TOTAL AMMONIA NITROGEN,Approval/Permit Non-Compliance,01/01/2023,01/31/2023,5,mg/L,/mon,1,11.03,11.03,New Equipment or Treatment Process Installed,Voluntary Compliance Underway
THE NATION,Limoges Lagoon,"1899 ROUTE 500 W, THE NATION, ON K0A 1M0",THE NATION,Municipal Sewage,Cornwall Area Office,TOTAL AMMONIA NITROGEN,Approval/Permit Non-Compliance,01/01/2023,01/31/2023,17.3,kg/d,/mon,1,17.8,17.8,New Equipment or Treatment Process Installed,Voluntary Compliance Underway
THE NATION,Limoges Lagoon,"1899 ROUTE 500 W, THE NATION, ON K0A 1M0",THE NATION,Municipal Sewage,Cornwall Area Office,UNIONIZED AMMONIA,Approval/Permit Non-Compliance,07/01/2023,07/31/2023,3.5,kg/d,/mon,1,8.1,8.1,Equipment Modified - Repaired - Replaced or Re-calibrated,Voluntary Compliance Underway
THE NATION,Limoges Lagoon,"1899 ROUTE 500 W, THE NATION, ON K0A 1M0",THE NATION,Municipal Sewage,Cornwall Area Office,UNIONIZED AMMONIA,Approval/Permit Non-Compliance,07/01/2023,07/31/2023,1,mg/L,/mon,1,6.47,6.47,Equipment Modified - Repaired - Replaced or Re-calibrated,Voluntary Compliance Underway
THE NATION,Limoges Lagoon,"1899 ROUTE 500 W, THE NATION, ON K0A 1M0",THE NATION,Municipal Sewage,Cornwall Area Office,UNIONIZED AMMONIA,Approval/Permit Non-Compliance,06/01/2023,06/30/2023,3.5,kg/d,mon avg,1,8.7,8.7,Additional Monitoring Underway,Assessment Underway
THE NATION,Limoges Lagoon,"1899 ROUTE 500 W, THE NATION, ON K0A 1M0",THE NATION,Municipal Sewage,Cornwall Area Office,UNIONIZED AMMONIA,Approval/Permit Non-Compliance,06/01/2023,06/30/2023,1,mg/L,mon avg,1,8.39,8.39,Additional Monitoring Underway,Assessment Underway
THE NATION,Limoges Lagoon,"1899 ROUTE 500 W, THE NATION, ON K0A 1M0",THE NATION,Municipal Sewage,Cornwall Area Office,CARBONACEOUS BIOCHEMICAL OXYGEN DEMAND,Approval/Permit Non-Compliance,05/01/2023,05/31/2023,5,mg/L,/mon,1,8.6,8.6,Additional Monitoring Underway,Voluntary Compliance Underway
THE NATION,Limoges Lagoon,"1899 ROUTE 500 W, THE NATION, ON K0A 1M0",THE NATION,Municipal Sewage,Cornwall Area Office,CARBONACEOUS BIOCHEMICAL OXYGEN DEMAND,Approval/Permit Non-Compliance,04/01/2023,04/30/2023,17.3,kg/d,/mon,1,18.1,18.1,Equipment Modified - Repaired - Replaced or Re-calibrated,Voluntary Compliance Underway
THE NATION,Limoges Lagoon,"1899 ROUTE 500 W, THE NATION, ON K0A 1M0",THE NATION,Municipal Sewage,Cornwall Area Office,CARBONACEOUS BIOCHEMICAL OXYGEN DEMAND,Approval/Permit Non-Compliance,04/01/2023,04/30/2023,5,mg/L,/mon,1,7.5,7.5,Equipment Modified - Repaired - Replaced or Re-calibrated,Voluntary Compliance Underway
THE NATION,Limoges Lagoon,"1899 ROUTE 500 W, THE NATION, ON K0A 1M0",THE NATION,Municipal Sewage,Cornwall Area Office,PHOSPHORUS; TOTAL,Approval/Permit Non-Compliance,08/01/2023,08/31/2023,0.3,mg/L,/mon,1,0.44,0.44,Equipment Modified - Repaired - Replaced or Re-calibrated,Voluntary Compliance Underway
THE NATION,Limoges Lagoon,"1899 ROUTE 500 W, THE NATION, ON K0A 1M0",THE NATION,Municipal Sewage,Cornwall Area Office,"SUSPENDED SOLIDS, TOTAL",Approval/Permit Non-Compliance,07/01/2023,07/31/2023,5,mg/L,/mon,1,9.75,9.75,Equipment Modified - Repaired - Replaced or Re-calibrated,Voluntary Compliance Underway
THE NATION,Limoges Lagoon,"1899 ROUTE 500 W, THE NATION, ON K0A 1M0",THE NATION,Municipal Sewage,Cornwall Area Office,"SUSPENDED SOLIDS, TOTAL",Approval/Permit Non-Compliance,05/01/2023,05/31/2023,17.3,kg/d,/mon,1,22.9,22.9,Additional Monitoring Underway,Voluntary Compliance Underway
THE NATION,Limoges Lagoon,"1899 ROUTE 500 W, THE NATION, ON K0A 1M0",THE NATION,Municipal Sewage,Cornwall Area Office,"SUSPENDED SOLIDS, TOTAL",Approval/Permit Non-Compliance,05/01/2023,05/31/2023,5,mg/L,/mon,1,14.8,14.8,Additional Monitoring Underway,Voluntary Compliance Underway
THE NATION,Limoges Lagoon,"1899 ROUTE 500 W, THE NATION, ON K0A 1M0",THE NATION,Municipal Sewage,Cornwall Area Office,"SUSPENDED SOLIDS, TOTAL",Approval/Permit Non-Compliance,04/01/2023,04/30/2023,5,mg/L,/mon,1,11.75,11.75,Equipment Modified - Repaired - Replaced or Re-calibrated,Voluntary Compliance Underway
THE NATION,Limoges Lagoon,"1899 ROUTE 500 W, THE NATION, ON K0A 1M0",THE NATION,Municipal Sewage,Cornwall Area Office,"SUSPENDED SOLIDS, TOTAL",Approval/Permit Non-Compliance,04/01/2023,04/30/2023,17.3,kg/d,/mon,1,28.3,28.3,Equipment Modified - Repaired - Replaced or Re-calibrated,Voluntary Compliance Underway
THE NATION,Limoges Lagoon,"1899 ROUTE 500 W, THE NATION, ON K0A 1M0",THE NATION,Municipal Sewage,Cornwall Area Office,TOTAL AMMONIA NITROGEN,Approval/Permit Non-Compliance,09/01/2023,09/30/2023,3.5,kg/d,/mon,1,7.1,7.1,Equipment Modified - Repaired - Replaced or Re-calibrated,Voluntary Compliance Underway
THE NATION,Limoges Lagoon,"1899 ROUTE 500 W, THE NATION, ON K0A 1M0",THE NATION,Municipal Sewage,Cornwall Area Office,TOTAL AMMONIA NITROGEN,Approval/Permit Non-Compliance,09/01/2023,09/30/2023,1,mg/L,/mon,1,7.21,7.21,Equipment Modified - Repaired - Replaced or Re-calibrated,Voluntary Compliance Underway
THE NATION,Limoges Lagoon,"1899 ROUTE 500 W, THE NATION, ON K0A 1M0",THE NATION,Municipal Sewage,Cornwall Area Office,TOTAL AMMONIA NITROGEN,Approval/Permit Non-Compliance,08/01/2023,08/31/2023,1,mg/L,/mon,1,3.95,3.95,Equipment Modified - Repaired - Replaced or Re-calibrated,Voluntary Compliance Underway
THE NATION,Limoges Lagoon,"1899 ROUTE 500 W, THE NATION, ON K0A 1M0",THE NATION,Municipal Sewage,Cornwall Area Office,TOTAL AMMONIA NITROGEN,Approval/Permit Non-Compliance,08/01/2023,08/31/2023,3.5,kg/d,/mon,1,5.3,5.3,Equipment Modified - Repaired - Replaced or Re-calibrated,Voluntary Compliance Underway
THE NATION,Limoges Lagoon,"1899 ROUTE 500 W, THE NATION, ON K0A 1M0",THE NATION,Municipal Sewage,Cornwall Area Office,TOTAL AMMONIA NITROGEN,Approval/Permit Non-Compliance,05/01/2023,05/31/2023,1,mg/L,/mon,1,5.7,5.7,Additional Monitoring Underway,Voluntary Compliance Underway
THE NATION,Limoges Lagoon,"1899 ROUTE 500 W, THE NATION, ON K0A 1M0",THE NATION,Municipal Sewage,Cornwall Area Office,TOTAL AMMONIA NITROGEN,Approval/Permit Non-Compliance,05/01/2023,05/31/2023,3.5,kg/d,/mon,1,8.8,8.8,Additional Monitoring Underway,Voluntary Compliance Underway
THE NATION,Limoges Lagoon,"1899 ROUTE 500 W, THE NATION, ON K0A 1M0",THE NATION,Municipal Sewage,Cornwall Area Office,TOTAL AMMONIA NITROGEN,Approval/Permit Non-Compliance,04/01/2023,04/30/2023,17.2,kg/d,/mon,1,30.8,30.8,Equipment Modified - Repaired - Replaced or Re-calibrated,Voluntary Compliance Underway
THE NATION,Limoges Lagoon,"1899 ROUTE 500 W, THE NATION, ON K0A 1M0",THE NATION,Municipal Sewage,Cornwall Area Office,TOTAL AMMONIA NITROGEN,Approval/Permit Non-Compliance,04/01/2023,04/30/2023,5,mg/L,/mon,1,19.23,19.23,Equipment Modified - Repaired - Replaced or Re-calibrated,Voluntary Compliance Underway
THE NATION,Limoges Lagoon,"1899 ROUTE 500 W, THE NATION, ON K0A 1M0",THE NATION,Municipal Sewage,Cornwall Area Office,"SUSPENDED SOLIDS, TOTAL",Approval/Permit Non-Compliance,06/01/2023,06/30/2023,5,mg/L,mon avg,1,12.5,12.5,Additional Monitoring Underway,Assessment Underway
KAWARTHA LAKES,Lindsay Water Pollution Control Plant,"48 LAGOON RD, LINDSAY, KAWARTHA LAKES, ON K9V 4R3",KAWARTHA LAKES,Municipal Sewage,Peterborough District Office,"SUSPENDED SOLIDS, TOTAL",Approval/Permit Non-Compliance,07/01/2023,07/31/2023,11,mg/L,/mon,1,14.25,14.25,Resolved w/o Actions Required,Addressed w/o Intervention
KAWARTHA LAKES,Lindsay Water Pollution Control Plant,"48 LAGOON RD, LINDSAY, KAWARTHA LAKES, ON K9V 4R3",KAWARTHA LAKES,Municipal Sewage,Peterborough District Office,"SUSPENDED SOLIDS, TOTAL",Approval/Permit Non-Compliance,09/01/2023,09/30/2023,11,mg/L,/mon,1,13,13,Resolved w/o Actions Required,Addressed w/o Intervention
KAWARTHA LAKES,Lindsay Water Pollution Control Plant,"48 LAGOON RD, LINDSAY, KAWARTHA LAKES, ON K9V 4R3",KAWARTHA LAKES,Municipal Sewage,Peterborough District Office,"SUSPENDED SOLIDS, TOTAL",Approval/Permit Non-Compliance,06/01/2023,06/30/2023,11,mg/L,/mon,1,13.25,13.25,Resolved w/o Actions Required,Addressed w/o Intervention
KAWARTHA LAKES,Lindsay Water Pollution Control Plant,"48 LAGOON RD, LINDSAY, KAWARTHA LAKES, ON K9V 4R3",KAWARTHA LAKES,Municipal Sewage,Peterborough District Office,"SUSPENDED SOLIDS, TOTAL",Approval/Permit Non-Compliance,04/01/2023,04/30/2023,11,mg/L,/mon,1,13,13,Resolved w/o Actions Required,Addressed w/o Intervention
KAWARTHA LAKES,Lindsay Water Pollution Control Plant,"48 LAGOON RD, LINDSAY, KAWARTHA LAKES, ON K9V 4R3",KAWARTHA LAKES,Municipal Sewage,Peterborough District Office,"SUSPENDED SOLIDS, TOTAL",Approval/Permit Non-Compliance,04/01/2023,04/30/2023,238,kg/d,/mon,1,271.7,271.7,Resolved w/o Actions Required,Addressed w/o Intervention
NORTHEASTERN MANITOULIN AND THE ISLANDS,Little Current Lagoon,"LOT:24, CONCESSION:11, GEOTOWNSHIP:HOWLAND, N.E. MANITOULIN & THE ISLANDS, ON ",N.E. MANITOULIN & THE ISLANDS,Municipal Sewage,Sudbury District Office,PHOSPHORUS; TOTAL,Approval/Permit Non-Compliance,01/01/2023,12/31/2023,1,mg/L,annual avg,1,1.73,1.73,None Required,Addressed w/o Intervention
WINDSOR,Little River Water Pollution Control Plant,"9400 LITTLE RIVER RD, WINDSOR, ON N8S 4J8",WINDSOR,Municipal Sewage,Windsor Area Office,PHOSPHORUS; TOTAL,Approval/Permit Non-Compliance,06/08/2023,06/08/2023,1.5,mg/L,any,2,1.52,2.14,Operational Process Modified,Addressed w/o Intervention
WINDSOR,Little River Water Pollution Control Plant,"9400 LITTLE RIVER RD, WINDSOR, ON N8S 4J8",WINDSOR,Municipal Sewage,Windsor Area Office,PHOSPHORUS; TOTAL,Approval/Permit Non-Compliance,06/09/2023,06/09/2023,1.5,mg/L,any,2,1.51,1.57,Operational Process Modified,Addressed w/o Intervention
WINDSOR,Little River Water Pollution Control Plant,"9400 LITTLE RIVER RD, WINDSOR, ON N8S 4J8",WINDSOR,Municipal Sewage,Windsor Area Office,PHOSPHORUS; TOTAL,Approval/Permit Non-Compliance,06/10/2023,06/10/2023,1.5,mg/L,any,1,1.68,1.68,Operational Process Modified,Addressed w/o Intervention
WINDSOR,Little River Water Pollution Control Plant,"9400 LITTLE RIVER RD, WINDSOR, ON N8S 4J8",WINDSOR,Municipal Sewage,Windsor Area Office,PHOSPHORUS; TOTAL,Approval/Permit Non-Compliance,06/12/2023,06/12/2023,1.5,mg/L,any,1,1.56,1.56,Operational Process Modified,Addressed w/o Intervention
WINDSOR,Little River Water Pollution Control Plant,"9400 LITTLE RIVER RD, WINDSOR, ON N8S 4J8",WINDSOR,Municipal Sewage,Windsor Area Office,PHOSPHORUS; TOTAL,Approval/Permit Non-Compliance,06/07/2023,06/07/2023,1.5,mg/L,/day,2,1.6,1.66,Operational Process Modified,Addressed w/o Intervention
WINDSOR,Little River Water Pollution Control Plant,"9400 LITTLE RIVER RD, WINDSOR, ON N8S 4J8",WINDSOR,Municipal Sewage,Windsor Area Office,ESCHERICHIA COLI,Approval/Permit Non-Compliance,05/23/2023,05/23/2023,1000,CT/100mL,/day,1,2000,2000,Resolved w/o Actions Required,Event Resolved
BALLANTRAE GATES,LK Aurora,"15301 HWY 48, WHITCHURCH-STOUFFVILLE, ON L4A 7X4",WHITCHURCH-STOUFFVILLE,Miscellaneous Communal,York Durham District Office,CARBONACEOUS BIOCHEMICAL OXYGEN DEMAND,Approval/Permit Non-Compliance,01/01/2023,01/31/2023,10,mg/L,mon avg,1,25.85,25.85,Equipment Modified - Repaired - Replaced or Re-calibrated,Assessment Underway
BALLANTRAE GATES,LK Aurora,"15301 HWY 48, WHITCHURCH-STOUFFVILLE, ON L4A 7X4",WHITCHURCH-STOUFFVILLE,Miscellaneous Communal,York Durham District Office,"SUSPENDED SOLIDS, TOTAL",Approval/Permit Non-Compliance,01/01/2023,01/31/2023,10,mg/L,mon avg,1,11.6,11.6,Equipment Modified - Repaired - Replaced or Re-calibrated,Assessment Underway
BALLANTRAE GATES,LK Aurora,"15301 HWY 48, WHITCHURCH-STOUFFVILLE, ON L4A 7X4",WHITCHURCH-STOUFFVILLE,Miscellaneous Communal,York Durham District Office,UNIONIZED AMMONIA,Approval/Permit Non-Compliance,03/01/2023,03/31/2023,2.5,mg/L,mon avg,1,3.3,3.3,Conducting Study,Voluntary Compliance Underway
BALLANTRAE GATES,LK Aurora,"15301 HWY 48, WHITCHURCH-STOUFFVILLE, ON L4A 7X4",WHITCHURCH-STOUFFVILLE,Miscellaneous Communal,York Durham District Office,"SUSPENDED SOLIDS, TOTAL",Approval/Permit Non-Compliance,03/01/2023,03/31/2023,10,mg/L,mon avg,1,10.7,10.7,Conducting Study,Voluntary Compliance Underway
BALLANTRAE GATES,LK Aurora,"15301 HWY 48, WHITCHURCH-STOUFFVILLE, ON L4A 7X4",WHITCHURCH-STOUFFVILLE,Miscellaneous Communal,York Durham District Office,CARBONACEOUS BIOCHEMICAL OXYGEN DEMAND,Approval/Permit Non-Compliance,03/01/2023,03/31/2023,10,mg/L,mon avg,1,25.4,25.4,Conducting Study,Voluntary Compliance Underway
BALLANTRAE GATES,LK Aurora,"15301 HWY 48, WHITCHURCH-STOUFFVILLE, ON L4A 7X4",WHITCHURCH-STOUFFVILLE,Miscellaneous Communal,York Durham District Office,CARBONACEOUS BIOCHEMICAL OXYGEN DEMAND,Approval/Permit Non-Compliance,04/01/2023,04/30/2023,10,mg/L,mon avg,1,40.5,40.5,Conducting Study,Voluntary Compliance Underway
BALLANTRAE GATES,LK Aurora,"15301 HWY 48, WHITCHURCH-STOUFFVILLE, ON L4A 7X4",WHITCHURCH-STOUFFVILLE,Miscellaneous Communal,York Durham District Office,"SUSPENDED SOLIDS, TOTAL",Approval/Permit Non-Compliance,04/01/2023,04/30/2023,10,mg/L,mon avg,1,14.2,14.2,Conducting Study,Voluntary Compliance Underway
BALLANTRAE GATES,LK Aurora,"15301 HWY 48, WHITCHURCH-STOUFFVILLE, ON L4A 7X4",WHITCHURCH-STOUFFVILLE,Miscellaneous Communal,York Durham District Office,"SUSPENDED SOLIDS, TOTAL",Approval/Permit Non-Compliance,05/01/2023,05/31/2023,10,mg/L,mon avg,1,11.55,11.55,Conducting Study,Voluntary Compliance Underway
BALLANTRAE GATES,LK Aurora,"15301 HWY 48, WHITCHURCH-STOUFFVILLE, ON L4A 7X4",WHITCHURCH-STOUFFVILLE,Miscellaneous Communal,York Durham District Office,CARBONACEOUS BIOCHEMICAL OXYGEN DEMAND,Approval/Permit Non-Compliance,05/01/2023,05/31/2023,10,mg/L,mon avg,1,28.05,28.05,Conducting Study,Voluntary Compliance Underway
BALLANTRAE GATES,LK Aurora,"15301 HWY 48, WHITCHURCH-STOUFFVILLE, ON L4A 7X4",WHITCHURCH-STOUFFVILLE,Miscellaneous Communal,York Durham District Office,CARBONACEOUS BIOCHEMICAL OXYGEN DEMAND,Approval/Permit Non-Compliance,06/01/2023,06/30/2023,10,mg/L,mon avg,1,12.7,12.7,Conducting Study,Voluntary Compliance Underway
BALLANTRAE GATES,LK Aurora,"15301 HWY 48, WHITCHURCH-STOUFFVILLE, ON L4A 7X4",WHITCHURCH-STOUFFVILLE,Miscellaneous Communal,York Durham District Office,CARBONACEOUS BIOCHEMICAL OXYGEN DEMAND,Approval/Permit Non-Compliance,07/01/2023,07/31/2023,10,mg/L,mon avg,1,18.35,18.35,Conducting Study,Voluntary Compliance Underway
BALLANTRAE GATES,LK Aurora,"15301 HWY 48, WHITCHURCH-STOUFFVILLE, ON L4A 7X4",WHITCHURCH-STOUFFVILLE,Miscellaneous Communal,York Durham District Office,CARBONACEOUS BIOCHEMICAL OXYGEN DEMAND,Approval/Permit Non-Compliance,08/01/2023,08/31/2023,10,mg/L,mon avg,1,22.1,22.1,Conducting Study,Voluntary Compliance Underway
BALLANTRAE GATES,LK Aurora,"15301 HWY 48, WHITCHURCH-STOUFFVILLE, ON L4A 7X4",WHITCHURCH-STOUFFVILLE,Miscellaneous Communal,York Durham District Office,CARBONACEOUS BIOCHEMICAL OXYGEN DEMAND,Approval/Permit Non-Compliance,09/01/2023,09/30/2023,10,mg/L,mon avg,1,22.25,22.25,Conducting Study,Voluntary Compliance Underway
BALLANTRAE GATES,LK Aurora,"15301 HWY 48, WHITCHURCH-STOUFFVILLE, ON L4A 7X4",WHITCHURCH-STOUFFVILLE,Miscellaneous Communal,York Durham District Office,CARBONACEOUS BIOCHEMICAL OXYGEN DEMAND,Approval/Permit Non-Compliance,10/01/2023,10/31/2023,10,mg/L,mon avg,1,27.45,27.45,Conducting Study,Voluntary Compliance Underway
BALLANTRAE GATES,LK Aurora,"15301 HWY 48, WHITCHURCH-STOUFFVILLE, ON L4A 7X4",WHITCHURCH-STOUFFVILLE,Miscellaneous Communal,York Durham District Office,CARBONACEOUS BIOCHEMICAL OXYGEN DEMAND,Approval/Permit Non-Compliance,11/01/2023,11/30/2023,10,mg/L,mon avg,1,11.4,11.4,Conducting Study,Voluntary Compliance Underway
WINDSOR,Lou Romano Water Reclamation Plant,"4155 OJIBWAY PKWY, WINDSOR, ON N9C 4A5",WINDSOR,Municipal Sewage,Windsor Area Office,ESCHERICHIA COLI,Approval/Permit Non-Compliance,03/01/2023,03/31/2023,200,CT/100mL,mon avg on a geo. mean density,1,203,203,Operational Process Modified,Assessment Underway
TORONTO,Main (Toronto-Ashbridges Bay) Water Pollution Control Plant,"9 LESLIE ST, TORONTO, ON M4M 3M9",TORONTO,Municipal Sewage,Toronto District Office,PHOSPHORUS; TOTAL,Approval/Permit Non-Compliance,04/01/2023,05/31/2023,1,mg/L,mon avg,1,1.15,1.15,Operational Process Modified,Addressed w/o Intervention
MARATHON,Marathon Water Pollution Control Plant,"41 HOWE ST, MARATHON, ON P0T 2E0",MARATHON,Municipal Sewage,Thunder Bay District Office,"SUSPENDED SOLIDS, TOTAL",Approval/Permit Non-Compliance,01/01/2023,12/31/2023,15, mg/L,daily avg,6,22.2,"2,450",Equipment Modified - Repaired - Replaced or Re-calibrated,Event Resolved
MARATHON,Marathon Water Pollution Control Plant,"41 HOWE ST, MARATHON, ON P0T 2E0",MARATHON,Municipal Sewage,Thunder Bay District Office,PHOSPHORUS; TOTAL,Approval/Permit Non-Compliance,01/01/2023,12/31/2023,1, mg/L,daily avg,9,1.07,48.7,Equipment Modified - Repaired - Replaced or Re-calibrated,Event Resolved
MARATHON,Marathon Water Pollution Control Plant,"41 HOWE ST, MARATHON, ON P0T 2E0",MARATHON,Municipal Sewage,Thunder Bay District Office,CARBONACEOUS BIOCHEMICAL OXYGEN DEMAND,Approval/Permit Non-Compliance,01/01/2023,12/31/2023,15, mg/L,daily avg,4,17,408,Equipment Modified - Repaired - Replaced or Re-calibrated,Event Resolved
NORTH GLENGARRY,Maxville Sewage Lagoons,"18108 ATHOL RD, MAXVILLE, NORTH GLENGARRY, ON K0C 1T0",NORTH GLENGARRY,Municipal Sewage,Cornwall Area Office,"SUSPENDED SOLIDS, TOTAL",Approval/Permit Non-Compliance,04/10/2023,05/08/2023,"4,932",kilogram (kg),/annum,1,7236.85,7236.85,Other,Addressed w/o Intervention
ONTARIO INFRASTRUCTURE AND LANDS CORPORATION,McFarlane Lake Wasterwater Treatment Plant,"3767 HWY 69 S, GREATER SUDBURY, ON P3G 1E3",GREATER SUDBURY,Miscellaneous Communal,Sudbury District Office,ESCHERICHIA COLI,Approval/Permit Non-Compliance,09/01/2023,09/30/2023,200,CT/100mL,mon avg on a geo. mean density,1,1160,1160,New Equipment or Treatment Process Installed,Addressed w/o Intervention
MEAFORD,Meaford Water Pollution Control Plant,"35 GRANT ST, MEAFORD, ON ",Meaford,Municipal Sewage,Owen Sound District Office,PHOSPHORUS; TOTAL,Approval/Permit Non-Compliance,09/01/2023,09/30/2023,4,mg/L,mon avg,1,4.35,4.35,Resolved w/o Actions Required,Event Resolved
CAVAN MONAGHAN,Millbrook Water Pollution Control Plant,"25 CENTENNIAL LINE, MILLBROOK, CAVAN MONAGHAN, ON L0A 1G0",MILLBROOK,Municipal Sewage,Peterborough District Office,CARBONACEOUS BIOCHEMICAL OXYGEN DEMAND,Approval/Permit Non-Compliance,08/01/2023,08/31/2023,7,mg/L,mon avg,1,7.42,7.42,Operational Process Modified,Voluntary Compliance Underway
PERTH EAST,Milverton Lagoon,"MILL ST W, LOT 5, CONCESSION III, PERTH EAST, ON N0K 1M0",PERTH EAST,Municipal Sewage,London District Office,"SUSPENDED SOLIDS, TOTAL",Approval/Permit Non-Compliance,01/01/2023,01/31/2023,15,mg/L,mon avg,1,15.1,15.1,Other,Other Action Taken
PERTH EAST,Milverton Lagoon,"MILL ST W, LOT 5, CONCESSION III, PERTH EAST, ON N0K 1M0",PERTH EAST,Municipal Sewage,London District Office,UNIONIZED AMMONIA,Approval/Permit Non-Compliance,03/01/2023,03/31/2023,0.2,mg/L,mon avg,1,0.3,0.3,Other,Other Action Taken
PERTH EAST,Milverton Lagoon,"MILL ST W, LOT 5, CONCESSION III, PERTH EAST, ON N0K 1M0",PERTH EAST,Municipal Sewage,London District Office,"SUSPENDED SOLIDS, TOTAL",Approval/Permit Non-Compliance,03/01/2023,03/31/2023,15,mg/L,mon avg,1,15.9,15.9,Other,Other Action Taken
MINDEN HILLS,Minden Water Pollution Control Plant,"73 ORDE ST, MINDEN HILLS, ON K0M 2K0",MINDEN HILLS,Municipal Sewage,Peterborough District Office,"SUSPENDED SOLIDS, TOTAL",Legislation Non-Compliance,04/01/2023,04/30/2023,14.18,kg/d,mon avg,1,14.79,14.79,Operational Process Modified,Event Resolved
MINDEN HILLS,Minden Water Pollution Control Plant,"73 ORDE ST, MINDEN HILLS, ON K0M 2K0",MINDEN HILLS,Municipal Sewage,Peterborough District Office,TOTAL RESIDUAL CHLORINE,Legislation Non-Compliance,03/17/2023,03/17/2023,0.02,mg/L,any,1,0.05,0.05,Operational Process Modified,Event Resolved
WELLINGTON COMMON ELEMENTS CONDOMINIUM CORPORATION NO. 260,MINI LAKES MOBILE HOME COMMUNITY,"7541 WELLINGTON COUNTY RD 34, PUSLINCH, ON N1H 6H9",PUSLINCH,Miscellaneous Communal,Guelph District Office,PHOSPHORUS; TOTAL,Approval/Permit Non-Compliance,01/01/2023,12/31/2023,1,mg/L,annual avg,1,1.94,1.94,Conducting Study,Additional Requirements Added in Certificate of Approval/Permit
WELLINGTON COMMON ELEMENTS CONDOMINIUM CORPORATION NO. 260,MINI LAKES MOBILE HOME COMMUNITY,"7541 WELLINGTON COUNTY RD 34, PUSLINCH, ON N1H 6H9",PUSLINCH,Miscellaneous Communal,Guelph District Office,"SUSPENDED SOLIDS, TOTAL",Approval/Permit Non-Compliance,01/01/2023,12/31/2023,20,mg/L,annual avg,1,30.83,30.83,Conducting Study,Additional Requirements Added in Certificate of Approval/Permit
WEST PERTH,Mitchell (West Perth) Water Pollution Control Plant,"5949 FRANK ST, WEST PERTH, ON N0K 1N0",West Perth,Municipal Sewage,London District Office,UNIONIZED AMMONIA,Approval/Permit Non-Compliance,01/09/2023,01/09/2023,0.1,mg/L,/day,1,1.1503,1.1503,Other,Event Resolved
MONTHILL GOLF & COUNTRY CLUB,Monthill Golf & Country Club,"4925 HIGHWAY 6, HALDIMAND COUNTY, ON N3W 2A8",HALDIMAND COUNTY,Miscellaneous Communal,Hamilton District Office,PHOSPHORUS; TOTAL,Approval/Permit Non-Compliance,02/01/2023,02/28/2023,0.1,mg/L,/30 days,1,2.04,2.04,Additional Monitoring Underway,Assessment Complete - Incident Resolved
YORK REGION,Mount Albert Water Resource Recovery Facility,"5866 DOANE RD, EAST GWILLIMBURY, ON L0G 1M0",EAST GWILLIMBURY,Municipal Sewage,York Durham District Office,"SUSPENDED SOLIDS, TOTAL",Approval/Permit Non-Compliance,04/01/2023,04/30/2023,10,mg/L,/mon,1,10.9,10.9,Equipment Modified - Repaired - Replaced or Re-calibrated,Event Resolved
STRATHROY-CARADOC,Mount Brydges,"22416 MILL RD, STRATHROY-CARADOC, ON N0L 1W0",STRATHROY-CARADOC,Municipal Sewage,London District Office,TOTAL AMMONIA NITROGEN,Approval/Permit Non-Compliance,11/01/2023,11/30/2023,3,mg/L,mon avg,1,9.75,9.75,Other,Other Action Taken
STRATHROY-CARADOC,Mount Brydges,"22416 MILL RD, STRATHROY-CARADOC, ON N0L 1W0",STRATHROY-CARADOC,Municipal Sewage,London District Office,"SUSPENDED SOLIDS, TOTAL",Approval/Permit Non-Compliance,11/01/2023,11/30/2023,10,mg/L,mon avg,1,12.5,12.5,Other,Other Action Taken
STRATHROY-CARADOC,Mount Brydges,"22416 MILL RD, STRATHROY-CARADOC, ON N0L 1W0",STRATHROY-CARADOC,Municipal Sewage,London District Office,"SUSPENDED SOLIDS, TOTAL",Approval/Permit Non-Compliance,09/01/2023,09/30/2023,10,mg/L,mon avg,1,12.75,12.75,Additional Monitoring Underway,Event Resolved
STRATHROY-CARADOC,Mount Brydges,"22416 MILL RD, STRATHROY-CARADOC, ON N0L 1W0",STRATHROY-CARADOC,Municipal Sewage,London District Office,TOTAL AMMONIA NITROGEN,Approval/Permit Non-Compliance,09/01/2023,09/30/2023,3,mg/L,mon avg,1,5.15,5.15,Additional Monitoring Underway,Event Resolved
STRATHROY-CARADOC,Mount Brydges,"22416 MILL RD, STRATHROY-CARADOC, ON N0L 1W0",STRATHROY-CARADOC,Municipal Sewage,London District Office,TOTAL AMMONIA NITROGEN,Legislation Non-Compliance,07/01/2023,07/31/2023,3,mg/L,/mon,1,3.52,3.52,Action Plan Submitted,Voluntary Compliance Underway
STRATHROY-CARADOC,Mount Brydges,"22416 MILL RD, STRATHROY-CARADOC, ON N0L 1W0",STRATHROY-CARADOC,Municipal Sewage,London District Office,"SUSPENDED SOLIDS, TOTAL",Approval/Permit Non-Compliance,08/01/2023,08/31/2023,15,mg/L,mon avg,1,17.75,17.75,Equipment Modified - Repaired - Replaced or Re-calibrated,Voluntary Compliance Underway
STRATHROY-CARADOC,Mount Brydges,"22416 MILL RD, STRATHROY-CARADOC, ON N0L 1W0",STRATHROY-CARADOC,Municipal Sewage,London District Office,PHOSPHORUS; TOTAL,Approval/Permit Non-Compliance,08/01/2023,08/31/2023,0.5,mg/L,mon avg,1,0.52,0.52,Equipment Modified - Repaired - Replaced or Re-calibrated,Voluntary Compliance Underway
STRATHROY-CARADOC,Mount Brydges,"22416 MILL RD, STRATHROY-CARADOC, ON N0L 1W0",STRATHROY-CARADOC,Municipal Sewage,London District Office,TOTAL AMMONIA NITROGEN,Approval/Permit Non-Compliance,03/01/2023,03/31/2023,5,mg/L,mon avg,1,7,7,Operational Process Modified,Voluntary Compliance Underway
STRATHROY-CARADOC,Mount Brydges,"22416 MILL RD, STRATHROY-CARADOC, ON N0L 1W0",STRATHROY-CARADOC,Municipal Sewage,London District Office,TOTAL AMMONIA NITROGEN,Approval/Permit Non-Compliance,04/01/2023,04/30/2023,3,mg/L,mon avg,1,6.3,6.3,Operational Process Modified,Voluntary Compliance Underway
STRATHROY-CARADOC,Mount Brydges,"22416 MILL RD, STRATHROY-CARADOC, ON N0L 1W0",STRATHROY-CARADOC,Municipal Sewage,London District Office,"SUSPENDED SOLIDS, TOTAL",Approval/Permit Non-Compliance,04/01/2023,04/30/2023,10,mg/L,mon avg,1,11.25,11.25,Operational Process Modified,Voluntary Compliance Underway
STRATHROY-CARADOC,Mount Brydges,"22416 MILL RD, STRATHROY-CARADOC, ON N0L 1W0",STRATHROY-CARADOC,Municipal Sewage,London District Office,"SUSPENDED SOLIDS, TOTAL",Approval/Permit Non-Compliance,05/01/2023,05/31/2023,10,mg/L,mon avg,1,10.8,10.8,Conducting Study,Voluntary Compliance Underway
STRATHROY-CARADOC,Mount Brydges,"22416 MILL RD, STRATHROY-CARADOC, ON N0L 1W0",STRATHROY-CARADOC,Municipal Sewage,London District Office,TOTAL AMMONIA NITROGEN,Approval/Permit Non-Compliance,05/01/2023,05/31/2023,3,mg/L,mon avg,1,7.92,7.92,Conducting Study,Voluntary Compliance Underway
STRATHROY-CARADOC,Mount Brydges,"22416 MILL RD, STRATHROY-CARADOC, ON N0L 1W0",STRATHROY-CARADOC,Municipal Sewage,London District Office,TOTAL AMMONIA NITROGEN,Approval/Permit Non-Compliance,06/01/2023,06/30/2023,3,mg/L,mon avg,1,8.8,8.8,New/Amended Approval,Voluntary Compliance Underway
STRATHROY-CARADOC,Mount Brydges,"22416 MILL RD, STRATHROY-CARADOC, ON N0L 1W0",STRATHROY-CARADOC,Municipal Sewage,London District Office,TOTAL AMMONIA NITROGEN,Approval/Permit Non-Compliance,01/01/2023,01/31/2023,5,mg/L,mon avg,1,14.2,14.2,New/Amended Approval,Voluntary Compliance Underway
STRATHROY-CARADOC,Mount Brydges,"22416 MILL RD, STRATHROY-CARADOC, ON N0L 1W0",STRATHROY-CARADOC,Municipal Sewage,London District Office,TOTAL AMMONIA NITROGEN,Approval/Permit Non-Compliance,02/01/2023,02/28/2023,5,mg/L,mon avg,1,6.9,6.9,New/Amended Approval,Voluntary Compliance Underway
STRATHROY-CARADOC,Mount Brydges,"22416 MILL RD, STRATHROY-CARADOC, ON N0L 1W0",STRATHROY-CARADOC,Municipal Sewage,London District Office,TOTAL AMMONIA NITROGEN,Approval/Permit Non-Compliance,10/01/2023,10/31/2023,3,mg/L,mon avg,1,7.22,7.22,Other,Other Action Taken
STRATHROY-CARADOC,Mount Brydges,"22416 MILL RD, STRATHROY-CARADOC, ON N0L 1W0",STRATHROY-CARADOC,Municipal Sewage,London District Office,"SUSPENDED SOLIDS, TOTAL",Approval/Permit Non-Compliance,10/01/2023,10/31/2023,10,mg/L,mon avg,1,11.2,11.2,Other,Other Action Taken
WELLINGTON NORTH,Mount Forest Water Pollution Control Plant,"651 CORK ST, WELLINGTON NORTH, ON N0G 2E0",WELLINGTON NORTH,Municipal Sewage,Guelph District Office,TOTAL AMMONIA NITROGEN,Approval/Permit Non-Compliance,11/01/2023,11/30/2023,2.5,mg/L,mon avg,1,6.83,6.83,Action Plan Submitted - Implementing Improvements,Assessment Complete - No Action Required
WELLINGTON NORTH,Mount Forest Water Pollution Control Plant,"651 CORK ST, WELLINGTON NORTH, ON N0G 2E0",WELLINGTON NORTH,Municipal Sewage,Guelph District Office,TOTAL AMMONIA NITROGEN,Approval/Permit Non-Compliance,11/01/2023,11/30/2023,7,kg/d,mon avg,1,8.13,8.13,Action Plan Submitted - Implementing Improvements,Assessment Complete - No Action Required
GREENSTONE,Nakina Water Pollution Control Plant,"413 RIVER DR, NAKINA, GREENSTONE, ON P0T 2H0",GREENSTONE,Municipal Sewage,Thunder Bay District Office,ESCHERICHIA COLI,Approval/Permit Non-Compliance,01/01/2023,12/31/2023,200,CT/100mL,annual avg,1,423,423,Operational Process Modified,Voluntary Compliance Underway
CLUBLINK GOLF CLUB,National Pines Golf Club,"8165 10TH SIDEROAD, INNISFIL, ON L9S 3R2",INNISFIL,Miscellaneous Communal,Barrie District Office,TOTAL AMMONIA NITROGEN,Approval/Permit Non-Compliance,05/01/2023,05/31/2023,2.5,mg/L,mon avg,1,12.9,12.9,Equipment Modified - Repaired - Replaced or Re-calibrated,Voluntary Compliance Underway
CLUBLINK GOLF CLUB,National Pines Golf Club,"8165 10TH SIDEROAD, INNISFIL, ON L9S 3R2",INNISFIL,Miscellaneous Communal,Barrie District Office,TOTAL AMMONIA NITROGEN,Approval/Permit Non-Compliance,06/01/2023,06/30/2023,2.5,mg/L,mon avg,1,12.21,12.21,Equipment Modified - Repaired - Replaced or Re-calibrated,Voluntary Compliance Underway
CLUBLINK GOLF CLUB,National Pines Golf Club,"8165 10TH SIDEROAD, INNISFIL, ON L9S 3R2",INNISFIL,Miscellaneous Communal,Barrie District Office,PHOSPHORUS; TOTAL,Approval/Permit Non-Compliance,09/01/2023,09/30/2023,2.5,mg/L,mon avg,1,2.62,2.62,Action Plan Submitted,Voluntary Compliance Underway
NIAGARA REGION,Niagara Falls Wastewater Treatment Plant,"3450 STANLEY AVE, NIAGARA FALLS, ON ",NIAGARA FALLS,Municipal Sewage,Niagara District Office,BIOCHEMICAL OXYGEN DEMAND,Approval/Permit Non-Compliance,05/01/2023,05/31/2023,25,mg/L,mon avg,1,38.3,38.3,Action Plan Submitted - Implementing Improvements,Voluntary Compliance Underway
NIAGARA REGION,Niagara Falls Wastewater Treatment Plant,"3450 STANLEY AVE, NIAGARA FALLS, ON ",NIAGARA FALLS,Municipal Sewage,Niagara District Office,BIOCHEMICAL OXYGEN DEMAND,Approval/Permit Non-Compliance,04/01/2023,04/30/2023,25,mg/L,mon avg,1,31.7,31.7,Action Plan Submitted - Implementing Improvements,Assessment Complete - No Action Required
NIAGARA REGION,Niagara Falls Wastewater Treatment Plant,"3450 STANLEY AVE, NIAGARA FALLS, ON ",NIAGARA FALLS,Municipal Sewage,Niagara District Office,"SUSPENDED SOLIDS, TOTAL",Approval/Permit Non-Compliance,05/01/2023,05/31/2023,25,mg/L,mon avg,1,29.9,29.9,Action Plan Submitted - Implementing Improvements,Voluntary Compliance Underway
NIAGARA REGION,Niagara Falls Wastewater Treatment Plant,"3450 STANLEY AVE, NIAGARA FALLS, ON ",NIAGARA FALLS,Municipal Sewage,Niagara District Office,"SUSPENDED SOLIDS, TOTAL",Approval/Permit Non-Compliance,04/01/2023,04/30/2023,25,mg/L,mon avg,1,30.6,30.6,Action Plan Submitted - Implementing Improvements,Assessment Complete - No Action Required
NIAGARA REGION,Niagara Falls Wastewater Treatment Plant,"3450 STANLEY AVE, NIAGARA FALLS, ON ",NIAGARA FALLS,Municipal Sewage,Niagara District Office,ESCHERICHIA COLI,Approval/Permit Non-Compliance,08/01/2023,08/31/2023,200,CT/100mL,mon avg on a geo. mean density,1,225,225,None Required,Assessment Underway
NIAGARA REGION,Niagara Falls Wastewater Treatment Plant,"3450 STANLEY AVE, NIAGARA FALLS, ON ",NIAGARA FALLS,Municipal Sewage,Niagara District Office,"SUSPENDED SOLIDS, TOTAL",Approval/Permit Non-Compliance,09/01/2023,09/30/2023,25,mg/L,mon avg,1,32.6,32.6,Additional Monitoring Underway,Assessment Underway
NIAGARA REGION,Niagara Falls Wastewater Treatment Plant,"3450 STANLEY AVE, NIAGARA FALLS, ON ",NIAGARA FALLS,Municipal Sewage,Niagara District Office,CARBONACEOUS BIOCHEMICAL OXYGEN DEMAND,Approval/Permit Non-Compliance,09/01/2023,09/30/2023,25,mg/L,mon avg,1,29.5,29.5,Additional Monitoring Underway,Assessment Underway
NIAGARA REGION,Niagara Falls Wastewater Treatment Plant,"3450 STANLEY AVE, NIAGARA FALLS, ON ",NIAGARA FALLS,Municipal Sewage,Niagara District Office,CARBONACEOUS BIOCHEMICAL OXYGEN DEMAND,Approval/Permit Non-Compliance,10/01/2023,10/31/2023,25,mg/L,mon avg,1,37.2,37.2,Additional Monitoring Underway,Assessment Underway
NIAGARA REGION,Niagara Falls Wastewater Treatment Plant,"3450 STANLEY AVE, NIAGARA FALLS, ON ",NIAGARA FALLS,Municipal Sewage,Niagara District Office,"SUSPENDED SOLIDS, TOTAL",Approval/Permit Non-Compliance,10/01/2023,10/31/2023,25,mg/L,mon avg,1,36.5,36.5,Additional Monitoring Underway,Assessment Underway
NIAGARA REGION,Niagara Falls Wastewater Treatment Plant,"3450 STANLEY AVE, NIAGARA FALLS, ON ",NIAGARA FALLS,Municipal Sewage,Niagara District Office,CARBONACEOUS BIOCHEMICAL OXYGEN DEMAND,Approval/Permit Non-Compliance,11/01/2023,11/30/2023,25,mg/L,mon avg,1,39,39,Additional Monitoring Underway,Assessment Underway
NIAGARA REGION,Niagara Falls Wastewater Treatment Plant,"3450 STANLEY AVE, NIAGARA FALLS, ON ",NIAGARA FALLS,Municipal Sewage,Niagara District Office,"SUSPENDED SOLIDS, TOTAL",Approval/Permit Non-Compliance,11/01/2023,11/30/2023,25,mg/L,mon avg,1,40.1,40.1,Additional Monitoring Underway,Assessment Underway
NIAGARA REGION,Niagara Falls Wastewater Treatment Plant,"3450 STANLEY AVE, NIAGARA FALLS, ON ",NIAGARA FALLS,Municipal Sewage,Niagara District Office,CARBONACEOUS BIOCHEMICAL OXYGEN DEMAND,Approval/Permit Non-Compliance,12/01/2023,12/31/2023,25,mg/L,mon avg,1,28.3,28.3,Additional Monitoring Underway,Assessment Underway
NIAGARA REGION,Niagara Falls Wastewater Treatment Plant,"3450 STANLEY AVE, NIAGARA FALLS, ON ",NIAGARA FALLS,Municipal Sewage,Niagara District Office,"SUSPENDED SOLIDS, TOTAL",Approval/Permit Non-Compliance,12/01/2023,12/31/2023,25,mg/L,mon avg,1,32.5,32.5,Additional Monitoring Underway,Assessment Underway
NORTH BAY,North Bay Water Pollution Control Plant,"650 MEMORIAL DR, NORTH BAY, ON P1A 1T6",NORTH BAY,Municipal Sewage,North Bay Area Office,TOTAL RESIDUAL CHLORINE,Approval/Permit Non-Compliance,06/12/2023,09/27/2023,0.02, mg/L,any,13,0.03,0.04,Equipment Modified - Repaired - Replaced or Re-calibrated,Addressed w/o Intervention
NORTH BAY,North Bay Water Pollution Control Plant,"650 MEMORIAL DR, NORTH BAY, ON P1A 1T6",NORTH BAY,Municipal Sewage,North Bay Area Office,PH - LOW,Approval/Permit Non-Compliance,09/07/2023,09/07/2023,6,pH,any,1,5.84,5.84,Operational Process Modified,Addressed w/o Intervention
NORTH PERTH,North Perth Wastewater Treatment Plant,"6115 LINE 84, NORTH PERTH, ON N4W 0C8",NORTH PERTH,Municipal Sewage,London District Office,"SUSPENDED SOLIDS, TOTAL",Approval/Permit Non-Compliance,01/01/2023,01/31/2023,15,mg/L,mon avg,1,23.5,23.5,Other,Other Action Taken
NORTH PERTH,North Perth Wastewater Treatment Plant,"6115 LINE 84, NORTH PERTH, ON N4W 0C8",NORTH PERTH,Municipal Sewage,London District Office,"SUSPENDED SOLIDS, TOTAL",Approval/Permit Non-Compliance,01/01/2023,01/31/2023,135.6,kg/d,mon avg,1,243.3,243.3,Other,Other Action Taken
OXFORD COUNTY,Norwich Lagoon,"773126 STOVER ST S, NORWICH, ON N0J 1P0",NORWICH,Municipal Sewage,London District Office,TOTAL AMMONIA NITROGEN,Approval/Permit Non-Compliance,04/01/2023,04/30/2023,11.8,kg/d,/mon,1,18.7,18.7,Resolved w/o Actions Required,Addressed w/o Intervention
OXFORD COUNTY,Norwich Lagoon,"773126 STOVER ST S, NORWICH, ON N0J 1P0",NORWICH,Municipal Sewage,London District Office,TOTAL AMMONIA NITROGEN,Approval/Permit Non-Compliance,04/01/2023,04/30/2023,3,mg/L,/mon,1,5.9,5.9,Resolved w/o Actions Required,Addressed w/o Intervention
OXFORD COUNTY,Norwich Lagoon,"773126 STOVER ST S, NORWICH, ON N0J 1P0",NORWICH,Municipal Sewage,London District Office,TOTAL AMMONIA NITROGEN,Approval/Permit Non-Compliance,04/03/2023,04/20/2023,5,mg/L,/day,9,6.3,8.9,Resolved w/o Actions Required,Addressed w/o Intervention
OXFORD COUNTY,Norwich Lagoon,"773126 STOVER ST S, NORWICH, ON N0J 1P0",NORWICH,Municipal Sewage,London District Office,FLOW,Approval/Permit Non-Compliance,04/01/2023,04/02/2023,5160,L/min,24 hr,2,6288,6288,Resolved w/o Actions Required,Voluntary Compliance Underway
OXFORD COUNTY,Norwich Lagoon,"773126 STOVER ST S, NORWICH, ON N0J 1P0",NORWICH,Municipal Sewage,London District Office,"SUSPENDED SOLIDS, TOTAL",Approval/Permit Non-Compliance,03/01/2023,03/31/2023,23.7,kg/d,mon avg,1,103.4,103.4,Operational Process Modified,Assessment Underway
OXFORD COUNTY,Norwich Lagoon,"773126 STOVER ST S, NORWICH, ON N0J 1P0",NORWICH,Municipal Sewage,London District Office,BIOCHEMICAL OXYGEN DEMAND,Approval/Permit Non-Compliance,03/01/2023,03/31/2023,10,mg/L,mon avg,1,17.5,17.5,Operational Process Modified,Assessment Underway
OXFORD COUNTY,Norwich Lagoon,"773126 STOVER ST S, NORWICH, ON N0J 1P0",NORWICH,Municipal Sewage,London District Office,BIOCHEMICAL OXYGEN DEMAND,Approval/Permit Non-Compliance,03/01/2023,03/31/2023,23.7,kg/d,mon avg,1,57.4,57.4,Operational Process Modified,Assessment Underway
KAWARTHA LAKES,Omemee Lagoon,"267 BEAVER RD, OMEMEE, KAWARTHA LAKES, ON K0L 2W0",KAWARTHA LAKES,Municipal Sewage,Peterborough District Office,CARBONACEOUS BIOCHEMICAL OXYGEN DEMAND,Approval/Permit Non-Compliance,09/30/2023,10/01/2023,30,mg/L,mon avg,1,31.25,31.25,Resolved w/o Actions Required,Addressed w/o Intervention
KAWARTHA LAKES,Omemee Lagoon,"267 BEAVER RD, OMEMEE, KAWARTHA LAKES, ON K0L 2W0",KAWARTHA LAKES,Municipal Sewage,Peterborough District Office,"SUSPENDED SOLIDS, TOTAL",Approval/Permit Non-Compliance,11/01/2023,11/30/2023,40,mg/L,mon avg,1,55.4,55.4,Other,Addressed w/o Intervention
OPINICON INC.,Opinicon Resort,"1697 CHAFFEY'S LOCK RD, RIDEAU LAKES, ON K0G 1E0",RIDEAU LAKES,Miscellaneous Communal,Kingston District Office,CARBONACEOUS BIOCHEMICAL OXYGEN DEMAND,Approval/Permit Non-Compliance,07/18/2023,09/26/2023,20,mg/L,any,3,28,40,Action Plan Submitted,Voluntary Compliance Underway
OPINICON INC.,Opinicon Resort,"1697 CHAFFEY'S LOCK RD, RIDEAU LAKES, ON K0G 1E0",RIDEAU LAKES,Miscellaneous Communal,Kingston District Office,CARBONACEOUS BIOCHEMICAL OXYGEN DEMAND,Approval/Permit Non-Compliance,07/18/2023,07/18/2023,20,mg/L,any,1,38,38,Equipment Modified - Repaired - Replaced or Re-calibrated,Event Resolved
OPINICON INC.,Opinicon Resort,"1697 CHAFFEY'S LOCK RD, RIDEAU LAKES, ON K0G 1E0",RIDEAU LAKES,Miscellaneous Communal,Kingston District Office,"SUSPENDED SOLIDS, TOTAL",Approval/Permit Non-Compliance,06/21/2023,08/15/2023,20,mg/L,any,3,22,60,Equipment Modified - Repaired - Replaced or Re-calibrated,Event Resolved
OPINICON INC.,Opinicon Resort,"1697 CHAFFEY'S LOCK RD, RIDEAU LAKES, ON K0G 1E0",RIDEAU LAKES,Miscellaneous Communal,Kingston District Office,"SUSPENDED SOLIDS, TOTAL",Approval/Permit Non-Compliance,01/31/2023,09/26/2023,20,mg/L,any,3,22,72,Action Plan Submitted,Voluntary Compliance Underway
PEMBROKE,Pembroke Water Pollution Control Plant,"98 RANKIN ST, LAURENTIAN VALLEY, ON K8A 6Y9",LAURENTIAN VALLEY,Municipal Sewage,Ottawa District Office,ESCHERICHIA COLI,Approval/Permit Non-Compliance,03/01/2023,03/31/2023,200,CT/100mL,mon avg on a geo. mean density,1,391.1797,391.1797,Operational Process Modified,Addressed w/o Intervention
PENETANGUISHENE,Penetanguishene (Fox St) Sewage Treatment Plant,"146 FOX ST, PENETANGUISHENE, ON L9M 1E7",PENETANGUISHENE,Municipal Sewage,Barrie District Office,"SUSPENDED SOLIDS, TOTAL",Approval/Permit Non-Compliance,12/01/2023,12/31/2023,15,mg/L,mon avg,1,18,18,Equipment Modified - Repaired - Replaced or Re-calibrated,Event Resolved
PERTH,Perth Sewage Treatment Lagoons,"390 WILD LIFE RD, DRUMMOND-NORTH ELMSLEY, ON K7H 3C7",DRUMMOND-NORTH ELMSLEY,Municipal Sewage,Ottawa District Office,PHOSPHORUS; TOTAL,Approval/Permit Non-Compliance,04/01/2023,04/30/2023,5.4,kg/d,mon avg,1,8.57,8.57,Other,Addressed w/o Intervention
PERTH,Perth Sewage Treatment Lagoons,"390 WILD LIFE RD, DRUMMOND-NORTH ELMSLEY, ON K7H 3C7",DRUMMOND-NORTH ELMSLEY,Municipal Sewage,Ottawa District Office,PHOSPHORUS; TOTAL,Approval/Permit Non-Compliance,06/01/2023,06/30/2023,0.7,mg/L,mon avg,1,0.72,0.72,Other,Assessment Underway
PERTH,Perth Sewage Treatment Lagoons,"390 WILD LIFE RD, DRUMMOND-NORTH ELMSLEY, ON K7H 3C7",DRUMMOND-NORTH ELMSLEY,Municipal Sewage,Ottawa District Office,TOTAL AMMONIA NITROGEN,Approval/Permit Non-Compliance,04/01/2023,04/30/2023,2,mg/L,mon avg,1,3.2,3.2,Other,Addressed w/o Intervention
PERTH,Perth Sewage Treatment Lagoons,"390 WILD LIFE RD, DRUMMOND-NORTH ELMSLEY, ON K7H 3C7",DRUMMOND-NORTH ELMSLEY,Municipal Sewage,Ottawa District Office,TOTAL AMMONIA NITROGEN,Approval/Permit Non-Compliance,04/01/2023,04/30/2023,15.44,kg/d,mon avg,1,40.86,40.86,Other,Addressed w/o Intervention
PERTH,Perth Sewage Treatment Lagoons,"390 WILD LIFE RD, DRUMMOND-NORTH ELMSLEY, ON K7H 3C7",DRUMMOND-NORTH ELMSLEY,Municipal Sewage,Ottawa District Office,TOTAL AMMONIA NITROGEN,Approval/Permit Non-Compliance,08/01/2023,08/31/2023,2,mg/L,mon avg,1,2.91,2.91,Other,Assessment Underway
PERTH,Perth Sewage Treatment Lagoons,"390 WILD LIFE RD, DRUMMOND-NORTH ELMSLEY, ON K7H 3C7",DRUMMOND-NORTH ELMSLEY,Municipal Sewage,Ottawa District Office,TOTAL AMMONIA NITROGEN,Approval/Permit Non-Compliance,08/01/2023,08/31/2023,15.44,kg/d,mon avg,1,20.05,20.05,Other,Assessment Underway
PETERBOROUGH,Peterborough Wastewater Treatment Plant,"425 KENNEDY RD, PETERBOROUGH, ON K9J 1C1",PETERBOROUGH,Municipal Sewage,Peterborough District Office,PHOSPHORUS; TOTAL,Approval/Permit Non-Compliance,11/01/2023,11/30/2023,0.39,mg/L,mon avg,1,0.45,0.45,Operational Process Modified,Voluntary Compliance Underway
PETERBOROUGH,Peterborough Wastewater Treatment Plant,"425 KENNEDY RD, PETERBOROUGH, ON K9J 1C1",PETERBOROUGH,Municipal Sewage,Peterborough District Office,PHOSPHORUS; TOTAL,Approval/Permit Non-Compliance,10/01/2023,10/31/2023,0.39,mg/L,mon avg,1,0.8,0.8,Operational Process Modified,Voluntary Compliance Underway
PETERBOROUGH,Peterborough Wastewater Treatment Plant,"425 KENNEDY RD, PETERBOROUGH, ON K9J 1C1",PETERBOROUGH,Municipal Sewage,Peterborough District Office,"SUSPENDED SOLIDS, TOTAL",Approval/Permit Non-Compliance,10/01/2023,10/31/2023,17.5,mg/L,mon avg,1,21,21,Operational Process Modified,Voluntary Compliance Underway
PETROLIA,Petrolia Water Pollution Control Plant,"546 MAUDE ST, PETROLIA, ON N0N 1R0",PETROLIA,Municipal Sewage,Sarnia District Office,TOTAL AMMONIA NITROGEN,Approval/Permit Non-Compliance,05/01/2023,05/31/2023,3,mg/L,mon avg,1,4,4,Operational Process Modified,Addressed w/o Intervention
VALARD,Pipestone Camp,90.568744. 5230742,Un Organized Territory of Kenora,Miscellaneous Communal,Kenora Area Office,"SUSPENDED SOLIDS, TOTAL",Approval/Permit Non-Compliance,01/18/2023,09/12/2023,20, mg/L,/mon,12,23,110,Operational Process Modified,Assessment Underway
VALARD,Pipestone Camp,90.568744. 5230742,Un Organized Territory of Kenora,Miscellaneous Communal,Kenora Area Office,BIOCHEMICAL OXYGEN DEMAND,Approval/Permit Non-Compliance,01/18/2023,09/12/2023,20, mg/L,/mon,5,32,126,Operational Process Modified,Assessment Underway
ALFRED AND PLANTAGENET,Plantagenet Lagoon,"LOT:6, CONCESSION:5, GEOTOWNSHIP:PLANTAGENET, ALFRED AND PLANTAGENET, ON ",ALFRED,Municipal Sewage,Cornwall Area Office,PHOSPHORUS; TOTAL,Approval/Permit Non-Compliance,11/01/2023,12/11/2023,1,mg/L,/season,1,1.04,1.04,Conducting Study,Voluntary Compliance Underway
ALFRED AND PLANTAGENET,Plantagenet Lagoon,"LOT:6, CONCESSION:5, GEOTOWNSHIP:PLANTAGENET, ALFRED AND PLANTAGENET, ON ",ALFRED,Municipal Sewage,Cornwall Area Office,"SUSPENDED SOLIDS, TOTAL",Approval/Permit Non-Compliance,11/01/2023,12/11/2023,25,mg/L,/season,1,56.4,56.4,Conducting Study,Voluntary Compliance Underway
ALFRED AND PLANTAGENET,Plantagenet Lagoon,"LOT:6, CONCESSION:5, GEOTOWNSHIP:PLANTAGENET, ALFRED AND PLANTAGENET, ON ",ALFRED,Municipal Sewage,Cornwall Area Office,"SUSPENDED SOLIDS, TOTAL",Approval/Permit Non-Compliance,04/24/2023,06/01/2023,25,mg/L,/season,1,28.3,28.3,Conducting Study,Voluntary Compliance Underway
PLATINUM PRODUCE COMPANY,Platinum Produce Corp.,"21037 COMMUNICATION RD, BLENHEIM, CHATHAM-KENT, ON N0P 1M0",CHATHAM-KENT,Miscellaneous Communal,Windsor Area Office,TOTAL AMMONIA NITROGEN,Approval/Permit Non-Compliance,04/01/2023,11/30/2023,4,mg/L,rolling avg,5,4.4,9,Operational Process Modified,Addressed w/o Intervention
PLATINUM PRODUCE COMPANY,Platinum Produce Corp.,"21037 COMMUNICATION RD, BLENHEIM, CHATHAM-KENT, ON N0P 1M0",CHATHAM-KENT,Miscellaneous Communal,Windsor Area Office,PHOSPHORUS; TOTAL,Approval/Permit Non-Compliance,10/01/2023,11/30/2023,0.7,mg/L,rolling avg,2,0.8,0.8,Operational Process Modified,Addressed w/o Intervention
OXFORD COUNTY,Plattsville Lagoon,"906885 TOWNSHIP RD 12, BLANDFORD-BLENHEIM, ON N0J 1B0",BLANDFORD-BLENHEIM,Municipal Sewage,London District Office,"SUSPENDED SOLIDS, TOTAL",Approval/Permit Non-Compliance,10/01/2023,10/31/2023,10,mg/L,mon avg,1,19,19,Additional Monitoring Underway,Event Resolved
OXFORD COUNTY,Plattsville Lagoon,"906885 TOWNSHIP RD 12, BLANDFORD-BLENHEIM, ON N0J 1B0",BLANDFORD-BLENHEIM,Municipal Sewage,London District Office,ESCHERICHIA COLI,Approval/Permit Non-Compliance,10/01/2023,10/31/2023,200,CT/100mL,mon avg on a geo. mean density,1,222.2,222.2,Additional Monitoring Underway,Event Resolved
OXFORD COUNTY,Plattsville Lagoon,"906885 TOWNSHIP RD 12, BLANDFORD-BLENHEIM, ON N0J 1B0",BLANDFORD-BLENHEIM,Municipal Sewage,London District Office,"SUSPENDED SOLIDS, TOTAL",Approval/Permit Non-Compliance,10/01/2023,10/31/2023,9.6,kg/d,mon avg,1,17.5,17.5,Additional Monitoring Underway,Event Resolved
PLYMPTON-WYOMING,Plympton Sewage Treatment Plant,"4043 ABERARDER LINE, PLYMPTON-WYOMING, ON N0N 1E0",Plympton-Wyoming,Municipal Sewage,Sarnia District Office,"SUSPENDED SOLIDS, TOTAL",Approval/Permit Non-Compliance,06/01/2023,06/30/2023,15,mg/L,mon avg,1,20.3,20.3,Action Plan Submitted,Voluntary Compliance Underway
PLYMPTON-WYOMING,Plympton Sewage Treatment Plant,"4043 ABERARDER LINE, PLYMPTON-WYOMING, ON N0N 1E0",Plympton-Wyoming,Municipal Sewage,Sarnia District Office,ESCHERICHIA COLI,Approval/Permit Non-Compliance,06/01/2023,06/30/2023,200,CT/100ml,mon avg on a geo. mean density,1,224,224,Action Plan Submitted,Voluntary Compliance Underway
NIAGARA REGION,Port Dalhousie Wastewater Treatment Plant,"40 LIGHTHOUSE RD, ST. CATHARINES, ON L2N 7P5",ST. CATHARINES,Municipal Sewage,Niagara District Office,"SUSPENDED SOLIDS, TOTAL",Approval/Permit Non-Compliance,08/01/2023,09/30/2023,25,mg/L,mon avg,1,26.4,26.4,New Equipment or Treatment Process Installed,Voluntary Compliance Underway
NIAGARA REGION,Port Dalhousie Wastewater Treatment Plant,"40 LIGHTHOUSE RD, ST. CATHARINES, ON L2N 7P5",ST. CATHARINES,Municipal Sewage,Niagara District Office,PHOSPHORUS; TOTAL,Approval/Permit Non-Compliance,08/01/2023,08/31/2023,1,mg/L,mon avg,1,1.05,1.05,Additional Monitoring Underway,Voluntary Compliance Underway
NIAGARA REGION,Port Dalhousie Wastewater Treatment Plant,"40 LIGHTHOUSE RD, ST. CATHARINES, ON L2N 7P5",ST. CATHARINES,Municipal Sewage,Niagara District Office,"SUSPENDED SOLIDS, TOTAL",Approval/Permit Non-Compliance,09/01/2023,09/30/2023,25,mg/L,mon avg,1,42.9,42.9,Additional Monitoring Underway,Voluntary Compliance Underway
NIAGARA REGION,Port Dalhousie Wastewater Treatment Plant,"40 LIGHTHOUSE RD, ST. CATHARINES, ON L2N 7P5",ST. CATHARINES,Municipal Sewage,Niagara District Office,PHOSPHORUS; TOTAL,Approval/Permit Non-Compliance,09/01/2023,09/30/2023,1,mg/L,mon avg,1,2.01,2.01,Additional Monitoring Underway,Voluntary Compliance Underway
NIAGARA REGION,Port Dalhousie Wastewater Treatment Plant,"40 LIGHTHOUSE RD, ST. CATHARINES, ON L2N 7P5",ST. CATHARINES,Municipal Sewage,Niagara District Office,ESCHERICHIA COLI,Approval/Permit Non-Compliance,09/01/2023,09/30/2023,200,CT/100mL,mon avg on a geo. mean density,1,253,253,Additional Monitoring Underway,Voluntary Compliance Underway
PURE FLAVOR FARMS,Pure Flavor Farms Inc.,"966 HIGHWAY 77, LEAMINGTON, ON ",Leamington,Miscellaneous Communal,Windsor Area Office,ESCHERICHIA COLI,Approval/Permit Non-Compliance,01/01/2023,05/31/2023,150,CT/100mL,rolling avg,5,827,19629,Ceased Operations,Voluntary Compliance Underway
PURE FLAVOR FARMS,Pure Flavor Farms Inc.,"966 HIGHWAY 77, LEAMINGTON, ON ",Leamington,Miscellaneous Communal,Windsor Area Office,"SUSPENDED SOLIDS, TOTAL",Approval/Permit Non-Compliance,01/01/2023,05/31/2023,15,mg/L,rolling avg,5,28,81,Ceased Operations,Voluntary Compliance Underway
PURE FLAVOR FARMS,Pure Flavor Farms Inc.,"966 HIGHWAY 77, LEAMINGTON, ON ",Leamington,Miscellaneous Communal,Windsor Area Office,CARBONACEOUS BIOCHEMICAL OXYGEN DEMAND,Approval/Permit Non-Compliance,01/01/2023,05/31/2023,15,mg/L,rolling avg,5,29,89,Ceased Operations,Voluntary Compliance Underway
PURE FLAVOR FARMS,Pure Flavor Farms Inc.,"966 HIGHWAY 77, LEAMINGTON, ON ",Leamington,Miscellaneous Communal,Windsor Area Office,PHOSPHORUS; TOTAL,Approval/Permit Non-Compliance,01/01/2023,05/31/2023,0.5,mg/L,rolling avg,5,1.4,2.3,Ceased Operations,Voluntary Compliance Underway
PURE FLAVOR FARMS,Pure Flavor Farms Inc.,"966 HIGHWAY 77, LEAMINGTON, ON ",Leamington,Miscellaneous Communal,Windsor Area Office,TOTAL AMMONIA NITROGEN,Approval/Permit Non-Compliance,01/01/2023,05/31/2023,4,mg/L,rolling avg,5,24.4,46.3,Ceased Operations,Voluntary Compliance Underway
RAY OF HOPE INC.,Ray of Hope Inc.- Twp. of Wilmot,"2282 QUEEN ST, WILMOT, ON N0B 2H0",WILMOT,Miscellaneous Communal,Guelph District Office,CARBONACEOUS BIOCHEMICAL OXYGEN DEMAND,Approval/Permit Non-Compliance,05/01/2023,05/31/2023,10,mg/L,mon avg,1,14.7,14.7,None Required,Assessment Complete - No Action Required
RED LAKE,Red Lake Water Pollution Control Plant,"14 YOUNG ST, RED LAKE, ON P0V 1C0",RED LAKE,Municipal Sewage,Kenora Area Office,ESCHERICHIA COLI,Approval/Permit Non-Compliance,01/01/2023,01/31/2023,200,CT/100mL,mon avg on a geo. mean density,1,781,781,Equipment Modified - Repaired - Replaced or Re-calibrated,Voluntary Compliance Underway
ST. JOSEPH,Richards Landing Water Pollution Control Plant,"1250 MARGUERITE RD, RICHARDS LANDING, ST. JOSEPH, ON P0R 1J0",ST. JOSEPH,Municipal Sewage,Sault Ste. Marie Area Office,"SUSPENDED SOLIDS, TOTAL",Approval/Permit Non-Compliance,08/01/2023,08/31/2023,25,mg/L,mon avg,1,25.8,25.8,Resolved w/o Actions Required,Addressed w/o Intervention
CLARENCE-ROCKLAND,Rockland Sewage Treatment Plant,"700 RUE INDUSTRIELLE, CLARENCE-ROCKLAND, ON K4K 1T2",CLARENCE-ROCKLAND,Municipal Sewage,Cornwall Area Office,TOTAL AMMONIA NITROGEN,Approval/Permit Non-Compliance,09/01/2023,09/30/2023,12,mg/L,/mon,2,14.5,27.4,New Equipment or Treatment Process Installed,Voluntary Compliance Underway
CLARENCE-ROCKLAND,Rockland Sewage Treatment Plant,"700 RUE INDUSTRIELLE, CLARENCE-ROCKLAND, ON K4K 1T2",CLARENCE-ROCKLAND,Municipal Sewage,Cornwall Area Office,TOTAL AMMONIA NITROGEN,Approval/Permit Non-Compliance,02/01/2023,02/28/2023,20,mg/L,/mon,1,21.6,21.6,New Equipment or Treatment Process Installed,Voluntary Compliance Underway
CLARENCE-ROCKLAND,Rockland Sewage Treatment Plant,"700 RUE INDUSTRIELLE, CLARENCE-ROCKLAND, ON K4K 1T2",CLARENCE-ROCKLAND,Municipal Sewage,Cornwall Area Office,TOTAL AMMONIA NITROGEN,Approval/Permit Non-Compliance,09/01/2023,09/30/2023,81.6,kg/d,/mon,1,113.7,113.7,New Equipment or Treatment Process Installed,Voluntary Compliance Underway
CLARENCE-ROCKLAND,Rockland Sewage Treatment Plant,"700 RUE INDUSTRIELLE, CLARENCE-ROCKLAND, ON K4K 1T2",CLARENCE-ROCKLAND,Municipal Sewage,Cornwall Area Office,TOTAL AMMONIA NITROGEN,Approval/Permit Non-Compliance,07/01/2023,07/31/2023,12,mg/L,/mon,1,16.2,16.2,Equipment Modified - Repaired - Replaced or Re-calibrated,Voluntary Compliance Underway
CLARENCE-ROCKLAND,Rockland Sewage Treatment Plant,"700 RUE INDUSTRIELLE, CLARENCE-ROCKLAND, ON K4K 1T2",CLARENCE-ROCKLAND,Municipal Sewage,Cornwall Area Office,TOTAL AMMONIA NITROGEN,Approval/Permit Non-Compliance,01/01/2023,01/31/2023,20,mg/L,/mon,1,20.2,20.2,New Equipment or Treatment Process Installed,Voluntary Compliance Underway
SPRINGWATER,Royal Oaks,"8 BUDD'S MILL RD, SPRINGWATER, ON L0L 1Y3",SPRINGWATER,Municipal Sewage,Barrie District Office,PHOSPHORUS; TOTAL,Approval/Permit Non-Compliance,10/01/2023,10/31/2023,1,mg/L,mon avg,1,2.27,2.27,Operational Process Modified,Voluntary Compliance Underway
SPRINGWATER,Royal Oaks,"8 BUDD'S MILL RD, SPRINGWATER, ON L0L 1Y3",SPRINGWATER,Municipal Sewage,Barrie District Office,"SUSPENDED SOLIDS, TOTAL",Approval/Permit Non-Compliance,11/01/2023,11/30/2023,15,mg/L,mon avg,1,15.5,15.5,Operational Process Modified,Voluntary Compliance Underway
SPRINGWATER,Royal Oaks,"8 BUDD'S MILL RD, SPRINGWATER, ON L0L 1Y3",SPRINGWATER,Municipal Sewage,Barrie District Office,PHOSPHORUS; TOTAL,Approval/Permit Non-Compliance,11/01/2023,11/30/2023,1,mg/L,mon avg,1,1.34,1.34,Operational Process Modified,Voluntary Compliance Underway
RUPERT ACRES LIMITED,RUPERT ACRES LIMITED,"20 RUPERT ACRES DR, SAULT STE. MARIE, ON P6A 5K7",SAULT STE. MARIE,Miscellaneous Communal,Sault Ste. Marie Area Office,"SUSPENDED SOLIDS, TOTAL",Approval/Permit Non-Compliance,01/01/2023,12/31/2023,40,mg/L,annual avg,1,45.33,45.33,Action Plan Submitted - Implementing Improvements ,Assessment Underway
RUPERT ACRES LIMITED,RUPERT ACRES LIMITED,"20 RUPERT ACRES DR, SAULT STE. MARIE, ON P6A 5K7",SAULT STE. MARIE,Miscellaneous Communal,Sault Ste. Marie Area Office,"SUSPENDED SOLIDS, TOTAL",Approval/Permit Non-Compliance,01/01/2023,12/31/2023,40,mg/L,annual avg,1,185.99,185.99,Action Plan Submitted - Implementing Improvements ,Assessment Underway
RUPERT ACRES LIMITED,RUPERT ACRES LIMITED,"20 RUPERT ACRES DR, SAULT STE. MARIE, ON P6A 5K7",SAULT STE. MARIE,Miscellaneous Communal,Sault Ste. Marie Area Office,"SUSPENDED SOLIDS, TOTAL",Approval/Permit Non-Compliance,01/01/2023,12/31/2023,40,mg/L,annual avg,1,139.49,139.49,Action Plan Submitted - Implementing Improvements ,Assessment Underway
RUSSELL,Russell Lagoon,"1259 WADE RD, RUSSELL, ON K4R 1E5",RUSSELL,Municipal Sewage,Cornwall Area Office,TOTAL AMMONIA NITROGEN,Approval/Permit Non-Compliance,10/02/2023,10/31/2023,2,mg/L,/season,1,2.65,2.65,Operational Process Modified,Addressed w/o Intervention
RUSSELL,Russell Lagoon,"1259 WADE RD, RUSSELL, ON K4R 1E5",RUSSELL,Municipal Sewage,Cornwall Area Office,TOTAL AMMONIA NITROGEN,Approval/Permit Non-Compliance,04/01/2023,04/30/2023,10,mg/L,/season,1,15.6,15.6,Conducting Study,Assessment Underway
SARNIA,Sarnia Water Pollution Control Plant,"333 ST ANDREW ST, SARNIA, ON ",SARNIA,Municipal Sewage,Sarnia District Office,"SUSPENDED SOLIDS, TOTAL",Approval/Permit Non-Compliance,07/01/2023,07/31/2023,15,mg/L,mon avg,1,29.25,29.25,Equipment Modified - Repaired - Replaced or Re-calibrated,Addressed w/o Intervention
SARNIA,Sarnia Water Pollution Control Plant,"333 ST ANDREW ST, SARNIA, ON ",SARNIA,Municipal Sewage,Sarnia District Office,"SUSPENDED SOLIDS, TOTAL",Approval/Permit Non-Compliance,07/01/2023,07/31/2023,580,kg/d,mon avg,1,916.84,916.84,Equipment Modified - Repaired - Replaced or Re-calibrated,Addressed w/o Intervention
SARNIA,Sarnia Water Pollution Control Plant,"333 ST ANDREW ST, SARNIA, ON ",SARNIA,Municipal Sewage,Sarnia District Office,"SUSPENDED SOLIDS, TOTAL",Approval/Permit Non-Compliance,08/01/2023,08/31/2023,15,mg/L,mon avg,1,15.6,15.6,Equipment Modified - Repaired - Replaced or Re-calibrated,Voluntary Compliance Underway
SCHREIBER,Schreiber Water Pollution Control Plant,"608 WINNIPEG ST, SCHREIBER, ON P0T 2S0",SCHREIBER,Municipal Sewage,Thunder Bay District Office,BIOCHEMICAL OXYGEN DEMAND,Approval/Permit Non-Compliance,01/01/2023,12/31/2023,25,mg/L,annual avg,1,25.9,25.9,Equipment Modified - Repaired - Replaced or Re-calibrated,Voluntary Compliance Underway
PERTH EAST,Shakespeare WPCP,"3976B GALT ST, PERTH EAST, ON N0B 2P0",PERTH EAST,Municipal Sewage,London District Office,PHOSPHORUS; TOTAL,Approval/Permit Non-Compliance,09/01/2023,09/30/2023,0.3,mg/L,/mon,1,0.608,0.608,Operational Process Modified,Voluntary Compliance Underway
SHELBURNE,Shelburne Water Pollution Control Plant,"300 CENTENNIAL RD, SHELBURNE, ON L0N 1S4",SHELBURNE,Municipal Sewage,Guelph District Office,"SUSPENDED SOLIDS, TOTAL",Approval/Permit Non-Compliance,05/01/2023,05/31/2023,17.1,kg/d,mon avg,1,30.25,30.25,Other,Voluntary Compliance Underway
SHELBURNE,Shelburne Water Pollution Control Plant,"300 CENTENNIAL RD, SHELBURNE, ON L0N 1S4",SHELBURNE,Municipal Sewage,Guelph District Office,"SUSPENDED SOLIDS, TOTAL",Approval/Permit Non-Compliance,05/01/2023,05/31/2023,5,mg/L,mon avg,1,10.61,10.61,Equipment Modified - Repaired - Replaced or Re-calibrated,Other Action Taken
SHELBURNE,Shelburne Water Pollution Control Plant,"300 CENTENNIAL RD, SHELBURNE, ON L0N 1S4",SHELBURNE,Municipal Sewage,Guelph District Office,"SUSPENDED SOLIDS, TOTAL",Approval/Permit Non-Compliance,02/01/2023,02/28/2023,5,mg/L,mon avg,1,6,6,Equipment Modified - Repaired - Replaced or Re-calibrated,Voluntary Compliance Underway
SHELTER COVE,Shelter Cove,"38 CHEAPSIDE RD, HALDIMAND COUNTY, ON N0A 1P0",HALDIMAND COUNTY,Miscellaneous Communal,Hamilton District Office,TOTAL AMMONIA NITROGEN,Approval/Permit Non-Compliance,01/01/2023,01/31/2023,140,g/d,mon avg,1,680,680,Action Plan Submitted - Implementing Improvements,Voluntary Compliance Underway
SHELTER COVE,Shelter Cove,"38 CHEAPSIDE RD, HALDIMAND COUNTY, ON N0A 1P0",HALDIMAND COUNTY,Miscellaneous Communal,Hamilton District Office,PHOSPHORUS; TOTAL,Approval/Permit Non-Compliance,01/01/2023,01/31/2023,6,g/d,mon avg,1,11,11,Action Plan Submitted - Implementing Improvements,Voluntary Compliance Underway
SHELTER COVE,Shelter Cove,"38 CHEAPSIDE RD, HALDIMAND COUNTY, ON N0A 1P0",HALDIMAND COUNTY,Miscellaneous Communal,Hamilton District Office,"SUSPENDED SOLIDS, TOTAL",Approval/Permit Non-Compliance,01/01/2023,01/31/2023,7,mg/L,mon avg,1,7.3,7.3,Action Plan Submitted - Implementing Improvements,Voluntary Compliance Underway
SHELTER COVE,Shelter Cove,"38 CHEAPSIDE RD, HALDIMAND COUNTY, ON N0A 1P0",HALDIMAND COUNTY,Miscellaneous Communal,Hamilton District Office,TOTAL AMMONIA NITROGEN,Approval/Permit Non-Compliance,01/01/2023,01/31/2023,1,mg/L,mon avg,1,10.3,10.3,Action Plan Submitted - Implementing Improvements,Voluntary Compliance Underway
SHELTER COVE,Shelter Cove,"38 CHEAPSIDE RD, HALDIMAND COUNTY, ON N0A 1P0",HALDIMAND COUNTY,Miscellaneous Communal,Hamilton District Office,PHOSPHORUS; TOTAL,Approval/Permit Non-Compliance,01/01/2023,01/31/2023,0.04,mg/L,mon avg,1,0.16,0.16,Action Plan Submitted - Implementing Improvements,Voluntary Compliance Underway
SHELTER COVE,Shelter Cove,"38 CHEAPSIDE RD, HALDIMAND COUNTY, ON N0A 1P0",HALDIMAND COUNTY,Miscellaneous Communal,Hamilton District Office,TOTAL AMMONIA NITROGEN,Approval/Permit Non-Compliance,02/01/2023,02/28/2023,0.14,kg/d,mon avg,1,0.39,0.39,Action Plan Submitted - Implementing Improvements,Voluntary Compliance Underway
SHELTER COVE,Shelter Cove,"38 CHEAPSIDE RD, HALDIMAND COUNTY, ON N0A 1P0",HALDIMAND COUNTY,Miscellaneous Communal,Hamilton District Office,TOTAL AMMONIA NITROGEN,Approval/Permit Non-Compliance,02/01/2023,02/28/2023,1,mg/L,mon avg,1,14.46,14.46,Action Plan Submitted - Implementing Improvements,Voluntary Compliance Underway
SHELTER COVE,Shelter Cove,"38 CHEAPSIDE RD, HALDIMAND COUNTY, ON N0A 1P0",HALDIMAND COUNTY,Miscellaneous Communal,Hamilton District Office,ESCHERICHIA COLI,Approval/Permit Non-Compliance,02/01/2023,02/28/2023,200,CT/100mL,mon avg on a geo. mean density,1,301,301,Action Plan Submitted - Implementing Improvements,Voluntary Compliance Underway
SHELTER COVE,Shelter Cove,"38 CHEAPSIDE RD, HALDIMAND COUNTY, ON N0A 1P0",HALDIMAND COUNTY,Miscellaneous Communal,Hamilton District Office,PHOSPHORUS; TOTAL,Approval/Permit Non-Compliance,02/01/2023,02/28/2023,0.04,mg/L,mon avg,1,0.42,0.42,Action Plan Submitted - Implementing Improvements,Voluntary Compliance Underway
SHELTER COVE,Shelter Cove,"38 CHEAPSIDE RD, HALDIMAND COUNTY, ON N0A 1P0",HALDIMAND COUNTY,Miscellaneous Communal,Hamilton District Office,PHOSPHORUS; TOTAL,Approval/Permit Non-Compliance,02/01/2023,02/28/2023,0.006,kg/d,mon avg,1,0.007,0.007,Action Plan Submitted - Implementing Improvements,Voluntary Compliance Underway
SHELTER COVE,Shelter Cove,"38 CHEAPSIDE RD, HALDIMAND COUNTY, ON N0A 1P0",HALDIMAND COUNTY,Miscellaneous Communal,Hamilton District Office,ESCHERICHIA COLI,Approval/Permit Non-Compliance,03/01/2023,03/31/2023,200,CT/100mL,mon avg on a geo. mean density,1,362,362,Action Plan Submitted - Implementing Improvements,Voluntary Compliance Underway
SHELTER COVE,Shelter Cove,"38 CHEAPSIDE RD, HALDIMAND COUNTY, ON N0A 1P0",HALDIMAND COUNTY,Miscellaneous Communal,Hamilton District Office,"SUSPENDED SOLIDS, TOTAL",Approval/Permit Non-Compliance,03/01/2023,03/31/2023,7,mg/L,mon avg,1,22.04,22.04,Action Plan Submitted - Implementing Improvements,Voluntary Compliance Underway
SHELTER COVE,Shelter Cove,"38 CHEAPSIDE RD, HALDIMAND COUNTY, ON N0A 1P0",HALDIMAND COUNTY,Miscellaneous Communal,Hamilton District Office,"SUSPENDED SOLIDS, TOTAL",Approval/Permit Non-Compliance,03/01/2023,03/31/2023,1,kg/d,mon avg,1,0.37,0.37,Action Plan Submitted - Implementing Improvements,Voluntary Compliance Underway
SHELTER COVE,Shelter Cove,"38 CHEAPSIDE RD, HALDIMAND COUNTY, ON N0A 1P0",HALDIMAND COUNTY,Miscellaneous Communal,Hamilton District Office,TOTAL AMMONIA NITROGEN,Approval/Permit Non-Compliance,03/01/2023,03/31/2023,1,mg/L,mon avg,1,17.2,17.2,Action Plan Submitted - Implementing Improvements,Voluntary Compliance Underway
SHELTER COVE,Shelter Cove,"38 CHEAPSIDE RD, HALDIMAND COUNTY, ON N0A 1P0",HALDIMAND COUNTY,Miscellaneous Communal,Hamilton District Office,PHOSPHORUS; TOTAL,Approval/Permit Non-Compliance,03/01/2023,03/31/2023,0.04,mg/L,mon avg,1,0.79,0.79,Action Plan Submitted - Implementing Improvements,Voluntary Compliance Underway
SHELTER COVE,Shelter Cove,"38 CHEAPSIDE RD, HALDIMAND COUNTY, ON N0A 1P0",HALDIMAND COUNTY,Miscellaneous Communal,Hamilton District Office,CARBONACEOUS BIOCHEMICAL OXYGEN DEMAND,Approval/Permit Non-Compliance,03/01/2023,03/31/2023,7,mg/L,mon avg,1,13.72,13.72,Action Plan Submitted - Implementing Improvements,Voluntary Compliance Underway
SHELTER COVE,Shelter Cove,"38 CHEAPSIDE RD, HALDIMAND COUNTY, ON N0A 1P0",HALDIMAND COUNTY,Miscellaneous Communal,Hamilton District Office,TOTAL AMMONIA NITROGEN,Approval/Permit Non-Compliance,03/01/2023,03/31/2023,0.14,kg/d,mon avg,1,0.86,0.86,Action Plan Submitted - Implementing Improvements,Voluntary Compliance Underway
SHELTER COVE,Shelter Cove,"38 CHEAPSIDE RD, HALDIMAND COUNTY, ON N0A 1P0",HALDIMAND COUNTY,Miscellaneous Communal,Hamilton District Office,PHOSPHORUS; TOTAL,Approval/Permit Non-Compliance,03/01/2023,03/31/2023,0.006,kg/d,mon avg,1,0.025,0.025,Action Plan Submitted - Implementing Improvements,Voluntary Compliance Underway
SHELTER COVE,Shelter Cove,"38 CHEAPSIDE RD, HALDIMAND COUNTY, ON N0A 1P0",HALDIMAND COUNTY,Miscellaneous Communal,Hamilton District Office,ESCHERICHIA COLI,Approval/Permit Non-Compliance,04/01/2023,04/30/2023,200,CT/100mL,mon avg on a geo. mean density,1,4033,4033,Action Plan Submitted - Implementing Improvements,Voluntary Compliance Underway
SHELTER COVE,Shelter Cove,"38 CHEAPSIDE RD, HALDIMAND COUNTY, ON N0A 1P0",HALDIMAND COUNTY,Miscellaneous Communal,Hamilton District Office,CARBONACEOUS BIOCHEMICAL OXYGEN DEMAND,Approval/Permit Non-Compliance,04/01/2023,04/30/2023,7,mg/L,mon avg,1,23.43,23.43,Action Plan Submitted - Implementing Improvements,Voluntary Compliance Underway
SHELTER COVE,Shelter Cove,"38 CHEAPSIDE RD, HALDIMAND COUNTY, ON N0A 1P0",HALDIMAND COUNTY,Miscellaneous Communal,Hamilton District Office,PHOSPHORUS; TOTAL,Approval/Permit Non-Compliance,04/01/2023,04/30/2023,0.04,mg/L,mon avg,1,1.36,1.36,Action Plan Submitted - Implementing Improvements,Voluntary Compliance Underway
SHELTER COVE,Shelter Cove,"38 CHEAPSIDE RD, HALDIMAND COUNTY, ON N0A 1P0",HALDIMAND COUNTY,Miscellaneous Communal,Hamilton District Office,"SUSPENDED SOLIDS, TOTAL",Approval/Permit Non-Compliance,04/01/2023,04/30/2023,7,mg/L,mon avg,1,67.3,67.3,Action Plan Submitted - Implementing Improvements,Voluntary Compliance Underway
SHELTER COVE,Shelter Cove,"38 CHEAPSIDE RD, HALDIMAND COUNTY, ON N0A 1P0",HALDIMAND COUNTY,Miscellaneous Communal,Hamilton District Office,TOTAL AMMONIA NITROGEN,Approval/Permit Non-Compliance,04/01/2023,04/30/2023,1,mg/L,mon avg,1,25.95,25.95,Action Plan Submitted - Implementing Improvements,Voluntary Compliance Underway
SHELTER COVE,Shelter Cove,"38 CHEAPSIDE RD, HALDIMAND COUNTY, ON N0A 1P0",HALDIMAND COUNTY,Miscellaneous Communal,Hamilton District Office,PHOSPHORUS; TOTAL,Approval/Permit Non-Compliance,04/01/2023,04/30/2023,0.006,kg/d,mon avg,1,0.025,0.025,Action Plan Submitted - Implementing Improvements,Voluntary Compliance Underway
SHELTER COVE,Shelter Cove,"38 CHEAPSIDE RD, HALDIMAND COUNTY, ON N0A 1P0",HALDIMAND COUNTY,Miscellaneous Communal,Hamilton District Office,TOTAL AMMONIA NITROGEN,Approval/Permit Non-Compliance,04/01/2023,04/30/2023,0.14,kg/d,mon avg,1,0.53,0.53,Action Plan Submitted - Implementing Improvements,Voluntary Compliance Underway
SHELTER COVE,Shelter Cove,"38 CHEAPSIDE RD, HALDIMAND COUNTY, ON N0A 1P0",HALDIMAND COUNTY,Miscellaneous Communal,Hamilton District Office,TOTAL AMMONIA NITROGEN,Approval/Permit Non-Compliance,05/01/2023,05/31/2023,0.14,kg/d,mon avg,1,0.72,0.72,Action Plan Submitted - Implementing Improvements,Voluntary Compliance Underway
SHELTER COVE,Shelter Cove,"38 CHEAPSIDE RD, HALDIMAND COUNTY, ON N0A 1P0",HALDIMAND COUNTY,Miscellaneous Communal,Hamilton District Office,PHOSPHORUS; TOTAL,Approval/Permit Non-Compliance,05/01/2023,05/31/2023,0.04,mg/L,mon avg,1,1.1,1.1,Action Plan Submitted - Implementing Improvements,Voluntary Compliance Underway
SHELTER COVE,Shelter Cove,"38 CHEAPSIDE RD, HALDIMAND COUNTY, ON N0A 1P0",HALDIMAND COUNTY,Miscellaneous Communal,Hamilton District Office,"SUSPENDED SOLIDS, TOTAL",Approval/Permit Non-Compliance,05/01/2023,05/31/2023,1,kg/d,mon avg,1,1.86,1.86,Action Plan Submitted - Implementing Improvements,Voluntary Compliance Underway
SHELTER COVE,Shelter Cove,"38 CHEAPSIDE RD, HALDIMAND COUNTY, ON N0A 1P0",HALDIMAND COUNTY,Miscellaneous Communal,Hamilton District Office,ESCHERICHIA COLI,Approval/Permit Non-Compliance,05/01/2023,05/31/2023,200,CT/100mL,mon avg on a geo. mean density,1,5038,5038,Action Plan Submitted - Implementing Improvements,Voluntary Compliance Underway
SHELTER COVE,Shelter Cove,"38 CHEAPSIDE RD, HALDIMAND COUNTY, ON N0A 1P0",HALDIMAND COUNTY,Miscellaneous Communal,Hamilton District Office,CARBONACEOUS BIOCHEMICAL OXYGEN DEMAND,Approval/Permit Non-Compliance,05/01/2023,05/31/2023,7,mg/L,mon avg,1,11.48,11.48,Action Plan Submitted - Implementing Improvements,Voluntary Compliance Underway
SHELTER COVE,Shelter Cove,"38 CHEAPSIDE RD, HALDIMAND COUNTY, ON N0A 1P0",HALDIMAND COUNTY,Miscellaneous Communal,Hamilton District Office,TOTAL AMMONIA NITROGEN,Approval/Permit Non-Compliance,05/01/2023,05/31/2023,1,mg/L,mon avg,1,42.73,42.73,Action Plan Submitted - Implementing Improvements,Voluntary Compliance Underway
SHELTER COVE,Shelter Cove,"38 CHEAPSIDE RD, HALDIMAND COUNTY, ON N0A 1P0",HALDIMAND COUNTY,Miscellaneous Communal,Hamilton District Office,PHOSPHORUS; TOTAL,Approval/Permit Non-Compliance,05/01/2023,05/31/2023,0.006,kg/d,mon avg,1,0.038,0.038,Action Plan Submitted - Implementing Improvements,Voluntary Compliance Underway
SHELTER COVE,Shelter Cove,"38 CHEAPSIDE RD, HALDIMAND COUNTY, ON N0A 1P0",HALDIMAND COUNTY,Miscellaneous Communal,Hamilton District Office,"SUSPENDED SOLIDS, TOTAL",Approval/Permit Non-Compliance,05/01/2023,05/31/2023,7,mg/L,mon avg,1,22.35,22.35,Action Plan Submitted - Implementing Improvements,Voluntary Compliance Underway
SHELTER COVE,Shelter Cove,"38 CHEAPSIDE RD, HALDIMAND COUNTY, ON N0A 1P0",HALDIMAND COUNTY,Miscellaneous Communal,Hamilton District Office,"SUSPENDED SOLIDS, TOTAL",Approval/Permit Non-Compliance,06/01/2023,06/30/2023,7,mg/L,mon avg,1,15.12,15.12,Action Plan Submitted - Implementing Improvements,Voluntary Compliance Underway
SHELTER COVE,Shelter Cove,"38 CHEAPSIDE RD, HALDIMAND COUNTY, ON N0A 1P0",HALDIMAND COUNTY,Miscellaneous Communal,Hamilton District Office,TOTAL AMMONIA NITROGEN,Approval/Permit Non-Compliance,06/01/2023,06/30/2023,1,mg/L,mon avg,1,29.42,29.42,Action Plan Submitted - Implementing Improvements,Voluntary Compliance Underway
SHELTER COVE,Shelter Cove,"38 CHEAPSIDE RD, HALDIMAND COUNTY, ON N0A 1P0",HALDIMAND COUNTY,Miscellaneous Communal,Hamilton District Office,CARBONACEOUS BIOCHEMICAL OXYGEN DEMAND,Approval/Permit Non-Compliance,06/01/2023,06/30/2023,7,mg/L,mon avg,1,9.28,9.28,Action Plan Submitted - Implementing Improvements,Voluntary Compliance Underway
SHELTER COVE,Shelter Cove,"38 CHEAPSIDE RD, HALDIMAND COUNTY, ON N0A 1P0",HALDIMAND COUNTY,Miscellaneous Communal,Hamilton District Office,TOTAL AMMONIA NITROGEN,Approval/Permit Non-Compliance,06/01/2023,06/30/2023,0.14,kg/d,mon avg,1,1.12,1.12,Action Plan Submitted - Implementing Improvements,Voluntary Compliance Underway
SHELTER COVE,Shelter Cove,"38 CHEAPSIDE RD, HALDIMAND COUNTY, ON N0A 1P0",HALDIMAND COUNTY,Miscellaneous Communal,Hamilton District Office,PHOSPHORUS; TOTAL,Approval/Permit Non-Compliance,06/01/2023,06/30/2023,0.04,mg/L,mon avg,1,1.35,1.35,Action Plan Submitted - Implementing Improvements,Voluntary Compliance Underway
SHELTER COVE,Shelter Cove,"38 CHEAPSIDE RD, HALDIMAND COUNTY, ON N0A 1P0",HALDIMAND COUNTY,Miscellaneous Communal,Hamilton District Office,ESCHERICHIA COLI,Approval/Permit Non-Compliance,06/01/2023,06/30/2023,200,CT/100mL,mon avg on a geo. mean density,1,497,497,Action Plan Submitted - Implementing Improvements,Voluntary Compliance Underway
SHELTER COVE,Shelter Cove,"38 CHEAPSIDE RD, HALDIMAND COUNTY, ON N0A 1P0",HALDIMAND COUNTY,Miscellaneous Communal,Hamilton District Office,PHOSPHORUS; TOTAL,Approval/Permit Non-Compliance,06/01/2023,06/30/2023,0.006,kg/d,mon avg,1,0.029,0.029,Action Plan Submitted - Implementing Improvements,Voluntary Compliance Underway
SHELTER COVE,Shelter Cove,"38 CHEAPSIDE RD, HALDIMAND COUNTY, ON N0A 1P0",HALDIMAND COUNTY,Miscellaneous Communal,Hamilton District Office,TOTAL AMMONIA NITROGEN,Approval/Permit Non-Compliance,07/01/2023,07/31/2023,0.14,kg/d,mon avg,1,1.06,1.06,Action Plan Submitted - Implementing Improvements,Voluntary Compliance Underway
SHELTER COVE,Shelter Cove,"38 CHEAPSIDE RD, HALDIMAND COUNTY, ON N0A 1P0",HALDIMAND COUNTY,Miscellaneous Communal,Hamilton District Office,TOTAL AMMONIA NITROGEN,Approval/Permit Non-Compliance,07/01/2023,07/31/2023,1,mg/L,mon avg,1,23.82,23.82,Action Plan Submitted - Implementing Improvements,Voluntary Compliance Underway
SHELTER COVE,Shelter Cove,"38 CHEAPSIDE RD, HALDIMAND COUNTY, ON N0A 1P0",HALDIMAND COUNTY,Miscellaneous Communal,Hamilton District Office,ESCHERICHIA COLI,Approval/Permit Non-Compliance,07/01/2023,07/31/2023,200,CT/100mL,mon avg on a geo. mean density,1,542,542,Action Plan Submitted - Implementing Improvements,Voluntary Compliance Underway
SHELTER COVE,Shelter Cove,"38 CHEAPSIDE RD, HALDIMAND COUNTY, ON N0A 1P0",HALDIMAND COUNTY,Miscellaneous Communal,Hamilton District Office,CARBONACEOUS BIOCHEMICAL OXYGEN DEMAND,Approval/Permit Non-Compliance,07/01/2023,07/31/2023,7,mg/L,mon avg,1,8,8,Action Plan Submitted - Implementing Improvements,Voluntary Compliance Underway
SHELTER COVE,Shelter Cove,"38 CHEAPSIDE RD, HALDIMAND COUNTY, ON N0A 1P0",HALDIMAND COUNTY,Miscellaneous Communal,Hamilton District Office,PHOSPHORUS; TOTAL,Approval/Permit Non-Compliance,07/01/2023,07/31/2023,0.04,mg/L,mon avg,1,1.84,1.84,Action Plan Submitted - Implementing Improvements,Voluntary Compliance Underway
SHELTER COVE,Shelter Cove,"38 CHEAPSIDE RD, HALDIMAND COUNTY, ON N0A 1P0",HALDIMAND COUNTY,Miscellaneous Communal,Hamilton District Office,"SUSPENDED SOLIDS, TOTAL",Approval/Permit Non-Compliance,07/01/2023,07/31/2023,7,mg/L,mon avg,1,27.6,27.6,Action Plan Submitted - Implementing Improvements,Voluntary Compliance Underway
SHELTER COVE,Shelter Cove,"38 CHEAPSIDE RD, HALDIMAND COUNTY, ON N0A 1P0",HALDIMAND COUNTY,Miscellaneous Communal,Hamilton District Office,"SUSPENDED SOLIDS, TOTAL",Approval/Permit Non-Compliance,07/01/2023,07/31/2023,7,mg/L,mon avg,1,17.98,17.98,Action Plan Submitted - Implementing Improvements,Voluntary Compliance Underway
SHELTER COVE,Shelter Cove,"38 CHEAPSIDE RD, HALDIMAND COUNTY, ON N0A 1P0",HALDIMAND COUNTY,Miscellaneous Communal,Hamilton District Office,PHOSPHORUS; TOTAL,Approval/Permit Non-Compliance,07/01/2023,07/31/2023,0.006,kg/d,mon avg,1,0.049,0.049,Action Plan Submitted - Implementing Improvements,Voluntary Compliance Underway
SHELTER COVE,Shelter Cove,"38 CHEAPSIDE RD, HALDIMAND COUNTY, ON N0A 1P0",HALDIMAND COUNTY,Miscellaneous Communal,Hamilton District Office,PHOSPHORUS; TOTAL,Approval/Permit Non-Compliance,08/01/2023,08/31/2023,0.006,kg/d,mon avg,1,0.067,0.067,Action Plan Submitted - Implementing Improvements,Voluntary Compliance Underway
SHELTER COVE,Shelter Cove,"38 CHEAPSIDE RD, HALDIMAND COUNTY, ON N0A 1P0",HALDIMAND COUNTY,Miscellaneous Communal,Hamilton District Office,TOTAL AMMONIA NITROGEN,Approval/Permit Non-Compliance,08/01/2023,08/31/2023,1,mg/L,mon avg,1,45.13,45.13,Action Plan Submitted - Implementing Improvements,Voluntary Compliance Underway
SHELTER COVE,Shelter Cove,"38 CHEAPSIDE RD, HALDIMAND COUNTY, ON N0A 1P0",HALDIMAND COUNTY,Miscellaneous Communal,Hamilton District Office,PHOSPHORUS; TOTAL,Approval/Permit Non-Compliance,08/01/2023,08/31/2023,0.04,mg/L,mon avg,1,1.63,1.63,Action Plan Submitted - Implementing Improvements,Voluntary Compliance Underway
SHELTER COVE,Shelter Cove,"38 CHEAPSIDE RD, HALDIMAND COUNTY, ON N0A 1P0",HALDIMAND COUNTY,Miscellaneous Communal,Hamilton District Office,ESCHERICHIA COLI,Approval/Permit Non-Compliance,08/01/2023,08/31/2023,200,CT/100mL,mon avg on a geo. mean density,1,16269,16269,Action Plan Submitted - Implementing Improvements,Voluntary Compliance Underway
SHELTER COVE,Shelter Cove,"38 CHEAPSIDE RD, HALDIMAND COUNTY, ON N0A 1P0",HALDIMAND COUNTY,Miscellaneous Communal,Hamilton District Office,"SUSPENDED SOLIDS, TOTAL",Approval/Permit Non-Compliance,08/01/2023,08/31/2023,7,mg/L,mon avg,1,43.4,43.4,Action Plan Submitted - Implementing Improvements,Voluntary Compliance Underway
SHELTER COVE,Shelter Cove,"38 CHEAPSIDE RD, HALDIMAND COUNTY, ON N0A 1P0",HALDIMAND COUNTY,Miscellaneous Communal,Hamilton District Office,CARBONACEOUS BIOCHEMICAL OXYGEN DEMAND,Approval/Permit Non-Compliance,08/01/2023,08/31/2023,7,mg/L,mon avg,1,18.25,18.25,Action Plan Submitted - Implementing Improvements,Voluntary Compliance Underway
SHELTER COVE,Shelter Cove,"38 CHEAPSIDE RD, HALDIMAND COUNTY, ON N0A 1P0",HALDIMAND COUNTY,Miscellaneous Communal,Hamilton District Office,TOTAL AMMONIA NITROGEN,Approval/Permit Non-Compliance,08/01/2023,08/31/2023,0.14,kg/d,mon avg,1,0.86,0.86,Action Plan Submitted - Implementing Improvements,Voluntary Compliance Underway
SHELTER COVE,Shelter Cove,"38 CHEAPSIDE RD, HALDIMAND COUNTY, ON N0A 1P0",HALDIMAND COUNTY,Miscellaneous Communal,Hamilton District Office,PHOSPHORUS; TOTAL,Approval/Permit Non-Compliance,09/01/2023,09/30/2023,0.04,mg/L,mon avg,1,0.71,0.71,Action Plan Submitted - Implementing Improvements,Voluntary Compliance Underway
SHELTER COVE,Shelter Cove,"38 CHEAPSIDE RD, HALDIMAND COUNTY, ON N0A 1P0",HALDIMAND COUNTY,Miscellaneous Communal,Hamilton District Office,TOTAL AMMONIA NITROGEN,Approval/Permit Non-Compliance,09/01/2023,09/30/2023,0.14,kg/d,mon avg,1,1.48,1.48,Action Plan Submitted - Implementing Improvements,Voluntary Compliance Underway
SHELTER COVE,Shelter Cove,"38 CHEAPSIDE RD, HALDIMAND COUNTY, ON N0A 1P0",HALDIMAND COUNTY,Miscellaneous Communal,Hamilton District Office,"SUSPENDED SOLIDS, TOTAL",Approval/Permit Non-Compliance,09/01/2023,09/30/2023,7,mg/L,mon avg,1,28,28,Action Plan Submitted - Implementing Improvements,Voluntary Compliance Underway
SHELTER COVE,Shelter Cove,"38 CHEAPSIDE RD, HALDIMAND COUNTY, ON N0A 1P0",HALDIMAND COUNTY,Miscellaneous Communal,Hamilton District Office,ESCHERICHIA COLI,Approval/Permit Non-Compliance,09/01/2023,09/30/2023,200,CT/100mL,mon avg on a geo. mean density,1,2379,2379,Action Plan Submitted - Implementing Improvements,Voluntary Compliance Underway
SHELTER COVE,Shelter Cove,"38 CHEAPSIDE RD, HALDIMAND COUNTY, ON N0A 1P0",HALDIMAND COUNTY,Miscellaneous Communal,Hamilton District Office,PHOSPHORUS; TOTAL,Approval/Permit Non-Compliance,09/01/2023,09/30/2023,0.006,kg/d,mon avg,1,0.053,0.053,Action Plan Submitted - Implementing Improvements,Voluntary Compliance Underway
SHELTER COVE,Shelter Cove,"38 CHEAPSIDE RD, HALDIMAND COUNTY, ON N0A 1P0",HALDIMAND COUNTY,Miscellaneous Communal,Hamilton District Office,TOTAL AMMONIA NITROGEN,Approval/Permit Non-Compliance,09/01/2023,09/30/2023,1,mg/L,mon avg,1,39.78,39.78,Action Plan Submitted - Implementing Improvements,Voluntary Compliance Underway
SHELTER COVE,Shelter Cove,"38 CHEAPSIDE RD, HALDIMAND COUNTY, ON N0A 1P0",HALDIMAND COUNTY,Miscellaneous Communal,Hamilton District Office,"SUSPENDED SOLIDS, TOTAL",Approval/Permit Non-Compliance,09/01/2023,09/30/2023,1,kg/d,mon avg,1,1.42,1.42,Action Plan Submitted - Implementing Improvements,Voluntary Compliance Underway
SHELTER COVE,Shelter Cove,"38 CHEAPSIDE RD, HALDIMAND COUNTY, ON N0A 1P0",HALDIMAND COUNTY,Miscellaneous Communal,Hamilton District Office,TOTAL AMMONIA NITROGEN,Approval/Permit Non-Compliance,10/01/2023,10/31/2023,1,mg/L,mon avg,1,24.53,24.53,Action Plan Submitted - Implementing Improvements,Voluntary Compliance Underway
SHELTER COVE,Shelter Cove,"38 CHEAPSIDE RD, HALDIMAND COUNTY, ON N0A 1P0",HALDIMAND COUNTY,Miscellaneous Communal,Hamilton District Office,CARBONACEOUS BIOCHEMICAL OXYGEN DEMAND,Approval/Permit Non-Compliance,10/01/2023,10/31/2023,7,mg/L,mon avg,1,9.83,9.83,Action Plan Submitted - Implementing Improvements,Voluntary Compliance Underway
SHELTER COVE,Shelter Cove,"38 CHEAPSIDE RD, HALDIMAND COUNTY, ON N0A 1P0",HALDIMAND COUNTY,Miscellaneous Communal,Hamilton District Office,TOTAL AMMONIA NITROGEN,Approval/Permit Non-Compliance,10/01/2023,10/31/2023,0.14,kg/d,mon avg,1,1.07,1.07,Action Plan Submitted - Implementing Improvements,Voluntary Compliance Underway
SHELTER COVE,Shelter Cove,"38 CHEAPSIDE RD, HALDIMAND COUNTY, ON N0A 1P0",HALDIMAND COUNTY,Miscellaneous Communal,Hamilton District Office,PHOSPHORUS; TOTAL,Approval/Permit Non-Compliance,10/01/2023,10/31/2023,0.04,mg/L,mon avg,1,1.18,1.18,Action Plan Submitted - Implementing Improvements,Voluntary Compliance Underway
SHELTER COVE,Shelter Cove,"38 CHEAPSIDE RD, HALDIMAND COUNTY, ON N0A 1P0",HALDIMAND COUNTY,Miscellaneous Communal,Hamilton District Office,"SUSPENDED SOLIDS, TOTAL",Approval/Permit Non-Compliance,10/01/2023,10/31/2023,7,mg/L,mon avg,1,34.03,34.03,Action Plan Submitted - Implementing Improvements,Voluntary Compliance Underway
SHELTER COVE,Shelter Cove,"38 CHEAPSIDE RD, HALDIMAND COUNTY, ON N0A 1P0",HALDIMAND COUNTY,Miscellaneous Communal,Hamilton District Office,PHOSPHORUS; TOTAL,Approval/Permit Non-Compliance,10/01/2023,10/31/2023,0.006,kg/d,mon avg,1,0.19,0.19,Action Plan Submitted - Implementing Improvements,Voluntary Compliance Underway
SHELTER COVE,Shelter Cove,"38 CHEAPSIDE RD, HALDIMAND COUNTY, ON N0A 1P0",HALDIMAND COUNTY,Miscellaneous Communal,Hamilton District Office,ESCHERICHIA COLI,Approval/Permit Non-Compliance,10/01/2023,10/31/2023,200,CT/100mL,mon avg on a geo. mean density,1,2491,2491,Action Plan Submitted - Implementing Improvements,Voluntary Compliance Underway
SHELTER COVE,Shelter Cove,"38 CHEAPSIDE RD, HALDIMAND COUNTY, ON N0A 1P0",HALDIMAND COUNTY,Miscellaneous Communal,Hamilton District Office,ESCHERICHIA COLI,Approval/Permit Non-Compliance,11/01/2023,11/30/2023,200,CT/100mL,mon avg on a geo. mean density,1,7680,7680,Action Plan Submitted - Implementing Improvements,Voluntary Compliance Underway
SHELTER COVE,Shelter Cove,"38 CHEAPSIDE RD, HALDIMAND COUNTY, ON N0A 1P0",HALDIMAND COUNTY,Miscellaneous Communal,Hamilton District Office,TOTAL AMMONIA NITROGEN,Approval/Permit Non-Compliance,11/01/2023,11/30/2023,0.14,kg/d,mon avg,1,0.78,0.78,Action Plan Submitted - Implementing Improvements,Voluntary Compliance Underway
SHELTER COVE,Shelter Cove,"38 CHEAPSIDE RD, HALDIMAND COUNTY, ON N0A 1P0",HALDIMAND COUNTY,Miscellaneous Communal,Hamilton District Office,TOTAL AMMONIA NITROGEN,Approval/Permit Non-Compliance,11/01/2023,11/30/2023,1,mg/L,mon avg,1,39.84,39.84,Action Plan Submitted - Implementing Improvements,Voluntary Compliance Underway
SHELTER COVE,Shelter Cove,"38 CHEAPSIDE RD, HALDIMAND COUNTY, ON N0A 1P0",HALDIMAND COUNTY,Miscellaneous Communal,Hamilton District Office,PHOSPHORUS; TOTAL,Approval/Permit Non-Compliance,11/01/2023,11/30/2023,0.04,mg/L,mon avg,1,0.2,0.2,Action Plan Submitted - Implementing Improvements,Voluntary Compliance Underway
SHELTER COVE,Shelter Cove,"38 CHEAPSIDE RD, HALDIMAND COUNTY, ON N0A 1P0",HALDIMAND COUNTY,Miscellaneous Communal,Hamilton District Office,PHOSPHORUS; TOTAL,Approval/Permit Non-Compliance,11/01/2023,11/30/2023,0.04,mg/L,mon avg,1,1.86,1.86,Action Plan Submitted - Implementing Improvements,Voluntary Compliance Underway
SHELTER COVE,Shelter Cove,"38 CHEAPSIDE RD, HALDIMAND COUNTY, ON N0A 1P0",HALDIMAND COUNTY,Miscellaneous Communal,Hamilton District Office,PHOSPHORUS; TOTAL,Approval/Permit Non-Compliance,11/01/2023,11/30/2023,0.006,kg/d,mon avg,1,0.038,0.038,Action Plan Submitted - Implementing Improvements,Voluntary Compliance Underway
SHELTER COVE,Shelter Cove,"38 CHEAPSIDE RD, HALDIMAND COUNTY, ON N0A 1P0",HALDIMAND COUNTY,Miscellaneous Communal,Hamilton District Office,"SUSPENDED SOLIDS, TOTAL",Approval/Permit Non-Compliance,11/01/2023,11/30/2023,1,kg/d,mon avg,1,1.09,1.09,Action Plan Submitted - Implementing Improvements,Voluntary Compliance Underway
SHELTER COVE,Shelter Cove,"38 CHEAPSIDE RD, HALDIMAND COUNTY, ON N0A 1P0",HALDIMAND COUNTY,Miscellaneous Communal,Hamilton District Office,CARBONACEOUS BIOCHEMICAL OXYGEN DEMAND,Approval/Permit Non-Compliance,11/01/2023,11/30/2023,7,mg/L,mon avg,1,14.48,14.48,Action Plan Submitted - Implementing Improvements,Voluntary Compliance Underway
SHELTER COVE,Shelter Cove,"38 CHEAPSIDE RD, HALDIMAND COUNTY, ON N0A 1P0",HALDIMAND COUNTY,Miscellaneous Communal,Hamilton District Office,"SUSPENDED SOLIDS, TOTAL",Approval/Permit Non-Compliance,11/01/2023,11/30/2023,7,mg/L,mon avg,1,45.72,45.72,Action Plan Submitted - Implementing Improvements,Voluntary Compliance Underway
SHELTER COVE,Shelter Cove,"38 CHEAPSIDE RD, HALDIMAND COUNTY, ON N0A 1P0",HALDIMAND COUNTY,Miscellaneous Communal,Hamilton District Office,TOTAL AMMONIA NITROGEN,Approval/Permit Non-Compliance,12/01/2023,12/31/2023,1,mg/L,mon avg,1,26.7,26.7,Action Plan Submitted - Implementing Improvements,Voluntary Compliance Underway
SHELTER COVE,Shelter Cove,"38 CHEAPSIDE RD, HALDIMAND COUNTY, ON N0A 1P0",HALDIMAND COUNTY,Miscellaneous Communal,Hamilton District Office,PHOSPHORUS; TOTAL,Approval/Permit Non-Compliance,12/01/2023,12/31/2023,0.04,mg/L,mon avg,1,0.86,0.86,Action Plan Submitted - Implementing Improvements,Voluntary Compliance Underway
SHELTER COVE,Shelter Cove,"38 CHEAPSIDE RD, HALDIMAND COUNTY, ON N0A 1P0",HALDIMAND COUNTY,Miscellaneous Communal,Hamilton District Office,TOTAL AMMONIA NITROGEN,Approval/Permit Non-Compliance,12/01/2023,12/31/2023,0.14,mg/L,mon avg,1,2.15,2.15,Action Plan Submitted - Implementing Improvements,Voluntary Compliance Underway
SHELTER COVE,Shelter Cove,"38 CHEAPSIDE RD, HALDIMAND COUNTY, ON N0A 1P0",HALDIMAND COUNTY,Miscellaneous Communal,Hamilton District Office,"SUSPENDED SOLIDS, TOTAL",Approval/Permit Non-Compliance,12/01/2023,12/31/2023,7,mg/L,mon avg,1,61.98,61.98,Action Plan Submitted - Implementing Improvements,Voluntary Compliance Underway
SHELTER COVE,Shelter Cove,"38 CHEAPSIDE RD, HALDIMAND COUNTY, ON N0A 1P0",HALDIMAND COUNTY,Miscellaneous Communal,Hamilton District Office,"SUSPENDED SOLIDS, TOTAL",Approval/Permit Non-Compliance,12/01/2023,12/31/2023,1,mg/L,mon avg,1,2.46,2.46,Action Plan Submitted - Implementing Improvements,Voluntary Compliance Underway
SHELTER COVE,Shelter Cove,"38 CHEAPSIDE RD, HALDIMAND COUNTY, ON N0A 1P0",HALDIMAND COUNTY,Miscellaneous Communal,Hamilton District Office,CARBONACEOUS BIOCHEMICAL OXYGEN DEMAND,Approval/Permit Non-Compliance,12/01/2023,12/31/2023,7,mg/L,mon avg,1,17.63,17.63,Action Plan Submitted - Implementing Improvements,Voluntary Compliance Underway
SHELTER COVE,Shelter Cove,"38 CHEAPSIDE RD, HALDIMAND COUNTY, ON N0A 1P0",HALDIMAND COUNTY,Miscellaneous Communal,Hamilton District Office,ESCHERICHIA COLI,Approval/Permit Non-Compliance,12/01/2023,12/31/2023,200,CT/100mL,mon avg on a geo. mean density,1,9656,9656,Action Plan Submitted - Implementing Improvements,Voluntary Compliance Underway
SHELTER COVE,Shelter Cove,"38 CHEAPSIDE RD, HALDIMAND COUNTY, ON N0A 1P0",HALDIMAND COUNTY,Miscellaneous Communal,Hamilton District Office,PHOSPHORUS; TOTAL,Approval/Permit Non-Compliance,12/01/2023,12/31/2023,0.006,mg/L,mon avg,1,0.1,0.1,Action Plan Submitted - Implementing Improvements,Voluntary Compliance Underway
SMITHS FALLS,Smiths Falls Water Pollution Control Plant,"180 QUEEN ST, SMITHS FALLS, ON K7A 5B8",Smith Falls,Municipal Sewage,Ottawa District Office,PHOSPHORUS; TOTAL,Approval/Permit Non-Compliance,04/01/2023,04/30/2023,0.3,mg/L,mon avg,1,0.39,0.39,Other,Assessment Underway
SMITHS FALLS,Smiths Falls Water Pollution Control Plant,"180 QUEEN ST, SMITHS FALLS, ON K7A 5B8",Smith Falls,Municipal Sewage,Ottawa District Office,PHOSPHORUS; TOTAL,Approval/Permit Non-Compliance,04/01/2023,04/30/2023,4.4,kg/d,mon avg,1,5.37,5.37,Other,Assessment Underway
SMITHS FALLS,Smiths Falls Water Pollution Control Plant,"180 QUEEN ST, SMITHS FALLS, ON K7A 5B8",Smith Falls,Municipal Sewage,Ottawa District Office,"SUSPENDED SOLIDS, TOTAL",Approval/Permit Non-Compliance,04/01/2023,04/30/2023,220.5,kg/d,mon avg,1,288.33,288.33,Other,Assessment Underway
SMITHS FALLS,Smiths Falls Water Pollution Control Plant,"180 QUEEN ST, SMITHS FALLS, ON K7A 5B8",Smith Falls,Municipal Sewage,Ottawa District Office,"SUSPENDED SOLIDS, TOTAL",Approval/Permit Non-Compliance,04/01/2023,04/30/2023,15,mg/L,mon avg,1,20.95,20.95,Other,Assessment Underway
SMOOTH ROCK FALLS,Smooth Rock Falls Water Pollution Control Plant,"110 FIRST ST, SMOOTH ROCK FALLS, ON P0L 2B0",SMOOTH ROCK FALLS,Municipal Sewage,Timmins District Office,"SUSPENDED SOLIDS, TOTAL",Approval/Permit Non-Compliance,06/01/2023,06/30/2023,25,mg/L,mon avg,1,33.4,33.4,Resolved w/o Actions Required,Addressed w/o Intervention
SMOOTH ROCK FALLS,Smooth Rock Falls Water Pollution Control Plant,"110 FIRST ST, SMOOTH ROCK FALLS, ON P0L 2B0",SMOOTH ROCK FALLS,Municipal Sewage,Timmins District Office,"SUSPENDED SOLIDS, TOTAL",Approval/Permit Non-Compliance,01/01/2023,01/31/2023,25,mg/L,mon avg,1,29.8,29.8,Operational Process Modified,Event Resolved
SMOOTH ROCK FALLS,Smooth Rock Falls Water Pollution Control Plant,"110 FIRST ST, SMOOTH ROCK FALLS, ON P0L 2B0",SMOOTH ROCK FALLS,Municipal Sewage,Timmins District Office,"SUSPENDED SOLIDS, TOTAL",Approval/Permit Non-Compliance,04/01/2023,04/30/2023,25,mg/L,mon avg,1,31.1,31.1,Resolved w/o Actions Required,Addressed w/o Intervention
SMOOTH ROCK FALLS,Smooth Rock Falls Water Pollution Control Plant,"110 FIRST ST, SMOOTH ROCK FALLS, ON P0L 2B0",SMOOTH ROCK FALLS,Municipal Sewage,Timmins District Office,ESCHERICHIA COLI,Approval/Permit Non-Compliance,04/03/2023,04/23/2023,200,CT/100mL,mon avg on a geo. mean density,1,816,816,Resolved w/o Actions Required,Addressed w/o Intervention
SMOOTH ROCK FALLS,Smooth Rock Falls Water Pollution Control Plant,"110 FIRST ST, SMOOTH ROCK FALLS, ON P0L 2B0",SMOOTH ROCK FALLS,Municipal Sewage,Timmins District Office,"SUSPENDED SOLIDS, TOTAL",Approval/Permit Non-Compliance,12/01/2023,12/31/2023,25,mg/L,mon avg,1,25.1,25.1,Resolved w/o Actions Required,Voluntary Compliance Underway
SPRINGWATER,Snow Valley Environmental Centre,"15 ALPINE TR, MINESING, SPRINGWATER, ON L0L 1Y3",SPRINGWATER,Municipal Sewage,Barrie District Office,TOTAL AMMONIA NITROGEN,Approval/Permit Non-Compliance,01/01/2023,12/31/2023,7,mg/L,annual avg,1,12.9,12.9,Operational Process Modified,Voluntary Compliance Underway
ST. MARYS,St Marys Water Pollution Control Plant,"309 THOMAS ST, ST. MARYS, ON N4X 1C6",ST. MARYS,Municipal Sewage,London District Office,PHOSPHORUS; TOTAL,Approval/Permit Non-Compliance,01/06/2023,01/06/2023,1,mg/L,/day,1,1.22,1.22,Other,Voluntary Compliance Underway
ST. MARYS,St Marys Water Pollution Control Plant,"309 THOMAS ST, ST. MARYS, ON N4X 1C6",ST. MARYS,Municipal Sewage,London District Office,TOTAL AMMONIA NITROGEN,Approval/Permit Non-Compliance,07/18/2023,07/18/2023,8,mg/L,/day,1,16.7,16.7,Operational Process Modified,Voluntary Compliance Underway
ST. MARYS,St Marys Water Pollution Control Plant,"309 THOMAS ST, ST. MARYS, ON N4X 1C6",ST. MARYS,Municipal Sewage,London District Office,PHOSPHORUS; TOTAL,Approval/Permit Non-Compliance,07/18/2023,07/18/2023,1,mg/L,/day,1,3.1,3.1,Operational Process Modified,Voluntary Compliance Underway
ST. MARYS,St Marys Water Pollution Control Plant,"309 THOMAS ST, ST. MARYS, ON N4X 1C6",ST. MARYS,Municipal Sewage,London District Office,CARBONACEOUS BIOCHEMICAL OXYGEN DEMAND,Approval/Permit Non-Compliance,07/18/2023,07/18/2023,25,mg/L,/day,1,81,81,Operational Process Modified,Voluntary Compliance Underway
ST. MARYS,St Marys Water Pollution Control Plant,"309 THOMAS ST, ST. MARYS, ON N4X 1C6",ST. MARYS,Municipal Sewage,London District Office,TOTAL AMMONIA NITROGEN,Approval/Permit Non-Compliance,07/19/2023,07/19/2023,8,mg/L,/day,1,19.9,19.9,Operational Process Modified,Voluntary Compliance Underway
ST. MARYS,St Marys Water Pollution Control Plant,"309 THOMAS ST, ST. MARYS, ON N4X 1C6",ST. MARYS,Municipal Sewage,London District Office,PHOSPHORUS; TOTAL,Approval/Permit Non-Compliance,08/29/2023,08/29/2023,1,mg/L,/day,1,6.96,6.96,Operational Process Modified,Voluntary Compliance Underway
ST. MARYS,St Marys Water Pollution Control Plant,"309 THOMAS ST, ST. MARYS, ON N4X 1C6",ST. MARYS,Municipal Sewage,London District Office,PHOSPHORUS; TOTAL,Approval/Permit Non-Compliance,08/30/2023,08/30/2023,1,ml/L,/day,1,6.9,6.9,Operational Process Modified,Voluntary Compliance Underway
ST. MARYS,St Marys Water Pollution Control Plant,"309 THOMAS ST, ST. MARYS, ON N4X 1C6",ST. MARYS,Municipal Sewage,London District Office,TOTAL AMMONIA NITROGEN,Approval/Permit Non-Compliance,08/30/2023,08/30/2023,8,mg/L,/day,1,13.2,13.2,Operational Process Modified,Voluntary Compliance Underway
ST. MARYS,St Marys Water Pollution Control Plant,"309 THOMAS ST, ST. MARYS, ON N4X 1C6",ST. MARYS,Municipal Sewage,London District Office,TOTAL AMMONIA NITROGEN,Approval/Permit Non-Compliance,08/31/2023,08/31/2023,8,mg/L,/day,1,16.9,16.9,Operational Process Modified,Voluntary Compliance Underway
ST. MARYS,St Marys Water Pollution Control Plant,"309 THOMAS ST, ST. MARYS, ON N4X 1C6",ST. MARYS,Municipal Sewage,London District Office,PHOSPHORUS; TOTAL,Approval/Permit Non-Compliance,08/31/2023,08/31/2023,1,mg/L,/day,1,3.1,3.1,Operational Process Modified,Voluntary Compliance Underway
ST. MARYS,St Marys Water Pollution Control Plant,"309 THOMAS ST, ST. MARYS, ON N4X 1C6",ST. MARYS,Municipal Sewage,London District Office,PHOSPHORUS; TOTAL,Approval/Permit Non-Compliance,08/01/2023,08/31/2023,1,mg/L,/mon,1,2.96,2.96,Operational Process Modified,Voluntary Compliance Underway
ST. MARYS,St Marys Water Pollution Control Plant,"309 THOMAS ST, ST. MARYS, ON N4X 1C6",ST. MARYS,Municipal Sewage,London District Office,TOTAL AMMONIA NITROGEN,Approval/Permit Non-Compliance,09/01/2023,09/01/2023,8,mg/L,/day,1,14.8,14.8,Operational Process Modified,Voluntary Compliance Underway
ST. MARYS,St Marys Water Pollution Control Plant,"309 THOMAS ST, ST. MARYS, ON N4X 1C6",ST. MARYS,Municipal Sewage,London District Office,PHOSPHORUS; TOTAL,Approval/Permit Non-Compliance,09/01/2023,09/01/2023,1,mg/L,/day,1,1.13,1.13,Operational Process Modified,Voluntary Compliance Underway
ST. MARYS,St Marys Water Pollution Control Plant,"309 THOMAS ST, ST. MARYS, ON N4X 1C6",ST. MARYS,Municipal Sewage,London District Office,TOTAL AMMONIA NITROGEN,Approval/Permit Non-Compliance,09/11/2023,09/11/2023,8,mg/L,/day,1,13.4,13.4,Operational Process Modified,Voluntary Compliance Underway
ST. MARYS,St Marys Water Pollution Control Plant,"309 THOMAS ST, ST. MARYS, ON N4X 1C6",ST. MARYS,Municipal Sewage,London District Office,TOTAL AMMONIA NITROGEN,Legislation Non-Compliance,09/01/2023,09/30/2023,6,mg/L,/mon,1,13.8,13.8,New Equipment or Treatment Process Installed,Voluntary Compliance Underway
ST. MARYS,St Marys Water Pollution Control Plant,"309 THOMAS ST, ST. MARYS, ON N4X 1C6",ST. MARYS,Municipal Sewage,London District Office,TOTAL AMMONIA NITROGEN,Approval/Permit Non-Compliance,09/13/2023,09/13/2023,8,mg/L,/day,1,16.4,16.4,New Equipment or Treatment Process Installed,Voluntary Compliance Underway
ST. MARYS,St Marys Water Pollution Control Plant,"309 THOMAS ST, ST. MARYS, ON N4X 1C6",ST. MARYS,Municipal Sewage,London District Office,TOTAL AMMONIA NITROGEN,Approval/Permit Non-Compliance,09/18/2023,09/18/2023,8,mg/L,/day,1,13.7,13.7,New Equipment or Treatment Process Installed,Voluntary Compliance Underway
ST. MARYS,St Marys Water Pollution Control Plant,"309 THOMAS ST, ST. MARYS, ON N4X 1C6",ST. MARYS,Municipal Sewage,London District Office,TOTAL AMMONIA NITROGEN,Approval/Permit Non-Compliance,09/20/2023,09/20/2023,8,mg/L,/day,1,18.4,18.4,New Equipment or Treatment Process Installed,Voluntary Compliance Underway
ST. MARYS,St Marys Water Pollution Control Plant,"309 THOMAS ST, ST. MARYS, ON N4X 1C6",ST. MARYS,Municipal Sewage,London District Office,TOTAL AMMONIA NITROGEN,Approval/Permit Non-Compliance,09/27/2023,09/27/2023,8,mg/L,/day,1,17.2,17.2,New Equipment or Treatment Process Installed,Voluntary Compliance Underway
ST. MARYS,St Marys Water Pollution Control Plant,"309 THOMAS ST, ST. MARYS, ON N4X 1C6",ST. MARYS,Municipal Sewage,London District Office,TOTAL AMMONIA NITROGEN,Approval/Permit Non-Compliance,10/02/2023,10/02/2023,8,mg/L,/day,1,8.6,8.6,New Equipment or Treatment Process Installed,Voluntary Compliance Underway
ST. MARYS,St Marys Water Pollution Control Plant,"309 THOMAS ST, ST. MARYS, ON N4X 1C6",ST. MARYS,Municipal Sewage,London District Office,PHOSPHORUS; TOTAL,Approval/Permit Non-Compliance,08/09/2023,08/09/2023,1,mg/L,/day,1,3.09,3.09,New Equipment or Treatment Process Installed,Voluntary Compliance Underway
ST. MARYS,St Marys Water Pollution Control Plant,"309 THOMAS ST, ST. MARYS, ON N4X 1C6",ST. MARYS,Municipal Sewage,London District Office,PHOSPHORUS; TOTAL,Approval/Permit Non-Compliance,08/16/2023,08/16/2023,1,mg/L,/day,1,2.42,2.42,New Equipment or Treatment Process Installed,Voluntary Compliance Underway
ST. MARYS,St Marys Water Pollution Control Plant,"309 THOMAS ST, ST. MARYS, ON N4X 1C6",ST. MARYS,Municipal Sewage,London District Office,TOTAL AMMONIA NITROGEN,Approval/Permit Non-Compliance,09/25/2023,09/25/2023,8,mg/L,/day,1,19.9,19.9,New Equipment or Treatment Process Installed,Voluntary Compliance Underway
ST.- CHARLES,St. Charles Lagoon,"LOT PART 10, CON 6, St. Charles, ON",St. Charles,Municipal Sewage,Sudbury District Office,PHOSPHORUS; TOTAL,Approval/Permit Non-Compliance,11/01/2023,11/30/2023,1,mg/L,seasonal avg,1,1.2,1.2,Resolved w/o Actions Required,Addressed w/o Intervention
CLEARVIEW,Stayner Water Pollution Control Plant,"300 MOWAT ST N, CLEARVIEW, ON L0M 1S0",CLEARVIEW,Municipal Sewage,Barrie District Office,"SUSPENDED SOLIDS, TOTAL",Approval/Permit Non-Compliance,04/01/2023,04/30/2023,15,mg/L,mon avg,1,18.3,18.3,Resolved w/o Actions Required,Addressed w/o Intervention
NIAGARA REGION,Stevensville-Douglastown Lagoon,"3274 Netherby Rd, Fort Erie, ON L0S 1S0",FORT ERIE,Municipal Sewage,Niagara District Office,TOTAL AMMONIA NITROGEN,Approval/Permit Non-Compliance,01/03/2023,01/03/2023,15,mg/L,/day,1,15.6,15.6,Additional Monitoring Underway,Voluntary Compliance Underway
NIAGARA REGION,Stevensville-Douglastown Lagoon,"3274 Netherby Rd, Fort Erie, ON L0S 1S0",FORT ERIE,Municipal Sewage,Niagara District Office,TOTAL AMMONIA NITROGEN,Approval/Permit Non-Compliance,05/01/2023,10/31/2023,7,mg/L,annual avg,1,14.5,14.5,Additional Monitoring Underway,Assessment Underway
NIAGARA REGION,Stevensville-Douglastown Lagoon,"3274 Netherby Rd, Fort Erie, ON L0S 1S0",FORT ERIE,Municipal Sewage,Niagara District Office,TOTAL AMMONIA NITROGEN,Approval/Permit Non-Compliance,05/01/2023,10/31/2023,16,kg/d,annual avg,1,18.2,18.2,Additional Monitoring Underway,Assessment Underway
NIAGARA REGION,Stevensville-Douglastown Lagoon,"3274 Netherby Rd, Fort Erie, ON L0S 1S0",FORT ERIE,Municipal Sewage,Niagara District Office,TOTAL AMMONIA NITROGEN,Approval/Permit Non-Compliance,05/02/2023,05/04/2023,10,mg/L,/day,2,10.4,13,Additional Monitoring Underway,Assessment Underway
NIAGARA REGION,Stevensville-Douglastown Lagoon,"3274 Netherby Rd, Fort Erie, ON L0S 1S0",FORT ERIE,Municipal Sewage,Niagara District Office,TOTAL AMMONIA NITROGEN,Approval/Permit Non-Compliance,05/08/2023,05/11/2023,10,mg/L,/day,2,10.9,13.4,Additional Monitoring Underway,Assessment Underway
NIAGARA REGION,Stevensville-Douglastown Lagoon,"3274 Netherby Rd, Fort Erie, ON L0S 1S0",FORT ERIE,Municipal Sewage,Niagara District Office,TOTAL AMMONIA NITROGEN,Approval/Permit Non-Compliance,05/16/2023,05/25/2023,10,mg/L,/day,4,14.9,16.2,Additional Monitoring Underway,Assessment Underway
NIAGARA REGION,Stevensville-Douglastown Lagoon,"3274 Netherby Rd, Fort Erie, ON L0S 1S0",FORT ERIE,Municipal Sewage,Niagara District Office,TOTAL AMMONIA NITROGEN,Approval/Permit Non-Compliance,06/26/2023,07/03/2023,10,mg/L,/day,3,19.4,28.6,Additional Monitoring Underway,Assessment Underway
NIAGARA REGION,Stevensville-Douglastown Lagoon,"3274 Netherby Rd, Fort Erie, ON L0S 1S0",FORT ERIE,Municipal Sewage,Niagara District Office,TOTAL AMMONIA NITROGEN,Approval/Permit Non-Compliance,07/06/2023,07/13/2023,10,mg/L,/day,3,17,19.2,Additional Monitoring Underway,Voluntary Compliance Underway
NIAGARA REGION,Stevensville-Douglastown Lagoon,"3274 Netherby Rd, Fort Erie, ON L0S 1S0",FORT ERIE,Municipal Sewage,Niagara District Office,TOTAL AMMONIA NITROGEN,Approval/Permit Non-Compliance,07/17/2023,07/25/2023,10,mg/L,/day,3,14,15.4,Additional Monitoring Underway,Assessment Underway
NIAGARA REGION,Stevensville-Douglastown Lagoon,"3274 Netherby Rd, Fort Erie, ON L0S 1S0",FORT ERIE,Municipal Sewage,Niagara District Office,TOTAL AMMONIA NITROGEN,Approval/Permit Non-Compliance,07/27/2023,07/31/2023,10,mg/L,/day,2,10.4,10.6,Additional Monitoring Underway,Assessment Underway
NIAGARA REGION,Stevensville-Douglastown Lagoon,"3274 Netherby Rd, Fort Erie, ON L0S 1S0",FORT ERIE,Municipal Sewage,Niagara District Office,TOTAL AMMONIA NITROGEN,Approval/Permit Non-Compliance,08/03/2023,08/17/2023,10,mg/L,/day,5,10.5,15,Additional Monitoring Underway,Assessment Underway
NIAGARA REGION,Stevensville-Douglastown Lagoon,"3274 Netherby Rd, Fort Erie, ON L0S 1S0",FORT ERIE,Municipal Sewage,Niagara District Office,TOTAL AMMONIA NITROGEN,Approval/Permit Non-Compliance,08/22/2023,08/31/2023,10,mg/L,/day,3,11.1,12.8,Additional Monitoring Underway,Assessment Underway
NIAGARA REGION,Stevensville-Douglastown Lagoon,"3274 Netherby Rd, Fort Erie, ON L0S 1S0",FORT ERIE,Municipal Sewage,Niagara District Office,TOTAL AMMONIA NITROGEN,Approval/Permit Non-Compliance,09/05/2023,09/11/2023,10,mg/L,/day,2,11.6,12.1,Additional Monitoring Underway,Assessment Underway
NIAGARA REGION,Stevensville-Douglastown Lagoon,"3274 Netherby Rd, Fort Erie, ON L0S 1S0",FORT ERIE,Municipal Sewage,Niagara District Office,TOTAL AMMONIA NITROGEN,Approval/Permit Non-Compliance,09/14/2023,10/19/2023,10,mg/L,/day,2,12.8,15.3,Operational Process Modified,Assessment Underway
NIAGARA REGION,Stevensville-Douglastown Lagoon,"3274 Netherby Rd, Fort Erie, ON L0S 1S0",FORT ERIE,Municipal Sewage,Niagara District Office,TOTAL AMMONIA NITROGEN,Approval/Permit Non-Compliance,10/26/2023,10/31/2023,10,mg/L,/day,2,17.5,20.4,Additional Monitoring Underway,Assessment Underway
NIAGARA REGION,Stevensville-Douglastown Lagoon,"3274 Netherby Rd, Fort Erie, ON L0S 1S0",FORT ERIE,Municipal Sewage,Niagara District Office,TOTAL AMMONIA NITROGEN,Approval/Permit Non-Compliance,11/01/2023,12/31/2023,10,mg/L,annual avg,1,14.41,14.41,Additional Monitoring Underway,Assessment Underway
NIAGARA REGION,Stevensville-Douglastown Lagoon,"3274 Netherby Rd, Fort Erie, ON L0S 1S0",FORT ERIE,Municipal Sewage,Niagara District Office,TOTAL AMMONIA NITROGEN,Approval/Permit Non-Compliance,11/01/2023,12/31/2023,23,kg/d,annual avg,1,24.8,24.8,Additional Monitoring Underway,Assessment Underway
NIAGARA REGION,Stevensville-Douglastown Lagoon,"3274 Netherby Rd, Fort Erie, ON L0S 1S0",FORT ERIE,Municipal Sewage,Niagara District Office,TOTAL AMMONIA NITROGEN,Approval/Permit Non-Compliance,11/02/2023,11/06/2023,15,mg/L,/day,2,19.4,22.9,Additional Monitoring Underway,Assessment Underway
NIAGARA REGION,Stevensville-Douglastown Lagoon,"3274 Netherby Rd, Fort Erie, ON L0S 1S0",FORT ERIE,Municipal Sewage,Niagara District Office,TOTAL AMMONIA NITROGEN,Approval/Permit Non-Compliance,11/23/2023,11/30/2023,15,mg/L,/day,3,19.9,22.6,Additional Monitoring Underway,Assessment Underway
NIAGARA REGION,Stevensville-Douglastown Lagoon,"3274 Netherby Rd, Fort Erie, ON L0S 1S0",FORT ERIE,Municipal Sewage,Niagara District Office,TOTAL AMMONIA NITROGEN,Approval/Permit Non-Compliance,12/04/2023,12/12/2023,15,mg/L,/day,3,19.9,21.5,Additional Monitoring Underway,Voluntary Compliance Underway
NIAGARA REGION,Stevensville-Douglastown Lagoon,"3274 Netherby Rd, Fort Erie, ON L0S 1S0",FORT ERIE,Municipal Sewage,Niagara District Office,TOTAL AMMONIA NITROGEN,Approval/Permit Non-Compliance,12/14/2023,12/21/2023,15,mg/L,/day,3,18.1,22.3,Additional Monitoring Underway,Assessment Underway
SPRINGWATER,Stonemanor Wastewater Treatment Plant,"3168 DOBSON RD E, SPRINGWATER, ON L4M 4S4",SPRINGWATER,Municipal Sewage,Barrie District Office,TOTAL AMMONIA NITROGEN,Approval/Permit Non-Compliance,01/01/2023,01/31/2023,4.2,mg/L,mon avg,1,9.45,9.45,Equipment Modified - Repaired - Replaced or Re-calibrated,Voluntary Compliance Underway
SPRINGWATER,Stonemanor Wastewater Treatment Plant,"3168 DOBSON RD E, SPRINGWATER, ON L4M 4S4",SPRINGWATER,Municipal Sewage,Barrie District Office,TOTAL AMMONIA NITROGEN,Approval/Permit Non-Compliance,02/01/2023,02/28/2023,4.2,mg/L,mon avg,1,18,18,Equipment Modified - Repaired - Replaced or Re-calibrated,Voluntary Compliance Underway
SPRINGWATER,Stonemanor Wastewater Treatment Plant,"3168 DOBSON RD E, SPRINGWATER, ON L4M 4S4",SPRINGWATER,Municipal Sewage,Barrie District Office,TOTAL AMMONIA NITROGEN,Approval/Permit Non-Compliance,03/01/2023,03/31/2023,4.2,mg/L,mon avg,1,32.2,32.2,Equipment Modified - Repaired - Replaced or Re-calibrated,Voluntary Compliance Underway
SPRINGWATER,Stonemanor Wastewater Treatment Plant,"3168 DOBSON RD E, SPRINGWATER, ON L4M 4S4",SPRINGWATER,Municipal Sewage,Barrie District Office,"SUSPENDED SOLIDS, TOTAL",Approval/Permit Non-Compliance,04/01/2023,04/30/2023,15,mg/L,mon avg,1,21.25,21.25,Equipment Modified - Repaired - Replaced or Re-calibrated,Voluntary Compliance Underway
SPRINGWATER,Stonemanor Wastewater Treatment Plant,"3168 DOBSON RD E, SPRINGWATER, ON L4M 4S4",SPRINGWATER,Municipal Sewage,Barrie District Office,TOTAL AMMONIA NITROGEN,Approval/Permit Non-Compliance,04/01/2023,04/30/2023,4.2,mg/L,mon avg,1,15.5,15.5,Equipment Modified - Repaired - Replaced or Re-calibrated,Voluntary Compliance Underway
SPRINGWATER,Stonemanor Wastewater Treatment Plant,"3168 DOBSON RD E, SPRINGWATER, ON L4M 4S4",SPRINGWATER,Municipal Sewage,Barrie District Office,"SUSPENDED SOLIDS, TOTAL",Approval/Permit Non-Compliance,05/01/2023,05/31/2023,15,mg/L,mon avg,1,20.8,20.8,Equipment Modified - Repaired - Replaced or Re-calibrated,Voluntary Compliance Underway
SPRINGWATER,Stonemanor Wastewater Treatment Plant,"3168 DOBSON RD E, SPRINGWATER, ON L4M 4S4",SPRINGWATER,Municipal Sewage,Barrie District Office,TOTAL AMMONIA NITROGEN,Approval/Permit Non-Compliance,05/01/2023,05/31/2023,4.2,mg/L,mon avg,1,9.66,9.66,Equipment Modified - Repaired - Replaced or Re-calibrated,Voluntary Compliance Underway
SPRINGWATER,Stonemanor Wastewater Treatment Plant,"3168 DOBSON RD E, SPRINGWATER, ON L4M 4S4",SPRINGWATER,Municipal Sewage,Barrie District Office,TOTAL AMMONIA NITROGEN,Approval/Permit Non-Compliance,06/01/2023,06/30/2023,4.2,mg/L,mon avg,1,7.65,7.65,Equipment Modified - Repaired - Replaced or Re-calibrated,Voluntary Compliance Underway
SPRINGWATER,Stonemanor Wastewater Treatment Plant,"3168 DOBSON RD E, SPRINGWATER, ON L4M 4S4",SPRINGWATER,Municipal Sewage,Barrie District Office,TOTAL AMMONIA NITROGEN,Approval/Permit Non-Compliance,07/01/2023,07/31/2023,4.2,mg/L,mon avg,1,5.27,5.27,Equipment Modified - Repaired - Replaced or Re-calibrated,Voluntary Compliance Underway
SPRINGWATER,Stonemanor Wastewater Treatment Plant,"3168 DOBSON RD E, SPRINGWATER, ON L4M 4S4",SPRINGWATER,Municipal Sewage,Barrie District Office,TOTAL AMMONIA NITROGEN,Approval/Permit Non-Compliance,09/01/2023,09/30/2023,4.2,mg/L,mon avg,1,5.79,5.79,Equipment Modified - Repaired - Replaced or Re-calibrated,Voluntary Compliance Underway
SPRINGWATER,Stonemanor Wastewater Treatment Plant,"3168 DOBSON RD E, SPRINGWATER, ON L4M 4S4",SPRINGWATER,Municipal Sewage,Barrie District Office,TOTAL AMMONIA NITROGEN,Approval/Permit Non-Compliance,10/01/2023,10/31/2023,4.2,mg/L,mon avg,1,9.49,9.49,Operational Process Modified,Voluntary Compliance Underway
SPRINGWATER,Stonemanor Wastewater Treatment Plant,"3168 DOBSON RD E, SPRINGWATER, ON L4M 4S4",SPRINGWATER,Municipal Sewage,Barrie District Office,TOTAL AMMONIA NITROGEN,Approval/Permit Non-Compliance,12/01/2023,12/31/2023,4.2,mg/L,mon avg,1,9.55,9.55,Equipment Modified - Repaired - Replaced or Re-calibrated,Voluntary Compliance Underway
WEST NIPISSING,Sturgeon Falls Water Pollution Control Plant,"1 THIRD ST, STURGEON FALLS, WEST NIPISSING, ON P2B 3E6",WEST NIPISSING,Municipal Sewage,North Bay Area Office,ESCHERICHIA COLI,Approval/Permit Non-Compliance,08/01/2023,08/31/2023,200,CT/100mL,mon avg on a geo. mean density,1,377,377,Operational Process Modified,Addressed w/o Intervention
CAPREIT APARTMENTS INC.,Suncrest Mobile Home Park,"230 COUNTY RD 42, MAIDSTONE, ON N8N 2S5",MAIDSTONE,Miscellaneous Communal,Windsor Area Office,ESCHERICHIA COLI,Approval/Permit Non-Compliance,04/01/2023,04/30/2023,200,CT/100mL,mon avg on a geo. mean density,1,21544,21544,Other,Assessment Underway
CAPREIT APARTMENTS INC.,Suncrest Mobile Home Park,"230 COUNTY RD 42, MAIDSTONE, ON N8N 2S5",MAIDSTONE,Miscellaneous Communal,Windsor Area Office,ESCHERICHIA COLI,Approval/Permit Non-Compliance,08/01/2023,08/31/2023,200,CT/100mL,mon avg on a geo. mean density,1,464,464,Conducting Study,Event Resolved
CAPREIT APARTMENTS INC.,Suncrest Mobile Home Park,"230 COUNTY RD 42, MAIDSTONE, ON N8N 2S5",MAIDSTONE,Miscellaneous Communal,Windsor Area Office,"SUSPENDED SOLIDS, TOTAL",Approval/Permit Non-Compliance,10/22/2023,10/22/2023,15,mg/L,any,1,22,22,Equipment Modified - Repaired - Replaced or Re-calibrated,Voluntary Compliance Underway
CAPREIT APARTMENTS INC.,Suncrest Mobile Home Park,"230 COUNTY RD 42, MAIDSTONE, ON N8N 2S5",MAIDSTONE,Miscellaneous Communal,Windsor Area Office,TOTAL AMMONIA NITROGEN,Approval/Permit Non-Compliance,10/22/2023,10/22/2023,6,mg/L,any,1,6.84,6.84,Equipment Modified - Repaired - Replaced or Re-calibrated,Voluntary Compliance Underway
CAPREIT APARTMENTS INC.,Suncrest Mobile Home Park,"230 COUNTY RD 42, MAIDSTONE, ON N8N 2S5",MAIDSTONE,Miscellaneous Communal,Windsor Area Office,"SUSPENDED SOLIDS, TOTAL",Approval/Permit Non-Compliance,10/01/2023,10/31/2023,15,mg/L,mon avg,1,24,24,Equipment Modified - Repaired - Replaced or Re-calibrated,Voluntary Compliance Underway
SUNDRIDGE,Sundridge Lagoon,"1232 HIGH ROCK RD, SUNDRIDGE, ON P0A 1Z0",SUNDRIDGE,Municipal Sewage,North Bay Area Office,PHOSPHORUS; TOTAL,Approval/Permit Non-Compliance,06/01/2023,06/30/2023,0.27,mg/L,/mon,1,0.3175,0.3175,Equipment Modified - Repaired - Replaced or Re-calibrated,Voluntary Compliance Underway
SUNDRIDGE,Sundridge Lagoon,"1232 HIGH ROCK RD, SUNDRIDGE, ON P0A 1Z0",SUNDRIDGE,Municipal Sewage,North Bay Area Office,"SUSPENDED SOLIDS, TOTAL",Approval/Permit Non-Compliance,06/01/2023,06/30/2023,15,mg/L,/mon,1,15.25,15.25,Equipment Modified - Repaired - Replaced or Re-calibrated,Voluntary Compliance Underway
SUNDRIDGE,Sundridge Lagoon,"1232 HIGH ROCK RD, SUNDRIDGE, ON P0A 1Z0",SUNDRIDGE,Municipal Sewage,North Bay Area Office,PHOSPHORUS; TOTAL,Approval/Permit Non-Compliance,07/01/2023,07/31/2023,0.27,mg/L,mon avg,1,0.315,0.315,Equipment Modified - Repaired - Replaced or Re-calibrated,Addressed w/o Intervention
SUNDRIDGE,Sundridge Lagoon,"1232 HIGH ROCK RD, SUNDRIDGE, ON P0A 1Z0",SUNDRIDGE,Municipal Sewage,North Bay Area Office,"SUSPENDED SOLIDS, TOTAL",Approval/Permit Non-Compliance,07/01/2023,07/31/2023,15,mg/L,mon avg,1,16,16,Equipment Modified - Repaired - Replaced or Re-calibrated,Addressed w/o Intervention
SUNDRIDGE,Sundridge Lagoon,"1232 HIGH ROCK RD, SUNDRIDGE, ON P0A 1Z0",SUNDRIDGE,Municipal Sewage,North Bay Area Office,PHOSPHORUS; TOTAL,Approval/Permit Non-Compliance,08/01/2023,08/31/2023,0.27,mg/L,mon avg,1,0.274,0.274,Equipment Modified - Repaired - Replaced or Re-calibrated,Voluntary Compliance Underway
SUNDRIDGE,Sundridge Lagoon,"1232 HIGH ROCK RD, SUNDRIDGE, ON P0A 1Z0",SUNDRIDGE,Municipal Sewage,North Bay Area Office,PH - LOW,Approval/Permit Non-Compliance,12/12/2023,12/12/2023,6,pH,any,1,5.91,5.91,Resolved w/o Actions Required,Addressed w/o Intervention
CAPREIT APARTMENTS INC.,Sunny Creek Estates,"63 WHITES RD, QUINTE WEST, ON K8V 5P5",QUINTE WEST,Miscellaneous Communal,Peterborough District Office,"SUSPENDED SOLIDS, TOTAL",Approval/Permit Non-Compliance,11/30/2023,11/30/2023,15,mg/L,mon avg,1,99.5,99.5,Operational Process Modified,Voluntary Compliance Underway
CAPREIT APARTMENTS INC.,Sunny Creek Estates,"63 WHITES RD, QUINTE WEST, ON K8V 5P5",QUINTE WEST,Miscellaneous Communal,Peterborough District Office,"SUSPENDED SOLIDS, TOTAL",Approval/Permit Non-Compliance,10/31/2023,10/31/2023,15,mg/L,mon avg,1,55,55,Operational Process Modified,Voluntary Compliance Underway
CAPREIT APARTMENTS INC.,Sunny Creek Estates,"63 WHITES RD, QUINTE WEST, ON K8V 5P5",QUINTE WEST,Miscellaneous Communal,Peterborough District Office,"SUSPENDED SOLIDS, TOTAL",Approval/Permit Non-Compliance,03/31/2023,03/31/2023,15,mg/L,mon avg,1,18,18,Equipment Modified - Repaired - Replaced or Re-calibrated,Assessment Underway
CAPREIT APARTMENTS INC.,Sunny Creek Estates,"63 WHITES RD, QUINTE WEST, ON K8V 5P5",QUINTE WEST,Miscellaneous Communal,Peterborough District Office,"SUSPENDED SOLIDS, TOTAL",Approval/Permit Non-Compliance,12/31/2023,12/31/2023,1.0275,kg/d,annual avg,1,1.363,1.363,Action Plan Submitted,Voluntary Compliance Underway
RIOCAN HOLDINGS,Tanger Outlets Cookstown,"3311 COUNTY RD 89, INNISFIL, ON L0L 1L0",INNISFIL,Miscellaneous Communal,Barrie District Office,PHOSPHORUS; TOTAL,Approval/Permit Non-Compliance,04/01/2023,04/30/2023,0.1,mg/L,mon avg,1,0.285,0.285,Operational Process Modified,Event Resolved
RIOCAN HOLDINGS,Tanger Outlets Cookstown,"3311 COUNTY RD 89, INNISFIL, ON L0L 1L0",INNISFIL,Miscellaneous Communal,Barrie District Office,"SUSPENDED SOLIDS, TOTAL",Approval/Permit Non-Compliance,04/01/2023,04/30/2023,5,mg/L,mon avg,1,11,11,Operational Process Modified,Event Resolved
SOUTH BRUCE,Teeswater Wastewater Treatment Plant,"245 SIDEROAD 10A, TEESWATER, SOUTH BRUCE, ON N0G 2S0",SOUTH BRUCE,Municipal Sewage,Owen Sound District Office,PHOSPHORUS; TOTAL,Approval/Permit Non-Compliance,11/01/2023,11/30/2023,0.15,mg/L,mon avg,1,0.2,0.2,Operational Process Modified,Event Resolved
SOUTH BRUCE,Teeswater Wastewater Treatment Plant,"245 SIDEROAD 10A, TEESWATER, SOUTH BRUCE, ON N0G 2S0",SOUTH BRUCE,Municipal Sewage,Owen Sound District Office,"SUSPENDED SOLIDS, TOTAL",Approval/Permit Non-Compliance,11/01/2023,11/30/2023,10,mg/L,mon avg,1,14,14,Operational Process Modified,Event Resolved
SOUTH BRUCE,Teeswater Wastewater Treatment Plant,"245 SIDEROAD 10A, TEESWATER, SOUTH BRUCE, ON N0G 2S0",SOUTH BRUCE,Municipal Sewage,Owen Sound District Office,PHOSPHORUS; TOTAL,Approval/Permit Non-Compliance,10/01/2023,10/31/2023,0.15,mg/L,mon avg,1,0.18,0.18,Equipment Modified - Repaired - Replaced or Re-calibrated,Other Action Taken
TEMAGAMI,Temagami South Lagoon,"22 JACK GUPPY WAY S, TEMAGAMI, ON P0H 2H0",TEMAGAMI,Municipal Sewage,North Bay Area Office,"SUSPENDED SOLIDS, TOTAL",Approval/Permit Non-Compliance,05/10/2023,06/01/2023,71.9,kg/d,/season,1,86.8,86.8,New Equipment or Treatment Process Installed,Voluntary Compliance Underway
TEMAGAMI,Temagami South Lagoon,"22 JACK GUPPY WAY S, TEMAGAMI, ON P0H 2H0",TEMAGAMI,Municipal Sewage,North Bay Area Office,"SUSPENDED SOLIDS, TOTAL",Approval/Permit Non-Compliance,05/10/2023,06/01/2023,25,mg/L,/season,1,30.2,30.2,New Equipment or Treatment Process Installed,Voluntary Compliance Underway
OXFORD COUNTY,Thamesford Wastewater Treatment Plant,"10 MIDDLETON, ZORRA, ON N0M 2M0",ZORRA,Municipal Sewage,London District Office,TOTAL RESIDUAL CHLORINE,Approval/Permit Non-Compliance,05/15/2023,05/15/2023,0.02,mg/L,any,1,1.41,1.41,Equipment Modified - Repaired - Replaced or Re-calibrated,Voluntary Compliance Underway
CANADIAN SHIELD CONSULTANTS AGENCY INC.,The Den,"PART:1, PLAN:53R18621, INVERGARRY TOWNSHIP, UNORGANIZED, ON P0M 1W0",UNORGANIZED,Miscellaneous Communal,Timmins District Office,"SUSPENDED SOLIDS, TOTAL",Approval/Permit Non-Compliance,02/23/2023,02/23/2023,25,mg/L,any,1,26,26,Additional Monitoring Underway,Addressed w/o Intervention
CANADIAN SHIELD CONSULTANTS AGENCY INC.,The Den,"PART:1, PLAN:53R18621, INVERGARRY TOWNSHIP, UNORGANIZED, ON P0M 1W0",UNORGANIZED,Miscellaneous Communal,Timmins District Office,BIOCHEMICAL OXYGEN DEMAND,Legislation Non-Compliance,10/26/2023,10/26/2023,25,mg/L,/day,1,250,250,New/Amended Approval,Event Resolved
PETERBOROUGH STANDARD CONDOMINIUM CORPORATION #75,THE LANDING CONDOMINIUMS,"1579 ANSTRUTHER LAKE RD, NORTH KAWARTHA, ON K0L 1A0",NORTH KAWARTHA,Miscellaneous Communal,Peterborough District Office,PHOSPHORUS; TOTAL,Approval/Permit Non-Compliance,10/16/2023,10/16/2023,1,mg/L,any,1,2.53,2.53,Operational Process Modified,Voluntary Compliance Underway
PETERBOROUGH STANDARD CONDOMINIUM CORPORATION #75,THE LANDING CONDOMINIUMS,"1579 ANSTRUTHER LAKE RD, NORTH KAWARTHA, ON K0L 1A0",NORTH KAWARTHA,Miscellaneous Communal,Peterborough District Office,PHOSPHORUS; TOTAL,Approval/Permit Non-Compliance,12/11/2023,12/11/2023,1,mg/L,/mon,1,3.02,3.02,Additional Monitoring Underway,Voluntary Compliance Underway
PETERBOROUGH STANDARD CONDOMINIUM CORPORATION #75,THE LANDING CONDOMINIUMS,"1579 ANSTRUTHER LAKE RD, NORTH KAWARTHA, ON K0L 1A0",NORTH KAWARTHA,Miscellaneous Communal,Peterborough District Office,PHOSPHORUS; TOTAL,Approval/Permit Non-Compliance,11/14/2023,11/14/2023,1,mg/L,/week,1,2.77,2.77,Additional Monitoring Underway,Voluntary Compliance Underway
PETERBOROUGH STANDARD CONDOMINIUM CORPORATION #75,THE LANDING CONDOMINIUMS,"1579 ANSTRUTHER LAKE RD, NORTH KAWARTHA, ON K0L 1A0",NORTH KAWARTHA,Miscellaneous Communal,Peterborough District Office,PHOSPHORUS; TOTAL,Approval/Permit Non-Compliance,09/11/2023,09/11/2023,1,mg/L,any,1,1.62,1.62,Operational Process Modified,Addressed w/o Intervention
PETERBOROUGH STANDARD CONDOMINIUM CORPORATION #75,THE LANDING CONDOMINIUMS,"1579 ANSTRUTHER LAKE RD, NORTH KAWARTHA, ON K0L 1A0",NORTH KAWARTHA,Miscellaneous Communal,Peterborough District Office,PHOSPHORUS; TOTAL,Approval/Permit Non-Compliance,08/14/2023,08/14/2023,1,mg/L,/mon,1,1.24,1.24,Equipment Modified - Repaired - Replaced or Re-calibrated,Voluntary Compliance Underway
PETERBOROUGH STANDARD CONDOMINIUM CORPORATION #75,THE LANDING CONDOMINIUMS,"1579 ANSTRUTHER LAKE RD, NORTH KAWARTHA, ON K0L 1A0",NORTH KAWARTHA,Miscellaneous Communal,Peterborough District Office,PHOSPHORUS; TOTAL,Approval/Permit Non-Compliance,08/01/2023,08/01/2023,1,mg/L,/mon,1,1.66,1.66,Additional Monitoring Underway,Voluntary Compliance Underway
PETERBOROUGH STANDARD CONDOMINIUM CORPORATION #75,THE LANDING CONDOMINIUMS,"1579 ANSTRUTHER LAKE RD, NORTH KAWARTHA, ON K0L 1A0",NORTH KAWARTHA,Miscellaneous Communal,Peterborough District Office,PHOSPHORUS; TOTAL,Approval/Permit Non-Compliance,07/18/2023,07/18/2023,1,mg/L,/mon,1,1.19,1.19,Equipment Modified - Repaired - Replaced or Re-calibrated,Voluntary Compliance Underway
THAMES CENTRE,Thorndale WWTP,"1135 IDEAL DR, THORNDALE, THAMES CENTRE, ON N0M 2P0",Thames Centre,Municipal Sewage,London District Office,ESCHERICHIA COLI,Approval/Permit Non-Compliance,03/01/2023,03/31/2023,100,CT/100mL,mon avg on a geo. mean density,1,102.34,102.34,Action Plan Submitted,Voluntary Compliance Underway
THAMES CENTRE,Thorndale WWTP,"1135 IDEAL DR, THORNDALE, THAMES CENTRE, ON N0M 2P0",Thames Centre,Municipal Sewage,London District Office,"SUSPENDED SOLIDS, TOTAL",Approval/Permit Non-Compliance,04/01/2023,04/30/2023,10,mg/L,/mon,1,60,60,Resolved w/o Actions Required,Event Resolved
THAMES CENTRE,Thorndale WWTP,"1135 IDEAL DR, THORNDALE, THAMES CENTRE, ON N0M 2P0",Thames Centre,Municipal Sewage,London District Office,ESCHERICHIA COLI,Approval/Permit Non-Compliance,04/01/2023,04/30/2023,100,CT/100mL,mon avg on a geo. mean density,1,260,260,Resolved w/o Actions Required,Event Resolved
THAMES CENTRE,Thorndale WWTP,"1135 IDEAL DR, THORNDALE, THAMES CENTRE, ON N0M 2P0",Thames Centre,Municipal Sewage,London District Office,"SUSPENDED SOLIDS, TOTAL",Approval/Permit Non-Compliance,04/01/2023,04/30/2023,6.74,kg/d,/mon,1,29.9,29.9,Resolved w/o Actions Required,Event Resolved
CHATHAM-KENT PUBLIC UTILITIES COMMISSION,Tilbury Water Pollution Control Plant,"20925 CLOUTHIER ST, TILBURY, LAKESHORE, ON N0P 2L0",LAKESHORE,Municipal Sewage,Windsor Area Office,ESCHERICHIA COLI,Approval/Permit Non-Compliance,12/01/2023,12/31/2023,150,CT/100mL,mon avg on a geo. mean density,1,156,156,Other,Event Resolved
OXFORD COUNTY,Tillsonburg Wastewater Treatment Plant,"19 VAN ST, TILLSONBURG, ON N4G 2M7",Tillsonburg,Municipal Sewage,London District Office,"SUSPENDED SOLIDS, TOTAL",Approval/Permit Non-Compliance,03/01/2023,03/31/2023,25,mg/L,mon avg,1,28.7,28.7,Operational Process Modified,Voluntary Compliance Underway
TIMMINS,Timmins Airport,"4599 AIRPORT RD, TIMMINS, ON P4N 7C3",TIMMINS,Miscellaneous Communal,Timmins District Office,"SUSPENDED SOLIDS, TOTAL",Approval/Permit Non-Compliance,01/01/2023,12/31/2023,25,mg/L,annual avg,1,26.08,26.08,Equipment Modified - Repaired - Replaced or Re-calibrated,Event Resolved
TRITON WATER CANADA HOLDINGS INC.,Triton Water Canada Holdings Inc,"101 BROCK RD S, PUSLINCH, ON N0B 2J0",PUSLINCH,Miscellaneous Communal,Guelph District Office,NITROGEN; TOTAL,Approval/Permit Non-Compliance,04/17/2023,06/27/2023,10,mg/L,any,5,10.6,60.2,Operational Process Modified,Assessment Complete - No Action Required
TRITON WATER CANADA HOLDINGS INC.,Triton Water Canada Holdings Inc,"101 BROCK RD S, PUSLINCH, ON N0B 2J0",PUSLINCH,Miscellaneous Communal,Guelph District Office,TIN,Approval/Permit Non-Compliance,04/17/2023,06/12/2023,11.63,mg/L,any,4,17.9,60.2,Operational Process Modified,Assessment Complete - No Action Required
TWIN SPRINGS,TWIN SPRINGS CAMPING & COTTAGES,"99 4TH CONCESSION RD, BRANT COUNTY, ON N0E 1A0",BRANT COUNTY,Miscellaneous Communal,Guelph District Office,PHOSPHORUS; TOTAL,Approval/Permit Non-Compliance,06/01/2023,06/30/2023,0.017,kg/d,/mon,1,0.048,0.048,None Required,Assessment Complete - No Action Required
TWIN SPRINGS,TWIN SPRINGS CAMPING & COTTAGES,"99 4TH CONCESSION RD, BRANT COUNTY, ON N0E 1A0",BRANT COUNTY,Miscellaneous Communal,Guelph District Office,PHOSPHORUS; TOTAL,Approval/Permit Non-Compliance,06/01/2023,06/30/2023,0.1,mg/L,/mon,1,0.78,0.78,None Required,Assessment Complete - No Action Required
MATTICE-VAL CÔTÉ,Val Cote Lagoon,"LOT:15, CONCESSION:6, GEOTOWNSHIP:DEVITT, MATTICE-VAL COTE, ON ",MATTICE-VAL COTE,Municipal Sewage,Timmins District Office,PHOSPHORUS; TOTAL,Approval/Permit Non-Compliance,06/20/2023,06/20/2023,1,mg/L,3 consecutive samples,1,1.11,1.11,Action Plan Submitted,Voluntary Compliance Underway
BLACK RIVER-MATHESON,Val Gagne Lagoon,"Concession 6, Lot 8, Taylor Twp ",BLACK RIVER-MATHESON,Municipal Sewage,Timmins District Office,PHOSPHORUS; TOTAL,Approval/Permit Non-Compliance,04/13/2023,04/17/2023,1,mg/L,3 consecutive samples,1,1.13,1.13,Operational Process Modified,Addressed w/o Intervention
BLACK RIVER-MATHESON,Val Gagne Lagoon,"LOT 8, CONCESSION 6, TAYLOR TOWNSHIP",BLACK RIVER-MATHESON,Municipal Sewage,Timmins District Office,"SUSPENDED SOLIDS, TOTAL",Approval/Permit Non-Compliance,04/14/2023,07/04/2023,25, mg/L,3 consecutive samples,4,26.83,40.67,Action Plan Submitted,Assessment Underway
VAL RITA-HARTY,Val-Rita Lagoon,"8 DES AULNES AVE, VAL RITA, VAL RITA-HARTY, ON P0L 2G0",VAL RITA-HARTY,Municipal Sewage,Timmins District Office,"SUSPENDED SOLIDS, TOTAL",Legislation Non-Compliance,12/31/2023,12/31/2023,25,mg/L,annual avg,1,27.2,27.2,Action Plan Submitted,Voluntary Compliance Underway
MCGARRY,Virginiatown And Kearns Water Pollution Control Plant (Mcgarry),"MINING CLAIM MC L5414 PCL 348CST, MCGARRY, ON ",MCGARRY,Municipal Sewage,Timmins District Office,PHOSPHORUS; TOTAL,Approval/Permit Non-Compliance,01/01/2023,01/31/2023,0.5,mg/L,mon avg,1,1.36,1.36,Operational Process Modified,Addressed w/o Intervention
MCGARRY,Virginiatown And Kearns Water Pollution Control Plant (Mcgarry),"MINING CLAIM MC L5414 PCL 348CST, MCGARRY, ON ",MCGARRY,Municipal Sewage,Timmins District Office,PHOSPHORUS; TOTAL,Approval/Permit Non-Compliance,04/01/2023,04/30/2023,0.6,kg/d,mon avg,1,1.13,1.13,Resolved w/o Actions Required,Voluntary Compliance Underway
MCGARRY,Virginiatown And Kearns Water Pollution Control Plant (Mcgarry),"MINING CLAIM MC L5414 PCL 348CST, MCGARRY, ON ",MCGARRY,Municipal Sewage,Timmins District Office,"SUSPENDED SOLIDS, TOTAL",Approval/Permit Non-Compliance,04/01/2023,04/30/2023,28.4,kg/d,mon avg,1,39,39,Resolved w/o Actions Required,Voluntary Compliance Underway
CHATHAM-KENT PUBLIC UTILITIES COMMISSION,Wallaceburg Water Pollution Control Plant,"795 GILLARD ST, WALLACEBURG, CHATHAM-KENT, ON N8A 4Z5",CHATHAM-KENT,Municipal Sewage,Windsor Area Office,TOTAL AMMONIA NITROGEN,Approval/Permit Non-Compliance,04/01/2023,04/30/2023,1.5,mg/L,mon avg,1,2.6,2.6,Equipment Modified - Repaired - Replaced or Re-calibrated,Voluntary Compliance Underway
GREATER SUDBURY,Warren Lagoon,"LOT:12, CONCESSION:6, GEOTOWNSHIP:WARREN, MARKSTAY-WARREN, ON ",MARKSTAY-WARREN,Municipal Sewage,Sudbury District Office,"SUSPENDED SOLIDS, TOTAL",Approval/Permit Non-Compliance,10/30/2023,11/15/2023,40,mg/L,seasonal avg,1,51.9,51.9,Training Procedure Change,Addressed w/o Intervention
WASAGA BEACH,Wasaga Beach Water Pollution Control Plant,"30 WOODLAND DR, WASAGA BEACH, ON L9Z 2V5",WASAGA BEACH,Municipal Sewage,Barrie District Office,TOTAL AMMONIA NITROGEN,Approval/Permit Non-Compliance,07/04/2023,07/04/2023,1.1,mg/L,/day,1,1.4,1.4,Additional Monitoring Underway,Assessment Underway
WASAGA BEACH,Wasaga Beach Water Pollution Control Plant,"30 WOODLAND DR, WASAGA BEACH, ON L9Z 2V5",WASAGA BEACH,Municipal Sewage,Barrie District Office,TOTAL AMMONIA NITROGEN,Approval/Permit Non-Compliance,08/08/2023,08/08/2023,1.1,mg/L,/day,1,2.3,2.3,Additional Monitoring Underway,Addressed w/o Intervention
WASAGA BEACH,Wasaga Beach Water Pollution Control Plant,"30 WOODLAND DR, WASAGA BEACH, ON L9Z 2V5",WASAGA BEACH,Municipal Sewage,Barrie District Office,TOTAL AMMONIA NITROGEN,Approval/Permit Non-Compliance,05/30/2023,05/30/2023,1.1,mg/L,/day,1,2.5,2.5,Equipment Modified - Repaired - Replaced or Re-calibrated,Event Resolved
Regional Municipality of Waterloo,Waterloo Water Pollution Control Plant,"340 UNIVERSITY AVE E, WATERLOO, ON N2K 3M7",WATERLOO,Municipal Sewage,Guelph District Office,TOTAL AMMONIA NITROGEN,Approval/Permit Non-Compliance,09/01/2023,09/30/2023,1.8,mg/L,mon avg,1,1.86,1.86,Operational Process Modified,Voluntary Compliance Underway
WATERMARK DEVELOPMENT COMMUNAL WASTEWATER TREATMENT FACILITY,WATERMARK DEVELOPMENT COMMUNAL WASTEWATER TREATMENT FACILITY,"1 MONORA PARK DR, MONO, ON L0N 1L0",MONO,Miscellaneous Communal,Guelph District Office,"SUSPENDED SOLIDS, TOTAL",Approval/Permit Non-Compliance,06/01/2023,06/30/2023,10,mg/L,/mon,1,18.5,18.5,Additional Monitoring Underway,Voluntary Compliance Underway
WATERMARK DEVELOPMENT COMMUNAL WASTEWATER TREATMENT FACILITY,WATERMARK DEVELOPMENT COMMUNAL WASTEWATER TREATMENT FACILITY,"1 MONORA PARK DR, MONO, ON L0N 1L0",MONO,Miscellaneous Communal,Guelph District Office,NITROGEN; TOTAL,Approval/Permit Non-Compliance,06/01/2023,06/30/2023,5,mg/L,/mon,1,17.3,17.3,Additional Monitoring Underway,Voluntary Compliance Underway
WATERMARK DEVELOPMENT COMMUNAL WASTEWATER TREATMENT FACILITY,WATERMARK DEVELOPMENT COMMUNAL WASTEWATER TREATMENT FACILITY,"1 MONORA PARK DR, MONO, ON L0N 1L0",MONO,Miscellaneous Communal,Guelph District Office,BIOCHEMICAL OXYGEN DEMAND,Approval/Permit Non-Compliance,06/01/2023,06/30/2023,10,mg/L,/mon,1,24.8,24.8,Additional Monitoring Underway,Voluntary Compliance Underway
WATERMARK DEVELOPMENT COMMUNAL WASTEWATER TREATMENT FACILITY,WATERMARK DEVELOPMENT COMMUNAL WASTEWATER TREATMENT FACILITY,"1 MONORA PARK DR, MONO, ON L0N 1L0",MONO,Miscellaneous Communal,Guelph District Office,"SUSPENDED SOLIDS, TOTAL",Approval/Permit Non-Compliance,07/01/2023,07/31/2023,10,mg/L,/mon,1,16.7,16.7,Additional Monitoring Underway,Voluntary Compliance Underway
WATERMARK DEVELOPMENT COMMUNAL WASTEWATER TREATMENT FACILITY,WATERMARK DEVELOPMENT COMMUNAL WASTEWATER TREATMENT FACILITY,"1 MONORA PARK DR, MONO, ON L0N 1L0",MONO,Miscellaneous Communal,Guelph District Office,BIOCHEMICAL OXYGEN DEMAND,Approval/Permit Non-Compliance,07/01/2023,07/31/2023,10,mg/L,/mon,1,10.1,10.1,Additional Monitoring Underway,Voluntary Compliance Underway
WATERMARK DEVELOPMENT COMMUNAL WASTEWATER TREATMENT FACILITY,WATERMARK DEVELOPMENT COMMUNAL WASTEWATER TREATMENT FACILITY,"1 MONORA PARK DR, MONO, ON L0N 1L0",MONO,Miscellaneous Communal,Guelph District Office,"SUSPENDED SOLIDS, TOTAL",Approval/Permit Non-Compliance,08/01/2023,08/31/2023,10,mg/L,/mon,1,11.6,11.6,Additional Monitoring Underway,Voluntary Compliance Underway
WATERMARK DEVELOPMENT COMMUNAL WASTEWATER TREATMENT FACILITY,WATERMARK DEVELOPMENT COMMUNAL WASTEWATER TREATMENT FACILITY,"1 MONORA PARK DR, MONO, ON L0N 1L0",MONO,Miscellaneous Communal,Guelph District Office,NITROGEN; TOTAL,Approval/Permit Non-Compliance,09/01/2023,09/30/2023,5,mg/L,/mon,1,6.69,6.69,Additional Monitoring Underway,Voluntary Compliance Underway
WATERMARK DEVELOPMENT COMMUNAL WASTEWATER TREATMENT FACILITY,WATERMARK DEVELOPMENT COMMUNAL WASTEWATER TREATMENT FACILITY,"1 MONORA PARK DR, MONO, ON L0N 1L0",MONO,Miscellaneous Communal,Guelph District Office,"SUSPENDED SOLIDS, TOTAL",Approval/Permit Non-Compliance,11/01/2023,11/30/2023,10,mg/L,/mon,1,21.9,21.9,Additional Monitoring Underway,Voluntary Compliance Underway
WATERMARK DEVELOPMENT COMMUNAL WASTEWATER TREATMENT FACILITY,WATERMARK DEVELOPMENT COMMUNAL WASTEWATER TREATMENT FACILITY,"1 MONORA PARK DR, MONO, ON L0N 1L0",MONO,Miscellaneous Communal,Guelph District Office,"SUSPENDED SOLIDS, TOTAL",Approval/Permit Non-Compliance,12/01/2023,12/31/2023,10,mg/L,/mon,1,32.7,32.7,Additional Monitoring Underway,Voluntary Compliance Underway
WATERMARK DEVELOPMENT COMMUNAL WASTEWATER TREATMENT FACILITY,WATERMARK DEVELOPMENT COMMUNAL WASTEWATER TREATMENT FACILITY,"1 MONORA PARK DR, MONO, ON L0N 1L0",MONO,Miscellaneous Communal,Guelph District Office,PHOSPHORUS; TOTAL,Approval/Permit Non-Compliance,12/01/2023,12/31/2023,1,mg/L,/mon,1,1.26,1.26,Additional Monitoring Underway,Voluntary Compliance Underway
WATERMARK DEVELOPMENT COMMUNAL WASTEWATER TREATMENT FACILITY,WATERMARK DEVELOPMENT COMMUNAL WASTEWATER TREATMENT FACILITY,"1 MONORA PARK DR, MONO, ON L0N 1L0",MONO,Miscellaneous Communal,Guelph District Office,CARBONACEOUS BIOCHEMICAL OXYGEN DEMAND,Approval/Permit Non-Compliance,12/01/2023,12/31/2023,10,mg/L,/mon,1,11,11,Additional Monitoring Underway,Voluntary Compliance Underway
NIAGARA REGION,Welland Wastewater Treatment Plant,"505 RIVER RD, WELLAND, ON L3B 5N6",WELLAND,Municipal Sewage,Niagara District Office,"SUSPENDED SOLIDS, TOTAL",Approval/Permit Non-Compliance,11/01/2023,11/30/2023,25,mg/L,mon avg,1,27,27,Operational Process Modified,Assessment Underway
Regional Municipality of Waterloo,Wellesley Water Pollution Control Plant,"2165 GERBER RD, WELLESLEY, ON N0B 2T0",WELLESLEY,Municipal Sewage,Guelph District Office,"SUSPENDED SOLIDS, TOTAL",Approval/Permit Non-Compliance,02/01/2023,02/28/2023,16.5,kg/d,mon avg,1,41,41,Operational Process Modified,Voluntary Compliance Underway
Regional Municipality of Waterloo,Wellesley Water Pollution Control Plant,"2165 GERBER RD, WELLESLEY, ON N0B 2T0",WELLESLEY,Municipal Sewage,Guelph District Office,PHOSPHORUS; TOTAL,Approval/Permit Non-Compliance,02/01/2023,02/28/2023,0.5,mg/L,mon avg,1,0.94,0.94,Operational Process Modified,Voluntary Compliance Underway
Regional Municipality of Waterloo,Wellesley Water Pollution Control Plant,"2165 GERBER RD, WELLESLEY, ON N0B 2T0",WELLESLEY,Municipal Sewage,Guelph District Office,TOTAL AMMONIA NITROGEN,Approval/Permit Non-Compliance,02/01/2023,02/28/2023,0.75,mg/L,mon avg,1,3.8,3.8,Operational Process Modified,Voluntary Compliance Underway
Regional Municipality of Waterloo,Wellesley Water Pollution Control Plant,"2165 GERBER RD, WELLESLEY, ON N0B 2T0",WELLESLEY,Municipal Sewage,Guelph District Office,TOTAL AMMONIA NITROGEN,Approval/Permit Non-Compliance,02/01/2023,02/28/2023,0.82,kg/d,mon avg,1,4.2,4.2,Operational Process Modified,Voluntary Compliance Underway
Regional Municipality of Waterloo,Wellesley Water Pollution Control Plant,"2165 GERBER RD, WELLESLEY, ON N0B 2T0",WELLESLEY,Municipal Sewage,Guelph District Office,PHOSPHORUS; TOTAL,Approval/Permit Non-Compliance,02/01/2023,02/28/2023,0.55,kg/d,mon avg,1,1,1,Operational Process Modified,Voluntary Compliance Underway
Regional Municipality of Waterloo,Wellesley Water Pollution Control Plant,"2165 GERBER RD, WELLESLEY, ON N0B 2T0",WELLESLEY,Municipal Sewage,Guelph District Office,CARBONACEOUS BIOCHEMICAL OXYGEN DEMAND,Approval/Permit Non-Compliance,02/01/2023,02/28/2023,15,mg/L,mon avg,1,15.7,15.7,Operational Process Modified,Voluntary Compliance Underway
Regional Municipality of Waterloo,Wellesley Water Pollution Control Plant,"2165 GERBER RD, WELLESLEY, ON N0B 2T0",WELLESLEY,Municipal Sewage,Guelph District Office,CARBONACEOUS BIOCHEMICAL OXYGEN DEMAND,Approval/Permit Non-Compliance,02/01/2023,02/28/2023,16.5,kg/d,mon avg,1,17.2,17.2,Operational Process Modified,Voluntary Compliance Underway
Regional Municipality of Waterloo,Wellesley Water Pollution Control Plant,"2165 GERBER RD, WELLESLEY, ON N0B 2T0",WELLESLEY,Municipal Sewage,Guelph District Office,"SUSPENDED SOLIDS, TOTAL",Approval/Permit Non-Compliance,02/01/2023,02/28/2023,15,mg/L,mon avg,1,37.5,37.5,Operational Process Modified,Voluntary Compliance Underway
Regional Municipality of Waterloo,Wellesley Water Pollution Control Plant,"2165 GERBER RD, WELLESLEY, ON N0B 2T0",WELLESLEY,Municipal Sewage,Guelph District Office,ESCHERICHIA COLI,Approval/Permit Non-Compliance,01/01/2023,01/31/2023,200,CT/100mL,mon avg on a geo. mean density,1,1216,1216,Operational Process Modified,Assessment Complete - No Action Required
SEVERN,West Shore Water Pollution Control Plant,"3333 NEW BRAILEY LINE, ORILLIA, SEVERN, ON L3V 6H3",SEVERN,Municipal Sewage,Barrie District Office,PHOSPHORUS; TOTAL,Approval/Permit Non-Compliance,01/01/2023,01/31/2023,0.15,mg/L,/mon,1,0.18,0.18,Operational Process Modified,Addressed w/o Intervention
SEVERN,West Shore Water Pollution Control Plant,"3333 NEW BRAILEY LINE, ORILLIA, SEVERN, ON L3V 6H3",SEVERN,Municipal Sewage,Barrie District Office,TOTAL AMMONIA NITROGEN,Approval/Permit Non-Compliance,02/01/2023,02/28/2023,7,mg/L,/mon,1,8,8,Operational Process Modified,Addressed w/o Intervention
SEVERN,West Shore Water Pollution Control Plant,"3333 NEW BRAILEY LINE, ORILLIA, SEVERN, ON L3V 6H3",SEVERN,Municipal Sewage,Barrie District Office,PHOSPHORUS; TOTAL,Approval/Permit Non-Compliance,03/01/2023,03/31/2023,0.15,mg/L,/mon,1,0.17,0.17,Operational Process Modified,Addressed w/o Intervention
LEEDS CONDOMINIUM CORPORATION #7,WHITE HOUSE CONDOMINIUM,"808 RIVERVIEW LANE, ELIZABETHTOWN-KITLEY, ON K6V 7G5",ELIZABETHTOWN-KITLEY,Miscellaneous Communal,Kingston District Office,ESCHERICHIA COLI,Approval/Permit Non-Compliance,01/01/2023,01/31/2023,150,CT/100mL,/mon,1,622,622,Equipment Modified - Repaired - Replaced or Re-calibrated,Addressed w/o Intervention
LEEDS CONDOMINIUM CORPORATION #7,WHITE HOUSE CONDOMINIUM,"808 RIVERVIEW LANE, ELIZABETHTOWN-KITLEY, ON K6V 7G5",ELIZABETHTOWN-KITLEY,Miscellaneous Communal,Kingston District Office,"SUSPENDED SOLIDS, TOTAL",Approval/Permit Non-Compliance,01/01/2023,01/31/2023,25,mg/L,mon avg,1,144,144,Equipment Modified - Repaired - Replaced or Re-calibrated,Addressed w/o Intervention
TIMMINS,Whitney & Tisdale Water Pollution Control Plant,"815 GERVAIS ST, TIMMINS, ON P0N 1C0",TIMMINS,Municipal Sewage,Timmins District Office,PHOSPHORUS; TOTAL,Policy/Guidance/ Non-Conf.,01/01/2023,12/31/2023,1,mg/L,annual avg,1,1.02,1.02,Action Plan Submitted,Voluntary Compliance Underway
SOUTH DUNDAS,Williamsburg Lagoon,"12319 COUNTY RD 18, WILLIAMBURG, SOUTH DUNDAS, ON K0C 2H0",SOUTH DUNDAS,Municipal Sewage,Cornwall Area Office,"SUSPENDED SOLIDS, TOTAL",Approval/Permit Non-Compliance,01/01/2023,12/31/2023,30,mg/L,/annum,1,53,53,Resolved w/o Actions Required,Event Resolved
WOODSLEE ESTATES,Woodslee Estates Sewage Treatment Plant,"1766 ORIOLE PARK DR, WOODSLEE, LAKESHORE, ON N0R 1V0",LAKESHORE,Municipal Sewage,Windsor Area Office,"SUSPENDED SOLIDS, TOTAL",Approval/Permit Non-Compliance,12/01/2023,12/31/2023,10,mg/L,mon avg,1,10.67,10.67,Additional Monitoring Underway,Event Resolved
WOODSLEE ESTATES,Woodslee Estates Sewage Treatment Plant,"1766 ORIOLE PARK DR, WOODSLEE, LAKESHORE, ON N0R 1V0",LAKESHORE,Municipal Sewage,Windsor Area Office,TOTAL AMMONIA NITROGEN,Approval/Permit Non-Compliance,12/01/2023,12/31/2023,0.63,kg/d,mon avg,1,1.56,1.56,Additional Monitoring Underway,Event Resolved
WOODSLEE ESTATES,Woodslee Estates Sewage Treatment Plant,"1766 ORIOLE PARK DR, WOODSLEE, LAKESHORE, ON N0R 1V0",LAKESHORE,Municipal Sewage,Windsor Area Office,TOTAL AMMONIA NITROGEN,Approval/Permit Non-Compliance,12/01/2023,12/31/2023,3,mg/L,mon avg,1,27.3,27.3,Additional Monitoring Underway,Event Resolved
WOODSLEE ESTATES,Woodslee Estates Sewage Treatment Plant,"1766 ORIOLE PARK DR, WOODSLEE, LAKESHORE, ON N0R 1V0",LAKESHORE,Municipal Sewage,Windsor Area Office,PHOSPHORUS; TOTAL,Approval/Permit Non-Compliance,12/01/2023,12/31/2023,0.3,mg/L,mon avg,1,0.56,0.56,Additional Monitoring Underway,Event Resolved
WOODSLEE ESTATES,Woodslee Estates Sewage Treatment Plant,"1766 ORIOLE PARK DR, WOODSLEE, LAKESHORE, ON N0R 1V0",LAKESHORE,Municipal Sewage,Windsor Area Office,CARBONACEOUS BIOCHEMICAL OXYGEN DEMAND,Approval/Permit Non-Compliance,12/01/2023,12/31/2023,10,mg/L,mon avg,1,14.67,14.67,Additional Monitoring Underway,Event Resolved
OXFORD COUNTY,Woodstock Water Pollution Control Plant,"195 ADMIRAL ST, WOODSTOCK, ON N4S 7W1",WOODSTOCK,Municipal Sewage,London District Office,"SUSPENDED SOLIDS, TOTAL",Approval/Permit Non-Compliance,10/01/2023,10/31/2023,15,mg/L,mon avg,1,16.8,16.8,Operational Process Modified,Voluntary Compliance Underway
HAMILTON,Woodward Ave Wastewater Treatment Plant,"700 WOODWARD AVE, HAMILTON, ON L8H 6P4",HAMILTON,Municipal Sewage,Hamilton District Office,TOTAL RESIDUAL CHLORINE,Approval/Permit Non-Compliance,05/09/2023,05/09/2023,0.02,mg/L,/day,1,0.81,0.81,Equipment Modified - Repaired - Replaced or Re-calibrated,Voluntary Compliance Underway
HAMILTON,Woodward Ave Wastewater Treatment Plant,"700 WOODWARD AVE, HAMILTON, ON L8H 6P4",HAMILTON,Municipal Sewage,Hamilton District Office,TOTAL RESIDUAL CHLORINE,Approval/Permit Non-Compliance,05/18/2023,05/18/2023,0.02,mg/L,any,1,0.03,0.03,Operational Process Modified,Assessment Complete - Incident Resolved
HAMILTON,Woodward Ave Wastewater Treatment Plant,"700 WOODWARD AVE, HAMILTON, ON L8H 6P4",HAMILTON,Municipal Sewage,Hamilton District Office,TOTAL RESIDUAL CHLORINE,Approval/Permit Non-Compliance,10/15/2023,10/15/2023,0.02,mg/L,any,1,0.15,0.15,Operational Process Modified,Assessment Complete - No Action Required
BLUEWATER,Zurich Lagoon,"Lot 19, Concession 10, Community of Zurich
Bluewater Municipality, County of Huron, N0M 2T0",Huron,Municipal Sewage,Sarnia District Office,TOTAL AMMONIA NITROGEN,Approval/Permit Non-Compliance,03/01/2023,03/31/2023,5,mg/L,mon avg,1,5.4,5.4,Operational Process Modified,Event Resolved
BLUEWATER,Zurich Lagoon,"Lot 19, Concession 10, Community of Zurich
Bluewater Municipality, County of Huron, N0M 2T0",Huron,Municipal Sewage,Sarnia District Office,TOTAL AMMONIA NITROGEN,Approval/Permit Non-Compliance,10/01/2023,10/31/2023,3,mg/L,mon avg,1,3.1,3.1,Operational Process Modified,Event Resolved
"Ces données sont fournies à titre d’information seulement. Les installations responsables des rejets ont fourni la plupart des données de ce sommaire. Ces installations sont responsables de l’exactitude des données fournies. Certaines données sont aussi dérivées des données du ministère sur les rejets. Les mesures prises par les installations et par le ministère étaient à jour en Septembre 2024. Pour obtenir des données actualisées, veuillez contacter le bureau de district ou de secteur concerné.",,,,,,,,,,,,,,,,,
